rank,scats_site,total_volume,months_present,first_month,last_month,avg_monthly_volume,max_monthly_volume,best_month,best_month_volume,percent_of_network,cumulative_volume,cumulative_percent,percentile_band
1,4415,674498771,147,2014-01,2026-04,4588427.01,5171583,2024-10,5171583,0.125134,674498771,0.125134,Top 1%
2,3380,638170425,147,2014-01,2026-04,4341295.41,5623984,2019-10,5623984,0.118394,1312669196,0.243529,Top 1%
3,2404,560184622,147,2014-01,2026-04,3810779.74,4564372,2014-08,4564372,0.103926,1872853818,0.347455,Top 1%
4,849,548183949,147,2014-01,2026-04,3729142.51,4709610,2021-05,4709610,0.1017,2421037767,0.449155,Top 1%
5,1359,546970945,147,2014-01,2026-04,3720890.78,12236931,2017-04,12236931,0.101475,2968008712,0.55063,Top 1%
6,2487,544715773,147,2014-01,2026-04,3705549.48,4174126,2018-10,4174126,0.101057,3512724485,0.651686,Top 1%
7,3386,543973902,147,2014-01,2026-04,3700502.73,4235558,2017-03,4235558,0.100919,4056698387,0.752605,Top 1%
8,2405,518575823,147,2014-01,2026-04,3527726.69,4018888,2019-03,4018888,0.096207,4575274210,0.848812,Top 1%
9,3519,513927484,147,2014-01,2026-04,3496105.33,4043387,2019-10,4043387,0.095345,5089201694,0.944157,Top 1%
10,416,505992688,147,2014-01,2026-04,3442127.13,4005976,2017-03,4005976,0.093873,5595194382,1.03803,Top 1%
11,2101,497445056,147,2014-01,2026-04,3383979.97,4481475,2023-03,4481475,0.092287,6092639438,1.130316,Top 1%
12,855,497003865,147,2014-01,2026-04,3380978.67,3947622,2016-11,3947622,0.092205,6589643303,1.222521,Top 1%
13,3357,495736142,147,2014-01,2026-04,3372354.71,3951812,2019-10,3951812,0.09197,7085379445,1.314491,Top 1%
14,3516,494139005,147,2014-01,2026-04,3361489.83,3941371,2025-10,3941371,0.091673,7579518450,1.406165,Top 1%
15,3060,492433092,147,2014-01,2026-04,3349884.98,3842180,2025-10,3842180,0.091357,8071951542,1.497522,Top 1%
16,2816,491145042,147,2014-01,2026-04,3341122.73,4127796,2025-10,4127796,0.091118,8563096584,1.58864,Top 1%
17,3393,489568230,147,2014-01,2026-04,3330396.12,5419559,2018-05,5419559,0.090825,9052664814,1.679465,Top 1%
18,3376,488890200,147,2014-01,2026-04,3325783.67,4534060,2025-10,4534060,0.0907,9541555014,1.770165,Top 1%
19,415,488718913,147,2014-01,2026-04,3324618.46,3737399,2016-07,3737399,0.090668,10030273927,1.860833,Top 1%
20,414,486344942,147,2014-01,2026-04,3308468.99,3719078,2018-10,3719078,0.090228,10516618869,1.95106,Top 1%
21,2929,485057518,147,2014-01,2026-04,3299711.01,4514522,2023-07,4514522,0.089989,11001676387,2.041049,Top 1%
22,4035,478691176,147,2014-01,2026-04,3256402.56,5179024,2025-03,5179024,0.088808,11480367563,2.129856,Top 1%
23,2438,470322516,147,2014-01,2026-04,3199472.9,5489275,2017-05,5489275,0.087255,11950690079,2.217111,Top 1%
24,3052,468472268,147,2014-01,2026-04,3186886.18,3799977,2025-03,3799977,0.086912,12419162347,2.304023,Top 1%
25,3381,460540614,147,2014-01,2026-04,3132929.35,3728104,2025-10,3728104,0.08544,12879702961,2.389463,Top 1%
26,2403,456674810,147,2014-01,2026-04,3106631.36,3629316,2019-03,3629316,0.084723,13336377771,2.474187,Top 1%
27,3360,452364288,147,2014-01,2026-04,3077308.08,5604686,2017-01,5604686,0.083923,13788742059,2.55811,Top 1%
28,3385,449217059,147,2014-01,2026-04,3055898.36,3951516,2025-08,3951516,0.083339,14237959118,2.641449,Top 1%
29,2326,444606362,147,2014-01,2026-04,3024533.07,3887329,2019-05,3887329,0.082484,14682565480,2.723933,Top 1%
30,2316,432349576,147,2014-01,2026-04,2941153.58,3346830,2017-10,3346830,0.08021,15114915056,2.804144,Top 1%
31,2985,431212288,147,2014-01,2026-04,2933416.93,4442330,2026-03,4442330,0.079999,15546127344,2.884143,Top 1%
32,538,428564669,147,2014-01,2026-04,2915405.91,3353745,2018-05,3353745,0.079508,15974692013,2.963651,Top 1%
33,3059,424979480,147,2014-01,2026-04,2891016.87,3440585,2025-10,3440585,0.078843,16399671493,3.042494,Top 1%
34,2420,424321860,147,2014-01,2026-04,2886543.27,6002980,2018-09,6002980,0.078721,16823993353,3.121215,Top 1%
35,3392,421387756,147,2014-01,2026-04,2866583.37,3945259,2025-03,3945259,0.078177,17245381109,3.199391,Top 1%
36,2628,418491452,147,2014-01,2026-04,2846880.63,6187828,2019-07,6187828,0.077639,17663872561,3.27703,Top 1%
37,2173,416360476,147,2014-01,2026-04,2832384.19,4032203,2017-05,4032203,0.077244,18080233037,3.354274,Top 1%
38,3382,415850171,147,2014-01,2026-04,2828912.73,3549923,2023-05,3549923,0.077149,18496083208,3.431423,Top 1%
39,2329,415125460,147,2014-01,2026-04,2823982.72,5176562,2024-05,5176562,0.077015,18911208668,3.508438,Top 1%
40,3383,414910027,147,2014-01,2026-04,2822517.19,3642270,2017-03,3642270,0.076975,19326118695,3.585413,Top 1%
41,4742,411127240,147,2014-01,2026-04,2796783.95,3569618,2024-10,3569618,0.076273,19737245935,3.661686,Top 1%
42,117,410542112,147,2014-01,2026-04,2792803.48,4358054,2020-02,4358054,0.076164,20147788047,3.73785,Top 1%
43,2843,410170343,147,2014-01,2026-04,2790274.44,4268188,2023-05,4268188,0.076095,20557958390,3.813946,Top 1%
44,948,409360248,147,2014-01,2026-04,2784763.59,3314536,2025-08,3314536,0.075945,20967318638,3.889891,Top 1%
45,3735,407474384,147,2014-01,2026-04,2771934.59,3208199,2017-03,3208199,0.075595,21374793022,3.965486,Top 1%
46,3681,406633229,147,2014-01,2026-04,2766212.44,3492699,2025-10,3492699,0.075439,21781426251,4.040926,Top 1%
47,2100,404076099,147,2014-01,2026-04,2748817.0,3212511,2017-03,3212511,0.074965,22185502350,4.115891,Top 1%
48,2337,403381671,147,2014-01,2026-04,2744093.0,3110562,2025-10,3110562,0.074836,22588884021,4.190727,Top 5%
49,2701,402877256,147,2014-01,2026-04,2740661.61,3079861,2025-03,3079861,0.074742,22991761277,4.265469,Top 5%
50,3384,401283844,147,2014-01,2026-04,2729822.07,3128559,2025-10,3128559,0.074447,23393045121,4.339916,Top 5%
51,2425,398573117,147,2014-01,2026-04,2711381.75,4840110,2014-02,4840110,0.073944,23791618238,4.41386,Top 5%
52,2833,392587227,143,2014-01,2025-12,2745365.22,3186190,2019-10,3186190,0.072833,24184205465,4.486693,Top 5%
53,2416,391219605,147,2014-01,2026-04,2661357.86,3078666,2019-10,3078666,0.07258,24575425070,4.559273,Top 5%
54,2157,389651351,147,2014-01,2026-04,2650689.46,3486500,2025-03,3486500,0.072289,24965076421,4.631562,Top 5%
55,2315,387977284,147,2014-01,2026-04,2639301.25,3330697,2017-03,3330697,0.071978,25353053705,4.70354,Top 5%
56,2614,387494577,147,2014-01,2026-04,2636017.53,3444857,2025-10,3444857,0.071889,25740548282,4.775428,Top 5%
57,2421,387026675,147,2014-01,2026-04,2632834.52,3890062,2025-10,3890062,0.071802,26127574957,4.84723,Top 5%
58,3390,385989403,147,2014-01,2026-04,2625778.25,2932977,2019-08,2932977,0.071609,26513564360,4.91884,Top 5%
59,2103,385146382,147,2014-01,2026-04,2620043.41,3004930,2017-03,3004930,0.071453,26898710742,4.990293,Top 5%
60,2868,383329373,147,2014-01,2026-04,2607682.81,3335599,2025-10,3335599,0.071116,27282040115,5.061409,Top 5%
61,5296,381968735,147,2014-01,2026-04,2598426.77,3893238,2025-03,3893238,0.070863,27664008850,5.132272,Top 5%
62,2406,381814908,147,2014-01,2026-04,2597380.33,2997668,2023-03,2997668,0.070835,28045823758,5.203107,Top 5%
63,4711,381289235,147,2014-01,2026-04,2593804.32,3054727,2025-10,3054727,0.070737,28427112993,5.273844,Top 5%
64,195,380350457,147,2014-01,2026-04,2587418.07,3140491,2021-12,3140491,0.070563,28807463450,5.344408,Top 5%
65,1144,379896684,147,2014-01,2026-04,2584331.18,2930828,2016-11,2930828,0.070479,29187360134,5.414887,Top 5%
66,429,379284312,147,2014-01,2026-04,2580165.39,3011403,2019-10,3011403,0.070365,29566644446,5.485252,Top 5%
67,999,377759395,147,2014-01,2026-04,2569791.8,3051000,2016-12,3051000,0.070083,29944403841,5.555335,Top 5%
68,1156,377073282,147,2014-01,2026-04,2565124.37,3103591,2023-11,3103591,0.069955,30321477123,5.62529,Top 5%
69,2407,375739484,147,2014-01,2026-04,2556050.91,2947193,2018-10,2947193,0.069708,30697216607,5.694998,Top 5%
70,3671,375708270,147,2014-01,2026-04,2555838.57,2856153,2025-10,2856153,0.069702,31072924877,5.7647,Top 5%
71,2172,375339204,147,2014-01,2026-04,2553327.92,3050446,2024-10,3050446,0.069634,31448264081,5.834333,Top 5%
72,2422,374935276,147,2014-01,2026-04,2550580.11,3116644,2025-10,3116644,0.069559,31823199357,5.903892,Top 5%
73,3706,374815046,147,2014-01,2026-04,2549762.22,3109200,2017-12,3109200,0.069536,32198014403,5.973428,Top 5%
74,4169,373067435,147,2014-01,2026-04,2537873.71,2963235,2016-08,2963235,0.069212,32571081838,6.04264,Top 5%
75,4461,372247743,147,2014-01,2026-04,2532297.57,2932853,2017-03,2932853,0.06906,32943329581,6.1117,Top 5%
76,2020,372199007,147,2014-01,2026-04,2531966.03,2936924,2017-05,2936924,0.069051,33315528588,6.180751,Top 5%
77,4187,371012670,147,2014-01,2026-04,2523895.71,3159005,2021-03,3159005,0.068831,33686541258,6.249582,Top 5%
78,2827,370582073,147,2014-01,2026-04,2520966.48,3272840,2014-10,3272840,0.068751,34057123331,6.318333,Top 5%
79,2336,368801497,147,2014-01,2026-04,2508853.72,2920025,2024-12,2920025,0.068421,34425924828,6.386754,Top 5%
80,4381,368514266,147,2014-01,2026-04,2506899.77,3810753,2014-04,3810753,0.068367,34794439094,6.455121,Top 5%
81,2104,367296762,147,2014-01,2026-04,2498617.43,2894548,2024-10,2894548,0.068141,35161735856,6.523262,Top 5%
82,2412,366473067,147,2014-01,2026-04,2493014.06,2933680,2019-10,2933680,0.067989,35528208923,6.591251,Top 5%
83,2613,365991541,147,2014-01,2026-04,2489738.37,2777566,2019-10,2777566,0.067899,35894200464,6.659151,Top 5%
84,4155,365437068,147,2014-01,2026-04,2485966.45,3071712,2017-03,3071712,0.067796,36259637532,6.726947,Top 5%
85,2302,364909593,147,2014-01,2026-04,2482378.18,3444909,2025-03,3444909,0.067699,36624547125,6.794646,Top 5%
86,3198,363923761,146,2014-01,2026-04,2492628.5,3035865,2022-08,3035865,0.067516,36988470886,6.862161,Top 5%
87,3174,362999983,147,2014-01,2026-04,2469387.64,3148843,2026-03,3148843,0.067344,37351470869,6.929506,Top 5%
88,2424,361274463,147,2014-01,2026-04,2457649.41,3389212,2024-05,3389212,0.067024,37712745332,6.99653,Top 5%
89,2161,357753587,147,2014-01,2026-04,2433697.87,2932119,2022-03,2932119,0.066371,38070498919,7.062901,Top 5%
90,3056,354941351,147,2014-01,2026-04,2414567.01,4221046,2014-10,4221046,0.065849,38425440270,7.12875,Top 5%
91,2437,354411127,147,2014-01,2026-04,2410960.05,3015954,2017-12,3015954,0.065751,38779851397,7.194501,Top 5%
92,2309,354290866,147,2014-01,2026-04,2410141.95,3211881,2025-03,3211881,0.065729,39134142263,7.26023,Top 5%
93,202,352422511,147,2014-01,2026-04,2397432.05,2720446,2014-10,2720446,0.065382,39486564774,7.325612,Top 5%
94,3022,352302804,147,2014-01,2026-04,2396617.71,3212070,2019-10,3212070,0.06536,39838867578,7.390972,Top 5%
95,2918,352085251,147,2014-01,2026-04,2395137.76,3332537,2019-05,3332537,0.065319,40190952829,7.456291,Top 5%
96,408,351742972,147,2014-01,2026-04,2392809.33,3150431,2024-05,3150431,0.065256,40542695801,7.521547,Top 5%
97,2408,350979736,147,2014-01,2026-04,2387617.25,2789668,2019-10,2789668,0.065114,40893675537,7.586661,Top 5%
98,2325,350367083,147,2014-01,2026-04,2383449.54,2869652,2018-05,2869652,0.065001,41244042620,7.651662,Top 5%
99,417,349674249,147,2014-01,2026-04,2378736.39,3255419,2016-04,3255419,0.064872,41593716869,7.716534,Top 5%
100,2409,348853457,147,2014-01,2026-04,2373152.77,3067159,2019-10,3067159,0.06472,41942570326,7.781254,Top 5%
101,2320,347501419,147,2014-01,2026-04,2363955.23,2765212,2018-08,2765212,0.064469,42290071745,7.845723,Top 5%
102,2312,344490057,147,2014-01,2026-04,2343469.78,2810211,2018-07,2810211,0.06391,42634561802,7.909633,Top 5%
103,3389,344377178,147,2014-01,2026-04,2342701.89,2811889,2019-03,2811889,0.063889,42978938980,7.973523,Top 5%
104,2430,344220706,147,2014-01,2026-04,2341637.46,2833929,2018-03,2833929,0.06386,43323159686,8.037383,Top 5%
105,3701,342510963,147,2014-01,2026-04,2330006.55,2594807,2025-03,2594807,0.063543,43665670649,8.100926,Top 5%
106,4734,342450502,147,2014-01,2026-04,2329595.25,2631050,2019-03,2631050,0.063532,44008121151,8.164458,Top 5%
107,725,342262233,144,2014-01,2026-04,2376821.06,3462015,2014-02,3462015,0.063497,44350383384,8.227955,Top 5%
108,2756,342029645,147,2014-01,2026-04,2326732.28,2875230,2019-10,2875230,0.063454,44692413029,8.291409,Top 5%
109,432,341324337,147,2014-01,2026-04,2321934.27,2709355,2017-10,2709355,0.063323,45033737366,8.354732,Top 5%
110,604,340669484,147,2014-01,2026-04,2317479.48,2649594,2017-03,2649594,0.063202,45374406850,8.417934,Top 5%
111,1197,339931084,147,2014-01,2026-04,2312456.35,4529531,2022-05,4529531,0.063065,45714337934,8.480998,Top 5%
112,3689,339858763,147,2014-01,2026-04,2311964.37,2665966,2026-03,2665966,0.063051,46054196697,8.54405,Top 5%
113,3075,339736344,147,2014-01,2026-04,2311131.59,2732620,2024-03,2732620,0.063028,46393933041,8.607078,Top 5%
114,3088,339541628,147,2014-01,2026-04,2309806.99,2666105,2024-10,2666105,0.062992,46733474669,8.67007,Top 5%
115,2627,338248403,147,2014-01,2026-04,2301009.54,2825825,2025-10,2825825,0.062752,47071723072,8.732823,Top 5%
116,3172,338248138,147,2014-01,2026-04,2301007.74,2772477,2017-03,2772477,0.062752,47409971210,8.795575,Top 5%
117,2108,338162854,147,2014-01,2026-04,2300427.58,2607216,2019-08,2607216,0.062737,47748134064,8.858312,Top 5%
118,121,336243923,147,2014-01,2026-04,2287373.63,3466914,2024-03,3466914,0.062381,48084377987,8.920692,Top 5%
119,3693,335728570,147,2014-01,2026-04,2283867.82,2785280,2019-03,2785280,0.062285,48420106557,8.982977,Top 5%
120,456,335637786,147,2014-01,2026-04,2283250.24,2618929,2019-10,2618929,0.062268,48755744343,9.045245,Top 5%
121,256,335502364,147,2014-01,2026-04,2282329.01,2935303,2024-03,2935303,0.062243,49091246707,9.107488,Top 5%
122,4562,335176664,147,2014-01,2026-04,2280113.36,3352610,2014-05,3352610,0.062183,49426423371,9.169671,Top 5%
123,164,334678369,147,2014-01,2026-04,2276723.6,2598132,2019-10,2598132,0.06209,49761101740,9.231761,Top 5%
124,2411,334148208,147,2014-01,2026-04,2273117.06,2838141,2019-10,2838141,0.061992,50095249948,9.293752,Top 5%
125,2419,334144748,147,2014-01,2026-04,2273093.52,2651080,2019-10,2651080,0.061991,50429394696,9.355743,Top 5%
126,3361,333077543,147,2014-01,2026-04,2265833.63,2797461,2014-03,2797461,0.061793,50762472239,9.417537,Top 5%
127,126,332820160,147,2014-01,2026-04,2264082.72,2685256,2014-03,2685256,0.061745,51095292399,9.479282,Top 5%
128,2899,332753089,129,2014-01,2024-10,2579481.31,3191730,2018-11,3191730,0.061733,51428045488,9.541015,Top 5%
129,2321,332405549,147,2014-01,2026-04,2261262.24,2692005,2019-10,2692005,0.061668,51760451037,9.602683,Top 5%
130,3744,331777097,147,2014-01,2026-04,2256987.05,2665802,2019-10,2665802,0.061552,52092228134,9.664235,Top 5%
131,3016,329501897,147,2014-01,2026-04,2241509.5,2685707,2019-10,2685707,0.06113,52421730031,9.725365,Top 5%
132,3541,328965579,147,2014-01,2026-04,2237861.08,2762824,2014-03,2762824,0.06103,52750695610,9.786395,Top 5%
133,2003,327062560,147,2014-01,2026-04,2224915.37,2580888,2018-05,2580888,0.060677,53077758170,9.847072,Top 5%
134,4975,326298524,147,2014-01,2026-04,2219717.85,2986469,2018-10,2986469,0.060535,53404056694,9.907608,Top 5%
135,3064,326109276,147,2014-01,2026-04,2218430.45,2690670,2023-03,2690670,0.0605,53730165970,9.968108,Top 5%
136,4382,325961212,147,2014-01,2026-04,2217423.21,2740813,2019-08,2740813,0.060473,54056127182,10.028581,Top 5%
137,4901,325605948,147,2014-01,2026-04,2215006.45,2600595,2019-03,2600595,0.060407,54381733130,10.088988,Top 5%
138,4902,325325591,147,2014-01,2026-04,2213099.26,6121033,2017-02,6121033,0.060355,54707058721,10.149343,Top 5%
139,2306,325236056,147,2014-01,2026-04,2212490.18,4165658,2014-10,4165658,0.060338,55032294777,10.209681,Top 5%
140,867,324797828,147,2014-01,2026-04,2209509.03,2550188,2025-10,2550188,0.060257,55357092605,10.269938,Top 5%
141,2169,324079205,147,2014-01,2026-04,2204620.44,2686389,2025-10,2686389,0.060124,55681171810,10.330062,Top 5%
142,2002,324076527,147,2014-01,2026-04,2204602.22,2667472,2018-05,2667472,0.060123,56005248337,10.390185,Top 5%
143,185,323703233,147,2014-01,2026-04,2202062.81,3462746,2018-05,3462746,0.060054,56328951570,10.450239,Top 5%
144,869,323306152,147,2014-01,2026-04,2199361.58,2530631,2015-12,2530631,0.05998,56652257722,10.510219,Top 5%
145,5079,322643882,147,2014-01,2026-04,2194856.34,3290158,2025-10,3290158,0.059857,56974901604,10.570077,Top 5%
146,4380,322074065,147,2014-01,2026-04,2190980.03,2529100,2024-10,2529100,0.059752,57296975669,10.629828,Top 5%
147,2498,321827244,147,2014-01,2026-04,2189300.98,2910721,2014-12,2910721,0.059706,57618802913,10.689534,Top 5%
148,1038,321321426,147,2014-01,2026-04,2185860.04,3839096,2019-07,3839096,0.059612,57940124339,10.749146,Top 5%
149,814,320599397,130,2014-01,2024-11,2466149.21,2958852,2017-05,2958852,0.059478,58260723736,10.808624,Top 5%
150,4384,319025660,147,2014-01,2026-04,2170242.59,2444001,2022-08,2444001,0.059186,58579749396,10.867811,Top 5%
151,2327,318729077,147,2014-01,2026-04,2168225.01,2681992,2015-12,2681992,0.059131,58898478473,10.926942,Top 5%
152,2310,317847884,147,2014-01,2026-04,2162230.5,3097497,2025-01,3097497,0.058968,59216326357,10.985909,Top 5%
153,2017,317561062,147,2014-01,2026-04,2160279.33,2489205,2024-10,2489205,0.058914,59533887419,11.044824,Top 5%
154,2434,317361026,147,2014-01,2026-04,2158918.54,3897766,2016-10,3897766,0.058877,59851248445,11.103701,Top 5%
155,3747,317352556,147,2014-01,2026-04,2158860.93,2488874,2016-05,2488874,0.058876,60168601001,11.162577,Top 5%
156,4301,316654574,147,2014-01,2026-04,2154112.75,2531661,2018-03,2531661,0.058746,60485255575,11.221323,Top 5%
157,2413,315989551,147,2014-01,2026-04,2149588.78,3071750,2024-10,3071750,0.058623,60801245126,11.279946,Top 5%
158,2328,315813854,147,2014-01,2026-04,2148393.56,2574613,2015-12,2574613,0.05859,61117058980,11.338536,Top 5%
159,3556,315643064,147,2014-01,2026-04,2147231.73,3149458,2015-10,3149458,0.058559,61432702044,11.397095,Top 5%
160,2880,314785178,147,2014-01,2026-04,2141395.77,2943658,2018-03,2943658,0.058399,61747487222,11.455494,Top 5%
161,784,314650790,147,2014-01,2026-04,2140481.56,2432231,2025-10,2432231,0.058375,62062138012,11.513869,Top 5%
162,2319,314547233,147,2014-01,2026-04,2139777.1,2465018,2018-10,2465018,0.058355,62376685245,11.572224,Top 5%
163,265,314113537,147,2014-01,2026-04,2136826.78,2457697,2019-10,2457697,0.058275,62690798782,11.630499,Top 5%
164,3570,313936558,147,2014-01,2026-04,2135622.84,3032251,2026-03,3032251,0.058242,63004735340,11.688741,Top 5%
165,2324,313809965,147,2014-01,2026-04,2134761.67,2489605,2017-03,2489605,0.058219,63318545305,11.74696,Top 5%
166,634,313628655,147,2014-01,2026-04,2133528.27,2509675,2022-10,2509675,0.058185,63632173960,11.805145,Top 5%
167,765,309928937,147,2014-01,2026-04,2108360.12,2498820,2019-10,2498820,0.057499,63942102897,11.862643,Top 5%
168,422,309291785,147,2014-01,2026-04,2104025.75,2560589,2025-03,2560589,0.05738,64251394682,11.920023,Top 5%
169,3083,309268293,144,2014-01,2026-04,2147696.48,2698016,2023-08,2698016,0.057376,64560662975,11.977399,Top 5%
170,574,308769861,147,2014-01,2026-04,2100475.24,2518828,2025-08,2518828,0.057283,64869432836,12.034683,Top 5%
171,3740,308702476,144,2014-01,2026-04,2143767.19,2967076,2025-10,2967076,0.057271,65178135312,12.091954,Top 5%
172,576,306943001,147,2014-01,2026-04,2088047.63,2382388,2019-08,2382388,0.056945,65485078313,12.148898,Top 5%
173,2418,306406783,147,2014-01,2026-04,2084399.88,2486639,2019-10,2486639,0.056845,65791485096,12.205743,Top 5%
174,4896,306067545,147,2014-01,2026-04,2082092.14,2447885,2017-03,2447885,0.056782,66097552641,12.262526,Top 5%
175,3151,303952073,147,2014-01,2026-04,2067701.18,3527985,2016-05,3527985,0.05639,66401504714,12.318915,Top 5%
176,3745,303668879,147,2014-01,2026-04,2065774.69,2438618,2017-03,2438618,0.056337,66705173593,12.375252,Top 5%
177,2109,302888523,147,2014-01,2026-04,2060466.14,2835842,2018-03,2835842,0.056192,67008062116,12.431445,Top 5%
178,2305,302705692,147,2014-01,2026-04,2059222.39,2399465,2017-03,2399465,0.056158,67310767808,12.487603,Top 5%
179,426,302300599,147,2014-01,2026-04,2056466.66,2318181,2019-08,2318181,0.056083,67613068407,12.543687,Top 5%
180,2110,302268848,147,2014-01,2026-04,2056250.67,2436223,2018-03,2436223,0.056077,67915337255,12.599764,Top 5%
181,2617,299558196,147,2014-01,2026-04,2037810.86,2481908,2023-05,2481908,0.055575,68214895451,12.655338,Top 5%
182,1100,299516497,147,2014-01,2026-04,2037527.19,2297443,2022-05,2297443,0.055567,68514411948,12.710905,Top 5%
183,2417,299425968,147,2014-01,2026-04,2036911.35,2407841,2019-10,2407841,0.05555,68813837916,12.766455,Top 5%
184,737,298774325,147,2014-01,2026-04,2032478.4,2646263,2025-10,2646263,0.055429,69112612241,12.821884,Top 5%
185,3511,298752711,147,2014-01,2026-04,2032331.37,2412398,2022-07,2412398,0.055425,69411364952,12.877309,Top 5%
186,3053,298710934,147,2014-01,2026-04,2032047.17,2326351,2025-07,2326351,0.055417,69710075886,12.932727,Top 5%
187,4549,298667861,147,2014-01,2026-04,2031754.16,2531711,2019-10,2531711,0.055409,70008743747,12.988136,Top 5%
188,2946,297987508,147,2014-01,2026-04,2027125.9,2970527,2025-10,2970527,0.055283,70306731255,13.043419,Top 5%
189,3395,297668130,147,2014-01,2026-04,2024953.27,2357694,2025-03,2357694,0.055224,70604399385,13.098643,Top 5%
190,4441,297423495,147,2014-01,2026-04,2023289.08,5761286,2017-02,5761286,0.055178,70901822880,13.153822,Top 5%
191,2845,297338897,147,2014-01,2026-04,2022713.59,2509823,2025-03,2509823,0.055163,71199161777,13.208984,Top 5%
192,3391,297178859,147,2014-01,2026-04,2021624.89,2376481,2023-03,2376481,0.055133,71496340636,13.264118,Top 5%
193,3696,297000291,147,2014-01,2026-04,2020410.14,2697928,2025-10,2697928,0.0551,71793340927,13.319218,Top 5%
194,2435,296217390,147,2014-01,2026-04,2015084.29,6148979,2023-05,6148979,0.054955,72089558317,13.374172,Top 5%
195,4976,296140187,147,2014-01,2026-04,2014559.1,2745586,2024-11,2745586,0.05494,72385698504,13.429113,Top 5%
196,2322,296065115,147,2014-01,2026-04,2014048.4,2501092,2025-10,2501092,0.054926,72681763619,13.484039,Top 5%
197,984,295708809,147,2014-01,2026-04,2011624.55,2689593,2018-10,2689593,0.05486,72977472428,13.5389,Top 5%
198,4212,295638686,147,2014-01,2026-04,2011147.52,2607655,2018-03,2607655,0.054847,73273111114,13.593747,Top 5%
199,5003,295376169,147,2014-01,2026-04,2009361.69,3348463,2019-10,3348463,0.054799,73568487283,13.648546,Top 5%
200,431,294168943,147,2014-01,2026-04,2001149.27,2971952,2014-01,2971952,0.054575,73862656226,13.70312,Top 5%
201,2431,294028240,147,2014-01,2026-04,2000192.11,2387273,2021-03,2387273,0.054549,74156684466,13.757669,Top 5%
202,3191,294019569,147,2014-01,2026-04,2000133.12,2751652,2019-05,2751652,0.054547,74450704035,13.812216,Top 5%
203,530,293698864,147,2014-01,2026-04,1997951.46,3533242,2021-12,3533242,0.054487,74744402899,13.866703,Top 5%
204,3066,293421875,147,2014-01,2026-04,1996067.18,5179571,2018-02,5179571,0.054436,75037824774,13.921139,Top 5%
205,3374,293324525,147,2014-01,2026-04,1995404.93,2462947,2014-03,2462947,0.054418,75331149299,13.975558,Top 5%
206,138,292735531,147,2014-01,2026-04,1991398.17,3829013,2025-03,3829013,0.054309,75623884830,14.029866,Top 5%
207,2414,292655807,147,2014-01,2026-04,1990855.83,2591236,2022-10,2591236,0.054294,75916540637,14.08416,Top 5%
208,2340,292370367,147,2014-01,2026-04,1988914.06,2599430,2020-06,2599430,0.054241,76208911004,14.138401,Top 5%
209,1121,292060666,147,2014-01,2026-04,1986807.25,2316081,2018-10,2316081,0.054184,76500971670,14.192585,Top 5%
210,3108,291824768,147,2014-01,2026-04,1985202.5,2301119,2014-03,2301119,0.05414,76792796438,14.246725,Top 5%
211,4986,291550100,147,2014-01,2026-04,1983334.01,2359864,2022-06,2359864,0.054089,77084346538,14.300814,Top 5%
212,3339,291524688,147,2014-01,2026-04,1983161.14,2335957,2017-08,2335957,0.054084,77375871226,14.354898,Top 5%
213,3225,290449028,147,2014-01,2026-04,1975843.73,2787576,2021-03,2787576,0.053885,77666320254,14.408782,Top 5%
214,2601,290357450,147,2014-01,2026-04,1975220.75,2765629,2024-07,2765629,0.053868,77956677704,14.46265,Top 5%
215,4744,290075067,147,2014-01,2026-04,1973299.78,2875737,2014-10,2875737,0.053815,78246752771,14.516465,Top 5%
216,2105,290003874,147,2014-01,2026-04,1972815.47,2262638,2017-03,2262638,0.053802,78536756645,14.570267,Top 5%
217,620,289424216,147,2014-01,2026-04,1968872.22,2452417,2019-10,2452417,0.053694,78826180861,14.623961,Top 5%
218,3445,289190025,147,2014-01,2026-04,1967279.08,2336464,2025-03,2336464,0.053651,79115370886,14.677612,Top 5%
219,3401,288960084,147,2014-01,2026-04,1965714.86,3340295,2025-10,3340295,0.053608,79404330970,14.731221,Top 5%
220,2429,288489859,147,2014-01,2026-04,1962516.05,2280673,2022-03,2280673,0.053521,79692820829,14.784742,Top 5%
221,2666,288411400,147,2014-01,2026-04,1961982.31,2255974,2025-10,2255974,0.053507,79981232229,14.838248,Top 5%
222,2815,286816830,147,2014-01,2026-04,1951134.9,2476603,2021-03,2476603,0.053211,80268049059,14.891459,Top 5%
223,3333,286723191,147,2014-01,2026-04,1950497.9,2249375,2017-03,2249375,0.053193,80554772250,14.944653,Top 5%
224,2871,286506877,147,2014-01,2026-04,1949026.37,2249000,2025-10,2249000,0.053153,80841279127,14.997806,Top 5%
225,2433,286416047,147,2014-01,2026-04,1948408.48,2289430,2019-10,2289430,0.053136,81127695174,15.050942,Top 5%
226,2339,285931041,147,2014-01,2026-04,1945109.12,2326593,2015-12,2326593,0.053046,81413626215,15.103989,Top 5%
227,2323,285878294,147,2014-01,2026-04,1944750.3,2264868,2019-10,2264868,0.053037,81699504509,15.157025,Top 5%
228,2304,285864401,147,2014-01,2026-04,1944655.79,2236410,2014-10,2236410,0.053034,81985368910,15.210059,Top 5%
229,2440,285695436,147,2014-01,2026-04,1943506.37,2227949,2019-03,2227949,0.053003,82271064346,15.263062,Top 5%
230,529,285549909,147,2014-01,2026-04,1942516.39,3596882,2025-06,3596882,0.052976,82556614255,15.316038,Top 5%
231,4539,285537415,147,2014-01,2026-04,1942431.39,2899479,2017-10,2899479,0.052973,82842151670,15.369011,Top 5%
232,974,285077723,147,2014-01,2026-04,1939304.24,3023560,2016-09,3023560,0.052888,83127229393,15.421899,Top 5%
233,2397,284883761,147,2014-01,2026-04,1937984.77,2277322,2019-08,2277322,0.052852,83412113154,15.474751,Top 5%
234,2432,284300214,147,2014-01,2026-04,1934015.06,2643139,2019-03,2643139,0.052744,83696413368,15.527495,Top 5%
235,4197,284167386,147,2014-01,2026-04,1933111.47,2215404,2016-05,2215404,0.052719,83980580754,15.580214,Top 5%
236,1182,284038392,147,2014-01,2026-04,1932233.96,2281959,2017-10,2281959,0.052695,84264619146,15.632909,Top 5%
237,2828,283748882,143,2014-01,2025-12,1984257.92,2332749,2025-05,2332749,0.052642,84548368028,15.685551,Top 5%
238,3128,283602821,147,2014-01,2026-04,1929270.89,3157096,2019-08,3157096,0.052614,84831970849,15.738165,Top 10%
239,1302,282379243,147,2014-01,2026-04,1920947.23,2390946,2017-05,2390946,0.052387,85114350092,15.790553,Top 10%
240,5273,281529991,147,2014-01,2026-04,1915170.01,2462521,2025-10,2462521,0.05223,85395880083,15.842783,Top 10%
241,2194,281421926,147,2014-01,2026-04,1914434.87,2214754,2025-03,2214754,0.05221,85677302009,15.894993,Top 10%
242,3308,281335297,147,2014-01,2026-04,1913845.56,2553790,2017-05,2553790,0.052194,85958637306,15.947186,Top 10%
243,4046,281249155,147,2014-01,2026-04,1913259.56,4146753,2025-05,4146753,0.052178,86239886461,15.999364,Top 10%
244,2330,281107962,147,2014-01,2026-04,1912299.06,2386928,2019-10,2386928,0.052152,86520994423,16.051516,Top 10%
245,257,280908052,147,2014-01,2026-04,1910939.13,2307650,2023-12,2307650,0.052115,86801902475,16.10363,Top 10%
246,430,280717676,147,2014-01,2026-04,1909644.05,2283384,2019-10,2283384,0.052079,87082620151,16.15571,Top 10%
247,4561,280690434,147,2014-01,2026-04,1909458.73,2542025,2014-08,2542025,0.052074,87363310585,16.207784,Top 10%
248,4881,280574613,147,2014-01,2026-04,1908670.84,2267836,2019-08,2267836,0.052053,87643885198,16.259836,Top 10%
249,4406,280291526,147,2014-01,2026-04,1906745.07,2485959,2017-08,2485959,0.052,87924176724,16.311836,Top 10%
250,3524,280273885,147,2014-01,2026-04,1906625.07,2152800,2016-10,2152800,0.051997,88204450609,16.363833,Top 10%
251,413,279717271,147,2014-01,2026-04,1902838.58,2154497,2019-10,2154497,0.051894,88484167880,16.415727,Top 10%
252,3736,279515835,147,2014-01,2026-04,1901468.27,2273688,2017-03,2273688,0.051856,88763683715,16.467583,Top 10%
253,4551,279125500,147,2014-01,2026-04,1898812.93,2457975,2016-11,2457975,0.051784,89042809215,16.519367,Top 10%
254,2185,279123996,147,2014-01,2026-04,1898802.69,3264680,2025-10,3264680,0.051784,89321933211,16.571151,Top 10%
255,2821,278567154,147,2014-01,2026-04,1895014.65,2373222,2024-05,2373222,0.05168,89600500365,16.622831,Top 10%
256,2860,277945120,147,2014-01,2026-04,1890783.13,2398807,2023-08,2398807,0.051565,89878445485,16.674396,Top 10%
257,5007,277809989,147,2014-01,2026-04,1889863.87,2313844,2026-01,2313844,0.05154,90156255474,16.725935,Top 10%
258,442,277766441,147,2014-01,2026-04,1889567.63,2590657,2026-02,2590657,0.051532,90434021915,16.777467,Top 10%
259,3050,277575845,147,2014-01,2026-04,1888271.05,2226956,2025-10,2226956,0.051496,90711597760,16.828963,Top 10%
260,731,277249061,147,2014-01,2026-04,1886048.03,2436709,2025-10,2436709,0.051436,90988846821,16.880399,Top 10%
261,2149,276985589,147,2014-01,2026-04,1884255.71,2181118,2025-10,2181118,0.051387,91265832410,16.931786,Top 10%
262,3061,276949746,147,2014-01,2026-04,1884011.88,2277571,2024-03,2277571,0.05138,91542782156,16.983166,Top 10%
263,433,276889576,147,2014-01,2026-04,1883602.56,2166799,2019-08,2166799,0.051369,91819671732,17.034535,Top 10%
264,2426,276867487,147,2014-01,2026-04,1883452.29,2243977,2022-03,2243977,0.051365,92096539219,17.0859,Top 10%
265,177,276835424,147,2014-01,2026-04,1883234.18,2197033,2019-10,2197033,0.051359,92373374643,17.137259,Top 10%
266,2638,276700899,147,2014-01,2026-04,1882319.04,2158606,2025-07,2158606,0.051334,92650075542,17.188593,Top 10%
267,2212,276365339,147,2014-01,2026-04,1880036.32,2238148,2014-01,2238148,0.051272,92926440881,17.239865,Top 10%
268,5313,276277186,147,2014-01,2026-04,1879436.64,2742628,2025-10,2742628,0.051255,93202718067,17.29112,Top 10%
269,2191,275853657,147,2014-01,2026-04,1876555.49,2117673,2018-03,2117673,0.051177,93478571724,17.342297,Top 10%
270,2507,275566592,147,2014-01,2026-04,1874602.67,2253686,2025-08,2253686,0.051124,93754138316,17.39342,Top 10%
271,3373,275367803,147,2014-01,2026-04,1873250.36,2291798,2016-12,2291798,0.051087,94029506119,17.444507,Top 10%
272,1529,275339981,145,2014-03,2026-04,1898896.42,2877704,2026-03,2877704,0.051082,94304846100,17.495589,Top 10%
273,4859,275034553,147,2014-01,2026-04,1870983.35,2126760,2017-03,2126760,0.051025,94579880653,17.546613,Top 10%
274,424,274994312,147,2014-01,2026-04,1870709.61,2096299,2017-03,2096299,0.051017,94854874965,17.597631,Top 10%
275,4995,274786525,147,2014-01,2026-04,1869296.09,2267466,2025-10,2267466,0.050979,95129661490,17.64861,Top 10%
276,2334,274690126,147,2014-01,2026-04,1868640.31,2260057,2015-12,2260057,0.050961,95404351616,17.699571,Top 10%
277,2314,274594021,147,2014-01,2026-04,1867986.54,2125415,2017-03,2125415,0.050943,95678945637,17.750514,Top 10%
278,2869,274239252,147,2014-01,2026-04,1865573.14,2492486,2020-03,2492486,0.050877,95953184889,17.801391,Top 10%
279,326,273345265,147,2014-01,2026-04,1859491.6,2170964,2014-12,2170964,0.050711,96226530154,17.852103,Top 10%
280,4421,272994763,147,2014-01,2026-04,1857107.23,2195061,2014-03,2195061,0.050646,96499524917,17.902749,Top 10%
281,6616,272899264,147,2014-01,2026-04,1856457.58,2187383,2021-12,2187383,0.050629,96772424181,17.953378,Top 10%
282,2508,272883401,147,2014-01,2026-04,1856349.67,3657854,2014-12,3657854,0.050626,97045307582,18.004004,Top 10%
283,508,271863695,147,2014-01,2026-04,1849412.89,2712718,2025-08,2712718,0.050437,97317171277,18.05444,Top 10%
284,137,271694953,147,2014-01,2026-04,1848264.99,2252634,2024-12,2252634,0.050405,97588866230,18.104845,Top 10%
285,2155,271446531,147,2014-01,2026-04,1846575.04,2157332,2017-11,2157332,0.050359,97860312761,18.155205,Top 10%
286,575,271357270,147,2014-01,2026-04,1845967.82,2523982,2023-03,2523982,0.050343,98131670031,18.205547,Top 10%
287,133,271176157,147,2014-01,2026-04,1844735.76,2141739,2018-08,2141739,0.050309,98402846188,18.255856,Top 10%
288,2206,271175069,147,2014-01,2026-04,1844728.36,2555397,2017-08,2555397,0.050309,98674021257,18.306165,Top 10%
289,399,270839395,147,2014-01,2026-04,1842444.86,2299287,2019-10,2299287,0.050247,98944860652,18.356412,Top 10%
290,258,269818506,147,2014-01,2026-04,1835500.04,3066277,2025-10,3066277,0.050057,99214679158,18.406469,Top 10%
291,2656,269615956,147,2014-01,2026-04,1834122.15,2535967,2025-03,2535967,0.05002,99484295114,18.456488,Top 10%
292,686,269494208,147,2014-01,2026-04,1833293.93,2555974,2026-03,2555974,0.049997,99753789322,18.506485,Top 10%
293,2658,268020191,147,2014-01,2026-04,1823266.61,2398699,2025-03,2398699,0.049724,100021809513,18.556209,Top 10%
294,2506,267896494,147,2014-01,2026-04,1822425.13,2428810,2019-11,2428810,0.049701,100289706007,18.60591,Top 10%
295,4848,267509065,146,2014-01,2026-04,1832253.87,2185681,2024-05,2185681,0.049629,100557215072,18.655538,Top 10%
296,1900,267504855,130,2014-01,2024-11,2057729.65,2445105,2018-03,2445105,0.049628,100824719927,18.705166,Top 10%
297,5259,267460840,147,2014-01,2026-04,1819461.5,2247325,2019-10,2247325,0.04962,101092180767,18.754786,Top 10%
298,2187,266847563,147,2014-01,2026-04,1815289.54,2107860,2025-10,2107860,0.049506,101359028330,18.804292,Top 10%
299,3171,266186167,147,2014-01,2026-04,1810790.25,2334646,2023-12,2334646,0.049383,101625214497,18.853675,Top 10%
300,2158,265612292,147,2014-01,2026-04,1806886.34,2083369,2022-03,2083369,0.049277,101890826789,18.902952,Top 10%
301,203,265525387,147,2014-01,2026-04,1806295.15,2166243,2017-05,2166243,0.049261,102156352176,18.952213,Top 10%
302,1190,265501425,147,2014-01,2026-04,1806132.14,2323977,2025-11,2323977,0.049256,102421853601,19.001469,Top 10%
303,3112,265212067,147,2014-01,2026-04,1804163.72,2533736,2017-08,2533736,0.049203,102687065668,19.050672,Top 10%
304,2850,265046089,147,2014-01,2026-04,1803034.62,3165982,2024-03,3165982,0.049172,102952111757,19.099843,Top 10%
305,2352,264891347,147,2014-01,2026-04,1801981.95,2193821,2015-12,2193821,0.049143,103217003104,19.148987,Top 10%
306,2162,264532899,147,2014-01,2026-04,1799543.53,2277953,2015-04,2277953,0.049077,103481536003,19.198063,Top 10%
307,325,264532142,147,2014-01,2026-04,1799538.38,2125742,2026-03,2125742,0.049076,103746068145,19.24714,Top 10%
308,3691,264528264,147,2014-01,2026-04,1799512.0,2100785,2018-05,2100785,0.049076,104010596409,19.296215,Top 10%
309,544,264472189,147,2014-01,2026-04,1799130.54,2031425,2019-10,2031425,0.049065,104275068598,19.345281,Top 10%
310,991,264134522,147,2014-01,2026-04,1796833.48,2138708,2017-03,2138708,0.049003,104539203120,19.394283,Top 10%
311,674,263677961,147,2014-01,2026-04,1793727.63,2439885,2016-05,2439885,0.048918,104802881081,19.443201,Top 10%
312,2789,263244083,147,2014-01,2026-04,1790776.07,2522183,2021-05,2522183,0.048837,105066125164,19.492039,Top 10%
313,3984,263173052,147,2014-01,2026-04,1790292.87,2019891,2019-05,2019891,0.048824,105329298216,19.540863,Top 10%
314,120,263027750,147,2014-01,2026-04,1789304.42,2111806,2019-10,2111806,0.048797,105592325966,19.58966,Top 10%
315,3192,262606349,147,2014-01,2026-04,1786437.75,2021487,2019-05,2021487,0.048719,105854932315,19.638379,Top 10%
316,3002,262558219,147,2014-01,2026-04,1786110.33,2023691,2018-05,2023691,0.04871,106117490534,19.68709,Top 10%
317,619,262542282,147,2014-01,2026-04,1786001.92,2345774,2019-10,2345774,0.048707,106380032816,19.735797,Top 10%
318,4987,262288132,147,2014-01,2026-04,1784273.01,2183440,2017-03,2183440,0.04866,106642320948,19.784457,Top 10%
319,3170,262249825,147,2014-01,2026-04,1784012.41,2284841,2023-01,2284841,0.048653,106904570773,19.83311,Top 10%
320,280,262079987,147,2014-01,2026-04,1782857.05,2509087,2018-10,2509087,0.048622,107166650760,19.881732,Top 10%
321,502,261120634,147,2014-01,2026-04,1776330.84,2167347,2019-10,2167347,0.048444,107427771394,19.930175,Top 10%
322,511,260821726,147,2014-01,2026-04,1774297.46,2440634,2025-10,2440634,0.048388,107688593120,19.978563,Top 10%
323,196,260815192,147,2014-01,2026-04,1774253.01,2596750,2024-10,2596750,0.048387,107949408312,20.02695,Top 10%
324,423,260742484,147,2014-01,2026-04,1773758.39,2105107,2019-10,2105107,0.048373,108210150796,20.075323,Top 10%
325,3616,260353598,147,2014-01,2026-04,1771112.91,2242393,2026-03,2242393,0.048301,108470504394,20.123625,Top 10%
326,441,260201068,147,2014-01,2026-04,1770075.29,3435468,2018-01,3435468,0.048273,108730705462,20.171898,Top 10%
327,393,260189124,147,2014-01,2026-04,1769994.04,1985186,2019-03,1985186,0.048271,108990894586,20.220168,Top 10%
328,332,259726911,147,2014-01,2026-04,1766849.73,2253520,2019-03,2253520,0.048185,109250621497,20.268353,Top 10%
329,893,259532713,147,2014-01,2026-04,1765528.66,2116441,2023-08,2116441,0.048149,109510154210,20.316502,Top 10%
330,2307,259498942,147,2014-01,2026-04,1765298.93,2032470,2014-10,2032470,0.048143,109769653152,20.364645,Top 10%
331,3133,259463639,147,2014-01,2026-04,1765058.77,2054674,2025-05,2054674,0.048136,110029116791,20.412781,Top 10%
332,3514,259051151,147,2014-01,2026-04,1762252.73,2075722,2024-10,2075722,0.04806,110288167942,20.460841,Top 10%
333,569,258684448,147,2014-01,2026-04,1759758.15,2026674,2025-10,2026674,0.047992,110546852390,20.508832,Top 10%
334,4802,258545896,147,2014-01,2026-04,1758815.62,2060525,2014-05,2060525,0.047966,110805398286,20.556798,Top 10%
335,409,258362260,147,2014-01,2026-04,1757566.39,1992844,2017-05,1992844,0.047932,111063760546,20.60473,Top 10%
336,2102,258264532,147,2014-01,2026-04,1756901.58,1955250,2017-03,1955250,0.047914,111322025078,20.652643,Top 10%
337,3132,258026894,147,2014-01,2026-04,1755284.99,2135418,2016-08,2135418,0.04787,111580051972,20.700513,Top 10%
338,1108,257981828,147,2014-01,2026-04,1754978.42,2254372,2019-03,2254372,0.047861,111838033800,20.748374,Top 10%
339,3680,257573541,147,2014-01,2026-04,1752200.96,2041805,2025-08,2041805,0.047785,112095607341,20.79616,Top 10%
340,2763,257210288,147,2014-01,2026-04,1749729.85,2158002,2025-10,2158002,0.047718,112352817629,20.843878,Top 10%
341,464,257202137,147,2014-01,2026-04,1749674.4,4672010,2025-09,4672010,0.047717,112610019766,20.891594,Top 10%
342,418,256672267,147,2014-01,2026-04,1746069.84,1955545,2019-10,1955545,0.047618,112866692033,20.939213,Top 10%
343,3734,256455497,147,2014-01,2026-04,1744595.22,2156827,2017-03,2156827,0.047578,113123147530,20.986791,Top 10%
344,4660,256315231,147,2014-01,2026-04,1743641.03,2016637,2017-03,2016637,0.047552,113379462761,21.034343,Top 10%
345,166,255513274,147,2014-01,2026-04,1738185.54,2213205,2018-03,2213205,0.047403,113634976035,21.081746,Top 10%
346,4218,255271257,146,2014-01,2026-04,1748433.27,2307713,2019-08,2307713,0.047358,113890247292,21.129104,Top 10%
347,1120,255132963,147,2014-01,2026-04,1735598.39,2115956,2025-10,2115956,0.047333,114145380255,21.176437,Top 10%
348,4668,255100087,147,2014-01,2026-04,1735374.74,1985010,2025-10,1985010,0.047327,114400480342,21.223763,Top 10%
349,3058,254910024,147,2014-01,2026-04,1734081.8,2063869,2025-10,2063869,0.047291,114655390366,21.271055,Top 10%
350,3686,254874910,146,2014-01,2026-04,1745718.56,2307137,2014-05,2307137,0.047285,114910265276,21.31834,Top 10%
351,4455,254761584,147,2014-01,2026-04,1733072.0,2450341,2019-08,2450341,0.047264,115165026860,21.365603,Top 10%
352,318,254620023,147,2014-01,2026-04,1732109.0,2142303,2025-12,2142303,0.047238,115419646883,21.412841,Top 10%
353,162,254344384,147,2014-01,2026-04,1730233.9,2021135,2022-03,2021135,0.047186,115673991267,21.460027,Top 10%
354,4782,253828734,147,2014-01,2026-04,1726726.08,2379396,2017-03,2379396,0.047091,115927820001,21.507118,Top 10%
355,411,253678526,147,2014-01,2026-04,1725704.26,2030097,2025-03,2030097,0.047063,116181498527,21.554181,Top 10%
356,631,253161615,147,2014-01,2026-04,1722187.86,2758866,2014-03,2758866,0.046967,116434660142,21.601148,Top 10%
357,170,253134715,147,2014-01,2026-04,1722004.86,1966784,2025-10,1966784,0.046962,116687794857,21.64811,Top 10%
358,375,253124667,147,2014-01,2026-04,1721936.51,2208029,2016-11,2208029,0.04696,116940919524,21.69507,Top 10%
359,2167,252398567,147,2014-01,2026-04,1716997.05,2035176,2025-10,2035176,0.046825,117193318091,21.741895,Top 10%
360,1267,252358211,147,2014-01,2026-04,1716722.52,2073533,2021-03,2073533,0.046818,117445676302,21.788713,Top 10%
361,3054,252271089,147,2014-01,2026-04,1716129.86,1986034,2025-03,1986034,0.046802,117697947391,21.835515,Top 10%
362,2895,251959465,147,2014-01,2026-04,1714009.97,2679231,2025-10,2679231,0.046744,117949906856,21.882259,Top 10%
363,2317,251219797,147,2014-01,2026-04,1708978.21,2100763,2017-03,2100763,0.046607,118201126653,21.928866,Top 10%
364,270,250850340,147,2014-01,2026-04,1706464.9,2918131,2018-02,2918131,0.046538,118451976993,21.975404,Top 10%
365,2400,250650716,147,2014-01,2026-04,1705106.91,2058222,2024-10,2058222,0.046501,118702627709,22.021905,Top 10%
366,4184,250394664,147,2014-01,2026-04,1703365.06,2110310,2016-03,2110310,0.046454,118953022373,22.068358,Top 10%
367,198,250369410,147,2014-01,2026-04,1703193.27,2160268,2017-10,2160268,0.046449,119203391783,22.114807,Top 10%
368,3727,250055414,147,2014-01,2026-04,1701057.24,1960036,2017-03,1960036,0.046391,119453447197,22.161198,Top 10%
369,2609,250015226,147,2014-01,2026-04,1700783.85,1952009,2025-03,1952009,0.046383,119703462423,22.207581,Top 10%
370,2842,249609797,147,2014-01,2026-04,1698025.83,1933582,2018-05,1933582,0.046308,119953072220,22.253889,Top 10%
371,1107,249338908,147,2014-01,2026-04,1696183.05,2036569,2018-03,2036569,0.046258,120202411128,22.300147,Top 10%
372,4268,249338907,147,2014-01,2026-04,1696183.04,1966488,2018-05,1966488,0.046258,120451750035,22.346405,Top 10%
373,4224,249063591,147,2014-01,2026-04,1694310.14,2012459,2015-10,2012459,0.046207,120700813626,22.392612,Top 10%
374,2160,249003761,147,2014-01,2026-04,1693903.14,1954186,2025-03,1954186,0.046196,120949817387,22.438807,Top 10%
375,2313,248590714,147,2014-01,2026-04,1691093.29,1919111,2017-10,1919111,0.046119,121198408101,22.484926,Top 10%
376,3332,248562728,147,2014-01,2026-04,1690902.91,1961891,2019-10,1961891,0.046114,121446970829,22.53104,Top 10%
377,2428,248453892,147,2014-01,2026-04,1690162.53,2055174,2022-03,2055174,0.046094,121695424721,22.577133,Top 10%
378,427,248355677,147,2014-01,2026-04,1689494.4,1941115,2019-10,1941115,0.046075,121943780398,22.623209,Top 10%
379,559,248206807,147,2014-01,2026-04,1688481.68,1999158,2023-10,1999158,0.046048,122191987205,22.669256,Top 10%
380,5013,248198222,147,2014-01,2026-04,1688423.28,1946655,2024-12,1946655,0.046046,122440185427,22.715303,Top 10%
381,2503,247589262,147,2014-01,2026-04,1684280.69,2288512,2024-10,2288512,0.045933,122687774689,22.761236,Top 10%
382,4478,247537516,147,2014-01,2026-04,1683928.68,1985809,2017-03,1985809,0.045924,122935312205,22.807159,Top 10%
383,2008,247062863,147,2014-01,2026-04,1680699.75,2187090,2021-03,2187090,0.045836,123182375068,22.852995,Top 10%
384,3271,246642700,147,2014-01,2026-04,1677841.5,2496475,2024-07,2496475,0.045758,123429017768,22.898752,Top 10%
385,4037,246547439,147,2014-01,2026-04,1677193.46,1937905,2019-10,1937905,0.04574,123675565207,22.944492,Top 10%
386,1397,246266812,147,2014-01,2026-04,1675284.44,2472836,2026-03,2472836,0.045688,123921832019,22.99018,Top 10%
387,853,246096244,147,2014-01,2026-04,1674124.11,2017318,2016-11,2017318,0.045656,124167928263,23.035836,Top 10%
388,134,245576148,147,2014-01,2026-04,1670586.04,1901858,2024-05,1901858,0.04556,124413504411,23.081396,Top 10%
389,3397,245510197,147,2014-01,2026-04,1670137.39,1972706,2019-10,1972706,0.045547,124659014608,23.126943,Top 10%
390,2608,245351715,147,2014-01,2026-04,1669059.29,1997673,2024-12,1997673,0.045518,124904366323,23.172461,Top 10%
391,4181,245216809,147,2014-01,2026-04,1668141.56,2183241,2018-05,2183241,0.045493,125149583132,23.217954,Top 10%
392,4474,245215698,147,2014-01,2026-04,1668134.0,1905273,2019-10,1905273,0.045493,125394798830,23.263447,Top 10%
393,782,245067593,147,2014-01,2026-04,1667126.48,1989981,2023-10,1989981,0.045465,125639866423,23.308913,Top 10%
394,492,245011429,147,2014-01,2026-04,1666744.41,1913026,2014-10,1913026,0.045455,125884877852,23.354368,Top 10%
395,391,244758794,147,2014-01,2026-04,1665025.81,1924201,2019-10,1924201,0.045408,126129636646,23.399776,Top 10%
396,4753,244445011,147,2014-01,2026-04,1662891.23,2030363,2017-03,2030363,0.04535,126374081657,23.445125,Top 10%
397,264,243943110,147,2014-01,2026-04,1659476.94,1964843,2021-03,1964843,0.045257,126618024767,23.490382,Top 10%
398,3560,243936157,147,2014-01,2026-04,1659429.64,1906050,2025-10,1906050,0.045255,126861960924,23.535638,Top 10%
399,169,243847748,147,2014-01,2026-04,1658828.22,2043027,2018-08,2043027,0.045239,127105808672,23.580877,Top 10%
400,3072,243791296,147,2014-01,2026-04,1658444.19,1972256,2014-10,1972256,0.045229,127349599968,23.626105,Top 10%
401,4034,243175063,147,2014-01,2026-04,1654252.13,1940811,2019-03,1940811,0.045114,127592775031,23.671219,Top 10%
402,206,243121045,147,2014-01,2026-04,1653884.66,3582357,2021-03,3582357,0.045104,127835896076,23.716324,Top 10%
403,3777,242731632,147,2014-01,2026-04,1651235.59,1997806,2018-10,1997806,0.045032,128078627708,23.761356,Top 10%
404,3044,242617879,147,2014-01,2026-04,1650461.76,2189180,2017-10,2189180,0.045011,128321245587,23.806366,Top 10%
405,594,242485106,147,2014-01,2026-04,1649558.54,1947650,2024-12,1947650,0.044986,128563730693,23.851353,Top 10%
406,4166,242344589,147,2014-01,2026-04,1648602.65,2061981,2015-06,2061981,0.04496,128806075282,23.896313,Top 10%
407,3722,242265642,147,2014-01,2026-04,1648065.59,1974230,2017-03,1974230,0.044946,129048340924,23.941258,Top 10%
408,3986,242093404,147,2014-01,2026-04,1646893.9,1863851,2026-03,1863851,0.044914,129290434328,23.986172,Top 10%
409,3741,242084105,147,2014-01,2026-04,1646830.65,1900573,2017-10,1900573,0.044912,129532518433,24.031084,Top 10%
410,4370,241866834,147,2014-01,2026-04,1645352.61,2110782,2017-05,2110782,0.044872,129774385267,24.075955,Top 10%
411,2641,241574283,147,2014-01,2026-04,1643362.47,1825777,2020-02,1825777,0.044817,130015959550,24.120773,Top 10%
412,2159,240536731,147,2014-01,2026-04,1636304.29,2404109,2014-07,2404109,0.044625,130256496281,24.165397,Top 10%
413,1220,240317253,147,2014-01,2026-04,1634811.24,2451106,2025-03,2451106,0.044584,130496813534,24.209981,Top 10%
414,2301,240113591,147,2014-01,2026-04,1633425.79,1975556,2017-03,1975556,0.044546,130736927125,24.254528,Top 10%
415,2011,240088258,147,2014-01,2026-04,1633253.46,1958370,2023-03,1958370,0.044542,130977015383,24.299069,Top 10%
416,2612,239861820,147,2014-01,2026-04,1631713.06,1807889,2017-03,1807889,0.0445,131216877203,24.343569,Top 10%
417,5018,239704309,147,2014-01,2026-04,1630641.56,2090529,2026-03,2090529,0.04447,131456581512,24.388039,Top 10%
418,3178,239397353,147,2014-01,2026-04,1628553.42,2281362,2018-03,2281362,0.044413,131695978865,24.432452,Top 10%
419,5015,239390292,147,2014-01,2026-04,1628505.39,1871688,2019-01,1871688,0.044412,131935369157,24.476865,Top 10%
420,2956,239334229,147,2014-01,2026-04,1628124.01,2290393,2019-05,2290393,0.044402,132174703386,24.521266,Top 10%
421,1061,239265865,147,2014-01,2026-04,1627658.95,2004124,2014-10,2004124,0.044389,132413969251,24.565655,Top 10%
422,295,238288191,147,2014-01,2026-04,1621008.1,1922193,2024-05,1922193,0.044208,132652257442,24.609863,Top 10%
423,3051,238220984,147,2014-01,2026-04,1620550.91,1919174,2014-10,1919174,0.044195,132890478426,24.654058,Top 10%
424,2764,238213158,147,2014-01,2026-04,1620497.67,2041132,2025-10,2041132,0.044194,133128691584,24.698252,Top 10%
425,5252,238107131,147,2014-01,2026-04,1619776.4,2031075,2025-10,2031075,0.044174,133366798715,24.742426,Top 10%
426,4566,238078937,147,2014-01,2026-04,1619584.61,2797889,2014-07,2797889,0.044169,133604877652,24.786594,Top 10%
427,3638,237827495,147,2014-01,2026-04,1617874.12,2081993,2024-10,2081993,0.044122,133842705147,24.830717,Top 10%
428,2760,237753949,147,2014-01,2026-04,1617373.8,1892696,2018-05,1892696,0.044108,134080459096,24.874825,Top 10%
429,4517,237686222,147,2014-01,2026-04,1616913.07,1877837,2019-08,1877837,0.044096,134318145318,24.918921,Top 10%
430,4702,237505318,147,2014-01,2026-04,1615682.44,1928838,2017-05,1928838,0.044062,134555650636,24.962983,Top 10%
431,2882,237348637,147,2014-01,2026-04,1614616.58,3001255,2018-05,3001255,0.044033,134792999273,25.007017,Top 10%
432,4526,236840211,147,2014-01,2026-04,1611157.9,2241717,2017-03,2241717,0.043939,135029839484,25.050956,Top 10%
433,2006,236775457,147,2014-01,2026-04,1610717.39,2184393,2018-02,2184393,0.043927,135266614941,25.094883,Top 10%
434,6200,236747175,147,2014-01,2026-04,1610525.0,1807576,2015-12,1807576,0.043922,135503362116,25.138804,Top 10%
435,489,236030665,147,2014-01,2026-04,1605650.78,1907616,2022-03,1907616,0.043789,135739392781,25.182593,Top 10%
436,2824,235922440,146,2014-01,2026-04,1615907.12,2356764,2025-03,2356764,0.043769,135975315221,25.226362,Top 10%
437,5011,235862927,147,2014-01,2026-04,1604509.71,2546242,2025-04,2546242,0.043758,136211178148,25.27012,Top 10%
438,3510,235818688,147,2014-01,2026-04,1604208.76,3881494,2016-02,3881494,0.043749,136446996836,25.313869,Top 10%
439,2512,235794451,147,2014-01,2026-04,1604043.88,2061197,2022-02,2061197,0.043745,136682791287,25.357614,Top 10%
440,291,235345365,147,2014-01,2026-04,1600988.88,3198046,2014-08,3198046,0.043662,136918136652,25.401276,Top 10%
441,5254,235328097,147,2014-01,2026-04,1600871.41,1977953,2025-10,1977953,0.043658,137153464749,25.444934,Top 10%
442,136,234950882,147,2014-01,2026-04,1598305.32,1879028,2025-10,1879028,0.043588,137388415631,25.488523,Top 10%
443,2299,234940977,147,2014-01,2026-04,1598237.94,1945538,2017-05,1945538,0.043587,137623356608,25.532109,Top 10%
444,3694,234899369,147,2014-01,2026-04,1597954.89,2144129,2024-08,2144129,0.043579,137858255977,25.575688,Top 10%
445,4443,234547060,147,2014-01,2026-04,1595558.23,4032004,2018-01,4032004,0.043514,138092803037,25.619202,Top 10%
446,2354,234298954,147,2014-01,2026-04,1593870.44,1954553,2015-12,1954553,0.043468,138327101991,25.662669,Top 10%
447,4239,234081014,147,2014-01,2026-04,1592387.85,2549602,2024-02,2549602,0.043427,138561183005,25.706096,Top 10%
448,2607,233966893,147,2014-01,2026-04,1591611.52,1830759,2019-10,1830759,0.043406,138795149898,25.749502,Top 10%
449,420,233943404,147,2014-01,2026-04,1591451.73,1801389,2019-08,1801389,0.043402,139029093302,25.792904,Top 10%
450,4638,233818666,147,2014-01,2026-04,1590603.17,1898133,2019-10,1898133,0.043378,139262911968,25.836282,Top 10%
451,533,233728185,147,2014-01,2026-04,1589987.65,1911076,2025-11,1911076,0.043362,139496640153,25.879644,Top 10%
452,3232,233695180,147,2014-01,2026-04,1589763.13,2630379,2016-03,2630379,0.043356,139730335333,25.922999,Top 10%
453,1310,233321759,147,2014-01,2026-04,1587222.85,2104734,2019-10,2104734,0.043286,139963657092,25.966286,Top 10%
454,1112,233226509,147,2014-01,2026-04,1586574.89,1878229,2021-03,1878229,0.043269,140196883601,26.009554,Top 10%
455,1001,233038887,147,2014-01,2026-04,1585298.55,2085943,2014-10,2085943,0.043234,140429922488,26.052788,Top 10%
456,369,232896376,147,2014-01,2026-04,1584329.09,2200609,2016-02,2200609,0.043207,140662818864,26.095995,Top 10%
457,2018,232830584,147,2014-01,2026-04,1583881.52,1854901,2019-10,1854901,0.043195,140895649448,26.13919,Top 10%
458,2909,232673307,147,2014-01,2026-04,1582811.61,1954493,2024-03,1954493,0.043166,141128322755,26.182356,Top 10%
459,2597,232072930,147,2014-01,2026-04,1578727.41,2076577,2025-03,2076577,0.043055,141360395685,26.225411,Top 10%
460,3213,231869207,147,2014-01,2026-04,1577341.54,1832618,2019-10,1832618,0.043017,141592264892,26.268428,Top 10%
461,3737,231679248,147,2014-01,2026-04,1576049.31,1853093,2018-05,1853093,0.042982,141823944140,26.311409,Top 10%
462,398,231642612,147,2014-01,2026-04,1575800.08,2670744,2024-03,2670744,0.042975,142055586752,26.354384,Top 10%
463,4584,231624761,147,2014-01,2026-04,1575678.65,2029246,2019-05,2029246,0.042971,142287211513,26.397355,Top 10%
464,785,231545008,147,2014-01,2026-04,1575136.11,1919813,2025-10,1919813,0.042957,142518756521,26.440312,Top 10%
465,923,231332879,147,2014-01,2026-04,1573693.05,2085067,2021-11,2085067,0.042917,142750089400,26.483229,Top 10%
466,190,231278867,147,2014-01,2026-04,1573325.63,2900590,2025-06,2900590,0.042907,142981368267,26.526136,Top 10%
467,744,231209607,147,2014-01,2026-04,1572854.47,1805463,2018-03,1805463,0.042894,143212577874,26.569031,Top 10%
468,4772,230900268,147,2014-01,2026-04,1570750.12,2046908,2018-10,2046908,0.042837,143443478142,26.611868,Top 10%
469,3055,230663736,147,2014-01,2026-04,1569141.06,2409719,2024-10,2409719,0.042793,143674141878,26.654661,Top 10%
470,3946,230637428,147,2014-01,2026-04,1568962.1,2072552,2025-10,2072552,0.042788,143904779306,26.697449,Top 10%
471,4165,230577039,147,2014-01,2026-04,1568551.29,1922184,2015-10,1922184,0.042777,144135356345,26.740226,Top 10%
472,4999,230569580,147,2014-01,2026-04,1568500.54,2080494,2025-10,2080494,0.042776,144365925925,26.783002,Top 10%
473,4183,230478003,147,2014-01,2026-04,1567877.57,1873596,2017-03,1873596,0.042759,144596403928,26.82576,Top 10%
474,1023,230133793,147,2014-01,2026-04,1565536.01,2315498,2022-03,2315498,0.042695,144826537721,26.868455,Top 10%
475,2000,229750729,147,2014-01,2026-04,1562930.13,1863962,2014-05,1863962,0.042624,145056288450,26.911079,Top 10%
476,2034,229653935,147,2014-01,2026-04,1562271.67,2067920,2026-02,2067920,0.042606,145285942385,26.953685,Top 25%
477,3399,229617650,147,2014-01,2026-04,1562024.83,1805131,2019-03,1805131,0.042599,145515560035,26.996284,Top 25%
478,3065,229410129,147,2014-01,2026-04,1560613.12,1775392,2025-10,1775392,0.042561,145744970164,27.038844,Top 25%
479,4963,229276187,147,2014-01,2026-04,1559701.95,1737618,2024-10,1737618,0.042536,145974246351,27.08138,Top 25%
480,614,229239188,147,2014-01,2026-04,1559450.26,2047327,2024-11,2047327,0.042529,146203485539,27.123909,Top 25%
481,5286,229232768,147,2014-01,2026-04,1559406.59,2237067,2021-11,2237067,0.042528,146432718307,27.166436,Top 25%
482,1138,229152479,147,2014-01,2026-04,1558860.4,1847237,2019-05,1847237,0.042513,146661870786,27.208949,Top 25%
483,2933,228915258,147,2014-01,2026-04,1557246.65,2010723,2019-08,2010723,0.042469,146890786044,27.251418,Top 25%
484,2181,228672555,147,2014-01,2026-04,1555595.61,1976240,2025-10,1976240,0.042424,147119458599,27.293842,Top 25%
485,3236,228410823,147,2014-01,2026-04,1553815.12,2036569,2020-12,2036569,0.042375,147347869422,27.336217,Top 25%
486,168,228322699,147,2014-01,2026-04,1553215.64,1856394,2018-08,1856394,0.042359,147576192121,27.378576,Top 25%
487,775,228274981,147,2014-01,2026-04,1552891.03,3772314,2024-05,3772314,0.04235,147804467102,27.420925,Top 25%
488,860,227760150,147,2014-01,2026-04,1549388.78,1751680,2021-03,1751680,0.042254,148032227252,27.46318,Top 25%
489,777,227631720,147,2014-01,2026-04,1548515.1,1829976,2025-10,1829976,0.042231,148259858972,27.50541,Top 25%
490,2183,227440764,147,2014-01,2026-04,1547216.08,1986316,2025-10,1986316,0.042195,148487299736,27.547606,Top 25%
491,4263,227379093,147,2014-01,2026-04,1546796.55,1878298,2014-10,1878298,0.042184,148714678829,27.589789,Top 25%
492,2603,227217287,147,2014-01,2026-04,1545695.83,1730338,2019-10,1730338,0.042154,148941896116,27.631943,Top 25%
493,4676,227175147,147,2014-01,2026-04,1545409.16,2938017,2024-07,2938017,0.042146,149169071263,27.674089,Top 25%
494,251,227129022,147,2014-01,2026-04,1545095.39,1870780,2019-03,1870780,0.042137,149396200285,27.716226,Top 25%
495,1396,227025325,147,2014-01,2026-04,1544389.97,1857773,2025-10,1857773,0.042118,149623225610,27.758344,Top 25%
496,2814,226905626,147,2014-01,2026-04,1543575.69,1976623,2020-12,1976623,0.042096,149850131236,27.80044,Top 25%
497,3125,226679714,147,2014-01,2026-04,1542038.87,2900900,2020-06,2900900,0.042054,150076810950,27.842494,Top 25%
498,962,226524685,147,2014-01,2026-04,1540984.25,1857891,2017-10,1857891,0.042025,150303335635,27.88452,Top 25%
499,176,226398744,147,2014-01,2026-04,1540127.51,1940194,2018-10,1940194,0.042002,150529734379,27.926521,Top 25%
500,2797,226281211,147,2014-01,2026-04,1539327.97,1903805,2025-10,1903805,0.04198,150756015590,27.968502,Top 25%
501,174,226208792,147,2014-01,2026-04,1538835.32,1979132,2024-10,1979132,0.041967,150982224382,28.010468,Top 25%
502,4176,226143287,147,2014-01,2026-04,1538389.71,1832744,2025-10,1832744,0.041954,151208367669,28.052423,Top 25%
503,683,225962562,125,2014-01,2026-04,1807700.5,2115007,2018-03,2115007,0.041921,151434330231,28.094344,Top 25%
504,4321,225853647,147,2014-01,2026-04,1536419.37,1847778,2019-05,1847778,0.041901,151660183878,28.136244,Top 25%
505,605,225630360,147,2014-01,2026-04,1534900.41,2255190,2021-11,2255190,0.041859,151885814238,28.178104,Top 25%
506,965,225610326,147,2014-01,2026-04,1534764.12,1816095,2022-03,1816095,0.041856,152111424564,28.219959,Top 25%
507,2611,225521394,147,2014-01,2026-04,1534159.14,1987928,2019-05,1987928,0.041839,152336945958,28.261798,Top 25%
508,4521,225386990,147,2014-01,2026-04,1533244.83,1861479,2017-03,1861479,0.041814,152562332948,28.303612,Top 25%
509,5002,225358122,147,2014-01,2026-04,1533048.45,3055959,2019-03,3055959,0.041809,152787691070,28.345421,Top 25%
510,107,225342485,147,2014-01,2026-04,1532942.07,1753251,2024-05,1753251,0.041806,153013033555,28.387227,Top 25%
511,2945,225300784,147,2014-01,2026-04,1532658.39,2024784,2025-10,2024784,0.041798,153238334339,28.429025,Top 25%
512,3057,225254319,147,2014-01,2026-04,1532342.31,1850800,2025-10,1850800,0.04179,153463588658,28.470815,Top 25%
513,4560,225180385,147,2014-01,2026-04,1531839.35,2037822,2017-08,2037822,0.041776,153688769043,28.512591,Top 25%
514,4686,225035640,147,2014-01,2026-04,1530854.69,3611941,2019-03,3611941,0.041749,153913804683,28.55434,Top 25%
515,577,224865163,147,2014-01,2026-04,1529694.99,1758098,2019-03,1758098,0.041717,154138669846,28.596057,Top 25%
516,4773,224538256,147,2014-01,2026-04,1527471.13,2516525,2014-01,2516525,0.041657,154363208102,28.637714,Top 25%
517,3129,224442156,147,2014-01,2026-04,1526817.39,1856332,2023-03,1856332,0.041639,154587650258,28.679353,Top 25%
518,3705,224440053,119,2015-05,2026-04,1886050.87,5894351,2021-03,5894351,0.041638,154812090311,28.720991,Top 25%
519,2610,224324790,147,2014-01,2026-04,1526018.98,1761686,2016-10,1761686,0.041617,155036415101,28.762608,Top 25%
520,696,223956121,147,2014-01,2026-04,1523511.03,1859827,2025-08,1859827,0.041549,155260371222,28.804157,Top 25%
521,4880,223811901,147,2014-01,2026-04,1522529.94,1755267,2025-10,1755267,0.041522,155484183123,28.845679,Top 25%
522,4460,223550235,147,2014-01,2026-04,1520749.9,2121830,2023-08,2121830,0.041473,155707733358,28.887152,Top 25%
523,3318,223514091,147,2014-01,2026-04,1520504.02,1927722,2024-05,1927722,0.041467,155931247449,28.928619,Top 25%
524,3340,223510617,147,2014-01,2026-04,1520480.39,1843693,2017-10,1843693,0.041466,156154758066,28.970085,Top 25%
525,2500,223431577,147,2014-01,2026-04,1519942.7,1749641,2024-10,1749641,0.041451,156378189643,29.011536,Top 25%
526,5016,223270066,147,2014-01,2026-04,1518843.99,1864860,2024-10,1864860,0.041421,156601459709,29.052958,Top 25%
527,764,223160012,147,2014-01,2026-04,1518095.32,1768624,2017-03,1768624,0.041401,156824619721,29.094359,Top 25%
528,3242,223152090,147,2014-01,2026-04,1518041.43,2026211,2025-10,2026211,0.0414,157047771811,29.135758,Top 25%
529,2203,222709522,147,2014-01,2026-04,1515030.76,1935483,2017-03,1935483,0.041317,157270481333,29.177076,Top 25%
530,4682,222394479,147,2014-01,2026-04,1512887.61,1948777,2015-12,1948777,0.041259,157492875812,29.218335,Top 25%
531,3017,222390315,147,2014-01,2026-04,1512859.29,1907566,2017-05,1907566,0.041258,157715266127,29.259593,Top 25%
532,932,221549322,147,2014-01,2026-04,1507138.24,1750384,2014-10,1750384,0.041102,157936815449,29.300695,Top 25%
533,3042,221468626,147,2014-01,2026-04,1506589.29,1810607,2025-03,1810607,0.041087,158158284075,29.341782,Top 25%
534,863,221350028,147,2014-01,2026-04,1505782.5,2056984,2019-10,2056984,0.041065,158379634103,29.382848,Top 25%
535,786,221286393,147,2014-01,2026-04,1505349.61,1720434,2025-10,1720434,0.041053,158600920496,29.423901,Top 25%
536,3912,221135304,147,2014-01,2026-04,1504321.8,1808372,2017-03,1808372,0.041025,158822055800,29.464926,Top 25%
537,4879,221019164,147,2014-01,2026-04,1503531.73,2084006,2015-07,2084006,0.041004,159043074964,29.50593,Top 25%
538,3797,220963813,147,2014-01,2026-04,1503155.19,1741159,2014-05,1741159,0.040994,159264038777,29.546924,Top 25%
539,1118,220917934,145,2014-01,2026-04,1523571.96,1846337,2021-03,1846337,0.040985,159484956711,29.587909,Top 25%
540,3988,220885753,147,2014-01,2026-04,1502624.17,1879601,2026-03,1879601,0.040979,159705842464,29.628888,Top 25%
541,3710,220874051,147,2014-01,2026-04,1502544.56,1839869,2015-12,1839869,0.040977,159926716515,29.669865,Top 25%
542,2715,220863891,147,2014-01,2026-04,1502475.45,1924074,2021-12,1924074,0.040975,160147580406,29.71084,Top 25%
543,865,220030171,147,2014-01,2026-04,1496803.88,1708901,2023-03,1708901,0.04082,160367610577,29.75166,Top 25%
544,2606,219999972,147,2014-01,2026-04,1496598.45,1937567,2025-10,1937567,0.040815,160587610549,29.792475,Top 25%
545,2876,219964784,147,2014-01,2026-04,1496359.07,1663254,2019-10,1663254,0.040808,160807575333,29.833283,Top 25%
546,1050,219928506,147,2014-01,2026-04,1496112.29,2119707,2022-03,2119707,0.040801,161027503839,29.874085,Top 25%
547,5141,219721082,143,2014-05,2026-04,1536511.06,1885654,2024-08,1885654,0.040763,161247224921,29.914848,Top 25%
548,796,219531105,147,2014-01,2026-04,1493408.88,1771108,2018-10,1771108,0.040728,161466756026,29.955576,Top 25%
549,5820,219490847,146,2014-01,2026-04,1503361.97,5126240,2022-08,5126240,0.04072,161686246873,29.996296,Top 25%
550,888,219427889,147,2014-01,2026-04,1492706.73,1678968,2017-03,1678968,0.040709,161905674762,30.037004,Top 25%
551,4162,218995956,147,2014-01,2026-04,1489768.41,1974360,2017-03,1974360,0.040628,162124670718,30.077633,Top 25%
552,5017,218983447,147,2014-01,2026-04,1489683.31,1769022,2026-01,1769022,0.040626,162343654165,30.118259,Top 25%
553,3637,218747772,147,2014-01,2026-04,1488080.08,2290923,2025-10,2290923,0.040582,162562401937,30.158842,Top 25%
554,3350,218698362,147,2014-01,2026-04,1487743.96,1792724,2018-03,1792724,0.040573,162781100299,30.199415,Top 25%
555,2846,218592158,147,2014-01,2026-04,1487021.48,1908283,2014-03,1908283,0.040554,162999692457,30.239968,Top 25%
556,661,218221370,147,2014-01,2026-04,1484499.12,3062651,2016-10,3062651,0.040485,163217913827,30.280453,Top 25%
557,3341,218131328,147,2014-01,2026-04,1483886.59,1769290,2017-10,1769290,0.040468,163436045155,30.320921,Top 25%
558,3130,217470977,147,2014-01,2026-04,1479394.4,1800397,2025-05,1800397,0.040346,163653516132,30.361267,Top 25%
559,493,217404364,147,2014-01,2026-04,1478941.25,1744924,2025-10,1744924,0.040333,163870920496,30.4016,Top 25%
560,3063,217402378,147,2014-01,2026-04,1478927.74,1712379,2025-10,1712379,0.040333,164088322874,30.441933,Top 25%
561,1012,216931927,147,2014-01,2026-04,1475727.39,1718348,2025-10,1718348,0.040246,164305254801,30.482178,Top 25%
562,5111,216906580,147,2014-01,2026-04,1475554.97,1685782,2024-12,1685782,0.040241,164522161381,30.522419,Top 25%
563,2427,216632973,147,2014-01,2026-04,1473693.69,1796245,2022-03,1796245,0.04019,164738794354,30.562609,Top 25%
564,5020,216530493,147,2014-01,2026-04,1472996.55,1708690,2021-03,1708690,0.040171,164955324847,30.602781,Top 25%
565,189,216491082,147,2014-01,2026-04,1472728.45,1723264,2017-10,1723264,0.040164,165171815929,30.642944,Top 25%
566,4283,216359035,147,2014-01,2026-04,1471830.17,1832828,2014-05,1832828,0.040139,165388174964,30.683084,Top 25%
567,5903,216352124,144,2014-01,2026-04,1502445.31,3077222,2018-01,3077222,0.040138,165604527088,30.723222,Top 25%
568,3067,216257056,147,2014-01,2026-04,1471136.44,1678301,2025-10,1678301,0.04012,165820784144,30.763342,Top 25%
569,3558,215974856,147,2014-01,2026-04,1469216.71,1718995,2019-10,1718995,0.040068,166036759000,30.80341,Top 25%
570,3068,215754642,147,2014-01,2026-04,1467718.65,1714937,2025-10,1714937,0.040027,166252513642,30.843437,Top 25%
571,105,215643400,147,2014-01,2026-04,1466961.9,1658146,2018-05,1658146,0.040007,166468157042,30.883444,Top 25%
572,305,215598388,147,2014-01,2026-04,1466655.7,1753123,2025-10,1753123,0.039998,166683755430,30.923442,Top 25%
573,4741,215527454,147,2014-01,2026-04,1466173.16,2629055,2014-01,2629055,0.039985,166899282884,30.963427,Top 25%
574,4085,215522291,147,2014-01,2026-04,1466138.03,2213721,2022-03,2213721,0.039984,167114805175,31.003411,Top 25%
575,1122,215402072,147,2014-01,2026-04,1465320.22,1805516,2022-05,1805516,0.039962,167330207247,31.043373,Top 25%
576,4404,215267862,147,2014-01,2026-04,1464407.22,1833651,2014-10,1833651,0.039937,167545475109,31.083309,Top 25%
577,3720,215235329,147,2014-01,2026-04,1464185.91,2055911,2019-05,2055911,0.039931,167760710438,31.12324,Top 25%
578,2519,215149880,147,2014-01,2026-04,1463604.63,1823236,2025-03,1823236,0.039915,167975860318,31.163155,Top 25%
579,1336,215008660,147,2014-01,2026-04,1462643.95,1689611,2018-05,1689611,0.039889,168190868978,31.203044,Top 25%
580,4004,214963306,147,2014-01,2026-04,1462335.41,2184603,2018-11,2184603,0.03988,168405832284,31.242924,Top 25%
581,451,214889593,147,2014-01,2026-04,1461833.97,1743525,2022-03,1743525,0.039867,168620721877,31.282791,Top 25%
582,4463,214805368,147,2014-01,2026-04,1461261.01,1678290,2014-05,1678290,0.039851,168835527245,31.322642,Top 25%
583,3987,214707331,147,2014-01,2026-04,1460594.09,1898645,2018-05,1898645,0.039833,169050234576,31.362475,Top 25%
584,1105,214625169,147,2014-01,2026-04,1460035.16,1724696,2025-05,1724696,0.039818,169264859745,31.402292,Top 25%
585,2920,214616393,147,2014-01,2026-04,1459975.46,1895006,2019-10,1895006,0.039816,169479476138,31.442108,Top 25%
586,2504,214443852,147,2014-01,2026-04,1458801.71,1713318,2024-07,1713318,0.039784,169693919990,31.481892,Top 25%
587,337,213858152,147,2014-01,2026-04,1454817.36,1702411,2026-03,1702411,0.039675,169907778142,31.521568,Top 25%
588,2714,213512983,147,2014-01,2026-04,1452469.27,1817383,2023-05,1817383,0.039611,170121291125,31.561179,Top 25%
589,4601,213337280,147,2014-01,2026-04,1451274.01,2323185,2026-03,2323185,0.039579,170334628405,31.600758,Top 25%
590,548,213204093,147,2014-01,2026-04,1450367.98,2273105,2025-03,2273105,0.039554,170547832498,31.640312,Top 25%
591,3658,213143774,137,2014-09,2026-04,1555793.97,1868162,2025-03,1868162,0.039543,170760976272,31.679854,Top 25%
592,1337,213099327,147,2014-01,2026-04,1449655.29,2111927,2021-11,2111927,0.039535,170974075599,31.719389,Top 25%
593,793,212859552,147,2014-01,2026-04,1448024.16,1821921,2016-11,1821921,0.03949,171186935151,31.758879,Top 25%
594,3683,212627975,147,2014-01,2026-04,1446448.81,1740267,2024-08,1740267,0.039447,171399563126,31.798326,Top 25%
595,2565,212589378,147,2014-01,2026-04,1446186.24,1979598,2025-03,1979598,0.03944,171612152504,31.837766,Top 25%
596,2402,212545149,147,2014-01,2026-04,1445885.37,1608310,2016-08,1608310,0.039432,171824697653,31.877198,Top 25%
597,2866,212532006,147,2014-01,2026-04,1445795.96,1781128,2018-05,1781128,0.039429,172037229659,31.916627,Top 25%
598,939,212473871,147,2014-01,2026-04,1445400.48,1705144,2017-03,1705144,0.039418,172249703530,31.956046,Top 25%
599,2146,212277821,147,2014-01,2026-04,1444066.81,1637108,2018-03,1637108,0.039382,172461981351,31.995428,Top 25%
600,3101,212152752,147,2014-01,2026-04,1443216.0,1706629,2019-05,1706629,0.039359,172674134103,32.034787,Top 25%
601,4935,212076776,147,2014-01,2026-04,1442699.16,1846951,2025-10,1846951,0.039345,172886210879,32.074131,Top 25%
602,700,212047731,146,2014-01,2026-04,1452381.72,2132199,2026-03,2132199,0.039339,173098258610,32.113471,Top 25%
603,2219,211938388,147,2014-01,2026-04,1441757.74,1661061,2023-10,1661061,0.039319,173310196998,32.15279,Top 25%
604,1103,211852367,147,2014-01,2026-04,1441172.56,1767892,2015-09,1767892,0.039303,173522049365,32.192093,Top 25%
605,3535,211782578,124,2015-12,2026-04,1707924.02,2345457,2025-10,2345457,0.03929,173733831943,32.231383,Top 25%
606,3131,211756960,147,2014-01,2026-04,1440523.54,1703569,2019-05,1703569,0.039285,173945588903,32.270669,Top 25%
607,3643,211388089,147,2014-01,2026-04,1438014.21,1964878,2025-10,1964878,0.039217,174156976992,32.309886,Top 25%
608,2205,211342441,147,2014-01,2026-04,1437703.68,1811768,2014-07,1811768,0.039209,174368319433,32.349095,Top 25%
609,936,211304992,147,2014-01,2026-04,1437448.93,1748748,2017-05,1748748,0.039202,174579624425,32.388296,Top 25%
610,3267,211157160,147,2014-01,2026-04,1436443.27,1745618,2025-10,1745618,0.039174,174790781585,32.42747,Top 25%
611,4962,211055273,147,2014-01,2026-04,1435750.16,1758991,2025-11,1758991,0.039155,175001836858,32.466626,Top 25%
612,3559,210876736,147,2014-01,2026-04,1434535.62,1718926,2019-08,1718926,0.039122,175212713594,32.505748,Top 25%
613,504,210811091,147,2014-01,2026-04,1434089.05,1957240,2023-11,1957240,0.03911,175423524685,32.544858,Top 25%
614,483,210593393,147,2014-01,2026-04,1432608.12,2152641,2021-11,2152641,0.03907,175634118078,32.583928,Top 25%
615,4783,210591011,147,2014-01,2026-04,1432591.91,1825035,2019-05,1825035,0.039069,175844709089,32.622997,Top 25%
616,4475,210319592,147,2014-01,2026-04,1430745.52,1650599,2025-03,1650599,0.039019,176055028681,32.662016,Top 25%
617,924,210298330,147,2014-01,2026-04,1430600.88,2123633,2018-03,2123633,0.039015,176265327011,32.701031,Top 25%
618,1698,210210382,122,2016-02,2026-04,1723035.92,2422138,2023-03,2422138,0.038999,176475537393,32.740029,Top 25%
619,1306,210152914,140,2014-08,2026-04,1501092.24,1706131,2017-03,1706131,0.038988,176685690307,32.779017,Top 25%
620,4651,209701606,147,2014-01,2026-04,1426541.54,1666452,2025-10,1666452,0.038904,176895391913,32.817921,Top 25%
621,455,209656005,147,2014-01,2026-04,1426231.33,1673732,2017-10,1673732,0.038896,177105047918,32.856817,Top 25%
622,3312,209332984,147,2014-01,2026-04,1424033.9,2662500,2016-05,2662500,0.038836,177314380902,32.895653,Top 25%
623,400,209194029,147,2014-01,2026-04,1423088.63,1795611,2025-10,1795611,0.03881,177523574931,32.934463,Top 25%
624,317,209118091,147,2014-01,2026-04,1422572.05,1784506,2025-11,1784506,0.038796,177732693022,32.973259,Top 25%
625,970,209083298,147,2014-01,2026-04,1422335.36,1672341,2019-05,1672341,0.038789,177941776320,33.012048,Top 25%
626,1196,209070147,147,2014-01,2026-04,1422245.9,1658324,2021-12,1658324,0.038787,178150846467,33.050835,Top 25%
627,3362,209046337,145,2014-01,2026-04,1441698.88,1722122,2018-03,1722122,0.038783,178359892804,33.089618,Top 25%
628,1390,208910821,142,2014-06,2026-04,1471202.96,2421482,2025-10,2421482,0.038757,178568803625,33.128375,Top 25%
629,4115,208907933,147,2014-01,2026-04,1421142.4,1604064,2025-10,1604064,0.038757,178777711558,33.167132,Top 25%
630,3272,208880267,147,2014-01,2026-04,1420954.2,2054319,2024-05,2054319,0.038752,178986591825,33.205884,Top 25%
631,4652,208587039,147,2014-01,2026-04,1418959.45,1948107,2025-03,1948107,0.038697,179195178864,33.244581,Top 25%
632,556,208450748,147,2014-01,2026-04,1418032.3,1844645,2023-10,1844645,0.038672,179403629612,33.283254,Top 25%
633,2502,208380484,147,2014-01,2026-04,1417554.31,2422315,2023-03,2422315,0.038659,179612010096,33.321913,Top 25%
634,2823,208316745,147,2014-01,2026-04,1417120.71,1815176,2025-10,1815176,0.038647,179820326841,33.36056,Top 25%
635,2941,208276491,147,2014-01,2026-04,1416846.88,1773504,2018-03,1773504,0.03864,180028603332,33.3992,Top 25%
636,871,208241452,147,2014-01,2026-04,1416608.52,1617365,2025-05,1617365,0.038633,180236844784,33.437833,Top 25%
637,3600,208207491,147,2014-01,2026-04,1416377.49,1817356,2022-03,1817356,0.038627,180445052275,33.47646,Top 25%
638,4961,208078545,147,2014-01,2026-04,1415500.31,1836659,2016-12,1836659,0.038603,180653130820,33.515063,Top 25%
639,2830,207909029,147,2014-01,2026-04,1414347.14,2898576,2026-03,2898576,0.038572,180861039849,33.553635,Top 25%
640,587,207856919,147,2014-01,2026-04,1413992.65,2184883,2015-12,2184883,0.038562,181068896768,33.592197,Top 25%
641,4675,207771751,147,2014-01,2026-04,1413413.27,1641235,2016-07,1641235,0.038546,181276668519,33.630743,Top 25%
642,2925,207562798,147,2014-01,2026-04,1411991.82,1867508,2017-03,1867508,0.038507,181484231317,33.66925,Top 25%
643,4050,207285659,147,2014-01,2026-04,1410106.52,1670221,2017-05,1670221,0.038456,181691516976,33.707706,Top 25%
644,3091,207275358,147,2014-01,2026-04,1410036.45,1688445,2025-10,1688445,0.038454,181898792334,33.74616,Top 25%
645,141,207254103,147,2014-01,2026-04,1409891.86,1588228,2020-12,1588228,0.03845,182106046437,33.78461,Top 25%
646,549,207173626,147,2014-01,2026-04,1409344.39,1625414,2024-10,1625414,0.038435,182313220063,33.823045,Top 25%
647,1699,207086768,122,2016-02,2026-04,1697432.52,2379343,2024-10,2379343,0.038419,182520306831,33.861465,Top 25%
648,319,207034495,147,2014-01,2026-04,1408397.93,1714701,2025-11,1714701,0.038409,182727341326,33.899874,Top 25%
649,3566,206992312,147,2014-01,2026-04,1408110.97,1675012,2017-03,1675012,0.038402,182934333638,33.938275,Top 25%
650,543,206965164,147,2014-01,2026-04,1407926.29,1650421,2016-12,1650421,0.038397,183141298802,33.976672,Top 25%
651,2629,206897559,147,2014-01,2026-04,1407466.39,1670464,2025-10,1670464,0.038384,183348196361,34.015056,Top 25%
652,239,206775740,147,2014-01,2026-04,1406637.69,2055183,2017-05,2055183,0.038361,183554972101,34.053417,Top 25%
653,710,206770344,147,2014-01,2026-04,1406600.98,1704858,2022-05,1704858,0.03836,183761742445,34.091778,Top 25%
654,1102,206747132,147,2014-01,2026-04,1406443.07,1680746,2016-11,1680746,0.038356,183968489577,34.130134,Top 25%
655,1304,206566685,147,2014-01,2026-04,1405215.54,1680524,2018-08,1680524,0.038323,184175056262,34.168456,Top 25%
656,448,206368523,147,2014-01,2026-04,1403867.5,1712113,2025-03,1712113,0.038286,184381424785,34.206742,Top 25%
657,157,206328666,147,2014-01,2026-04,1403596.37,1664696,2024-12,1664696,0.038278,184587753451,34.245021,Top 25%
658,179,206277480,147,2014-01,2026-04,1403248.16,1761309,2016-08,1761309,0.038269,184794030931,34.28329,Top 25%
659,4550,206172399,147,2014-01,2026-04,1402533.33,1817595,2019-10,1817595,0.038249,185000203330,34.321539,Top 25%
660,537,206091087,147,2014-01,2026-04,1401980.18,1834958,2023-10,1834958,0.038234,185206294417,34.359773,Top 25%
661,3617,205936508,147,2014-01,2026-04,1400928.63,1620378,2025-03,1620378,0.038206,185412230925,34.397979,Top 25%
662,2331,205743265,147,2014-01,2026-04,1399614.05,1778838,2015-12,1778838,0.03817,185617974190,34.436149,Top 25%
663,3487,205724720,147,2014-01,2026-04,1399487.89,1636735,2017-03,1636735,0.038166,185823698910,34.474315,Top 25%
664,2818,205512402,146,2014-01,2026-04,1407619.19,1920716,2020-12,1920716,0.038127,186029211312,34.512442,Top 25%
665,2163,205507598,147,2014-01,2026-04,1398010.87,1655562,2024-10,1655562,0.038126,186234718910,34.550568,Top 25%
666,3206,205321556,147,2014-01,2026-04,1396745.28,2268801,2022-03,2268801,0.038092,186440040466,34.58866,Top 25%
667,2864,205172060,147,2014-01,2026-04,1395728.3,1980127,2025-10,1980127,0.038064,186645212526,34.626724,Top 25%
668,3618,204949698,147,2014-01,2026-04,1394215.63,1675910,2025-03,1675910,0.038023,186850162224,34.664746,Top 25%
669,3398,204848946,147,2014-01,2026-04,1393530.24,1898896,2025-03,1898896,0.038004,187055011170,34.70275,Top 25%
670,4405,204784234,147,2014-01,2026-04,1393090.03,1652262,2016-08,1652262,0.037992,187259795404,34.740742,Top 25%
671,3603,204718759,147,2014-01,2026-04,1392644.62,2117218,2015-03,2117218,0.03798,187464514163,34.778722,Top 25%
672,4564,204687645,147,2014-01,2026-04,1392432.96,2150154,2015-07,2150154,0.037974,187669201808,34.816696,Top 25%
673,4886,204549342,147,2014-01,2026-04,1391492.12,1626033,2017-03,1626033,0.037948,187873751150,34.854644,Top 25%
674,3483,204537984,147,2014-01,2026-04,1391414.86,1717014,2024-11,1717014,0.037946,188078289134,34.892591,Top 25%
675,3821,204491277,147,2014-01,2026-04,1391097.12,1629570,2017-03,1629570,0.037938,188282780411,34.930528,Top 25%
676,941,204447851,147,2014-01,2026-04,1390801.71,1611145,2017-10,1611145,0.037929,188487228262,34.968458,Top 25%
677,3599,204433903,147,2014-01,2026-04,1390706.82,1697994,2025-10,1697994,0.037927,188691662165,35.006384,Top 25%
678,201,204391826,147,2014-01,2026-04,1390420.59,1612663,2017-10,1612663,0.037919,188896053991,35.044304,Top 25%
679,311,204323129,147,2014-01,2026-04,1389953.26,1935195,2024-05,1935195,0.037906,189100377120,35.08221,Top 25%
680,4170,204291384,147,2014-01,2026-04,1389737.31,1800578,2017-05,1800578,0.0379,189304668504,35.12011,Top 25%
681,4049,204255694,147,2014-01,2026-04,1389494.52,1757023,2016-05,1757023,0.037894,189508924198,35.158004,Top 25%
682,5328,204012714,145,2014-03,2026-04,1406984.23,1912902,2025-10,1912902,0.037849,189712936912,35.195853,Top 25%
683,4816,204003936,147,2014-01,2026-04,1387781.88,1905511,2022-07,1905511,0.037847,189916940848,35.2337,Top 25%
684,3663,203853752,147,2014-01,2026-04,1386760.22,1658139,2018-03,1658139,0.037819,190120794600,35.271519,Top 25%
685,3635,203817203,147,2014-01,2026-04,1386511.59,1861885,2025-10,1861885,0.037812,190324611803,35.309332,Top 25%
686,139,203598210,147,2014-01,2026-04,1385021.84,1981670,2015-10,1981670,0.037772,190528210013,35.347104,Top 25%
687,4932,203585790,147,2014-01,2026-04,1384937.35,1721324,2024-10,1721324,0.03777,190731795803,35.384873,Top 25%
688,4930,203483290,147,2014-01,2026-04,1384240.07,1756722,2019-05,1756722,0.037751,190935279093,35.422624,Top 25%
689,1093,203375127,147,2014-01,2026-04,1383504.27,1634968,2022-03,1634968,0.03773,191138654220,35.460354,Top 25%
690,360,203316629,147,2014-01,2026-04,1383106.32,1716804,2025-03,1716804,0.03772,191341970849,35.498074,Top 25%
691,1064,203195052,147,2014-01,2026-04,1382279.27,1724098,2015-08,1724098,0.037697,191545165901,35.535771,Top 25%
692,2147,203076634,147,2014-01,2026-04,1381473.7,1709182,2025-10,1709182,0.037675,191748242535,35.573446,Top 25%
693,1094,203060411,147,2014-01,2026-04,1381363.34,1629912,2018-01,1629912,0.037672,191951302946,35.611118,Top 25%
694,2645,202858172,147,2014-01,2026-04,1379987.56,1768110,2025-07,1768110,0.037635,192154161118,35.648753,Top 25%
695,339,202832652,147,2014-01,2026-04,1379813.96,1666815,2026-03,1666815,0.03763,192356993770,35.686383,Top 25%
696,2012,202713309,147,2014-01,2026-04,1379002.1,1720108,2016-12,1720108,0.037608,192559707079,35.72399,Top 25%
697,3612,202660448,147,2014-01,2026-04,1378642.5,1621018,2022-03,1621018,0.037598,192762367527,35.761588,Top 25%
698,844,202523775,147,2014-01,2026-04,1377712.76,1622317,2019-05,1622317,0.037573,192964891302,35.799161,Top 25%
699,2879,202285864,147,2014-01,2026-04,1376094.31,1816045,2025-10,1816045,0.037528,193167177166,35.836689,Top 25%
700,153,202264221,147,2014-01,2026-04,1375947.08,1613481,2014-10,1613481,0.037524,193369441387,35.874214,Top 25%
701,491,202241627,147,2014-01,2026-04,1375793.38,1637715,2022-03,1637715,0.03752,193571683014,35.911734,Top 25%
702,3262,202174623,147,2014-01,2026-04,1375337.57,2780614,2019-12,2780614,0.037508,193773857637,35.949242,Top 25%
703,5019,202114723,147,2014-01,2026-04,1374930.09,1619487,2024-10,1619487,0.037497,193975972360,35.986738,Top 25%
704,799,202011328,147,2014-01,2026-04,1374226.72,1669386,2025-10,1669386,0.037477,194177983688,36.024216,Top 25%
705,4488,201969291,146,2014-01,2026-04,1383351.31,1802866,2019-10,1802866,0.03747,194379952979,36.061685,Top 25%
706,161,201967519,147,2014-01,2026-04,1373928.7,1670059,2016-08,1670059,0.037469,194581920498,36.099155,Top 25%
707,1119,201952840,147,2014-01,2026-04,1373828.84,1663256,2021-03,1663256,0.037467,194783873338,36.136621,Top 25%
708,377,201838023,147,2014-01,2026-04,1373047.78,1591713,2019-10,1591713,0.037445,194985711361,36.174067,Top 25%
709,5272,201837239,147,2014-01,2026-04,1373042.44,1851388,2022-05,1851388,0.037445,195187548600,36.211512,Top 25%
710,124,201751952,147,2014-01,2026-04,1372462.26,1555217,2019-05,1555217,0.037429,195389300552,36.248941,Top 25%
711,125,201486024,147,2014-01,2026-04,1370653.22,1691733,2018-08,1691733,0.03738,195590786576,36.286321,Top 25%
712,3344,201454286,147,2014-01,2026-04,1370437.32,2657953,2023-11,2657953,0.037374,195792240862,36.323695,Top 25%
713,3619,201397008,147,2014-01,2026-04,1370047.67,1610830,2022-03,1610830,0.037364,195993637870,36.361059,Top 25%
714,3640,201331660,147,2014-01,2026-04,1369603.13,1595653,2025-03,1595653,0.037351,196194969530,36.39841,Top 25%
715,3503,201250329,147,2014-01,2026-04,1369049.86,1686790,2015-11,1686790,0.037336,196396219859,36.435747,Top 25%
716,4032,201227182,147,2014-01,2026-04,1368892.39,1594256,2026-03,1594256,0.037332,196597447041,36.473079,Top 25%
717,2812,201172141,146,2014-01,2026-04,1377891.38,1859595,2020-12,1859595,0.037322,196798619182,36.5104,Top 25%
718,378,201060349,147,2014-01,2026-04,1367757.48,1630582,2018-10,1630582,0.037301,196999679531,36.547701,Top 25%
719,4746,200958284,147,2014-01,2026-04,1367063.16,1705381,2014-03,1705381,0.037282,197200637815,36.584983,Top 25%
720,4465,200489504,147,2014-01,2026-04,1363874.18,2781116,2022-09,2781116,0.037195,197401127319,36.622179,Top 25%
721,4992,200484996,147,2014-01,2026-04,1363843.51,1582220,2025-10,1582220,0.037194,197601612315,36.659373,Top 25%
722,3700,200434024,147,2014-01,2026-04,1363496.76,1610451,2025-10,1610451,0.037185,197802046339,36.696558,Top 25%
723,199,200339015,147,2014-01,2026-04,1362850.44,1652888,2018-03,1652888,0.037167,198002385354,36.733725,Top 25%
724,640,200315696,147,2014-01,2026-04,1362691.81,1629654,2014-10,1629654,0.037163,198202701050,36.770888,Top 25%
725,662,200229308,147,2014-01,2026-04,1362104.14,1784544,2026-03,1784544,0.037147,198402930358,36.808035,Top 25%
726,2178,199997464,147,2014-01,2026-04,1360526.97,1658636,2024-10,1658636,0.037104,198602927822,36.845139,Top 25%
727,778,199985205,147,2014-01,2026-04,1360443.57,1576166,2016-11,1576166,0.037102,198802913027,36.88224,Top 25%
728,2636,199535526,147,2014-01,2026-04,1357384.53,1565558,2025-10,1565558,0.037018,199002448553,36.919258,Top 25%
729,4704,199340167,147,2014-01,2026-04,1356055.56,1587317,2017-10,1587317,0.036982,199201788720,36.95624,Top 25%
730,512,199222408,147,2014-01,2026-04,1355254.48,1608277,2024-05,1608277,0.03696,199401011128,36.9932,Top 25%
731,3190,199070320,147,2014-01,2026-04,1354219.86,2555699,2024-03,2555699,0.036932,199600081448,37.030132,Top 25%
732,268,199026039,147,2014-01,2026-04,1353918.63,1545113,2018-03,1545113,0.036924,199799107487,37.067056,Top 25%
733,2442,198994822,147,2014-01,2026-04,1353706.27,1970504,2019-10,1970504,0.036918,199998102309,37.103974,Top 25%
734,678,198985368,147,2014-01,2026-04,1353641.96,1723201,2026-03,1723201,0.036916,200197087677,37.14089,Top 25%
735,795,198974643,147,2014-01,2026-04,1353569.0,1710416,2025-10,1710416,0.036914,200396062320,37.177804,Top 25%
736,5154,198957366,122,2014-06,2026-04,1630798.08,1899580,2024-10,1899580,0.036911,200595019686,37.214715,Top 25%
737,2022,198850182,147,2014-01,2026-04,1352722.33,1677182,2025-10,1677182,0.036891,200793869868,37.251606,Top 25%
738,1101,198681988,147,2014-01,2026-04,1351578.15,1730923,2014-03,1730923,0.03686,200992551856,37.288466,Top 25%
739,755,198409437,147,2014-01,2026-04,1349724.06,1902388,2025-10,1902388,0.036809,201190961293,37.325275,Top 25%
740,600,198294310,147,2014-01,2026-04,1348940.88,1991724,2021-11,1991724,0.036788,201389255603,37.362063,Top 25%
741,1178,198196845,147,2014-01,2026-04,1348277.86,1572535,2017-03,1572535,0.03677,201587452448,37.398832,Top 25%
742,1776,198160310,81,2019-08,2026-04,2446423.58,2853411,2019-10,2853411,0.036763,201785612758,37.435596,Top 25%
743,629,198146435,147,2014-01,2026-04,1347934.93,1543473,2024-10,1543473,0.03676,201983759193,37.472356,Top 25%
744,798,198047564,147,2014-01,2026-04,1347262.34,1589010,2017-03,1589010,0.036742,202181806757,37.509098,Top 25%
745,961,197855058,147,2014-01,2026-04,1345952.78,1593560,2021-03,1593560,0.036706,202379661815,37.545804,Top 25%
746,2511,197745929,147,2014-01,2026-04,1345210.4,1723014,2024-02,1723014,0.036686,202577407744,37.582491,Top 25%
747,3662,197431886,147,2014-01,2026-04,1343074.05,1560686,2017-05,1560686,0.036628,202774839630,37.619118,Top 25%
748,848,197407552,147,2014-01,2026-04,1342908.52,1531172,2023-03,1531172,0.036623,202972247182,37.655742,Top 25%
749,130,197212606,147,2014-01,2026-04,1341582.35,2258770,2014-07,2258770,0.036587,203169459788,37.692329,Top 25%
750,659,197005972,147,2014-01,2026-04,1340176.68,1665516,2025-10,1665516,0.036549,203366465760,37.728878,Top 25%
751,4812,196949010,147,2014-01,2026-04,1339789.18,1611878,2018-05,1611878,0.036538,203563414770,37.765416,Top 25%
752,4565,196856657,147,2014-01,2026-04,1339160.93,2255856,2018-10,2255856,0.036521,203760271427,37.801937,Top 25%
753,4334,196768873,147,2014-01,2026-04,1338563.76,1659407,2014-05,1659407,0.036505,203957040300,37.838442,Top 25%
754,602,196531130,147,2014-01,2026-04,1336946.46,1630285,2017-10,1630285,0.036461,204153571430,37.874903,Top 25%
755,3563,196507834,147,2014-01,2026-04,1336787.99,1535059,2025-10,1535059,0.036456,204350079264,37.91136,Top 25%
756,886,196464113,147,2014-01,2026-04,1336490.56,1587402,2014-05,1587402,0.036448,204546543377,37.947808,Top 25%
757,283,196331886,147,2014-01,2026-04,1335591.06,1785807,2015-10,1785807,0.036424,204742875263,37.984232,Top 25%
758,200,196123581,147,2014-01,2026-04,1334174.02,2029885,2025-10,2029885,0.036385,204938998844,38.020617,Top 25%
759,281,196104794,147,2014-01,2026-04,1334046.22,1761388,2017-08,1761388,0.036382,205135103638,38.056999,Top 25%
760,454,195903184,147,2014-01,2026-04,1332674.72,1750617,2021-11,1750617,0.036344,205331006822,38.093343,Top 25%
761,3732,195898948,147,2014-01,2026-04,1332645.9,1520214,2025-03,1520214,0.036343,205526905770,38.129686,Top 25%
762,599,195725817,147,2014-01,2026-04,1331468.14,1578984,2025-08,1578984,0.036311,205722631587,38.165998,Top 25%
763,3513,195557012,147,2014-01,2026-04,1330319.81,1647974,2016-10,1647974,0.03628,205918188599,38.202278,Top 25%
764,1202,195205363,147,2014-01,2026-04,1327927.64,1474701,2025-10,1474701,0.036215,206113393962,38.238493,Top 25%
765,197,195138741,146,2014-01,2026-04,1336566.72,1664735,2017-10,1664735,0.036202,206308532703,38.274695,Top 25%
766,4014,195131976,147,2014-01,2026-04,1327428.41,1570112,2014-10,1570112,0.036201,206503664679,38.310896,Top 25%
767,2902,194999070,147,2014-01,2026-04,1326524.29,1738421,2018-10,1738421,0.036177,206698663749,38.347073,Top 25%
768,2333,194922968,147,2014-01,2026-04,1326006.59,3573670,2014-01,3573670,0.036162,206893586717,38.383235,Top 25%
769,4558,194897343,147,2014-01,2026-04,1325832.27,2299153,2025-01,2299153,0.036158,207088484060,38.419393,Top 25%
770,3363,194814928,147,2014-01,2026-04,1325271.62,1529993,2018-03,1529993,0.036142,207283298988,38.455535,Top 25%
771,2903,194587436,147,2014-01,2026-04,1323724.05,1672500,2019-08,1672500,0.0361,207477886424,38.491635,Top 25%
772,367,194509728,147,2014-01,2026-04,1323195.43,2026659,2025-03,2026659,0.036086,207672396152,38.527721,Top 25%
773,2639,194477365,147,2014-01,2026-04,1322975.27,1566598,2024-12,1566598,0.03608,207866873517,38.563801,Top 25%
774,5257,194398402,147,2014-01,2026-04,1322438.11,1561591,2019-10,1561591,0.036065,208061271919,38.599866,Top 25%
775,4266,194340257,147,2014-01,2026-04,1322042.56,1684473,2019-12,1684473,0.036054,208255612176,38.63592,Top 25%
776,3554,194337229,147,2014-01,2026-04,1322021.97,1526063,2019-03,1526063,0.036054,208449949405,38.671974,Top 25%
777,995,194328377,147,2014-01,2026-04,1321961.75,1931612,2022-03,1931612,0.036052,208644277782,38.708026,Top 25%
778,330,194290453,147,2014-01,2026-04,1321703.76,1614733,2017-12,1614733,0.036045,208838568235,38.744071,Top 25%
779,5143,194268257,147,2014-01,2026-04,1321552.77,1600227,2024-08,1600227,0.036041,209032836492,38.780112,Top 25%
780,611,194207819,147,2014-01,2026-04,1321141.63,1522207,2025-10,1522207,0.03603,209227044311,38.816142,Top 25%
781,3697,194191638,147,2014-01,2026-04,1321031.55,1539101,2019-10,1539101,0.036027,209421235949,38.852169,Top 25%
782,3330,194188858,147,2014-01,2026-04,1321012.64,1571570,2014-08,1571570,0.036026,209615424807,38.888195,Top 25%
783,2335,194054063,147,2014-01,2026-04,1320095.67,1514607,2025-10,1514607,0.036001,209809478870,38.924196,Top 25%
784,4920,194011378,147,2014-01,2026-04,1319805.29,1555797,2019-08,1555797,0.035993,210003490248,38.96019,Top 25%
785,2208,193891100,147,2014-01,2026-04,1318987.07,1628382,2015-12,1628382,0.035971,210197381348,38.996161,Top 25%
786,2706,193836796,147,2014-01,2026-04,1318617.66,1556651,2017-03,1556651,0.035961,210391218144,39.032121,Top 25%
787,149,193789937,147,2014-01,2026-04,1318298.89,1497396,2018-10,1497396,0.035952,210585008081,39.068074,Top 25%
788,208,193774696,147,2014-01,2026-04,1318195.21,1646288,2016-03,1646288,0.035949,210778782777,39.104023,Top 25%
789,4780,193560868,147,2014-01,2026-04,1316740.6,1512908,2025-10,1512908,0.03591,210972343645,39.139933,Top 25%
790,2184,193453687,147,2014-01,2026-04,1316011.48,1822221,2025-10,1822221,0.03589,211165797332,39.175823,Top 25%
791,3396,193422258,147,2014-01,2026-04,1315797.67,1551328,2025-03,1551328,0.035884,211359219590,39.211707,Top 25%
792,158,193420053,147,2014-01,2026-04,1315782.67,1493415,2023-03,1493415,0.035884,211552639643,39.24759,Top 25%
793,774,193175138,147,2014-01,2026-04,1314116.59,1551933,2019-10,1551933,0.035838,211745814781,39.283428,Top 25%
794,267,193019524,147,2014-01,2026-04,1313057.99,1489138,2024-05,1489138,0.035809,211938834305,39.319238,Top 25%
795,3939,192892336,147,2014-01,2026-04,1312192.76,1553287,2023-03,1553287,0.035786,212131726641,39.355023,Top 25%
796,3919,192872794,147,2014-01,2026-04,1312059.82,1652321,2025-03,1652321,0.035782,212324599435,39.390805,Top 25%
797,2616,192759636,147,2014-01,2026-04,1311290.04,1845910,2025-10,1845910,0.035761,212517359071,39.426567,Top 25%
798,159,192741528,147,2014-01,2026-04,1311166.86,1568383,2016-12,1568383,0.035758,212710100599,39.462324,Top 25%
799,3352,192621087,147,2014-01,2026-04,1310347.53,1467053,2019-05,1467053,0.035735,212902721686,39.49806,Top 25%
800,4540,192558335,147,2014-01,2026-04,1309920.65,1830610,2025-03,1830610,0.035724,213095280021,39.533783,Top 25%
801,4710,192407751,147,2014-01,2026-04,1308896.27,1653697,2018-05,1653697,0.035696,213287687772,39.569479,Top 25%
802,2781,191718331,147,2014-01,2026-04,1304206.33,1536473,2017-12,1536473,0.035568,213479406103,39.605047,Top 25%
803,3316,191706968,147,2014-01,2026-04,1304129.03,1613658,2018-03,1613658,0.035566,213671113071,39.640613,Top 25%
804,4989,191664737,147,2014-01,2026-04,1303841.75,1621865,2022-02,1621865,0.035558,213862777808,39.676171,Top 25%
805,2772,191568776,147,2014-01,2026-04,1303188.95,1521127,2019-03,1521127,0.03554,214054346584,39.711711,Top 25%
806,1415,191463136,101,2017-11,2026-04,1895674.61,2465466,2019-05,2465466,0.035521,214245809720,39.747232,Top 25%
807,3695,191439726,147,2014-01,2026-04,1302311.06,1578675,2025-03,1578675,0.035516,214437249446,39.782748,Top 25%
808,5801,191432716,147,2014-01,2026-04,1302263.37,2155269,2018-09,2155269,0.035515,214628682162,39.818263,Top 25%
809,335,191354028,147,2014-01,2026-04,1301728.08,1516054,2026-03,1516054,0.0355,214820036190,39.853763,Top 25%
810,2730,191282754,147,2014-01,2026-04,1301243.22,1582475,2018-05,1582475,0.035487,215011318944,39.88925,Top 25%
811,3113,191232543,147,2014-01,2026-04,1300901.65,2183998,2018-05,2183998,0.035478,215202551487,39.924728,Top 25%
812,3229,191230831,147,2014-01,2026-04,1300890.01,1943034,2019-03,1943034,0.035477,215393782318,39.960205,Top 25%
813,5253,191022757,147,2014-01,2026-04,1299474.54,2241449,2014-01,2241449,0.035439,215584805075,39.995644,Top 25%
814,2343,190958088,147,2014-01,2026-04,1299034.61,1584127,2016-11,1584127,0.035427,215775763163,40.031071,Top 25%
815,1145,190678315,147,2014-01,2026-04,1297131.39,1570190,2025-10,1570190,0.035375,215966441478,40.066446,Top 25%
816,3699,190652360,147,2014-01,2026-04,1296954.83,1732002,2021-11,1732002,0.03537,216157093838,40.101816,Top 25%
817,3345,190635570,147,2014-01,2026-04,1296840.61,6541703,2020-04,6541703,0.035367,216347729408,40.137183,Top 25%
818,4159,190543009,147,2014-01,2026-04,1296210.95,1557272,2019-08,1557272,0.03535,216538272417,40.172533,Top 25%
819,5021,190332888,147,2014-01,2026-04,1294781.55,1478401,2021-03,1478401,0.035311,216728605305,40.207844,Top 25%
820,237,190178717,147,2014-01,2026-04,1293732.77,1559125,2025-10,1559125,0.035282,216918784022,40.243126,Top 25%
821,5014,189962800,147,2014-01,2026-04,1292263.95,2008476,2021-11,2008476,0.035242,217108746822,40.278368,Top 25%
822,618,189951200,147,2014-01,2026-04,1292185.03,1678313,2019-03,1678313,0.03524,217298698022,40.313608,Top 25%
823,4448,189912709,147,2014-01,2026-04,1291923.19,2718861,2025-07,2718861,0.035233,217488610731,40.348841,Top 25%
824,2021,189801202,147,2014-01,2026-04,1291164.64,1626404,2019-10,1626404,0.035212,217678411933,40.384053,Top 25%
825,4043,189744728,147,2014-01,2026-04,1290780.46,1479582,2019-10,1479582,0.035202,217868156661,40.419255,Top 25%
826,1113,189737174,147,2014-01,2026-04,1290729.07,1638721,2019-05,1638721,0.0352,218057893835,40.454456,Top 25%
827,194,189454388,147,2014-01,2026-04,1288805.36,1537873,2017-03,1537873,0.035148,218247348223,40.489603,Top 25%
828,4041,189364698,147,2014-01,2026-04,1288195.22,1446629,2017-03,1446629,0.035131,218436712921,40.524735,Top 25%
829,403,189074559,147,2014-01,2026-04,1286221.49,1945462,2021-11,1945462,0.035077,218625787480,40.559812,Top 25%
830,3238,188866610,147,2014-01,2026-04,1284806.87,1668011,2018-05,1668011,0.035039,218814654090,40.594851,Top 25%
831,3659,188374431,147,2014-01,2026-04,1281458.71,1548713,2015-05,1548713,0.034948,219003028521,40.629799,Top 25%
832,358,188334558,147,2014-01,2026-04,1281187.47,1634476,2025-08,1634476,0.03494,219191363079,40.664739,Top 25%
833,2787,188282596,147,2014-01,2026-04,1280833.99,1625974,2018-10,1625974,0.03493,219379645675,40.699669,Top 25%
834,4805,188193760,147,2014-01,2026-04,1280229.66,1526012,2014-05,1526012,0.034914,219567839435,40.734583,Top 25%
835,2637,188113351,147,2014-01,2026-04,1279682.66,1483497,2025-10,1483497,0.034899,219755952786,40.769482,Top 25%
836,438,188100661,147,2014-01,2026-04,1279596.33,1572582,2018-10,1572582,0.034897,219944053447,40.804379,Top 25%
837,717,188059733,147,2014-01,2026-04,1279317.91,1644957,2023-03,1644957,0.034889,220132113180,40.839268,Top 25%
838,2423,188001966,147,2014-01,2026-04,1278924.94,1462774,2019-08,1462774,0.034878,220320115146,40.874147,Top 25%
839,163,187677542,147,2014-01,2026-04,1276717.97,1487669,2017-03,1487669,0.034818,220507792688,40.908965,Top 25%
840,4919,187614237,147,2014-01,2026-04,1276287.33,1714727,2025-10,1714727,0.034806,220695406925,40.943771,Top 25%
841,2768,187573043,147,2014-01,2026-04,1276007.1,1514601,2018-10,1514601,0.034799,220882979968,40.97857,Top 25%
842,3177,187486409,147,2014-01,2026-04,1275417.75,2140349,2024-08,2140349,0.034783,221070466377,41.013353,Top 25%
843,4661,187458784,147,2014-01,2026-04,1275229.82,2425012,2025-07,2425012,0.034778,221257925161,41.048131,Top 25%
844,5249,187436651,147,2014-01,2026-04,1275079.26,2636822,2023-06,2636822,0.034774,221445361812,41.082904,Top 25%
845,5064,187338289,147,2014-01,2026-04,1274410.13,1617852,2026-03,1617852,0.034755,221632700101,41.117659,Top 25%
846,2166,187328807,147,2014-01,2026-04,1274345.63,1462898,2024-10,1462898,0.034754,221820028908,41.152413,Top 25%
847,4145,187281836,147,2014-01,2026-04,1274026.1,2066666,2026-03,2066666,0.034745,222007310744,41.187158,Top 25%
848,3314,187229907,147,2014-01,2026-04,1273672.84,1605745,2024-05,1605745,0.034735,222194540651,41.221893,Top 25%
849,4740,187183984,147,2014-01,2026-04,1273360.44,1530404,2025-10,1530404,0.034727,222381724635,41.25662,Top 25%
850,310,187151080,147,2014-01,2026-04,1273136.6,1624460,2023-10,1624460,0.034721,222568875715,41.29134,Top 25%
851,1331,187089408,147,2014-01,2026-04,1272717.06,11736729,2022-05,11736729,0.034709,222755965123,41.326049,Top 25%
852,459,186627902,147,2014-01,2026-04,1269577.56,1488205,2024-10,1488205,0.034624,222942593025,41.360673,Top 25%
853,3690,186545150,147,2014-01,2026-04,1269014.63,1658208,2025-07,1658208,0.034608,223129138175,41.395281,Top 25%
854,4356,186278151,147,2014-01,2026-04,1267198.31,2195168,2026-03,2195168,0.034559,223315416326,41.42984,Top 25%
855,3884,186241724,147,2014-01,2026-04,1266950.5,1477666,2014-03,1477666,0.034552,223501658050,41.464392,Top 25%
856,3150,186172190,147,2014-01,2026-04,1266477.48,1463374,2025-10,1463374,0.034539,223687830240,41.498931,Top 25%
857,4506,186131134,147,2014-01,2026-04,1266198.19,1512588,2017-03,1512588,0.034531,223873961374,41.533462,Top 25%
858,4160,186127831,147,2014-01,2026-04,1266175.72,1421458,2025-10,1421458,0.034531,224060089205,41.567993,Top 25%
859,191,185963015,147,2014-01,2026-04,1265054.52,1683272,2019-03,1683272,0.0345,224246052220,41.602493,Top 25%
860,2347,185782284,147,2014-01,2026-04,1263825.06,2672852,2018-08,2672852,0.034467,224431834504,41.636959,Top 25%
861,3817,185598195,147,2014-01,2026-04,1262572.76,1435067,2019-05,1435067,0.034432,224617432699,41.671392,Top 25%
862,5004,185464455,147,2014-01,2026-04,1261662.96,1516709,2024-12,1516709,0.034408,224802897154,41.7058,Top 25%
863,1104,185396477,147,2014-01,2026-04,1261200.52,1626647,2016-04,1626647,0.034395,224988293631,41.740195,Top 25%
864,1701,185357045,122,2016-02,2026-04,1519320.04,1940056,2021-03,1940056,0.034388,225173650676,41.774582,Top 25%
865,3816,185316797,147,2014-01,2026-04,1260658.48,1495080,2014-05,1495080,0.03438,225358967473,41.808963,Top 25%
866,598,185263935,147,2014-01,2026-04,1260298.88,1495926,2017-05,1495926,0.03437,225544231408,41.843333,Top 25%
867,384,185255716,146,2014-01,2026-03,1268874.77,1501603,2019-10,1501603,0.034369,225729487124,41.877702,Top 25%
868,3076,185217940,147,2014-01,2026-04,1259985.99,1550752,2024-10,1550752,0.034362,225914705064,41.912064,Top 25%
869,3564,185083195,147,2014-01,2026-04,1259069.35,1459040,2017-05,1459040,0.034337,226099788259,41.946401,Top 25%
870,5023,185060448,147,2014-01,2026-04,1258914.61,1448605,2025-10,1448605,0.034333,226284848707,41.980734,Top 25%
871,503,184898986,147,2014-01,2026-04,1257816.23,1724387,2024-04,1724387,0.034303,226469747693,42.015036,Top 25%
872,4373,184851571,147,2014-01,2026-04,1257493.68,1588236,2019-10,1588236,0.034294,226654599264,42.04933,Top 25%
873,4745,184759246,147,2014-01,2026-04,1256865.62,1439694,2014-03,1439694,0.034277,226839358510,42.083607,Top 25%
874,4351,184751849,147,2014-01,2026-04,1256815.3,1594565,2019-03,1594565,0.034275,227024110359,42.117883,Top 25%
875,252,184740159,147,2014-01,2026-04,1256735.78,1439802,2018-03,1439802,0.034273,227208850518,42.152156,Top 25%
876,4726,184715353,147,2014-01,2026-04,1256567.03,1594217,2014-08,1594217,0.034269,227393565871,42.186425,Top 25%
877,1195,184601322,147,2014-01,2026-04,1255791.31,1484416,2017-10,1484416,0.034248,227578167193,42.220672,Top 25%
878,2598,184513474,147,2014-01,2026-04,1255193.7,1572135,2025-07,1572135,0.034231,227762680667,42.254903,Top 25%
879,3085,184448137,147,2014-01,2026-04,1254749.23,1428485,2025-10,1428485,0.034219,227947128804,42.289123,Top 25%
880,3646,184080499,147,2014-01,2026-04,1252248.29,1556331,2024-10,1556331,0.034151,228131209303,42.323273,Top 25%
881,987,183979695,147,2014-01,2026-04,1251562.55,1437656,2019-10,1437656,0.034132,228315188998,42.357406,Top 25%
882,3146,183934851,147,2014-01,2026-04,1251257.49,1471249,2025-10,1471249,0.034124,228499123849,42.39153,Top 25%
883,664,183482940,147,2014-01,2026-04,1248183.27,1488150,2022-03,1488150,0.03404,228682606789,42.42557,Top 25%
884,857,183475358,147,2014-01,2026-04,1248131.69,2231046,2020-08,2231046,0.034039,228866082147,42.459608,Top 25%
885,3846,183307734,147,2014-01,2026-04,1246991.39,1459780,2017-03,1459780,0.034008,229049389881,42.493616,Top 25%
886,290,183306146,147,2014-01,2026-04,1246980.59,1484989,2022-03,1484989,0.034007,229232696027,42.527623,Top 25%
887,165,183083979,147,2014-01,2026-04,1245469.24,1504347,2017-03,1504347,0.033966,229415780006,42.561589,Top 25%
888,5227,183027331,147,2014-01,2026-04,1245083.88,1719607,2024-08,1719607,0.033956,229598807337,42.595545,Top 25%
889,906,182945794,147,2014-01,2026-04,1244529.21,1563169,2019-10,1563169,0.03394,229781753131,42.629485,Top 25%
890,2605,182912935,147,2014-01,2026-04,1244305.68,1449802,2019-10,1449802,0.033934,229964666066,42.663419,Top 25%
891,1114,182904591,147,2014-01,2026-04,1244248.92,1648537,2024-10,1648537,0.033933,230147570657,42.697352,Top 25%
892,361,182794277,147,2014-01,2026-04,1243498.48,1683940,2024-05,1683940,0.033912,230330364934,42.731264,Top 25%
893,506,182789249,147,2014-01,2026-04,1243464.28,1679807,2026-03,1679807,0.033911,230513154183,42.765176,Top 25%
894,3315,182663827,147,2014-01,2026-04,1242611.07,1490114,2018-03,1490114,0.033888,230695818010,42.799064,Top 25%
895,781,182643397,147,2014-01,2026-04,1242472.09,1557588,2024-10,1557588,0.033884,230878461407,42.832948,Top 25%
896,2878,182546301,147,2014-01,2026-04,1241811.57,1487495,2019-10,1487495,0.033866,231061007708,42.866814,Top 25%
897,4389,182386346,147,2014-01,2026-04,1240723.44,1604668,2019-05,1604668,0.033837,231243394054,42.900651,Top 25%
898,450,182382615,147,2014-01,2026-04,1240698.06,1410500,2018-05,1410500,0.033836,231425776669,42.934487,Top 25%
899,1046,182305195,147,2014-01,2026-04,1240171.39,1774623,2019-10,1774623,0.033822,231608081864,42.968309,Top 25%
900,4353,182270492,147,2014-01,2026-04,1239935.32,1508201,2015-08,1508201,0.033815,231790352356,43.002124,Top 25%
901,5281,182183332,147,2014-01,2026-04,1239342.39,1852719,2022-12,1852719,0.033799,231972535688,43.035923,Top 25%
902,4954,182142488,147,2014-01,2026-04,1239064.54,1555177,2018-10,1555177,0.033791,232154678176,43.069714,Top 25%
903,127,182070063,147,2014-01,2026-04,1238571.86,1606092,2025-05,1606092,0.033778,232336748239,43.103492,Top 25%
904,1697,181971130,121,2016-02,2026-04,1503893.64,2222926,2025-03,2222926,0.03376,232518719369,43.137251,Top 25%
905,2602,181747505,147,2014-01,2026-04,1236377.59,1426371,2016-10,1426371,0.033718,232700466874,43.17097,Top 25%
906,4388,181692571,147,2014-01,2026-04,1236003.88,1505169,2019-10,1505169,0.033708,232882159445,43.204677,Top 25%
907,3615,181692310,147,2014-01,2026-04,1236002.11,1428999,2024-10,1428999,0.033708,233063851755,43.238385,Top 25%
908,680,181571899,147,2014-01,2026-04,1235182.99,1668724,2025-09,1668724,0.033686,233245423654,43.272071,Top 25%
909,2964,181544119,147,2014-01,2026-04,1234994.01,1644226,2018-05,1644226,0.03368,233426967773,43.305751,Top 25%
910,998,181401428,147,2014-01,2026-04,1234023.32,1674611,2019-01,1674611,0.033654,233608369201,43.339405,Top 25%
911,5824,181395483,147,2014-01,2026-04,1233982.88,2322886,2020-11,2322886,0.033653,233789764684,43.373058,Top 25%
912,4994,181361268,147,2014-01,2026-04,1233750.12,1744721,2015-10,1744721,0.033646,233971125952,43.406704,Top 25%
913,854,181273774,147,2014-01,2026-04,1233154.93,1697640,2024-03,1697640,0.03363,234152399726,43.440335,Top 25%
914,3642,181160236,147,2014-01,2026-04,1232382.56,1954192,2026-03,1954192,0.033609,234333559962,43.473944,Top 25%
915,112,181113685,147,2014-01,2026-04,1232065.88,1458492,2014-05,1458492,0.033601,234514673647,43.507544,Top 25%
916,4542,180973916,147,2014-01,2026-04,1231115.07,1865699,2016-12,1865699,0.033575,234695647563,43.541119,Top 25%
917,3594,180900910,147,2014-01,2026-04,1230618.44,1429329,2018-05,1429329,0.033561,234876548473,43.57468,Top 25%
918,2881,180871881,147,2014-01,2026-04,1230420.96,1780489,2026-03,1780489,0.033556,235057420354,43.608235,Top 25%
919,3597,180734507,147,2014-01,2026-04,1229486.44,1557583,2022-05,1557583,0.03353,235238154861,43.641766,Top 25%
920,4146,180684719,147,2014-01,2026-04,1229147.75,1462175,2017-10,1462175,0.033521,235418839580,43.675287,Top 25%
921,2595,180637327,146,2014-01,2026-04,1237241.97,2132338,2023-11,2132338,0.033512,235599476907,43.708799,Top 25%
922,954,180577388,147,2014-01,2026-04,1228417.61,1718604,2026-03,1718604,0.033501,235780054295,43.7423,Top 25%
923,2858,180310991,147,2014-01,2026-04,1226605.38,1523646,2025-05,1523646,0.033452,235960365286,43.775751,Top 25%
924,4934,180247557,147,2014-01,2026-04,1226173.86,1428122,2025-10,1428122,0.03344,236140612843,43.809191,Top 25%
925,4087,180222041,147,2014-01,2026-04,1226000.28,1501622,2017-03,1501622,0.033435,236320834884,43.842626,Top 25%
926,5235,180212073,147,2014-01,2026-04,1225932.47,2155332,2026-03,2155332,0.033433,236501046957,43.876059,Top 25%
927,2501,180170992,147,2014-01,2026-04,1225653.01,2244762,2014-09,2244762,0.033426,236681217949,43.909485,Top 25%
928,2640,179791534,147,2014-01,2026-04,1223071.66,1509023,2025-07,1509023,0.033355,236861009483,43.94284,Top 25%
929,3870,179728317,147,2014-01,2026-04,1222641.61,1997645,2019-08,1997645,0.033343,237040737800,43.976184,Top 25%
930,4210,179672841,147,2014-01,2026-04,1222264.22,1792479,2021-12,1792479,0.033333,237220410641,44.009517,Top 25%
931,188,179376050,147,2014-01,2026-04,1220245.24,1429723,2022-03,1429723,0.033278,237399786691,44.042795,Top 25%
932,175,179250790,147,2014-01,2026-04,1219393.13,1496330,2019-03,1496330,0.033255,237579037481,44.07605,Top 25%
933,1057,179159736,147,2014-01,2026-04,1218773.71,1512282,2014-10,1512282,0.033238,237758197217,44.109288,Top 25%
934,4462,178808490,147,2014-01,2026-04,1216384.29,1394383,2014-03,1394383,0.033173,237937005707,44.142461,Top 25%
935,129,178428317,147,2014-01,2026-04,1213798.07,1482137,2016-12,1482137,0.033102,238115434024,44.175563,Top 25%
936,3553,178304857,147,2014-01,2026-04,1212958.21,1477759,2019-03,1477759,0.033079,238293738881,44.208643,Top 25%
937,3450,178130033,147,2014-01,2026-04,1211768.93,1439874,2025-03,1439874,0.033047,238471868914,44.241689,Top 25%
938,3347,178016599,147,2014-01,2026-04,1210997.27,1394272,2018-05,1394272,0.033026,238649885513,44.274715,Top 25%
939,1185,177917406,147,2014-01,2026-04,1210322.49,1389346,2024-10,1389346,0.033008,238827802919,44.307723,Top 25%
940,4230,177725554,147,2014-01,2026-04,1209017.37,1695281,2014-10,1695281,0.032972,239005528473,44.340695,Top 25%
941,5065,177651963,147,2014-01,2026-04,1208516.76,1524269,2024-08,1524269,0.032958,239183180436,44.373653,Top 25%
942,944,177528085,147,2014-01,2026-04,1207674.05,1457670,2015-10,1457670,0.032935,239360708521,44.406588,Top 25%
943,241,177482103,147,2014-01,2026-04,1207361.24,1674005,2024-12,1674005,0.032927,239538190624,44.439515,Top 25%
944,2188,177403757,147,2014-01,2026-04,1206828.28,2156589,2019-11,2156589,0.032912,239715594381,44.472427,Top 25%
945,5279,177259224,144,2014-01,2026-04,1230966.83,2245916,2025-10,2245916,0.032885,239892853605,44.505313,Top 25%
946,2722,177084895,147,2014-01,2026-04,1204659.15,1407342,2018-08,1407342,0.032853,240069938500,44.538166,Top 25%
947,4800,177074470,147,2014-01,2026-04,1204588.23,1471759,2014-05,1471759,0.032851,240247012970,44.571017,Top 25%
948,3555,176856401,147,2014-01,2026-04,1203104.77,1461478,2019-10,1461478,0.032811,240423869371,44.603828,Top 25%
949,935,176799960,129,2014-01,2026-04,1370542.33,1952168,2019-10,1952168,0.0328,240600669331,44.636628,Top 25%
950,3561,176731671,147,2014-01,2026-04,1202256.27,1407334,2017-03,1407334,0.032788,240777401002,44.669416,Top 25%
951,374,176707386,147,2014-01,2026-04,1202091.06,1490664,2016-11,1490664,0.032783,240954108388,44.702199,Top 25%
952,3595,176469491,147,2014-01,2026-04,1200472.73,1377879,2018-05,1377879,0.032739,241130577879,44.734938,Top 25%
953,3120,176357544,147,2014-01,2026-04,1199711.18,1385076,2025-10,1385076,0.032718,241306935423,44.767656,Top 25%
954,1545,176172070,147,2014-01,2026-04,1198449.46,1515053,2016-09,1515053,0.032684,241483107493,44.800339,Top 25%
955,214,175978775,147,2014-01,2026-04,1197134.52,1584361,2015-10,1584361,0.032648,241659086268,44.832987,Top 25%
956,4653,175864953,147,2014-01,2026-04,1196360.22,1855317,2021-07,1855317,0.032627,241834951221,44.865614,Top 25%
957,2153,175821380,147,2014-01,2026-04,1196063.81,1336529,2017-03,1336529,0.032619,242010772601,44.898233,Top 25%
958,963,175724483,147,2014-01,2026-04,1195404.65,1399212,2017-10,1399212,0.032601,242186497084,44.930833,Top 25%
959,4613,175602179,147,2014-01,2026-04,1194572.65,1363335,2025-10,1363335,0.032578,242362099263,44.963411,Top 25%
960,2829,175460354,147,2014-01,2026-04,1193607.85,2912008,2025-05,2912008,0.032552,242537559617,44.995963,Top 25%
961,1211,175398173,147,2014-01,2026-04,1193184.85,2093883,2024-08,2093883,0.03254,242712957790,45.028503,Top 25%
962,4387,175106827,147,2014-01,2026-04,1191202.9,1531734,2019-10,1531734,0.032486,242888064617,45.060989,Top 25%
963,4206,175095215,147,2014-01,2026-04,1191123.91,1355695,2017-10,1355695,0.032484,243063159832,45.093473,Top 25%
964,3451,174888996,147,2014-01,2026-04,1189721.06,1416431,2014-10,1416431,0.032446,243238048828,45.125919,Top 25%
965,2050,174849231,147,2014-01,2026-04,1189450.55,1391343,2017-03,1391343,0.032438,243412898059,45.158357,Top 25%
966,2005,174829198,147,2014-01,2026-04,1189314.27,1538634,2017-03,1538634,0.032435,243587727257,45.190792,Top 25%
967,733,174715642,147,2014-01,2026-04,1188541.78,1320074,2019-05,1320074,0.032414,243762442899,45.223205,Top 25%
968,2580,174689694,147,2014-01,2026-04,1188365.27,1461664,2024-10,1461664,0.032409,243937132593,45.255614,Top 25%
969,1257,174654237,147,2014-01,2026-04,1188124.06,1870893,2025-10,1870893,0.032402,244111786830,45.288016,Top 25%
970,528,174633836,147,2014-01,2026-04,1187985.28,1369455,2014-10,1369455,0.032398,244286420666,45.320415,Top 25%
971,532,174498261,147,2014-01,2026-04,1187063.0,1462822,2022-03,1462822,0.032373,244460918927,45.352788,Top 25%
972,670,174298544,147,2014-01,2026-04,1185704.38,1402248,2018-05,1402248,0.032336,244635217471,45.385124,Top 25%
973,4951,174160817,147,2014-01,2026-04,1184767.46,1395538,2025-10,1395538,0.032311,244809378288,45.417435,Top 25%
974,3500,174025849,147,2014-01,2026-04,1183849.31,1557439,2021-01,1557439,0.032286,244983404137,45.44972,Top 25%
975,4402,173996754,145,2014-01,2026-04,1199977.61,1637299,2019-03,1637299,0.03228,245157400891,45.482,Top 25%
976,3019,173928343,147,2014-01,2026-04,1183186.01,1403018,2017-03,1403018,0.032267,245331329234,45.514268,Top 25%
977,2007,173735697,147,2014-01,2026-04,1181875.49,1394296,2018-05,1394296,0.032232,245505064931,45.546499,Top 25%
978,449,173649468,147,2014-01,2026-04,1181288.9,1383538,2017-05,1383538,0.032216,245678714399,45.578715,Top 25%
979,2857,173486852,147,2014-01,2026-04,1180182.67,1675517,2026-03,1675517,0.032186,245852201251,45.610901,Top 25%
980,145,173410517,147,2014-01,2026-04,1179663.38,1796829,2019-08,1796829,0.032171,246025611768,45.643072,Top 25%
981,4667,173371012,147,2014-01,2026-04,1179394.64,1386298,2024-05,1386298,0.032164,246198982780,45.675236,Top 25%
982,4567,173360374,147,2014-01,2026-04,1179322.27,1848011,2023-03,1848011,0.032162,246372343154,45.707398,Top 25%
983,192,173347248,147,2014-01,2026-04,1179232.98,1430188,2017-03,1430188,0.03216,246545690402,45.739558,Top 25%
984,313,173261046,147,2014-01,2026-04,1178646.57,1590540,2024-08,1590540,0.032144,246718951448,45.771702,Top 25%
985,2894,173146626,147,2014-01,2026-04,1177868.2,1514007,2025-05,1514007,0.032122,246892098074,45.803824,Top 25%
986,1018,173120725,147,2014-01,2026-04,1177692.01,1415315,2024-12,1415315,0.032118,247065218799,45.835942,Top 25%
987,4519,173004490,145,2014-01,2026-04,1193134.41,1551372,2019-08,1551372,0.032096,247238223289,45.868038,Top 25%
988,2854,172978073,147,2014-01,2026-04,1176721.59,1519368,2026-03,1519368,0.032091,247411201362,45.900129,Top 25%
989,204,172872149,147,2014-01,2026-04,1176001.01,1454750,2017-05,1454750,0.032072,247584073511,45.932201,Top 25%
990,5268,172855648,147,2014-01,2026-04,1175888.76,1418981,2026-03,1418981,0.032068,247756929159,45.964269,Top 25%
991,2579,172659692,147,2014-01,2026-04,1174555.73,2424751,2021-07,2424751,0.032032,247929588851,45.996301,Top 25%
992,3515,172633274,147,2014-01,2026-04,1174376.01,1435455,2018-08,1435455,0.032027,248102222125,46.028328,Top 25%
993,4001,172630810,147,2014-01,2026-04,1174359.25,2352630,2023-05,2352630,0.032027,248274852935,46.060355,Top 25%
994,2150,172556089,147,2014-01,2026-04,1173850.95,1368029,2025-10,1368029,0.032013,248447409024,46.092368,Top 25%
995,4781,172543181,147,2014-01,2026-04,1173763.14,1582799,2019-10,1582799,0.03201,248619952205,46.124378,Top 25%
996,1170,172446521,147,2014-01,2026-04,1173105.59,1364596,2024-05,1364596,0.031993,248792398726,46.156371,Top 25%
997,2820,172282943,147,2014-01,2026-04,1171992.81,1427282,2025-10,1427282,0.031962,248964681669,46.188333,Top 25%
998,4477,172224259,147,2014-01,2026-04,1171593.6,1345692,2025-10,1345692,0.031951,249136905928,46.220285,Top 25%
999,915,172124973,147,2014-01,2026-04,1170918.18,1504701,2023-07,1504701,0.031933,249309030901,46.252217,Top 25%
1000,4882,172044811,147,2014-01,2026-04,1170372.86,1533738,2017-03,1533738,0.031918,249481075712,46.284135,Top 25%
1001,4040,172041616,147,2014-01,2026-04,1170351.13,2207917,2015-07,2207917,0.031917,249653117328,46.316053,Top 25%
1002,300,171999063,147,2014-01,2026-04,1170061.65,1719172,2025-10,1719172,0.03191,249825116391,46.347962,Top 25%
1003,747,171848884,147,2014-01,2026-04,1169040.03,1413721,2024-12,1413721,0.031882,249996965275,46.379844,Top 25%
1004,205,171659196,147,2014-01,2026-04,1167749.63,1381125,2019-10,1381125,0.031846,250168624471,46.411691,Top 25%
1005,4647,171525342,147,2014-01,2026-04,1166839.06,1558041,2018-05,1558041,0.031822,250340149813,46.443512,Top 25%
1006,1333,171483840,147,2014-01,2026-04,1166556.73,1566067,2024-08,1566067,0.031814,250511633653,46.475326,Top 25%
1007,846,171449374,147,2014-01,2026-04,1166322.27,1354966,2019-05,1354966,0.031808,250683083027,46.507134,Top 25%
1008,2867,171434635,147,2014-01,2026-04,1166222.01,1525570,2018-03,1525570,0.031805,250854517662,46.538939,Top 25%
1009,5133,171353466,147,2014-01,2026-04,1165669.84,1950648,2025-08,1950648,0.03179,251025871128,46.570728,Top 25%
1010,1379,171262800,147,2014-01,2026-04,1165053.06,1853596,2024-12,1853596,0.031773,251197133928,46.602501,Top 25%
1011,253,171173548,147,2014-01,2026-04,1164445.9,1464195,2019-11,1464195,0.031756,251368307476,46.634258,Top 25%
1012,4409,171070604,147,2014-01,2026-04,1163745.61,6063867,2022-07,6063867,0.031737,251539378080,46.665995,Top 25%
1013,371,170984205,147,2014-01,2026-04,1163157.86,1314222,2016-12,1314222,0.031721,251710362285,46.697716,Top 25%
1014,4030,170905311,147,2014-01,2026-04,1162621.16,3113045,2014-03,3113045,0.031707,251881267596,46.729423,Top 25%
1015,3224,170761780,147,2014-01,2026-04,1161644.76,1379532,2025-10,1379532,0.03168,252052029376,46.761103,Top 25%
1016,3774,170755872,147,2014-01,2026-04,1161604.57,1443251,2026-03,1443251,0.031679,252222785248,46.792782,Top 25%
1017,4273,170754361,147,2014-01,2026-04,1161594.29,1415092,2015-10,1415092,0.031679,252393539609,46.824461,Top 25%
1018,2499,170721274,147,2014-01,2026-04,1161369.21,1372874,2024-07,1372874,0.031672,252564260883,46.856133,Top 25%
1019,2898,170680952,147,2014-01,2026-04,1161094.91,2574344,2017-11,2574344,0.031665,252734941835,46.887798,Top 25%
1020,4715,170670641,147,2014-01,2026-04,1161024.77,1396665,2022-03,1396665,0.031663,252905612476,46.919461,Top 25%
1021,5219,170524184,147,2014-01,2026-04,1160028.46,1373009,2023-03,1373009,0.031636,253076136660,46.951097,Top 25%
1022,3714,170499966,147,2014-01,2026-04,1159863.71,1334167,2020-02,1334167,0.031631,253246636626,46.982728,Top 25%
1023,2984,170452394,147,2014-01,2026-04,1159540.1,1470341,2014-10,1470341,0.031623,253417089020,47.014351,Top 25%
1024,907,170360334,147,2014-01,2026-04,1158913.84,1481251,2019-03,1481251,0.031606,253587449354,47.045957,Top 25%
1025,4755,170293283,147,2014-01,2026-04,1158457.71,1632801,2016-03,1632801,0.031593,253757742637,47.07755,Top 25%
1026,5069,170246014,147,2014-01,2026-04,1158136.15,1358689,2022-05,1358689,0.031584,253927988651,47.109134,Top 25%
1027,3261,170224550,147,2014-01,2026-04,1157990.14,1341092,2023-10,1341092,0.03158,254098213201,47.140714,Top 25%
1028,3551,170142820,147,2014-01,2026-04,1157434.15,1361774,2019-10,1361774,0.031565,254268356021,47.17228,Top 25%
1029,4044,170099063,147,2014-01,2026-04,1157136.48,1405911,2014-05,1405911,0.031557,254438455084,47.203837,Top 25%
1030,698,170057095,147,2014-01,2026-04,1156850.99,1617215,2017-10,1617215,0.031549,254608512179,47.235386,Top 25%
1031,3539,170012416,147,2014-01,2026-04,1156547.05,1395941,2017-03,1395941,0.031541,254778524595,47.266927,Top 25%
1032,712,169892038,147,2014-01,2026-04,1155728.15,1591051,2026-03,1591051,0.031519,254948416633,47.298445,Top 25%
1033,3336,169865943,147,2014-01,2026-04,1155550.63,1614462,2025-10,1614462,0.031514,255118282576,47.329959,Top 25%
1034,2303,169726212,147,2014-01,2026-04,1154600.08,1429999,2017-03,1429999,0.031488,255288008788,47.361447,Top 25%
1035,3721,169718126,147,2014-01,2026-04,1154545.07,1369367,2017-03,1369367,0.031486,255457726914,47.392934,Top 25%
1036,467,169521641,147,2014-01,2026-04,1153208.44,1410272,2025-10,1410272,0.03145,255627248555,47.424383,Top 25%
1037,2631,169359035,147,2014-01,2026-04,1152102.28,1855792,2022-02,1855792,0.03142,255796607590,47.455803,Top 25%
1038,1355,169276591,147,2014-01,2026-04,1151541.44,1310282,2019-10,1310282,0.031404,255965884181,47.487208,Top 25%
1039,4524,169254086,146,2014-02,2026-04,1159274.56,1713324,2023-05,1713324,0.0314,256135138267,47.518608,Top 25%
1040,3610,169212338,147,2014-01,2026-04,1151104.34,1336585,2025-10,1336585,0.031393,256304350605,47.550001,Top 25%
1041,2585,169118435,147,2014-01,2026-04,1150465.54,1489477,2018-08,1489477,0.031375,256473469040,47.581376,Top 25%
1042,749,169069983,147,2014-01,2026-04,1150135.94,1456774,2024-10,1456774,0.031366,256642539023,47.612742,Top 25%
1043,3506,169019732,147,2014-01,2026-04,1149794.1,1384565,2025-03,1384565,0.031357,256811558755,47.644099,Top 25%
1044,4363,168965124,147,2014-01,2026-04,1149422.61,2184699,2025-03,2184699,0.031347,256980523879,47.675445,Top 25%
1045,2623,168735461,147,2014-01,2026-04,1147860.28,1804222,2025-10,1804222,0.031304,257149259340,47.706749,Top 25%
1046,233,168593518,147,2014-01,2026-04,1146894.68,1583237,2026-01,1583237,0.031278,257317852858,47.738027,Top 25%
1047,3204,168587518,147,2014-01,2026-04,1146853.86,1387033,2021-12,1387033,0.031277,257486440376,47.769304,Top 25%
1048,2825,168545734,147,2014-01,2026-04,1146569.62,1363659,2017-03,1363659,0.031269,257654986110,47.800573,Top 25%
1049,570,168541233,146,2014-01,2026-04,1154392.01,1563285,2025-10,1563285,0.031268,257823527343,47.831841,Top 25%
1050,4467,168497946,147,2014-01,2026-04,1146244.53,1450092,2021-03,1450092,0.03126,257992025289,47.863101,Top 25%
1051,783,168456178,147,2014-01,2026-04,1145960.39,1639453,2026-03,1639453,0.031252,258160481467,47.894353,Top 25%
1052,646,168411619,147,2014-01,2026-04,1145657.27,1313995,2021-03,1313995,0.031244,258328893086,47.925597,Top 25%
1053,4808,168379201,147,2014-01,2026-04,1145436.74,1400509,2014-05,1400509,0.031238,258497272287,47.956835,Top 25%
1054,3003,168240313,147,2014-01,2026-04,1144491.93,1540990,2022-05,1540990,0.031212,258665512600,47.988047,Top 25%
1055,578,168235001,147,2014-01,2026-04,1144455.79,1376588,2017-03,1376588,0.031211,258833747601,48.019258,Top 25%
1056,4236,168161680,147,2014-01,2026-04,1143957.01,1552204,2019-07,1552204,0.031198,259001909281,48.050456,Top 25%
1057,2063,168078874,100,2017-12,2026-04,1680788.74,2025268,2018-08,2025268,0.031182,259169988155,48.081638,Top 25%
1058,4171,168074665,147,2014-01,2026-04,1143365.07,1407297,2024-05,1407297,0.031181,259338062820,48.11282,Top 25%
1059,791,168054875,147,2014-01,2026-04,1143230.44,1482094,2025-10,1482094,0.031178,259506117695,48.143998,Top 25%
1060,1246,168038254,147,2014-01,2026-04,1143117.37,1512113,2026-02,1512113,0.031175,259674155949,48.175172,Top 25%
1061,2509,167978735,147,2014-01,2026-04,1142712.48,1451869,2025-08,1451869,0.031164,259842134684,48.206336,Top 25%
1062,4688,167776097,146,2014-01,2026-04,1149151.35,1643265,2025-10,1643265,0.031126,260009910781,48.237462,Top 25%
1063,500,167734595,147,2014-01,2026-04,1141051.67,1551420,2017-10,1551420,0.031118,260177645376,48.26858,Top 25%
1064,2724,167641291,147,2014-01,2026-04,1140416.95,1354902,2021-12,1354902,0.031101,260345286667,48.299682,Top 25%
1065,5316,167483432,147,2014-01,2026-04,1139343.07,2666736,2015-05,2666736,0.031072,260512770099,48.330753,Top 25%
1066,3976,167391012,147,2014-01,2026-04,1138714.37,1540308,2025-10,1540308,0.031055,260680161111,48.361808,Top 25%
1067,2415,167203733,64,2021-01,2026-04,2612558.33,3063099,2025-10,3063099,0.03102,260847364844,48.392828,Top 25%
1068,4764,167121898,147,2014-01,2026-04,1136883.66,1312917,2014-03,1312917,0.031005,261014486742,48.423833,Top 25%
1069,2968,167075450,147,2014-01,2026-04,1136567.69,1997122,2024-02,1997122,0.030996,261181562192,48.454829,Top 25%
1070,2922,167073269,147,2014-01,2026-04,1136552.85,1737289,2014-03,1737289,0.030996,261348635461,48.485824,Top 25%
1071,2189,167023892,147,2014-01,2026-04,1136216.95,1364016,2020-02,1364016,0.030987,261515659353,48.516811,Top 25%
1072,858,166806857,147,2014-01,2026-04,1134740.52,1462240,2016-12,1462240,0.030946,261682466210,48.547757,Top 25%
1073,172,166731478,147,2014-01,2026-04,1134227.74,1385284,2016-12,1385284,0.030932,261849197688,48.57869,Top 25%
1074,752,166707687,145,2014-01,2026-04,1149708.19,1752655,2025-10,1752655,0.030928,262015905375,48.609617,Top 25%
1075,2785,166621409,147,2014-01,2026-04,1133478.97,1373285,2018-10,1373285,0.030912,262182526784,48.640529,Top 25%
1076,2180,166413909,147,2014-01,2026-04,1132067.41,1378955,2022-08,1378955,0.030873,262348940693,48.671403,Top 25%
1077,2332,166276333,147,2014-01,2026-04,1131131.52,1461864,2015-12,1461864,0.030848,262515217026,48.702251,Top 25%
1078,407,166211467,147,2014-01,2026-04,1130690.25,1381101,2016-10,1381101,0.030836,262681428493,48.733086,Top 25%
1079,3994,166131784,147,2014-01,2026-04,1130148.19,2577097,2026-03,2577097,0.030821,262847560277,48.763907,Top 25%
1080,4784,166069155,147,2014-01,2026-04,1129722.14,1312770,2024-10,1312770,0.030809,263013629432,48.794717,Top 25%
1081,142,166031994,147,2014-01,2026-04,1129469.35,1297807,2014-12,1297807,0.030803,263179661426,48.825519,Top 25%
1082,1234,165869889,147,2014-01,2026-04,1128366.59,1600644,2022-01,1600644,0.030772,263345531315,48.856292,Top 25%
1083,3265,165864848,147,2014-01,2026-04,1128332.3,1381470,2024-10,1381470,0.030772,263511396163,48.887063,Top 25%
1084,2872,165861947,147,2014-01,2026-04,1128312.56,1805615,2014-01,1805615,0.030771,263677258110,48.917834,Top 25%
1085,373,165822668,147,2014-01,2026-04,1128045.36,1481339,2016-11,1481339,0.030764,263843080778,48.948598,Top 25%
1086,2145,165621756,147,2014-01,2026-04,1126678.61,1529784,2025-10,1529784,0.030726,264008702534,48.979324,Top 25%
1087,5006,165533955,147,2014-01,2026-04,1126081.33,1383737,2026-01,1383737,0.03071,264174236489,49.010035,Top 25%
1088,1095,165046114,147,2014-01,2026-04,1122762.68,1280488,2025-10,1280488,0.03062,264339282603,49.040654,Top 25%
1089,1367,165024107,147,2014-01,2026-04,1122612.97,1424958,2018-03,1424958,0.030616,264504306710,49.07127,Top 25%
1090,2771,164878211,147,2014-01,2026-04,1121620.48,1421375,2018-10,1421375,0.030588,264669184921,49.101858,Top 25%
1091,3263,164773455,147,2014-01,2026-04,1120907.86,1278244,2024-10,1278244,0.030569,264833958376,49.132427,Top 25%
1092,3653,164769049,147,2014-01,2026-04,1120877.88,1402483,2020-02,1402483,0.030568,264998727425,49.162995,Top 25%
1093,2009,164654728,147,2014-01,2026-04,1120100.19,1582071,2017-05,1582071,0.030547,265163382153,49.193542,Top 25%
1094,2311,164648869,147,2014-01,2026-04,1120060.33,1362011,2017-03,1362011,0.030546,265328031022,49.224088,Top 25%
1095,3306,164574541,147,2014-01,2026-04,1119554.7,1419266,2018-03,1419266,0.030532,265492605563,49.254621,Top 25%
1096,4023,164563194,147,2014-01,2026-04,1119477.51,2342664,2026-01,2342664,0.03053,265657168757,49.285151,Top 25%
1097,4743,164513123,147,2014-01,2026-04,1119136.89,1571604,2022-05,1571604,0.030521,265821681880,49.315671,Top 25%
1098,738,164384030,147,2014-01,2026-04,1118258.71,1475407,2025-10,1475407,0.030497,265986065910,49.346168,Top 25%
1099,353,164360480,147,2014-01,2026-04,1118098.5,1304951,2025-03,1304951,0.030492,266150426390,49.376661,Top 25%
1100,140,164161727,147,2014-01,2026-04,1116746.44,1360867,2020-12,1360867,0.030456,266314588117,49.407116,Top 25%
1101,2626,164108446,147,2014-01,2026-04,1116383.99,1294645,2017-12,1294645,0.030446,266478696563,49.437562,Top 25%
1102,723,164095104,147,2014-01,2026-04,1116293.22,1294064,2017-10,1294064,0.030443,266642791667,49.468005,Top 25%
1103,3501,163995192,147,2014-01,2026-04,1115613.55,2101386,2014-04,2101386,0.030425,266806786859,49.49843,Top 25%
1104,4685,163980765,147,2014-01,2026-04,1115515.41,1233352,2025-10,1233352,0.030422,266970767624,49.528852,Top 25%
1105,3293,163908182,147,2014-01,2026-04,1115021.65,1271561,2016-07,1271561,0.030409,267134675806,49.55926,Top 25%
1106,3480,163866433,147,2014-01,2026-04,1114737.64,2077648,2015-05,2077648,0.030401,267298542239,49.589661,Top 25%
1107,4310,163813194,147,2014-01,2026-04,1114375.47,1544882,2024-10,1544882,0.030391,267462355433,49.620052,Top 25%
1108,3030,163696147,147,2014-01,2026-04,1113579.23,1317383,2014-10,1317383,0.030369,267626051580,49.650421,Top 25%
1109,4774,163389905,147,2014-01,2026-04,1111495.95,2277987,2014-01,2277987,0.030312,267789441485,49.680733,Top 25%
1110,2726,163376517,147,2014-01,2026-04,1111404.88,1271562,2017-12,1271562,0.03031,267952818002,49.711043,Top 25%
1111,4698,163365838,147,2014-01,2026-04,1111332.23,1798712,2022-08,1798712,0.030308,268116183840,49.741351,Top 25%
1112,864,163316187,147,2014-01,2026-04,1110994.47,1347385,2019-10,1347385,0.030299,268279500027,49.77165,Top 25%
1113,1007,163287048,147,2014-01,2026-04,1110796.24,1378788,2024-12,1378788,0.030293,268442787075,49.801943,Top 25%
1114,4217,162933589,147,2014-01,2026-04,1108391.76,1467249,2016-11,1467249,0.030228,268605720664,49.832171,Top 25%
1115,435,162928337,147,2014-01,2026-04,1108356.03,1333180,2018-03,1333180,0.030227,268768649001,49.862397,Top 25%
1116,276,162917021,147,2014-01,2026-04,1108279.05,1294228,2024-12,1294228,0.030225,268931566022,49.892622,Top 25%
1117,2151,162821519,147,2014-01,2026-04,1107629.38,1273470,2025-03,1273470,0.030207,269094387541,49.922829,Top 25%
1118,4991,162797677,147,2014-01,2026-04,1107467.19,1372647,2021-11,1372647,0.030202,269257185218,49.953032,Top 25%
1119,691,162789091,147,2014-01,2026-04,1107408.78,1347355,2025-08,1347355,0.030201,269419974309,49.983232,Top 25%
1120,3260,162785208,147,2014-01,2026-04,1107382.37,1287461,2025-10,1287461,0.0302,269582759517,50.013433,Top 25%
1121,2210,162704872,147,2014-01,2026-04,1106835.86,2161347,2014-03,2161347,0.030185,269745464389,50.043618,Top 25%
1122,4895,162602652,147,2014-01,2026-04,1106140.49,1748966,2019-12,1748966,0.030166,269908067041,50.073784,Top 25%
1123,3562,162556420,147,2014-01,2026-04,1105825.99,1309722,2017-03,1309722,0.030158,270070623461,50.103942,Top 25%
1124,178,162539432,147,2014-01,2026-04,1105710.42,1379328,2016-12,1379328,0.030155,270233162893,50.134096,Top 25%
1125,2298,162295019,144,2014-01,2026-04,1127048.74,1475227,2019-01,1475227,0.030109,270395457912,50.164206,Top 25%
1126,3217,162292271,147,2014-01,2026-04,1104029.05,1340425,2017-03,1340425,0.030109,270557750183,50.194314,Top 25%
1127,4028,162233406,147,2014-01,2026-04,1103628.61,1747741,2019-11,1747741,0.030098,270719983589,50.224412,Top 25%
1128,3682,161927391,147,2014-01,2026-04,1101546.88,1289788,2019-05,1289788,0.030041,270881910980,50.254453,Top 25%
1129,115,161925037,147,2014-01,2026-04,1101530.86,1281077,2019-05,1281077,0.030041,271043836017,50.284494,Top 25%
1130,3698,161887423,147,2014-01,2026-04,1101274.99,1261972,2019-10,1261972,0.030034,271205723440,50.314527,Top 25%
1131,3230,161653154,147,2014-01,2026-04,1099681.32,2096958,2014-03,2096958,0.02999,271367376594,50.344518,Top 25%
1132,4996,161545893,147,2014-01,2026-04,1098951.65,1268971,2025-10,1268971,0.02997,271528922487,50.374488,Top 25%
1133,1111,161503491,147,2014-01,2026-04,1098663.2,1351344,2017-10,1351344,0.029962,271690425978,50.40445,Top 25%
1134,889,161379467,147,2014-01,2026-04,1097819.5,1365233,2025-10,1365233,0.029939,271851805445,50.43439,Top 25%
1135,4369,161302178,147,2014-01,2026-04,1097293.73,1413320,2019-03,1413320,0.029925,272013107623,50.464315,Top 25%
1136,216,161190530,147,2014-01,2026-04,1096534.22,1424364,2019-10,1424364,0.029904,272174298153,50.494219,Top 25%
1137,656,161123751,147,2014-01,2026-04,1096079.94,1386736,2025-10,1386736,0.029892,272335421904,50.524111,Top 25%
1138,4201,161071611,147,2014-01,2026-04,1095725.24,1286254,2017-12,1286254,0.029882,272496493515,50.553993,Top 25%
1139,4883,160887174,147,2014-01,2026-04,1094470.57,1340958,2014-10,1340958,0.029848,272657380689,50.583841,Top 25%
1140,901,160835369,147,2014-01,2026-04,1094118.16,1336762,2024-03,1336762,0.029838,272818216058,50.61368,Top 25%
1141,3012,160753396,147,2014-01,2026-04,1093560.52,1303459,2017-03,1303459,0.029823,272978969454,50.643503,Top 25%
1142,6231,160605474,147,2014-01,2026-04,1092554.24,1271245,2025-10,1271245,0.029796,273139574928,50.673299,Top 25%
1143,859,160466104,147,2014-01,2026-04,1091606.15,1329241,2018-10,1329241,0.02977,273300041032,50.703069,Top 25%
1144,255,160444469,147,2014-01,2026-04,1091458.97,1253957,2019-03,1253957,0.029766,273460485501,50.732835,Top 25%
1145,660,160409838,147,2014-01,2026-04,1091223.39,1858269,2014-05,1858269,0.029759,273620895339,50.762594,Top 25%
1146,3784,160313238,147,2014-01,2026-04,1090566.24,1644003,2014-03,1644003,0.029742,273781208577,50.792336,Top 25%
1147,3703,160246691,147,2014-01,2026-04,1090113.54,1267428,2025-10,1267428,0.029729,273941455268,50.822065,Top 25%
1148,1063,160036836,147,2014-01,2026-04,1088685.96,1551462,2022-03,1551462,0.02969,274101492104,50.851755,Top 25%
1149,3252,160020797,147,2014-01,2026-04,1088576.85,2130922,2026-03,2130922,0.029687,274261512901,50.881443,Top 25%
1150,3253,159922774,134,2015-02,2026-04,1193453.54,2134458,2019-10,2134458,0.029669,274421435675,50.911112,Top 25%
1151,601,159904062,147,2014-01,2026-04,1087782.73,1368909,2017-02,1368909,0.029666,274581339737,50.940777,Top 25%
1152,505,159867781,147,2014-01,2026-04,1087535.93,1322417,2018-10,1322417,0.029659,274741207518,50.970436,Top 25%
1153,608,159640950,147,2014-01,2026-04,1085992.86,1376074,2024-08,1376074,0.029617,274900848468,51.000053,Top 25%
1154,3226,159577655,147,2014-01,2026-04,1085562.28,1286187,2025-10,1286187,0.029605,275060426123,51.029658,Top 25%
1155,3893,159503300,147,2014-01,2026-04,1085056.46,1560043,2014-12,1560043,0.029591,275219929423,51.05925,Top 25%
1156,2921,159210478,147,2014-01,2026-04,1083064.48,1692020,2026-03,1692020,0.029537,275379139901,51.088787,Top 25%
1157,3685,159193041,147,2014-01,2026-04,1082945.86,1360408,2026-03,1360408,0.029534,275538332942,51.11832,Top 25%
1158,4656,159150175,147,2014-01,2026-04,1082654.25,1406273,2017-05,1406273,0.029526,275697483117,51.147846,Top 25%
1159,4251,159141960,147,2014-01,2026-04,1082598.37,2371611,2017-03,2371611,0.029524,275856625077,51.17737,Top 25%
1160,488,159082928,126,2015-10,2026-04,1262562.92,1661823,2025-10,1661823,0.029513,276015708005,51.206884,Top 25%
1161,5057,158899454,145,2014-01,2026-04,1095858.3,1696010,2025-08,1696010,0.029479,276174607459,51.236363,Top 25%
1162,822,158894674,147,2014-01,2026-04,1080916.15,1248139,2021-12,1248139,0.029478,276333502133,51.265841,Top 25%
1163,1542,158871432,147,2014-01,2026-04,1080758.04,1322053,2016-12,1322053,0.029474,276492373565,51.295315,Top 25%
1164,3900,158863862,147,2014-01,2026-04,1080706.54,1384726,2014-10,1384726,0.029473,276651237427,51.324788,Top 25%
1165,2904,158790289,147,2014-01,2026-04,1080206.05,1350267,2016-05,1350267,0.029459,276810027716,51.354247,Top 25%
1166,3400,158751558,147,2014-01,2026-04,1079942.57,1324410,2025-03,1324410,0.029452,276968779274,51.383699,Top 25%
1167,4717,158582440,147,2014-01,2026-04,1078792.11,1358799,2025-10,1358799,0.02942,277127361714,51.413119,Top 25%
1168,2811,158508966,147,2014-01,2026-04,1078292.29,1267477,2024-05,1267477,0.029407,277285870680,51.442526,Top 25%
1169,4665,158504029,147,2014-01,2026-04,1078258.7,1274782,2024-10,1274782,0.029406,277444374709,51.471932,Top 25%
1170,3739,158171414,147,2014-01,2026-04,1075996.01,1278289,2017-03,1278289,0.029344,277602546123,51.501276,Top 25%
1171,4306,157913682,147,2014-01,2026-04,1074242.73,1479705,2014-03,1479705,0.029296,277760459805,51.530573,Top 25%
1172,394,157786818,147,2014-01,2026-04,1073379.71,1339628,2024-02,1339628,0.029273,277918246623,51.559846,Top 25%
1173,943,157682775,147,2014-01,2026-04,1072671.94,1261290,2018-03,1261290,0.029254,278075929398,51.589099,Top 25%
1174,3746,157645503,147,2014-01,2026-04,1072418.39,1244043,2017-03,1244043,0.029247,278233574901,51.618346,Top 25%
1175,4473,157470482,147,2014-01,2026-04,1071227.77,1205507,2024-10,1205507,0.029214,278391045383,51.64756,Top 25%
1176,131,157377813,147,2014-01,2026-04,1070597.37,2233895,2022-01,2233895,0.029197,278548423196,51.676757,Top 25%
1177,4944,157286866,147,2014-01,2026-04,1069978.68,1234766,2017-12,1234766,0.02918,278705710062,51.705937,Top 25%
1178,2308,157268747,147,2014-01,2026-04,1069855.42,1258688,2014-10,1258688,0.029177,278862978809,51.735114,Top 25%
1179,4518,157268675,147,2014-01,2026-04,1069854.93,1349200,2024-10,1349200,0.029177,279020247484,51.764291,Top 25%
1180,4271,157119448,147,2014-01,2026-04,1068839.78,1228720,2019-10,1228720,0.029149,279177366932,51.79344,Top 25%
1181,2919,157087523,147,2014-01,2026-04,1068622.61,1434121,2014-03,1434121,0.029143,279334454455,51.822583,Top 25%
1182,5008,156918837,147,2014-01,2026-04,1067475.08,1265712,2019-01,1265712,0.029112,279491373292,51.851695,Top 25%
1183,567,156894760,147,2014-01,2026-04,1067311.29,1643312,2022-01,1643312,0.029107,279648268052,51.880802,Top 25%
1184,6152,156661530,147,2014-01,2026-04,1065724.69,1273735,2019-10,1273735,0.029064,279804929582,51.909866,Top 25%
1185,2907,156600713,147,2014-01,2026-04,1065310.97,1627241,2019-11,1627241,0.029053,279961530295,51.938919,Top 25%
1186,843,156564040,147,2014-01,2026-04,1065061.5,1230921,2019-05,1230921,0.029046,280118094335,51.967965,Top 25%
1187,472,156549220,147,2014-01,2026-04,1064960.68,1275259,2024-10,1275259,0.029043,280274643555,51.997008,Top 25%
1188,4536,156536250,147,2014-01,2026-04,1064872.45,2391624,2018-01,2391624,0.029041,280431179805,52.026049,Top 25%
1189,2939,156403832,147,2014-01,2026-04,1063971.65,1293005,2019-10,1293005,0.029016,280587583637,52.055065,Top 25%
1190,4178,156391487,147,2014-01,2026-04,1063887.67,1226501,2024-05,1226501,0.029014,280743975124,52.084079,Top 50%
1191,4202,156290329,147,2014-01,2026-04,1063199.52,1313843,2024-12,1313843,0.028995,280900265453,52.113075,Top 50%
1192,3692,156235433,147,2014-01,2026-04,1062826.07,1248104,2024-05,1248104,0.028985,281056500886,52.14206,Top 50%
1193,4838,156162785,147,2014-01,2026-04,1062331.87,1330227,2019-10,1330227,0.028972,281212663671,52.171031,Top 50%
1194,2838,156156578,147,2014-01,2026-04,1062289.65,1283531,2024-10,1283531,0.02897,281368820249,52.200002,Top 50%
1195,4237,155871106,147,2014-01,2026-04,1060347.66,1226679,2019-10,1226679,0.028917,281524691355,52.228919,Top 50%
1196,4472,155778663,147,2014-01,2026-04,1059718.8,1283725,2024-10,1283725,0.0289,281680470018,52.25782,Top 50%
1197,482,155764221,147,2014-01,2026-04,1059620.55,1459529,2026-03,1459529,0.028898,281836234239,52.286717,Top 50%
1198,4437,155701288,147,2014-01,2026-04,1059192.44,1388638,2017-03,1388638,0.028886,281991935527,52.315603,Top 50%
1199,3405,155696467,147,2014-01,2026-04,1059159.64,1369245,2023-03,1369245,0.028885,282147631994,52.344488,Top 50%
1200,3329,155681369,147,2014-01,2026-04,1059056.93,1271553,2025-11,1271553,0.028882,282303313363,52.37337,Top 50%
1201,657,155646017,147,2014-01,2026-04,1058816.44,1300566,2016-10,1300566,0.028876,282458959380,52.402246,Top 50%
1202,4681,155618796,147,2014-01,2026-04,1058631.27,1292364,2018-11,1292364,0.028871,282614578176,52.431117,Top 50%
1203,2004,155603762,147,2014-01,2026-04,1058528.99,1332923,2014-03,1332923,0.028868,282770181938,52.459985,Top 50%
1204,4878,155522681,147,2014-01,2026-04,1057977.42,1446873,2015-12,1446873,0.028853,282925704619,52.488837,Top 50%
1205,5076,155407058,147,2014-01,2026-04,1057190.87,1205615,2021-03,1205615,0.028831,283081111677,52.517669,Top 50%
1206,3018,155404062,147,2014-01,2026-04,1057170.49,1329968,2019-10,1329968,0.028831,283236515739,52.5465,Top 50%
1207,2152,155303417,147,2014-01,2026-04,1056485.83,1212692,2017-03,1212692,0.028812,283391819156,52.575312,Top 50%
1208,287,155231154,147,2014-01,2026-04,1055994.24,2093939,2024-10,2093939,0.028799,283547050310,52.604111,Top 50%
1209,4939,155166368,147,2014-01,2026-04,1055553.52,1427266,2017-03,1427266,0.028787,283702216678,52.632897,Top 50%
1210,3169,155128679,147,2014-01,2026-04,1055297.14,1767590,2023-11,1767590,0.02878,283857345357,52.661677,Top 50%
1211,4307,155127446,147,2014-01,2026-04,1055288.75,1234054,2018-03,1234054,0.028779,284012472803,52.690456,Top 50%
1212,2646,155088708,144,2014-01,2026-04,1077004.92,1319662,2019-10,1319662,0.028772,284167561511,52.719229,Top 50%
1213,790,155061243,147,2014-01,2026-04,1054838.39,1330543,2025-10,1330543,0.028767,284322622754,52.747996,Top 50%
1214,2877,154917120,147,2014-01,2026-04,1053857.96,1921691,2025-05,1921691,0.02874,284477539874,52.776736,Top 50%
1215,4748,154906117,147,2014-01,2026-04,1053783.11,1219334,2017-03,1219334,0.028738,284632445991,52.805475,Top 50%
1216,3193,154886510,147,2014-01,2026-04,1053649.73,1277087,2023-03,1277087,0.028735,284787332501,52.83421,Top 50%
1217,2813,154862784,147,2014-01,2026-04,1053488.33,1225638,2024-10,1225638,0.02873,284942195285,52.86294,Top 50%
1218,2201,154765559,147,2014-01,2026-04,1052826.93,1545549,2015-01,1545549,0.028712,285096960844,52.891652,Top 50%
1219,481,154744702,147,2014-01,2026-04,1052685.05,1336188,2019-08,1336188,0.028708,285251705546,52.920361,Top 50%
1220,3116,154695668,147,2014-01,2026-04,1052351.48,1424648,2017-03,1424648,0.028699,285406401214,52.94906,Top 50%
1221,2728,154665767,147,2014-01,2026-04,1052148.07,1345704,2017-03,1345704,0.028694,285561066981,52.977754,Top 50%
1222,581,154542420,147,2014-01,2026-04,1051308.98,1220615,2019-05,1220615,0.028671,285715609401,53.006425,Top 50%
1223,1056,154437869,147,2014-01,2026-04,1050597.75,1325977,2025-08,1325977,0.028652,285870047270,53.035077,Top 50%
1224,671,154432262,147,2014-01,2026-04,1050559.61,1188798,2018-10,1188798,0.028651,286024479532,53.063727,Top 50%
1225,896,154340638,147,2014-01,2026-04,1049936.31,1426985,2021-12,1426985,0.028634,286178820170,53.092361,Top 50%
1226,2788,154279091,147,2014-01,2026-04,1049517.63,1269729,2025-10,1269729,0.028622,286333099261,53.120983,Top 50%
1227,3387,154214061,147,2014-01,2026-04,1049075.24,1225571,2025-03,1225571,0.02861,286487313322,53.149593,Top 50%
1228,3702,153972793,147,2014-01,2026-04,1047433.97,1236824,2024-05,1236824,0.028565,286641286115,53.178158,Top 50%
1229,3079,153853808,147,2014-01,2026-04,1046624.54,1527207,2019-08,1527207,0.028543,286795139923,53.206701,Top 50%
1230,4532,153845634,147,2014-01,2026-04,1046568.94,1562801,2014-03,1562801,0.028542,286948985557,53.235243,Top 50%
1231,2766,153843250,147,2014-01,2026-04,1046552.72,1283754,2017-03,1283754,0.028541,287102828807,53.263784,Top 50%
1232,788,153645872,147,2014-01,2026-04,1045210.01,1380467,2026-03,1380467,0.028505,287256474679,53.292289,Top 50%
1233,514,153638100,147,2014-01,2026-04,1045157.14,1191251,2017-10,1191251,0.028503,287410112779,53.320792,Top 50%
1234,2773,153432289,147,2014-01,2026-04,1043757.07,1255899,2021-03,1255899,0.028465,287563545068,53.349257,Top 50%
1235,412,153378649,147,2014-01,2026-04,1043392.17,1217462,2026-03,1217462,0.028455,287716923717,53.377712,Top 50%
1236,6812,153310755,147,2014-01,2026-04,1042930.31,1282777,2019-01,1282777,0.028442,287870234472,53.406155,Top 50%
1237,4909,153279132,147,2014-01,2026-04,1042715.18,1260037,2025-03,1260037,0.028437,288023513604,53.434591,Top 50%
1238,1247,153225736,147,2014-01,2026-04,1042351.95,1758402,2018-01,1758402,0.028427,288176739340,53.463018,Top 50%
1239,4466,153147326,147,2014-01,2026-04,1041818.54,2031291,2025-10,2031291,0.028412,288329886666,53.49143,Top 50%
1240,971,152970058,147,2014-01,2026-04,1040612.64,1437404,2016-11,1437404,0.028379,288482856724,53.519809,Top 50%
1241,4470,152954203,147,2014-01,2026-04,1040504.78,1319766,2019-10,1319766,0.028376,288635810927,53.548186,Top 50%
1242,3915,152934027,147,2014-01,2026-04,1040367.53,1518814,2025-10,1518814,0.028373,288788744954,53.576558,Top 50%
1243,4435,152862917,147,2014-01,2026-04,1039883.79,1564319,2017-12,1564319,0.028359,288941607871,53.604918,Top 50%
1244,6445,152862137,147,2014-01,2026-04,1039878.48,1605476,2022-08,1605476,0.028359,289094470008,53.633277,Top 50%
1245,182,152777783,147,2014-01,2026-04,1039304.65,1220354,2025-03,1220354,0.028344,289247247791,53.66162,Top 50%
1246,2513,152658632,147,2014-01,2026-04,1038494.1,1913995,2014-02,1913995,0.028321,289399906423,53.689942,Top 50%
1247,4487,152524249,147,2014-01,2026-04,1037579.93,1834810,2022-08,1834810,0.028297,289552430672,53.718238,Top 50%
1248,297,152438292,147,2014-01,2026-04,1036995.18,1265073,2014-10,1265073,0.028281,289704868964,53.746519,Top 50%
1249,4403,152243125,147,2014-01,2026-04,1035667.52,1436152,2014-10,1436152,0.028244,289857112089,53.774763,Top 50%
1250,2861,152243098,147,2014-01,2026-04,1035667.33,1429706,2024-10,1429706,0.028244,290009355187,53.803008,Top 50%
1251,3137,152242339,139,2014-09,2026-04,1095268.63,1334944,2025-05,1334944,0.028244,290161597526,53.831252,Top 50%
1252,3538,152227281,147,2014-01,2026-04,1035559.73,1244033,2019-03,1244033,0.028241,290313824807,53.859494,Top 50%
1253,4541,152063836,147,2014-01,2026-04,1034447.86,1528803,2017-03,1528803,0.028211,290465888643,53.887705,Top 50%
1254,3269,152013026,147,2014-01,2026-04,1034102.22,1409430,2018-03,1409430,0.028202,290617901669,53.915906,Top 50%
1255,3738,151987063,147,2014-01,2026-04,1033925.6,1213969,2017-03,1213969,0.028197,290769888732,53.944103,Top 50%
1256,167,151936587,147,2014-01,2026-04,1033582.22,1268607,2015-07,1268607,0.028188,290921825319,53.972291,Top 50%
1257,4942,151909454,147,2014-01,2026-04,1033397.65,1301989,2024-11,1301989,0.028182,291073734773,54.000473,Top 50%
1258,2604,151905693,147,2014-01,2026-04,1033372.06,1244820,2024-07,1244820,0.028182,291225640466,54.028655,Top 50%
1259,3115,151870168,147,2014-01,2026-04,1033130.39,1214259,2017-03,1214259,0.028175,291377510634,54.05683,Top 50%
1260,4199,151787443,147,2014-01,2026-04,1032567.64,1169979,2025-10,1169979,0.02816,291529298077,54.08499,Top 50%
1261,6205,151745694,147,2014-01,2026-04,1032283.63,1165671,2025-05,1165671,0.028152,291681043771,54.113142,Top 50%
1262,3652,151708374,145,2014-01,2026-04,1046264.65,1624242,2026-01,1624242,0.028145,291832752145,54.141287,Top 50%
1263,4905,151629788,147,2014-01,2026-04,1031495.16,1300124,2017-05,1300124,0.028131,291984381933,54.169418,Top 50%
1264,2630,151578941,147,2014-01,2026-04,1031149.26,1492635,2025-03,1492635,0.028121,292135960874,54.197539,Top 50%
1265,1309,151578921,147,2014-01,2026-04,1031149.12,1412404,2024-05,1412404,0.028121,292287539795,54.22566,Top 50%
1266,4933,151519572,147,2014-01,2026-04,1030745.39,1182579,2017-10,1182579,0.02811,292439059367,54.253771,Top 50%
1267,364,151491800,147,2014-01,2026-04,1030556.46,2728186,2017-07,2728186,0.028105,292590551167,54.281876,Top 50%
1268,3195,151491257,147,2014-01,2026-04,1030552.77,1177975,2019-05,1177975,0.028105,292742042424,54.30998,Top 50%
1269,4832,151451500,147,2014-01,2026-04,1030282.31,1681534,2014-12,1681534,0.028098,292893493924,54.338078,Top 50%
1270,4298,151355175,147,2014-01,2026-04,1029627.04,1478130,2024-02,1478130,0.02808,293044849099,54.366158,Top 50%
1271,4522,151337181,147,2014-01,2026-04,1029504.63,1244204,2018-08,1244204,0.028076,293196186280,54.394234,Top 50%
1272,445,151284101,147,2014-01,2026-04,1029143.54,1395157,2017-10,1395157,0.028066,293347470381,54.4223,Top 50%
1273,5240,151267648,147,2014-01,2026-04,1029031.62,1217757,2017-10,1217757,0.028063,293498738029,54.450364,Top 50%
1274,743,150787340,147,2014-01,2026-04,1025764.22,1333754,2025-10,1333754,0.027974,293649525369,54.478338,Top 50%
1275,1744,150714840,110,2017-02,2026-04,1370134.91,1714423,2023-10,1714423,0.027961,293800240209,54.506299,Top 50%
1276,171,150682448,147,2014-01,2026-04,1025050.67,1317360,2025-10,1317360,0.027955,293950922657,54.534254,Top 50%
1277,1303,150652422,147,2014-01,2026-04,1024846.41,1270068,2019-10,1270068,0.027949,294101575079,54.562203,Top 50%
1278,4483,150644700,146,2014-01,2026-04,1031813.01,1319527,2023-03,1319527,0.027948,294252219779,54.590151,Top 50%
1279,3668,150607730,147,2014-01,2026-04,1024542.38,2039619,2019-08,2039619,0.027941,294402827509,54.618092,Top 50%
1280,3127,150476228,147,2014-01,2026-04,1023647.81,1279733,2023-03,1279733,0.027917,294553303737,54.646009,Top 50%
1281,1123,150380706,147,2014-01,2026-04,1022998.0,1184421,2016-11,1184421,0.027899,294703684443,54.673907,Top 50%
1282,3196,150345748,147,2014-01,2026-04,1022760.19,1253199,2024-05,1253199,0.027892,294854030191,54.7018,Top 50%
1283,5323,150287344,147,2014-01,2026-04,1022362.88,1221628,2018-10,1221628,0.027882,295004317535,54.729681,Top 50%
1284,4810,150277611,147,2014-01,2026-04,1022296.67,2537462,2022-08,2537462,0.02788,295154595146,54.757561,Top 50%
1285,2505,150263644,147,2014-01,2026-04,1022201.66,1220006,2025-10,1220006,0.027877,295304858790,54.785438,Top 50%
1286,3687,150168239,147,2014-01,2026-04,1021552.65,1188001,2014-05,1188001,0.027859,295455027029,54.813298,Top 50%
1287,3868,149931278,147,2014-01,2026-04,1019940.67,1345589,2014-05,1345589,0.027815,295604958307,54.841113,Top 50%
1288,2826,149929281,147,2014-01,2026-04,1019927.08,1832986,2018-04,1832986,0.027815,295754887588,54.868928,Top 50%
1289,851,149874783,147,2014-01,2026-04,1019556.35,1208087,2023-05,1208087,0.027805,295904762371,54.896733,Top 50%
1290,3588,149855778,147,2014-01,2026-04,1019427.06,1556156,2025-06,1556156,0.027801,296054618149,54.924535,Top 50%
1291,3264,149838443,147,2014-01,2026-04,1019309.14,1269048,2024-05,1269048,0.027798,296204456592,54.952333,Top 50%
1292,6695,149719479,147,2014-01,2026-04,1018499.86,1324824,2016-12,1324824,0.027776,296354176071,54.980109,Top 50%
1293,3742,149716605,147,2014-01,2026-04,1018480.31,1279689,2019-10,1279689,0.027776,296503892676,55.007885,Top 50%
1294,6261,149668402,147,2014-01,2026-04,1018152.39,1148381,2025-05,1148381,0.027767,296653561078,55.035652,Top 50%
1295,4205,149644818,147,2014-01,2026-04,1017991.96,1186705,2017-10,1186705,0.027762,296803205896,55.063414,Top 50%
1296,271,149607879,147,2014-01,2026-04,1017740.67,1134938,2025-10,1134938,0.027755,296952813775,55.09117,Top 50%
1297,592,149464232,147,2014-01,2026-04,1016763.48,1372504,2026-03,1372504,0.027729,297102278007,55.118898,Top 50%
1298,304,149435616,147,2014-01,2026-04,1016568.82,1233183,2025-10,1233183,0.027724,297251713623,55.146622,Top 50%
1299,4342,149419899,147,2014-01,2026-04,1016461.9,1252864,2025-10,1252864,0.027721,297401133522,55.174343,Top 50%
1300,5209,149369686,147,2014-01,2026-04,1016120.31,1157097,2026-03,1157097,0.027711,297550503208,55.202054,Top 50%
1301,579,149303684,147,2014-01,2026-04,1015671.32,1236899,2019-10,1236899,0.027699,297699806892,55.229753,Top 50%
1302,2688,149223023,140,2014-01,2026-04,1065878.74,1888754,2025-10,1888754,0.027684,297849029915,55.257437,Top 50%
1303,3122,149160440,147,2014-01,2026-04,1014696.87,2907166,2023-05,2907166,0.027672,297998190355,55.28511,Top 50%
1304,4231,149095532,147,2014-01,2026-04,1014255.32,1296683,2014-10,1296683,0.02766,298147285887,55.31277,Top 50%
1305,794,149087131,147,2014-01,2026-04,1014198.17,1276034,2025-10,1276034,0.027659,298296373018,55.340429,Top 50%
1306,637,149078117,147,2014-01,2026-04,1014136.85,1170188,2024-05,1170188,0.027657,298445451135,55.368086,Top 50%
1307,3920,148832154,147,2014-01,2026-04,1012463.63,1484736,2023-03,1484736,0.027612,298594283289,55.395698,Top 50%
1308,5009,148693369,147,2014-01,2026-04,1011519.52,1235588,2025-10,1235588,0.027586,298742976658,55.423284,Top 50%
1309,3918,148344411,147,2014-01,2026-04,1009145.65,1229535,2023-03,1229535,0.027521,298891321069,55.450805,Top 50%
1310,3634,148075190,147,2014-01,2026-04,1007314.22,1225042,2026-03,1225042,0.027471,299039396259,55.478276,Top 50%
1311,1539,148026078,139,2014-08,2026-04,1064935.81,1425083,2019-08,1425083,0.027462,299187422337,55.505738,Top 50%
1312,1045,147916316,147,2014-01,2026-04,1006233.44,1506530,2019-10,1506530,0.027442,299335338653,55.53318,Top 50%
1313,1477,147895577,87,2019-02,2026-04,1699949.16,2403629,2025-10,2403629,0.027438,299483234230,55.560617,Top 50%
1314,5238,147888859,147,2014-01,2026-04,1006046.66,1221980,2019-10,1221980,0.027437,299631123089,55.588054,Top 50%
1315,5068,147835229,147,2014-01,2026-04,1005681.83,1128465,2021-12,1128465,0.027427,299778958318,55.615481,Top 50%
1316,5236,147778105,147,2014-01,2026-04,1005293.23,1171145,2023-03,1171145,0.027416,299926736423,55.642897,Top 50%
1317,551,147604131,147,2014-01,2026-04,1004109.73,1161197,2019-10,1161197,0.027384,300074340554,55.67028,Top 50%
1318,480,147587177,147,2014-01,2026-04,1003994.4,1546380,2019-08,1546380,0.027381,300221927731,55.697661,Top 50%
1319,4806,147535103,147,2014-01,2026-04,1003640.16,1689355,2014-10,1689355,0.027371,300369462834,55.725032,Top 50%
1320,146,147431883,147,2014-01,2026-04,1002937.98,1296784,2017-12,1296784,0.027352,300516894717,55.752384,Top 50%
1321,3425,147294163,147,2014-01,2026-04,1002001.11,1189817,2014-10,1189817,0.027326,300664188880,55.77971,Top 50%
1322,2822,147207067,147,2014-01,2026-04,1001408.62,1358406,2024-05,1358406,0.02731,300811395947,55.80702,Top 50%
1323,2834,147200850,146,2014-01,2026-04,1008225.0,1375146,2026-03,1375146,0.027309,300958596797,55.834329,Top 50%
1324,4553,147140569,147,2014-01,2026-04,1000956.25,1468815,2015-03,1468815,0.027298,301105737366,55.861627,Top 50%
1325,4264,147123346,147,2014-01,2026-04,1000839.09,1137352,2024-10,1137352,0.027295,301252860712,55.888921,Top 50%
1326,4000,147070358,147,2014-01,2026-04,1000478.63,1195863,2019-03,1195863,0.027285,301399931070,55.916206,Top 50%
1327,2510,146938741,147,2014-01,2026-04,999583.27,1269477,2024-10,1269477,0.02726,301546869811,55.943466,Top 50%
1328,4121,146865203,147,2014-01,2026-04,999083.01,1148596,2014-05,1148596,0.027247,301693735014,55.970713,Top 50%
1329,359,146825260,147,2014-01,2026-04,998811.29,1178563,2019-08,1178563,0.027239,301840560274,55.997952,Top 50%
1330,5244,146817052,147,2014-01,2026-04,998755.46,1230031,2025-10,1230031,0.027238,301987377326,56.02519,Top 50%
1331,4240,146796220,147,2014-01,2026-04,998613.74,1179726,2019-10,1179726,0.027234,302134173546,56.052424,Top 50%
1332,3899,146773389,147,2014-01,2026-04,998458.43,1287923,2020-02,1287923,0.02723,302280946935,56.079654,Top 50%
1333,2593,146720222,147,2014-01,2026-04,998096.75,1260912,2017-03,1260912,0.02722,302427667157,56.106873,Top 50%
1334,4226,146708696,147,2014-01,2026-04,998018.34,1458201,2021-12,1458201,0.027218,302574375853,56.134091,Top 50%
1335,180,146699361,147,2014-01,2026-04,997954.84,1187482,2016-12,1187482,0.027216,302721075214,56.161307,Top 50%
1336,2883,146697111,146,2014-01,2026-04,1004774.73,1508227,2020-01,1508227,0.027215,302867772325,56.188522,Top 50%
1337,2041,146650888,147,2014-01,2026-04,997625.09,1233655,2017-05,1233655,0.027207,303014423213,56.215729,Top 50%
1338,3220,146636262,147,2014-01,2026-04,997525.59,2448424,2020-05,2448424,0.027204,303161059475,56.242933,Top 50%
1339,3147,146595213,147,2014-01,2026-04,997246.35,1739222,2025-10,1739222,0.027197,303307654688,56.27013,Top 50%
1340,521,146589784,147,2014-01,2026-04,997209.41,1153479,2022-03,1153479,0.027196,303454244472,56.297326,Top 50%
1341,3749,146550884,147,2014-01,2026-04,996944.79,1505346,2025-10,1505346,0.027188,303600795356,56.324514,Top 50%
1342,2659,146521261,147,2014-01,2026-04,996743.27,1262884,2018-01,1262884,0.027183,303747316617,56.351697,Top 50%
1343,3596,146366893,147,2014-01,2026-04,995693.15,1215509,2018-03,1215509,0.027154,303893683510,56.378851,Top 50%
1344,4341,146359350,147,2014-01,2026-04,995641.84,1193312,2019-03,1193312,0.027153,304040042860,56.406004,Top 50%
1345,4172,146254885,147,2014-01,2026-04,994931.19,1340796,2024-08,1340796,0.027133,304186297745,56.433137,Top 50%
1346,356,146248274,147,2014-01,2026-04,994886.22,1165003,2025-08,1165003,0.027132,304332546019,56.46027,Top 50%
1347,4840,146248079,147,2014-01,2026-04,994884.89,1302886,2019-03,1302886,0.027132,304478794098,56.487402,Top 50%
1348,4482,146098962,147,2014-01,2026-04,993870.49,1532979,2024-10,1532979,0.027105,304624893060,56.514506,Top 50%
1349,4890,146072798,147,2014-01,2026-04,993692.5,1208816,2019-10,1208816,0.0271,304770965858,56.541606,Top 50%
1350,327,146007759,147,2014-01,2026-04,993250.06,1235872,2025-11,1235872,0.027088,304916973617,56.568694,Top 50%
1351,842,146006232,147,2014-01,2026-04,993239.67,1157637,2017-05,1157637,0.027087,305062979849,56.595781,Top 50%
1352,114,145990624,147,2014-01,2026-04,993133.5,1201992,2018-05,1201992,0.027084,305208970473,56.622865,Top 50%
1353,873,145926813,147,2014-01,2026-04,992699.41,1136537,2017-03,1136537,0.027073,305354897286,56.649938,Top 50%
1354,215,145919577,143,2014-01,2026-04,1020416.62,1290003,2014-10,1290003,0.027071,305500816863,56.677009,Top 50%
1355,4990,145846994,147,2014-01,2026-04,992156.42,1171536,2025-03,1171536,0.027058,305646663857,56.704067,Top 50%
1356,4374,145811432,147,2014-01,2026-04,991914.5,1365395,2022-02,1365395,0.027051,305792475289,56.731118,Top 50%
1357,3502,145810530,147,2014-01,2026-04,991908.37,1401542,2015-07,1401542,0.027051,305938285819,56.758169,Top 50%
1358,4434,145764691,147,2014-01,2026-04,991596.54,1376716,2019-10,1376716,0.027043,306084050510,56.785212,Top 50%
1359,1218,145741800,147,2014-01,2026-04,991440.82,1836546,2025-10,1836546,0.027038,306229792310,56.81225,Top 50%
1360,3565,145481852,147,2014-01,2026-04,989672.46,1155085,2017-03,1155085,0.02699,306375274162,56.83924,Top 50%
1361,3303,145391463,147,2014-01,2026-04,989057.57,3463553,2016-05,3463553,0.026973,306520665625,56.866213,Top 50%
1362,3208,145212005,147,2014-01,2026-04,987836.77,1285441,2026-03,1285441,0.02694,306665877630,56.893153,Top 50%
1363,3266,145166845,147,2014-01,2026-04,987529.56,1287348,2025-03,1287348,0.026932,306811044475,56.920085,Top 50%
1364,4520,145078313,147,2014-01,2026-04,986927.3,1296796,2023-03,1296796,0.026915,306956122788,56.947,Top 50%
1365,5062,144993883,147,2014-01,2026-04,986352.95,1663296,2016-01,1663296,0.0269,307101116671,56.973899,Top 50%
1366,4645,144925060,147,2014-01,2026-04,985884.76,1213794,2025-03,1213794,0.026887,307246041731,57.000786,Top 50%
1367,4903,144917771,147,2014-01,2026-04,985835.18,1273426,2025-03,1273426,0.026885,307390959502,57.027671,Top 50%
1368,4048,144912267,147,2014-01,2026-04,985797.73,1224683,2019-10,1224683,0.026884,307535871769,57.054556,Top 50%
1369,5093,144875364,147,2014-01,2026-04,985546.69,1138440,2024-10,1138440,0.026878,307680747133,57.081433,Top 50%
1370,4198,144793752,147,2014-01,2026-04,984991.51,1261074,2019-03,1261074,0.026862,307825540885,57.108296,Top 50%
1371,2001,144717040,147,2014-01,2026-04,984469.66,1154789,2018-05,1154789,0.026848,307970257925,57.135144,Top 50%
1372,1235,144680574,147,2014-01,2026-04,984221.59,1317784,2026-03,1317784,0.026841,308114938499,57.161985,Top 50%
1373,2484,144678674,147,2014-01,2026-04,984208.67,1185152,2015-05,1185152,0.026841,308259617173,57.188826,Top 50%
1374,4677,144377511,147,2014-01,2026-04,982159.94,2963638,2015-05,2963638,0.026785,308403994684,57.215611,Top 50%
1375,2992,144333895,115,2016-09,2026-04,1255077.35,1666861,2018-03,1666861,0.026777,308548328579,57.242388,Top 50%
1376,4241,144291806,147,2014-01,2026-04,981576.91,1162142,2017-05,1162142,0.026769,308692620385,57.269158,Top 50%
1377,895,144252304,147,2014-01,2026-04,981308.19,1148167,2016-12,1148167,0.026762,308836872689,57.29592,Top 50%
1378,2798,144206670,147,2014-01,2026-04,980997.76,1132242,2021-12,1132242,0.026753,308981079359,57.322673,Top 50%
1379,4332,144151774,147,2014-01,2026-04,980624.31,1270354,2014-03,1270354,0.026743,309125231133,57.349416,Top 50%
1380,173,144125449,147,2014-01,2026-04,980445.23,1184996,2022-10,1184996,0.026738,309269356582,57.376155,Top 50%
1381,2732,144119613,147,2014-01,2026-04,980405.53,1215383,2018-05,1215383,0.026737,309413476195,57.402892,Top 50%
1382,4020,144070305,147,2014-01,2026-04,980070.1,1152631,2017-03,1152631,0.026728,309557546500,57.42962,Top 50%
1383,981,144063661,147,2014-01,2026-04,980024.9,1175091,2017-03,1175091,0.026727,309701610161,57.456347,Top 50%
1384,5000,143989676,146,2014-01,2026-04,986230.66,1313576,2019-07,1313576,0.026713,309845599837,57.48306,Top 50%
1385,535,143810856,147,2014-01,2026-04,978305.14,1478764,2022-02,1478764,0.02668,309989410693,57.50974,Top 50%
1386,111,143769186,147,2014-01,2026-04,978021.67,1189338,2014-10,1189338,0.026672,310133179879,57.536413,Top 50%
1387,3182,143719088,147,2014-01,2026-04,977680.87,2085464,2024-10,2085464,0.026663,310276898967,57.563076,Top 50%
1388,825,143682285,147,2014-01,2026-04,977430.51,1159902,2016-12,1159902,0.026656,310420581252,57.589732,Top 50%
1389,4456,143661390,147,2014-01,2026-04,977288.37,1202847,2017-03,1202847,0.026652,310564242642,57.616384,Top 50%
1390,1078,143566415,147,2014-01,2026-04,976642.28,1158568,2018-03,1158568,0.026635,310707809057,57.643019,Top 50%
1391,3526,143521042,147,2014-01,2026-04,976333.62,1438498,2015-01,1438498,0.026626,310851330099,57.669645,Top 50%
1392,1077,143481418,147,2014-01,2026-04,976064.07,1219230,2018-10,1219230,0.026619,310994811517,57.696264,Top 50%
1393,119,143455043,147,2014-01,2026-04,975884.65,1135012,2014-10,1135012,0.026614,311138266560,57.722878,Top 50%
1394,3126,143384550,147,2014-01,2026-04,975405.1,1144697,2014-05,1144697,0.026601,311281651110,57.749479,Top 50%
1395,4967,143377148,147,2014-01,2026-04,975354.75,1696372,2022-12,1696372,0.0266,311425028258,57.776078,Top 50%
1396,4454,143368493,147,2014-01,2026-04,975295.87,1259097,2017-11,1259097,0.026598,311568396751,57.802676,Top 50%
1397,463,143276646,147,2014-01,2026-04,974671.06,1224040,2023-05,1224040,0.026581,311711673397,57.829257,Top 50%
1398,612,143068614,147,2014-01,2026-04,973255.88,1407126,2018-02,1407126,0.026542,311854742011,57.8558,Top 50%
1399,3453,143066310,147,2014-01,2026-04,973240.2,1228574,2015-05,1228574,0.026542,311997808321,57.882342,Top 50%
1400,1301,142946654,147,2014-01,2026-04,972426.22,1090048,2024-10,1090048,0.02652,312140754975,57.908861,Top 50%
1401,1531,142856841,137,2014-11,2026-04,1042750.66,1640204,2024-08,1640204,0.026503,312283611816,57.935364,Top 50%
1402,2043,142820105,147,2014-01,2026-04,971565.34,1123887,2015-10,1123887,0.026496,312426431921,57.96186,Top 50%
1403,363,142795972,147,2014-01,2026-04,971401.17,1160045,2017-03,1160045,0.026492,312569227893,57.988352,Top 50%
1404,186,142744105,147,2014-01,2026-04,971048.33,1159644,2022-03,1159644,0.026482,312711971998,58.014834,Top 50%
1405,1576,142621761,125,2015-08,2026-04,1140974.09,2413967,2022-03,2413967,0.026459,312854593759,58.041294,Top 50%
1406,1044,142578927,147,2014-01,2026-04,969924.67,1176413,2017-03,1176413,0.026451,312997172686,58.067745,Top 50%
1407,2441,142551828,147,2014-01,2026-04,969740.33,1153158,2014-05,1153158,0.026446,313139724514,58.094192,Top 50%
1408,303,142535930,147,2014-01,2026-04,969632.18,1637127,2025-10,1637127,0.026443,313282260444,58.120635,Top 50%
1409,6685,142523324,147,2014-01,2026-04,969546.42,1133594,2021-12,1133594,0.026441,313424783768,58.147076,Top 50%
1410,1256,142249625,147,2014-01,2026-04,967684.52,1169135,2024-05,1169135,0.02639,313567033393,58.173467,Top 50%
1411,4499,142240071,147,2014-01,2026-04,967619.53,1179373,2018-05,1179373,0.026389,313709273464,58.199855,Top 50%
1412,3408,142117174,147,2014-01,2026-04,966783.5,1189965,2026-01,1189965,0.026366,313851390638,58.226221,Top 50%
1413,1312,142099614,147,2014-01,2026-04,966664.04,1195217,2025-10,1195217,0.026363,313993490252,58.252584,Top 50%
1414,261,142080943,147,2014-01,2026-04,966537.03,1083603,2018-10,1083603,0.026359,314135571195,58.278943,Top 50%
1415,705,141965642,147,2014-01,2026-04,965752.67,1327792,2026-03,1327792,0.026338,314277536837,58.30528,Top 50%
1416,5191,141913905,147,2014-01,2026-04,965400.71,1171094,2021-12,1171094,0.026328,314419450742,58.331609,Top 50%
1417,665,141758600,147,2014-01,2026-04,964344.22,1159737,2018-10,1159737,0.026299,314561209342,58.357908,Top 50%
1418,1378,141715864,147,2014-01,2026-04,964053.5,1166498,2015-04,1166498,0.026291,314702925206,58.384199,Top 50%
1419,3677,141698668,147,2014-01,2026-04,963936.52,1163534,2014-05,1163534,0.026288,314844623874,58.410487,Top 50%
1420,803,141665521,147,2014-01,2026-04,963711.03,1159655,2024-10,1159655,0.026282,314986289395,58.436769,Top 50%
1421,4657,141509546,147,2014-01,2026-04,962649.97,1335479,2014-07,1335479,0.026253,315127798941,58.463022,Top 50%
1422,2713,141506158,147,2014-01,2026-04,962626.93,1231626,2025-10,1231626,0.026252,315269305099,58.489275,Top 50%
1423,329,141506142,147,2014-01,2026-04,962626.82,1340337,2016-05,1340337,0.026252,315410811241,58.515527,Top 50%
1424,113,141481031,147,2014-01,2026-04,962455.99,2077856,2024-03,2077856,0.026248,315552292272,58.541775,Top 50%
1425,3001,141442649,147,2014-01,2026-04,962194.89,1478278,2019-10,1478278,0.026241,315693734921,58.568016,Top 50%
1426,5819,141362384,147,2014-01,2026-04,961648.87,1191833,2014-10,1191833,0.026226,315835097305,58.594242,Top 50%
1427,3673,141286995,147,2014-01,2026-04,961136.02,1193272,2015-09,1193272,0.026212,315976384300,58.620453,Top 50%
1428,236,141248940,147,2014-01,2026-04,960877.14,1127052,2025-10,1127052,0.026205,316117633240,58.646658,Top 50%
1429,2731,141219666,147,2014-01,2026-04,960678.0,1202311,2018-05,1202311,0.026199,316258852906,58.672857,Top 50%
1430,3305,141152811,147,2014-01,2026-04,960223.2,1208540,2019-05,1208540,0.026187,316400005717,58.699044,Top 50%
1431,4694,141063716,147,2014-01,2026-04,959617.12,1564473,2022-03,1564473,0.02617,316541069433,58.725215,Top 50%
1432,211,141063311,147,2014-01,2026-04,959614.36,1175404,2017-03,1175404,0.02617,316682132744,58.751385,Top 50%
1433,5269,141005369,147,2014-01,2026-04,959220.2,1138679,2025-10,1138679,0.02616,316823138113,58.777545,Top 50%
1434,3426,140857872,147,2014-01,2026-04,958216.82,2306947,2015-05,2306947,0.026132,316963995985,58.803677,Top 50%
1435,6818,140781922,147,2014-01,2026-04,957700.15,1166146,2016-12,1166146,0.026118,317104777907,58.829795,Top 50%
1436,735,140765503,147,2014-01,2026-04,957588.46,1297250,2016-12,1297250,0.026115,317245543410,58.85591,Top 50%
1437,143,140741199,147,2014-01,2026-04,957423.12,1600934,2024-03,1600934,0.026111,317386284609,58.88202,Top 50%
1438,2356,140598062,147,2014-01,2026-04,956449.4,1215287,2016-12,1215287,0.026084,317526882671,58.908104,Top 50%
1439,2584,140556218,147,2014-01,2026-04,956164.75,1151754,2017-12,1151754,0.026076,317667438889,58.934181,Top 50%
1440,6689,140461952,147,2014-01,2026-04,955523.48,1937248,2024-08,1937248,0.026059,317807900841,58.960239,Top 50%
1441,3771,140425231,147,2014-01,2026-04,955273.68,1286404,2025-05,1286404,0.026052,317948326072,58.986291,Top 50%
1442,231,140402203,147,2014-01,2026-04,955117.03,1197861,2017-03,1197861,0.026048,318088728275,59.012339,Top 50%
1443,4750,140334953,147,2014-01,2026-04,954659.54,1180003,2014-10,1180003,0.026035,318229063228,59.038374,Top 50%
1444,1150,140334191,147,2014-01,2026-04,954654.36,1319191,2020-02,1319191,0.026035,318369397419,59.064409,Top 50%
1445,2649,140246888,147,2014-01,2026-04,954060.46,1383729,2018-03,1383729,0.026019,318509644307,59.090428,Top 50%
1446,439,140228003,147,2014-01,2026-04,953931.99,1180118,2018-03,1180118,0.026015,318649872310,59.116443,Top 50%
1447,4383,140165277,147,2014-01,2026-04,953505.29,1147794,2014-10,1147794,0.026004,318790037587,59.142447,Top 50%
1448,3940,140143562,147,2014-01,2026-04,953357.56,1235660,2023-03,1235660,0.026,318930181149,59.168447,Top 50%
1449,4576,140120474,147,2014-01,2026-04,953200.5,1294179,2015-12,1294179,0.025995,319070301623,59.194442,Top 50%
1450,3349,140100391,147,2014-01,2026-04,953063.88,1381049,2025-10,1381049,0.025992,319210402014,59.220434,Top 50%
1451,960,140018769,147,2014-01,2026-04,952508.63,1155251,2020-12,1155251,0.025977,319350420783,59.24641,Top 50%
1452,2190,140018327,147,2014-01,2026-04,952505.63,1443578,2019-11,1443578,0.025976,319490439110,59.272387,Top 50%
1453,1065,140010858,138,2014-01,2026-04,1014571.43,1369770,2025-11,1369770,0.025975,319630449968,59.298362,Top 50%
1454,254,139947984,147,2014-01,2026-04,952027.1,1262288,2024-05,1262288,0.025963,319770397952,59.324325,Top 50%
1455,3114,139928831,147,2014-01,2026-04,951896.81,1099006,2025-10,1099006,0.02596,319910326783,59.350285,Top 50%
1456,3119,139927415,147,2014-01,2026-04,951887.18,1081510,2024-10,1081510,0.02596,320050254198,59.376244,Top 50%
1457,1507,139859216,147,2014-01,2026-04,951423.24,1502010,2026-03,1502010,0.025947,320190113414,59.402191,Top 50%
1458,4736,139761117,147,2014-01,2026-04,950755.9,1271616,2017-03,1271616,0.025929,320329874531,59.42812,Top 50%
1459,3537,139667942,147,2014-01,2026-04,950122.05,1191678,2025-03,1191678,0.025911,320469542473,59.454031,Top 50%
1460,1426,139621524,85,2018-05,2026-04,1642606.16,2453158,2023-11,2453158,0.025903,320609163997,59.479934,Top 50%
1461,4543,139478983,147,2014-01,2026-04,948836.62,1345933,2017-03,1345933,0.025876,320748642980,59.505811,Top 50%
1462,1951,139472017,55,2021-10,2026-04,2535854.85,3026388,2025-10,3026388,0.025875,320888114997,59.531686,Top 50%
1463,351,139459185,147,2014-01,2026-04,948701.94,1396343,2023-01,1396343,0.025873,321027574182,59.557558,Top 50%
1464,4965,139272464,147,2014-01,2026-04,947431.73,1077050,2019-10,1077050,0.025838,321166846646,59.583396,Top 50%
1465,979,139159087,147,2014-01,2026-04,946660.46,1275922,2018-05,1275922,0.025817,321306005733,59.609213,Top 50%
1466,929,139138594,147,2014-01,2026-04,946521.05,1125688,2025-10,1125688,0.025813,321445144327,59.635027,Top 50%
1467,709,139133886,147,2014-01,2026-04,946489.02,1260539,2025-06,1260539,0.025812,321584278213,59.660839,Top 50%
1468,2207,139056975,147,2014-01,2026-04,945965.82,1301992,2015-05,1301992,0.025798,321723335188,59.686637,Top 50%
1469,5234,139023899,147,2014-01,2026-04,945740.81,1172296,2023-03,1172296,0.025792,321862359087,59.712429,Top 50%
1470,2410,139007062,147,2014-01,2026-04,945626.27,1152969,2019-10,1152969,0.025789,322001366149,59.738218,Top 50%
1471,4129,138956418,147,2014-01,2026-04,945281.76,1380021,2025-10,1380021,0.025779,322140322567,59.763997,Top 50%
1472,4221,138954171,147,2014-01,2026-04,945266.47,1181548,2018-09,1181548,0.025779,322279276738,59.789776,Top 50%
1473,4355,138911608,147,2014-01,2026-04,944976.93,1130446,2023-05,1130446,0.025771,322418188346,59.815547,Top 50%
1474,1464,138806616,92,2018-08,2026-04,1508767.57,1775279,2019-10,1775279,0.025752,322556994962,59.841299,Top 50%
1475,3304,138795863,147,2014-01,2026-04,944189.54,1315544,2018-03,1315544,0.02575,322695790825,59.867049,Top 50%
1476,2865,138736848,147,2014-01,2026-04,943788.08,1208197,2018-03,1208197,0.025739,322834527673,59.892787,Top 50%
1477,827,138720622,147,2014-01,2026-04,943677.7,1090506,2016-11,1090506,0.025736,322973248295,59.918523,Top 50%
1478,5092,138689192,147,2014-01,2026-04,943463.89,1166767,2025-10,1166767,0.02573,323111937487,59.944253,Top 50%
1479,3233,138553072,147,2014-01,2026-04,942537.9,1122909,2017-03,1122909,0.025705,323250490559,59.969957,Top 50%
1480,2998,138535713,103,2017-09,2026-04,1345006.92,1619542,2019-03,1619542,0.025701,323389026272,59.995659,Top 50%
1481,5239,138530199,147,2014-01,2026-04,942382.31,1187168,2025-10,1187168,0.0257,323527556471,60.021359,Top 50%
1482,5283,138483600,141,2014-01,2026-04,982153.19,1309075,2026-03,1309075,0.025692,323666040071,60.047051,Top 50%
1483,648,138453142,147,2014-01,2026-04,941858.11,1054045,2017-10,1054045,0.025686,323804493213,60.072737,Top 50%
1484,2792,138393503,147,2014-01,2026-04,941452.4,1157259,2019-03,1157259,0.025675,323942886716,60.098412,Top 50%
1485,3922,138213452,147,2014-01,2026-04,940227.56,1122333,2025-05,1122333,0.025642,324081100168,60.124053,Top 50%
1486,6255,138043881,147,2014-01,2026-04,939074.02,1088788,2025-10,1088788,0.02561,324219144049,60.149664,Top 50%
1487,3622,137975955,147,2014-01,2026-04,938611.94,1128468,2025-10,1128468,0.025598,324357120004,60.175261,Top 50%
1488,1249,137972237,147,2014-01,2026-04,938586.65,1284718,2024-10,1284718,0.025597,324495092241,60.200858,Top 50%
1489,711,137903258,147,2014-01,2026-04,938117.4,1592630,2025-05,1592630,0.025584,324632995499,60.226442,Top 50%
1490,4064,137877329,147,2014-01,2026-04,937941.01,1176420,2014-05,1176420,0.025579,324770872828,60.252021,Top 50%
1491,5203,137728286,147,2014-01,2026-04,936927.12,1160215,2021-12,1160215,0.025552,324908601114,60.277573,Top 50%
1492,288,137690971,147,2014-01,2026-04,936673.27,1120903,2018-03,1120903,0.025545,325046292085,60.303117,Top 50%
1493,5346,137326478,120,2016-04,2026-04,1144387.32,1394795,2025-10,1394795,0.025477,325183618563,60.328595,Top 50%
1494,3194,137274675,145,2014-01,2026-02,946721.9,1110905,2025-03,1110905,0.025467,325320893238,60.354062,Top 50%
1495,1140,137246891,147,2014-01,2026-04,933652.32,1241300,2022-05,1241300,0.025462,325458140129,60.379524,Top 50%
1496,4228,137200201,147,2014-01,2026-04,933334.7,1135127,2014-07,1135127,0.025454,325595340330,60.404978,Top 50%
1497,4801,137175388,147,2014-01,2026-04,933165.9,1100329,2014-05,1100329,0.025449,325732515718,60.430427,Top 50%
1498,4691,137138213,147,2014-01,2026-04,932913.01,1779482,2016-05,1779482,0.025442,325869653931,60.455869,Top 50%
1499,3985,137112920,147,2014-01,2026-04,932740.95,1065034,2018-05,1065034,0.025437,326006766851,60.481306,Top 50%
1500,5103,137013290,147,2014-01,2026-04,932063.2,1056191,2025-11,1056191,0.025419,326143780141,60.506725,Top 50%
1501,6813,136970900,147,2014-01,2026-04,931774.83,1073296,2016-03,1073296,0.025411,326280751041,60.532136,Top 50%
1502,3465,136875298,62,2021-03,2026-04,2207666.1,2511368,2024-10,2511368,0.025393,326417626339,60.55753,Top 50%
1503,2924,136874354,147,2014-01,2026-04,931118.05,1482587,2019-10,1482587,0.025393,326554500693,60.582923,Top 50%
1504,2204,136455637,147,2014-01,2026-04,928269.64,1413208,2015-02,1413208,0.025315,326690956330,60.608238,Top 50%
1505,4796,136270108,147,2014-01,2026-04,927007.54,1179064,2014-10,1179064,0.025281,326827226438,60.633519,Top 50%
1506,2873,136266773,147,2014-01,2026-04,926984.85,1248741,2018-03,1248741,0.02528,326963493211,60.6588,Top 50%
1507,5202,136232463,147,2014-01,2026-04,926751.45,1120384,2016-12,1120384,0.025274,327099725674,60.684074,Top 50%
1508,3856,136119260,127,2015-09,2026-04,1071805.2,1301842,2019-10,1301842,0.025253,327235844934,60.709327,Top 50%
1509,2734,136117268,147,2014-01,2026-04,925967.81,1109224,2025-10,1109224,0.025253,327371962202,60.73458,Top 50%
1510,3841,135982213,147,2014-01,2026-04,925049.07,1100286,2025-10,1100286,0.025228,327507944415,60.759807,Top 50%
1511,3118,135940175,147,2014-01,2026-04,924763.1,1106937,2019-10,1106937,0.02522,327643884590,60.785027,Top 50%
1512,6253,135924544,145,2014-01,2026-04,937410.65,1083411,2021-12,1083411,0.025217,327779809134,60.810244,Top 50%
1513,4315,135689399,147,2014-01,2026-04,923057.14,1072290,2016-12,1072290,0.025173,327915498533,60.835417,Top 50%
1514,1052,135663856,147,2014-01,2026-04,922883.37,2172490,2016-11,2172490,0.025169,328051162389,60.860586,Top 50%
1515,5821,135550560,147,2014-01,2026-04,922112.65,1108300,2017-03,1108300,0.025148,328186712949,60.885733,Top 50%
1516,3023,135451885,147,2014-01,2026-04,921441.39,1082065,2019-10,1082065,0.025129,328322164834,60.910863,Top 50%
1517,4270,135383444,147,2014-01,2026-04,920975.81,1085518,2014-05,1085518,0.025117,328457548278,60.935979,Top 50%
1518,4468,135105672,147,2014-01,2026-04,919086.2,1198332,2014-03,1198332,0.025065,328592653950,60.961044,Top 50%
1519,756,135058875,147,2014-01,2026-04,918767.86,1238636,2025-10,1238636,0.025056,328727712825,60.986101,Top 50%
1520,4793,135051367,147,2014-01,2026-04,918716.78,1102229,2015-12,1102229,0.025055,328862764192,61.011156,Top 50%
1521,4350,134973999,147,2014-01,2026-04,918190.47,1228452,2014-03,1228452,0.025041,328997738191,61.036196,Top 50%
1522,5284,134894966,147,2014-01,2026-04,917652.83,1470138,2025-03,1470138,0.025026,329132633157,61.061222,Top 50%
1523,1343,134858876,145,2014-01,2026-04,930061.21,1565570,2026-03,1565570,0.025019,329267492033,61.086241,Top 50%
1524,1186,134739077,147,2014-01,2026-04,916592.36,1406471,2018-02,1406471,0.024997,329402231110,61.111238,Top 50%
1525,5208,134584705,147,2014-01,2026-04,915542.21,1065959,2026-03,1065959,0.024968,329536815815,61.136207,Top 50%
1526,3299,134529493,147,2014-01,2026-04,915166.62,1149394,2019-03,1149394,0.024958,329671345308,61.161165,Top 50%
1527,4574,134481018,147,2014-01,2026-04,914836.86,1034668,2019-08,1034668,0.024949,329805826326,61.186114,Top 50%
1528,3621,134343563,147,2014-01,2026-04,913901.79,1091221,2025-10,1091221,0.024924,329940169889,61.211038,Top 50%
1529,1579,134170138,131,2015-02,2026-04,1024199.53,1387291,2026-03,1387291,0.024891,330074340027,61.235929,Top 50%
1530,2996,134057250,131,2015-05,2026-04,1023337.79,1477654,2018-03,1477654,0.024871,330208397277,61.2608,Top 50%
1531,2680,134021668,147,2014-01,2026-04,911712.03,1075444,2017-03,1075444,0.024864,330342418945,61.285664,Top 50%
1532,687,133979006,147,2014-01,2026-04,911421.81,1080027,2025-03,1080027,0.024856,330476397951,61.31052,Top 50%
1533,3409,133808530,147,2014-01,2026-04,910262.11,1102346,2018-08,1102346,0.024824,330610206481,61.335344,Top 50%
1534,307,133371258,147,2014-01,2026-04,907287.47,1110640,2025-10,1110640,0.024743,330743577739,61.360087,Top 50%
1535,3302,133331706,147,2014-01,2026-04,907018.41,1129964,2014-08,1129964,0.024736,330876909445,61.384823,Top 50%
1536,3485,133306996,147,2014-01,2026-04,906850.31,1181602,2022-02,1181602,0.024731,331010216441,61.409554,Top 50%
1537,457,133306508,147,2014-01,2026-04,906846.99,1054520,2015-10,1054520,0.024731,331143522949,61.434286,Top 50%
1538,102,133220955,147,2014-01,2026-04,906265.0,1100316,2023-03,1100316,0.024715,331276743904,61.459001,Top 50%
1539,3227,133030058,147,2014-01,2026-04,904966.38,1072671,2025-10,1072671,0.02468,331409773962,61.483681,Top 50%
1540,2934,132976552,147,2014-01,2026-04,904602.39,1130146,2018-03,1130146,0.02467,331542750514,61.508351,Top 50%
1541,3024,132966502,147,2014-01,2026-04,904534.03,1150553,2019-10,1150553,0.024668,331675717016,61.533019,Top 50%
1542,3139,132842563,147,2014-01,2026-04,903690.9,1118463,2024-12,1118463,0.024645,331808559579,61.557664,Top 50%
1543,3173,132773301,144,2014-01,2026-04,922036.81,1451319,2026-01,1451319,0.024632,331941332880,61.582297,Top 50%
1544,1506,132713330,143,2014-05,2026-04,928065.24,1478191,2022-01,1478191,0.024621,332074046210,61.606918,Top 50%
1545,440,132659749,147,2014-01,2026-04,902447.27,1133176,2019-10,1133176,0.024611,332206705959,61.631529,Top 50%
1546,4563,132636515,147,2014-01,2026-04,902289.22,1558111,2014-05,1558111,0.024607,332339342474,61.656136,Top 50%
1547,4862,132457024,147,2014-01,2026-04,901068.19,1081027,2023-01,1081027,0.024574,332471799498,61.68071,Top 50%
1548,4527,132442764,146,2014-01,2026-04,907142.22,1321589,2018-08,1321589,0.024571,332604242262,61.705281,Top 50%
1549,3009,132405587,147,2014-01,2026-04,900718.28,1070515,2015-10,1070515,0.024564,332736647849,61.729845,Top 50%
1550,2776,132361152,147,2014-01,2026-04,900416.0,1758232,2025-10,1758232,0.024556,332869009001,61.754401,Top 50%
1551,1181,132322354,147,2014-01,2026-04,900152.07,1127220,2025-10,1127220,0.024549,333001331355,61.778949,Top 50%
1552,2399,132317319,143,2014-01,2026-04,925295.94,1183944,2019-10,1183944,0.024548,333133648674,61.803497,Top 50%
1553,2494,132311504,78,2019-11,2026-04,1696301.33,2011369,2025-10,2011369,0.024547,333265960178,61.828044,Top 50%
1554,3826,132292935,147,2014-01,2026-04,899951.94,1102706,2017-03,1102706,0.024543,333398253113,61.852587,Top 50%
1555,4775,132287390,147,2014-01,2026-04,899914.22,1067412,2014-03,1067412,0.024542,333530540503,61.877129,Top 50%
1556,4716,132268848,147,2014-01,2026-04,899788.08,1199965,2014-07,1199965,0.024539,333662809351,61.901668,Top 50%
1557,606,131982676,147,2014-01,2026-04,897841.33,1051922,2025-10,1051922,0.024486,333794792027,61.926153,Top 50%
1558,3084,131880783,147,2014-01,2026-04,897148.18,1347851,2021-03,1347851,0.024467,333926672810,61.95062,Top 50%
1559,4813,131859061,147,2014-01,2026-04,897000.41,1505673,2015-10,1505673,0.024463,334058531871,61.975083,Top 50%
1560,1241,131852161,147,2014-01,2026-04,896953.48,1370430,2014-03,1370430,0.024461,334190384032,61.999544,Top 50%
1561,260,131845518,147,2014-01,2026-04,896908.29,1285124,2017-10,1285124,0.02446,334322229550,62.024004,Top 50%
1562,3222,131792176,147,2014-01,2026-04,896545.41,1039125,2014-03,1039125,0.02445,334454021726,62.048455,Top 50%
1563,1165,131736467,147,2014-01,2026-04,896166.44,1054537,2017-03,1054537,0.02444,334585758193,62.072895,Top 50%
1564,1700,131582688,122,2016-02,2026-04,1078546.62,1336798,2021-03,1336798,0.024411,334717340881,62.097306,Top 50%
1565,994,131577782,147,2014-01,2026-04,895086.95,1051434,2018-10,1051434,0.024411,334848918663,62.121717,Top 50%
1566,383,131500005,147,2014-01,2026-04,894557.86,1080948,2025-05,1080948,0.024396,334980418668,62.146113,Top 50%
1567,5210,131486348,147,2014-01,2026-04,894464.95,1110523,2018-01,1110523,0.024394,335111905016,62.170506,Top 50%
1568,938,131384810,147,2014-01,2026-04,893774.22,1325414,2019-10,1325414,0.024375,335243289826,62.194881,Top 50%
1569,3138,131368040,147,2014-01,2026-04,893660.14,1195269,2019-05,1195269,0.024372,335374657866,62.219253,Top 50%
1570,3218,131364548,147,2014-01,2026-04,893636.38,1054072,2014-03,1054072,0.024371,335506022414,62.243624,Top 50%
1571,4850,131347206,147,2014-01,2026-04,893518.41,2585311,2017-02,2585311,0.024368,335637369620,62.267991,Top 50%
1572,4790,131303012,147,2014-01,2026-04,893217.77,1035748,2025-10,1035748,0.02436,335768672632,62.292351,Top 50%
1573,1209,131287500,147,2014-01,2026-04,893112.24,1054610,2024-10,1054610,0.024357,335899960132,62.316708,Top 50%
1574,5167,131216923,147,2014-01,2026-04,892632.13,1076895,2018-01,1076895,0.024344,336031177055,62.341051,Top 50%
1575,4494,131144045,147,2014-01,2026-04,892136.36,1256343,2023-08,1256343,0.02433,336162321100,62.365381,Top 50%
1576,621,131139087,147,2014-01,2026-04,892102.63,1164090,2022-03,1164090,0.024329,336293460187,62.38971,Top 50%
1577,3441,130963623,147,2014-01,2026-04,890909.0,1007485,2019-10,1007485,0.024297,336424423810,62.414007,Top 50%
1578,4220,130960144,147,2014-01,2026-04,890885.33,1152933,2018-09,1152933,0.024296,336555383954,62.438303,Top 50%
1579,5295,130934651,147,2014-01,2026-04,890711.91,1566128,2014-10,1566128,0.024291,336686318605,62.462594,Top 50%
1580,4386,130891534,147,2014-01,2026-04,890418.6,1464868,2025-10,1464868,0.024283,336817210139,62.486877,Top 50%
1581,5215,130807774,147,2014-01,2026-04,889848.8,1102628,2026-03,1102628,0.024268,336948017913,62.511145,Top 50%
1582,3767,130781349,147,2014-01,2026-04,889669.04,4348557,2018-06,4348557,0.024263,337078799262,62.535408,Top 50%
1583,3896,130743453,147,2014-01,2026-04,889411.24,1034790,2024-12,1034790,0.024256,337209542715,62.559664,Top 50%
1584,3852,130739749,147,2014-01,2026-04,889386.05,1073595,2019-03,1073595,0.024255,337340282464,62.583919,Top 50%
1585,1117,130675221,147,2014-01,2026-04,888947.08,1080135,2025-08,1080135,0.024243,337470957685,62.608162,Top 50%
1586,3824,130631253,147,2014-01,2026-04,888647.98,1052927,2014-10,1052927,0.024235,337601588938,62.632397,Top 50%
1587,1245,130626338,147,2014-01,2026-04,888614.54,1214941,2024-10,1214941,0.024234,337732215276,62.656631,Top 50%
1588,4873,130566859,147,2014-01,2026-04,888209.93,1155037,2025-10,1155037,0.024223,337862782135,62.680854,Top 50%
1589,1335,130549237,147,2014-01,2026-04,888090.05,1249348,2021-12,1249348,0.02422,337993331372,62.705073,Top 50%
1590,4436,130474071,147,2014-01,2026-04,887578.71,1248984,2019-10,1248984,0.024206,338123805443,62.729279,Top 50%
1591,4831,130423018,147,2014-01,2026-04,887231.41,1068139,2017-03,1068139,0.024196,338254228461,62.753475,Top 50%
1592,4033,130419862,147,2014-01,2026-04,887209.95,1021696,2025-10,1021696,0.024196,338384648323,62.777671,Top 50%
1593,3148,130376101,147,2014-01,2026-04,886912.25,1085764,2019-10,1085764,0.024188,338515024424,62.801859,Top 50%
1594,2942,130224805,147,2014-01,2026-04,885883.03,1147976,2019-08,1147976,0.02416,338645249229,62.826018,Top 50%
1595,309,130202081,147,2014-01,2026-04,885728.44,1265425,2021-03,1265425,0.024155,338775451310,62.850173,Top 50%
1596,2737,130187851,147,2014-01,2026-04,885631.64,1048040,2021-12,1048040,0.024153,338905639161,62.874326,Top 50%
1597,4296,130091571,147,2014-01,2026-04,884976.67,1059860,2025-10,1059860,0.024135,339035730732,62.898461,Top 50%
1598,334,130067071,147,2014-01,2026-04,884810.01,1049319,2015-10,1049319,0.02413,339165797803,62.922591,Top 50%
1599,232,129968155,147,2014-01,2026-04,884137.11,1116968,2017-10,1116968,0.024112,339295765958,62.946703,Top 50%
1600,5164,129953009,147,2014-01,2026-04,884034.07,1060814,2025-10,1060814,0.024109,339425718967,62.970812,Top 50%
1601,269,129771981,147,2014-01,2026-04,882802.59,1083767,2018-05,1083767,0.024076,339555490948,62.994888,Top 50%
1602,333,129732393,147,2014-01,2026-04,882533.29,1006082,2017-03,1006082,0.024068,339685223341,63.018956,Top 50%
1603,1374,129693490,146,2014-02,2026-04,888311.58,1070701,2024-12,1070701,0.024061,339814916831,63.043017,Top 50%
1604,3175,129668707,147,2014-01,2026-04,882100.05,1433432,2026-03,1433432,0.024056,339944585538,63.067073,Top 50%
1605,4757,129668163,147,2014-01,2026-04,882096.35,1069445,2019-10,1069445,0.024056,340074253701,63.091129,Top 50%
1606,221,129596905,147,2014-01,2026-04,881611.6,1434252,2015-04,1434252,0.024043,340203850606,63.115172,Top 50%
1607,3010,129565714,147,2014-01,2026-04,881399.41,1200287,2017-03,1200287,0.024037,340333416320,63.13921,Top 50%
1608,847,129486501,147,2014-01,2026-04,880860.55,1154235,2025-10,1154235,0.024023,340462902821,63.163232,Top 50%
1609,4408,129428610,147,2014-01,2026-04,880466.73,1158126,2014-03,1158126,0.024012,340592331431,63.187244,Top 50%
1610,2720,129419074,147,2014-01,2026-04,880401.86,1059259,2017-10,1059259,0.02401,340721750505,63.211254,Top 50%
1611,767,129195043,147,2014-01,2026-04,878877.84,1213286,2016-11,1213286,0.023968,340850945548,63.235223,Top 50%
1612,3590,129152621,147,2014-01,2026-04,878589.26,1001242,2017-10,1001242,0.023961,340980098169,63.259183,Top 50%
1613,5237,129143501,138,2014-01,2026-04,935822.47,1137070,2025-10,1137070,0.023959,341109241670,63.283142,Top 50%
1614,389,129142531,147,2014-01,2026-04,878520.62,1052347,2023-03,1052347,0.023959,341238384201,63.307101,Top 50%
1615,1520,129124931,96,2017-10,2026-04,1345051.36,3276735,2025-10,3276735,0.023955,341367509132,63.331056,Top 50%
1616,6656,129069150,147,2014-01,2026-04,878021.43,1059831,2024-05,1059831,0.023945,341496578282,63.355001,Top 50%
1617,5088,129045641,147,2014-01,2026-04,877861.5,1139640,2024-10,1139640,0.023941,341625623923,63.378942,Top 50%
1618,3136,129042869,147,2014-01,2026-04,877842.65,1003671,2019-05,1003671,0.02394,341754666792,63.402882,Top 50%
1619,312,128952239,147,2014-01,2026-04,877226.12,1252701,2021-03,1252701,0.023923,341883619031,63.426806,Top 50%
1620,495,128946993,147,2014-01,2026-04,877190.43,1126418,2023-11,1126418,0.023922,342012566024,63.450728,Top 50%
1621,5177,128904332,146,2014-01,2026-04,882906.38,1084757,2024-05,1084757,0.023915,342141470356,63.474643,Top 50%
1622,1261,128878286,147,2014-01,2026-04,876723.03,1005733,2021-12,1005733,0.02391,342270348642,63.498552,Top 50%
1623,3793,128876578,147,2014-01,2026-04,876711.41,1347545,2016-05,1347545,0.023909,342399225220,63.522462,Top 50%
1624,3021,128721274,147,2014-01,2026-04,875654.93,1033401,2017-10,1033401,0.023881,342527946494,63.546342,Top 50%
1625,4419,128645741,147,2014-01,2026-04,875141.1,1115869,2014-03,1115869,0.023867,342656592235,63.570209,Top 50%
1626,4514,128639783,147,2014-01,2026-04,875100.56,1079903,2023-08,1079903,0.023865,342785232018,63.594074,Top 50%
1627,323,128606195,143,2014-01,2025-12,899344.02,1354097,2023-03,1354097,0.023859,342913838213,63.617934,Top 50%
1628,1019,128573410,147,2014-01,2026-04,874649.05,1034972,2017-10,1034972,0.023853,343042411623,63.641787,Top 50%
1629,3168,128555117,147,2014-01,2026-04,874524.61,1336917,2026-03,1336917,0.02385,343170966740,63.665637,Top 50%
1630,1766,128531051,114,2016-09,2026-04,1127465.36,1342246,2025-10,1342246,0.023845,343299497791,63.689482,Top 50%
1631,4641,128518250,147,2014-01,2026-04,874273.81,1568238,2023-10,1568238,0.023843,343428016041,63.713325,Top 50%
1632,3162,128500307,128,2015-08,2026-04,1003908.65,1286677,2024-10,1286677,0.02384,343556516348,63.737164,Top 50%
1633,2300,128486975,147,2014-01,2026-04,874061.05,1214482,2014-03,1214482,0.023837,343685003323,63.761002,Top 50%
1634,3223,128404435,142,2014-01,2026-04,904256.58,1092544,2018-05,1092544,0.023822,343813407758,63.784823,Top 50%
1635,4666,128319262,143,2014-01,2026-04,897337.5,1791008,2019-10,1791008,0.023806,343941727020,63.808629,Top 50%
1636,331,128178009,147,2014-01,2026-04,871959.24,1037110,2017-08,1037110,0.02378,344069905029,63.832409,Top 50%
1637,910,128168847,147,2014-01,2026-04,871896.92,994484,2024-10,994484,0.023778,344198073876,63.856187,Top 50%
1638,5657,128060046,144,2014-01,2026-04,889305.88,1731351,2022-06,1731351,0.023758,344326133922,63.879945,Top 50%
1639,2053,128043774,147,2014-01,2026-04,871046.08,1229218,2023-10,1229218,0.023755,344454177696,63.9037,Top 50%
1640,3776,127970719,147,2014-01,2026-04,870549.11,1221386,2018-08,1221386,0.023741,344582148415,63.927441,Top 50%
1641,2849,127816955,147,2014-01,2026-04,869503.1,1049775,2017-12,1049775,0.023713,344709965370,63.951154,Top 50%
1642,4936,127727904,147,2014-01,2026-04,868897.31,1511755,2025-12,1511755,0.023696,344837693274,63.97485,Top 50%
1643,746,127705077,147,2014-01,2026-04,868742.02,981121,2014-10,981121,0.023692,344965398351,63.998543,Top 50%
1644,3993,127700381,147,2014-01,2026-04,868710.07,1094294,2025-05,1094294,0.023691,345093098732,64.022234,Top 50%
1645,3592,127689015,147,2014-01,2026-04,868632.76,1040385,2017-10,1040385,0.023689,345220787747,64.045923,Top 50%
1646,3179,127607482,147,2014-01,2026-04,868078.11,1231100,2026-03,1231100,0.023674,345348395229,64.069597,Top 50%
1647,807,127581014,147,2014-01,2026-04,867898.05,1026229,2016-11,1026229,0.023669,345475976243,64.093266,Top 50%
1648,525,127537472,147,2014-01,2026-04,867601.85,1034180,2017-03,1034180,0.023661,345603513715,64.116927,Top 50%
1649,3688,127515198,147,2014-01,2026-04,867450.33,1041494,2019-05,1041494,0.023657,345731028913,64.140584,Top 50%
1650,3247,127498970,147,2014-01,2026-04,867339.93,1157583,2016-12,1157583,0.023654,345858527883,64.164237,Top 50%
1651,6630,127468072,145,2014-01,2026-04,879090.15,1490436,2024-12,1490436,0.023648,345985995955,64.187885,Top 50%
1652,3904,127182991,147,2014-01,2026-04,865190.41,1181750,2021-01,1181750,0.023595,346113178946,64.211481,Top 50%
1653,2712,127067821,147,2014-01,2026-04,864406.95,1060374,2018-04,1060374,0.023574,346240246767,64.235054,Top 50%
1654,3982,127067297,147,2014-01,2026-04,864403.38,1115339,2026-03,1115339,0.023574,346367314064,64.258628,Top 50%
1655,861,127039763,147,2014-01,2026-04,864216.07,1079667,2016-11,1079667,0.023569,346494353827,64.282197,Top 50%
1656,4017,127038862,147,2014-01,2026-04,864209.95,1022742,2017-03,1022742,0.023568,346621392689,64.305765,Top 50%
1657,4131,126997218,147,2014-01,2026-04,863926.65,1698580,2014-03,1698580,0.023561,346748389907,64.329326,Top 50%
1658,6203,126994953,147,2014-01,2026-04,863911.24,992433,2024-10,992433,0.02356,346875384860,64.352886,Top 50%
1659,4937,126779655,147,2014-01,2026-04,862446.63,1105535,2021-12,1105535,0.02352,347002164515,64.376407,Top 50%
1660,585,126705411,147,2014-01,2026-04,861941.57,1025433,2025-10,1025433,0.023507,347128869926,64.399913,Top 50%
1661,713,126679323,147,2014-01,2026-04,861764.1,1175465,2022-03,1175465,0.023502,347255549249,64.423415,Top 50%
1662,4400,126627993,147,2014-01,2026-04,861414.92,2283957,2022-07,2283957,0.023492,347382177242,64.446907,Top 50%
1663,1689,126558741,124,2015-12,2026-04,1020635.01,1439741,2025-10,1439741,0.023479,347508735983,64.470387,Top 50%
1664,2684,126489217,147,2014-01,2026-04,860470.86,1220478,2014-10,1220478,0.023466,347635225200,64.493853,Top 50%
1665,2010,126468267,147,2014-01,2026-04,860328.35,1004201,2025-08,1004201,0.023463,347761693467,64.517316,Top 50%
1666,6256,126453910,147,2014-01,2026-04,860230.68,1016147,2024-10,1016147,0.02346,347888147377,64.540776,Top 50%
1667,4130,126446836,147,2014-01,2026-04,860182.56,982875,2016-10,982875,0.023459,348014594213,64.564234,Top 50%
1668,6688,126374190,146,2014-01,2026-04,865576.64,1051895,2021-12,1051895,0.023445,348140968403,64.587679,Top 50%
1669,4815,126369941,147,2014-01,2026-04,859659.46,1325539,2019-08,1325539,0.023444,348267338344,64.611124,Top 50%
1670,3228,126353330,147,2014-01,2026-04,859546.46,1018798,2025-10,1018798,0.023441,348393691674,64.634565,Top 50%
1671,4794,126285305,147,2014-01,2026-04,859083.71,990737,2016-12,990737,0.023429,348519976979,64.657994,Top 50%
1672,2863,126070121,147,2014-01,2026-04,857619.87,1044016,2017-08,1044016,0.023389,348646047100,64.681382,Top 50%
1673,4739,126050747,147,2014-01,2026-04,857488.07,1009735,2022-03,1009735,0.023385,348772097847,64.704768,Top 50%
1674,3943,126034052,147,2014-01,2026-04,857374.5,986731,2019-08,986731,0.023382,348898131899,64.72815,Top 50%
1675,1720,125966592,112,2016-12,2026-04,1124701.71,1448567,2026-03,1448567,0.02337,349024098491,64.751519,Top 50%
1676,3655,125957774,147,2014-01,2026-04,856855.61,1493351,2025-10,1493351,0.023368,349150056265,64.774887,Top 50%
1677,2092,125956097,59,2021-06,2026-04,2134849.1,2545664,2025-10,2545664,0.023368,349276012362,64.798255,Top 50%
1678,4444,125953552,147,2014-01,2026-04,856826.88,1255665,2015-07,1255665,0.023367,349401965914,64.821622,Top 50%
1679,845,125952292,147,2014-01,2026-04,856818.31,1056817,2019-03,1056817,0.023367,349527918206,64.844989,Top 50%
1680,2618,125950539,147,2014-01,2026-04,856806.39,1050252,2024-11,1050252,0.023367,349653868745,64.868355,Top 50%
1681,1475,125932268,84,2019-05,2026-04,1499193.67,1823959,2019-10,1823959,0.023363,349779801013,64.891718,Top 50%
1682,3552,125831809,147,2014-01,2026-04,855998.7,988445,2019-10,988445,0.023345,349905632822,64.915063,Top 50%
1683,4747,125683712,147,2014-01,2026-04,854991.24,982834,2015-10,982834,0.023317,350031316534,64.93838,Top 50%
1684,3969,125464029,147,2014-01,2026-04,853496.8,1059250,2024-10,1059250,0.023276,350156780563,64.961656,Top 50%
1685,4492,125353655,147,2014-01,2026-04,852745.95,1153907,2023-08,1153907,0.023256,350282134218,64.984912,Top 50%
1686,541,125197437,147,2014-01,2026-04,851683.24,1112097,2022-03,1112097,0.023227,350407331655,65.008139,Top 50%
1687,3704,125126311,147,2014-01,2026-04,851199.39,993631,2014-03,993631,0.023214,350532457966,65.031352,Top 50%
1688,2770,125074698,147,2014-01,2026-04,850848.29,1136618,2021-11,1136618,0.023204,350657532664,65.054557,Top 50%
1689,4377,125054378,147,2014-01,2026-04,850710.05,1205460,2019-05,1205460,0.0232,350782587042,65.077757,Top 50%
1690,4575,125051687,147,2014-01,2026-04,850691.75,1255629,2014-05,1255629,0.0232,350907638729,65.100957,Top 50%
1691,4174,125048969,147,2014-01,2026-04,850673.26,1001767,2019-05,1001767,0.023199,351032687698,65.124156,Top 50%
1692,663,125031238,147,2014-01,2026-04,850552.64,1019887,2025-10,1019887,0.023196,351157718936,65.147352,Top 50%
1693,5262,125023583,147,2014-01,2026-04,850500.56,1089261,2019-10,1089261,0.023195,351282742519,65.170546,Top 50%
1694,2587,124902653,147,2014-01,2026-04,849677.91,1014059,2018-08,1014059,0.023172,351407645172,65.193719,Top 50%
1695,4959,124865200,147,2014-01,2026-04,849423.13,1076293,2025-03,1076293,0.023165,351532510372,65.216884,Top 50%
1696,591,124674539,82,2019-07,2026-04,1520421.21,1989442,2024-01,1989442,0.02313,351657184911,65.240014,Top 50%
1697,4630,124643389,147,2014-01,2026-04,847914.21,1063905,2017-08,1063905,0.023124,351781828300,65.263138,Top 50%
1698,4671,124611806,147,2014-01,2026-04,847699.36,1078535,2024-05,1078535,0.023118,351906440106,65.286256,Top 50%
1699,2534,124554990,89,2018-11,2026-04,1399494.27,1717595,2025-10,1717595,0.023108,352030995096,65.309364,Top 50%
1700,4039,124451100,147,2014-01,2026-04,846606.12,1258218,2026-01,1258218,0.023088,352155446196,65.332452,Top 50%
1701,771,124443943,147,2014-01,2026-04,846557.44,1033499,2016-11,1033499,0.023087,352279890139,65.355539,Top 50%
1702,4821,124442253,147,2014-01,2026-04,846545.94,958267,2017-03,958267,0.023087,352404332392,65.378626,Top 50%
1703,1305,124327897,147,2014-01,2026-04,845768.01,1049632,2025-10,1049632,0.023066,352528660289,65.401691,Top 50%
1704,850,124274871,147,2014-01,2026-04,845407.29,1960713,2023-11,1960713,0.023056,352652935160,65.424747,Top 50%
1705,4038,124195749,147,2014-01,2026-04,844869.04,991822,2017-03,991822,0.023041,352777130909,65.447788,Top 50%
1706,5087,124184808,116,2016-08,2026-04,1070558.69,1256439,2021-11,1256439,0.023039,352901315717,65.470827,Top 50%
1707,4956,124124892,147,2014-01,2026-04,844387.02,1015199,2019-07,1015199,0.023028,353025440609,65.493855,Top 50%
1708,4164,124065783,147,2014-01,2026-04,843984.92,1033732,2019-05,1033732,0.023017,353149506392,65.516872,Top 50%
1709,927,124044546,147,2014-01,2026-04,843840.45,1257776,2024-03,1257776,0.023013,353273550938,65.539885,Top 50%
1710,4853,124020065,147,2014-01,2026-04,843673.91,968974,2019-03,968974,0.023008,353397571003,65.562893,Top 50%
1711,6675,124018210,147,2014-01,2026-04,843661.29,1304571,2024-10,1304571,0.023008,353521589213,65.585901,Top 50%
1712,365,123884537,147,2014-01,2026-04,842751.95,993182,2023-03,993182,0.022983,353645473750,65.608884,Top 50%
1713,3004,123815551,147,2014-01,2026-04,842282.66,1077401,2019-10,1077401,0.02297,353769289301,65.631855,Top 50%
1714,4950,123810988,147,2014-01,2026-04,842251.62,973743,2019-10,973743,0.02297,353893100289,65.654824,Top 50%
1715,4021,123771748,147,2014-01,2026-04,841984.68,1434298,2014-03,1434298,0.022962,354016872037,65.677787,Top 50%
1716,4411,123767519,147,2014-01,2026-04,841955.91,1391471,2022-07,1391471,0.022962,354140639556,65.700748,Top 50%
1717,3280,123757854,147,2014-01,2026-04,841890.16,1011151,2017-03,1011151,0.02296,354264397410,65.723708,Top 50%
1718,3996,123747355,147,2014-01,2026-04,841818.74,1059323,2017-11,1059323,0.022958,354388144765,65.746666,Top 50%
1719,4360,123719688,147,2014-01,2026-04,841630.53,993044,2014-10,993044,0.022953,354511864453,65.769618,Top 50%
1720,3598,123683248,147,2014-01,2026-04,841382.64,976956,2018-03,976956,0.022946,354635547701,65.792564,Top 50%
1721,2200,123662998,147,2014-01,2026-04,841244.88,1011417,2026-03,1011417,0.022942,354759210699,65.815507,Top 50%
1722,2926,123451810,147,2014-01,2026-04,839808.23,1127664,2014-10,1127664,0.022903,354882662509,65.83841,Top 50%
1723,714,123418507,147,2014-01,2026-04,839581.68,967331,2018-10,967331,0.022897,355006081016,65.861306,Top 50%
1724,3975,123352759,147,2014-01,2026-04,839134.41,1054532,2025-10,1054532,0.022885,355129433775,65.884191,Top 50%
1725,5218,123339745,147,2014-01,2026-04,839045.88,1047082,2026-03,1047082,0.022882,355252773520,65.907073,Top 50%
1726,436,123275408,147,2014-01,2026-04,838608.22,1013178,2018-03,1013178,0.02287,355376048928,65.929943,Top 50%
1727,6093,123274201,146,2014-01,2026-04,844343.84,1365936,2025-07,1365936,0.02287,355499323129,65.952813,Top 50%
1728,4119,123269657,147,2014-01,2026-04,838569.1,1030238,2014-03,1030238,0.022869,355622592786,65.975683,Top 50%
1729,6817,123268005,147,2014-01,2026-04,838557.86,994129,2019-03,994129,0.022869,355745860791,65.998551,Top 50%
1730,2586,123157235,147,2014-01,2026-04,837804.32,1020894,2017-03,1020894,0.022848,355869018026,66.0214,Top 50%
1731,4215,123101363,147,2014-01,2026-04,837424.24,1185617,2021-03,1185617,0.022838,355992119389,66.044238,Top 50%
1732,3093,123095556,147,2014-01,2026-04,837384.73,1078949,2019-10,1078949,0.022837,356115214945,66.067075,Top 50%
1733,1815,123021316,71,2020-06,2026-04,1732694.59,2135614,2025-10,2135614,0.022823,356238236261,66.089898,Top 50%
1734,4203,123010988,147,2014-01,2026-04,836809.44,1021535,2017-03,1021535,0.022821,356361247249,66.112719,Top 50%
1735,1073,122999116,147,2014-01,2026-04,836728.68,1249695,2019-12,1249695,0.022819,356484246365,66.135538,Top 50%
1736,3212,122986061,147,2014-01,2026-04,836639.87,1030667,2015-07,1030667,0.022817,356607232426,66.158355,Top 50%
1737,3454,122972072,147,2014-01,2026-04,836544.71,1157368,2019-03,1157368,0.022814,356730204498,66.181169,Top 50%
1738,1562,122850748,134,2015-02,2026-04,916796.63,1457446,2022-01,1457446,0.022791,356853055246,66.20396,Top 50%
1739,6336,122837261,147,2014-01,2026-04,835627.63,2310185,2025-12,2310185,0.022789,356975892507,66.226749,Top 50%
1740,3897,122689110,147,2014-01,2026-04,834619.8,995100,2019-10,995100,0.022761,357098581617,66.24951,Top 50%
1741,4446,122649641,147,2014-01,2026-04,834351.3,1564636,2024-10,1564636,0.022754,357221231258,66.272265,Top 50%
1742,702,122624912,147,2014-01,2026-04,834183.07,981541,2025-10,981541,0.02275,357343856170,66.295014,Top 50%
1743,2642,122585314,147,2014-01,2026-04,833913.7,1030729,2024-03,1030729,0.022742,357466441484,66.317756,Top 50%
1744,4720,122501136,147,2014-01,2026-04,833341.06,1017346,2017-03,1017346,0.022727,357588942620,66.340483,Top 50%
1745,4622,122493864,147,2014-01,2026-04,833291.59,974753,2024-10,974753,0.022725,357711436484,66.363208,Top 50%
1746,3020,122450327,142,2014-01,2025-11,862326.25,1025902,2017-10,1025902,0.022717,357833886811,66.385925,Top 50%
1747,628,122444938,147,2014-01,2026-04,832958.76,975618,2024-10,975618,0.022716,357956331749,66.408642,Top 50%
1748,3557,122418130,147,2014-01,2026-04,832776.39,989911,2019-03,989911,0.022711,358078749879,66.431353,Top 50%
1749,4861,122415615,144,2014-04,2026-04,850108.44,1969462,2025-05,1969462,0.022711,358201165494,66.454064,Top 50%
1750,2583,122363927,147,2014-01,2026-04,832407.67,1016169,2017-08,1016169,0.022701,358323529421,66.476765,Top 50%
1751,5302,122351768,147,2014-01,2026-04,832324.95,933629,2026-03,933629,0.022699,358445881189,66.499464,Top 50%
1752,3804,122290712,147,2014-01,2026-04,831909.61,984861,2018-05,984861,0.022688,358568171901,66.522151,Top 50%
1753,4577,122236354,147,2014-01,2026-04,831539.82,1007069,2014-05,1007069,0.022677,358690408255,66.544829,Top 50%
1754,3604,122180579,147,2014-01,2026-04,831160.4,971436,2018-03,971436,0.022667,358812588834,66.567496,Top 50%
1755,6293,122167463,147,2014-01,2026-04,831071.18,1230462,2025-10,1230462,0.022665,358934756297,66.590161,Top 50%
1756,3620,122112593,147,2014-01,2026-04,830697.91,970478,2025-10,970478,0.022655,359056868890,66.612815,Top 50%
1757,1534,122109630,145,2014-01,2026-04,842135.38,1170881,2026-03,1170881,0.022654,359178978520,66.635469,Top 50%
1758,2644,122095325,147,2014-01,2026-04,830580.44,950966,2024-10,950966,0.022651,359301073845,66.65812,Top 50%
1759,2615,121995616,147,2014-01,2026-04,829902.15,958133,2019-10,958133,0.022633,359423069461,66.680753,Top 50%
1760,1198,121876029,147,2014-01,2026-04,829088.63,1380265,2025-10,1380265,0.022611,359544945490,66.703364,Top 50%
1761,959,121832047,147,2014-01,2026-04,828789.44,995617,2025-10,995617,0.022602,359666777537,66.725966,Top 50%
1762,3028,121803242,147,2014-01,2026-04,828593.48,994712,2017-03,994712,0.022597,359788580779,66.748563,Top 50%
1763,2634,121761196,147,2014-01,2026-04,828307.46,932764,2016-10,932764,0.022589,359910341975,66.771153,Top 50%
1764,4766,121747114,147,2014-01,2026-04,828211.66,1033786,2014-05,1033786,0.022587,360032089089,66.79374,Top 50%
1765,3790,121723530,147,2014-01,2026-04,828051.22,1151595,2019-10,1151595,0.022582,360153812619,66.816322,Top 50%
1766,3934,121647108,147,2014-01,2026-04,827531.35,947863,2023-03,947863,0.022568,360275459727,66.83889,Top 50%
1767,342,121563269,147,2014-01,2026-04,826961.01,1115972,2019-05,1115972,0.022553,360397022996,66.861443,Top 50%
1768,238,121524869,147,2014-01,2026-04,826699.79,948853,2017-03,948853,0.022545,360518547865,66.883988,Top 50%
1769,623,121432218,147,2014-01,2026-04,826069.51,1072225,2017-03,1072225,0.022528,360639980083,66.906516,Top 50%
1770,4042,121394369,147,2014-01,2026-04,825812.03,952904,2019-05,952904,0.022521,360761374452,66.929038,Top 50%
1771,708,121207888,147,2014-01,2026-04,824543.46,960084,2019-05,960084,0.022487,360882582340,66.951524,Top 50%
1772,724,121204937,147,2014-01,2026-04,824523.38,1046753,2017-03,1046753,0.022486,361003787277,66.974011,Top 50%
1773,434,121182734,147,2014-01,2026-04,824372.34,980141,2018-03,980141,0.022482,361124970011,66.996493,Top 50%
1774,5051,120951537,147,2014-01,2026-04,822799.57,1153723,2026-01,1153723,0.022439,361245921548,67.018932,Top 50%
1775,1712,120926910,119,2016-05,2026-04,1016192.52,1324666,2018-10,1324666,0.022435,361366848458,67.041366,Top 50%
1776,2019,120919930,147,2014-01,2026-04,822584.56,967316,2025-10,967316,0.022433,361487768388,67.0638,Top 50%
1777,4079,120918223,147,2014-01,2026-04,822572.95,962676,2017-03,962676,0.022433,361608686611,67.086232,Top 50%
1778,900,120915161,147,2014-01,2026-04,822552.12,938607,2019-10,938607,0.022432,361729601772,67.108665,Top 50%
1779,4855,120862547,147,2014-01,2026-04,822194.2,971267,2017-03,971267,0.022423,361850464319,67.131087,Top 50%
1780,728,120802965,147,2014-01,2026-04,821788.88,979217,2015-12,979217,0.022412,361971267284,67.153499,Top 50%
1781,607,120787253,147,2014-01,2026-04,821681.99,956525,2016-03,956525,0.022409,362092054537,67.175908,Top 50%
1782,4864,120769508,147,2014-01,2026-04,821561.28,954954,2019-11,954954,0.022405,362212824045,67.198313,Top 50%
1783,3110,120754053,147,2014-01,2026-04,821456.14,1054542,2014-05,1054542,0.022402,362333578098,67.220715,Top 50%
1784,3197,120733103,147,2014-01,2026-04,821313.63,1099617,2022-07,1099617,0.022399,362454311201,67.243114,Top 50%
1785,444,120725696,137,2014-11,2026-04,881209.46,1034804,2018-03,1034804,0.022397,362575036897,67.265511,Top 50%
1786,6252,120691180,147,2014-01,2026-04,821028.44,1226535,2025-03,1226535,0.022391,362695728077,67.287902,Top 50%
1787,6697,120662024,142,2014-06,2026-04,849732.56,1086294,2024-05,1086294,0.022385,362816390101,67.310288,Top 50%
1788,2735,120612642,147,2014-01,2026-04,820494.16,962597,2016-10,962597,0.022376,362937002743,67.332664,Top 50%
1789,3879,120430081,147,2014-01,2026-04,819252.25,1046124,2025-10,1046124,0.022342,363057432824,67.355006,Top 50%
1790,610,120393639,147,2014-01,2026-04,819004.35,1416586,2022-01,1416586,0.022336,363177826463,67.377342,Top 50%
1791,354,120380281,146,2014-01,2026-04,824522.47,1200643,2024-08,1200643,0.022333,363298206744,67.399675,Top 50%
1792,266,120364380,147,2014-01,2026-04,818805.31,1094755,2019-03,1094755,0.02233,363418571124,67.422005,Top 50%
1793,4427,120347941,146,2014-01,2026-04,824300.97,1122697,2025-10,1122697,0.022327,363538919065,67.444332,Top 50%
1794,181,120159097,147,2014-01,2026-04,817408.82,973172,2017-03,973172,0.022292,363659078162,67.466624,Top 50%
1795,527,120085722,147,2014-01,2026-04,816909.67,926567,2019-10,926567,0.022278,363779163884,67.488903,Top 50%
1796,4368,120070297,147,2014-01,2026-04,816804.74,990083,2019-03,990083,0.022276,363899234181,67.511179,Top 50%
1797,6150,120028576,145,2014-01,2026-04,827783.28,2985597,2025-03,2985597,0.022268,364019262757,67.533446,Top 50%
1798,4346,120003486,147,2014-01,2026-04,816350.24,957979,2025-10,957979,0.022263,364139266243,67.55571,Top 50%
1799,4045,119982032,147,2014-01,2026-04,816204.3,1080189,2018-11,1080189,0.022259,364259248275,67.577969,Top 50%
1800,719,119978772,147,2014-01,2026-04,816182.12,999348,2024-10,999348,0.022259,364379227047,67.600228,Top 50%
1801,2567,119952399,146,2014-01,2026-04,821591.77,1005422,2025-03,1005422,0.022254,364499179446,67.622481,Top 50%
1802,5005,119917166,147,2014-01,2026-04,815763.03,1115963,2019-01,1115963,0.022247,364619096612,67.644729,Top 50%
1803,4063,119626655,147,2014-01,2026-04,813786.77,960970,2014-05,960970,0.022193,364738723267,67.666922,Top 50%
1804,513,119626330,147,2014-01,2026-04,813784.56,1144702,2022-03,1144702,0.022193,364858349597,67.689115,Top 50%
1805,3766,119581088,147,2014-01,2026-04,813476.79,1029588,2026-03,1029588,0.022185,364977930685,67.7113,Top 50%
1806,3901,119560323,147,2014-01,2026-04,813335.53,941259,2025-03,941259,0.022181,365097491008,67.733481,Top 50%
1807,3833,119506093,147,2014-01,2026-04,812966.62,953298,2017-05,953298,0.022171,365216997101,67.755652,Top 50%
1808,302,119500003,147,2014-01,2026-04,812925.19,950526,2019-10,950526,0.02217,365336497104,67.777822,Top 50%
1809,122,119457432,147,2014-01,2026-04,812635.59,934645,2018-10,934645,0.022162,365455954536,67.799984,Top 50%
1810,5155,119417789,147,2014-01,2026-04,812365.91,1008577,2021-01,1008577,0.022155,365575372325,67.822138,Top 50%
1811,824,119373124,147,2014-01,2026-04,812062.07,948002,2017-03,948002,0.022146,365694745449,67.844285,Top 50%
1812,4863,119364740,128,2015-06,2026-04,932537.03,1209794,2016-07,1209794,0.022145,365814110189,67.866429,Top 50%
1813,5100,119359531,147,2014-01,2026-04,811969.6,952464,2017-03,952464,0.022144,365933469720,67.888573,Top 50%
1814,1099,119339596,147,2014-01,2026-04,811833.99,941313,2015-10,941313,0.02214,366052809316,67.910713,Top 50%
1815,547,119225992,147,2014-01,2026-04,811061.17,950586,2018-10,950586,0.022119,366172035308,67.932832,Top 50%
1816,5246,119197655,147,2014-01,2026-04,810868.4,1003020,2019-10,1003020,0.022114,366291232963,67.954946,Top 50%
1817,4458,119171050,147,2014-01,2026-04,810687.41,1202638,2019-10,1202638,0.022109,366410404013,67.977055,Top 50%
1818,4132,119046996,147,2014-01,2026-04,809843.51,950576,2017-05,950576,0.022086,366529451009,67.999141,Top 50%
1819,2168,118965479,147,2014-01,2026-04,809288.97,1088078,2021-11,1088078,0.022071,366648416488,68.021211,Top 50%
1820,6661,118887624,140,2014-08,2026-04,849197.31,962935,2018-10,962935,0.022056,366767304112,68.043268,Top 50%
1821,2655,118779351,137,2014-01,2026-04,867002.56,1602921,2024-02,1602921,0.022036,366886083463,68.065304,Top 50%
1822,2195,118753228,147,2014-01,2026-04,807845.09,960825,2025-10,960825,0.022031,367004836691,68.087335,Top 50%
1823,5243,118696063,147,2014-01,2026-04,807456.21,1172284,2020-01,1172284,0.022021,367123532754,68.109356,Top 50%
1824,352,118662163,147,2014-01,2026-04,807225.6,952408,2019-08,952408,0.022014,367242194917,68.13137,Top 50%
1825,259,118651740,147,2014-01,2026-04,807154.69,922926,2021-12,922926,0.022012,367360846657,68.153383,Top 50%
1826,2052,118583521,147,2014-01,2026-04,806690.62,1056142,2018-05,1056142,0.022,367479430178,68.175382,Top 50%
1827,4367,118580468,147,2014-01,2026-04,806669.85,929574,2019-10,929574,0.021999,367598010646,68.197382,Top 50%
1828,3778,118571094,147,2014-01,2026-04,806606.08,1222065,2019-10,1222065,0.021998,367716581740,68.219379,Top 50%
1829,4900,118547746,147,2014-01,2026-04,806447.25,970722,2025-03,970722,0.021993,367835129486,68.241372,Top 50%
1830,4057,118545618,147,2014-01,2026-04,806432.78,1018181,2025-05,1018181,0.021993,367953675104,68.263365,Top 50%
1831,3257,118538925,147,2014-01,2026-04,806387.24,1221615,2025-05,1221615,0.021992,368072214029,68.285357,Top 50%
1832,5042,118534896,147,2014-01,2026-04,806359.84,1057287,2023-10,1057287,0.021991,368190748925,68.307347,Top 50%
1833,3781,118508726,147,2014-01,2026-04,806181.81,1278450,2025-10,1278450,0.021986,368309257651,68.329333,Top 50%
1834,2591,118460312,147,2014-01,2026-04,805852.46,1020870,2017-03,1020870,0.021977,368427717963,68.35131,Top 50%
1835,5201,118443025,147,2014-01,2026-04,805734.86,1259245,2014-03,1259245,0.021974,368546160988,68.373284,Top 50%
1836,3835,118431486,147,2014-01,2026-04,805656.37,1008948,2017-08,1008948,0.021972,368664592474,68.395256,Top 50%
1837,314,118421255,147,2014-01,2026-04,805586.77,1013292,2026-03,1013292,0.02197,368783013729,68.417225,Top 50%
1838,4232,118367615,147,2014-01,2026-04,805221.87,1036435,2019-03,1036435,0.02196,368901381344,68.439185,Top 50%
1839,4432,118350839,147,2014-01,2026-04,805107.75,917978,2025-10,917978,0.021957,369019732183,68.461142,Top 50%
1840,766,118340967,147,2014-01,2026-04,805040.59,955583,2014-10,955583,0.021955,369138073150,68.483097,Top 50%
1841,1171,118334268,147,2014-01,2026-04,804995.02,1032253,2022-03,1032253,0.021954,369256407418,68.50505,Top 50%
1842,2054,118299244,147,2014-01,2026-04,804756.76,913949,2024-10,913949,0.021947,369374706662,68.526997,Top 50%
1843,704,118267549,147,2014-01,2026-04,804541.15,1017943,2026-03,1017943,0.021941,369492974211,68.548938,Top 50%
1844,401,118266897,147,2014-01,2026-04,804536.71,1069986,2026-03,1069986,0.021941,369611241108,68.570879,Top 50%
1845,4971,118254373,147,2014-01,2026-04,804451.52,996695,2025-10,996695,0.021939,369729495481,68.592818,Top 50%
1846,4552,118243742,147,2014-01,2026-04,804379.2,5836912,2015-08,5836912,0.021937,369847739223,68.614755,Top 50%
1847,4257,118194791,147,2014-01,2026-04,804046.2,918854,2019-05,918854,0.021928,369965934014,68.636683,Top 50%
1848,930,118179525,147,2014-01,2026-04,803942.35,995332,2026-03,995332,0.021925,370084113539,68.658607,Top 50%
1849,841,118131125,147,2014-01,2026-04,803613.1,905171,2019-10,905171,0.021916,370202244664,68.680523,Top 50%
1850,4418,118052174,147,2014-01,2026-04,803076.01,1239457,2022-03,1239457,0.021901,370320296838,68.702425,Top 50%
1851,1081,118027763,147,2014-01,2026-04,802909.95,957192,2014-03,957192,0.021897,370438324601,68.724321,Top 50%
1852,2524,117944967,147,2014-01,2026-04,802346.71,1113748,2019-10,1113748,0.021881,370556269568,68.746203,Top 50%
1853,3180,117927984,147,2014-01,2026-04,802231.18,992935,2018-05,992935,0.021878,370674197552,68.768081,Top 50%
1854,4585,117901978,147,2014-01,2026-04,802054.27,1259890,2015-09,1259890,0.021873,370792099530,68.789954,Top 50%
1855,274,117865967,147,2014-01,2026-04,801809.3,1014929,2018-05,1014929,0.021867,370909965497,68.811821,Top 50%
1856,4615,117839807,147,2014-01,2026-04,801631.34,909523,2026-03,909523,0.021862,371027805304,68.833683,Top 50%
1857,4089,117798685,147,2014-01,2026-04,801351.6,945815,2018-05,945815,0.021854,371145603989,68.855537,Top 50%
1858,3124,117702095,147,2014-01,2026-04,800694.52,1705711,2022-01,1705711,0.021836,371263306084,68.877373,Top 50%
1859,2817,117685481,147,2014-01,2026-04,800581.5,1036833,2018-05,1036833,0.021833,371380991565,68.899206,Top 50%
1860,1427,117649425,105,2017-07,2026-04,1120470.71,1616237,2017-09,1616237,0.021827,371498640990,68.921033,Top 50%
1861,2496,117625582,82,2019-07,2026-04,1434458.32,1703126,2025-10,1703126,0.021822,371616266572,68.942855,Top 50%
1862,4544,117606057,147,2014-01,2026-04,800041.2,1041269,2017-06,1041269,0.021818,371733872629,68.964673,Top 50%
1863,2478,117571419,74,2020-03,2026-04,1588802.96,2335568,2025-10,2335568,0.021812,371851444048,68.986485,Top 50%
1864,437,117478232,147,2014-01,2026-04,799171.65,1620719,2018-10,1620719,0.021795,371968922280,69.00828,Top 50%
1865,1071,117468690,147,2014-01,2026-04,799106.73,946149,2019-03,946149,0.021793,372086390970,69.030073,Top 50%
1866,5193,117465510,147,2014-01,2026-04,799085.1,1011930,2017-12,1011930,0.021792,372203856480,69.051866,Top 50%
1867,892,117439300,147,2014-01,2026-04,798906.8,919342,2025-10,919342,0.021788,372321295780,69.073653,Top 50%
1868,3593,117428231,147,2014-01,2026-04,798831.5,969906,2017-10,969906,0.021785,372438724011,69.095439,Top 50%
1869,2393,117406957,77,2019-12,2026-04,1524765.68,2004527,2024-05,2004527,0.021782,372556130968,69.11722,Top 50%
1870,1499,117362377,91,2018-09,2026-04,1289696.45,1773922,2026-03,1773922,0.021773,372673493345,69.138993,Top 50%
1871,1717,117326447,119,2016-05,2026-04,985936.53,1263050,2025-10,1263050,0.021767,372790819792,69.16076,Top 50%
1872,4847,117296590,147,2014-01,2026-04,797935.99,937994,2017-03,937994,0.021761,372908116382,69.182521,Top 50%
1873,1500,117248158,147,2014-01,2026-04,797606.52,1108829,2025-03,1108829,0.021752,373025364540,69.204273,Top 50%
1874,3069,117236134,147,2014-01,2026-04,797524.72,953678,2025-10,953678,0.02175,373142600674,69.226023,Top 50%
1875,2209,117180742,147,2014-01,2026-04,797147.9,1016534,2014-10,1016534,0.02174,373259781416,69.247763,Top 50%
1876,5282,117095467,132,2014-01,2026-04,887086.87,1354767,2025-10,1354767,0.021724,373376876883,69.269486,Top 50%
1877,4305,116971075,147,2014-01,2026-04,795721.6,1017217,2014-05,1017217,0.021701,373493847958,69.291187,Top 50%
1878,3121,116962552,147,2014-01,2026-04,795663.62,1182997,2014-05,1182997,0.021699,373610810510,69.312886,Top 50%
1879,2908,116944551,147,2014-01,2026-04,795541.16,1274495,2025-10,1274495,0.021696,373727755061,69.334582,Top 50%
1880,4814,116934666,147,2014-01,2026-04,795473.92,1136606,2014-10,1136606,0.021694,373844689727,69.356276,Top 50%
1881,2875,116919034,147,2014-01,2026-04,795367.58,983862,2022-03,983862,0.021691,373961608761,69.377967,Top 50%
1882,4646,116909834,147,2014-01,2026-04,795304.99,1043818,2025-10,1043818,0.021689,374078518595,69.399656,Top 50%
1883,6660,116851470,147,2014-01,2026-04,794907.96,1199806,2017-11,1199806,0.021678,374195370065,69.421334,Top 50%
1884,4749,116817606,147,2014-01,2026-04,794677.59,919178,2014-03,919178,0.021672,374312187671,69.443007,Top 50%
1885,3898,116805708,147,2014-01,2026-04,794596.65,921479,2021-12,921479,0.02167,374428993379,69.464677,Top 50%
1886,187,116768276,147,2014-01,2026-04,794342.01,1132047,2019-03,1132047,0.021663,374545761655,69.48634,Top 50%
1887,1264,116760411,147,2014-01,2026-04,794288.51,1157258,2025-07,1157258,0.021662,374662522066,69.508001,Top 50%
1888,1205,116713852,147,2014-01,2026-04,793971.78,1155322,2025-03,1155322,0.021653,374779235918,69.529654,Top 50%
1889,3980,116710417,147,2014-01,2026-04,793948.41,984517,2017-11,984517,0.021652,374895946335,69.551307,Top 50%
1890,6288,116696391,147,2014-01,2026-04,793853.0,1104707,2025-10,1104707,0.02165,375012642726,69.572956,Top 50%
1891,4216,116615835,147,2014-01,2026-04,793305.0,1585551,2018-03,1585551,0.021635,375129258561,69.594591,Top 50%
1892,779,116600294,144,2014-04,2026-04,809724.26,961761,2024-10,961761,0.021632,375245858855,69.616223,Top 50%
1893,3145,116599496,147,2014-01,2026-04,793193.85,1021197,2015-12,1021197,0.021632,375362458351,69.637855,Top 50%
1894,4006,116413222,147,2014-01,2026-04,791926.68,912587,2014-05,912587,0.021597,375478871573,69.659452,Top 50%
1895,3419,116409282,147,2014-01,2026-04,791899.88,1185067,2019-03,1185067,0.021596,375595280855,69.681048,Top 50%
1896,2520,116405409,147,2014-01,2026-04,791873.53,918284,2019-10,918284,0.021596,375711686264,69.702644,Top 50%
1897,4777,116377925,147,2014-01,2026-04,791686.56,1695255,2025-07,1695255,0.021591,375828064189,69.724235,Top 50%
1898,5055,116348028,147,2014-01,2026-04,791483.18,989990,2024-12,989990,0.021585,375944412217,69.74582,Top 50%
1899,109,116260075,147,2014-01,2026-04,790884.86,907852,2021-11,907852,0.021569,376060672292,69.767388,Top 50%
1900,1578,116209806,129,2015-07,2026-04,900851.21,1285262,2026-03,1285262,0.021559,376176882098,69.788948,Top 50%
1901,6081,116194716,147,2014-01,2026-04,790440.24,928715,2016-10,928715,0.021557,376293076814,69.810504,Top 50%
1902,4953,116150573,147,2014-01,2026-04,790139.95,944523,2019-10,944523,0.021548,376409227387,69.832053,Top 50%
1903,4982,116129890,147,2014-01,2026-04,789999.25,929204,2025-10,929204,0.021545,376525357277,69.853597,Top 50%
1904,3290,116096917,147,2014-01,2026-04,789774.95,930051,2025-10,930051,0.021538,376641454194,69.875136,Top 50%
1905,3109,116080366,147,2014-01,2026-04,789662.35,1250785,2024-10,1250785,0.021535,376757534560,69.896671,Top 50%
1906,3317,116036969,147,2014-01,2026-04,789367.14,1617619,2024-10,1617619,0.021527,376873571529,69.918199,Top 50%
1907,1240,115944779,147,2014-01,2026-04,788739.99,1032888,2025-10,1032888,0.02151,376989516308,69.939709,Top 50%
1908,4233,115892299,147,2014-01,2026-04,788382.99,1198147,2014-10,1198147,0.021501,377105408607,69.96121,Top 50%
1909,4662,115770039,147,2014-01,2026-04,787551.29,1007954,2015-10,1007954,0.021478,377221178646,69.982687,Top 50%
1910,2485,115693348,147,2014-01,2026-04,787029.58,962463,2019-05,962463,0.021464,377336871994,70.004151,Top 50%
1911,1260,115642857,147,2014-01,2026-04,786686.1,946059,2021-12,946059,0.021454,377452514851,70.025605,Top 50%
1912,4357,115570504,147,2014-01,2026-04,786193.9,1052979,2019-05,1052979,0.021441,377568085355,70.047046,Top 50%
1913,6279,115545101,147,2014-01,2026-04,786021.1,1006279,2014-08,1006279,0.021436,377683630456,70.068482,Top 50%
1914,4952,115537872,147,2014-01,2026-04,785971.92,922800,2019-10,922800,0.021435,377799168328,70.089917,Top 50%
1915,278,115519966,147,2014-01,2026-04,785850.11,951483,2017-03,951483,0.021431,377914688294,70.111348,Top 50%
1916,4669,115370770,147,2014-01,2026-04,784835.17,1021645,2019-07,1021645,0.021404,378030059064,70.132752,Top 50%
1917,3709,115300788,147,2014-01,2026-04,784359.1,1122074,2016-12,1122074,0.021391,378145359852,70.154143,Top 50%
1918,4365,115286046,147,2014-01,2026-04,784258.82,976965,2018-05,976965,0.021388,378260645898,70.175531,Top 50%
1919,4927,115282016,147,2014-01,2026-04,784231.4,926189,2016-11,926189,0.021387,378375927914,70.196918,Top 50%
1920,3486,115272885,147,2014-01,2026-04,784169.29,979421,2015-10,979421,0.021386,378491200799,70.218304,Top 50%
1921,2795,115177903,147,2014-01,2026-04,783523.15,968236,2017-12,968236,0.021368,378606378702,70.239672,Top 50%
1922,6258,115144745,147,2014-01,2026-04,783297.59,873877,2021-12,873877,0.021362,378721523447,70.261034,Top 50%
1923,4983,115091135,147,2014-01,2026-04,782932.89,1214152,2020-07,1214152,0.021352,378836614582,70.282386,Top 50%
1924,4765,115054729,147,2014-01,2026-04,782685.23,936311,2014-05,936311,0.021345,378951669311,70.303731,Top 50%
1925,639,114983914,147,2014-01,2026-04,782203.5,905114,2019-10,905114,0.021332,379066653225,70.325063,Top 50%
1926,982,114958408,147,2014-01,2026-04,782029.99,985576,2025-10,985576,0.021327,379181611633,70.34639,Top 50%
1927,2040,114941575,147,2014-01,2026-04,781915.48,939185,2025-03,939185,0.021324,379296553208,70.367714,Top 50%
1928,703,114884054,147,2014-01,2026-04,781524.18,1201113,2017-01,1201113,0.021313,379411437262,70.389028,Top 50%
1929,4829,114843614,147,2014-01,2026-04,781249.07,1131766,2015-10,1131766,0.021306,379526280876,70.410334,Top 50%
1930,6082,114839010,147,2014-01,2026-04,781217.76,1082391,2023-01,1082391,0.021305,379641119886,70.431639,Top 50%
1931,3337,114713582,147,2014-01,2026-04,780364.5,989880,2025-10,989880,0.021282,379755833468,70.452921,Top 50%
1932,2647,114704198,147,2014-01,2026-04,780300.67,1250941,2021-01,1250941,0.02128,379870537666,70.474201,Top 50%
1933,366,114683534,147,2014-01,2026-04,780160.1,903329,2025-10,903329,0.021276,379985221200,70.495477,Top 50%
1934,1392,114677897,147,2014-01,2026-04,780121.75,925864,2025-03,925864,0.021275,380099899097,70.516752,Top 50%
1935,1376,114665140,147,2014-01,2026-04,780034.97,1085635,2025-08,1085635,0.021273,380214564237,70.538025,Top 50%
1936,3542,114656599,147,2014-01,2026-04,779976.86,947034,2016-03,947034,0.021271,380329220836,70.559296,Top 50%
1937,4778,114644577,147,2014-01,2026-04,779895.08,924476,2018-05,924476,0.021269,380443865413,70.580565,Top 50%
1938,3141,114631015,147,2014-01,2026-04,779802.82,950624,2015-12,950624,0.021267,380558496428,70.601832,Top 50%
1939,977,114535932,147,2014-01,2026-04,779156.0,1098627,2022-03,1098627,0.021249,380673032360,70.623081,Top 50%
1940,235,114446227,147,2014-01,2026-04,778545.76,930490,2017-03,930490,0.021232,380787478587,70.644313,Top 50%
1941,4471,114354762,147,2014-01,2026-04,777923.55,927896,2017-08,927896,0.021215,380901833349,70.665528,Top 50%
1942,343,114348410,147,2014-01,2026-04,777880.34,943041,2025-05,943041,0.021214,381016181759,70.686743,Top 50%
1943,5213,114343585,145,2014-01,2026-04,788576.45,1026244,2026-01,1026244,0.021213,381130525344,70.707956,Top 50%
1944,6815,114284820,147,2014-01,2026-04,777447.76,868886,2025-10,868886,0.021202,381244810164,70.729158,Top 50%
1945,650,114265375,147,2014-01,2026-04,777315.48,1069250,2024-05,1069250,0.021199,381359075539,70.750357,Top 50%
1946,1362,114255055,147,2014-01,2026-04,777245.27,1114465,2026-03,1114465,0.021197,381473330594,70.771554,Top 50%
1947,5066,114226552,147,2014-01,2026-04,777051.37,962893,2024-02,962893,0.021191,381587557146,70.792745,Top 50%
1948,5271,114200500,147,2014-01,2026-04,776874.15,929734,2019-10,929734,0.021187,381701757646,70.813932,Top 50%
1949,2654,114174867,147,2014-01,2026-04,776699.78,882179,2016-12,882179,0.021182,381815932513,70.835114,Top 50%
1950,1164,114037425,147,2014-01,2026-04,775764.8,930007,2025-10,930007,0.021156,381929969938,70.85627,Top 50%
1951,338,114029523,147,2014-01,2026-04,775711.04,1063819,2018-11,1063819,0.021155,382043999461,70.877425,Top 50%
1952,6092,113882681,147,2014-01,2026-04,774712.12,2227231,2017-01,2227231,0.021128,382157882142,70.898553,Top 50%
1953,2663,113863957,147,2014-01,2026-04,774584.74,963494,2016-12,963494,0.021124,382271746099,70.919677,Top 50%
1954,1237,113859981,147,2014-01,2026-04,774557.69,1015341,2016-05,1015341,0.021123,382385606080,70.9408,Top 50%
1955,1982,113838814,91,2018-09,2026-04,1250975.98,1803456,2022-08,1803456,0.02112,382499444894,70.96192,Top 50%
1956,2290,113733490,44,2022-09,2026-04,2584852.05,3105163,2025-10,3105163,0.0211,382613178384,70.98302,Top 50%
1957,2175,113629990,147,2014-01,2026-04,772993.13,954546,2018-03,954546,0.021081,382726808374,71.004101,Top 50%
1958,3334,113618602,147,2014-01,2026-04,772915.66,1048876,2025-10,1048876,0.021079,382840426976,71.025179,Top 50%
1959,4819,113603940,147,2014-01,2026-04,772815.92,1087465,2024-10,1087465,0.021076,382954030916,71.046255,Top 50%
1960,6257,113587622,147,2014-01,2026-04,772704.91,871034,2014-07,871034,0.021073,383067618538,71.067328,Top 50%
1961,715,113586003,147,2014-01,2026-04,772693.9,1028603,2017-12,1028603,0.021073,383181204541,71.088401,Top 50%
1962,1229,113535678,147,2014-01,2026-04,772351.55,977172,2018-05,977172,0.021063,383294740219,71.109464,Top 50%
1963,4066,113483327,147,2014-01,2026-04,771995.42,939010,2019-05,939010,0.021054,383408223546,71.130518,Top 50%
1964,4945,113335776,147,2014-01,2026-04,770991.67,1157975,2018-02,1157975,0.021026,383521559322,71.151544,Top 50%
1965,3843,113181100,147,2014-01,2026-04,769939.46,959438,2017-05,959438,0.020998,383634740422,71.172542,Top 50%
1966,3149,113121474,147,2014-01,2026-04,769533.84,902833,2019-10,902833,0.020986,383747861896,71.193528,Top 50%
1967,479,113103816,147,2014-01,2026-04,769413.71,910760,2018-05,910760,0.020983,383860965712,71.214512,Top 50%
1968,3234,113101752,147,2014-01,2026-04,769399.67,1047921,2014-05,1047921,0.020983,383974067464,71.235494,Top 50%
1969,2692,113101085,147,2014-01,2026-04,769395.14,1171662,2026-03,1171662,0.020983,384087168549,71.256477,Top 50%
1970,3301,112981056,147,2014-01,2026-04,768578.61,967279,2018-05,967279,0.02096,384200149605,71.277437,Top 50%
1971,4897,112977119,147,2014-01,2026-04,768551.83,2609301,2023-06,2609301,0.02096,384313126724,71.298397,Top 50%
1972,3626,112880345,147,2014-01,2026-04,767893.5,1058641,2017-10,1058641,0.020942,384426007069,71.319339,Top 50%
1973,2853,112864223,138,2014-08,2026-04,817856.69,1114964,2024-11,1114964,0.020939,384538871292,71.340278,Top 50%
1974,4533,112861586,147,2014-01,2026-04,767765.89,1204253,2015-10,1204253,0.020938,384651732878,71.361216,Top 50%
1975,4423,112846837,147,2014-01,2026-04,767665.56,920165,2014-03,920165,0.020936,384764579715,71.382151,Top 50%
1976,4949,112750729,147,2014-01,2026-04,767011.76,879752,2019-10,879752,0.020918,384877330444,71.403069,Top 50%
1977,4885,112582031,147,2014-01,2026-04,765864.16,1257967,2022-03,1257967,0.020886,384989912475,71.423956,Top 50%
1978,3937,112546258,147,2014-01,2026-04,765620.8,969610,2024-08,969610,0.02088,385102458733,71.444835,Top 50%
1979,4005,112517516,147,2014-01,2026-04,765425.28,893683,2017-10,893683,0.020874,385214976249,71.46571,Top 50%
1980,209,112502257,147,2014-01,2026-04,765321.48,1088311,2022-03,1088311,0.020872,385327478506,71.486581,Top 50%
1981,4011,112485484,147,2014-01,2026-04,765207.37,1032694,2014-12,1032694,0.020868,385439963990,71.50745,Top 50%
1982,4768,112322696,147,2014-01,2026-04,764099.97,964476,2014-10,964476,0.020838,385552286686,71.528288,Top 50%
1983,4899,112303794,147,2014-01,2026-04,763971.39,973679,2025-03,973679,0.020835,385664590480,71.549123,Top 50%
1984,222,112267924,145,2014-01,2026-04,774261.54,1156131,2014-08,1156131,0.020828,385776858404,71.569951,Top 50%
1985,5331,112244379,121,2016-03,2026-04,927639.5,1206951,2022-10,1206951,0.020824,385889102783,71.590775,Top 50%
1986,729,112186051,147,2014-01,2026-04,763170.41,860826,2019-05,860826,0.020813,386001288834,71.611588,Top 50%
1987,815,112144881,147,2014-01,2026-04,762890.35,900480,2024-10,900480,0.020805,386113433715,71.632393,Top 50%
1988,6254,111995486,147,2014-01,2026-04,761874.05,922024,2023-03,922024,0.020778,386225429201,71.653171,Top 50%
1989,5250,111941802,147,2014-01,2026-04,761508.86,974448,2025-10,974448,0.020768,386337371003,71.673938,Top 50%
1990,4759,111940331,147,2014-01,2026-04,761498.85,1285666,2017-03,1285666,0.020767,386449311334,71.694706,Top 50%
1991,3255,111938526,147,2014-01,2026-04,761486.57,919908,2025-10,919908,0.020767,386561249860,71.715473,Top 50%
1992,100,111922510,147,2014-01,2026-04,761377.62,937098,2015-05,937098,0.020764,386673172370,71.736237,Top 50%
1993,370,111894528,147,2014-01,2026-04,761187.27,1178915,2015-03,1178915,0.020759,386785066898,71.756996,Top 50%
1994,2736,111893273,147,2014-01,2026-04,761178.73,1027663,2018-05,1027663,0.020759,386896960171,71.777754,Top 50%
1995,1208,111888868,147,2014-01,2026-04,761148.76,977222,2023-03,977222,0.020758,387008849039,71.798512,Top 50%
1996,2342,111863130,134,2014-01,2025-03,834799.48,1111067,2015-12,1111067,0.020753,387120712169,71.819265,Top 50%
1997,3632,111860297,147,2014-01,2026-04,760954.4,905874,2017-03,905874,0.020753,387232572466,71.840017,Top 50%
1998,4128,111854823,147,2014-01,2026-04,760917.16,1091556,2014-03,1091556,0.020751,387344427289,71.860769,Top 50%
1999,3877,111839579,147,2014-01,2026-04,760813.46,898747,2015-12,898747,0.020749,387456266868,71.881518,Top 50%
2000,4112,111816227,147,2014-01,2026-04,760654.61,916087,2025-10,916087,0.020744,387568083095,71.902262,Top 50%
2001,4972,111655558,147,2014-01,2026-04,759561.62,1066166,2021-03,1066166,0.020715,387679738653,71.922976,Top 50%
2002,3309,111569991,147,2014-01,2026-04,758979.53,938919,2018-03,938919,0.020699,387791308644,71.943675,Top 50%
2003,4833,111569454,147,2014-01,2026-04,758975.88,1164199,2016-03,1164199,0.020699,387902878098,71.964374,Top 50%
2004,4416,111539543,147,2014-01,2026-04,758772.4,1618330,2019-08,1618330,0.020693,388014417641,71.985067,Top 50%
2005,609,111482001,147,2014-01,2026-04,758380.96,1076920,2025-10,1076920,0.020682,388125899642,72.005749,Top 50%
2006,975,111442109,147,2014-01,2026-04,758109.59,1308013,2021-11,1308013,0.020675,388237341751,72.026424,Top 50%
2007,5078,111436646,147,2014-01,2026-04,758072.42,1136554,2016-01,1136554,0.020674,388348778397,72.047098,Top 50%
2008,5350,111411772,127,2015-09,2026-04,877258.05,1060494,2022-05,1060494,0.020669,388460190169,72.067767,Top 50%
2009,4260,111405917,147,2014-01,2026-04,757863.38,896626,2017-05,896626,0.020668,388571596086,72.088435,Top 50%
2010,1315,111387720,136,2014-05,2026-04,819027.35,2026250,2023-05,2026250,0.020665,388682983806,72.1091,Top 50%
2011,3571,111381095,118,2016-06,2026-04,943907.58,1261323,2019-10,1261323,0.020664,388794364901,72.129764,Top 50%
2012,4390,111301523,147,2014-01,2026-04,757153.22,1104865,2025-10,1104865,0.020649,388905666424,72.150413,Top 50%
2013,4502,111276861,147,2014-01,2026-04,756985.45,1019016,2023-08,1019016,0.020644,389016943285,72.171057,Top 50%
2014,3760,111233538,147,2014-01,2026-04,756690.73,1028743,2026-03,1028743,0.020636,389128176823,72.191693,Top 50%
2015,1161,111168396,147,2014-01,2026-04,756247.59,1184948,2024-10,1184948,0.020624,389239345219,72.212317,Top 50%
2016,6631,111144677,143,2014-05,2026-04,777235.5,1017654,2025-10,1017654,0.02062,389350489896,72.232937,Top 50%
2017,5104,111139752,118,2016-06,2026-04,941862.31,1581011,2017-03,1581011,0.020619,389461629648,72.253556,Top 50%
2018,5121,111134892,123,2016-01,2026-04,903535.71,1345468,2019-01,1345468,0.020618,389572764540,72.274174,Top 50%
2019,4445,111115879,147,2014-01,2026-04,755890.33,1103467,2014-04,1103467,0.020614,389683880419,72.294788,Top 50%
2020,379,111061339,147,2014-01,2026-04,755519.31,914966,2014-03,914966,0.020604,389794941758,72.315392,Top 50%
2021,3231,110968815,147,2014-01,2026-04,754889.9,908611,2017-03,908611,0.020587,389905910573,72.33598,Top 50%
2022,2721,110937859,147,2014-01,2026-04,754679.31,947576,2019-03,947576,0.020581,390016848432,72.356561,Top 50%
2023,1203,110902477,147,2014-01,2026-04,754438.62,880282,2019-10,880282,0.020575,390127750909,72.377136,Top 50%
2024,4803,110901272,147,2014-01,2026-04,754430.42,946198,2014-05,946198,0.020575,390238652181,72.39771,Top 50%
2025,4823,110736000,147,2014-01,2026-04,753306.12,1237976,2017-05,1237976,0.020544,390349388181,72.418254,Top 50%
2026,6089,110713790,147,2014-01,2026-04,753155.03,1315299,2016-05,1315299,0.02054,390460101971,72.438794,Top 50%
2027,2341,110646021,147,2014-01,2026-04,752694.02,910991,2025-10,910991,0.020527,390570747992,72.459321,Top 50%
2028,2716,110627879,147,2014-01,2026-04,752570.61,934285,2017-12,934285,0.020524,390681375871,72.479845,Top 50%
2029,6201,110589207,146,2014-01,2026-04,757460.32,857542,2022-03,857542,0.020517,390791965078,72.500362,Top 50%
2030,522,110571550,147,2014-01,2026-04,752187.41,1201564,2023-11,1201564,0.020513,390902536628,72.520875,Top 50%
2031,4649,110567113,147,2014-01,2026-04,752157.23,901878,2025-10,901878,0.020513,391013103741,72.541388,Top 50%
2032,6223,110560183,147,2014-01,2026-04,752110.09,952537,2017-05,952537,0.020511,391123663924,72.561899,Top 50%
2033,4143,110533850,147,2014-01,2026-04,751930.95,1089526,2014-08,1089526,0.020506,391234197774,72.582406,Top 50%
2034,3765,110515901,147,2014-01,2026-04,751808.85,886122,2019-08,886122,0.020503,391344713675,72.602909,Top 50%
2035,753,110468577,147,2014-01,2026-04,751486.92,931733,2015-05,931733,0.020494,391455182252,72.623403,Top 50%
2036,3221,110444829,147,2014-01,2026-04,751325.37,876316,2014-10,876316,0.02049,391565627081,72.643893,Top 50%
2037,4258,110388676,147,2014-01,2026-04,750943.37,860562,2017-03,860562,0.020479,391676015757,72.664372,Top 50%
2038,1399,110383180,147,2014-01,2026-04,750905.99,1005298,2025-10,1005298,0.020478,391786398937,72.684851,Top 50%
2039,668,110363971,147,2014-01,2026-04,750775.31,915734,2018-05,915734,0.020475,391896762908,72.705326,Top 50%
2040,3428,110292935,147,2014-01,2026-04,750292.07,969160,2014-01,969160,0.020462,392007055843,72.725787,Top 50%
2041,3667,110278588,147,2014-01,2026-04,750194.48,1082502,2015-12,1082502,0.020459,392117334431,72.746246,Top 50%
2042,4081,110232806,147,2014-01,2026-04,749883.03,877852,2017-03,877852,0.020451,392227567237,72.766697,Top 50%
2043,3905,110223202,147,2014-01,2026-04,749817.7,950118,2014-10,950118,0.020449,392337790439,72.787146,Top 50%
2044,376,110187556,147,2014-01,2026-04,749575.21,914178,2016-11,914178,0.020442,392447977995,72.807588,Top 50%
2045,3034,110151283,147,2014-01,2026-04,749328.46,855627,2017-03,855627,0.020435,392558129278,72.828023,Top 50%
2046,1739,110129818,125,2015-11,2026-04,881038.54,1035797,2021-03,1035797,0.020431,392668259096,72.848455,Top 50%
2047,1091,110098268,147,2014-01,2026-04,748967.81,877701,2024-12,877701,0.020426,392778357364,72.868881,Top 50%
2048,626,110059465,147,2014-01,2026-04,748703.84,1048952,2023-03,1048952,0.020418,392888416829,72.889299,Top 50%
2049,5274,110058928,142,2014-01,2026-04,775062.87,1002060,2026-03,1002060,0.020418,392998475757,72.909717,Top 50%
2050,4222,110043034,147,2014-01,2026-04,748592.07,967658,2014-03,967658,0.020415,393108518791,72.930133,Top 50%
2051,3111,110030861,147,2014-01,2026-04,748509.26,864472,2017-11,864472,0.020413,393218549652,72.950546,Top 50%
2052,519,110010433,147,2014-01,2026-04,748370.29,912905,2017-03,912905,0.020409,393328560085,72.970955,Top 50%
2053,362,109975526,147,2014-01,2026-04,748132.83,865663,2019-10,865663,0.020403,393438535611,72.991358,Top 50%
2054,6262,109825780,147,2014-01,2026-04,747114.15,1170569,2019-03,1170569,0.020375,393548361391,73.011733,Top 50%
2055,3981,109797602,147,2014-01,2026-04,746922.46,916415,2017-11,916415,0.02037,393658158993,73.032103,Top 50%
2056,4602,109739495,147,2014-01,2026-04,746527.18,2896138,2024-10,2896138,0.020359,393767898488,73.052462,Top 50%
2057,6692,109728734,147,2014-01,2026-04,746453.97,896403,2021-12,896403,0.020357,393877627222,73.072819,Top 50%
2058,1753,109726861,100,2017-12,2026-04,1097268.61,1409709,2024-05,1409709,0.020357,393987354083,73.093176,Top 50%
2059,2994,109566380,147,2014-01,2026-04,745349.52,1226135,2025-10,1226135,0.020327,394096920463,73.113503,Top 50%
2060,6259,109401203,147,2014-01,2026-04,744225.87,824003,2020-12,824003,0.020296,394206321666,73.133799,Top 50%
2061,230,109399246,147,2014-01,2026-04,744212.56,953786,2018-09,953786,0.020296,394315720912,73.154095,Top 50%
2062,3035,109375436,147,2014-01,2026-04,744050.59,1260244,2014-10,1260244,0.020292,394425096348,73.174386,Top 50%
2063,3798,109159935,147,2014-01,2026-04,742584.59,917462,2014-10,917462,0.020252,394534256283,73.194638,Top 50%
2064,4214,109146912,147,2014-01,2026-04,742496.0,898920,2019-05,898920,0.020249,394643403195,73.214887,Top 50%
2065,3964,109141008,147,2014-01,2026-04,742455.84,885319,2025-10,885319,0.020248,394752544203,73.235135,Top 50%
2066,4779,109030974,147,2014-01,2026-04,741707.31,874970,2024-05,874970,0.020228,394861575177,73.255362,Top 50%
2067,2624,108977549,147,2014-01,2026-04,741343.87,1080227,2024-11,1080227,0.020218,394970552726,73.27558,Top 50%
2068,4654,108976145,147,2014-01,2026-04,741334.32,1103053,2014-08,1103053,0.020217,395079528871,73.295798,Top 50%
2069,4787,108972386,147,2014-01,2026-04,741308.75,1130845,2016-03,1130845,0.020217,395188501257,73.316014,Top 50%
2070,3750,108808276,147,2014-01,2026-04,740192.35,978581,2025-10,978581,0.020186,395297309533,73.336201,Top 50%
2071,372,108787955,147,2014-01,2026-04,740054.12,963384,2016-11,963384,0.020183,395406097488,73.356383,Top 50%
2072,4022,108768210,147,2014-01,2026-04,739919.8,918169,2015-05,918169,0.020179,395514865698,73.376562,Top 50%
2073,3812,108678426,147,2014-01,2026-04,739309.02,899530,2014-05,899530,0.020162,395623544124,73.396724,Top 50%
2074,3440,108655558,147,2014-01,2026-04,739153.46,897456,2021-03,897456,0.020158,395732199682,73.416882,Top 50%
2075,263,108646057,147,2014-01,2026-04,739088.82,1149549,2025-07,1149549,0.020156,395840845739,73.437038,Top 50%
2076,2905,108600362,145,2014-03,2026-04,748968.01,999754,2019-10,999754,0.020148,395949446101,73.457186,Top 50%
2077,920,108540574,147,2014-01,2026-04,738371.25,877459,2019-10,877459,0.020137,396057986675,73.477323,Top 50%
2078,4345,108490824,147,2014-01,2026-04,738032.82,917419,2025-10,917419,0.020127,396166477499,73.49745,Top 50%
2079,3801,108403653,147,2014-01,2026-04,737439.82,929518,2019-05,929518,0.020111,396274881152,73.517561,Top 50%
2080,501,108387397,147,2014-01,2026-04,737329.23,1018693,2025-01,1018693,0.020108,396383268549,73.53767,Top 50%
2081,3364,108372950,147,2014-01,2026-04,737230.95,1132771,2014-07,1132771,0.020106,396491641499,73.557775,Top 50%
2082,1344,108364797,147,2014-01,2026-04,737175.49,950529,2025-10,950529,0.020104,396600006296,73.577879,Top 50%
2083,4013,108353857,147,2014-01,2026-04,737101.07,832435,2015-05,832435,0.020102,396708360153,73.597981,Top 50%
2084,630,108351435,147,2014-01,2026-04,737084.59,848600,2024-10,848600,0.020102,396816711588,73.618083,Top 50%
2085,1242,108336330,147,2014-01,2026-04,736981.84,1124809,2014-08,1124809,0.020099,396925047918,73.638181,Top 50%
2086,3611,108265080,147,2014-01,2026-04,736497.14,900052,2021-03,900052,0.020086,397033312998,73.658267,Top 50%
2087,1311,108165081,147,2014-01,2026-04,735816.88,872512,2017-05,872512,0.020067,397141478079,73.678334,Top 50%
2088,4884,108162129,147,2014-01,2026-04,735796.8,948346,2017-03,948346,0.020066,397249640208,73.6984,Top 50%
2089,3725,108136895,147,2014-01,2026-04,735625.14,950612,2022-03,950612,0.020062,397357777103,73.718462,Top 50%
2090,1830,108125821,82,2019-07,2026-04,1318607.57,1616777,2019-10,1616777,0.02006,397465902924,73.738522,Top 50%
2091,1485,108117351,87,2019-02,2026-04,1242728.17,1516855,2025-10,1516855,0.020058,397574020275,73.75858,Top 50%
2092,272,108082778,147,2014-01,2026-04,735256.99,900047,2025-10,900047,0.020052,397682103053,73.778631,Top 50%
2093,395,108035797,147,2014-01,2026-04,734937.39,953579,2024-10,953579,0.020043,397790138850,73.798674,Top 50%
2094,5817,108013362,147,2014-01,2026-04,734784.78,984600,2015-12,984600,0.020039,397898152212,73.818713,Top 50%
2095,224,107963964,143,2014-01,2026-04,754992.76,942492,2021-01,942492,0.02003,398006116176,73.838743,Top 50%
2096,3268,107950838,147,2014-01,2026-04,734359.44,882748,2018-03,882748,0.020027,398114067014,73.85877,Top 50%
2097,952,107931414,147,2014-01,2026-04,734227.31,818918,2017-03,818918,0.020024,398221998428,73.878794,Top 50%
2098,4583,107825103,147,2014-01,2026-04,733504.1,1098443,2016-02,1098443,0.020004,398329823531,73.898798,Top 50%
2099,6086,107799087,147,2014-01,2026-04,733327.12,908990,2025-10,908990,0.019999,398437622618,73.918797,Top 50%
2100,5106,107796063,147,2014-01,2026-04,733306.55,857208,2021-03,857208,0.019999,398545418681,73.938795,Top 50%
2101,6333,107792630,147,2014-01,2026-04,733283.2,956684,2025-10,956684,0.019998,398653211311,73.958793,Top 50%
2102,4071,107735804,147,2014-01,2026-04,732896.63,1296001,2025-03,1296001,0.019987,398760947115,73.97878,Top 50%
2103,2782,107720498,147,2014-01,2026-04,732792.5,912693,2017-08,912693,0.019984,398868667613,73.998765,Top 50%
2104,104,107664869,147,2014-01,2026-04,732414.07,947792,2016-03,947792,0.019974,398976332482,74.018739,Top 50%
2105,2568,107661574,125,2014-08,2026-04,861292.59,1429396,2026-03,1429396,0.019974,399083994056,74.038713,Top 50%
2106,4789,107655661,147,2014-01,2026-04,732351.44,859407,2016-05,859407,0.019972,399191649717,74.058685,Top 50%
2107,4297,107614084,147,2014-01,2026-04,732068.6,860377,2025-10,860377,0.019965,399299263801,74.07865,Top 50%
2108,801,107495618,147,2014-01,2026-04,731262.71,864068,2025-10,864068,0.019943,399406759419,74.098592,Top 50%
2109,4024,107491621,147,2014-01,2026-04,731235.52,887237,2017-05,887237,0.019942,399514251040,74.118534,Top 50%
2110,5297,107475186,147,2014-01,2026-04,731123.71,851295,2019-10,851295,0.019939,399621726226,74.138473,Top 50%
2111,2548,107398711,144,2014-04,2026-04,745824.38,1041203,2025-10,1041203,0.019925,399729124937,74.158398,Top 50%
2112,5116,107395086,147,2014-01,2026-04,730578.82,995226,2026-01,995226,0.019924,399836520023,74.178322,Top 50%
2113,1513,107372053,147,2014-01,2026-04,730422.13,855919,2019-08,855919,0.01992,399943892076,74.198242,Top 50%
2114,881,107358206,147,2014-01,2026-04,730327.93,848359,2015-10,848359,0.019917,400051250282,74.218159,Top 50%
2115,4617,107347675,147,2014-01,2026-04,730256.29,830114,2019-10,830114,0.019915,400158597957,74.238075,Top 50%
2116,3926,107282210,147,2014-01,2026-04,729810.95,884764,2019-05,884764,0.019903,400265880167,74.257978,Top 50%
2117,1788,107271258,80,2019-09,2026-04,1340890.73,3581414,2026-01,3581414,0.019901,400373151425,74.277879,Top 50%
2118,3820,107248489,147,2014-01,2026-04,729581.56,875474,2014-05,875474,0.019897,400480399914,74.297776,Top 50%
2119,5058,107246514,147,2014-01,2026-04,729568.12,1272846,2026-02,1272846,0.019897,400587646428,74.317673,Top 50%
2120,2738,107223038,147,2014-01,2026-04,729408.42,948627,2018-05,948627,0.019892,400694869466,74.337565,Top 50%
2121,5205,107109624,147,2014-01,2026-04,728636.9,1738834,2025-06,1738834,0.019871,400801979090,74.357436,Top 50%
2122,1418,107097874,71,2020-06,2026-04,1508420.76,1970856,2026-03,1970856,0.019869,400909076964,74.377305,Top 50%
2123,4235,107010696,147,2014-01,2026-04,727963.92,941253,2019-05,941253,0.019853,401016087660,74.397158,Top 50%
2124,5256,107009528,62,2021-03,2026-04,1725960.13,2064499,2025-10,2064499,0.019853,401123097188,74.41701,Top 50%
2125,1713,106883521,104,2017-04,2026-04,1027726.16,1693761,2025-10,1693761,0.019829,401229980709,74.436839,Top 50%
2126,4525,106877421,147,2014-01,2026-04,727057.29,933437,2017-03,933437,0.019828,401336858130,74.456668,Top 50%
2127,6078,106850961,147,2014-01,2026-04,726877.29,906265,2022-11,906265,0.019823,401443709091,74.476491,Top 50%
2128,4078,106835228,147,2014-01,2026-04,726770.26,863099,2017-03,863099,0.01982,401550544319,74.496311,Top 50%
2129,3307,106758446,147,2014-01,2026-04,726247.93,949767,2018-03,949767,0.019806,401657302765,74.516117,Top 50%
2130,4723,106751169,147,2014-01,2026-04,726198.43,866531,2017-11,866531,0.019805,401764053934,74.535922,Top 50%
2131,2318,106750180,147,2014-01,2026-04,726191.7,908052,2019-11,908052,0.019804,401870804114,74.555726,Top 50%
2132,1002,106749415,147,2014-01,2026-04,726186.5,851800,2018-08,851800,0.019804,401977553529,74.57553,Top 50%
2133,4820,106706891,147,2014-01,2026-04,725897.22,983688,2017-06,983688,0.019796,402084260420,74.595327,Top 50%
2134,1590,106568109,128,2015-08,2026-04,832563.35,986661,2018-05,986661,0.019771,402190828529,74.615098,Top 50%
2135,4664,106518770,147,2014-01,2026-04,724617.48,870051,2019-10,870051,0.019762,402297347299,74.634859,Top 50%
2136,5050,106482892,143,2014-05,2026-04,744635.61,2002381,2024-07,2002381,0.019755,402403830191,74.654614,Top 50%
2137,396,106396033,147,2014-01,2026-04,723782.54,872283,2017-12,872283,0.019739,402510226224,74.674353,Top 50%
2138,5265,106278620,147,2014-01,2026-04,722983.81,900025,2021-12,900025,0.019717,402616504844,74.69407,Top 50%
2139,4484,106271535,147,2014-01,2026-04,722935.61,1930743,2025-08,1930743,0.019716,402722776379,74.713785,Top 50%
2140,4234,106233835,147,2014-01,2026-04,722679.15,893690,2019-05,893690,0.019709,402829010214,74.733494,Top 50%
2141,806,106150658,147,2014-01,2026-04,722113.32,1001737,2016-11,1001737,0.019693,402935160872,74.753187,Top 50%
2142,4722,106143029,147,2014-01,2026-04,722061.42,865315,2025-10,865315,0.019692,403041303901,74.772879,Top 50%
2143,4636,106132966,147,2014-01,2026-04,721992.97,1392419,2016-06,1392419,0.01969,403147436867,74.792569,Top 50%
2144,1704,106118501,130,2015-06,2026-04,816296.16,1025615,2023-11,1025615,0.019687,403253555368,74.812256,Top 50%
2145,557,106075005,147,2014-01,2026-04,721598.67,941094,2014-03,941094,0.019679,403359630373,74.831936,Top 50%
2146,2808,106069260,147,2014-01,2026-04,721559.59,910734,2019-03,910734,0.019678,403465699633,74.851614,Top 50%
2147,4913,106039580,147,2014-01,2026-04,721357.69,935877,2020-02,935877,0.019673,403571739213,74.871286,Top 50%
2148,4809,105996332,147,2014-01,2026-04,721063.48,917772,2019-05,917772,0.019665,403677735545,74.890951,Top 50%
2149,5083,105978923,147,2014-01,2026-04,720945.05,1427430,2025-05,1427430,0.019661,403783714468,74.910612,Top 50%
2150,3842,105968552,147,2014-01,2026-04,720874.5,818859,2014-10,818859,0.019659,403889683020,74.930272,Top 50%
2151,4074,105937622,147,2014-01,2026-04,720664.1,2192452,2017-11,2192452,0.019654,403995620642,74.949925,Top 50%
2152,3183,105927713,147,2014-01,2026-04,720596.69,964474,2024-11,964474,0.019652,404101548355,74.969577,Top 50%
2153,4413,105922730,147,2014-01,2026-04,720562.79,1159606,2019-08,1159606,0.019651,404207471085,74.989228,Top 50%
2154,4008,105918077,147,2014-01,2026-04,720531.14,840771,2017-10,840771,0.01965,404313389162,75.008878,Top 50%
2155,279,105901687,147,2014-01,2026-04,720419.64,1079835,2015-05,1079835,0.019647,404419290849,75.028525,Top 50%
2156,4295,105881571,147,2014-01,2026-04,720282.8,862557,2025-10,862557,0.019643,404525172420,75.048169,Top 50%
2157,4762,105866433,147,2014-01,2026-04,720179.82,900335,2014-05,900335,0.019641,404631038853,75.067809,Top 50%
2158,301,105859259,147,2014-01,2026-04,720131.01,914392,2026-03,914392,0.019639,404736898112,75.087448,Top 50%
2159,2910,105851185,147,2014-01,2026-04,720076.09,1284712,2014-03,1284712,0.019638,404842749297,75.107086,Top 50%
2160,2518,105816080,147,2014-01,2026-04,719837.28,855593,2025-10,855593,0.019631,404948565377,75.126717,Top 50%
2161,148,105793440,147,2014-01,2026-04,719683.27,1059657,2019-08,1059657,0.019627,405054358817,75.146344,Top 50%
2162,5875,105689061,146,2014-01,2026-04,723897.68,854604,2021-03,854604,0.019608,405160047878,75.165952,Top 50%
2163,1200,105679142,147,2014-01,2026-04,718905.73,959058,2025-05,959058,0.019606,405265727020,75.185558,Top 50%
2164,4979,105616168,147,2014-01,2026-04,718477.33,860996,2025-10,860996,0.019594,405371343188,75.205152,Top 50%
2165,6449,105504279,147,2014-01,2026-04,717716.18,2123291,2021-04,2123291,0.019573,405476847467,75.224725,Top 50%
2166,4771,105462817,147,2014-01,2026-04,717434.13,915287,2017-05,915287,0.019566,405582310284,75.244291,Top 50%
2167,5325,105441248,137,2014-11,2026-04,769644.15,1466580,2025-10,1466580,0.019562,405687751532,75.263852,Top 50%
2168,4140,105410877,147,2014-01,2026-04,717080.8,877925,2019-10,877925,0.019556,405793162409,75.283408,Top 50%
2169,6450,105374400,147,2014-01,2026-04,716832.65,1569536,2017-08,1569536,0.019549,405898536809,75.302958,Top 50%
2170,5654,105374138,127,2015-09,2026-04,829717.62,960000,2020-12,960000,0.019549,406003910947,75.322507,Top 50%
2171,773,105358846,147,2014-01,2026-04,716726.84,846924,2019-10,846924,0.019546,406109269793,75.342053,Top 50%
2172,1068,105261900,147,2014-01,2026-04,716067.35,1291602,2023-11,1291602,0.019528,406214531693,75.361581,Top 50%
2173,515,105217186,147,2014-01,2026-04,715763.17,863830,2024-10,863830,0.01952,406319748879,75.381102,Top 50%
2174,6265,105184772,147,2014-01,2026-04,715542.67,1430095,2020-12,1430095,0.019514,406424933651,75.400616,Top 50%
2175,4827,105175475,147,2014-01,2026-04,715479.42,1176383,2016-03,1176383,0.019512,406530109126,75.420128,Top 50%
2176,3909,105167944,147,2014-01,2026-04,715428.19,865677,2017-12,865677,0.019511,406635277070,75.439639,Top 50%
2177,4007,105124703,147,2014-01,2026-04,715134.03,852552,2018-03,852552,0.019503,406740401773,75.459142,Top 50%
2178,3997,105078634,147,2014-01,2026-04,714820.64,858190,2025-03,858190,0.019494,406845480407,75.478636,Top 50%
2179,2870,105026249,147,2014-01,2026-04,714464.28,890758,2017-10,890758,0.019485,406950506656,75.498121,Top 50%
2180,4852,105022017,147,2014-01,2026-04,714435.49,1344621,2019-10,1344621,0.019484,407055528673,75.517605,Top 50%
2181,6280,105004951,147,2014-01,2026-04,714319.39,852237,2025-10,852237,0.019481,407160533624,75.537085,Top 50%
2182,1489,104837139,86,2019-03,2026-04,1219036.5,1434139,2022-07,1434139,0.01945,407265370763,75.556535,Top 50%
2183,244,104734219,147,2014-01,2026-04,712477.68,1039372,2017-01,1039372,0.01943,407370104982,75.575965,Top 50%
2184,5902,104630727,147,2014-01,2026-04,711773.65,980234,2021-03,980234,0.019411,407474735709,75.595377,Top 50%
2185,262,104615992,147,2014-01,2026-04,711673.41,1148196,2019-10,1148196,0.019409,407579351701,75.614785,Top 50%
2186,4648,104592493,147,2014-01,2026-04,711513.56,849893,2019-10,849893,0.019404,407683944194,75.634189,Top 50%
2187,4733,104592138,147,2014-01,2026-04,711511.14,957303,2019-10,957303,0.019404,407788536332,75.653593,Top 50%
2188,2650,104572930,143,2014-05,2026-04,731279.23,1081142,2025-10,1081142,0.019401,407893109262,75.672994,Top 50%
2189,804,104453218,147,2014-01,2026-04,710566.11,851473,2019-10,851473,0.019378,407997562480,75.692372,Top 50%
2190,3259,104425420,147,2014-01,2026-04,710377.01,824206,2015-12,824206,0.019373,408101987900,75.711745,Top 50%
2191,4385,104402723,147,2014-01,2026-04,710222.61,1609721,2024-10,1609721,0.019369,408206390623,75.731114,Top 50%
2192,6207,104395945,147,2014-01,2026-04,710176.5,1032644,2019-10,1032644,0.019368,408310786568,75.750482,Top 50%
2193,355,104235588,147,2014-01,2026-04,709085.63,938363,2026-03,938363,0.019338,408415022156,75.76982,Top 50%
2194,4845,104207144,147,2014-01,2026-04,708892.14,1212329,2017-08,1212329,0.019333,408519229300,75.789153,Top 50%
2195,4618,104166356,147,2014-01,2026-04,708614.67,1276355,2014-10,1276355,0.019325,408623395656,75.808478,Top 50%
2196,3123,104124305,147,2014-01,2026-04,708328.61,817108,2023-03,817108,0.019317,408727519961,75.827795,Top 50%
2197,223,104123433,147,2014-01,2026-04,708322.67,1230420,2025-01,1230420,0.019317,408831643394,75.847112,Top 50%
2198,2660,103946590,147,2014-01,2026-04,707119.66,852937,2020-02,852937,0.019284,408935589984,75.866397,Top 50%
2199,4075,103910699,147,2014-01,2026-04,706875.5,1161666,2021-03,1161666,0.019278,409039500683,75.885674,Top 50%
2200,3591,103895070,147,2014-01,2026-04,706769.18,849334,2017-10,849334,0.019275,409143395753,75.904949,Top 50%
2201,868,103894809,147,2014-01,2026-04,706767.41,826827,2017-03,826827,0.019275,409247290562,75.924224,Top 50%
2202,6820,103882119,147,2014-01,2026-04,706681.08,888915,2024-12,888915,0.019272,409351172681,75.943496,Top 50%
2203,6094,103783182,147,2014-01,2026-04,706008.04,827195,2022-11,827195,0.019254,409454955863,75.96275,Top 50%
2204,3099,103766872,147,2014-01,2026-04,705897.09,821616,2018-05,821616,0.019251,409558722735,75.982001,Top 50%
2205,734,103752773,147,2014-01,2026-04,705801.18,828852,2023-11,828852,0.019248,409662475508,76.00125,Top 50%
2206,3861,103703515,147,2014-01,2026-04,705466.09,888856,2026-03,888856,0.019239,409766179023,76.020489,Top 50%
2207,1723,103679748,118,2016-06,2026-04,878641.93,1244586,2019-10,1244586,0.019235,409869858771,76.039724,Top 50%
2208,6442,103669731,147,2014-01,2026-04,705236.27,863859,2017-03,863859,0.019233,409973528502,76.058957,Top 50%
2209,2862,103641447,147,2014-01,2026-04,705043.86,830265,2018-05,830265,0.019228,410077169949,76.078184,Top 50%
2210,3606,103625358,147,2014-01,2026-04,704934.41,806873,2017-10,806873,0.019225,410180795307,76.097409,Top 50%
2211,2664,103614046,147,2014-01,2026-04,704857.46,814284,2017-12,814284,0.019223,410284409353,76.116632,Top 50%
2212,4088,103563991,147,2014-01,2026-04,704516.95,808657,2017-03,808657,0.019213,410387973344,76.135845,Top 50%
2213,638,103538653,147,2014-01,2026-04,704344.58,812750,2018-10,812750,0.019209,410491511997,76.155054,Top 50%
2214,4912,103514922,147,2014-01,2026-04,704183.14,899654,2014-10,899654,0.019204,410595026919,76.174258,Top 50%
2215,4493,103488986,147,2014-01,2026-04,704006.71,960287,2023-08,960287,0.019199,410698515905,76.193458,Top 50%
2216,4948,103471333,147,2014-01,2026-04,703886.62,832435,2025-10,832435,0.019196,410801987238,76.212654,Top 50%
2217,4243,103394536,147,2014-01,2026-04,703364.19,4573858,2017-11,4573858,0.019182,410905381774,76.231836,Top 50%
2218,4080,103302219,147,2014-01,2026-04,702736.18,837620,2014-05,837620,0.019165,411008683993,76.251,Top 50%
2219,4262,103243622,147,2014-01,2026-04,702337.56,907752,2014-01,907752,0.019154,411111927615,76.270154,Top 50%
2220,2707,103197697,147,2014-01,2026-04,702025.15,828184,2021-12,828184,0.019145,411215125312,76.2893,Top 50%
2221,5324,103108843,139,2014-01,2026-04,741790.24,1271515,2025-03,1271515,0.019129,411318234155,76.308429,Top 50%
2222,789,103070584,147,2014-01,2026-04,701160.44,817152,2017-03,817152,0.019122,411421304739,76.32755,Top 50%
2223,6085,102977744,146,2014-01,2026-04,705327.01,886449,2019-10,886449,0.019105,411524282483,76.346655,Top 50%
2224,5298,102934450,147,2014-01,2026-04,700234.35,837458,2019-10,837458,0.019097,411627216933,76.365752,Top 50%
2225,5137,102832519,147,2014-01,2026-04,699540.95,1775530,2019-05,1775530,0.019078,411730049452,76.384829,Top 50%
2226,460,102821958,147,2014-01,2026-04,699469.1,1213338,2024-02,1213338,0.019076,411832871410,76.403905,Top 50%
2227,3406,102804396,147,2014-01,2026-04,699349.63,3287776,2022-07,3287776,0.019072,411935675806,76.422977,Top 50%
2228,682,102801988,147,2014-01,2026-04,699333.25,893988,2025-07,893988,0.019072,412038477794,76.442049,Top 50%
2229,651,102800785,147,2014-01,2026-04,699325.07,927081,2017-03,927081,0.019072,412141278579,76.461121,Top 50%
2230,2651,102788511,147,2014-01,2026-04,699241.57,786868,2025-10,786868,0.019069,412244067090,76.480191,Top 50%
2231,2932,102688976,147,2014-01,2026-04,698564.46,950519,2014-05,950519,0.019051,412346756066,76.499242,Top 50%
2232,2705,102646002,147,2014-01,2026-04,698272.12,1262470,2014-12,1262470,0.019043,412449402068,76.518285,Top 50%
2233,4378,102624922,147,2014-01,2026-04,698128.72,1205304,2019-05,1205304,0.019039,412552026990,76.537324,Top 50%
2234,590,102600489,147,2014-01,2026-04,697962.51,870013,2026-03,870013,0.019035,412654627479,76.556359,Top 50%
2235,1010,102558051,147,2014-01,2026-04,697673.82,802500,2017-10,802500,0.019027,412757185530,76.575385,Top 50%
2236,4626,102546879,147,2014-01,2026-04,697597.82,825018,2026-03,825018,0.019025,412859732409,76.59441,Top 50%
2237,5230,102525304,119,2016-05,2026-04,861557.18,1193762,2023-01,1193762,0.019021,412962257713,76.613431,Top 50%
2238,595,102485937,147,2014-01,2026-04,697183.24,851511,2025-10,851511,0.019013,413064743650,76.632444,Top 50%
2239,345,102405034,147,2014-01,2026-04,696632.88,2634198,2014-03,2634198,0.018998,413167148684,76.651442,Top 50%
2240,1262,102368743,147,2014-01,2026-04,696386.01,1078185,2024-10,1078185,0.018992,413269517427,76.670434,Top 50%
2241,1329,102339142,92,2018-08,2026-04,1112381.98,1628428,2025-10,1628428,0.018986,413371856569,76.68942,Top 50%
2242,4857,102287577,147,2014-01,2026-04,695833.86,839947,2017-03,839947,0.018977,413474144146,76.708397,Top 50%
2243,4644,102261230,147,2014-01,2026-04,695654.63,824005,2025-10,824005,0.018972,413576405376,76.727368,Top 50%
2244,681,102249448,147,2014-01,2026-04,695574.48,975307,2016-08,975307,0.018969,413678654824,76.746338,Top 50%
2245,4916,102237390,147,2014-01,2026-04,695492.45,884176,2018-07,884176,0.018967,413780892214,76.765305,Top 50%
2246,3550,102218314,145,2014-03,2026-04,704953.89,1117001,2018-08,1117001,0.018964,413883110528,76.784269,Top 50%
2247,3921,102195342,147,2014-01,2026-04,695206.41,816156,2023-03,816156,0.018959,413985305870,76.803228,Top 50%
2248,3102,102139552,147,2014-01,2026-04,694826.88,955824,2015-03,955824,0.018949,414087445422,76.822177,Top 50%
2249,3353,102043856,147,2014-01,2026-04,694175.89,938741,2024-10,938741,0.018931,414189489278,76.841109,Top 50%
2250,3809,101999429,147,2014-01,2026-04,693873.67,832777,2014-05,832777,0.018923,414291488707,76.860032,Top 50%
2251,6290,101962617,147,2014-01,2026-04,693623.24,888919,2025-10,888919,0.018916,414393451324,76.878948,Top 50%
2252,3025,101902973,147,2014-01,2026-04,693217.5,822219,2017-03,822219,0.018905,414495354297,76.897853,Top 50%
2253,4597,101892585,146,2014-01,2026-04,697894.42,1071769,2025-08,1071769,0.018903,414597246882,76.916756,Top 50%
2254,1563,101878975,129,2015-07,2026-04,789759.5,1312534,2025-10,1312534,0.018901,414699125857,76.935657,Top 50%
2255,4791,101809878,147,2014-01,2026-04,692584.2,820987,2020-07,820987,0.018888,414800935735,76.954545,Top 50%
2256,405,101796697,147,2014-01,2026-04,692494.54,915923,2025-10,915923,0.018885,414902732432,76.973431,Top 50%
2257,5277,101793723,147,2014-01,2026-04,692474.31,857261,2026-03,857261,0.018885,415004526155,76.992316,Top 50%
2258,5342,101781552,130,2015-06,2026-04,782935.02,934476,2021-12,934476,0.018883,415106307707,77.011198,Top 50%
2259,3917,101758984,147,2014-01,2026-04,692237.99,1552380,2023-08,1552380,0.018878,415208066691,77.030077,Top 50%
2260,4158,101748348,147,2014-01,2026-04,692165.63,833140,2024-10,833140,0.018877,415309815039,77.048953,Top 50%
2261,718,101739115,147,2014-01,2026-04,692102.82,845685,2017-12,845685,0.018875,415411554154,77.067828,Top 50%
2262,2592,101695742,147,2014-01,2026-04,691807.77,808715,2024-12,808715,0.018867,415513249896,77.086695,Top 50%
2263,2350,101652782,147,2014-01,2026-04,691515.52,823786,2017-05,823786,0.018859,415614902678,77.105554,Top 50%
2264,4426,101638123,147,2014-01,2026-04,691415.8,973684,2014-10,973684,0.018856,415716540801,77.12441,Top 50%
2265,4606,101619512,147,2014-01,2026-04,691289.2,1778776,2020-12,1778776,0.018853,415818160313,77.143262,Top 50%
2266,2385,101582480,43,2022-10,2026-04,2362383.26,2821424,2025-10,2821424,0.018846,415919742793,77.162108,Top 50%
2267,2912,101510994,147,2014-01,2026-04,690550.98,878643,2023-06,878643,0.018832,416021253787,77.180941,Top 50%
2268,3684,101499317,147,2014-01,2026-04,690471.54,802932,2025-05,802932,0.01883,416122753104,77.199771,Top 50%
2269,1157,101490791,145,2014-01,2026-04,699936.49,1074178,2026-03,1074178,0.018829,416224243895,77.2186,Top 50%
2270,2661,101411614,147,2014-01,2026-04,689874.93,896969,2025-10,896969,0.018814,416325655509,77.237414,Top 50%
2271,275,101401520,147,2014-01,2026-04,689806.26,890820,2021-12,890820,0.018812,416427057029,77.256226,Top 50%
2272,5226,101401245,147,2014-01,2026-04,689804.39,778892,2021-03,778892,0.018812,416528458274,77.275038,Top 50%
2273,1394,101215244,147,2014-01,2026-04,688539.07,1038021,2025-10,1038021,0.018778,416629673518,77.293816,Top 50%
2274,4249,101195791,147,2014-01,2026-04,688406.74,836681,2019-10,836681,0.018774,416730869309,77.31259,Top 50%
2275,5307,101124165,147,2014-01,2026-04,687919.49,963327,2018-10,963327,0.018761,416831993474,77.33135,Top 50%
2276,4154,101105488,147,2014-01,2026-04,687792.44,1030270,2021-03,1030270,0.018757,416933098962,77.350108,Top 50%
2277,3354,101101955,147,2014-01,2026-04,687768.4,881510,2019-10,881510,0.018757,417034200917,77.368864,Top 50%
2278,3457,101000113,147,2014-01,2026-04,687075.6,1267370,2021-04,1267370,0.018738,417135201030,77.387602,Top 50%
2279,3375,100991413,52,2014-01,2018-10,1942142.56,2129953,2017-03,2129953,0.018736,417236192443,77.406338,Top 50%
2280,745,100974768,147,2014-01,2026-04,686903.18,902879,2020-02,902879,0.018733,417337167211,77.425071,Top 50%
2281,2179,100969908,147,2014-01,2026-04,686870.12,1050262,2016-11,1050262,0.018732,417438137119,77.443803,Top 50%
2282,2809,100962082,147,2014-01,2026-04,686816.88,867052,2017-03,867052,0.018731,417539099201,77.462534,Top 50%
2283,6691,100950882,147,2014-01,2026-04,686740.69,807800,2021-12,807800,0.018729,417640050083,77.481262,Top 50%
2284,2986,100896815,147,2014-01,2026-04,686372.89,764849,2019-10,764849,0.018719,417740946898,77.499981,Top 50%
2285,3876,100893238,147,2014-01,2026-04,686348.56,881173,2019-10,881173,0.018718,417841840136,77.518699,Top 50%
2286,913,100868749,147,2014-01,2026-04,686181.97,788275,2017-03,788275,0.018713,417942708885,77.537412,Top 50%
2287,1031,100838220,147,2014-01,2026-04,685974.29,826182,2016-02,826182,0.018708,418043547105,77.55612,Top 50%
2288,4124,100735761,147,2014-01,2026-04,685277.29,802746,2019-03,802746,0.018689,418144282866,77.574808,Top 50%
2289,2353,100657411,147,2014-01,2026-04,684744.29,852340,2018-03,852340,0.018674,418244940277,77.593482,Top 50%
2290,3026,100533493,147,2014-01,2026-04,683901.31,1777428,2014-07,1777428,0.018651,418345473770,77.612134,Top 50%
2291,1324,100478773,147,2014-01,2026-04,683529.07,1001927,2019-10,1001927,0.018641,418445952543,77.630775,Top 50%
2292,4290,100407050,147,2014-01,2026-04,683041.16,847682,2018-03,847682,0.018628,418546359593,77.649402,Top 50%
2293,4399,100395563,147,2014-01,2026-04,682963.01,940697,2024-09,940697,0.018626,418646755156,77.668028,Top 50%
2294,2791,100377277,147,2014-01,2026-04,682838.62,943293,2017-10,943293,0.018622,418747132433,77.68665,Top 50%
2295,1067,100346429,147,2014-01,2026-04,682628.77,1061991,2023-11,1061991,0.018616,418847478862,77.705266,Top 50%
2296,1000,100270842,147,2014-01,2026-04,682114.57,854622,2017-10,854622,0.018602,418947749704,77.723869,Top 50%
2297,3527,100252298,147,2014-01,2026-04,681988.42,870139,2025-03,870139,0.018599,419048002002,77.742468,Top 50%
2298,3214,100249211,146,2014-01,2026-04,686638.43,780716,2014-10,780716,0.018598,419148251213,77.761066,Top 50%
2299,4114,100233178,147,2014-01,2026-04,681858.35,938610,2017-03,938610,0.018595,419248484391,77.779662,Top 50%
2300,1565,100181515,132,2015-04,2026-04,758950.87,1180646,2024-08,1180646,0.018586,419348665906,77.798247,Top 50%
2301,4294,100136211,147,2014-01,2026-04,681198.71,779138,2016-12,779138,0.018577,419448802117,77.816825,Top 50%
2302,3927,100104237,147,2014-01,2026-04,680981.2,807543,2024-05,807543,0.018572,419548906354,77.835396,Top 50%
2303,277,100063911,147,2014-01,2026-04,680706.88,1086012,2025-10,1086012,0.018564,419648970265,77.85396,Top 50%
2304,4126,99973718,147,2014-01,2026-04,680093.32,810015,2014-05,810015,0.018547,419748943983,77.872508,Top 50%
2305,3322,99963334,85,2019-04,2026-04,1176039.22,4873074,2020-05,4873074,0.018545,419848907317,77.891053,Top 50%
2306,4826,99922872,147,2014-01,2026-04,679747.43,878058,2025-10,878058,0.018538,419948830189,77.909591,Top 50%
2307,3930,99881360,147,2014-01,2026-04,679465.03,816696,2025-10,816696,0.01853,420048711549,77.928121,Top 50%
2308,4955,99795718,147,2014-01,2026-04,678882.44,815245,2025-07,815245,0.018514,420148507267,77.946635,Top 50%
2309,3979,99782402,147,2014-01,2026-04,678791.85,819053,2014-05,819053,0.018512,420248289669,77.965147,Top 50%
2310,1363,99738132,147,2014-01,2026-04,678490.69,1282011,2026-03,1282011,0.018504,420348027801,77.983651,Top 50%
2311,1180,99692854,147,2014-01,2026-04,678182.68,874727,2025-10,874727,0.018495,420447720655,78.002146,Top 50%
2312,3335,99648778,147,2014-01,2026-04,677882.84,903376,2025-10,903376,0.018487,420547369433,78.020633,Top 50%
2313,716,99646817,147,2014-01,2026-04,677869.5,811967,2024-10,811967,0.018487,420647016250,78.03912,Top 50%
2314,976,99641177,147,2014-01,2026-04,677831.14,826634,2025-10,826634,0.018486,420746657427,78.057605,Top 50%
2315,3258,99621975,109,2016-05,2026-04,913963.07,1268649,2018-10,1268649,0.018482,420846279402,78.076087,Top 50%
2316,761,99590393,147,2014-01,2026-04,677485.67,797258,2018-05,797258,0.018476,420945869795,78.094563,Top 50%
2317,4535,99578948,147,2014-01,2026-04,677407.81,994128,2017-03,994128,0.018474,421045448743,78.113037,Top 50%
2318,4292,99505079,147,2014-01,2026-04,676905.3,826929,2015-05,826929,0.01846,421144953822,78.131498,Top 50%
2319,4010,99252198,147,2014-01,2026-04,675185.02,825725,2014-10,825725,0.018413,421244206020,78.149911,Top 50%
2320,5118,99251580,147,2014-01,2026-04,675180.82,810194,2018-03,810194,0.018413,421343457600,78.168324,Top 50%
2321,4907,99215547,147,2014-01,2026-04,674935.69,789025,2019-10,789025,0.018407,421442673147,78.186731,Top 50%
2322,617,99200330,147,2014-01,2026-04,674832.18,873383,2025-10,873383,0.018404,421541873477,78.205135,Top 50%
2323,3159,99174991,110,2014-09,2026-04,901590.83,1301748,2026-03,1301748,0.018399,421641048468,78.223534,Top 50%
2324,4679,99137658,147,2014-01,2026-04,674405.84,898341,2019-11,898341,0.018392,421740186126,78.241926,Top 50%
2325,3285,99052222,110,2017-02,2026-04,900474.75,1284814,2019-10,1284814,0.018376,421839238348,78.260302,Top 50%
2326,3888,98832813,147,2014-01,2026-04,672332.06,1043673,2025-10,1043673,0.018336,421938071161,78.278638,Top 50%
2327,5196,98715342,147,2014-01,2026-04,671532.94,827430,2025-12,827430,0.018314,422036786503,78.296952,Top 50%
2328,3715,98708357,147,2014-01,2026-04,671485.42,873656,2019-10,873656,0.018313,422135494860,78.315264,Top 50%
2329,4776,98674206,147,2014-01,2026-04,671253.1,836213,2025-10,836213,0.018306,422234169066,78.333571,Top 50%
2330,1398,98673572,82,2019-07,2026-04,1203336.24,1502080,2025-03,1502080,0.018306,422332842638,78.351877,Top 50%
2331,144,98592791,147,2014-01,2026-04,670699.26,776827,2014-03,776827,0.018291,422431435429,78.370168,Top 50%
2332,1512,98569970,147,2014-01,2026-04,670544.01,1058598,2023-10,1058598,0.018287,422530005399,78.388455,Top 50%
2333,3176,98569778,147,2014-01,2026-04,670542.71,2362789,2026-03,2362789,0.018287,422628575177,78.406742,Top 50%
2334,1370,98558361,145,2014-03,2026-04,679712.83,1159915,2025-05,1159915,0.018285,422727133538,78.425026,Top 50%
2335,4700,98539636,147,2014-01,2026-04,670337.66,870358,2025-10,870358,0.018281,422825673174,78.443307,Top 50%
2336,4610,98504299,147,2014-01,2026-04,670097.27,793295,2017-03,793295,0.018275,422924177473,78.461582,Top 50%
2337,4396,98475829,147,2014-01,2026-04,669903.6,953768,2014-03,953768,0.018269,423022653302,78.479852,Top 50%
2338,4595,98464647,147,2014-01,2026-04,669827.53,835090,2014-03,835090,0.018267,423121117949,78.498119,Top 50%
2339,3855,98457438,147,2014-01,2026-04,669778.49,785487,2019-03,785487,0.018266,423219575387,78.516385,Top 50%
2340,563,98451305,147,2014-01,2026-04,669736.77,1038785,2026-01,1038785,0.018265,423318026692,78.53465,Top 50%
2341,1585,98422493,123,2015-06,2026-04,800182.87,1290060,2025-05,1290060,0.01826,423416449185,78.552909,Top 50%
2342,3654,98342280,147,2014-01,2026-04,668995.1,795844,2019-05,795844,0.018245,423514791465,78.571154,Top 50%
2343,5606,98224028,147,2014-01,2026-04,668190.67,2373782,2020-11,2373782,0.018223,423613015493,78.589377,Top 50%
2344,3203,98215488,147,2014-01,2026-04,668132.57,860641,2019-10,860641,0.018221,423711230981,78.607598,Top 50%
2345,4272,98098359,147,2014-01,2026-04,667335.78,793871,2014-03,793871,0.018199,423809329340,78.625797,Top 50%
2346,1340,98040824,147,2014-01,2026-04,666944.38,885715,2017-10,885715,0.018189,423907370164,78.643986,Top 50%
2347,1505,97991023,147,2014-01,2026-04,666605.6,1029012,2025-03,1029012,0.018179,424005361187,78.662165,Top 50%
2348,1547,97918269,140,2014-08,2026-04,699416.21,1025940,2022-08,1025940,0.018166,424103279456,78.680331,Top 50%
2349,152,97912339,147,2014-01,2026-04,666070.33,836443,2024-06,836443,0.018165,424201191795,78.698496,Top 50%
2350,5212,97870259,147,2014-01,2026-04,665784.07,856843,2019-01,856843,0.018157,424299062054,78.716653,Top 50%
2351,3027,97869259,147,2014-01,2026-04,665777.27,832166,2017-11,832166,0.018157,424396931313,78.73481,Top 50%
2352,5361,97824874,110,2017-02,2026-04,889317.04,1047218,2021-12,1047218,0.018149,424494756187,78.752958,Top 50%
2353,564,97817152,147,2014-01,2026-04,665422.8,815964,2017-03,815964,0.018147,424592573339,78.771106,Top 50%
2354,4117,97798932,147,2014-01,2026-04,665298.86,774997,2025-10,774997,0.018144,424690372271,78.78925,Top 50%
2355,4138,97778905,147,2014-01,2026-04,665162.62,814294,2019-11,814294,0.01814,424788151176,78.80739,Top 50%
2356,1366,97747743,147,2014-01,2026-04,664950.63,820471,2014-10,820471,0.018134,424885898919,78.825524,Top 50%
2357,3431,97624452,147,2014-01,2026-04,664111.92,847131,2022-02,847131,0.018111,424983523371,78.843635,Top 50%
2358,6686,97594718,147,2014-01,2026-04,663909.65,770215,2020-12,770215,0.018106,425081118089,78.861741,Top 50%
2359,633,97578286,147,2014-01,2026-04,663797.86,821835,2024-05,821835,0.018103,425178696375,78.879844,Top 50%
2360,3983,97571641,147,2014-01,2026-04,663752.66,852039,2017-11,852039,0.018102,425276268016,78.897946,Top 50%
2361,701,97450109,147,2014-01,2026-04,662925.91,846004,2025-10,846004,0.018079,425373718125,78.916025,Top 50%
2362,1184,97449735,145,2014-01,2026-04,672067.14,1148975,2025-10,1148975,0.018079,425471167860,78.934104,Top 50%
2363,1011,97435544,147,2014-01,2026-04,662826.83,817034,2025-11,817034,0.018076,425568603404,78.95218,Top 50%
2364,6338,97426713,139,2014-09,2026-04,700911.6,825734,2023-10,825734,0.018075,425666030117,78.970255,Top 50%
2365,6702,97313071,115,2016-09,2026-04,846200.62,995064,2024-12,995064,0.018054,425763343188,78.988309,Top 50%
2366,4599,97217400,147,2014-01,2026-04,661342.86,953636,2019-11,953636,0.018036,425860560588,79.006345,Top 50%
2367,1719,97183702,111,2017-01,2026-04,875528.85,1149196,2023-03,1149196,0.01803,425957744290,79.024374,Top 50%
2368,3144,97104057,147,2014-01,2026-04,660571.82,872058,2024-10,872058,0.018015,426054848347,79.042389,Top 50%
2369,3424,97052649,147,2014-01,2026-04,660222.1,843185,2018-10,843185,0.018005,426151900996,79.060395,Top 50%
2370,5207,97031247,147,2014-01,2026-04,660076.51,790218,2020-12,790218,0.018001,426248932243,79.078396,Top 50%
2371,3811,96981823,147,2014-01,2026-04,659740.29,782505,2018-05,782505,0.017992,426345914066,79.096388,Top 50%
2372,5056,96968918,147,2014-01,2026-04,659652.5,1001640,2021-01,1001640,0.01799,426442882984,79.114378,Top 50%
2373,4025,96865281,147,2014-01,2026-04,658947.49,824925,2018-11,824925,0.017971,426539748265,79.132349,Top 50%
2374,1346,96807334,147,2014-01,2026-04,658553.29,952924,2026-03,952924,0.01796,426636555599,79.150309,Top 50%
2375,2901,96724128,147,2014-01,2026-04,657987.27,919104,2021-12,919104,0.017944,426733279727,79.168253,Top 50%
2376,2841,96710300,147,2014-01,2026-04,657893.2,818905,2019-03,818905,0.017942,426829990027,79.186195,Top 50%
2377,3719,96684147,147,2014-01,2026-04,657715.29,972564,2024-10,972564,0.017937,426926674174,79.204132,Top 50%
2378,1509,96679013,147,2014-01,2026-04,657680.36,1223250,2023-01,1223250,0.017936,427023353187,79.222068,Top 50%
2379,1236,96573713,147,2014-01,2026-04,656964.03,815046,2024-08,815046,0.017917,427119926900,79.239984,Top 50%
2380,751,96554994,147,2014-01,2026-04,656836.69,787868,2018-05,787868,0.017913,427216481894,79.257897,Bottom 50%
2381,1554,96442708,95,2016-06,2026-04,1015186.4,1761472,2025-10,1761472,0.017892,427312924602,79.27579,Bottom 50%
2382,1243,96435189,147,2014-01,2026-04,656021.69,1038976,2014-03,1038976,0.017891,427409359791,79.29368,Bottom 50%
2383,4497,96366421,147,2014-01,2026-04,655553.88,880909,2023-08,880909,0.017878,427505726212,79.311559,Bottom 50%
2384,2482,96316084,76,2020-01,2026-04,1267316.89,1739504,2025-03,1739504,0.017869,427602042296,79.329427,Bottom 50%
2385,776,96314145,147,2014-01,2026-04,655198.27,943075,2023-12,943075,0.017868,427698356441,79.347296,Bottom 50%
2386,308,96239272,147,2014-01,2026-04,654688.93,977681,2021-01,977681,0.017854,427794595713,79.36515,Bottom 50%
2387,3730,96234626,147,2014-01,2026-04,654657.32,775643,2017-03,775643,0.017854,427890830339,79.383004,Bottom 50%
2388,1561,96199008,133,2015-03,2026-04,723300.81,846442,2025-03,846442,0.017847,427987029347,79.400851,Bottom 50%
2389,4068,96051943,147,2014-01,2026-04,653414.58,850757,2025-05,850757,0.01782,428083081290,79.41867,Bottom 50%
2390,1146,96031961,147,2014-01,2026-04,653278.65,829471,2019-10,829471,0.017816,428179113251,79.436486,Bottom 50%
2391,1321,95997909,147,2014-01,2026-04,653047.0,789678,2025-10,789678,0.01781,428275111160,79.454296,Bottom 50%
2392,1080,95920747,147,2014-01,2026-04,652522.09,850059,2014-05,850059,0.017795,428371031907,79.472091,Bottom 50%
2393,3613,95871494,147,2014-01,2026-04,652187.03,824074,2017-11,824074,0.017786,428466903401,79.489878,Bottom 50%
2394,3095,95809681,147,2014-01,2026-04,651766.54,765206,2019-10,765206,0.017775,428562713082,79.507652,Bottom 50%
2395,5263,95803789,147,2014-01,2026-04,651726.46,823519,2025-10,823519,0.017774,428658516871,79.525426,Bottom 50%
2396,1217,95802729,130,2014-03,2026-04,736944.07,1166059,2026-03,1166059,0.017773,428754319600,79.5432,Bottom 50%
2397,3780,95683317,147,2014-01,2026-04,650906.92,924405,2025-10,924405,0.017751,428850002917,79.560951,Bottom 50%
2398,3938,95682744,118,2014-08,2026-04,810870.71,1261580,2025-10,1261580,0.017751,428945685661,79.578702,Bottom 50%
2399,1710,95666538,125,2015-11,2026-04,765332.3,981699,2025-10,981699,0.017748,429041352199,79.59645,Bottom 50%
2400,3708,95629276,89,2018-10,2026-04,1074486.25,1304478,2019-10,1304478,0.017741,429136981475,79.614192,Bottom 50%
2401,218,95616345,140,2014-01,2026-04,682973.89,1120065,2020-06,1120065,0.017739,429232597820,79.631931,Bottom 50%
2402,1026,95568467,109,2017-02,2026-04,876774.93,1357644,2026-03,1357644,0.01773,429328166287,79.649661,Bottom 50%
2403,4966,95540886,118,2014-01,2023-11,809668.53,934774,2014-10,934774,0.017725,429423707173,79.667386,Bottom 50%
2404,6332,95538071,147,2014-01,2026-04,649918.85,831334,2025-10,831334,0.017724,429519245244,79.68511,Bottom 50%
2405,3998,95533651,147,2014-01,2026-04,649888.78,780367,2018-05,780367,0.017724,429614778895,79.702833,Bottom 50%
2406,1716,95440398,119,2016-05,2026-04,802020.15,1117533,2019-10,1117533,0.017706,429710219293,79.72054,Bottom 50%
2407,4018,95402700,147,2014-01,2026-04,648997.96,756745,2017-03,756745,0.017699,429805621993,79.738239,Bottom 50%
2408,6083,95366039,147,2014-01,2026-04,648748.56,878543,2020-02,878543,0.017692,429900988032,79.755931,Bottom 50%
2409,421,95318842,147,2014-01,2026-04,648427.5,1314285,2015-12,1314285,0.017684,429996306874,79.773615,Bottom 50%
2410,6289,95310792,147,2014-01,2026-04,648372.73,3841766,2026-03,3841766,0.017682,430091617666,79.791297,Bottom 50%
2411,1174,95306952,147,2014-01,2026-04,648346.61,988229,2026-03,988229,0.017682,430186924618,79.808979,Bottom 50%
2412,5319,95268336,147,2014-01,2026-04,648083.92,1799521,2019-07,1799521,0.017674,430282192954,79.826653,Bottom 50%
2413,1166,95088660,147,2014-01,2026-04,646861.63,780780,2016-12,780780,0.017641,430377281614,79.844294,Bottom 50%
2414,5138,95079496,147,2014-01,2026-04,646799.29,847954,2026-03,847954,0.017639,430472361110,79.861933,Bottom 50%
2415,5815,95072569,147,2014-01,2026-04,646752.17,864332,2014-12,864332,0.017638,430567433679,79.879572,Bottom 50%
2416,3452,95061356,147,2014-01,2026-04,646675.89,806757,2017-03,806757,0.017636,430662495035,79.897207,Bottom 50%
2417,247,95016052,147,2014-01,2026-04,646367.7,1482425,2025-01,1482425,0.017628,430757511087,79.914835,Bottom 50%
2418,4655,94997861,147,2014-01,2026-04,646243.95,740182,2019-05,740182,0.017624,430852508948,79.932459,Bottom 50%
2419,3200,94958277,147,2014-01,2026-04,645974.67,907416,2022-10,907416,0.017617,430947467225,79.950076,Bottom 50%
2420,116,94907398,147,2014-01,2026-04,645628.56,762740,2014-10,762740,0.017607,431042374623,79.967683,Bottom 50%
2421,4490,94870455,147,2014-01,2026-04,645377.24,759401,2023-08,759401,0.017601,431137245078,79.985284,Bottom 50%
2422,5305,94814603,147,2014-01,2026-04,644997.3,804197,2014-08,804197,0.01759,431232059681,80.002874,Bottom 50%
2423,3818,94806380,147,2014-01,2026-04,644941.36,767622,2014-05,767622,0.017589,431326866061,80.020463,Bottom 50%
2424,770,94773285,147,2014-01,2026-04,644716.22,869497,2016-11,869497,0.017582,431421639346,80.038045,Bottom 50%
2425,4300,94753065,147,2014-01,2026-04,644578.67,771447,2025-10,771447,0.017579,431516392411,80.055624,Bottom 50%
2426,990,94741061,147,2014-01,2026-04,644497.01,769592,2017-10,769592,0.017577,431611133472,80.0732,Bottom 50%
2427,5878,94727166,147,2014-01,2026-04,644402.49,741939,2025-10,741939,0.017574,431705860638,80.090774,Bottom 50%
2428,6337,94722407,147,2014-01,2026-04,644370.12,771824,2025-10,771824,0.017573,431800583045,80.108347,Bottom 50%
2429,1151,94721878,147,2014-01,2026-04,644366.52,1001534,2014-05,1001534,0.017573,431895304923,80.12592,Bottom 50%
2430,4699,94695618,147,2014-01,2026-04,644187.88,840407,2024-10,840407,0.017568,431990000541,80.143488,Bottom 50%
2431,4625,94662917,147,2014-01,2026-04,643965.42,879830,2019-10,879830,0.017562,432084663458,80.16105,Bottom 50%
2432,1794,94571706,66,2020-11,2026-04,1432904.64,1982114,2025-10,1982114,0.017545,432179235164,80.178596,Bottom 50%
2433,4447,94570723,147,2014-01,2026-04,643338.25,849806,2015-10,849806,0.017545,432273805887,80.19614,Bottom 50%
2434,32038,94562435,32,2023-09,2026-04,2955076.09,3654813,2025-01,3654813,0.017543,432368368322,80.213684,Bottom 50%
2435,2683,94525469,147,2014-01,2026-04,643030.4,766811,2016-12,766811,0.017537,432462893791,80.23122,Bottom 50%
2436,4152,94503565,147,2014-01,2026-04,642881.39,983641,2025-07,983641,0.017532,432557397356,80.248753,Bottom 50%
2437,1009,94436567,147,2014-01,2026-04,642425.63,799060,2014-10,799060,0.01752,432651833923,80.266273,Bottom 50%
2438,5190,94421716,147,2014-01,2026-04,642324.6,882953,2026-01,882953,0.017517,432746255639,80.28379,Bottom 50%
2439,4204,94421576,147,2014-01,2026-04,642323.65,782002,2015-10,782002,0.017517,432840677215,80.301307,Bottom 50%
2440,4016,94328814,147,2014-01,2026-04,641692.61,751885,2017-08,751885,0.0175,432935006029,80.318807,Bottom 50%
2441,2033,94305492,99,2017-09,2026-02,952580.73,1164058,2018-10,1164058,0.017496,433029311521,80.336303,Bottom 50%
2442,2042,94265126,147,2014-01,2026-04,641259.36,885662,2026-03,885662,0.017488,433123576647,80.353791,Bottom 50%
2443,1796,94253236,65,2020-12,2026-04,1450049.78,1877907,2025-10,1877907,0.017486,433217829883,80.371277,Bottom 50%
2444,3243,94168374,147,2014-01,2026-04,640601.18,747747,2018-11,747747,0.01747,433311998257,80.388748,Bottom 50%
2445,469,94064948,147,2014-01,2026-04,639897.61,802664,2025-05,802664,0.017451,433406063205,80.406199,Bottom 50%
2446,3245,94054460,147,2014-01,2026-04,639826.26,770491,2018-03,770491,0.017449,433500117665,80.423648,Bottom 50%
2447,3823,94035950,147,2014-01,2026-04,639700.34,852321,2026-01,852321,0.017446,433594153615,80.441094,Bottom 50%
2448,5258,94006580,147,2014-01,2026-04,639500.54,917186,2022-02,917186,0.01744,433688160195,80.458534,Bottom 50%
2449,2719,93979618,147,2014-01,2026-04,639317.13,771619,2017-10,771619,0.017435,433782139813,80.475969,Bottom 50%
2450,2944,93905890,147,2014-01,2026-04,638815.58,775512,2025-10,775512,0.017422,433876045703,80.493391,Bottom 50%
2451,4834,93848484,147,2014-01,2026-04,638425.06,960363,2014-03,960363,0.017411,433969894187,80.510802,Bottom 50%
2452,5102,93830159,147,2014-01,2026-04,638300.4,750739,2021-03,750739,0.017408,434063724346,80.528209,Bottom 50%
2453,5320,93808652,147,2014-01,2026-04,638154.1,1035690,2026-03,1035690,0.017404,434157532998,80.545613,Bottom 50%
2454,2762,93473466,147,2014-01,2026-04,635873.92,1074319,2017-03,1074319,0.017341,434251006464,80.562954,Bottom 50%
2455,947,93415111,147,2014-01,2026-04,635476.95,733779,2019-10,733779,0.017331,434344421575,80.580284,Bottom 50%
2456,4343,93251641,147,2014-01,2026-04,634364.9,846377,2026-03,846377,0.0173,434437673216,80.597585,Bottom 50%
2457,3957,93245027,144,2014-04,2026-04,647534.91,736128,2017-03,736128,0.017299,434530918243,80.614884,Bottom 50%
2458,4397,93206053,147,2014-01,2026-04,634054.78,853959,2017-05,853959,0.017292,434624124296,80.632175,Bottom 50%
2459,4101,93103952,147,2014-01,2026-04,633360.22,932716,2024-10,932716,0.017273,434717228248,80.649448,Bottom 50%
2460,5248,93045398,119,2016-05,2026-04,781894.1,1253378,2020-10,1253378,0.017262,434810273646,80.66671,Bottom 50%
2461,1162,92998182,140,2014-08,2026-04,664272.73,816551,2015-11,816551,0.017253,434903271828,80.683963,Bottom 50%
2462,3536,92984972,147,2014-01,2026-04,632550.83,952049,2025-04,952049,0.017251,434996256800,80.701214,Bottom 50%
2463,3216,92957833,147,2014-01,2026-04,632366.21,907457,2025-10,907457,0.017246,435089214633,80.71846,Bottom 50%
2464,3959,92953725,144,2014-04,2026-04,645511.98,798893,2018-05,798893,0.017245,435182168358,80.735705,Bottom 50%
2465,727,92949285,147,2014-01,2026-04,632308.06,765156,2018-10,765156,0.017244,435275117643,80.752949,Bottom 50%
2466,1950,92947705,67,2020-10,2026-04,1387279.18,1696918,2020-12,1696918,0.017244,435368065348,80.770193,Bottom 50%
2467,3753,92925968,147,2014-01,2026-04,632149.44,780254,2016-05,780254,0.01724,435460991316,80.787432,Bottom 50%
2468,800,92841466,147,2014-01,2026-04,631574.6,754424,2017-03,754424,0.017224,435553832782,80.804656,Bottom 50%
2469,320,92800825,147,2014-01,2026-04,631298.13,903247,2017-02,903247,0.017217,435646633607,80.821873,Bottom 50%
2470,4818,92796537,147,2014-01,2026-04,631268.96,862599,2018-08,862599,0.017216,435739430144,80.839089,Bottom 50%
2471,3160,92711903,119,2016-05,2026-04,779091.62,1059223,2026-03,1059223,0.0172,435832142047,80.856289,Bottom 50%
2472,2182,92692180,147,2014-01,2026-04,630559.05,887881,2017-12,887881,0.017196,435924834227,80.873485,Bottom 50%
2473,4340,92683580,147,2014-01,2026-04,630500.54,785095,2019-03,785095,0.017195,436017517807,80.89068,Bottom 50%
2474,4640,92682378,147,2014-01,2026-04,630492.37,718699,2025-10,718699,0.017195,436110200185,80.907875,Bottom 50%
2475,2345,92647563,147,2014-01,2026-04,630255.53,767337,2021-12,767337,0.017188,436202847748,80.925063,Bottom 50%
2476,5299,92645384,147,2014-01,2026-04,630240.71,972410,2026-03,972410,0.017188,436295493132,80.94225,Bottom 50%
2477,5389,92638214,67,2020-09,2026-04,1382659.91,1934849,2026-03,1934849,0.017186,436388131346,80.959437,Bottom 50%
2478,2118,92636386,53,2021-12,2026-04,1747856.34,2065824,2025-10,2065824,0.017186,436480767732,80.976623,Bottom 50%
2479,2211,92603518,147,2014-01,2026-04,629955.9,742493,2019-05,742493,0.01718,436573371250,80.993803,Bottom 50%
2480,5912,92445404,147,2014-01,2026-04,628880.3,775879,2023-03,775879,0.017151,436665816654,81.010953,Bottom 50%
2481,4092,92435112,147,2014-01,2026-04,628810.29,738798,2014-05,738798,0.017149,436758251766,81.028102,Bottom 50%
2482,4531,92406562,147,2014-01,2026-04,628616.07,845985,2014-10,845985,0.017143,436850658328,81.045246,Bottom 50%
2483,2981,92335904,147,2014-01,2026-04,628135.4,759618,2019-10,759618,0.01713,436942994232,81.062376,Bottom 50%
2484,2694,92306396,147,2014-01,2026-04,627934.67,732223,2019-10,732223,0.017125,437035300628,81.079501,Bottom 50%
2485,1715,92246894,119,2016-05,2026-04,775183.98,1071283,2019-10,1071283,0.017114,437127547522,81.096615,Bottom 50%
2486,792,92214530,147,2014-01,2026-04,627309.73,757437,2024-10,757437,0.017108,437219762052,81.113722,Bottom 50%
2487,4116,92183358,147,2014-01,2026-04,627097.67,1052075,2024-02,1052075,0.017102,437311945410,81.130824,Bottom 50%
2488,3806,92079788,147,2014-01,2026-04,626393.12,825529,2023-03,825529,0.017083,437404025198,81.147907,Bottom 50%
2489,509,92075695,147,2014-01,2026-04,626365.27,760842,2019-05,760842,0.017082,437496100893,81.164989,Bottom 50%
2490,2765,92031216,147,2014-01,2026-04,626062.69,771487,2014-03,771487,0.017074,437588132109,81.182063,Bottom 50%
2491,2769,92026403,147,2014-01,2026-04,626029.95,771875,2024-05,771875,0.017073,437680158512,81.199136,Bottom 50%
2492,348,92005200,147,2014-01,2026-04,625885.71,810696,2024-08,810696,0.017069,437772163712,81.216205,Bottom 50%
2493,4614,91927193,147,2014-01,2026-04,625355.05,728002,2024-05,728002,0.017054,437864090905,81.233259,Bottom 50%
2494,3711,91714722,147,2014-01,2026-04,623909.67,707616,2019-05,707616,0.017015,437955805627,81.250274,Bottom 50%
2495,3134,91686590,147,2014-01,2026-04,623718.3,886464,2022-07,886464,0.01701,438047492217,81.267284,Bottom 50%
2496,5117,91622041,147,2014-01,2026-04,623279.19,734924,2018-03,734924,0.016998,438139114258,81.284282,Bottom 50%
2497,5312,91576023,147,2014-01,2026-04,622966.14,720535,2021-03,720535,0.016989,438230690281,81.301271,Bottom 50%
2498,5204,91566890,147,2014-01,2026-04,622904.01,744975,2020-01,744975,0.016988,438322257171,81.318259,Bottom 50%
2499,1369,91495449,147,2014-01,2026-04,622418.02,1137349,2025-10,1137349,0.016974,438413752620,81.335233,Bottom 50%
2500,3968,91483041,147,2014-01,2026-04,622333.61,701460,2023-05,701460,0.016972,438505235661,81.352205,Bottom 50%
2501,5198,91475931,147,2014-01,2026-04,622285.24,768552,2026-03,768552,0.016971,438596711592,81.369176,Bottom 50%
2502,2743,91389948,147,2014-01,2026-04,621700.33,792793,2024-05,792793,0.016955,438688101540,81.386131,Bottom 50%
2503,1564,91362419,124,2015-02,2026-04,736793.7,1216911,2022-03,1216911,0.01695,438779463959,81.403081,Bottom 50%
2504,2708,91319412,147,2014-01,2026-04,621220.49,750513,2024-11,750513,0.016942,438870783371,81.420022,Bottom 50%
2505,4678,91294153,147,2014-01,2026-04,621048.66,795738,2017-03,795738,0.016937,438962077524,81.43696,Bottom 50%
2506,5192,91190715,147,2014-01,2026-04,620345.0,723149,2021-12,723149,0.016918,439053268239,81.453877,Bottom 50%
2507,6292,91141244,147,2014-01,2026-04,620008.46,833786,2025-01,833786,0.016909,439144409483,81.470786,Bottom 50%
2508,476,91074428,147,2014-01,2026-04,619553.93,759901,2024-05,759901,0.016896,439235483911,81.487682,Bottom 50%
2509,387,91031259,147,2014-01,2026-04,619260.27,778751,2017-08,778751,0.016888,439326515170,81.504571,Bottom 50%
2510,5329,91024983,147,2014-01,2026-04,619217.57,763162,2018-05,763162,0.016887,439417540153,81.521458,Bottom 50%
2511,5158,90997472,147,2014-01,2026-04,619030.42,731266,2025-10,731266,0.016882,439508537625,81.53834,Bottom 50%
2512,3941,90941523,147,2014-01,2026-04,618649.82,772609,2024-05,772609,0.016872,439599479148,81.555211,Bottom 50%
2513,4911,90921106,147,2014-01,2026-04,618510.93,859477,2015-02,859477,0.016868,439690400254,81.572079,Bottom 50%
2514,4915,90858213,147,2014-01,2026-04,618083.08,850034,2019-05,850034,0.016856,439781258467,81.588935,Bottom 50%
2515,754,90843072,147,2014-01,2026-04,617980.08,858036,2022-03,858036,0.016853,439872101539,81.605789,Bottom 50%
2516,3810,90815413,147,2014-01,2026-04,617791.93,771015,2019-03,771015,0.016848,439962916952,81.622637,Bottom 50%
2517,6828,90725016,146,2014-01,2026-04,621404.22,712575,2025-10,712575,0.016831,440053641968,81.639468,Bottom 50%
2518,919,90690039,147,2014-01,2026-04,616939.04,713612,2017-03,713612,0.016825,440144332007,81.656293,Bottom 50%
2519,624,90680562,147,2014-01,2026-04,616874.57,727194,2023-11,727194,0.016823,440235012569,81.673116,Bottom 50%
2520,4189,90625443,147,2014-01,2026-04,616499.61,686997,2017-03,686997,0.016813,440325638012,81.689929,Bottom 50%
2521,3355,90607918,147,2014-01,2026-04,616380.39,830120,2025-10,830120,0.01681,440416245930,81.706739,Bottom 50%
2522,3032,90562910,147,2014-01,2026-04,616074.22,736354,2016-12,736354,0.016801,440506808840,81.723541,Bottom 50%
2523,3000,90362511,147,2014-01,2026-04,614710.96,725000,2017-03,725000,0.016764,440597171351,81.740305,Bottom 50%
2524,5317,90306725,147,2014-01,2026-04,614331.46,1048144,2023-10,1048144,0.016754,440687478076,81.757059,Bottom 50%
2525,2947,90284657,147,2014-01,2026-04,614181.34,781262,2025-10,781262,0.01675,440777762733,81.773808,Bottom 50%
2526,2581,90284437,147,2014-01,2026-04,614179.84,866537,2023-05,866537,0.01675,440868047170,81.790558,Bottom 50%
2527,3427,90267655,147,2014-01,2026-04,614065.68,1854476,2016-11,1854476,0.016747,440958314825,81.807305,Bottom 50%
2528,989,90233788,147,2014-01,2026-04,613835.29,697460,2021-12,697460,0.01674,441048548613,81.824045,Bottom 50%
2529,6408,90203287,147,2014-01,2026-04,613627.8,736091,2025-10,736091,0.016735,441138751900,81.84078,Bottom 50%
2530,4376,90180088,128,2014-01,2026-04,704531.94,1143509,2019-03,1143509,0.01673,441228931988,81.85751,Bottom 50%
2531,3189,90169712,147,2014-01,2026-04,613399.4,763307,2024-10,763307,0.016728,441319101700,81.874238,Bottom 50%
2532,5026,90159760,147,2014-01,2026-04,613331.7,844496,2024-02,844496,0.016727,441409261460,81.890965,Bottom 50%
2533,2293,90143596,147,2014-01,2026-04,613221.74,764565,2014-03,764565,0.016724,441499405056,81.907689,Bottom 50%
2534,6138,90132367,147,2014-01,2026-04,613145.35,756469,2020-12,756469,0.016722,441589537423,81.92441,Bottom 50%
2535,992,90082734,147,2014-01,2026-04,612807.71,723741,2023-10,723741,0.016712,441679620157,81.941122,Bottom 50%
2536,4795,90066046,147,2014-01,2026-04,612694.19,768349,2025-03,768349,0.016709,441769686203,81.957832,Bottom 50%
2537,250,90063536,147,2014-01,2026-04,612677.12,974897,2021-01,974897,0.016709,441859749739,81.97454,Bottom 50%
2538,649,89993229,142,2014-01,2026-04,633755.13,899037,2024-01,899037,0.016696,441949742968,81.991236,Bottom 50%
2539,3791,89991075,147,2014-01,2026-04,612184.18,736673,2014-03,736673,0.016695,442039734043,82.007931,Bottom 50%
2540,2982,89954191,147,2014-01,2026-04,611933.27,756278,2014-03,756278,0.016688,442129688234,82.02462,Bottom 50%
2541,5071,89946327,147,2014-01,2026-04,611879.78,825671,2025-12,825671,0.016687,442219634561,82.041307,Bottom 50%
2542,6447,89943945,144,2014-01,2026-04,624610.73,745513,2016-07,745513,0.016687,442309578506,82.057993,Bottom 50%
2543,2892,89831837,147,2014-01,2026-04,611100.93,863134,2015-05,863134,0.016666,442399410343,82.074659,Bottom 50%
2544,4091,89824961,147,2014-01,2026-04,611054.16,933305,2025-06,933305,0.016664,442489235304,82.091324,Bottom 50%
2545,340,89808950,147,2014-01,2026-04,610945.24,729765,2017-03,729765,0.016662,442579044254,82.107985,Bottom 50%
2546,5255,89785275,147,2014-01,2026-04,610784.18,777852,2018-08,777852,0.016657,442668829529,82.124642,Bottom 50%
2547,3995,89783564,147,2014-01,2026-04,610772.54,702816,2018-05,702816,0.016657,442758613093,82.141299,Bottom 50%
2548,4223,89699402,147,2014-01,2026-04,610200.01,929830,2016-12,929830,0.016641,442848312495,82.15794,Bottom 50%
2549,2698,89675445,147,2014-01,2026-04,610037.04,719019,2021-03,719019,0.016637,442937987940,82.174577,Bottom 50%
2550,3300,89523907,147,2014-01,2026-04,609006.17,738138,2018-03,738138,0.016609,443027511847,82.191186,Bottom 50%
2551,3181,89483945,147,2014-01,2026-04,608734.32,714982,2018-05,714982,0.016601,443116995792,82.207787,Bottom 50%
2552,5197,89391787,147,2014-01,2026-04,608107.39,823917,2026-03,823917,0.016584,443206387579,82.224371,Bottom 50%
2553,4196,89320236,147,2014-01,2026-04,607620.65,720624,2017-10,720624,0.016571,443295707815,82.240942,Bottom 50%
2554,2292,89305535,59,2021-06,2026-04,1513653.14,1769035,2022-03,1769035,0.016568,443385013350,82.25751,Bottom 50%
2555,3185,89281267,106,2017-06,2026-04,842276.1,1062216,2025-03,1062216,0.016564,443474294617,82.274073,Bottom 50%
2556,3808,89169143,147,2014-01,2026-04,606592.81,768997,2018-03,768997,0.016543,443563463760,82.290616,Bottom 50%
2557,101,89142646,147,2014-01,2026-04,606412.56,857445,2021-11,857445,0.016538,443652606406,82.307154,Bottom 50%
2558,4433,89106701,144,2014-01,2026-04,618796.53,1035587,2019-10,1035587,0.016531,443741713107,82.323685,Bottom 50%
2559,6287,89096231,147,2014-01,2026-04,606096.81,756309,2023-11,756309,0.016529,443830809338,82.340215,Bottom 50%
2560,4866,89076336,147,2014-01,2026-04,605961.47,694250,2017-03,694250,0.016526,443919885674,82.35674,Bottom 50%
2561,2960,89029295,147,2014-01,2026-04,605641.46,755295,2024-10,755295,0.016517,444008914969,82.373257,Bottom 50%
2562,397,88954425,147,2014-01,2026-04,605132.14,764723,2022-03,764723,0.016503,444097869394,82.38976,Bottom 50%
2563,4111,88939101,147,2014-01,2026-04,605027.9,720121,2024-05,720121,0.0165,444186808495,82.40626,Bottom 50%
2564,227,88843351,147,2014-01,2026-04,604376.54,814692,2018-05,814692,0.016482,444275651846,82.422742,Bottom 50%
2565,5659,88840248,127,2015-09,2026-04,699529.51,827686,2026-01,827686,0.016482,444364492094,82.439224,Bottom 50%
2566,3573,88837637,126,2015-10,2026-04,705060.61,835450,2019-10,835450,0.016481,444453329731,82.455706,Bottom 50%
2567,3482,88808431,147,2014-01,2026-04,604138.99,835334,2024-02,835334,0.016476,444542138162,82.472181,Bottom 50%
2568,240,88798220,147,2014-01,2026-04,604069.52,706657,2025-10,706657,0.016474,444630936382,82.488655,Bottom 50%
2569,3235,88774118,147,2014-01,2026-04,603905.56,713925,2018-05,713925,0.01647,444719710500,82.505125,Bottom 50%
2570,6412,88616630,147,2014-01,2026-04,602834.22,2793489,2024-08,2793489,0.01644,444808327130,82.521565,Bottom 50%
2571,4581,88589043,147,2014-01,2026-04,602646.55,756942,2019-08,756942,0.016435,444896916173,82.538,Bottom 50%
2572,2674,88565255,146,2014-01,2026-04,606611.34,766286,2018-03,766286,0.016431,444985481428,82.554431,Bottom 50%
2573,4457,88554138,147,2014-01,2026-04,602409.1,817776,2024-02,817776,0.016429,445074035566,82.57086,Bottom 50%
2574,1476,88438847,84,2019-05,2026-04,1052843.42,1272253,2025-10,1272253,0.016407,445162474413,82.587267,Bottom 50%
2575,5173,88389126,98,2014-05,2026-04,901929.86,1227402,2024-08,1227402,0.016398,445250863539,82.603665,Bottom 50%
2576,4799,88304326,147,2014-01,2026-04,600709.7,947754,2023-11,947754,0.016382,445339167865,82.620048,Bottom 50%
2577,4697,88267072,147,2014-01,2026-04,600456.27,822711,2024-10,822711,0.016375,445427434937,82.636423,Bottom 50%
2578,3860,88237495,147,2014-01,2026-04,600255.07,724692,2014-05,724692,0.01637,445515672432,82.652793,Bottom 50%
2579,1037,88236346,147,2014-01,2026-04,600247.25,1147464,2025-10,1147464,0.01637,445603908778,82.669163,Bottom 50%
2580,1522,88224499,142,2014-06,2026-04,621299.29,785312,2023-10,785312,0.016368,445692133277,82.68553,Bottom 50%
2581,3792,88173047,147,2014-01,2026-04,599816.65,810359,2017-08,810359,0.016358,445780306324,82.701888,Bottom 50%
2582,2669,88150236,120,2014-01,2024-10,734585.3,1437966,2021-12,1437966,0.016354,445868456560,82.718242,Bottom 50%
2583,6101,88131501,147,2014-01,2026-04,599534.02,696758,2023-12,696758,0.01635,445956588061,82.734592,Bottom 50%
2584,2566,87993554,128,2014-01,2026-04,687449.64,1902153,2026-03,1902153,0.016325,446044581615,82.750917,Bottom 50%
2585,249,87868091,147,2014-01,2026-04,597742.12,842203,2026-01,842203,0.016301,446132449706,82.767219,Bottom 50%
2586,3971,87830743,147,2014-01,2026-04,597488.05,1142464,2015-10,1142464,0.016295,446220280449,82.783513,Bottom 50%
2587,1116,87780343,98,2014-01,2023-10,895717.79,1141103,2021-12,1141103,0.016285,446308060792,82.799798,Bottom 50%
2588,2686,87778383,143,2014-01,2026-04,613834.85,784458,2023-11,784458,0.016285,446395839175,82.816083,Bottom 50%
2589,1566,87705610,133,2014-08,2026-04,659440.68,1124640,2025-10,1124640,0.016271,446483544785,82.832354,Bottom 50%
2590,4090,87647127,147,2014-01,2026-04,596238.96,807608,2014-03,807608,0.01626,446571191912,82.848615,Bottom 50%
2591,4150,87538563,147,2014-01,2026-04,595500.43,711264,2019-10,711264,0.01624,446658730475,82.864855,Bottom 50%
2592,787,87481295,147,2014-01,2026-04,595110.85,703055,2019-10,703055,0.01623,446746211770,82.881085,Bottom 50%
2593,4817,87468932,147,2014-01,2026-04,595026.75,709986,2014-10,709986,0.016227,446833680702,82.897312,Bottom 50%
2594,4851,87465602,147,2014-01,2026-04,595004.1,746023,2014-03,746023,0.016227,446921146304,82.913539,Bottom 50%
2595,212,87458137,141,2014-01,2026-04,620270.48,1003977,2024-12,1003977,0.016225,447008604441,82.929764,Bottom 50%
2596,4635,87415525,147,2014-01,2026-04,594663.44,698184,2014-10,698184,0.016217,447096019966,82.945982,Bottom 50%
2597,4828,87385953,132,2014-01,2026-04,662014.8,791808,2018-03,791808,0.016212,447183405919,82.962194,Bottom 50%
2598,453,87366263,147,2014-01,2026-04,594328.32,769721,2014-05,769721,0.016208,447270772182,82.978402,Bottom 50%
2599,2111,87323199,147,2014-01,2026-04,594035.37,769170,2017-12,769170,0.0162,447358095381,82.994602,Bottom 50%
2600,3291,87320529,147,2014-01,2026-04,594017.2,736531,2024-02,736531,0.0162,447445415910,83.010802,Bottom 50%
2601,2058,87255717,147,2014-01,2026-04,593576.31,680771,2019-05,680771,0.016188,447532671627,83.02699,Bottom 50%
2602,4906,87215898,147,2014-01,2026-04,593305.43,863312,2019-05,863312,0.01618,447619887525,83.043171,Bottom 50%
2603,106,87085942,147,2014-01,2026-04,592421.37,720002,2023-03,720002,0.016156,447706973467,83.059327,Bottom 50%
2604,3731,87083269,147,2014-01,2026-04,592403.19,846830,2016-05,846830,0.016156,447794056736,83.075483,Bottom 50%
2605,357,86953422,147,2014-01,2026-04,591519.88,724700,2019-08,724700,0.016132,447881010158,83.091614,Bottom 50%
2606,3644,86841815,147,2014-01,2026-04,590760.65,685044,2019-10,685044,0.016111,447967851973,83.107725,Bottom 50%
2607,6291,86811180,147,2014-01,2026-04,590552.24,675885,2025-10,675885,0.016105,448054663153,83.123831,Bottom 50%
2608,1325,86804424,147,2014-01,2026-04,590506.29,733751,2019-08,733751,0.016104,448141467577,83.139935,Bottom 50%
2609,3924,86803109,147,2014-01,2026-04,590497.34,760145,2019-03,760145,0.016104,448228270686,83.156039,Bottom 50%
2610,6121,86772060,143,2014-05,2026-04,606797.62,1379414,2024-09,1379414,0.016098,448315042746,83.172137,Bottom 50%
2611,4144,86760063,147,2014-01,2026-04,590204.51,817205,2019-03,817205,0.016096,448401802809,83.188233,Bottom 50%
2612,2133,86654905,55,2021-10,2026-04,1575543.73,1961099,2025-03,1961099,0.016076,448488457714,83.204309,Bottom 50%
2613,4029,86602498,147,2014-01,2026-04,589132.64,700194,2024-03,700194,0.016067,448575060212,83.220376,Bottom 50%
2614,4530,86582977,147,2014-01,2026-04,588999.84,919847,2014-03,919847,0.016063,448661643189,83.236439,Bottom 50%
2615,6264,86562900,147,2014-01,2026-04,588863.27,775089,2025-10,775089,0.016059,448748206089,83.252498,Bottom 50%
2616,3507,86483064,147,2014-01,2026-04,588320.16,1292384,2026-03,1292384,0.016044,448834689153,83.268542,Bottom 50%
2617,5388,86460999,72,2020-05,2026-04,1200847.21,1850677,2025-03,1850677,0.01604,448921150152,83.284583,Bottom 50%
2618,4580,86429103,147,2014-01,2026-04,587953.08,816108,2014-01,816108,0.016034,449007579255,83.300617,Bottom 50%
2619,6088,86402077,147,2014-01,2026-04,587769.23,779318,2023-08,779318,0.016029,449093981332,83.316647,Bottom 50%
2620,5031,86388626,147,2014-01,2026-04,587677.73,724828,2025-10,724828,0.016027,449180369958,83.332674,Bottom 50%
2621,720,86310686,147,2014-01,2026-04,587147.52,820268,2026-03,820268,0.016012,449266680644,83.348686,Bottom 50%
2622,3240,86296748,143,2014-05,2026-04,603473.76,1554417,2016-04,1554417,0.01601,449352977392,83.364696,Bottom 50%
2623,1017,86280230,147,2014-01,2026-04,586940.34,940235,2026-03,940235,0.016007,449439257622,83.380703,Bottom 50%
2624,4807,86278220,147,2014-01,2026-04,586926.67,768452,2015-05,768452,0.016006,449525535842,83.396709,Bottom 50%
2625,1006,86211191,147,2014-01,2026-04,586470.69,782824,2024-05,782824,0.015994,449611747033,83.412704,Bottom 50%
2626,5194,86200082,124,2014-06,2026-04,695161.95,976650,2026-01,976650,0.015992,449697947115,83.428696,Bottom 50%
2627,5950,86080650,147,2014-01,2026-04,585582.65,836836,2026-02,836836,0.01597,449784027765,83.444665,Bottom 50%
2628,4269,86065701,147,2014-01,2026-04,585480.96,709162,2025-10,709162,0.015967,449870093466,83.460632,Bottom 50%
2629,2779,86065271,147,2014-01,2026-04,585478.03,736021,2021-03,736021,0.015967,449956158737,83.476599,Bottom 50%
2630,6285,86039527,147,2014-01,2026-04,585302.9,801604,2023-08,801604,0.015962,450042198264,83.492562,Bottom 50%
2631,3769,86029348,147,2014-01,2026-04,585233.66,681249,2024-10,681249,0.01596,450128227612,83.508522,Bottom 50%
2632,1382,86019798,147,2014-01,2026-04,585168.69,698292,2024-12,698292,0.015959,450214247410,83.52448,Bottom 50%
2633,4534,85998927,147,2014-01,2026-04,585026.71,941884,2014-03,941884,0.015955,450300246337,83.540435,Bottom 50%
2634,5222,85994530,147,2014-01,2026-04,584996.8,678686,2017-03,678686,0.015954,450386240867,83.556389,Bottom 50%
2635,3239,85956929,147,2014-01,2026-04,584741.01,730178,2025-10,730178,0.015947,450472197796,83.572336,Bottom 50%
2636,622,85886302,89,2018-10,2026-04,965014.63,1368146,2024-10,1368146,0.015934,450558084098,83.58827,Bottom 50%
2637,4031,85859352,147,2014-01,2026-04,584077.22,851328,2019-10,851328,0.015929,450643943450,83.604198,Bottom 50%
2638,2171,85845699,147,2014-01,2026-04,583984.35,691207,2018-05,691207,0.015926,450729789149,83.620125,Bottom 50%
2639,3313,85836416,147,2014-01,2026-04,583921.2,1007434,2014-05,1007434,0.015925,450815625565,83.636049,Bottom 50%
2640,499,85826373,147,2014-01,2026-04,583852.88,678030,2019-05,678030,0.015923,450901451938,83.651972,Bottom 50%
2641,925,85688437,146,2014-01,2026-04,586907.1,699524,2019-10,699524,0.015897,450987140375,83.667869,Bottom 50%
2642,2987,85653562,147,2014-01,2026-04,582677.29,759292,2014-03,759292,0.015891,451072793937,83.683759,Bottom 50%
2643,498,85620408,147,2014-01,2026-04,582451.76,678540,2019-05,678540,0.015884,451158414345,83.699644,Bottom 50%
2644,1406,85617274,97,2017-11,2026-04,882652.31,1160265,2023-11,1160265,0.015884,451244031619,83.715528,Bottom 50%
2645,1005,85611805,147,2014-01,2026-04,582393.23,675291,2026-01,675291,0.015883,451329643424,83.73141,Bottom 50%
2646,4180,85597831,147,2014-01,2026-04,582298.17,680209,2018-05,680209,0.01588,451415241255,83.747291,Bottom 50%
2647,4854,85593714,147,2014-01,2026-04,582270.16,704395,2024-05,704395,0.015879,451500834969,83.76317,Bottom 50%
2648,2935,85580249,147,2014-01,2026-04,582178.56,715510,2019-08,715510,0.015877,451586415218,83.779047,Bottom 50%
2649,4763,85547459,147,2014-01,2026-04,581955.5,799785,2019-08,799785,0.015871,451671962677,83.794918,Bottom 50%
2650,5913,85539061,147,2014-01,2026-04,581898.37,860447,2024-10,860447,0.015869,451757501738,83.810787,Bottom 50%
2651,4118,85482574,147,2014-01,2026-04,581514.11,669262,2019-10,669262,0.015859,451842984312,83.826646,Bottom 50%
2652,4424,85441197,147,2014-01,2026-04,581232.63,677670,2017-03,677670,0.015851,451928425509,83.842498,Bottom 50%
2653,1147,85287084,147,2014-01,2026-04,580184.24,696625,2021-03,696625,0.015823,452013712593,83.85832,Bottom 50%
2654,1192,85210545,147,2014-01,2026-04,579663.57,726439,2015-12,726439,0.015808,452098923138,83.874128,Bottom 50%
2655,6444,85175832,147,2014-01,2026-04,579427.43,715524,2021-12,715524,0.015802,452184098970,83.88993,Bottom 50%
2656,5318,85112374,147,2014-01,2026-04,578995.74,1094050,2025-03,1094050,0.01579,452269211344,83.905721,Bottom 50%
2657,6080,84964333,145,2014-01,2026-04,585960.92,784629,2014-12,784629,0.015763,452354175677,83.921483,Bottom 50%
2658,6075,84915869,147,2014-01,2026-04,577658.97,675979,2019-10,675979,0.015754,452439091546,83.937237,Bottom 50%
2659,4451,84901785,147,2014-01,2026-04,577563.16,739436,2018-03,739436,0.015751,452523993331,83.952988,Bottom 50%
2660,4073,84872922,147,2014-01,2026-04,577366.82,749162,2024-05,749162,0.015746,452608866253,83.968734,Bottom 50%
2661,2682,84855230,147,2014-01,2026-04,577246.46,724930,2025-10,724930,0.015742,452693721483,83.984476,Bottom 50%
2662,5810,84844094,147,2014-01,2026-04,577170.71,648552,2021-12,648552,0.01574,452778565577,84.000217,Bottom 50%
2663,3819,84762387,147,2014-01,2026-04,576614.88,727452,2026-03,727452,0.015725,452863327964,84.015942,Bottom 50%
2664,3651,84762026,147,2014-01,2026-04,576612.42,713210,2015-12,713210,0.015725,452948089990,84.031667,Bottom 50%
2665,5850,84616781,106,2017-06,2026-04,798271.52,1008664,2023-05,1008664,0.015698,453032706771,84.047366,Bottom 50%
2666,942,84441950,146,2014-01,2026-04,578369.52,677363,2019-03,677363,0.015666,453117148721,84.063031,Bottom 50%
2667,1322,84408918,147,2014-01,2026-04,574210.33,1073847,2025-07,1073847,0.01566,453201557639,84.078691,Bottom 50%
2668,1570,84321525,131,2014-12,2026-04,643675.76,926991,2018-04,926991,0.015643,453285879164,84.094335,Bottom 50%
2669,4709,84273328,147,2014-01,2026-04,573287.95,674903,2019-03,674903,0.015635,453370152492,84.109969,Bottom 50%
2670,1714,84240066,119,2016-05,2026-04,707899.71,998305,2019-10,998305,0.015628,453454392558,84.125597,Bottom 50%
2671,833,84227233,147,2014-01,2026-04,572974.37,802571,2014-01,802571,0.015626,453538619791,84.141223,Bottom 50%
2672,4372,84210827,147,2014-01,2026-04,572862.77,1069270,2014-11,1069270,0.015623,453622830618,84.156846,Bottom 50%
2673,5877,84197085,147,2014-01,2026-04,572769.29,730675,2015-03,730675,0.01562,453707027703,84.172467,Bottom 50%
2674,4084,84194530,147,2014-01,2026-04,572751.9,700221,2019-03,700221,0.01562,453791222233,84.188087,Bottom 50%
2675,4285,84127720,147,2014-01,2026-04,572297.41,698467,2017-05,698467,0.015608,453875349953,84.203694,Bottom 50%
2676,5276,84089522,147,2014-01,2026-04,572037.56,726151,2019-10,726151,0.0156,453959439475,84.219295,Bottom 50%
2677,6827,84070411,147,2014-01,2026-04,571907.56,654810,2025-10,654810,0.015597,454043509886,84.234891,Bottom 50%
2678,3528,84049657,138,2014-10,2026-04,609055.49,762924,2024-10,762924,0.015593,454127559543,84.250484,Bottom 50%
2679,2729,83999155,147,2014-01,2026-04,571422.82,649539,2025-10,649539,0.015584,454211558698,84.266068,Bottom 50%
2680,3864,83967051,147,2014-01,2026-04,571204.43,669765,2019-05,669765,0.015578,454295525749,84.281646,Bottom 50%
2681,1425,83960034,52,2021-10,2026-04,1614616.04,1962146,2025-10,1962146,0.015576,454379485783,84.297222,Bottom 50%
2682,4348,83883626,147,2014-01,2026-04,570636.91,735871,2014-05,735871,0.015562,454463369409,84.312784,Bottom 50%
2683,6821,83832292,147,2014-01,2026-04,570287.7,719988,2024-12,719988,0.015553,454547201701,84.328337,Bottom 50%
2684,4347,83771715,145,2014-01,2026-04,577735.97,925339,2014-06,925339,0.015541,454630973416,84.343879,Bottom 50%
2685,912,83764547,147,2014-01,2026-04,569826.85,652962,2025-10,652962,0.01554,454714737963,84.359419,Bottom 50%
2686,4479,83747079,147,2014-01,2026-04,569708.02,697245,2017-03,697245,0.015537,454798485042,84.374956,Bottom 50%
2687,4921,83691708,147,2014-01,2026-04,569331.35,802248,2015-01,802248,0.015527,454882176750,84.390482,Bottom 50%
2688,1400,83683242,112,2016-12,2026-04,747171.8,1059071,2023-03,1059071,0.015525,454965859992,84.406007,Bottom 50%
2689,4680,83567729,147,2014-01,2026-04,568487.95,681588,2019-11,681588,0.015504,455049427721,84.421511,Bottom 50%
2690,3624,83524581,147,2014-01,2026-04,568194.43,717806,2019-10,717806,0.015496,455132952302,84.437007,Bottom 50%
2691,821,83501245,147,2014-01,2026-04,568035.68,676997,2025-10,676997,0.015491,455216453547,84.452498,Bottom 50%
2692,2679,83431860,147,2014-01,2026-04,567563.67,2050101,2023-09,2050101,0.015478,455299885407,84.467976,Bottom 50%
2693,3310,83427141,147,2014-01,2026-04,567531.57,665962,2018-03,665962,0.015478,455383312548,84.483454,Bottom 50%
2694,4349,83389804,147,2014-01,2026-04,567277.58,654988,2025-10,654988,0.015471,455466702352,84.498924,Bottom 50%
2695,690,83388662,82,2019-07,2026-04,1016934.9,1239711,2024-03,1239711,0.01547,455550091014,84.514395,Bottom 50%
2696,3827,83385268,147,2014-01,2026-04,567246.72,675245,2018-05,675245,0.01547,455633476282,84.529865,Bottom 50%
2697,2796,83352931,147,2014-01,2026-04,567026.74,660073,2025-10,660073,0.015464,455716829213,84.545328,Bottom 50%
2698,6294,83312565,141,2014-03,2026-04,590869.26,677369,2025-10,677369,0.015456,455800141778,84.560785,Bottom 50%
2699,2710,83271077,147,2014-01,2026-04,566469.91,681698,2025-10,681698,0.015449,455883412855,84.576233,Bottom 50%
2700,6097,83234487,147,2014-01,2026-04,566221.0,793703,2022-11,793703,0.015442,455966647342,84.591675,Bottom 50%
2701,4082,83176403,147,2014-01,2026-04,565825.87,683961,2019-03,683961,0.015431,456049823745,84.607106,Bottom 50%
2702,4888,83169760,141,2014-01,2026-04,589856.45,822436,2022-03,822436,0.01543,456132993505,84.622536,Bottom 50%
2703,2297,83149837,147,2014-01,2026-04,565645.15,974821,2019-10,974821,0.015426,456216143342,84.637962,Bottom 50%
2704,3439,83149235,147,2014-01,2026-04,565641.05,651808,2019-10,651808,0.015426,456299292577,84.653388,Bottom 50%
2705,1519,83111687,147,2014-01,2026-04,565385.63,907440,2024-08,907440,0.015419,456382404264,84.668807,Bottom 50%
2706,3832,83109056,147,2014-01,2026-04,565367.73,669654,2024-07,669654,0.015419,456465513320,84.684225,Bottom 50%
2707,5029,83108586,147,2014-01,2026-04,565364.53,758144,2024-10,758144,0.015418,456548621906,84.699644,Bottom 50%
2708,2937,82995841,147,2014-01,2026-04,564597.56,756721,2015-10,756721,0.015398,456631617747,84.715041,Bottom 50%
2709,6304,82983664,127,2015-09,2026-04,653414.68,825563,2025-10,825563,0.015395,456714601411,84.730437,Bottom 50%
2710,4093,82911370,147,2014-01,2026-04,564022.93,687033,2018-05,687033,0.015382,456797512781,84.745819,Bottom 50%
2711,2891,82854513,147,2014-01,2026-04,563636.14,652955,2017-03,652955,0.015371,456880367294,84.76119,Bottom 50%
2712,2687,82847470,147,2014-01,2026-04,563588.23,634902,2017-12,634902,0.01537,456963214764,84.77656,Bottom 50%
2713,897,82752324,147,2014-01,2026-04,562940.98,693757,2024-10,693757,0.015352,457045967088,84.791912,Bottom 50%
2714,5300,82743107,119,2016-05,2026-04,695320.23,817719,2021-12,817719,0.015351,457128710195,84.807263,Bottom 50%
2715,474,82734114,121,2016-03,2026-04,683753.01,854116,2024-05,854116,0.015349,457211444309,84.822612,Bottom 50%
2716,641,82707104,147,2014-01,2026-04,562633.36,697249,2021-11,697249,0.015344,457294151413,84.837956,Bottom 50%
2717,520,82692875,147,2014-01,2026-04,562536.56,1081366,2025-10,1081366,0.015341,457376844288,84.853297,Bottom 50%
2718,4410,82613270,147,2014-01,2026-04,561995.03,2539980,2014-02,2539980,0.015327,457459457558,84.868624,Bottom 50%
2719,5089,82524392,147,2014-01,2026-04,561390.42,1129530,2016-10,1129530,0.01531,457541981950,84.883934,Bottom 50%
2720,3478,82443928,147,2014-01,2026-04,560843.05,647313,2017-03,647313,0.015295,457624425878,84.899229,Bottom 50%
2721,2819,82442089,147,2014-01,2026-04,560830.54,803031,2025-10,803031,0.015295,457706867967,84.914524,Bottom 50%
2722,4407,82435202,147,2014-01,2026-04,560783.69,929275,2015-12,929275,0.015294,457789303169,84.929817,Bottom 50%
2723,5842,82387674,147,2014-01,2026-04,560460.37,834901,2014-07,834901,0.015285,457871690843,84.945102,Bottom 50%
2724,3567,82352911,147,2014-01,2026-04,560223.88,703174,2025-08,703174,0.015278,457954043754,84.96038,Bottom 50%
2725,3828,82344088,147,2014-01,2026-04,560163.86,676801,2014-05,676801,0.015277,458036387842,84.975657,Bottom 50%
2726,3358,82322975,147,2014-01,2026-04,560020.24,643585,2024-10,643585,0.015273,458118710817,84.990929,Bottom 50%
2727,346,82317546,147,2014-01,2026-04,559983.31,887102,2024-07,887102,0.015272,458201028363,85.006201,Bottom 50%
2728,108,82298903,147,2014-01,2026-04,559856.48,991686,2019-06,991686,0.015268,458283327266,85.021469,Bottom 50%
2729,6819,82292051,143,2014-01,2026-04,575468.89,702919,2017-10,702919,0.015267,458365619317,85.036736,Bottom 50%
2730,6098,82269555,147,2014-01,2026-04,559656.84,855725,2020-08,855725,0.015263,458447888872,85.051999,Bottom 50%
2731,3311,82145768,147,2014-01,2026-04,558814.75,779505,2014-05,779505,0.01524,458530034640,85.067239,Bottom 50%
2732,666,82121410,147,2014-01,2026-04,558649.05,845486,2014-05,845486,0.015235,458612156050,85.082474,Bottom 50%
2733,4072,82051581,147,2014-01,2026-04,558174.02,635310,2017-03,635310,0.015222,458694207631,85.097696,Bottom 50%
2734,4761,81953359,147,2014-01,2026-04,557505.84,675593,2014-05,675593,0.015204,458776160990,85.112901,Bottom 50%
2735,516,81923459,147,2014-01,2026-04,557302.44,659809,2026-03,659809,0.015199,458858084449,85.128099,Bottom 50%
2736,220,81908765,147,2014-01,2026-04,557202.48,697826,2017-03,697826,0.015196,458939993214,85.143295,Bottom 50%
2737,4335,81889378,147,2014-01,2026-04,557070.6,735368,2014-05,735368,0.015192,459021882592,85.158487,Bottom 50%
2738,3837,81843596,147,2014-01,2026-04,556759.16,688258,2019-05,688258,0.015184,459103726188,85.173671,Bottom 50%
2739,5351,81834584,126,2015-10,2026-04,649480.83,973155,2024-12,973155,0.015182,459185560772,85.188853,Bottom 50%
2740,4391,81808787,147,2014-01,2026-04,556522.36,974676,2017-03,974676,0.015177,459267369559,85.20403,Bottom 50%
2741,2983,81793850,147,2014-01,2026-04,556420.75,655020,2016-10,655020,0.015175,459349163409,85.219205,Bottom 50%
2742,3199,81792716,147,2014-01,2026-04,556413.03,684060,2014-05,684060,0.015174,459430956125,85.234379,Bottom 50%
2743,4450,81743399,147,2014-01,2026-04,556077.54,880304,2019-08,880304,0.015165,459512699524,85.249544,Bottom 50%
2744,6214,81723441,146,2014-01,2026-04,559749.6,861645,2023-06,861645,0.015161,459594422965,85.264706,Bottom 50%
2745,6077,81679561,147,2014-01,2026-04,555643.27,758141,2023-01,758141,0.015153,459676102526,85.279859,Bottom 50%
2746,5077,81674887,147,2014-01,2026-04,555611.48,702228,2024-08,702228,0.015152,459757777413,85.295012,Bottom 50%
2747,248,81656322,147,2014-01,2026-04,555485.18,846642,2019-01,846642,0.015149,459839433735,85.310161,Bottom 50%
2748,1518,81622875,136,2014-05,2026-04,600168.2,757814,2020-02,757814,0.015143,459921056610,85.325303,Bottom 50%
2749,5280,81528610,147,2014-01,2026-04,554616.39,699571,2020-01,699571,0.015125,460002585220,85.340429,Bottom 50%
2750,4923,81517147,146,2014-01,2026-04,558336.62,775703,2025-03,775703,0.015123,460084102367,85.355552,Bottom 50%
2751,4242,81504731,147,2014-01,2026-04,554453.95,692771,2019-05,692771,0.015121,460165607098,85.370673,Bottom 50%
2752,5054,81498234,147,2014-01,2026-04,554409.76,661571,2016-12,661571,0.01512,460247105332,85.385793,Bottom 50%
2753,5353,81480584,112,2016-12,2026-04,727505.21,960901,2021-12,960901,0.015116,460328585916,85.400909,Bottom 50%
2754,507,81418254,143,2014-01,2026-04,569358.42,1128738,2019-08,1128738,0.015105,460410004170,85.416014,Bottom 50%
2755,4393,81413369,147,2014-01,2026-04,553832.44,735498,2018-05,735498,0.015104,460491417539,85.431118,Bottom 50%
2756,1430,81370947,102,2017-10,2026-04,797754.38,1078782,2025-11,1078782,0.015096,460572788486,85.446214,Bottom 50%
2757,5339,81359519,142,2014-05,2026-04,572954.36,734941,2025-03,734941,0.015094,460654148005,85.461308,Bottom 50%
2758,3830,81306416,147,2014-01,2026-04,553104.87,648946,2019-10,648946,0.015084,460735454421,85.476392,Bottom 50%
2759,3104,81301604,120,2016-02,2026-04,677513.37,842006,2019-10,842006,0.015083,460816756025,85.491475,Bottom 50%
2760,2652,81301135,147,2014-01,2026-04,553068.95,831191,2022-05,831191,0.015083,460898057160,85.506558,Bottom 50%
2761,1148,81254798,147,2014-01,2026-04,552753.73,731112,2026-03,731112,0.015075,460979311958,85.521633,Bottom 50%
2762,4486,81251991,147,2014-01,2026-04,552734.63,1124849,2023-05,1124849,0.015074,461060563949,85.536707,Bottom 50%
2763,1533,81202393,144,2014-04,2026-04,563905.51,1019473,2025-04,1019473,0.015065,461141766342,85.551771,Bottom 50%
2764,6276,81201396,147,2014-01,2026-04,552390.45,621406,2025-10,621406,0.015065,461222967738,85.566836,Bottom 50%
2765,4545,81104781,105,2017-07,2026-04,772426.49,928581,2019-10,928581,0.015047,461304072519,85.581883,Bottom 50%
2766,4275,81081865,147,2014-01,2026-04,551577.31,885705,2016-01,885705,0.015042,461385154384,85.596925,Bottom 50%
2767,613,81032164,147,2014-01,2026-04,551239.21,661721,2018-03,661721,0.015033,461466186548,85.611958,Bottom 50%
2768,4293,81003658,147,2014-01,2026-04,551045.29,662828,2018-04,662828,0.015028,461547190206,85.626986,Bottom 50%
2769,558,80983451,147,2014-01,2026-04,550907.83,637269,2025-10,637269,0.015024,461628173657,85.642011,Bottom 50%
2770,933,80951233,147,2014-01,2026-04,550688.66,664058,2018-05,664058,0.015018,461709124890,85.657029,Bottom 50%
2771,4280,80905863,147,2014-01,2026-04,550380.02,739394,2014-10,739394,0.01501,461790030753,85.672039,Bottom 50%
2772,4729,80883076,147,2014-01,2026-04,550225.01,671267,2017-03,671267,0.015006,461870913829,85.687044,Bottom 50%
2773,4392,80880051,147,2014-01,2026-04,550204.43,743811,2017-03,743811,0.015005,461951793880,85.702049,Bottom 50%
2774,1338,80835128,146,2014-01,2026-04,553665.26,964586,2026-03,964586,0.014997,462032629008,85.717046,Bottom 50%
2775,2013,80828309,147,2014-01,2026-04,549852.44,670660,2024-05,670660,0.014995,462113457317,85.732041,Bottom 50%
2776,2969,80770615,147,2014-01,2026-04,549459.97,703753,2023-03,703753,0.014985,462194227932,85.747026,Bottom 50%
2777,2896,80712549,147,2014-01,2026-04,549064.96,815438,2025-09,815438,0.014974,462274940481,85.762,Bottom 50%
2778,4417,80701317,147,2014-01,2026-04,548988.55,692750,2018-09,692750,0.014972,462355641798,85.776972,Bottom 50%
2779,6440,80679356,147,2014-01,2026-04,548839.16,710177,2015-10,710177,0.014968,462436321154,85.791939,Bottom 50%
2780,542,80671923,147,2014-01,2026-04,548788.59,777323,2021-03,777323,0.014966,462516993077,85.806906,Bottom 50%
2781,4491,80655653,147,2014-01,2026-04,548677.91,792625,2025-03,792625,0.014963,462597648730,85.821869,Bottom 50%
2782,4632,80595790,147,2014-01,2026-04,548270.68,692221,2018-10,692221,0.014952,462678244520,85.836821,Bottom 50%
2783,2970,80585143,147,2014-01,2026-04,548198.25,725323,2019-10,725323,0.01495,462758829663,85.851772,Bottom 50%
2784,2491,80535879,76,2020-01,2026-04,1059682.62,1443021,2022-02,1443021,0.014941,462839365542,85.866713,Bottom 50%
2785,5260,80469971,88,2014-01,2022-02,914431.49,1682636,2019-10,1682636,0.014929,462919835513,85.881642,Bottom 50%
2786,1013,80457961,147,2014-01,2026-04,547333.07,646952,2025-11,646952,0.014927,463000293474,85.896568,Bottom 50%
2787,217,80421357,147,2014-01,2026-04,547084.06,683230,2017-03,683230,0.01492,463080714831,85.911488,Bottom 50%
2788,5951,80397418,147,2014-01,2026-04,546921.21,633106,2024-08,633106,0.014915,463161112249,85.926404,Bottom 50%
2789,4412,80388835,147,2014-01,2026-04,546862.82,695289,2025-10,695289,0.014914,463241501084,85.941318,Bottom 50%
2790,4366,80308200,147,2014-01,2026-04,546314.29,662985,2014-02,662985,0.014899,463321809284,85.956217,Bottom 50%
2791,118,80254115,147,2014-01,2026-04,545946.36,634174,2024-10,634174,0.014889,463402063399,85.971105,Bottom 50%
2792,5879,80245898,147,2014-01,2026-04,545890.46,658696,2014-11,658696,0.014887,463482309297,85.985993,Bottom 50%
2793,487,80177107,147,2014-01,2026-04,545422.5,646508,2019-10,646508,0.014875,463562486404,86.000867,Bottom 50%
2794,5052,80123708,147,2014-01,2026-04,545059.24,2084754,2016-03,2084754,0.014865,463642610112,86.015732,Bottom 50%
2795,4712,80107810,147,2014-01,2026-04,544951.09,650223,2018-05,650223,0.014862,463722717922,86.030594,Bottom 50%
2796,4758,80090558,147,2014-01,2026-04,544833.73,637454,2017-05,637454,0.014859,463802808480,86.045452,Bottom 50%
2797,2349,80082098,147,2014-01,2026-04,544776.18,628889,2019-05,628889,0.014857,463882890578,86.060309,Bottom 50%
2798,1368,80080968,147,2014-01,2026-04,544768.49,673723,2017-03,673723,0.014857,463962971546,86.075166,Bottom 50%
2799,1768,79995504,103,2017-08,2026-04,776655.38,955837,2019-10,955837,0.014841,464042967050,86.090007,Bottom 50%
2800,1259,79992197,147,2014-01,2026-04,544164.61,642818,2025-10,642818,0.01484,464122959247,86.104847,Bottom 50%
2801,5221,79909914,147,2014-01,2026-04,543604.86,706105,2017-03,706105,0.014825,464202869161,86.119672,Bottom 50%
2802,5291,79869795,145,2014-01,2026-04,550826.17,748471,2022-03,748471,0.014818,464282738956,86.13449,Bottom 50%
2803,5022,79791905,147,2014-01,2026-04,542802.07,617128,2024-08,617128,0.014803,464362530861,86.149293,Bottom 50%
2804,4059,79753286,147,2014-01,2026-04,542539.36,666079,2026-03,666079,0.014796,464442284147,86.164089,Bottom 50%
2805,2469,79726365,134,2015-02,2026-04,594972.87,765452,2019-03,765452,0.014791,464522010512,86.17888,Bottom 50%
2806,1352,79689289,133,2014-08,2026-04,599167.59,700555,2019-10,700555,0.014784,464601699801,86.193664,Bottom 50%
2807,1054,79680901,147,2014-01,2026-04,542046.95,647437,2017-03,647437,0.014783,464681380702,86.208447,Bottom 50%
2808,1039,79675271,147,2014-01,2026-04,542008.65,2111890,2022-07,2111890,0.014781,464761055973,86.223228,Bottom 50%
2809,4019,79649880,147,2014-01,2026-04,541835.92,689203,2017-03,689203,0.014777,464840705853,86.238005,Bottom 50%
2810,4943,79581288,147,2014-01,2026-04,541369.31,772758,2019-10,772758,0.014764,464920287141,86.252769,Bottom 50%
2811,1168,79569206,114,2014-01,2026-04,697975.49,1259560,2024-05,1259560,0.014762,464999856347,86.267531,Bottom 50%
2812,4582,79558711,147,2014-01,2026-04,541215.72,783054,2018-02,783054,0.01476,465079415058,86.28229,Bottom 50%
2813,597,79499010,147,2014-01,2026-04,540809.59,700256,2021-03,700256,0.014749,465158914068,86.297039,Bottom 50%
2814,693,79476556,82,2019-07,2026-04,969226.29,1231640,2025-10,1231640,0.014745,465238390624,86.311784,Bottom 50%
2815,5368,79452040,86,2019-03,2026-04,923860.93,1085449,2026-01,1085449,0.01474,465317842664,86.326524,Bottom 50%
2816,4070,79422813,147,2014-01,2026-04,540291.24,652523,2015-03,652523,0.014735,465397265477,86.341259,Bottom 50%
2817,2741,79401074,147,2014-01,2026-04,540143.36,632374,2017-03,632374,0.014731,465476666551,86.355989,Bottom 50%
2818,4330,79399157,147,2014-01,2026-04,540130.32,760061,2026-03,760061,0.01473,465556065708,86.37072,Bottom 50%
2819,4105,79116489,147,2014-01,2026-04,538207.41,651189,2017-03,651189,0.014678,465635182197,86.385397,Bottom 50%
2820,550,79041597,147,2014-01,2026-04,537697.94,766840,2026-01,766840,0.014664,465714223794,86.400061,Bottom 50%
2821,4844,79035455,144,2014-04,2026-04,548857.33,647191,2019-03,647191,0.014663,465793259249,86.414724,Bottom 50%
2822,1076,79010144,147,2014-01,2026-04,537483.97,679358,2017-03,679358,0.014658,465872269393,86.429382,Bottom 50%
2823,921,79002014,147,2014-01,2026-04,537428.67,646845,2017-03,646845,0.014657,465951271407,86.444039,Bottom 50%
2824,4453,78998358,147,2014-01,2026-04,537403.8,695700,2014-05,695700,0.014656,466030269765,86.458695,Bottom 50%
2825,5074,78923699,147,2014-01,2026-04,536895.91,763198,2026-03,763198,0.014642,466109193464,86.473337,Bottom 50%
2826,1707,78881538,120,2015-12,2026-04,657346.15,962472,2019-10,962472,0.014634,466188075002,86.487971,Bottom 50%
2827,299,78836346,147,2014-01,2026-04,536301.67,772982,2017-01,772982,0.014626,466266911348,86.502597,Bottom 50%
2828,4061,78809899,147,2014-01,2026-04,536121.76,692171,2014-05,692171,0.014621,466345721247,86.517218,Bottom 50%
2829,3929,78802707,147,2014-01,2026-04,536072.84,660664,2024-05,660664,0.01462,466424523954,86.531837,Bottom 50%
2830,1592,78798550,119,2015-08,2026-04,662172.69,958764,2019-10,958764,0.014619,466503322504,86.546456,Bottom 50%
2831,4188,78753975,147,2014-01,2026-04,535741.33,641994,2024-05,641994,0.014611,466582076479,86.561067,Bottom 50%
2832,4600,78684761,147,2014-01,2026-04,535270.48,792194,2024-10,792194,0.014598,466660761240,86.575664,Bottom 50%
2833,3656,78679656,147,2014-01,2026-04,535235.76,626826,2014-01,626826,0.014597,466739440896,86.590261,Bottom 50%
2834,1139,78604960,147,2014-01,2026-04,534727.62,1458483,2014-12,1458483,0.014583,466818045856,86.604844,Bottom 50%
2835,966,78603520,147,2014-01,2026-04,534717.82,633127,2025-10,633127,0.014583,466896649376,86.619427,Bottom 50%
2836,3320,78558998,125,2015-11,2026-04,628471.98,961658,2026-03,961658,0.014574,466975208374,86.634001,Bottom 50%
2837,3840,78355971,147,2014-01,2026-04,533033.82,627659,2019-10,627659,0.014537,467053564345,86.648538,Bottom 50%
2838,3166,78338283,88,2018-09,2026-04,890207.76,1160254,2019-08,1160254,0.014533,467131902628,86.663071,Bottom 50%
2839,228,78283261,147,2014-01,2026-04,532539.19,766407,2018-09,766407,0.014523,467210185889,86.677595,Bottom 50%
2840,5189,78280323,147,2014-01,2026-04,532519.2,707849,2014-12,707849,0.014523,467288466212,86.692117,Bottom 50%
2841,3935,78231974,147,2014-01,2026-04,532190.3,678066,2015-08,678066,0.014514,467366698186,86.706631,Bottom 50%
2842,2750,78191186,147,2014-01,2026-04,531912.83,638035,2016-10,638035,0.014506,467444889372,86.721137,Bottom 50%
2843,1879,78173423,80,2019-09,2026-04,977167.79,1162400,2024-10,1162400,0.014503,467523062795,86.73564,Bottom 50%
2844,2775,78167396,147,2014-01,2026-04,531750.99,949057,2019-08,949057,0.014502,467601230191,86.750142,Bottom 50%
2845,2786,78150639,147,2014-01,2026-04,531637.0,611955,2022-10,611955,0.014499,467679380830,86.76464,Bottom 50%
2846,4186,78110413,147,2014-01,2026-04,531363.35,806962,2016-05,806962,0.014491,467757491243,86.779132,Bottom 50%
2847,6452,78040047,147,2014-01,2026-04,530884.67,658928,2020-12,658928,0.014478,467835531290,86.79361,Bottom 50%
2848,2193,77960342,147,2014-01,2026-04,530342.46,1250645,2022-03,1250645,0.014463,467913491632,86.808073,Bottom 50%
2849,2625,77880498,147,2014-01,2026-04,529799.31,777307,2023-10,777307,0.014449,467991372130,86.822522,Bottom 50%
2850,2893,77879186,147,2014-01,2026-04,529790.38,600259,2016-12,600259,0.014448,468069251316,86.83697,Bottom 50%
2851,1535,77852068,140,2014-08,2026-04,556086.2,688003,2015-07,688003,0.014443,468147103384,86.851413,Bottom 50%
2852,5915,77808215,147,2014-01,2026-04,529307.59,3143893,2020-12,3143893,0.014435,468224911599,86.865848,Bottom 50%
2853,285,77763679,134,2015-02,2026-04,580325.96,692530,2025-10,692530,0.014427,468302675278,86.880275,Bottom 50%
2854,6822,77741590,147,2014-01,2026-04,528854.35,679118,2026-01,679118,0.014423,468380416868,86.894698,Bottom 50%
2855,5881,77692973,145,2014-01,2026-04,535813.61,732910,2023-06,732910,0.014414,468458109841,86.909111,Bottom 50%
2856,3923,77658937,147,2014-01,2026-04,528292.09,673508,2018-05,673508,0.014407,468535768778,86.923519,Bottom 50%
2857,2836,77599452,58,2020-11,2026-04,1337921.59,1743824,2025-10,1743824,0.014396,468613368230,86.937915,Bottom 50%
2858,2886,77562848,147,2014-01,2026-04,527638.42,833158,2017-03,833158,0.01439,468690931078,86.952305,Bottom 50%
2859,866,77553373,147,2014-01,2026-04,527573.97,652746,2015-10,652746,0.014388,468768484451,86.966693,Bottom 50%
2860,1320,77499651,147,2014-01,2026-04,527208.51,756067,2026-03,756067,0.014378,468845984102,86.981071,Bottom 50%
2861,5098,77418782,147,2014-01,2026-04,526658.38,1244417,2022-01,1244417,0.014363,468923402884,86.995433,Bottom 50%
2862,1442,77348911,86,2019-03,2026-04,899405.94,1303429,2021-01,1303429,0.01435,469000751795,87.009783,Bottom 50%
2863,1003,77343786,147,2014-01,2026-04,526148.2,800507,2019-10,800507,0.014349,469078095581,87.024132,Bottom 50%
2864,2228,77226449,71,2020-06,2026-04,1087696.46,1432295,2024-05,1432295,0.014327,469155322030,87.038459,Bottom 50%
2865,6321,77222299,139,2014-09,2026-04,555556.11,718076,2019-10,718076,0.014326,469232544329,87.052786,Bottom 50%
2866,4892,77210032,147,2014-01,2026-04,525238.31,757291,2018-03,757291,0.014324,469309754361,87.06711,Bottom 50%
2867,2936,77198482,147,2014-01,2026-04,525159.74,729235,2014-10,729235,0.014322,469386952843,87.081432,Bottom 50%
2868,5214,77195685,147,2014-01,2026-04,525140.71,698780,2019-08,698780,0.014321,469464148528,87.095753,Bottom 50%
2869,3999,77195430,147,2014-01,2026-04,525138.98,676593,2018-03,676593,0.014321,469541343958,87.110075,Bottom 50%
2870,6233,77122913,147,2014-01,2026-04,524645.67,585132,2025-05,585132,0.014308,469618466871,87.124383,Bottom 50%
2871,6230,76939035,147,2014-01,2026-04,523394.8,616475,2024-11,616475,0.014274,469695405906,87.138657,Bottom 50%
2872,446,76784317,147,2014-01,2026-04,522342.29,1284257,2016-07,1284257,0.014245,469772190223,87.152902,Bottom 50%
2873,4398,76642721,147,2014-01,2026-04,521379.05,876223,2018-10,876223,0.014219,469848832944,87.167121,Bottom 50%
2874,4616,76628631,144,2014-03,2026-04,532143.27,726765,2020-02,726765,0.014216,469925461575,87.181337,Bottom 50%
2875,4868,76458296,147,2014-01,2026-04,520124.46,907459,2018-10,907459,0.014185,470001919871,87.195522,Bottom 50%
2876,5162,76458109,129,2014-06,2026-04,592698.52,746163,2021-11,746163,0.014185,470078377980,87.209706,Bottom 50%
2877,3574,76428928,124,2015-12,2026-04,616362.32,1116317,2024-10,1116317,0.014179,470154806908,87.223885,Bottom 50%
2878,5163,76405759,139,2014-01,2026-04,549681.72,746577,2014-12,746577,0.014175,470231212667,87.23806,Bottom 50%
2879,596,76361929,147,2014-01,2026-04,519468.9,647551,2017-05,647551,0.014167,470307574596,87.252227,Bottom 50%
2880,918,76303284,147,2014-01,2026-04,519069.96,701617,2016-08,701617,0.014156,470383877880,87.266383,Bottom 50%
2881,5135,76251508,147,2014-01,2026-04,518717.74,642155,2024-06,642155,0.014146,470460129388,87.280529,Bottom 50%
2882,3788,76248327,147,2014-01,2026-04,518696.1,601939,2025-10,601939,0.014146,470536377715,87.294675,Bottom 50%
2883,3073,76206945,147,2014-01,2026-04,518414.59,639219,2025-10,639219,0.014138,470612584660,87.308813,Bottom 50%
2884,967,76182768,147,2014-01,2026-04,518250.12,773504,2021-11,773504,0.014134,470688767428,87.322947,Bottom 50%
2885,4737,76176506,147,2014-01,2026-04,518207.52,2145087,2015-05,2145087,0.014132,470764943934,87.337079,Bottom 50%
2886,4624,76134753,147,2014-01,2026-04,517923.49,619078,2015-12,619078,0.014125,470841078687,87.351204,Bottom 50%
2887,3078,76107012,147,2014-01,2026-04,517734.78,673137,2023-01,673137,0.014119,470917185699,87.365323,Bottom 50%
2888,5059,76064528,119,2016-05,2026-04,639197.71,812936,2022-10,812936,0.014112,470993250227,87.379435,Bottom 50%
2889,3807,76047653,147,2014-01,2026-04,517330.97,626176,2014-10,626176,0.014108,471069297880,87.393543,Bottom 50%
2890,4219,76042264,147,2014-01,2026-04,517294.31,588022,2015-05,588022,0.014107,471145340144,87.407651,Bottom 50%
2891,6272,76021805,147,2014-01,2026-04,517155.14,639906,2025-05,639906,0.014104,471221361949,87.421754,Bottom 50%
2892,6025,76007193,147,2014-01,2026-04,517055.73,586297,2019-03,586297,0.014101,471297369142,87.435855,Bottom 50%
2893,5242,75967911,146,2014-01,2026-04,520328.16,647252,2022-03,647252,0.014094,471373337053,87.449949,Bottom 50%
2894,2289,75920244,46,2022-07,2026-04,1650440.09,1880600,2025-10,1880600,0.014085,471449257297,87.464034,Bottom 50%
2895,5228,75912892,147,2014-01,2026-04,516414.23,795517,2022-07,795517,0.014083,471525170189,87.478117,Bottom 50%
2896,3587,75896836,118,2015-02,2026-04,643193.53,847848,2022-08,847848,0.014081,471601067025,87.492198,Bottom 50%
2897,4938,75863084,147,2014-01,2026-04,516075.4,600496,2017-10,600496,0.014074,471676930109,87.506272,Bottom 50%
2898,5911,75830258,147,2014-01,2026-04,515852.1,648591,2025-10,648591,0.014068,471752760367,87.52034,Bottom 50%
2899,4324,75758801,147,2014-01,2026-04,515365.99,636701,2018-08,636701,0.014055,471828519168,87.534395,Bottom 50%
2900,6154,75736107,82,2019-07,2026-04,923611.06,1134515,2024-12,1134515,0.014051,471904255275,87.548446,Bottom 50%
2901,3417,75697991,147,2014-01,2026-04,514952.32,660401,2014-05,660401,0.014044,471979953266,87.56249,Bottom 50%
2902,742,75648728,147,2014-01,2026-04,514617.2,593981,2026-03,593981,0.014034,472055601994,87.576524,Bottom 50%
2903,3209,75615433,147,2014-01,2026-04,514390.7,663067,2025-10,663067,0.014028,472131217427,87.590552,Bottom 50%
2904,4103,75586471,122,2016-02,2026-04,619561.24,750572,2018-05,750572,0.014023,472206803898,87.604575,Bottom 50%
2905,6269,75580013,147,2014-01,2026-04,514149.75,615957,2025-10,615957,0.014022,472282383911,87.618597,Bottom 50%
2906,6307,75569011,133,2015-03,2026-04,568188.05,705184,2026-03,705184,0.01402,472357952922,87.632617,Bottom 50%
2907,3641,75563037,147,2014-01,2026-04,514034.27,606558,2022-08,606558,0.014019,472433515959,87.646635,Bottom 50%
2908,5807,75553171,145,2014-01,2026-04,521056.35,635817,2024-10,635817,0.014017,472509069130,87.660652,Bottom 50%
2909,1532,75516905,144,2014-03,2026-04,524422.95,797075,2026-03,797075,0.01401,472584586035,87.674662,Bottom 50%
2910,5134,75428922,147,2014-01,2026-04,513121.92,680161,2014-03,680161,0.013994,472660014957,87.688656,Bottom 50%
2911,4149,75359614,147,2014-01,2026-04,512650.44,645966,2014-03,645966,0.013981,472735374571,87.702637,Bottom 50%
2912,2570,75283080,147,2014-01,2026-04,512129.8,667514,2025-03,667514,0.013967,472810657651,87.716603,Bottom 50%
2913,4278,75197671,147,2014-01,2026-04,511548.78,615609,2014-05,615609,0.013951,472885855322,87.730554,Bottom 50%
2914,1014,75168539,147,2014-01,2026-04,511350.61,618583,2014-10,618583,0.013945,472961023861,87.744499,Bottom 50%
2915,3782,75132676,147,2014-01,2026-04,511106.64,602416,2017-03,602416,0.013939,473036156537,87.758438,Bottom 50%
2916,3449,75072344,147,2014-01,2026-04,510696.22,646718,2014-10,646718,0.013928,473111228881,87.772366,Bottom 50%
2917,466,75001001,147,2014-01,2026-04,510210.89,626430,2019-05,626430,0.013914,473186229882,87.78628,Bottom 50%
2918,3845,74991651,147,2014-01,2026-04,510147.29,599645,2019-03,599645,0.013913,473261221533,87.800193,Bottom 50%
2919,1212,74986682,147,2014-01,2026-04,510113.48,803061,2024-02,803061,0.013912,473336208215,87.814104,Bottom 50%
2920,4925,74985254,147,2014-01,2026-04,510103.77,669648,2019-08,669648,0.013911,473411193469,87.828016,Bottom 50%
2921,3661,74926986,147,2014-01,2026-04,509707.39,661006,2017-03,661006,0.013901,473486120455,87.841916,Bottom 50%
2922,6122,74841065,143,2014-05,2026-04,523364.09,609730,2024-10,609730,0.013885,473560961520,87.855801,Bottom 50%
2923,655,74835543,147,2014-01,2026-04,509085.33,674414,2019-05,674414,0.013884,473635797063,87.869684,Bottom 50%
2924,3829,74706473,147,2014-01,2026-04,508207.3,602880,2018-05,602880,0.01386,473710503536,87.883544,Bottom 50%
2925,552,74686379,147,2014-01,2026-04,508070.61,593159,2018-09,593159,0.013856,473785189915,87.8974,Bottom 50%
2926,1551,74629910,103,2017-04,2026-04,724562.23,1170189,2026-03,1170189,0.013845,473859819825,87.911245,Bottom 50%
2927,692,74618439,147,2014-01,2026-04,507608.43,824976,2021-05,824976,0.013843,473934438264,87.925089,Bottom 50%
2928,4528,74597197,147,2014-01,2026-04,507463.93,651021,2019-03,651021,0.013839,474009035461,87.938928,Bottom 50%
2929,2965,74573714,87,2019-02,2026-04,857169.13,1062895,2025-10,1062895,0.013835,474083609175,87.952763,Bottom 50%
2930,1358,74573208,138,2014-10,2026-04,540385.57,633561,2019-10,633561,0.013835,474158182383,87.966598,Bottom 50%
2931,5808,74518964,147,2014-01,2026-04,506931.73,597702,2025-10,597702,0.013825,474232701347,87.980423,Bottom 50%
2932,2112,74516079,147,2014-01,2026-04,506912.1,613850,2023-03,613850,0.013824,474307217426,87.994247,Bottom 50%
2933,3327,74449288,81,2019-08,2026-04,919127.01,1820154,2021-03,1820154,0.013812,474381666714,88.008059,Bottom 50%
2934,5073,74447715,147,2014-01,2026-04,506447.04,605137,2025-10,605137,0.013812,474456114429,88.021871,Bottom 50%
2935,983,74355423,147,2014-01,2026-04,505819.2,748856,2025-10,748856,0.013795,474530469852,88.035666,Bottom 50%
2936,4865,74339122,120,2016-03,2026-04,619492.68,721006,2017-03,721006,0.013792,474604808974,88.049457,Bottom 50%
2937,4354,74323149,147,2014-01,2026-04,505599.65,719822,2021-03,719822,0.013789,474679132123,88.063246,Bottom 50%
2938,3281,74258126,147,2014-01,2026-04,505157.32,727543,2019-07,727543,0.013776,474753390249,88.077022,Bottom 50%
2939,5075,74255315,146,2014-01,2026-04,508598.05,807382,2014-01,807382,0.013776,474827645564,88.090798,Bottom 50%
2940,2993,74253309,132,2015-02,2026-04,562525.07,941389,2025-05,941389,0.013776,474901898873,88.104574,Bottom 50%
2941,3368,74213093,75,2020-02,2026-04,989507.91,1268465,2024-10,1268465,0.013768,474976111966,88.118342,Bottom 50%
2942,2046,74174543,118,2015-09,2026-04,628597.82,865527,2017-08,865527,0.013761,475050286509,88.132103,Bottom 50%
2943,2978,74156841,133,2014-03,2026-04,557570.23,720628,2019-10,720628,0.013758,475124443350,88.145861,Bottom 50%
2944,3106,74156182,147,2014-01,2026-04,504463.82,583529,2017-03,583529,0.013758,475198599532,88.159618,Bottom 50%
2945,4055,74134567,147,2014-01,2026-04,504316.78,616546,2014-05,616546,0.013754,475272734099,88.173372,Bottom 50%
2946,3533,74127752,128,2015-08,2026-04,579123.06,794317,2024-10,794317,0.013752,475346861851,88.187124,Bottom 50%
2947,3963,74052563,147,2014-01,2026-04,503758.93,652369,2018-08,652369,0.013738,475420914414,88.200862,Bottom 50%
2948,1109,73999308,147,2014-01,2026-04,503396.65,623815,2017-10,623815,0.013728,475494913722,88.214591,Bottom 50%
2949,5186,73983080,147,2014-01,2026-04,503286.26,662889,2019-01,662889,0.013725,475568896802,88.228316,Bottom 50%
2950,4510,73907253,147,2014-01,2026-04,502770.43,2110888,2025-01,2110888,0.013711,475642804055,88.242028,Bottom 50%
2951,4102,73902860,143,2014-01,2026-04,516803.22,924242,2018-06,924242,0.013711,475716706915,88.255738,Bottom 50%
2952,1937,73823517,71,2020-06,2026-04,1039767.85,1221252,2021-03,1221252,0.013696,475790530432,88.269434,Bottom 50%
2953,3605,73752887,147,2014-01,2026-04,501720.32,594141,2017-10,594141,0.013683,475864283319,88.283117,Bottom 50%
2954,1152,73745840,147,2014-01,2026-04,501672.38,591369,2019-10,591369,0.013681,475938029159,88.296798,Bottom 50%
2955,3887,73683495,147,2014-01,2026-04,501248.27,605474,2019-03,605474,0.01367,476011712654,88.310468,Bottom 50%
2956,2023,73652043,147,2014-01,2026-04,501034.31,628283,2026-01,628283,0.013664,476085364697,88.324132,Bottom 50%
2957,4254,73554829,147,2014-01,2026-04,500372.99,2763087,2025-07,2763087,0.013646,476158919526,88.337778,Bottom 50%
2958,582,73540411,147,2014-01,2026-04,500274.9,587743,2019-05,587743,0.013643,476232459937,88.351422,Bottom 50%
2959,3933,73501405,147,2014-01,2026-04,500009.56,639261,2018-05,639261,0.013636,476305961342,88.365058,Bottom 50%
2960,891,73491586,147,2014-01,2026-04,499942.76,1172706,2022-05,1172706,0.013634,476379452928,88.378692,Bottom 50%
2961,5086,73464893,82,2019-07,2026-04,895913.33,1122564,2022-05,1122564,0.013629,476452917821,88.392321,Bottom 50%
2962,2186,73458122,147,2014-01,2026-04,499715.12,789769,2023-09,789769,0.013628,476526375943,88.405949,Bottom 50%
2963,572,73424378,147,2014-01,2026-04,499485.56,585740,2021-03,585740,0.013622,476599800321,88.419571,Bottom 50%
2964,3914,73403806,147,2014-01,2026-04,499345.62,608340,2014-05,608340,0.013618,476673204127,88.433189,Bottom 50%
2965,3219,73354595,147,2014-01,2026-04,499010.85,600030,2025-10,600030,0.013609,476746558722,88.446798,Bottom 50%
2966,2906,73349397,147,2014-01,2026-04,498975.49,665732,2025-10,665732,0.013608,476819908119,88.460406,Bottom 50%
2967,4639,73344752,147,2014-01,2026-04,498943.89,572447,2014-05,572447,0.013607,476893252871,88.474013,Bottom 50%
2968,2749,73267960,147,2014-01,2026-04,498421.5,682959,2018-03,682959,0.013593,476966520831,88.487606,Bottom 50%
2969,2949,73258362,147,2014-01,2026-04,498356.2,601397,2018-03,601397,0.013591,477039779193,88.501197,Bottom 50%
2970,2835,73239893,147,2014-01,2026-04,498230.56,805897,2015-10,805897,0.013588,477113019086,88.514784,Bottom 50%
2971,5043,73227112,147,2014-01,2026-04,498143.62,635551,2021-12,635551,0.013585,477186246198,88.52837,Bottom 50%
2972,5371,73205953,73,2020-04,2026-04,1002821.27,1225007,2021-12,1225007,0.013581,477259452151,88.541951,Bottom 50%
2973,1524,73165130,82,2019-07,2026-04,892257.68,1108842,2023-10,1108842,0.013574,477332617281,88.555525,Bottom 50%
2974,4329,73156902,147,2014-01,2026-04,497666.0,651304,2017-03,651304,0.013572,477405774183,88.569097,Bottom 50%
2975,3435,73145706,147,2014-01,2026-04,497589.84,655515,2017-10,655515,0.01357,477478919889,88.582667,Bottom 50%
2976,1810,73120852,82,2019-07,2026-04,891717.71,1098405,2021-03,1098405,0.013565,477552040741,88.596232,Bottom 50%
2977,226,73114936,147,2014-01,2026-04,497380.52,655863,2018-10,655863,0.013564,477625155677,88.609797,Bottom 50%
2978,4265,73068178,147,2014-01,2026-04,497062.44,659296,2014-10,659296,0.013556,477698223855,88.623352,Bottom 50%
2979,4211,73058803,147,2014-01,2026-04,496998.66,616165,2014-12,616165,0.013554,477771282658,88.636906,Bottom 50%
2980,3945,73055453,147,2014-01,2026-04,496975.87,1732325,2025-10,1732325,0.013553,477844338111,88.65046,Bottom 50%
2981,4841,72981942,147,2014-01,2026-04,496475.8,664290,2025-03,664290,0.01354,477917320053,88.664,Bottom 50%
2982,6224,72932143,92,2018-08,2026-04,792740.68,967586,2025-10,967586,0.01353,477990252196,88.67753,Bottom 50%
2983,750,72897064,147,2014-01,2026-04,495898.39,578734,2026-03,578734,0.013524,478063149260,88.691054,Bottom 50%
2984,6284,72877098,147,2014-01,2026-04,495762.57,571814,2014-05,571814,0.01352,478136026358,88.704574,Bottom 50%
2985,4858,72854563,147,2014-01,2026-04,495609.27,975501,2026-01,975501,0.013516,478208880921,88.71809,Bottom 50%
2986,1297,72849328,147,2014-01,2026-04,495573.66,619682,2018-03,619682,0.013515,478281730249,88.731606,Bottom 50%
2987,3071,72842794,147,2014-01,2026-04,495529.21,586721,2014-05,586721,0.013514,478354573043,88.745119,Bottom 50%
2988,4414,72833183,147,2014-01,2026-04,495463.83,626391,2014-03,626391,0.013512,478427406226,88.758632,Bottom 50%
2989,3568,72815044,147,2014-01,2026-04,495340.44,574510,2017-03,574510,0.013509,478500221270,88.77214,Bottom 50%
2990,4051,72677231,147,2014-01,2026-04,494402.93,728170,2015-01,728170,0.013483,478572898501,88.785624,Bottom 50%
2991,4358,72634979,147,2014-01,2026-04,494115.5,660009,2016-05,660009,0.013475,478645533480,88.799099,Bottom 50%
2992,2495,72624588,83,2019-06,2026-04,874995.04,1091119,2024-10,1091119,0.013473,478718158068,88.812572,Bottom 50%
2993,1544,72612219,122,2014-08,2026-04,595182.12,752270,2018-08,752270,0.013471,478790770287,88.826043,Bottom 50%
2994,1238,72581699,147,2014-01,2026-04,493753.05,624972,2021-05,624972,0.013465,478863351986,88.839509,Bottom 50%
2995,4505,72577784,147,2014-01,2026-04,493726.42,585116,2019-10,585116,0.013465,478935929770,88.852974,Bottom 50%
2996,721,72550182,147,2014-01,2026-04,493538.65,870801,2015-05,870801,0.01346,479008479952,88.866433,Bottom 50%
2997,5039,72490643,147,2014-01,2026-04,493133.63,664125,2014-12,664125,0.013449,479080970595,88.879882,Bottom 50%
2998,1460,72476042,79,2018-07,2026-04,917418.25,1189963,2025-10,1189963,0.013446,479153446637,88.893328,Bottom 50%
2999,5151,72426891,147,2014-01,2026-04,492699.94,584952,2021-03,584952,0.013437,479225873528,88.906765,Bottom 50%
3000,3499,72423910,147,2014-01,2026-04,492679.66,726409,2025-03,726409,0.013436,479298297438,88.920201,Bottom 50%
3001,669,72383446,147,2014-01,2026-04,492404.39,878107,2015-07,878107,0.013429,479370680884,88.933629,Bottom 50%
3002,2991,72377891,117,2016-07,2026-04,618614.45,746886,2019-10,746886,0.013428,479443058775,88.947057,Bottom 50%
3003,3456,72372280,147,2014-01,2026-04,492328.44,669653,2018-05,669653,0.013427,479515431055,88.960484,Bottom 50%
3004,5275,72299240,143,2014-01,2026-04,505589.09,855468,2020-12,855468,0.013413,479587730295,88.973897,Bottom 50%
3005,2571,72296595,147,2014-01,2026-04,491813.57,594779,2018-10,594779,0.013413,479660026890,88.987309,Bottom 50%
3006,6204,72275102,147,2014-01,2026-04,491667.36,580905,2018-10,580905,0.013409,479732301992,89.000718,Bottom 50%
3007,3442,72198967,147,2014-01,2026-04,491149.44,705288,2025-10,705288,0.013394,479804500959,89.014112,Bottom 50%
3008,3210,72161976,144,2014-04,2026-04,501124.83,693701,2022-02,693701,0.013388,479876662935,89.0275,Bottom 50%
3009,4148,72057340,147,2014-01,2026-04,490185.99,755899,2019-11,755899,0.013368,479948720275,89.040868,Bottom 50%
3010,3892,72031625,147,2014-01,2026-04,490011.05,592243,2017-03,592243,0.013363,480020751900,89.054232,Bottom 50%
3011,5655,71966142,127,2015-09,2026-04,566662.54,660467,2021-12,660467,0.013351,480092718042,89.067583,Bottom 50%
3012,5161,71960128,147,2014-01,2026-04,489524.68,640346,2025-10,640346,0.01335,480164678170,89.080933,Bottom 50%
3013,3763,71925791,147,2014-01,2026-04,489291.1,711157,2023-03,711157,0.013344,480236603961,89.094277,Bottom 50%
3014,5356,71886280,83,2016-07,2026-04,866099.76,1120412,2021-11,1120412,0.013336,480308490241,89.107613,Bottom 50%
3015,4107,71882059,145,2014-03,2026-04,495738.34,861904,2021-03,861904,0.013336,480380372300,89.120949,Bottom 50%
3016,4998,71881571,147,2014-01,2026-04,488990.28,591123,2025-10,591123,0.013336,480452253871,89.134285,Bottom 50%
3017,1048,71766407,147,2014-01,2026-04,488206.85,647139,2025-08,647139,0.013314,480524020278,89.147599,Bottom 50%
3018,555,71757366,147,2014-01,2026-04,488145.35,744794,2026-01,744794,0.013313,480595777644,89.160911,Bottom 50%
3019,3117,71744485,147,2014-01,2026-04,488057.72,615184,2019-11,615184,0.01331,480667522129,89.174222,Bottom 50%
3020,4557,71693778,147,2014-01,2026-04,487712.78,631533,2019-03,631533,0.013301,480739215907,89.187522,Bottom 50%
3021,1313,71626172,138,2014-01,2026-04,519030.23,689056,2026-03,689056,0.013288,480810842079,89.20081,Bottom 50%
3022,225,71602555,147,2014-01,2026-04,487092.21,669693,2018-05,669693,0.013284,480882444634,89.214094,Bottom 50%
3023,4910,71575315,147,2014-01,2026-04,486906.9,686966,2025-03,686966,0.013279,480954019949,89.227373,Bottom 50%
3024,5200,71562883,147,2014-01,2026-04,486822.33,657970,2014-11,657970,0.013276,481025582832,89.24065,Bottom 50%
3025,565,71561011,147,2014-01,2026-04,486809.6,633762,2025-10,633762,0.013276,481097143843,89.253926,Bottom 50%
3026,5072,71510448,143,2014-05,2026-04,500073.06,749441,2026-03,749441,0.013267,481168654291,89.267192,Bottom 50%
3027,1298,71508996,147,2014-01,2026-04,486455.76,561503,2024-10,561503,0.013266,481240163287,89.280459,Bottom 50%
3028,1419,71398052,94,2018-06,2026-04,759553.74,945848,2025-10,945848,0.013246,481311561339,89.293705,Bottom 50%
3029,4556,71393900,147,2014-01,2026-04,485672.79,758835,2024-10,758835,0.013245,481382955239,89.30695,Bottom 50%
3030,3928,71388352,147,2014-01,2026-04,485635.05,573452,2025-10,573452,0.013244,481454343591,89.320194,Bottom 50%
3031,3873,71369709,147,2014-01,2026-04,485508.22,654716,2019-10,654716,0.013241,481525713300,89.333435,Bottom 50%
3032,2070,71353281,77,2019-12,2026-04,926665.99,1109448,2025-03,1109448,0.013238,481597066581,89.346672,Bottom 50%
3033,2778,71327490,147,2014-01,2026-04,485221.02,568469,2024-10,568469,0.013233,481668394071,89.359905,Bottom 50%
3034,2176,71212199,147,2014-01,2026-04,484436.73,574002,2025-03,574002,0.013211,481739606270,89.373116,Bottom 50%
3035,697,71132305,147,2014-01,2026-04,483893.23,681164,2025-10,681164,0.013197,481810738575,89.386313,Bottom 50%
3036,3070,71129784,147,2014-01,2026-04,483876.08,589125,2017-12,589125,0.013196,481881868359,89.399509,Bottom 50%
3037,3432,71105038,147,2014-01,2026-04,483707.74,679385,2018-03,679385,0.013192,481952973397,89.412701,Bottom 50%
3038,2900,71088030,147,2014-01,2026-04,483592.04,827098,2015-07,827098,0.013188,482024061427,89.425889,Bottom 50%
3039,2125,71040567,55,2021-10,2026-04,1291646.67,1652332,2024-11,1652332,0.01318,482095101994,89.439068,Bottom 50%
3040,3037,70948924,147,2014-01,2026-04,482645.74,620071,2024-10,620071,0.013163,482166050918,89.452231,Bottom 50%
3041,6236,70856863,147,2014-01,2026-04,482019.48,606938,2019-03,606938,0.013145,482236907781,89.465376,Bottom 50%
3042,6273,70852257,147,2014-01,2026-04,481988.14,567047,2017-12,567047,0.013145,482307760038,89.478521,Bottom 50%
3043,32036,70826862,39,2023-02,2026-04,1816073.38,2619612,2026-03,2619612,0.01314,482378586900,89.491661,Bottom 50%
3044,3880,70794043,147,2014-01,2026-04,481592.13,577603,2020-03,577603,0.013134,482449380943,89.504795,Bottom 50%
3045,4554,70743459,91,2014-01,2026-04,777400.65,1115677,2014-03,1115677,0.013124,482520124402,89.517919,Bottom 50%
3046,6074,70717945,143,2014-05,2026-04,494531.08,616143,2025-10,616143,0.01312,482590842347,89.531039,Bottom 50%
3047,4788,70700268,147,2014-01,2026-04,480954.2,586570,2019-05,586570,0.013116,482661542615,89.544155,Bottom 50%
3048,3916,70614759,147,2014-01,2026-04,480372.51,647705,2017-03,647705,0.013101,482732157374,89.557256,Bottom 50%
3049,284,70608003,147,2014-01,2026-04,480326.55,589119,2025-03,589119,0.013099,482802765377,89.570355,Bottom 50%
3050,4281,70598718,147,2014-01,2026-04,480263.39,578489,2014-05,578489,0.013098,482873364095,89.583453,Bottom 50%
3051,2727,70597389,147,2014-01,2026-04,480254.35,630288,2017-10,630288,0.013097,482943961484,89.59655,Bottom 50%
3052,5799,70575213,118,2014-01,2026-04,598095.03,741553,2017-05,741553,0.013093,483014536697,89.609643,Bottom 50%
3053,5131,70565711,147,2014-01,2026-04,480038.85,686047,2025-10,686047,0.013091,483085102408,89.622735,Bottom 50%
3054,4469,70537198,147,2014-01,2026-04,479844.88,2543780,2024-11,2543780,0.013086,483155639606,89.635821,Bottom 50%
3055,5306,70465962,147,2014-01,2026-04,479360.29,763708,2016-10,763708,0.013073,483226105568,89.648894,Bottom 50%
3056,1059,70438500,147,2014-01,2026-04,479173.47,715396,2024-08,715396,0.013068,483296544068,89.661962,Bottom 50%
3057,6325,70402425,64,2020-11,2026-04,1100037.89,1483200,2021-03,1483200,0.013061,483366946493,89.675023,Bottom 50%
3058,1808,70362739,57,2021-08,2026-04,1234434.02,1715187,2025-10,1715187,0.013054,483437309232,89.688077,Bottom 50%
3059,3813,70328467,147,2014-01,2026-04,478424.95,573490,2018-05,573490,0.013047,483507637699,89.701124,Bottom 50%
3060,1215,70298662,147,2014-01,2026-04,478222.19,806158,2022-03,806158,0.013042,483577936361,89.714166,Bottom 50%
3061,4002,70196900,147,2014-01,2026-04,477529.93,581312,2019-03,581312,0.013023,483648133261,89.727189,Bottom 50%
3062,4594,70112782,147,2014-01,2026-04,476957.7,661607,2014-05,661607,0.013007,483718246043,89.740197,Bottom 50%
3063,986,70051359,147,2014-01,2026-04,476539.86,700893,2023-11,700893,0.012996,483788297402,89.753193,Bottom 50%
3064,707,70043480,147,2014-01,2026-04,476486.26,651612,2025-10,651612,0.012995,483858340882,89.766187,Bottom 50%
3065,3657,69998418,147,2014-01,2026-04,476179.71,590013,2014-01,590013,0.012986,483928339300,89.779174,Bottom 50%
3066,4728,69939546,147,2014-01,2026-04,475779.22,617447,2025-10,617447,0.012975,483998278846,89.792149,Bottom 50%
3067,510,69839204,140,2014-01,2026-04,498851.46,1147302,2025-12,1147302,0.012957,484068118050,89.805106,Bottom 50%
3068,1183,69835850,147,2014-01,2026-04,475073.81,594569,2015-08,594569,0.012956,484137953900,89.818062,Bottom 50%
3069,3925,69799622,147,2014-01,2026-04,474827.36,994480,2025-08,994480,0.012949,484207753522,89.831011,Bottom 50%
3070,3772,69767611,53,2021-12,2026-04,1316370.02,1585760,2025-10,1585760,0.012943,484277521133,89.843954,Bottom 50%
3071,4500,69746243,147,2014-01,2026-04,474464.24,872233,2017-05,872233,0.012939,484347267376,89.856894,Bottom 50%
3072,917,69737405,147,2014-01,2026-04,474404.12,569175,2019-05,569175,0.012938,484417004781,89.869832,Bottom 50%
3073,3471,69714812,92,2018-08,2026-04,757769.7,1230784,2019-03,1230784,0.012934,484486719593,89.882765,Bottom 50%
3074,5085,69670378,147,2014-01,2026-04,473948.15,531888,2018-05,531888,0.012925,484556389971,89.895691,Bottom 50%
3075,2633,69652334,103,2014-01,2022-10,676236.25,814222,2017-03,814222,0.012922,484626042305,89.908613,Bottom 50%
3076,3005,69553703,147,2014-01,2026-04,473154.44,576703,2019-05,576703,0.012904,484695596008,89.921516,Bottom 50%
3077,4964,69491958,147,2014-01,2026-04,472734.41,604818,2025-10,604818,0.012892,484765087966,89.934409,Bottom 50%
3078,4054,69451493,147,2014-01,2026-04,472459.14,601988,2014-05,601988,0.012885,484834539459,89.947293,Bottom 50%
3079,5125,69417106,147,2014-01,2026-04,472225.21,1049994,2014-12,1049994,0.012878,484903956565,89.960172,Bottom 50%
3080,3851,69393683,147,2014-01,2026-04,472065.87,630466,2017-12,630466,0.012874,484973350248,89.973046,Bottom 50%
3081,213,69380988,119,2016-05,2026-04,583033.51,741233,2017-03,741233,0.012872,485042731236,89.985917,Bottom 50%
3082,6198,69084359,147,2014-01,2026-04,469961.63,597558,2024-11,597558,0.012817,485111815595,89.998734,Bottom 50%
3083,968,69077791,147,2014-01,2026-04,469916.95,658511,2019-05,658511,0.012815,485180893386,90.011549,Bottom 50%
3084,3960,69016931,147,2014-01,2026-04,469502.93,536341,2017-03,536341,0.012804,485249910317,90.024354,Bottom 50%
3085,2229,68994160,54,2021-10,2026-04,1277669.63,1482627,2025-10,1482627,0.0128,485318904477,90.037154,Bottom 50%
3086,6243,68977069,53,2021-10,2026-04,1301454.13,1434808,2024-12,1434808,0.012797,485387881546,90.04995,Bottom 50%
3087,616,68974101,147,2014-01,2026-04,469211.57,542551,2026-03,542551,0.012796,485456855647,90.062746,Bottom 50%
3088,6305,68727916,140,2014-08,2026-04,490913.69,624506,2026-03,624506,0.012751,485525583563,90.075497,Bottom 50%
3089,964,68716262,147,2014-01,2026-04,467457.56,701214,2025-10,701214,0.012748,485594299825,90.088245,Bottom 50%
3090,5199,68693866,147,2014-01,2026-04,467305.21,618121,2019-01,618121,0.012744,485662993691,90.10099,Bottom 50%
3091,1316,68648574,141,2014-07,2026-04,486869.32,733558,2019-01,733558,0.012736,485731642265,90.113725,Bottom 50%
3092,155,68642431,147,2014-01,2026-04,466955.31,575976,2026-03,575976,0.012735,485800284696,90.12646,Bottom 50%
3093,1999,68502387,58,2021-07,2026-04,1181075.64,1366323,2025-10,1366323,0.012709,485868787083,90.139169,Bottom 50%
3094,2662,68480994,147,2014-01,2026-04,465857.1,572142,2024-08,572142,0.012705,485937268077,90.151873,Bottom 50%
3095,4480,68414211,147,2014-01,2026-04,465402.8,536384,2014-10,536384,0.012692,486005682288,90.164566,Bottom 50%
3096,6673,68391476,147,2014-01,2026-04,465248.14,726668,2021-03,726668,0.012688,486074073764,90.177254,Bottom 50%
3097,926,68347649,147,2014-01,2026-04,464949.99,537454,2017-03,537454,0.01268,486142421413,90.189934,Bottom 50%
3098,1251,68289637,144,2014-01,2026-04,474233.59,674591,2018-05,674591,0.012669,486210711050,90.202603,Bottom 50%
3099,2718,68274654,147,2014-01,2026-04,464453.43,617322,2024-11,617322,0.012666,486278985704,90.215269,Bottom 50%
3100,4489,68265802,147,2014-01,2026-04,464393.21,563706,2025-10,563706,0.012665,486347251506,90.227934,Bottom 50%
3101,834,68206849,147,2014-01,2026-04,463992.17,679263,2019-01,679263,0.012654,486415458355,90.240588,Bottom 50%
3102,5119,68139134,147,2014-01,2026-04,463531.52,558686,2014-12,558686,0.012641,486483597489,90.253229,Bottom 50%
3103,4336,68109549,147,2014-01,2026-04,463330.27,575699,2014-10,575699,0.012636,486551707038,90.265865,Bottom 50%
3104,1330,68106809,129,2014-05,2026-04,527959.76,667029,2019-08,667029,0.012635,486619813847,90.2785,Bottom 50%
3105,4856,68072123,147,2014-01,2026-04,463075.67,540342,2019-10,540342,0.012629,486687885970,90.291129,Bottom 50%
3106,473,68040996,147,2014-01,2026-04,462863.92,564176,2019-05,564176,0.012623,486755926966,90.303752,Bottom 50%
3107,1833,68037261,70,2020-07,2026-04,971960.87,1157602,2024-12,1157602,0.012622,486823964227,90.316375,Bottom 50%
3108,2745,68023729,147,2014-01,2026-04,462746.46,539171,2019-05,539171,0.01262,486891987956,90.328995,Bottom 50%
3109,6216,68011431,147,2014-01,2026-04,462662.8,541647,2025-10,541647,0.012618,486959999387,90.341612,Bottom 50%
3110,3891,67983593,147,2014-01,2026-04,462473.42,544463,2025-10,544463,0.012612,487027982980,90.354225,Bottom 50%
3111,4537,67976692,147,2014-01,2026-04,462426.48,563525,2016-10,563525,0.012611,487095959672,90.366836,Bottom 50%
3112,3577,67974282,123,2016-01,2026-04,552636.44,685801,2024-10,685801,0.012611,487163933954,90.379446,Bottom 50%
3113,3434,67957508,119,2016-05,2026-04,571071.5,850480,2019-10,850480,0.012608,487231891462,90.392054,Bottom 50%
3114,5178,67883249,129,2014-06,2026-04,526226.74,691707,2025-10,691707,0.012594,487299774711,90.404648,Bottom 50%
3115,4751,67875606,147,2014-01,2026-04,461738.82,524531,2016-10,524531,0.012592,487367650317,90.41724,Bottom 50%
3116,4754,67838110,147,2014-01,2026-04,461483.74,575426,2014-05,575426,0.012585,487435488427,90.429826,Bottom 50%
3117,3907,67782124,147,2014-01,2026-04,461102.88,626007,2020-02,626007,0.012575,487503270551,90.442401,Bottom 50%
3118,5832,67727394,101,2017-11,2026-04,670568.26,814661,2019-05,814661,0.012565,487570997945,90.454966,Bottom 50%
3119,3831,67643832,147,2014-01,2026-04,460162.12,601117,2017-10,601117,0.012549,487638641777,90.467515,Bottom 50%
3120,1066,67627604,147,2014-01,2026-04,460051.73,620137,2023-10,620137,0.012546,487706269381,90.480061,Bottom 50%
3121,1765,67560817,101,2017-09,2026-04,668918.98,985744,2022-08,985744,0.012534,487773830198,90.492595,Bottom 50%
3122,5157,67412971,147,2014-01,2026-04,458591.64,691928,2020-10,691928,0.012507,487841243169,90.505102,Bottom 50%
3123,3908,67401723,147,2014-01,2026-04,458515.12,573491,2020-01,573491,0.012504,487908644892,90.517606,Bottom 50%
3124,2113,67377874,82,2019-07,2026-04,821681.39,1027388,2025-10,1027388,0.0125,487976022766,90.530106,Bottom 50%
3125,4015,67329605,147,2014-01,2026-04,458024.52,532665,2017-03,532665,0.012491,488043352371,90.542598,Bottom 50%
3126,1334,67287223,127,2014-05,2026-04,529820.65,665011,2019-08,665011,0.012483,488110639594,90.555081,Bottom 50%
3127,6087,67270903,141,2014-01,2026-04,477098.6,742013,2023-01,742013,0.01248,488177910497,90.567561,Bottom 50%
3128,4267,67269564,147,2014-01,2026-04,457616.08,549071,2014-05,549071,0.01248,488245180061,90.580041,Bottom 50%
3129,6251,67173780,147,2014-01,2026-04,456964.49,543699,2024-10,543699,0.012462,488312353841,90.592503,Bottom 50%
3130,1207,67137496,147,2014-01,2026-04,456717.66,557393,2019-05,557393,0.012455,488379491337,90.604959,Bottom 50%
3131,554,67105450,147,2014-01,2026-04,456499.66,632432,2020-01,632432,0.01245,488446596787,90.617408,Bottom 50%
3132,1793,67090850,65,2020-12,2026-04,1032166.92,1464074,2025-10,1464074,0.012447,488513687637,90.629855,Bottom 50%
3133,818,67034080,147,2014-01,2026-04,456014.15,527816,2024-10,527816,0.012436,488580721717,90.642291,Bottom 50%
3134,1568,66992469,120,2015-02,2026-04,558270.57,897558,2022-03,897558,0.012429,488647714186,90.65472,Bottom 50%
3135,6211,66936216,142,2014-05,2026-04,471381.8,548098,2023-03,548098,0.012418,488714650402,90.667138,Bottom 50%
3136,4593,66882709,147,2014-01,2026-04,454984.41,632587,2014-05,632587,0.012408,488781533111,90.679546,Bottom 50%
3137,6632,66829136,91,2018-09,2026-04,734386.11,908791,2022-11,908791,0.012398,488848362247,90.691944,Bottom 50%
3138,5223,66752394,147,2014-01,2026-04,454097.92,542676,2017-03,542676,0.012384,488915114641,90.704328,Bottom 50%
3139,2351,66637410,145,2014-03,2026-04,459568.34,620020,2019-10,620020,0.012363,488981752051,90.716691,Bottom 50%
3140,6303,66586171,146,2014-01,2026-04,456069.66,708298,2022-05,708298,0.012353,489048338222,90.729044,Bottom 50%
3141,676,66525219,147,2014-01,2026-04,452552.51,551615,2022-05,551615,0.012342,489114863441,90.741386,Bottom 50%
3142,6443,66460806,147,2014-01,2026-04,452114.33,599945,2017-05,599945,0.01233,489181324247,90.753716,Bottom 50%
3143,3092,66416283,147,2014-01,2026-04,451811.45,675903,2026-01,675903,0.012322,489247740530,90.766038,Bottom 50%
3144,3356,66411752,147,2014-01,2026-04,451780.63,507040,2017-03,507040,0.012321,489314152282,90.778358,Bottom 50%
3145,4767,66405780,147,2014-01,2026-04,451740.0,578330,2014-05,578330,0.01232,489380558062,90.790678,Bottom 50%
3146,4824,66382222,147,2014-01,2026-04,451579.74,638266,2019-05,638266,0.012315,489446940284,90.802993,Bottom 50%
3147,1993,66375089,57,2021-08,2026-04,1164475.25,1483724,2025-10,1483724,0.012314,489513315373,90.815307,Bottom 50%
3148,1051,66303487,147,2014-01,2026-04,451044.13,562751,2019-05,562751,0.012301,489579618860,90.827608,Bottom 50%
3149,1711,66298997,82,2019-07,2026-04,808524.35,1158030,2019-08,1158030,0.0123,489645917857,90.839908,Bottom 50%
3150,328,66261772,147,2014-01,2026-04,450760.35,587034,2023-08,587034,0.012293,489712179629,90.852201,Bottom 50%
3151,685,66173264,147,2014-01,2026-04,450158.26,544698,2018-03,544698,0.012277,489778352893,90.864478,Bottom 50%
3152,2295,66153946,147,2014-01,2026-04,450026.84,652624,2021-11,652624,0.012273,489844506839,90.876751,Bottom 50%
3153,5838,66145333,129,2014-08,2026-04,512754.52,620698,2019-10,620698,0.012271,489910652172,90.889022,Bottom 50%
3154,4503,66070725,147,2014-01,2026-04,449460.71,538359,2019-05,538359,0.012258,489976722897,90.90128,Bottom 50%
3155,6091,66067739,147,2014-01,2026-04,449440.4,536253,2022-12,536253,0.012257,490042790636,90.913537,Bottom 50%
3156,4323,65890844,147,2014-01,2026-04,448237.03,577944,2014-05,577944,0.012224,490108681480,90.925761,Bottom 50%
3157,103,65877396,147,2014-01,2026-04,448145.55,536709,2017-03,536709,0.012222,490174558876,90.937982,Bottom 50%
3158,953,65783211,147,2014-01,2026-04,447504.84,550171,2025-10,550171,0.012204,490240342087,90.950187,Bottom 50%
3159,4314,65762090,88,2019-01,2026-04,747296.48,875508,2021-12,875508,0.0122,490306104177,90.962387,Bottom 50%
3160,5290,65692365,147,2014-01,2026-04,446886.84,608186,2020-03,608186,0.012187,490371796542,90.974574,Bottom 50%
3161,1583,65681943,127,2015-09,2026-04,517180.65,651697,2017-11,651697,0.012185,490437478485,90.98676,Bottom 50%
3162,4190,65653149,144,2014-04,2026-04,455924.65,1008542,2017-03,1008542,0.01218,490503131634,90.99894,Bottom 50%
3163,6217,65637626,146,2014-02,2026-04,449572.78,539492,2025-10,539492,0.012177,490568769260,91.011117,Bottom 50%
3164,5070,65633088,147,2014-01,2026-04,446483.59,810792,2023-12,810792,0.012176,490634402348,91.023293,Bottom 50%
3165,1990,65589447,61,2021-04,2026-04,1075236.84,1426660,2025-10,1426660,0.012168,490699991795,91.035462,Bottom 50%
3166,2025,65563447,147,2014-01,2026-04,446009.84,590089,2024-01,590089,0.012163,490765555242,91.047625,Bottom 50%
3167,3942,65553907,147,2014-01,2026-04,445944.95,548597,2019-05,548597,0.012162,490831109149,91.059787,Bottom 50%
3168,667,65533632,147,2014-01,2026-04,445807.02,621916,2017-03,621916,0.012158,490896642781,91.071945,Bottom 50%
3169,1523,65529543,137,2014-05,2026-04,478317.83,795991,2026-03,795991,0.012157,490962172324,91.084102,Bottom 50%
3170,1749,65516323,110,2016-05,2026-04,595602.94,776293,2019-10,776293,0.012155,491027688647,91.096256,Bottom 50%
3171,2681,65492398,147,2014-01,2026-04,445526.52,894736,2023-05,894736,0.01215,491093181045,91.108407,Bottom 50%
3172,3886,65487052,147,2014-01,2026-04,445490.15,549352,2025-10,549352,0.012149,491158668097,91.120556,Bottom 50%
3173,706,65374040,147,2014-01,2026-04,444721.36,541969,2022-07,541969,0.012128,491224042137,91.132684,Bottom 50%
3174,2955,65321402,89,2018-06,2026-04,733948.34,1305546,2022-06,1305546,0.012119,491289363539,91.144803,Bottom 50%
3175,3498,65317150,147,2014-01,2026-04,444334.35,599254,2019-08,599254,0.012118,491354680689,91.156921,Bottom 50%
3176,5357,65287322,98,2018-01,2026-04,666197.16,883854,2025-01,883854,0.012112,491419968011,91.169033,Bottom 50%
3177,3633,65234731,147,2014-01,2026-04,443773.68,554032,2018-05,554032,0.012102,491485202742,91.181135,Bottom 50%
3178,4612,65203618,147,2014-01,2026-04,443562.03,507267,2018-10,507267,0.012097,491550406360,91.193232,Bottom 50%
3179,3578,65174912,119,2016-05,2026-04,547688.34,748242,2019-10,748242,0.012091,491615581272,91.205323,Bottom 50%
3180,1395,65166541,104,2017-02,2026-04,626601.36,995462,2025-10,995462,0.01209,491680747813,91.217413,Bottom 50%
3181,6413,65110260,147,2014-01,2026-04,442926.94,804363,2017-05,804363,0.012079,491745858073,91.229492,Bottom 50%
3182,812,65101370,147,2014-01,2026-04,442866.46,525981,2025-10,525981,0.012078,491810959443,91.24157,Bottom 50%
3183,4136,65013574,147,2014-01,2026-04,442269.21,527141,2026-03,527141,0.012061,491875973017,91.253632,Bottom 50%
3184,1782,64973039,89,2018-11,2026-04,730034.15,1077316,2025-10,1077316,0.012054,491940946056,91.265685,Bottom 50%
3185,1553,64898243,125,2014-08,2026-04,519185.94,998249,2025-08,998249,0.01204,492005844299,91.277726,Bottom 50%
3186,5114,64882977,119,2016-05,2026-04,545235.1,639093,2025-10,639093,0.012037,492070727276,91.289763,Bottom 50%
3187,5856,64845639,47,2021-10,2026-04,1379694.45,1632562,2025-10,1632562,0.01203,492135572915,91.301793,Bottom 50%
3188,4303,64839368,147,2014-01,2026-04,441084.14,514633,2018-05,514633,0.012029,492200412283,91.313822,Bottom 50%
3189,1350,64831694,147,2014-01,2026-04,441031.93,574884,2026-01,574884,0.012028,492265243977,91.32585,Bottom 50%
3190,3448,64779816,107,2016-10,2026-04,605418.84,805436,2019-08,805436,0.012018,492330023793,91.337868,Bottom 50%
3191,5809,64767384,147,2014-01,2026-04,440594.45,509161,2025-10,509161,0.012016,492394791177,91.349884,Bottom 50%
3192,4504,64696140,147,2014-01,2026-04,440109.8,528214,2016-05,528214,0.012003,492459487317,91.361886,Bottom 50%
3193,2887,64652667,147,2014-01,2026-04,439814.06,626824,2014-10,626824,0.011994,492524139984,91.373881,Bottom 50%
3194,4573,64642429,147,2014-01,2026-04,439744.41,650047,2014-05,650047,0.011993,492588782413,91.385873,Bottom 50%
3195,5225,64589463,117,2016-07,2026-04,552046.69,689678,2024-08,689678,0.011983,492653371876,91.397856,Bottom 50%
3196,147,64553296,147,2014-01,2026-04,439138.07,534138,2023-03,534138,0.011976,492717925172,91.409832,Bottom 50%
3197,3469,64549635,84,2018-11,2026-04,768448.04,927362,2026-03,927362,0.011975,492782474807,91.421807,Bottom 50%
3198,243,64494996,147,2014-01,2026-04,438741.47,623848,2023-01,623848,0.011965,492846969803,91.433772,Bottom 50%
3199,937,64475707,133,2015-03,2026-04,484779.75,715637,2021-11,715637,0.011962,492911445510,91.445734,Bottom 50%
3200,4191,64473389,147,2014-01,2026-04,438594.48,582901,2017-10,582901,0.011961,492975918899,91.457695,Bottom 50%
3201,4255,64433795,147,2014-01,2026-04,438325.14,547200,2017-10,547200,0.011954,493040352694,91.469649,Bottom 50%
3202,2599,64352158,54,2014-01,2018-06,1191706.63,2064318,2016-08,2064318,0.011939,493104704852,91.481588,Bottom 50%
3203,4279,64347089,147,2014-01,2026-04,437735.3,545561,2014-10,545561,0.011938,493169051941,91.493526,Bottom 50%
3204,5345,64341557,121,2016-03,2026-04,531748.4,675415,2019-08,675415,0.011937,493233393498,91.505462,Bottom 50%
3205,1490,64332232,66,2020-10,2026-04,974730.79,1115356,2025-10,1115356,0.011935,493297725730,91.517397,Bottom 50%
3206,1388,64207625,147,2014-01,2026-04,436786.56,578796,2025-06,578796,0.011912,493361933355,91.529309,Bottom 50%
3207,2114,64198400,82,2019-07,2026-04,782907.32,997828,2025-10,997828,0.01191,493426131755,91.54122,Bottom 50%
3208,6232,64053730,147,2014-01,2026-04,435739.66,490301,2019-05,490301,0.011883,493490185485,91.553103,Bottom 50%
3209,6274,64020546,147,2014-01,2026-04,435513.92,1581102,2017-04,1581102,0.011877,493554206031,91.56498,Bottom 50%
3210,2059,64016306,147,2014-01,2026-04,435485.07,612043,2016-10,612043,0.011876,493618222337,91.576857,Bottom 50%
3211,2164,63944716,87,2019-01,2026-04,734996.74,1851680,2026-03,1851680,0.011863,493682167053,91.58872,Bottom 50%
3212,4113,63823975,147,2014-01,2026-04,434176.7,568309,2014-10,568309,0.011841,493745991028,91.60056,Bottom 50%
3213,4756,63790327,147,2014-01,2026-04,433947.8,508651,2024-05,508651,0.011834,493809781355,91.612395,Bottom 50%
3214,6220,63722463,127,2015-09,2026-04,501751.68,638017,2025-10,638017,0.011822,493873503818,91.624217,Bottom 50%
3215,6324,63499340,145,2014-01,2026-04,437926.48,850890,2019-10,850890,0.011781,493937003158,91.635997,Bottom 50%
3216,3878,63493307,147,2014-01,2026-04,431927.26,808484,2017-07,808484,0.011779,494000496465,91.647777,Bottom 50%
3217,4928,63490820,141,2014-01,2026-04,450289.5,517146,2025-10,517146,0.011779,494063987285,91.659556,Bottom 50%
3218,2127,63465869,68,2020-09,2026-04,933321.6,1337765,2021-03,1337765,0.011774,494127453154,91.67133,Bottom 50%
3219,3863,63411888,147,2014-01,2026-04,431373.39,524507,2019-10,524507,0.011764,494190865042,91.683094,Bottom 50%
3220,4449,63397693,147,2014-01,2026-04,431276.82,574508,2017-05,574508,0.011762,494254262735,91.694856,Bottom 50%
3221,2014,63317186,120,2016-04,2026-04,527643.22,644220,2025-10,644220,0.011747,494317579921,91.706602,Bottom 50%
3222,4760,63313786,147,2014-01,2026-04,430706.03,522803,2014-05,522803,0.011746,494380893707,91.718349,Bottom 50%
3223,1528,63283191,137,2014-05,2026-04,461921.1,798314,2026-03,798314,0.01174,494444176898,91.730089,Bottom 50%
3224,6260,63282768,147,2014-01,2026-04,430495.02,523077,2023-03,523077,0.01174,494507459666,91.741829,Bottom 50%
3225,6670,63260508,142,2014-01,2026-04,445496.54,510330,2016-12,510330,0.011736,494570720174,91.753565,Bottom 50%
3226,1497,63246478,78,2019-07,2026-04,810852.28,1097457,2025-10,1097457,0.011734,494633966652,91.765299,Bottom 50%
3227,1167,63239888,139,2014-01,2026-04,454963.22,920022,2025-10,920022,0.011732,494697206540,91.777031,Bottom 50%
3228,5800,63237150,144,2014-01,2026-04,439146.88,657521,2026-03,657521,0.011732,494760443690,91.788763,Bottom 50%
3229,4811,63156733,147,2014-01,2026-04,429637.64,724858,2017-12,724858,0.011717,494823600423,91.80048,Bottom 50%
3230,3297,63153260,85,2019-04,2026-04,742979.53,945781,2019-05,945781,0.011716,494886753683,91.812197,Bottom 50%
3231,1870,63119627,82,2019-07,2026-04,769751.55,972497,2025-10,972497,0.01171,494949873310,91.823907,Bottom 50%
3232,5049,63044092,147,2014-01,2026-04,428871.37,857393,2025-05,857393,0.011696,495012917402,91.835603,Bottom 50%
3233,2107,63032584,147,2014-01,2026-04,428793.09,633647,2018-07,633647,0.011694,495075949986,91.847297,Bottom 50%
3234,6802,63007654,128,2015-08,2026-04,492247.3,591201,2020-01,591201,0.011689,495138957640,91.858986,Bottom 50%
3235,1548,62757498,146,2014-02,2026-04,429845.88,532990,2021-12,532990,0.011643,495201715138,91.870629,Bottom 50%
3236,3143,62739882,147,2014-01,2026-04,426801.92,558466,2015-10,558466,0.01164,495264455020,91.882268,Bottom 50%
3237,884,62695089,35,2014-01,2016-11,1791288.26,2038093,2016-07,2038093,0.011631,495327150109,91.8939,Bottom 50%
3238,3549,62674539,147,2014-01,2026-04,426357.41,537013,2019-10,537013,0.011627,495389824648,91.905527,Bottom 50%
3239,2621,62629421,147,2014-01,2026-04,426050.48,538711,2020-02,538711,0.011619,495452454069,91.917146,Bottom 50%
3240,1681,62533640,77,2019-12,2026-04,812125.19,1188520,2022-03,1188520,0.011601,495514987709,91.928748,Bottom 50%
3241,6206,62502795,147,2014-01,2026-04,425189.08,506116,2018-10,506116,0.011596,495577490504,91.940343,Bottom 50%
3242,2515,62497505,147,2014-01,2026-04,425153.1,504611,2015-10,504611,0.011595,495639988009,91.951938,Bottom 50%
3243,2897,62349806,147,2014-01,2026-04,424148.34,664701,2018-10,664701,0.011567,495702337815,91.963505,Bottom 50%
3244,1075,62318465,147,2014-01,2026-04,423935.14,576356,2018-05,576356,0.011561,495764656280,91.975066,Bottom 50%
3245,6414,62248457,99,2017-12,2026-04,628772.29,819641,2026-03,819641,0.011548,495826904737,91.986615,Bottom 50%
3246,242,62156911,144,2014-04,2026-04,431645.22,1188388,2024-05,1188388,0.011531,495889061648,91.998146,Bottom 50%
3247,3207,62125992,119,2016-05,2026-04,522067.16,642142,2025-10,642142,0.011526,495951187640,92.009672,Bottom 50%
3248,4053,62119097,147,2014-01,2026-04,422578.89,511230,2014-05,511230,0.011524,496013306737,92.021196,Bottom 50%
3249,4849,62045639,147,2014-01,2026-04,422079.18,535232,2018-05,535232,0.011511,496075352376,92.032707,Bottom 50%
3250,1230,61922137,142,2014-01,2026-04,436071.39,750645,2024-10,750645,0.011488,496137274513,92.044195,Bottom 50%
3251,4362,61917265,147,2014-01,2026-04,421205.88,508720,2014-05,508720,0.011487,496199191778,92.055682,Bottom 50%
3252,4738,61914974,147,2014-01,2026-04,421190.3,487682,2019-10,487682,0.011487,496261106752,92.067169,Bottom 50%
3253,5048,61870179,143,2014-05,2026-04,432658.59,555038,2021-12,555038,0.011478,496322976931,92.078647,Bottom 50%
3254,4361,61839358,147,2014-01,2026-04,420675.9,520310,2014-05,520310,0.011473,496384816289,92.09012,Bottom 50%
3255,1423,61831434,100,2017-12,2026-04,618314.34,788813,2018-03,788813,0.011471,496446647723,92.101591,Bottom 50%
3256,972,61815475,147,2014-01,2026-04,420513.44,699798,2017-08,699798,0.011468,496508463198,92.113059,Bottom 50%
3257,1351,61798373,144,2014-04,2026-04,429155.37,958510,2024-10,958510,0.011465,496570261571,92.124524,Bottom 50%
3258,3043,61784449,147,2014-01,2026-04,420302.37,521007,2023-10,521007,0.011462,496632046020,92.135986,Bottom 50%
3259,517,61642482,129,2014-01,2024-10,477848.7,563332,2019-05,563332,0.011436,496693688502,92.147422,Bottom 50%
3260,4786,61596732,147,2014-01,2026-04,419025.39,665558,2019-10,665558,0.011428,496755285234,92.15885,Bottom 50%
3261,4193,61554017,147,2014-01,2026-04,418734.81,524510,2017-10,524510,0.01142,496816839251,92.170269,Bottom 50%
3262,5873,61522134,147,2014-01,2026-04,418517.92,500180,2016-08,500180,0.011414,496878361385,92.181683,Bottom 50%
3263,5310,61469323,147,2014-01,2026-04,418158.66,507575,2021-03,507575,0.011404,496939830708,92.193087,Bottom 50%
3264,2115,61368392,82,2019-07,2026-04,748395.02,949894,2025-10,949894,0.011385,497001199100,92.204472,Bottom 50%
3265,879,61204943,147,2014-01,2026-04,416360.16,612183,2017-01,612183,0.011355,497062404043,92.215827,Bottom 50%
3266,4870,61085863,147,2014-01,2026-04,415550.09,477355,2025-10,477355,0.011333,497123489906,92.227159,Bottom 50%
3267,4359,61029324,147,2014-01,2026-04,415165.47,533419,2014-05,533419,0.011322,497184519230,92.238482,Bottom 50%
3268,2711,60981275,147,2014-01,2026-04,414838.61,513308,2018-09,513308,0.011313,497245500505,92.249795,Bottom 50%
3269,1510,60940280,121,2015-10,2026-04,503638.68,718731,2025-10,718731,0.011306,497306440785,92.261101,Bottom 50%
3270,2028,60931426,59,2020-10,2026-04,1032736.03,1475566,2025-10,1475566,0.011304,497367372211,92.272405,Bottom 50%
3271,2068,60923288,82,2019-07,2026-04,742966.93,906514,2025-03,906514,0.011303,497428295499,92.283707,Bottom 50%
3272,1783,60915560,89,2018-11,2026-04,684444.49,1112762,2025-10,1112762,0.011301,497489211059,92.295009,Bottom 50%
3273,3476,60849681,144,2014-01,2026-04,422567.23,540499,2026-03,540499,0.011289,497550060740,92.306298,Bottom 50%
3274,3906,60773788,147,2014-01,2026-04,413427.13,576865,2020-02,576865,0.011275,497610834528,92.317572,Bottom 50%
3275,1861,60739683,52,2021-10,2026-04,1168070.83,1538506,2025-10,1538506,0.011269,497671574211,92.328841,Bottom 50%
3276,2746,60735538,145,2014-01,2026-04,418865.78,605676,2014-05,605676,0.011268,497732309749,92.340109,Bottom 50%
3277,2685,60602493,147,2014-01,2026-04,412261.86,503454,2019-10,503454,0.011243,497792912242,92.351352,Bottom 50%
3278,4721,60583711,147,2014-01,2026-04,412134.09,811056,2021-07,811056,0.01124,497853495953,92.362591,Bottom 50%
3279,4320,60547019,147,2014-01,2026-04,411884.48,501426,2017-03,501426,0.011233,497914042972,92.373824,Bottom 50%
3280,5132,60543011,147,2014-01,2026-04,411857.22,542792,2025-10,542792,0.011232,497974585983,92.385056,Bottom 50%
3281,4495,60446462,147,2014-01,2026-04,411200.42,555470,2023-08,555470,0.011214,498035032445,92.39627,Bottom 50%
3282,1842,60434151,66,2020-11,2026-04,915668.95,1250368,2025-10,1250368,0.011212,498095466596,92.407482,Bottom 50%
3283,6615,60416544,147,2014-01,2026-04,410996.9,484068,2022-03,484068,0.011209,498155883140,92.418691,Bottom 50%
3284,1514,60401488,119,2016-05,2026-04,507575.53,1182136,2022-07,1182136,0.011206,498216284628,92.429897,Bottom 50%
3285,1872,60252817,49,2021-10,2026-04,1229649.33,1444116,2024-12,1444116,0.011178,498276537445,92.441075,Bottom 50%
3286,6068,60250153,147,2014-01,2026-04,409864.99,539916,2014-12,539916,0.011178,498336787598,92.452252,Bottom 50%
3287,5410,60103969,74,2020-03,2026-04,812215.8,969534,2026-01,969534,0.011151,498396891567,92.463403,Bottom 50%
3288,1326,60064759,125,2015-05,2026-04,480518.07,889400,2025-10,889400,0.011143,498456956326,92.474546,Bottom 50%
3289,4248,60026719,147,2014-01,2026-04,408345.03,498459,2014-03,498459,0.011136,498516983045,92.485683,Bottom 50%
3290,3660,59993571,147,2014-01,2026-04,408119.53,486314,2014-05,486314,0.01113,498576976616,92.496813,Bottom 50%
3291,4282,59947798,147,2014-01,2026-04,407808.15,524641,2019-05,524641,0.011122,498636924414,92.507934,Bottom 50%
3292,3047,59794989,147,2014-01,2026-04,406768.63,553814,2024-07,553814,0.011093,498696719403,92.519028,Bottom 50%
3293,4569,59772126,147,2014-01,2026-04,406613.1,1515084,2014-04,1515084,0.011089,498756491529,92.530117,Bottom 50%
3294,3764,59711263,147,2014-01,2026-04,406199.07,915168,2023-08,915168,0.011078,498816202792,92.541194,Bottom 50%
3295,6124,59690376,147,2014-01,2026-04,406056.98,565025,2025-11,565025,0.011074,498875893168,92.552268,Bottom 50%
3296,6079,59690234,144,2014-01,2026-04,414515.51,586674,2025-10,586674,0.011074,498935583402,92.563342,Bottom 50%
3297,1361,59679304,147,2014-01,2026-04,405981.66,818161,2025-01,818161,0.011072,498995262706,92.574414,Bottom 50%
3298,4274,59669347,147,2014-01,2026-04,405913.93,491493,2014-10,491493,0.01107,499054932053,92.585484,Bottom 50%
3299,6320,59668019,139,2014-09,2026-04,429266.32,598248,2019-10,598248,0.01107,499114600072,92.596553,Bottom 50%
3300,1901,59604965,144,2014-04,2026-04,413923.37,519311,2025-10,519311,0.011058,499174205037,92.607611,Bottom 50%
3301,6643,59599837,147,2014-01,2026-04,405441.07,478520,2014-05,478520,0.011057,499233804874,92.618669,Bottom 50%
3302,6611,59578959,76,2020-01,2026-04,783933.67,933185,2025-10,933185,0.011053,499293383833,92.629722,Bottom 50%
3303,4076,59563719,147,2014-01,2026-04,405195.37,619645,2018-10,619645,0.01105,499352947552,92.640772,Bottom 50%
3304,3950,59547147,145,2014-03,2026-04,410669.98,500803,2025-03,500803,0.011047,499412494699,92.651819,Bottom 50%
3305,4579,59537436,147,2014-01,2026-04,405016.57,507975,2019-08,507975,0.011045,499472032135,92.662865,Bottom 50%
3306,1961,59525050,70,2020-07,2026-04,850357.86,1037618,2026-03,1037618,0.011043,499531557185,92.673908,Bottom 50%
3307,1452,59495245,104,2017-06,2026-04,572069.66,1128203,2024-08,1128203,0.011038,499591052430,92.684946,Bottom 50%
3308,4086,59433320,130,2015-03,2026-04,457179.38,566705,2019-11,566705,0.011026,499650485750,92.695972,Bottom 50%
3309,2793,59386936,127,2015-09,2026-04,467613.67,565872,2018-05,565872,0.011018,499709872686,92.706989,Bottom 50%
3310,6196,59331164,145,2014-01,2026-04,409180.44,504304,2025-05,504304,0.011007,499769203850,92.717997,Bottom 50%
3311,5136,59303961,147,2014-01,2026-04,403428.31,513903,2017-12,513903,0.011002,499828507811,92.728999,Bottom 50%
3312,3636,59264406,147,2014-01,2026-04,403159.22,538690,2024-03,538690,0.010995,499887772217,92.739994,Bottom 50%
3313,3664,59224102,147,2014-01,2026-04,402885.05,500148,2014-05,500148,0.010987,499946996319,92.750981,Bottom 50%
3314,1323,59201122,84,2019-05,2026-04,704775.26,926362,2024-03,926362,0.010983,500006197441,92.761964,Bottom 50%
3315,5206,59143784,147,2014-01,2026-04,402338.67,798402,2015-11,798402,0.010972,500065341225,92.772936,Bottom 50%
3316,2690,59120997,143,2014-01,2026-04,413433.55,744961,2025-10,744961,0.010968,500124462222,92.783905,Bottom 50%
3317,5840,59100039,147,2014-01,2026-04,402041.08,528153,2016-12,528153,0.010964,500183562261,92.794869,Bottom 50%
3318,4277,59088672,147,2014-01,2026-04,401963.76,507353,2014-05,507353,0.010962,500242650933,92.805831,Bottom 50%
3319,2048,59079566,116,2016-08,2026-04,509306.6,806825,2023-10,806825,0.010961,500301730499,92.816792,Bottom 50%
3320,5251,59030982,119,2016-05,2026-04,496058.67,655682,2019-10,655682,0.010952,500360761481,92.827743,Bottom 50%
3321,3850,59013194,147,2014-01,2026-04,401450.3,522645,2015-05,522645,0.010948,500419774675,92.838692,Bottom 50%
3322,5113,58995020,143,2014-05,2026-04,412552.59,645159,2014-12,645159,0.010945,500478769695,92.849636,Bottom 50%
3323,1978,58974416,38,2023-03,2026-04,1551958.32,1730036,2025-10,1730036,0.010941,500537744111,92.860577,Bottom 50%
3324,1225,58974283,147,2014-01,2026-04,401185.6,481011,2017-03,481011,0.010941,500596718394,92.871518,Bottom 50%
3325,6451,58966922,146,2014-01,2026-04,403883.03,566797,2026-03,566797,0.01094,500655685316,92.882458,Bottom 50%
3326,820,58933365,147,2014-01,2026-04,400907.24,510620,2017-10,510620,0.010933,500714618681,92.893392,Bottom 50%
3327,3270,58919724,107,2017-04,2026-04,550651.63,949663,2025-10,949663,0.010931,500773538405,92.904322,Bottom 50%
3328,3473,58905422,143,2014-01,2026-04,411926.03,947779,2025-07,947779,0.010928,500832443827,92.915251,Bottom 50%
3329,4185,58845944,119,2016-05,2026-04,494503.73,576434,2024-10,576434,0.010917,500891289771,92.926168,Bottom 50%
3330,6270,58821172,147,2014-01,2026-04,400144.03,476080,2017-12,476080,0.010913,500950110943,92.93708,Bottom 50%
3331,4792,58811611,147,2014-01,2026-04,400078.99,550314,2025-10,550314,0.010911,501008922554,92.947991,Bottom 50%
3332,3479,58760106,135,2014-01,2026-04,435260.04,671269,2023-05,671269,0.010901,501067682660,92.958893,Bottom 50%
3333,4344,58689445,147,2014-01,2026-04,399247.93,500778,2025-10,500778,0.010888,501126372105,92.969781,Bottom 50%
3334,3250,58658055,134,2014-02,2026-04,437746.68,797392,2022-08,797392,0.010882,501185030160,92.980663,Bottom 50%
3335,2514,58582876,147,2014-01,2026-04,398522.97,485836,2025-10,485836,0.010868,501243613036,92.991531,Bottom 50%
3336,3036,58565688,147,2014-01,2026-04,398406.04,537857,2019-01,537857,0.010865,501302178724,93.002397,Bottom 50%
3337,1047,58495100,147,2014-01,2026-04,397925.85,1010881,2021-01,1010881,0.010852,501360673824,93.013249,Bottom 50%
3338,4247,58464170,147,2014-01,2026-04,397715.44,492385,2025-08,492385,0.010846,501419137994,93.024095,Bottom 50%
3339,1154,58405108,77,2019-12,2026-04,758507.9,1037439,2026-03,1037439,0.010835,501477543102,93.03493,Bottom 50%
3340,2723,58391304,147,2014-01,2026-04,397219.76,477695,2018-05,477695,0.010833,501535934406,93.045763,Bottom 50%
3341,5610,58298841,147,2014-01,2026-04,396590.76,486225,2026-03,486225,0.010816,501594233247,93.056579,Bottom 50%
3342,5844,58179700,126,2015-09,2026-04,461743.65,667754,2023-11,667754,0.010794,501652412947,93.067373,Bottom 50%
3343,6678,58163916,147,2014-01,2026-04,395672.9,619240,2023-01,619240,0.010791,501710576863,93.078163,Bottom 50%
3344,3805,58149933,147,2014-01,2026-04,395577.78,487385,2014-10,487385,0.010788,501768726796,93.088951,Bottom 50%
3345,5359,58144226,82,2018-05,2026-04,709075.93,904127,2024-10,904127,0.010787,501826871022,93.099738,Bottom 50%
3346,741,58108963,147,2014-01,2026-04,395299.07,883396,2016-12,883396,0.01078,501884979985,93.110519,Bottom 50%
3347,4326,57955435,147,2014-01,2026-04,394254.66,537076,2019-07,537076,0.010752,501942935420,93.121271,Bottom 50%
3348,3158,57857220,97,2018-03,2026-04,596466.19,684680,2018-10,684680,0.010734,502000792640,93.132005,Bottom 50%
3349,3484,57774003,147,2014-01,2026-04,393020.43,457825,2019-10,457825,0.010718,502058566643,93.142723,Bottom 50%
3350,3532,57707599,91,2018-09,2026-04,634149.44,876144,2019-08,876144,0.010706,502116274242,93.153429,Bottom 50%
3351,5036,57700377,147,2014-01,2026-04,392519.57,924352,2018-01,924352,0.010705,502173974619,93.164134,Bottom 50%
3352,6250,57658599,147,2014-01,2026-04,392235.37,469598,2025-10,469598,0.010697,502231633218,93.174831,Bottom 50%
3353,3631,57578905,147,2014-01,2026-04,391693.23,624015,2025-09,624015,0.010682,502289212123,93.185513,Bottom 50%
3354,1465,57534886,92,2018-08,2026-04,625379.2,730339,2025-10,730339,0.010674,502346747009,93.196187,Bottom 50%
3355,6090,57527532,93,2018-07,2026-04,618575.61,700424,2021-12,700424,0.010673,502404274541,93.206859,Bottom 50%
3356,748,57448787,147,2014-01,2026-04,390808.07,746933,2022-04,746933,0.010658,502461723328,93.217517,Bottom 50%
3357,4891,57421724,147,2014-01,2026-04,390623.97,489569,2014-10,489569,0.010653,502519145052,93.22817,Bottom 50%
3358,4837,57397388,147,2014-01,2026-04,390458.42,488132,2014-03,488132,0.010648,502576542440,93.238819,Bottom 50%
3359,3437,57369254,147,2014-01,2026-04,390267.03,531586,2024-07,531586,0.010643,502633911694,93.249462,Bottom 50%
3360,4395,57360859,147,2014-01,2026-04,390209.93,1303217,2014-05,1303217,0.010642,502691272553,93.260104,Bottom 50%
3361,2948,57252461,147,2014-01,2026-04,389472.52,495616,2025-10,495616,0.010622,502748525014,93.270725,Bottom 50%
3362,4062,57198511,147,2014-01,2026-04,389105.52,493666,2014-05,493666,0.010612,502805723525,93.281337,Bottom 50%
3363,1072,57178804,147,2014-01,2026-04,388971.46,529334,2023-11,529334,0.010608,502862902329,93.291945,Bottom 50%
3364,4598,57178154,147,2014-01,2026-04,388967.03,567223,2018-02,567223,0.010608,502920080483,93.302552,Bottom 50%
3365,6641,57175453,147,2014-01,2026-04,388948.66,451967,2014-05,451967,0.010607,502977255936,93.31316,Bottom 50%
3366,4003,57165169,147,2014-01,2026-04,388878.7,470404,2014-01,470404,0.010605,503034421105,93.323765,Bottom 50%
3367,1817,57103836,73,2020-04,2026-04,782244.33,976323,2024-10,976323,0.010594,503091524941,93.334359,Bottom 50%
3368,3142,57007476,144,2014-04,2026-04,395885.25,522927,2015-10,522927,0.010576,503148532417,93.344935,Bottom 50%
3369,4333,56935228,147,2014-01,2026-04,387314.48,585348,2014-08,585348,0.010563,503205467645,93.355498,Bottom 50%
3370,3755,56929634,147,2014-01,2026-04,387276.42,779468,2026-03,779468,0.010562,503262397279,93.36606,Bottom 50%
3371,3081,56820461,147,2014-01,2026-04,386533.75,467038,2017-05,467038,0.010541,503319217740,93.376601,Bottom 50%
3372,5287,56814094,147,2014-01,2026-04,386490.44,519054,2025-10,519054,0.01054,503376031834,93.387141,Bottom 50%
3373,2988,56768236,147,2014-01,2026-04,386178.48,507148,2019-08,507148,0.010532,503432800070,93.397673,Bottom 50%
3374,1434,56751224,96,2018-04,2026-04,591158.58,983431,2025-07,983431,0.010529,503489551294,93.408202,Bottom 50%
3375,4440,56706875,147,2014-01,2026-04,385761.05,583957,2015-10,583957,0.01052,503546258169,93.418722,Bottom 50%
3376,1036,56587355,147,2014-01,2026-04,384947.99,879249,2022-07,879249,0.010498,503602845524,93.42922,Bottom 50%
3377,1801,56549194,48,2022-05,2026-04,1178108.21,1771027,2025-10,1771027,0.010491,503659394718,93.439711,Bottom 50%
3378,4238,56516349,147,2014-01,2026-04,384464.96,455972,2015-09,455972,0.010485,503715911067,93.450196,Bottom 50%
3379,1588,56511820,117,2016-07,2026-04,483007.01,720411,2025-10,720411,0.010484,503772422887,93.46068,Bottom 50%
3380,3544,56496566,147,2014-01,2026-04,384330.38,685100,2018-02,685100,0.010481,503828919453,93.471162,Bottom 50%
3381,3844,56413156,147,2014-01,2026-04,383762.97,452519,2019-05,452519,0.010466,503885332609,93.481628,Bottom 50%
3382,3377,56369234,147,2014-01,2026-04,383464.18,511880,2018-03,511880,0.010458,503941701843,93.492085,Bottom 50%
3383,6403,56360313,147,2014-01,2026-04,383403.49,458327,2020-12,458327,0.010456,503998062156,93.502541,Bottom 50%
3384,1556,56255019,118,2016-06,2026-04,476737.45,780332,2026-03,780332,0.010437,504054317175,93.512978,Bottom 50%
3385,3848,56245042,147,2014-01,2026-04,382619.33,932236,2019-09,932236,0.010435,504110562217,93.523412,Bottom 50%
3386,2045,56208137,101,2017-11,2026-04,556516.21,923708,2026-03,923708,0.010428,504166770354,93.53384,Bottom 50%
3387,2526,56192281,130,2015-06,2026-04,432248.32,630374,2019-10,630374,0.010425,504222962635,93.544265,Bottom 50%
3388,3447,56180029,73,2020-04,2026-04,769589.44,1196520,2025-03,1196520,0.010423,504279142664,93.554688,Bottom 50%
3389,4352,56173924,147,2014-01,2026-04,382135.54,489465,2019-10,489465,0.010421,504335316588,93.565109,Bottom 50%
3390,1445,56173710,88,2018-05,2026-04,638337.61,862927,2019-11,862927,0.010421,504391490298,93.575531,Bottom 50%
3391,1479,56133472,87,2019-02,2026-04,645212.32,812614,2019-10,812614,0.010414,504447623770,93.585945,Bottom 50%
3392,4153,56132512,147,2014-01,2026-04,381853.82,513836,2019-10,513836,0.010414,504503756282,93.596358,Bottom 50%
3393,5289,56132186,89,2014-01,2021-06,630698.72,1099381,2019-10,1099381,0.010414,504559888468,93.606772,Bottom 50%
3394,2923,56018961,147,2014-01,2026-04,381081.37,761685,2025-10,761685,0.010393,504615907429,93.617165,Bottom 50%
3395,5876,56015311,147,2014-01,2026-04,381056.54,456498,2023-03,456498,0.010392,504671922740,93.627557,Bottom 50%
3396,4109,56005867,147,2014-01,2026-04,380992.29,452583,2015-10,452583,0.01039,504727928607,93.637947,Bottom 50%
3397,2890,55978425,145,2014-01,2026-04,386058.1,654306,2019-10,654306,0.010385,504783907032,93.648333,Bottom 50%
3398,4498,55943882,147,2014-01,2026-04,380570.63,634282,2021-06,634282,0.010379,504839850914,93.658711,Bottom 50%
3399,4904,55867026,147,2014-01,2026-04,380047.8,1710820,2025-01,1710820,0.010365,504895717940,93.669076,Bottom 50%
3400,4822,55756256,147,2014-01,2026-04,379294.26,650408,2024-05,650408,0.010344,504951474196,93.67942,Bottom 50%
3401,2914,55698143,147,2014-01,2026-04,378898.93,501651,2014-10,501651,0.010333,505007172339,93.689753,Bottom 50%
3402,2958,55681633,147,2014-01,2026-04,378786.62,580562,2014-05,580562,0.01033,505062853972,93.700083,Bottom 50%
3403,1751,55672964,100,2017-11,2026-04,556729.64,819971,2025-03,819971,0.010329,505118526936,93.710412,Bottom 50%
3404,5270,55654800,145,2014-01,2026-04,383826.21,638644,2023-03,638644,0.010325,505174181736,93.720737,Bottom 50%
3405,4570,55616390,147,2014-01,2026-04,378342.79,531101,2015-05,531101,0.010318,505229798126,93.731055,Bottom 50%
3406,1387,55320798,147,2014-01,2026-04,376331.96,485132,2014-05,485132,0.010263,505285118924,93.741318,Bottom 50%
3407,4253,55306890,147,2014-01,2026-04,376237.35,559544,2019-10,559544,0.010261,505340425814,93.751579,Bottom 50%
3408,5830,55305796,147,2014-01,2026-04,376229.9,433345,2014-12,433345,0.01026,505395731610,93.761839,Bottom 50%
3409,4289,55297550,147,2014-01,2026-04,376173.81,486555,2014-05,486555,0.010259,505451029160,93.772098,Bottom 50%
3410,3187,55198672,93,2018-07,2026-04,593534.11,845092,2025-10,845092,0.010241,505506227832,93.782339,Bottom 50%
3411,5045,55187923,145,2014-01,2026-04,380606.37,502428,2025-10,502428,0.010239,505561415755,93.792577,Bottom 50%
3412,4872,55076366,147,2014-01,2026-04,374669.16,468934,2018-05,468934,0.010218,505616492121,93.802795,Bottom 50%
3413,4328,55062611,147,2014-01,2026-04,374575.59,498370,2017-05,498370,0.010215,505671554732,93.81301,Bottom 50%
3414,5806,55037017,106,2017-06,2026-04,519217.14,649369,2025-10,649369,0.010211,505726591749,93.823221,Bottom 50%
3415,5035,54992793,119,2016-05,2026-04,462124.31,530114,2023-12,530114,0.010202,505781584542,93.833423,Bottom 50%
3416,1748,54884135,67,2020-10,2026-04,819166.19,1163539,2024-10,1163539,0.010182,505836468677,93.843605,Bottom 50%
3417,739,54871896,147,2014-01,2026-04,373278.2,435598,2016-03,435598,0.01018,505891340573,93.853785,Bottom 50%
3418,1873,54861510,62,2021-03,2026-04,884863.06,1055835,2024-10,1055835,0.010178,505946202083,93.863963,Bottom 50%
3419,273,54849483,147,2014-01,2026-04,373125.73,514062,2018-05,514062,0.010176,506001051566,93.874139,Bottom 50%
3420,1818,54746863,53,2021-12,2026-04,1032959.68,1274035,2025-10,1274035,0.010157,506055798429,93.884296,Bottom 50%
3421,6409,54739282,147,2014-01,2026-04,372376.07,551861,2016-12,551861,0.010155,506110537711,93.894451,Bottom 50%
3422,5153,54731483,66,2016-04,2021-10,829264.89,1548904,2020-12,1548904,0.010154,506165269194,93.904605,Bottom 50%
3423,3795,54679756,147,2014-01,2026-04,371971.13,457583,2018-10,457583,0.010144,506219948950,93.914749,Bottom 50%
3424,2038,54593656,50,2022-03,2026-04,1091873.12,1221418,2026-03,1221418,0.010128,506274542606,93.924878,Bottom 50%
3425,490,54570422,147,2014-01,2026-04,371227.36,503846,2017-03,503846,0.010124,506329113028,93.935002,Bottom 50%
3426,3370,54534206,82,2019-07,2026-04,665051.29,1014095,2026-03,1014095,0.010117,506383647234,93.945119,Bottom 50%
3427,1244,54529567,147,2014-01,2026-04,370949.44,594607,2014-01,594607,0.010116,506438176801,93.955235,Bottom 50%
3428,2126,54529511,53,2021-12,2026-04,1028858.7,1208165,2025-10,1208165,0.010116,506492706312,93.965352,Bottom 50%
3429,5347,54512691,130,2015-06,2026-04,419328.39,750545,2024-02,750545,0.010113,506547219003,93.975465,Bottom 50%
3430,6143,54488984,89,2018-11,2026-04,612235.78,760791,2023-03,760791,0.010109,506601707987,93.985574,Bottom 50%
3431,3429,54483807,147,2014-01,2026-04,370638.14,494785,2017-10,494785,0.010108,506656191794,93.995682,Bottom 50%
3432,808,54483587,147,2014-01,2026-04,370636.65,465152,2017-03,465152,0.010108,506710675381,94.00579,Bottom 50%
3433,4213,54457014,147,2014-01,2026-04,370455.88,447222,2014-10,447222,0.010103,506765132395,94.015893,Bottom 50%
3434,4735,54432227,147,2014-01,2026-04,370287.26,604743,2019-10,604743,0.010098,506819564622,94.025991,Bottom 50%
3435,969,54401950,144,2014-01,2026-04,377791.32,480796,2017-03,480796,0.010093,506873966572,94.036084,Bottom 50%
3436,6312,54401528,105,2017-07,2026-04,518109.79,662945,2025-10,662945,0.010093,506928368100,94.046176,Bottom 50%
3437,2119,54395774,53,2021-12,2026-04,1026335.36,1401393,2025-10,1401393,0.010092,506982763874,94.056268,Bottom 50%
3438,4325,54379703,147,2014-01,2026-04,369929.95,476151,2014-05,476151,0.010089,507037143577,94.066357,Bottom 50%
3439,1746,54344765,118,2016-05,2026-04,460548.86,612720,2019-03,612720,0.010082,507091488342,94.076439,Bottom 50%
3440,2348,54268176,147,2014-01,2026-04,369171.27,441842,2019-07,441842,0.010068,507145756518,94.086507,Bottom 50%
3441,4108,54256232,147,2014-01,2026-04,369090.01,452293,2018-05,452293,0.010066,507200012750,94.096572,Bottom 50%
3442,6831,54214221,124,2015-11,2026-04,437211.46,779369,2017-05,779369,0.010058,507254226971,94.10663,Bottom 50%
3443,4299,54068066,139,2014-01,2026-04,388978.89,482514,2019-05,482514,0.010031,507308295037,94.116661,Bottom 50%
3444,5033,53938175,119,2016-05,2026-04,453261.97,536051,2016-12,536051,0.010007,507362233212,94.126668,Bottom 50%
3445,2530,53934856,88,2018-08,2026-04,612896.09,1156275,2026-03,1156275,0.010006,507416168068,94.136674,Bottom 50%
3446,4507,53929351,147,2014-01,2026-04,366866.33,795105,2025-07,795105,0.010005,507470097419,94.146679,Bottom 50%
3447,1943,53776696,145,2014-03,2026-04,370873.77,1311774,2018-08,1311774,0.009977,507523874115,94.156656,Bottom 50%
3448,5308,53761294,116,2016-07,2026-04,463459.43,572848,2025-05,572848,0.009974,507577635409,94.16663,Bottom 50%
3449,6099,53672627,84,2019-05,2026-04,638959.85,772568,2022-11,772568,0.009957,507631308036,94.176587,Bottom 50%
3450,4246,53572429,119,2016-05,2026-04,450188.48,817158,2022-11,817158,0.009939,507684880465,94.186526,Bottom 50%
3451,5304,53531744,117,2016-07,2026-04,457536.27,575041,2016-09,575041,0.009931,507738412209,94.196457,Bottom 50%
3452,6681,53510937,114,2016-10,2026-04,469394.18,659691,2026-01,659691,0.009927,507791923146,94.206385,Bottom 50%
3453,3246,53510239,143,2014-01,2026-04,374197.48,481934,2015-12,481934,0.009927,507845433385,94.216312,Bottom 50%
3454,6226,53372503,88,2019-01,2026-04,606505.72,869805,2019-10,869805,0.009902,507898805888,94.226214,Bottom 50%
3455,5607,53355434,147,2014-01,2026-04,362962.14,436967,2014-12,436967,0.009899,507952161322,94.236112,Bottom 50%
3456,2471,53351248,110,2016-08,2026-04,485011.35,589453,2023-06,589453,0.009898,508005512570,94.24601,Bottom 50%
3457,5185,53287503,147,2014-01,2026-04,362500.02,414533,2025-03,414533,0.009886,508058800073,94.255896,Bottom 50%
3458,5170,53277989,147,2014-01,2026-04,362435.3,524434,2026-03,524434,0.009884,508112078062,94.26578,Bottom 50%
3459,5105,53263248,128,2014-01,2026-04,416119.12,531050,2024-01,531050,0.009881,508165341310,94.275662,Bottom 50%
3460,2069,53230507,58,2021-07,2026-04,917767.36,1066717,2025-10,1066717,0.009875,508218571817,94.285537,Bottom 50%
3461,4946,53134535,147,2014-01,2026-04,361459.42,567415,2024-03,567415,0.009858,508271706352,94.295395,Bottom 50%
3462,654,53121454,147,2014-01,2026-04,361370.44,441119,2017-03,441119,0.009855,508324827806,94.30525,Bottom 50%
3463,2677,53116476,147,2014-01,2026-04,361336.57,516917,2025-10,516917,0.009854,508377944282,94.315104,Bottom 50%
3464,5997,53113966,118,2016-05,2026-04,450118.36,632528,2026-03,632528,0.009854,508431058248,94.324958,Bottom 50%
3465,2755,53101596,147,2014-01,2026-04,361235.35,469262,2019-05,469262,0.009851,508484159844,94.334809,Bottom 50%
3466,4256,53093589,147,2014-01,2026-04,361180.88,539015,2020-03,539015,0.00985,508537253433,94.344659,Bottom 50%
3467,1371,53032592,128,2015-08,2026-04,414317.12,550532,2019-12,550532,0.009839,508590286025,94.354498,Bottom 50%
3468,4481,53017024,147,2014-01,2026-04,360660.03,659283,2023-10,659283,0.009836,508643303049,94.364334,Bottom 50%
3469,1976,52992075,64,2021-01,2026-04,828001.17,1070333,2021-11,1070333,0.009831,508696295124,94.374165,Bottom 50%
3470,1501,52982204,79,2018-11,2026-04,670660.81,828362,2024-05,828362,0.009829,508749277328,94.383994,Bottom 50%
3471,1781,52979652,93,2018-07,2026-04,569673.68,879179,2025-10,879179,0.009829,508802256980,94.393823,Bottom 50%
3472,3443,52948380,147,2014-01,2026-04,360193.06,411958,2017-10,411958,0.009823,508855205360,94.403646,Bottom 50%
3473,2078,52947578,62,2021-03,2026-04,853993.19,1160343,2026-03,1160343,0.009823,508908152938,94.413469,Bottom 50%
3474,465,52924769,120,2016-04,2026-04,441039.74,543125,2021-03,543125,0.009819,508961077707,94.423288,Bottom 50%
3475,3529,52908269,113,2016-06,2026-04,468214.77,634317,2020-03,634317,0.009816,509013985976,94.433104,Bottom 50%
3476,1526,52864000,146,2014-02,2026-04,362082.19,464167,2024-05,464167,0.009807,509066849976,94.442911,Bottom 50%
3477,496,52847408,113,2016-11,2026-04,467676.18,595779,2019-05,595779,0.009804,509119697384,94.452715,Bottom 50%
3478,1733,52812105,118,2016-06,2026-04,447560.21,646222,2025-03,646222,0.009798,509172509489,94.462513,Bottom 50%
3479,4523,52792778,147,2014-01,2026-04,359134.54,1546282,2014-09,1546282,0.009794,509225302267,94.472307,Bottom 50%
3480,3910,52759250,147,2014-01,2026-04,358906.46,525310,2020-01,525310,0.009788,509278061517,94.482095,Bottom 50%
3481,6275,52708930,147,2014-01,2026-04,358564.15,415382,2017-03,415382,0.009779,509330770447,94.491874,Bottom 50%
3482,6407,52646490,147,2014-01,2026-04,358139.39,607691,2026-03,607691,0.009767,509383416937,94.501641,Bottom 50%
3483,1812,52640334,47,2022-06,2026-04,1120007.11,1548280,2025-10,1548280,0.009766,509436057271,94.511407,Bottom 50%
3484,1742,52618537,118,2016-05,2026-04,445919.81,616529,2020-02,616529,0.009762,509488675808,94.521169,Bottom 50%
3485,1339,52415272,77,2014-01,2023-10,680717.82,808591,2018-03,808591,0.009724,509541091080,94.530893,Bottom 50%
3486,1433,52358869,73,2020-04,2026-04,717244.78,856663,2022-03,856663,0.009714,509593449949,94.540607,Bottom 50%
3487,4605,52318361,147,2014-01,2026-04,355907.22,470411,2014-05,470411,0.009706,509645768310,94.550313,Bottom 50%
3488,2582,52311541,147,2014-01,2026-04,355860.82,540458,2017-03,540458,0.009705,509698079851,94.560018,Bottom 50%
3489,2967,52232796,147,2014-01,2026-04,355325.14,756160,2023-06,756160,0.00969,509750312647,94.569708,Bottom 50%
3490,3718,52155579,147,2014-01,2026-04,354799.86,424392,2018-11,424392,0.009676,509802468226,94.579384,Bottom 50%
3491,3348,52088015,88,2019-01,2026-04,591909.26,677260,2025-10,677260,0.009663,509854556241,94.589048,Bottom 50%
3492,546,51940486,73,2014-01,2023-10,711513.51,1038600,2019-05,1038600,0.009636,509906496727,94.598684,Bottom 50%
3493,5292,51888049,77,2014-01,2020-06,673870.77,837640,2019-10,837640,0.009626,509958384776,94.60831,Bottom 50%
3494,4097,51884251,147,2014-01,2026-04,352954.09,410193,2025-03,410193,0.009626,510010269027,94.617936,Bottom 50%
3495,5352,51851819,102,2017-10,2026-04,508351.17,759193,2025-03,759193,0.00962,510062120846,94.627555,Bottom 50%
3496,2395,51823701,97,2018-03,2026-04,534264.96,999539,2022-03,999539,0.009614,510113944547,94.63717,Bottom 50%
3497,1498,51788908,86,2019-03,2026-04,602196.6,833185,2026-03,833185,0.009608,510165733455,94.646778,Bottom 50%
3498,1079,51766153,144,2014-01,2026-01,359487.17,525706,2025-12,525706,0.009604,510217499608,94.656381,Bottom 50%
3499,1947,51591673,71,2020-06,2026-04,726643.28,898759,2026-03,898759,0.009571,510269091281,94.665953,Bottom 50%
3500,2653,51581255,147,2014-01,2026-04,350892.89,479852,2014-03,479852,0.009569,510320672536,94.675522,Bottom 50%
3501,695,51508911,147,2014-01,2026-04,350400.76,409561,2014-10,409561,0.009556,510372181447,94.685078,Bottom 50%
3502,1832,51504297,70,2020-07,2026-04,735775.67,888962,2025-10,888962,0.009555,510423685744,94.694633,Bottom 50%
3503,3438,51496622,147,2014-01,2026-04,350317.16,448989,2023-01,448989,0.009554,510475182366,94.704187,Bottom 50%
3504,2531,51494299,84,2019-05,2026-04,613027.37,795849,2026-03,795849,0.009553,510526676665,94.71374,Bottom 50%
3505,1483,51442071,71,2020-06,2026-04,724536.21,1043549,2024-10,1043549,0.009544,510578118736,94.723284,Bottom 50%
3506,5872,51370019,147,2014-01,2026-04,349455.91,429138,2017-05,429138,0.00953,510629488755,94.732814,Bottom 50%
3507,545,51351294,147,2014-01,2026-04,349328.53,434935,2024-10,434935,0.009527,510680840049,94.742341,Bottom 50%
3508,1141,51240058,147,2014-01,2026-04,348571.82,626158,2019-06,626158,0.009506,510732080107,94.751847,Bottom 50%
3509,4339,51229309,147,2014-01,2026-04,348498.7,422534,2018-05,422534,0.009504,510783309416,94.761351,Bottom 50%
3510,6120,51224522,147,2014-01,2026-04,348466.14,489125,2024-10,489125,0.009503,510834533938,94.770855,Bottom 50%
3511,3087,51176087,147,2014-01,2026-04,348136.65,419439,2017-03,419439,0.009494,510885710025,94.780349,Bottom 50%
3512,4548,51083960,147,2014-01,2026-04,347509.93,536564,2016-02,536564,0.009477,510936793985,94.789826,Bottom 50%
3513,3947,51020115,147,2014-01,2026-04,347075.61,629045,2023-08,629045,0.009465,510987814100,94.799291,Bottom 50%
3514,306,50988036,126,2014-09,2026-04,404666.95,725759,2021-01,725759,0.009459,511038802136,94.808751,Bottom 50%
3515,5802,50960166,82,2019-07,2026-04,621465.44,744210,2019-10,744210,0.009454,511089762302,94.818205,Bottom 50%
3516,1737,50944495,99,2017-11,2026-04,514590.86,715684,2025-10,715684,0.009451,511140706797,94.827656,Bottom 50%
3517,5233,50898391,138,2014-01,2026-04,368828.92,519050,2025-10,519050,0.009443,511191605188,94.837099,Bottom 50%
3518,6814,50885242,124,2015-11,2026-04,410364.85,508716,2024-12,508716,0.00944,511242490430,94.846539,Bottom 50%
3519,5833,50851369,144,2014-01,2026-04,353134.51,667142,2018-03,667142,0.009434,511293341799,94.855973,Bottom 50%
3520,3294,50830928,91,2018-02,2026-04,558581.63,716949,2024-07,716949,0.00943,511344172727,94.865404,Bottom 50%
3521,5024,50827935,147,2014-01,2026-04,345768.27,426018,2025-10,426018,0.00943,511395000662,94.874833,Bottom 50%
3522,4496,50816437,147,2014-01,2026-04,345690.05,771606,2024-07,771606,0.009428,511445817099,94.884261,Bottom 50%
3523,3508,50728263,147,2014-01,2026-04,345090.22,519295,2024-02,519295,0.009411,511496545362,94.893672,Bottom 50%
3524,1819,50726398,54,2021-11,2026-04,939377.74,1160192,2025-10,1160192,0.009411,511547271760,94.903083,Bottom 50%
3525,3518,50712172,147,2014-01,2026-04,344980.76,440279,2015-09,440279,0.009408,511597983932,94.912491,Bottom 50%
3526,2024,50672109,147,2014-01,2026-04,344708.22,479501,2014-05,479501,0.009401,511648656041,94.921892,Bottom 50%
3527,3086,50633111,147,2014-01,2026-04,344442.93,499192,2025-10,499192,0.009394,511699289152,94.931285,Bottom 50%
3528,5843,50610897,139,2014-06,2026-04,364107.17,475187,2024-10,475187,0.009389,511749900049,94.940675,Bottom 50%
3529,6654,50578085,147,2014-01,2026-04,344068.61,407507,2019-01,407507,0.009383,511800478134,94.950058,Bottom 50%
3530,4147,50450058,81,2019-08,2026-04,622840.22,951345,2025-05,951345,0.00936,511850928192,94.959418,Bottom 50%
3531,1467,50448870,67,2020-10,2026-04,752968.21,1151649,2025-05,1151649,0.009359,511901377062,94.968777,Bottom 50%
3532,5182,50264844,106,2014-06,2026-04,474196.64,811069,2026-03,811069,0.009325,511951641906,94.978102,Bottom 50%
3533,4637,50260361,147,2014-01,2026-04,341907.22,400692,2017-05,400692,0.009324,512001902267,94.987427,Bottom 50%
3534,6235,50226377,147,2014-01,2026-04,341676.03,401108,2018-10,401108,0.009318,512052128644,94.996745,Bottom 50%
3535,730,50167385,147,2014-01,2026-04,341274.73,419317,2021-12,419317,0.009307,512102296029,95.006052,Bottom 50%
3536,5040,50078708,147,2014-01,2026-04,340671.48,674699,2017-06,674699,0.009291,512152374737,95.015343,Bottom 50%
3537,5115,50071952,147,2014-01,2026-04,340625.52,388262,2017-10,388262,0.009289,512202446689,95.024632,Bottom 50%
3538,5831,50022225,121,2016-03,2026-04,413406.82,566145,2021-03,566145,0.00928,512252468914,95.033912,Bottom 50%
3539,3584,50020412,121,2016-03,2026-04,413391.83,585803,2018-05,585803,0.00928,512302489326,95.043192,Bottom 50%
3540,3167,50020240,127,2015-09,2026-04,393860.16,474790,2019-10,474790,0.00928,512352509566,95.052472,Bottom 50%
3541,5120,49886976,141,2014-06,2026-04,353808.34,723023,2021-01,723023,0.009255,512402396542,95.061727,Bottom 50%
3542,2839,49858468,147,2014-01,2026-04,339173.25,418984,2014-10,418984,0.00925,512452255010,95.070977,Bottom 50%
3543,1404,49840564,112,2016-12,2026-04,445005.04,688906,2023-03,688906,0.009247,512502095574,95.080223,Bottom 50%
3544,1956,49787870,65,2020-11,2026-04,765967.23,1001543,2024-10,1001543,0.009237,512551883444,95.08946,Bottom 50%
3545,6461,49763779,147,2014-01,2026-04,338529.11,437911,2026-03,437911,0.009232,512601647223,95.098692,Bottom 50%
3546,1149,49760014,84,2019-05,2026-04,592381.12,738969,2025-10,738969,0.009232,512651407237,95.107924,Bottom 50%
3547,5363,49748641,117,2016-07,2026-04,425202.06,529505,2026-03,529505,0.009229,512701155878,95.117153,Bottom 50%
3548,6208,49726022,147,2014-01,2026-04,338272.26,391894,2025-05,391894,0.009225,512750881900,95.126379,Bottom 50%
3549,5882,49713497,136,2014-12,2026-04,365540.42,450118,2017-03,450118,0.009223,512800595397,95.135602,Bottom 50%
3550,5321,49623517,85,2019-04,2026-04,583806.08,733456,2025-10,733456,0.009206,512850218914,95.144808,Bottom 50%
3551,6404,49592019,147,2014-01,2026-04,337360.67,386849,2014-10,386849,0.0092,512899810933,95.154008,Bottom 50%
3552,1391,49563050,126,2015-10,2026-04,393357.54,503993,2019-12,503993,0.009195,512949373983,95.163203,Bottom 50%
3553,5348,49483780,122,2016-02,2026-04,405604.75,600034,2019-01,600034,0.00918,512998857763,95.172384,Bottom 50%
3554,2783,49421424,147,2014-01,2026-04,336200.16,400663,2015-10,400663,0.009169,513048279187,95.181552,Bottom 50%
3555,5999,49383971,147,2014-01,2026-04,335945.38,447084,2020-12,447084,0.009162,513097663158,95.190714,Bottom 50%
3556,5112,49375464,147,2014-01,2026-04,335887.51,538591,2026-02,538591,0.00916,513147038622,95.199874,Bottom 50%
3557,2355,49333837,143,2014-01,2026-04,344991.87,917850,2026-03,917850,0.009152,513196372459,95.209027,Bottom 50%
3558,2361,49286948,48,2022-05,2026-04,1026811.42,1125768,2025-03,1125768,0.009144,513245659407,95.218171,Bottom 50%
3559,1029,49271637,147,2014-01,2026-04,335181.2,490169,2017-05,490169,0.009141,513294931044,95.227312,Bottom 50%
3560,531,49254241,136,2014-01,2026-04,362163.54,450343,2025-10,450343,0.009138,513344185285,95.236449,Bottom 50%
3561,3161,49252775,103,2017-02,2026-04,478182.28,651264,2025-03,651264,0.009137,513393438060,95.245587,Bottom 50%
3562,5326,49234483,105,2017-07,2026-04,468899.84,625269,2024-10,625269,0.009134,513442672543,95.254721,Bottom 50%
3563,5179,49231074,147,2014-01,2026-04,334905.27,386765,2021-03,386765,0.009133,513491903617,95.263854,Bottom 50%
3564,4425,49222131,147,2014-01,2026-04,334844.43,704557,2017-03,704557,0.009132,513541125748,95.272986,Bottom 50%
3565,4476,49197338,147,2014-01,2026-04,334675.77,513258,2024-02,513258,0.009127,513590323086,95.282113,Bottom 50%
3566,1953,49195994,55,2021-10,2026-04,894472.62,1065782,2025-10,1065782,0.009127,513639519080,95.29124,Bottom 50%
3567,1755,49141116,114,2016-10,2026-04,431062.42,498578,2019-03,498578,0.009117,513688660196,95.300357,Bottom 50%
3568,1992,49133540,54,2021-11,2026-04,909880.37,1135037,2025-10,1135037,0.009115,513737793736,95.309472,Bottom 50%
3569,2276,49129940,49,2022-02,2026-04,1002651.84,1327307,2022-08,1327307,0.009115,513786923676,95.318587,Bottom 50%
3570,1787,49033480,83,2019-06,2026-04,590764.82,790890,2025-08,790890,0.009097,513835957156,95.327684,Bottom 50%
3571,1508,48924788,147,2014-01,2026-04,332821.69,451147,2021-11,451147,0.009077,513884881944,95.33676,Bottom 50%
3572,5372,48921136,70,2020-07,2026-04,698873.37,823970,2021-12,823970,0.009076,513933803080,95.345836,Bottom 50%
3573,1176,48887651,147,2014-01,2026-04,332569.05,764752,2021-08,764752,0.00907,513982690731,95.354906,Bottom 50%
3574,2748,48782557,147,2014-01,2026-04,331854.13,416847,2019-03,416847,0.00905,514031473288,95.363956,Bottom 50%
3575,3254,48733427,109,2017-03,2026-04,447095.66,561863,2017-12,561863,0.009041,514080206715,95.372997,Bottom 50%
3576,1424,48715974,89,2018-11,2026-04,547370.49,654153,2026-03,654153,0.009038,514128922689,95.382035,Bottom 50%
3577,4142,48678168,82,2019-07,2026-04,593636.2,845202,2019-08,845202,0.009031,514177600857,95.391066,Bottom 50%
3578,1466,48653079,92,2018-08,2026-04,528837.82,651766,2024-10,651766,0.009026,514226253936,95.400092,Bottom 50%
3579,1972,48604485,60,2021-05,2026-04,810074.75,971552,2021-11,971552,0.009017,514274858421,95.409109,Bottom 50%
3580,4980,48571517,120,2016-04,2026-04,404762.64,508906,2025-10,508906,0.009011,514323429938,95.41812,Bottom 50%
3581,5603,48557287,147,2014-01,2026-04,330321.68,384700,2014-10,384700,0.009008,514371987225,95.427129,Bottom 50%
3582,6144,48553899,88,2018-11,2026-04,551748.85,649600,2021-03,649600,0.009008,514420541124,95.436137,Bottom 50%
3583,898,48550058,118,2016-06,2026-04,411441.17,760749,2019-08,760749,0.009007,514469091182,95.445144,Bottom 50%
3584,1511,48508823,82,2019-07,2026-04,591571.01,744968,2022-11,744968,0.008999,514517600005,95.454143,Bottom 50%
3585,229,48501160,147,2014-01,2026-04,329939.86,493771,2018-09,493771,0.008998,514566101165,95.463141,Bottom 50%
3586,1342,48453394,147,2014-01,2026-04,329614.93,399649,2020-02,399649,0.008989,514614554559,95.47213,Bottom 50%
3587,2380,48389002,44,2022-09,2026-04,1099750.05,1251118,2024-10,1251118,0.008977,514662943561,95.481107,Bottom 50%
3588,4960,48255698,147,2014-01,2026-04,328270.05,460010,2018-05,460010,0.008952,514711199259,95.49006,Bottom 50%
3589,4825,48171725,147,2014-01,2026-04,327698.81,656266,2015-09,656266,0.008937,514759370984,95.498997,Bottom 50%
3590,1851,48155878,67,2020-10,2026-04,718744.45,956868,2025-10,956868,0.008934,514807526862,95.507931,Bottom 50%
3591,2547,48118621,106,2014-05,2026-04,453949.25,823804,2023-02,823804,0.008927,514855645483,95.516858,Bottom 50%
3592,5127,48117696,119,2016-05,2026-04,404350.39,462176,2018-11,462176,0.008927,514903763179,95.525785,Bottom 50%
3593,1457,48084239,89,2018-11,2026-04,540272.35,652438,2025-10,652438,0.008921,514951847418,95.534705,Bottom 50%
3594,5446,48038593,52,2022-01,2026-04,923819.1,1293888,2025-10,1293888,0.008912,514999886011,95.543618,Bottom 50%
3595,4835,47998946,147,2014-01,2026-04,326523.44,525171,2018-08,525171,0.008905,515047884957,95.552522,Bottom 50%
3596,1706,47988039,54,2021-07,2026-04,888667.39,1065255,2025-10,1065255,0.008903,515095872996,95.561425,Bottom 50%
3597,32035,47976272,36,2023-05,2026-04,1332674.22,1553192,2023-08,1553192,0.008901,515143849268,95.570326,Bottom 50%
3598,1784,47965831,84,2019-05,2026-04,571021.8,1039081,2023-11,1039081,0.008899,515191815099,95.579225,Bottom 50%
3599,4846,47928606,147,2014-01,2026-04,326044.94,410801,2017-03,410801,0.008892,515239743705,95.588116,Bottom 50%
3600,5067,47910737,114,2016-05,2026-04,420269.62,972651,2023-01,972651,0.008888,515287654442,95.597005,Bottom 50%
3601,5032,47846575,118,2016-06,2026-04,405479.45,510245,2020-12,510245,0.008877,515335501017,95.605881,Bottom 50%
3602,6197,47825451,147,2014-01,2026-04,325343.2,378571,2019-07,378571,0.008873,515383326468,95.614754,Bottom 50%
3603,5399,47807782,65,2020-12,2026-04,735504.34,1010046,2025-03,1010046,0.008869,515431134250,95.623623,Bottom 50%
3604,2079,47598262,59,2021-06,2026-04,806750.2,968834,2026-03,968834,0.008831,515478732512,95.632454,Bottom 50%
3605,4244,47591754,144,2014-04,2026-04,330498.29,404720,2016-08,404720,0.008829,515526324266,95.641283,Bottom 50%
3606,3989,47554871,147,2014-01,2026-04,323502.52,609570,2023-08,609570,0.008822,515573879137,95.650106,Bottom 50%
3607,4284,47503012,147,2014-01,2026-04,323149.74,507263,2024-10,507263,0.008813,515621382149,95.658919,Bottom 50%
3608,1971,47497968,54,2021-10,2026-04,879592.0,1010976,2025-10,1010976,0.008812,515668880117,95.66773,Bottom 50%
3609,5084,47484048,147,2014-01,2026-04,323020.73,432290,2017-10,432290,0.008809,515716364165,95.67654,Bottom 50%
3610,1599,47476109,128,2015-08,2026-04,370907.1,511775,2025-10,511775,0.008808,515763840274,95.685348,Bottom 50%
3611,4501,47457474,147,2014-01,2026-04,322839.96,437888,2023-08,437888,0.008804,515811297748,95.694152,Bottom 50%
3612,4924,47405802,88,2019-01,2026-04,538702.3,715316,2025-03,715316,0.008795,515858703550,95.702947,Bottom 50%
3613,6811,47365880,118,2015-11,2026-04,401405.76,581691,2019-08,581691,0.008787,515906069430,95.711734,Bottom 50%
3614,5847,47195217,82,2019-07,2026-04,575551.43,910901,2024-08,910901,0.008756,515953264647,95.72049,Bottom 50%
3615,3096,47144976,138,2014-03,2026-04,341630.26,747006,2025-11,747006,0.008746,516000409623,95.729236,Bottom 50%
3616,1798,47009754,45,2022-08,2026-04,1044661.2,1386241,2025-08,1386241,0.008721,516047419377,95.737958,Bottom 50%
3617,3461,47000988,103,2017-09,2026-04,456320.27,686665,2025-01,686665,0.00872,516094420365,95.746677,Bottom 50%
3618,5390,46996138,69,2020-08,2026-04,681103.45,931702,2022-03,931702,0.008719,516141416503,95.755396,Bottom 50%
3619,4322,46835657,147,2014-01,2026-04,318609.91,385330,2018-05,385330,0.008689,516188252160,95.764085,Bottom 50%
3620,1043,46835338,147,2014-01,2026-04,318607.74,824118,2018-02,824118,0.008689,516235087498,95.772774,Bottom 50%
3621,1493,46818156,90,2018-10,2026-04,520201.73,641228,2025-03,641228,0.008686,516281905654,95.78146,Bottom 50%
3622,1169,46816071,93,2018-07,2026-04,503398.61,642851,2018-10,642851,0.008685,516328721725,95.790145,Bottom 50%
3623,2757,46656286,147,2014-01,2026-04,317389.7,364744,2019-03,364744,0.008656,516375378011,95.798801,Bottom 50%
3624,6803,46610662,127,2015-07,2026-04,367013.09,453011,2020-01,453011,0.008647,516421988673,95.807448,Bottom 50%
3625,780,46518238,89,2018-10,2026-04,522676.83,653175,2025-10,653175,0.00863,516468506911,95.816079,Bottom 50%
3626,2386,46505558,43,2022-10,2026-04,1081524.6,1226164,2024-10,1226164,0.008628,516515012469,95.824706,Bottom 50%
3627,2202,46388873,147,2014-01,2026-04,315570.56,554166,2023-03,554166,0.008606,516561401342,95.833312,Bottom 50%
3628,1377,46316396,147,2014-01,2026-04,315077.52,587216,2022-07,587216,0.008593,516607717738,95.841905,Bottom 50%
3629,3796,46307718,147,2014-01,2026-04,315018.49,429855,2015-05,429855,0.008591,516654025456,95.850496,Bottom 50%
3630,4287,46278005,147,2014-01,2026-04,314816.36,372481,2019-10,372481,0.008586,516700303461,95.859082,Bottom 50%
3631,1431,46276344,86,2018-07,2026-04,538097.02,728027,2026-03,728027,0.008585,516746579805,95.867667,Bottom 50%
3632,32039,46272706,36,2023-05,2026-04,1285352.94,1477585,2023-10,1477585,0.008585,516792852511,95.876252,Bottom 50%
3633,3404,46258964,147,2014-01,2026-04,314686.83,490207,2023-03,490207,0.008582,516839111475,95.884834,Bottom 50%
3634,6677,46247529,140,2014-01,2026-04,330339.49,636322,2023-01,636322,0.00858,516885359004,95.893414,Bottom 50%
3635,6070,46189738,131,2015-05,2026-04,352593.42,413821,2024-12,413821,0.008569,516931548742,95.901983,Bottom 50%
3636,6313,46142812,81,2019-08,2026-04,569664.35,675292,2025-10,675292,0.00856,516977691554,95.910543,Bottom 50%
3637,5001,46114735,120,2016-04,2026-04,384289.46,500935,2019-10,500935,0.008555,517023806289,95.919099,Bottom 50%
3638,2081,46013489,58,2021-07,2026-04,793336.02,1001801,2025-10,1001801,0.008536,517069819778,95.927635,Bottom 50%
3639,4208,45973216,147,2014-01,2026-04,312742.97,451432,2024-07,451432,0.008529,517115792994,95.936164,Bottom 50%
3640,6035,45896096,110,2016-10,2026-04,417237.24,527921,2024-03,527921,0.008515,517161689090,95.944679,Bottom 50%
3641,5108,45894781,103,2016-07,2026-04,445580.4,595160,2025-10,595160,0.008514,517207583871,95.953193,Bottom 50%
3642,2784,45816065,119,2016-05,2026-04,385008.95,642076,2019-10,642076,0.0085,517253399936,95.961693,Bottom 50%
3643,1559,45782191,141,2014-07,2026-04,324696.39,458057,2021-01,458057,0.008494,517299182127,95.970187,Bottom 50%
3644,1752,45717254,88,2019-01,2026-04,519514.25,629316,2025-10,629316,0.008482,517344899381,95.978668,Bottom 50%
3645,5811,45702888,147,2014-01,2026-04,310904.0,391252,2016-12,391252,0.008479,517390602269,95.987147,Bottom 50%
3646,6649,45657991,90,2018-10,2026-04,507311.01,755478,2025-12,755478,0.008471,517436260260,95.995618,Bottom 50%
3647,6421,45638261,147,2014-01,2026-04,310464.36,382294,2014-12,382294,0.008467,517481898521,96.004085,Bottom 50%
3648,5130,45600656,144,2014-01,2026-04,316671.22,664242,2021-01,664242,0.00846,517527499177,96.012544,Bottom 50%
3649,5448,45541937,40,2022-10,2026-04,1138548.42,1461662,2025-10,1461662,0.008449,517573041114,96.020993,Bottom 50%
3650,1327,45455123,137,2014-08,2026-04,331789.22,753567,2025-10,753567,0.008433,517618496237,96.029426,Bottom 50%
3651,1177,45452580,147,2014-01,2026-04,309201.22,1489641,2023-05,1489641,0.008432,517663948817,96.037859,Bottom 50%
3652,3284,45434940,110,2017-02,2026-04,413044.91,563926,2018-05,563926,0.008429,517709383757,96.046288,Bottom 50%
3653,2517,45351530,147,2014-01,2026-04,308513.81,481959,2021-12,481959,0.008414,517754735287,96.054702,Bottom 50%
3654,1432,45311143,87,2019-01,2026-04,520817.74,703328,2025-10,703328,0.008406,517800046430,96.063108,Bottom 50%
3655,406,45187830,97,2014-01,2022-02,465853.92,566139,2017-03,566139,0.008383,517845234260,96.071491,Bottom 50%
3656,1347,45165543,147,2014-01,2026-04,307248.59,417432,2014-03,417432,0.008379,517890399803,96.07987,Bottom 50%
3657,5355,45109301,113,2016-11,2026-04,399197.35,489216,2026-01,489216,0.008369,517935509104,96.088239,Bottom 50%
3658,3800,45078546,90,2018-10,2026-04,500872.73,650661,2025-03,650661,0.008363,517980587650,96.096602,Bottom 50%
3659,5099,45033910,120,2016-04,2026-04,375282.58,474900,2024-05,474900,0.008355,518025621560,96.104957,Bottom 50%
3660,2703,44976866,120,2016-02,2026-04,374807.22,438489,2019-10,438489,0.008344,518070598426,96.113301,Bottom 50%
3661,5041,44934794,147,2014-01,2026-04,305678.87,416357,2018-05,416357,0.008336,518115533220,96.121638,Bottom 50%
3662,740,44892676,147,2014-01,2026-04,305392.35,512818,2018-05,512818,0.008329,518160425896,96.129966,Bottom 50%
3663,1487,44873492,77,2019-12,2026-04,582772.62,732490,2024-05,732490,0.008325,518205299388,96.138291,Bottom 50%
3664,1763,44818266,52,2016-07,2023-10,861889.73,1158480,2020-03,1158480,0.008315,518250117654,96.146606,Bottom 50%
3665,1053,44782493,147,2014-01,2026-04,304642.81,372889,2023-08,372889,0.008308,518294900147,96.154914,Bottom 50%
3666,573,44685004,118,2016-06,2026-04,378686.47,433221,2021-03,433221,0.00829,518339585151,96.163204,Bottom 50%
3667,5335,44650968,124,2015-12,2026-04,360088.45,481931,2025-12,481931,0.008284,518384236119,96.171488,Bottom 50%
3668,5812,44625014,147,2014-01,2026-04,303571.52,393982,2024-08,393982,0.008279,518428861133,96.179767,Bottom 50%
3669,2082,44583039,51,2021-10,2026-04,874177.24,1049786,2025-10,1049786,0.008271,518473444172,96.188038,Bottom 50%
3670,6218,44527108,111,2016-11,2026-04,401145.12,492775,2025-05,492775,0.008261,518517971280,96.196298,Bottom 50%
3671,5241,44496174,147,2014-01,2026-04,302695.06,624007,2024-12,624007,0.008255,518562467454,96.204553,Bottom 50%
3672,5140,44423883,140,2014-01,2026-04,317313.45,671625,2023-01,671625,0.008242,518606891337,96.212795,Bottom 50%
3673,3283,44422041,110,2017-02,2026-04,403836.74,600577,2018-05,600577,0.008241,518651313378,96.221036,Bottom 50%
3674,2135,44389260,57,2021-08,2026-04,778758.95,1046804,2022-03,1046804,0.008235,518695702638,96.229271,Bottom 50%
3675,2976,44383047,147,2014-01,2026-04,301925.49,387828,2017-12,387828,0.008234,518740085685,96.237506,Bottom 50%
3676,1828,44366368,65,2020-12,2026-04,682559.51,942174,2023-03,942174,0.008231,518784452053,96.245736,Bottom 50%
3677,2250,44362760,44,2022-02,2026-04,1008244.55,1202375,2025-10,1202375,0.00823,518828814813,96.253967,Bottom 50%
3678,5853,44339974,70,2020-07,2026-04,633428.2,765296,2024-10,765296,0.008226,518873154787,96.262193,Bottom 50%
3679,5216,44309199,144,2014-01,2026-04,307702.77,432110,2026-01,432110,0.00822,518917463986,96.270413,Bottom 50%
3680,1142,44308247,147,2014-01,2026-04,301416.65,1487032,2017-05,1487032,0.00822,518961772233,96.278633,Bottom 50%
3681,5081,44298283,147,2014-01,2026-04,301348.86,702185,2017-01,702185,0.008218,519006070516,96.286851,Bottom 50%
3682,1299,44283573,147,2014-01,2026-04,301248.8,505972,2021-10,505972,0.008216,519050354089,96.295067,Bottom 50%
3683,1191,44269902,147,2014-01,2026-04,301155.8,482883,2014-05,482883,0.008213,519094623991,96.30328,Bottom 50%
3684,6400,44252543,147,2014-01,2026-04,301037.71,522531,2025-10,522531,0.00821,519138876534,96.31149,Bottom 50%
3685,3546,44196220,147,2014-01,2026-04,300654.56,349879,2019-05,349879,0.008199,519183072754,96.319689,Bottom 50%
3686,2472,44130183,71,2020-06,2026-04,621551.87,755895,2023-10,755895,0.008187,519227202937,96.327876,Bottom 50%
3687,1732,44052559,60,2021-05,2026-04,734209.32,950597,2024-10,950597,0.008173,519271255496,96.336049,Bottom 50%
3688,3331,44011318,52,2014-01,2018-04,846371.5,951320,2017-08,951320,0.008165,519315266814,96.344214,Bottom 50%
3689,3713,43978972,144,2014-01,2026-04,305409.53,381056,2021-11,381056,0.008159,519359245786,96.352373,Bottom 50%
3690,5437,43731055,30,2023-10,2026-04,1457701.83,1766604,2024-10,1766604,0.008113,519402976841,96.360486,Bottom 50%
3691,4627,43667603,108,2016-02,2026-04,404329.66,837395,2025-10,837395,0.008101,519446644444,96.368587,Bottom 50%
3692,6158,43656994,134,2014-09,2026-04,325798.46,502595,2025-10,502595,0.008099,519490301438,96.376687,Bottom 50%
3693,6146,43637381,118,2016-06,2026-04,369808.31,531668,2018-03,531668,0.008096,519533938819,96.384782,Bottom 50%
3694,5423,43624624,55,2021-10,2026-04,793174.98,914626,2026-01,914626,0.008093,519577563443,96.392876,Bottom 50%
3695,6801,43596795,126,2015-05,2026-04,346006.31,415418,2024-12,415418,0.008088,519621160238,96.400964,Bottom 50%
3696,908,43499921,89,2018-11,2026-04,488763.16,605365,2019-10,605365,0.00807,519664660159,96.409034,Bottom 50%
3697,3288,43491710,81,2019-08,2026-04,536934.69,760283,2024-10,760283,0.008069,519708151869,96.417103,Bottom 50%
3698,1480,43428316,82,2019-07,2026-04,529613.61,638323,2025-10,638323,0.008057,519751580185,96.42516,Bottom 50%
3699,385,43346030,147,2014-01,2026-04,294870.95,348436,2017-03,348436,0.008042,519794926215,96.433201,Bottom 50%
3700,1899,43224650,58,2021-07,2026-04,745252.59,853899,2025-10,853899,0.008019,519838150865,96.44122,Bottom 50%
3701,1160,43221303,137,2014-08,2026-04,315483.96,405903,2022-03,405903,0.008018,519881372168,96.449239,Bottom 50%
3702,315,43216887,147,2014-01,2026-04,293992.43,364223,2015-10,364223,0.008018,519924589055,96.457256,Bottom 50%
3703,817,43200671,147,2014-01,2026-04,293882.12,348571,2014-10,348571,0.008015,519967789726,96.465271,Bottom 50%
3704,5231,43126158,82,2019-07,2026-04,525928.76,684458,2026-01,684458,0.008001,520010915884,96.473272,Bottom 50%
3705,5904,43097135,82,2019-07,2026-04,525574.82,685882,2024-05,685882,0.007995,520054013019,96.481267,Bottom 50%
3706,5012,42926606,105,2014-08,2026-04,408824.82,545555,2025-01,545555,0.007964,520096939625,96.489231,Bottom 50%
3707,4422,42885904,147,2014-01,2026-04,291740.84,415820,2014-03,415820,0.007956,520139825529,96.497188,Bottom 50%
3708,3321,42799280,94,2018-06,2026-04,455311.49,1069919,2026-03,1069919,0.00794,520182624809,96.505128,Bottom 50%
3709,1069,42734772,147,2014-01,2026-04,290712.73,411935,2024-02,411935,0.007928,520225359581,96.513056,Bottom 50%
3710,1365,42727847,139,2014-07,2026-04,307394.58,396780,2022-08,396780,0.007927,520268087428,96.520983,Bottom 50%
3711,5142,42700038,147,2014-01,2026-04,290476.45,508918,2016-05,508918,0.007922,520310787466,96.528905,Bottom 50%
3712,1188,42690550,147,2014-01,2026-04,290411.9,777864,2017-12,777864,0.00792,520353478016,96.536825,Bottom 50%
3713,2754,42684732,147,2014-01,2026-04,290372.33,350490,2023-03,350490,0.007919,520396162748,96.544744,Bottom 50%
3714,6645,42680967,124,2015-12,2026-04,344201.35,499603,2022-06,499603,0.007918,520438843715,96.552662,Bottom 50%
3715,3295,42612545,75,2020-02,2026-04,568167.27,798523,2026-02,798523,0.007906,520481456260,96.560567,Bottom 50%
3716,3287,42603801,95,2018-05,2026-04,448461.06,541040,2025-10,541040,0.007904,520524060061,96.568471,Bottom 50%
3717,985,42602283,147,2014-01,2026-04,289811.45,604488,2018-01,604488,0.007904,520566662344,96.576375,Bottom 50%
3718,6149,42593600,99,2018-01,2026-04,430238.38,497059,2020-12,497059,0.007902,520609255944,96.584277,Bottom 50%
3719,1725,42588249,125,2015-11,2026-04,340705.99,397882,2019-10,397882,0.007901,520651844193,96.592178,Bottom 50%
3720,4887,42556390,147,2014-01,2026-04,289499.25,360349,2017-08,360349,0.007895,520694400583,96.600073,Bottom 50%
3721,988,42534706,147,2014-01,2026-04,289351.74,639750,2021-01,639750,0.007891,520736935289,96.607964,Bottom 50%
3722,5334,42429263,121,2016-03,2026-04,350655.07,535722,2024-02,535722,0.007872,520779364552,96.615836,Bottom 50%
3723,2233,42397836,58,2021-07,2026-04,730997.17,1034893,2022-03,1034893,0.007866,520821762388,96.623702,Bottom 50%
3724,1889,42340859,58,2021-07,2026-04,730014.81,834565,2025-03,834565,0.007855,520864103247,96.631557,Bottom 50%
3725,4898,42338192,119,2016-05,2026-04,355783.13,804889,2020-03,804889,0.007855,520906441439,96.639411,Bottom 50%
3726,6411,42319744,147,2014-01,2026-04,287889.41,1046713,2022-03,1046713,0.007851,520948761183,96.647263,Bottom 50%
3727,2742,42269986,145,2014-01,2026-04,291517.14,385068,2016-01,385068,0.007842,520991031169,96.655105,Bottom 50%
3728,5937,42252567,147,2014-01,2026-04,287432.43,332931,2021-03,332931,0.007839,521033283736,96.662943,Bottom 50%
3729,1097,42200530,35,2023-06,2026-04,1205729.43,1439228,2025-03,1439228,0.007829,521075484266,96.670772,Bottom 50%
3730,5959,42141352,137,2014-01,2026-04,307601.11,531866,2021-12,531866,0.007818,521117625618,96.678591,Bottom 50%
3731,6690,42059953,104,2017-06,2026-04,404422.62,481253,2021-12,481253,0.007803,521159685571,96.686394,Bottom 50%
3732,1836,42040205,55,2021-10,2026-04,764367.36,894684,2026-03,894684,0.007799,521201725776,96.694193,Bottom 50%
3733,2037,41981051,82,2019-07,2026-04,511964.04,743438,2022-08,743438,0.007788,521243706827,96.701981,Bottom 50%
3734,643,41931520,147,2014-01,2026-04,285248.44,403947,2014-10,403947,0.007779,521285638347,96.709761,Bottom 50%
3735,4869,41852108,89,2018-10,2026-04,470248.4,624563,2020-02,624563,0.007764,521327490455,96.717525,Bottom 50%
3736,3446,41830139,135,2014-09,2026-04,309852.88,449089,2016-08,449089,0.00776,521369320594,96.725285,Bottom 50%
3737,3543,41818555,147,2014-01,2026-04,284479.97,397205,2023-03,397205,0.007758,521411139149,96.733044,Bottom 50%
3738,3289,41770951,108,2017-04,2026-04,386768.06,2123115,2023-05,2123115,0.007749,521452910100,96.740793,Bottom 50%
3739,571,41736049,145,2014-01,2026-04,287834.82,683192,2021-03,683192,0.007743,521494646149,96.748536,Bottom 50%
3740,1581,41710180,58,2021-07,2026-04,719141.03,1021860,2022-03,1021860,0.007738,521536356329,96.756274,Bottom 50%
3741,4718,41641748,147,2014-01,2026-04,283277.2,551576,2015-09,551576,0.007725,521577998077,96.764,Bottom 50%
3742,1226,41635939,147,2014-01,2026-04,283237.68,470218,2019-10,470218,0.007724,521619634016,96.771724,Bottom 50%
3743,1986,41596292,61,2021-04,2026-04,681906.43,844758,2025-10,844758,0.007717,521661230308,96.779441,Bottom 50%
3744,5365,41555916,112,2016-12,2026-04,371034.96,697944,2025-01,697944,0.00771,521702786224,96.787151,Bottom 50%
3745,461,41496977,142,2014-04,2026-04,292232.23,411148,2019-08,411148,0.007699,521744283201,96.794849,Bottom 50%
3746,1797,41463543,40,2022-08,2026-04,1036588.58,1772722,2025-10,1772722,0.007692,521785746744,96.802542,Bottom 50%
3747,3768,41424501,147,2014-01,2026-04,281799.33,448592,2021-05,448592,0.007685,521827171245,96.810227,Bottom 50%
3748,2246,41384399,59,2021-06,2026-04,701430.49,1253090,2022-08,1253090,0.007678,521868555644,96.817904,Bottom 50%
3749,3014,41348538,88,2019-01,2026-04,469869.75,594298,2025-10,594298,0.007671,521909904182,96.825575,Bottom 50%
3750,2097,41313776,55,2021-10,2026-04,751159.56,992982,2023-11,992982,0.007665,521951217958,96.83324,Bottom 50%
3751,4589,41214116,147,2014-01,2026-04,280368.14,368560,2014-08,368560,0.007646,521992432074,96.840886,Bottom 50%
3752,2064,41173110,52,2021-10,2026-04,791790.58,1043053,2025-10,1043053,0.007639,522033605184,96.848525,Bottom 50%
3753,1805,41092953,86,2019-03,2026-04,477825.03,761335,2023-06,761335,0.007624,522074698137,96.856148,Bottom 50%
3754,1785,41020887,84,2019-05,2026-04,488343.89,945550,2023-11,945550,0.00761,522115719024,96.863758,Bottom 50%
3755,6810,40960713,131,2014-01,2026-04,312677.2,662197,2020-01,662197,0.007599,522156679737,96.871358,Bottom 50%
3756,5266,40958415,69,2020-08,2026-04,593600.22,760266,2023-05,760266,0.007599,522197638152,96.878956,Bottom 50%
3757,2888,40956399,147,2014-01,2026-04,278614.96,360928,2019-10,360928,0.007598,522238594551,96.886555,Bottom 50%
3758,3241,40948209,144,2014-01,2026-04,284362.56,496953,2019-11,496953,0.007597,522279542760,96.894151,Bottom 50%
3759,6614,40942918,147,2014-01,2026-04,278523.25,383442,2014-05,383442,0.007596,522320485678,96.901747,Bottom 50%
3760,1962,40900261,31,2023-10,2026-04,1319363.26,1646210,2025-10,1646210,0.007588,522361385939,96.909335,Bottom 50%
3761,5330,40864738,144,2014-01,2026-04,283782.9,1211952,2024-11,1211952,0.007581,522402250677,96.916916,Bottom 50%
3762,5322,40858585,102,2017-04,2026-04,400574.36,505480,2019-10,505480,0.00758,522443109262,96.924496,Bottom 50%
3763,4732,40776504,147,2014-01,2026-04,277391.18,389170,2016-12,389170,0.007565,522483885766,96.932061,Bottom 50%
3764,1439,40769724,68,2020-09,2026-04,599554.76,764927,2023-05,764927,0.007564,522524655490,96.939625,Bottom 50%
3765,3665,40767708,147,2014-01,2026-04,277331.35,435299,2022-05,435299,0.007563,522565423198,96.947188,Bottom 50%
3766,1478,40766327,85,2019-04,2026-04,479603.85,589893,2026-03,589893,0.007563,522606189525,96.954751,Bottom 50%
3767,823,40699037,121,2016-02,2026-04,336355.68,388919,2020-12,388919,0.007551,522646888562,96.962302,Bottom 50%
3768,2269,40521556,38,2023-03,2026-04,1066356.74,1274004,2025-10,1274004,0.007518,522687410118,96.96982,Bottom 50%
3769,5168,40471888,129,2014-06,2026-04,313735.57,457991,2025-01,457991,0.007508,522727882006,96.977328,Bottom 50%
3770,3962,40420946,147,2014-01,2026-04,274972.42,385100,2019-08,385100,0.007499,522768302952,96.984827,Bottom 50%
3771,1726,40325321,89,2018-11,2026-04,453093.49,532718,2023-03,532718,0.007481,522808628273,96.992308,Bottom 50%
3772,3164,40259151,72,2020-05,2026-04,559154.88,650608,2021-03,650608,0.007469,522848887424,96.999777,Bottom 50%
3773,1809,40230947,58,2021-07,2026-04,693637.02,907914,2026-03,907914,0.007464,522889118371,97.007241,Bottom 50%
3774,5232,40212733,147,2014-01,2026-04,273556.01,471738,2026-01,471738,0.00746,522929331104,97.014701,Bottom 50%
3775,1722,40196855,108,2016-09,2026-04,372193.1,611574,2026-03,611574,0.007457,522969527959,97.022159,Bottom 50%
3776,1745,40140300,108,2017-04,2026-04,371669.44,749369,2025-10,749369,0.007447,523009668259,97.029605,Bottom 50%
3777,4429,40130926,147,2014-01,2026-04,272999.5,350050,2017-05,350050,0.007445,523049799185,97.037051,Bottom 50%
3778,6283,40085971,147,2014-01,2026-04,272693.68,347742,2014-12,347742,0.007437,523089885156,97.044487,Bottom 50%
3779,1516,40028819,82,2019-07,2026-04,488156.33,759548,2023-11,759548,0.007426,523129913975,97.051914,Bottom 50%
3780,1204,39901288,147,2014-01,2026-04,271437.33,323790,2017-03,323790,0.007403,523169815263,97.059316,Bottom 50%
3781,5905,39871292,82,2019-07,2026-04,486235.27,618186,2019-08,618186,0.007397,523209686555,97.066713,Bottom 50%
3782,4695,39795938,89,2018-10,2026-04,447145.37,595433,2024-10,595433,0.007383,523249482493,97.074096,Bottom 50%
3783,1034,39756757,147,2014-01,2026-04,270454.13,404636,2023-11,404636,0.007376,523289239250,97.081472,Bottom 50%
3784,904,39740142,113,2016-11,2026-04,351682.67,427743,2017-03,427743,0.007373,523328979392,97.088845,Bottom 50%
3785,1952,39737389,55,2021-10,2026-04,722497.98,838598,2025-03,838598,0.007372,523368716781,97.096217,Bottom 50%
3786,316,39713380,90,2018-10,2026-04,441259.78,565436,2024-05,565436,0.007368,523408430161,97.103584,Bottom 50%
3787,2980,39690956,119,2016-05,2026-04,333537.45,400217,2024-05,400217,0.007364,523448121117,97.110948,Bottom 50%
3788,2382,39620973,44,2022-09,2026-04,900476.66,1119150,2024-08,1119150,0.007351,523487742090,97.118298,Bottom 50%
3789,4096,39573278,147,2014-01,2026-04,269205.97,334358,2017-03,334358,0.007342,523527315368,97.12564,Bottom 50%
3790,6018,39548262,142,2014-01,2026-04,278508.89,464129,2025-10,464129,0.007337,523566863630,97.132977,Bottom 50%
3791,1448,39533512,73,2020-04,2026-04,541554.96,753357,2026-03,753357,0.007334,523606397142,97.140312,Bottom 50%
3792,1738,39437252,86,2019-03,2026-04,458572.7,691476,2026-03,691476,0.007316,523645834394,97.147628,Bottom 50%
3793,5417,39365417,78,2019-11,2026-04,504684.83,615740,2021-12,615740,0.007303,523685199811,97.154931,Bottom 50%
3794,5044,39306663,147,2014-01,2026-04,267392.27,341940,2019-05,341940,0.007292,523724506474,97.162223,Bottom 50%
3795,294,39177851,89,2018-10,2026-04,440200.57,759818,2026-03,759818,0.007268,523763684325,97.169492,Bottom 50%
3796,5336,39101981,123,2015-12,2026-04,317902.28,417554,2025-12,417554,0.007254,523802786306,97.176746,Bottom 50%
3797,2957,38938303,147,2014-01,2026-04,264886.41,432685,2014-02,432685,0.007224,523841724609,97.18397,Bottom 50%
3798,5354,38925251,117,2016-06,2026-04,332694.45,468894,2022-03,468894,0.007221,523880649860,97.191191,Bottom 50%
3799,5030,38863502,119,2016-05,2026-04,326584.05,384651,2023-12,384651,0.00721,523919513362,97.198401,Bottom 50%
3800,4940,38850752,82,2019-07,2026-04,473789.66,657041,2024-11,657041,0.007208,523958364114,97.205609,Bottom 50%
3801,5053,38825093,147,2014-01,2026-04,264116.28,333995,2014-01,333995,0.007203,523997189207,97.212812,Bottom 50%
3802,2366,38817142,46,2022-07,2026-04,843850.91,932350,2023-08,932350,0.007201,524036006349,97.220013,Bottom 50%
3803,1780,38816346,76,2019-07,2026-04,510741.39,740186,2026-03,740186,0.007201,524074822695,97.227215,Bottom 50%
3804,5123,38780881,126,2015-09,2026-04,307784.77,377946,2024-12,377946,0.007195,524113603576,97.234409,Bottom 50%
3805,2693,38748614,147,2014-01,2026-04,263596.01,323050,2015-05,323050,0.007189,524152352190,97.241598,Bottom 50%
3806,245,38726268,119,2016-05,2026-04,325430.82,475748,2019-01,475748,0.007185,524191078458,97.248783,Bottom 50%
3807,5857,38707727,67,2020-10,2026-04,577727.27,669548,2021-12,669548,0.007181,524229786185,97.255964,Bottom 50%
3808,4428,38694514,136,2014-01,2026-04,284518.49,732436,2017-03,732436,0.007179,524268480699,97.263142,Bottom 50%
3809,6003,38656779,100,2017-12,2026-04,386567.79,511745,2025-10,511745,0.007172,524307137478,97.270314,Bottom 50%
3810,2486,38627474,102,2014-05,2026-04,378700.73,680918,2023-12,680918,0.007166,524345764952,97.27748,Bottom 50%
3811,5169,38609252,141,2014-01,2026-04,273824.48,460259,2025-10,460259,0.007163,524384374204,97.284643,Bottom 50%
3812,3186,38471410,111,2016-11,2026-04,346589.28,657678,2025-10,657678,0.007137,524422845614,97.29178,Bottom 50%
3813,5827,38437335,109,2014-01,2026-04,352636.1,429146,2021-05,429146,0.007131,524461282949,97.298911,Bottom 50%
3814,4077,38437111,147,2014-01,2026-04,261476.95,466505,2018-11,466505,0.007131,524499720060,97.306042,Bottom 50%
3815,5027,38371890,147,2014-01,2026-04,261033.27,885558,2018-04,885558,0.007119,524538091950,97.313161,Bottom 50%
3816,6002,38303282,106,2017-05,2026-04,361351.72,446653,2023-12,446653,0.007106,524576395232,97.320267,Bottom 50%
3817,1569,38280589,106,2017-06,2026-04,361137.63,691827,2025-10,691827,0.007102,524614675821,97.327369,Bottom 50%
3818,3531,37997289,71,2016-08,2023-10,535173.08,715432,2021-12,715432,0.007049,524652673110,97.334418,Bottom 50%
3819,32051,37992861,31,2023-10,2026-04,1225576.16,1712320,2026-03,1712320,0.007048,524690665971,97.341467,Bottom 50%
3820,5415,37960900,76,2020-01,2026-04,499485.53,590289,2021-11,590289,0.007043,524728626871,97.348509,Bottom 50%
3821,4830,37906346,82,2019-07,2026-04,462272.51,613381,2025-03,613381,0.007032,524766533217,97.355542,Bottom 50%
3822,1800,37900913,45,2022-08,2026-04,842242.51,1152226,2025-08,1152226,0.007031,524804434130,97.362573,Bottom 50%
3823,2490,37824856,74,2020-03,2026-04,511146.7,739179,2025-08,739179,0.007017,524842258986,97.369591,Bottom 50%
3824,1775,37765460,102,2017-10,2026-04,370249.61,518791,2021-12,518791,0.007006,524880024446,97.376597,Bottom 50%
3825,160,37651705,147,2014-01,2026-04,256134.05,310108,2019-05,310108,0.006985,524917676151,97.383582,Bottom 50%
3826,6634,37618769,50,2021-10,2026-04,752375.38,897982,2025-10,897982,0.006979,524955294920,97.390561,Bottom 50%
3827,4261,37578727,145,2014-03,2026-04,259163.63,337111,2014-05,337111,0.006972,524992873647,97.397533,Bottom 50%
3828,3627,37551858,98,2017-12,2026-04,383182.22,589027,2019-10,589027,0.006967,525030425505,97.4045,Bottom 50%
3829,2577,37499789,105,2014-05,2026-04,357140.85,498201,2023-05,498201,0.006957,525067925294,97.411457,Bottom 50%
3830,6225,37480791,58,2021-07,2026-04,646220.53,765300,2024-08,765300,0.006953,525105406085,97.41841,Bottom 50%
3831,1983,37399862,47,2022-06,2026-04,795741.74,924386,2025-10,924386,0.006938,525142805947,97.425349,Bottom 50%
3832,5862,37394533,58,2021-07,2026-04,644733.33,733056,2025-10,733056,0.006937,525180200480,97.432286,Bottom 50%
3833,4245,37391910,147,2014-01,2026-04,254366.73,316829,2017-03,316829,0.006937,525217592390,97.439223,Bottom 50%
3834,3967,37383601,147,2014-01,2026-04,254310.21,363258,2024-02,363258,0.006935,525254975991,97.446159,Bottom 50%
3835,5385,37320224,56,2021-08,2026-04,666432.57,791368,2025-10,791368,0.006924,525292296215,97.453082,Bottom 50%
3836,1904,37318302,68,2020-09,2026-04,548798.56,967838,2023-11,967838,0.006923,525329614517,97.460006,Bottom 50%
3837,2643,37298584,147,2014-01,2026-04,253731.86,423944,2014-05,423944,0.00692,525366913101,97.466925,Bottom 50%
3838,8520,37262347,93,2018-07,2026-04,400670.4,550646,2021-03,550646,0.006913,525404175448,97.473838,Bottom 50%
3839,3775,37151197,120,2016-02,2026-04,309593.31,405185,2025-03,405185,0.006892,525441326645,97.480731,Bottom 50%
3840,1890,37122368,80,2019-06,2026-04,464029.6,658134,2025-08,658134,0.006887,525478449013,97.487618,Bottom 50%
3841,6151,37048739,100,2017-11,2026-04,370487.39,692643,2017-12,692643,0.006873,525515497752,97.494491,Bottom 50%
3842,5293,37015117,74,2014-01,2023-10,500204.28,662859,2019-05,662859,0.006867,525552512869,97.501358,Bottom 50%
3843,2035,37001109,104,2017-08,2026-04,355779.89,500565,2024-10,500565,0.006865,525589513978,97.508223,Bottom 50%
3844,5939,36982826,146,2014-01,2026-04,253307.03,284112,2018-03,284112,0.006861,525626496804,97.515084,Bottom 50%
3845,2224,36864636,54,2021-10,2026-04,682678.44,1023328,2024-12,1023328,0.006839,525663361440,97.521923,Bottom 50%
3846,4515,36757679,147,2014-01,2026-04,250052.24,458529,2023-11,458529,0.006819,525700119119,97.528742,Bottom 50%
3847,4591,36552047,147,2014-01,2026-04,248653.38,662671,2021-03,662671,0.006781,525736671166,97.535523,Bottom 50%
3848,3466,36505843,62,2020-04,2026-04,588803.92,967594,2024-11,967594,0.006773,525773177009,97.542296,Bottom 50%
3849,2951,36396167,147,2014-01,2026-04,247592.97,374346,2017-03,374346,0.006752,525809573176,97.549048,Bottom 50%
3850,1266,36395087,139,2014-09,2026-04,261835.16,363459,2020-02,363459,0.006752,525845968263,97.5558,Bottom 50%
3851,3794,36273041,147,2014-01,2026-04,246755.38,408504,2017-08,408504,0.006729,525882241304,97.56253,Bottom 50%
3852,4420,36242550,60,2014-01,2022-02,604042.5,705330,2017-03,705330,0.006724,525918483854,97.569254,Bottom 50%
3853,5412,36222820,75,2020-02,2026-04,482970.93,772422,2020-06,772422,0.00672,525954706674,97.575974,Bottom 50%
3854,1380,36204928,134,2014-05,2026-04,270186.03,409334,2019-10,409334,0.006717,525990911602,97.582691,Bottom 50%
3855,5459,36147613,49,2022-04,2026-04,737706.39,1079301,2026-03,1079301,0.006706,526027059215,97.589397,Bottom 50%
3856,3033,36142673,89,2018-10,2026-04,406097.45,542032,2020-02,542032,0.006705,526063201888,97.596102,Bottom 50%
3857,3292,36112109,102,2014-05,2026-04,354040.28,516754,2018-05,516754,0.0067,526099313997,97.602802,Bottom 50%
3858,2913,36006498,147,2014-01,2026-04,244942.16,1179402,2022-07,1179402,0.00668,526135320495,97.609482,Bottom 50%
3859,3834,35997224,147,2014-01,2026-04,244879.07,544501,2023-05,544501,0.006678,526171317719,97.61616,Bottom 50%
3860,5447,35948894,24,2023-10,2026-04,1497870.58,2010432,2026-03,2010432,0.006669,526207266613,97.622829,Bottom 50%
3861,4161,35754050,81,2014-01,2026-04,441408.02,665193,2014-04,665193,0.006633,526243020663,97.629462,Bottom 50%
3862,6066,35751766,73,2020-04,2026-04,489750.22,605405,2026-03,605405,0.006633,526278772429,97.636095,Bottom 50%
3863,5376,35708756,73,2020-04,2026-04,489161.04,782726,2024-08,782726,0.006625,526314481185,97.64272,Bottom 50%
3864,1731,35707104,97,2017-05,2026-04,368114.47,543379,2024-05,543379,0.006624,526350188289,97.649344,Bottom 50%
3865,1429,35695735,84,2018-06,2026-04,424949.23,552373,2023-03,552373,0.006622,526385884024,97.655966,Bottom 50%
3866,1028,35691342,147,2014-01,2026-04,242798.24,534318,2025-07,534318,0.006622,526421575366,97.662588,Bottom 50%
3867,3011,35657101,126,2015-09,2026-04,282992.87,745835,2026-03,745835,0.006615,526457232467,97.669203,Bottom 50%
3868,6271,35632419,147,2014-01,2026-04,242397.41,301018,2014-12,301018,0.006611,526492864886,97.675814,Bottom 50%
3869,6302,35605026,143,2014-01,2026-04,248986.2,391784,2021-03,391784,0.006606,526528469912,97.682419,Bottom 50%
3870,3961,35538275,147,2014-01,2026-04,241756.97,288034,2025-04,288034,0.006593,526564008187,97.689012,Bottom 50%
3871,3155,35537604,67,2020-10,2026-04,530412.0,615745,2025-08,615745,0.006593,526599545791,97.695605,Bottom 50%
3872,6308,35508648,82,2019-07,2026-04,433032.29,535154,2020-12,535154,0.006588,526635054439,97.702193,Bottom 50%
3873,6701,35467008,114,2014-01,2026-04,311114.11,427129,2020-12,427129,0.00658,526670521447,97.708773,Bottom 50%
3874,3296,35459137,99,2018-01,2026-04,358173.1,504373,2024-05,504373,0.006578,526705980584,97.715351,Bottom 50%
3875,6655,35371471,147,2014-01,2026-04,240622.25,293773,2026-02,293773,0.006562,526741352055,97.721913,Bottom 50%
3876,5863,35242367,40,2022-10,2026-04,881059.18,1095700,2025-10,1095700,0.006538,526776594422,97.728452,Bottom 50%
3877,568,35237741,147,2014-01,2026-04,239712.52,277414,2017-03,277414,0.006537,526811832163,97.734989,Bottom 50%
3878,4259,35166273,120,2016-04,2026-04,293052.28,377551,2016-10,377551,0.006524,526846998436,97.741513,Bottom 50%
3879,4798,35130497,147,2014-01,2026-04,238982.97,372039,2019-11,372039,0.006517,526882128933,97.748031,Bottom 50%
3880,3403,35115716,147,2014-01,2026-04,238882.42,297904,2026-03,297904,0.006515,526917244649,97.754545,Bottom 50%
3881,6341,35107084,143,2014-01,2026-04,245504.08,413484,2025-10,413484,0.006513,526952351733,97.761058,Bottom 50%
3882,2691,35033847,147,2014-01,2026-04,238325.49,296426,2014-05,296426,0.0065,526987385580,97.767558,Bottom 50%
3883,32080,34907724,32,2023-09,2026-04,1090866.38,1401616,2023-11,1401616,0.006476,527022293304,97.774034,Bottom 50%
3884,2236,34886182,33,2023-08,2026-04,1057157.03,1243224,2026-03,1243224,0.006472,527057179486,97.780506,Bottom 50%
3885,2073,34884718,71,2020-06,2026-04,491334.06,610079,2024-05,610079,0.006472,527092064204,97.786978,Bottom 50%
3886,1364,34786386,82,2019-07,2026-04,424224.22,533374,2020-01,533374,0.006454,527126850590,97.793432,Bottom 50%
3887,6069,34783156,82,2019-07,2026-04,424184.83,494915,2022-11,494915,0.006453,527161633746,97.799885,Bottom 50%
3888,1881,34693370,77,2019-12,2026-04,450563.25,546647,2025-03,546647,0.006436,527196327116,97.806321,Bottom 50%
3889,653,34678956,147,2014-01,2026-04,235911.27,400602,2017-03,400602,0.006434,527231006072,97.812755,Bottom 50%
3890,3872,34587723,147,2014-01,2026-04,235290.63,331258,2019-11,331258,0.006417,527265593795,97.819172,Bottom 50%
3891,1929,34538048,63,2020-12,2026-04,548222.98,702293,2025-11,702293,0.006408,527300131843,97.825579,Bottom 50%
3892,2279,34478543,37,2023-04,2026-04,931852.51,1068300,2025-11,1068300,0.006397,527334610386,97.831976,Bottom 50%
3893,694,34474471,147,2014-01,2026-04,234520.21,273419,2023-03,273419,0.006396,527369084857,97.838371,Bottom 50%
3894,4634,34441971,147,2014-01,2026-04,234299.12,283903,2016-07,283903,0.00639,527403526828,97.844761,Bottom 50%
3895,5416,34415154,76,2020-01,2026-04,452830.97,522825,2021-03,522825,0.006385,527437941982,97.851146,Bottom 50%
3896,3416,34387673,147,2014-01,2026-04,233929.75,334596,2018-08,334596,0.00638,527472329655,97.857526,Bottom 50%
3897,2253,34357735,65,2020-12,2026-04,528580.54,691540,2023-11,691540,0.006374,527506687390,97.8639,Bottom 50%
3898,6657,34357681,147,2014-01,2026-04,233725.72,384850,2025-03,384850,0.006374,527541045071,97.870274,Bottom 50%
3899,5609,34350865,82,2019-07,2026-04,418912.99,498536,2026-03,498536,0.006373,527575395936,97.876647,Bottom 50%
3900,2242,34337741,43,2022-10,2026-04,798552.12,1053487,2025-08,1053487,0.00637,527609733677,97.883017,Bottom 50%
3901,5380,34107868,43,2022-02,2026-04,793206.23,1231853,2026-03,1231853,0.006328,527643841545,97.889345,Bottom 50%
3902,2177,34100543,129,2015-07,2026-04,264345.29,335618,2018-03,335618,0.006326,527677942088,97.895671,Bottom 50%
3903,2137,33971176,56,2021-09,2026-04,606628.14,777778,2025-10,777778,0.006302,527711913264,97.901974,Bottom 50%
3904,2369,33929147,50,2022-02,2026-04,678582.94,790606,2024-10,790606,0.006295,527745842411,97.908268,Bottom 50%
3905,1740,33892150,86,2016-07,2026-04,394094.77,617321,2025-05,617321,0.006288,527779734561,97.914556,Bottom 50%
3906,4578,33888095,147,2014-01,2026-04,230531.26,550970,2017-07,550970,0.006287,527813622656,97.920843,Bottom 50%
3907,1927,33886819,57,2021-08,2026-04,594505.6,833297,2025-10,833297,0.006287,527847509475,97.92713,Bottom 50%
3908,1846,33879548,84,2019-05,2026-04,403327.95,464109,2022-10,464109,0.006285,527881389023,97.933415,Bottom 50%
3909,5028,33863522,147,2014-01,2026-04,230364.1,401523,2025-10,401523,0.006282,527915252545,97.939697,Bottom 50%
3910,5985,33857219,146,2014-01,2026-04,231898.76,425612,2024-10,425612,0.006281,527949109764,97.945979,Bottom 50%
3911,5835,33847143,82,2019-07,2026-04,412770.04,477793,2021-03,477793,0.006279,527982956907,97.952258,Bottom 50%
3912,1892,33774039,31,2023-10,2026-04,1089485.13,1307618,2024-07,1307618,0.006266,528016730946,97.958524,Bottom 50%
3913,4608,33734215,147,2014-01,2026-04,229484.46,496117,2023-10,496117,0.006258,528050465161,97.964782,Bottom 50%
3914,3467,33725495,76,2020-01,2026-04,443756.51,765982,2026-03,765982,0.006257,528084190656,97.971039,Bottom 50%
3915,5661,33689251,85,2019-04,2026-04,396344.13,577199,2022-01,577199,0.00625,528117879907,97.977289,Bottom 50%
3916,3894,33650699,106,2014-07,2026-04,317459.42,443956,2019-03,443956,0.006243,528151530606,97.983532,Bottom 50%
3917,4511,33632937,147,2014-01,2026-04,228795.49,503823,2016-08,503823,0.00624,528185163543,97.989772,Bottom 50%
3918,3188,33599488,113,2016-11,2026-04,297340.6,916393,2026-02,916393,0.006233,528218763031,97.996005,Bottom 50%
3919,1795,33567490,65,2020-12,2026-04,516422.92,794751,2025-10,794751,0.006227,528252330521,98.002233,Bottom 50%
3920,2030,33492193,72,2014-03,2023-10,465169.35,580478,2019-10,580478,0.006214,528285822714,98.008446,Bottom 50%
3921,5395,33465287,85,2019-04,2026-04,393709.26,532412,2022-03,532412,0.006209,528319288001,98.014655,Bottom 50%
3922,955,33393399,147,2014-01,2026-04,227165.98,259382,2019-11,259382,0.006195,528352681400,98.02085,Bottom 50%
3923,3157,33270287,118,2016-06,2026-04,281951.58,347756,2019-10,347756,0.006172,528385951687,98.027022,Bottom 50%
3924,4133,33223238,147,2014-01,2026-04,226008.42,262559,2026-03,262559,0.006164,528419174925,98.033186,Bottom 50%
3925,3494,33214753,59,2021-06,2026-04,562961.92,970388,2025-10,970388,0.006162,528452389678,98.039348,Bottom 50%
3926,4922,33045484,147,2014-01,2026-04,224799.21,783299,2017-01,783299,0.006131,528485435162,98.045479,Bottom 50%
3927,3040,33039050,89,2018-10,2026-04,371225.28,521638,2024-05,521638,0.006129,528518474212,98.051608,Bottom 50%
3928,5481,33011983,41,2022-12,2026-04,805170.32,1244766,2026-01,1244766,0.006124,528551486195,98.057733,Bottom 50%
3929,6805,32977354,136,2014-12,2026-04,242480.54,365358,2019-08,365358,0.006118,528584463549,98.063851,Bottom 50%
3930,2231,32912141,50,2022-02,2026-04,658242.82,772235,2024-10,772235,0.006106,528617375690,98.069956,Bottom 50%
3931,6017,32908898,145,2014-01,2026-04,226957.92,533748,2020-02,533748,0.006105,528650284588,98.076062,Bottom 50%
3932,2375,32906594,39,2023-02,2026-04,843758.82,1038923,2024-07,1038923,0.006105,528683191182,98.082167,Bottom 50%
3933,1966,32875090,68,2020-09,2026-04,483457.21,783393,2025-05,783393,0.006099,528716066272,98.088266,Bottom 50%
3934,5864,32851954,43,2022-10,2026-04,763998.93,881275,2023-03,881275,0.006095,528748918226,98.09436,Bottom 50%
3935,5471,32712651,37,2023-04,2026-04,884125.7,1076182,2024-08,1076182,0.006069,528781630877,98.100429,Bottom 50%
3936,2089,32665503,51,2021-06,2026-04,640500.06,968445,2025-10,968445,0.00606,528814296380,98.106489,Bottom 50%
3937,4163,32582171,147,2014-01,2026-04,221647.42,370705,2017-03,370705,0.006045,528846878551,98.112534,Bottom 50%
3938,1807,32463282,67,2020-10,2026-04,484526.6,782640,2025-10,782640,0.006023,528879341833,98.118557,Bottom 50%
3939,4587,32451579,147,2014-01,2026-04,220759.04,351504,2019-05,351504,0.00602,528911793412,98.124577,Bottom 50%
3940,1024,32434727,55,2021-10,2026-04,589722.31,676276,2023-03,676276,0.006017,528944228139,98.130595,Bottom 50%
3941,1935,32417377,46,2022-07,2026-04,704725.59,831326,2026-03,831326,0.006014,528976645516,98.136609,Bottom 50%
3942,4926,32373041,141,2014-07,2026-04,229596.04,428841,2025-10,428841,0.006006,529009018557,98.142615,Bottom 50%
3943,5942,32365276,136,2014-01,2026-04,237979.97,364757,2017-03,364757,0.006004,529041383833,98.148619,Bottom 50%
3944,644,32339836,90,2018-07,2026-04,359331.51,482245,2025-10,482245,0.006,529073723669,98.154619,Bottom 50%
3945,6601,32328771,48,2022-05,2026-04,673516.06,858498,2023-03,858498,0.005998,529106052440,98.160617,Bottom 50%
3946,32002,32325395,37,2023-04,2026-04,873659.32,971052,2025-10,971052,0.005997,529138377835,98.166614,Bottom 50%
3947,32076,32290950,31,2023-10,2026-04,1041643.55,1255381,2025-10,1255381,0.005991,529170668785,98.172604,Bottom 50%
3948,5175,32240077,100,2017-12,2026-04,322400.77,443106,2019-10,443106,0.005981,529202908862,98.178585,Bottom 50%
3949,3184,32068772,109,2017-03,2026-04,294208.92,483398,2023-05,483398,0.005949,529234977634,98.184535,Bottom 50%
3950,6301,32058162,82,2019-07,2026-04,390953.2,451397,2025-10,451397,0.005947,529267035796,98.190482,Bottom 50%
3951,1422,32015940,105,2017-06,2026-04,304913.71,539391,2024-08,539391,0.00594,529299051736,98.196422,Bottom 50%
3952,1486,31932986,81,2019-08,2026-04,394234.4,640289,2026-03,640289,0.005924,529330984722,98.202346,Bottom 50%
3953,1521,31923277,147,2014-01,2026-04,217165.15,271716,2023-06,271716,0.005922,529362907999,98.208269,Bottom 50%
3954,3895,31888317,147,2014-01,2026-04,216927.33,837272,2014-10,837272,0.005916,529394796316,98.214185,Bottom 50%
3955,2387,31819908,46,2022-07,2026-04,691737.13,865713,2025-10,865713,0.005903,529426616224,98.220088,Bottom 50%
3956,4276,31797651,77,2014-01,2023-10,412956.51,611986,2019-10,611986,0.005899,529458413875,98.225987,Bottom 50%
3957,3436,31684336,147,2014-01,2026-04,215539.7,280502,2026-03,280502,0.005878,529490098211,98.231865,Bottom 50%
3958,5110,31594285,116,2016-07,2026-04,272364.53,357168,2025-10,357168,0.005861,529521692496,98.237727,Bottom 50%
3959,6671,31493027,130,2015-06,2026-04,242254.05,334887,2022-12,334887,0.005843,529553185523,98.243569,Bottom 50%
3960,1586,31308783,82,2019-07,2026-04,381814.43,620243,2019-08,620243,0.005808,529584494306,98.249378,Bottom 50%
3961,2488,31249737,53,2021-10,2026-04,589617.68,718411,2024-05,718411,0.005798,529615744043,98.255175,Bottom 50%
3962,2016,31161118,74,2014-01,2023-10,421096.19,508978,2019-05,508978,0.005781,529646905161,98.260956,Bottom 50%
3963,2931,31126424,147,2014-01,2026-04,211744.38,281038,2017-08,281038,0.005775,529678031585,98.266731,Bottom 50%
3964,4894,31037590,147,2014-01,2026-04,211140.07,406539,2014-02,406539,0.005758,529709069175,98.272489,Bottom 50%
3965,3973,31012723,147,2014-01,2026-04,210970.9,304975,2014-03,304975,0.005754,529740081898,98.278243,Bottom 50%
3966,1880,30836339,81,2019-08,2026-04,380695.54,460188,2025-11,460188,0.005721,529770918237,98.283964,Bottom 50%
3967,5611,30835069,137,2014-01,2026-04,225073.5,414080,2026-01,414080,0.005721,529801753306,98.289684,Bottom 50%
3968,6221,30686721,117,2016-07,2026-04,262279.67,372555,2025-10,372555,0.005693,529832440027,98.295377,Bottom 50%
3969,1864,30609142,68,2020-09,2026-04,450134.44,610839,2025-10,610839,0.005679,529863049169,98.301056,Bottom 50%
3970,2141,30316815,54,2021-11,2026-04,561422.5,667191,2025-03,667191,0.005624,529893365984,98.30668,Bottom 50%
3971,2268,30313495,44,2022-09,2026-04,688943.07,828404,2025-10,828404,0.005624,529923679479,98.312304,Bottom 50%
3972,5884,30311694,17,2024-12,2026-04,1783040.82,2069938,2025-10,2069938,0.005623,529953991173,98.317928,Bottom 50%
3973,6672,30305446,132,2014-01,2026-04,229586.71,268359,2025-10,268359,0.005622,529984296619,98.32355,Bottom 50%
3974,2062,30295535,84,2019-05,2026-04,360661.13,517588,2023-03,517588,0.00562,530014592154,98.32917,Bottom 50%
3975,1816,30212431,72,2020-05,2026-04,419617.1,531279,2023-11,531279,0.005605,530044804585,98.334775,Bottom 50%
3976,1213,30132789,147,2014-01,2026-04,204984.96,368734,2025-10,368734,0.00559,530074937374,98.340366,Bottom 50%
3977,1767,30130531,110,2016-12,2026-04,273913.92,521599,2025-11,521599,0.00559,530105067905,98.345956,Bottom 50%
3978,6652,30129244,41,2022-12,2026-04,734859.61,827871,2023-12,827871,0.00559,530135197149,98.351545,Bottom 50%
3979,3629,30081544,119,2016-05,2026-04,252786.08,303231,2018-08,303231,0.005581,530165278693,98.357126,Bottom 50%
3980,3491,30075041,109,2017-02,2026-04,275917.81,363482,2021-11,363482,0.00558,530195353734,98.362705,Bottom 50%
3981,1214,30045633,147,2014-01,2026-04,204392.06,368044,2025-10,368044,0.005574,530225399367,98.36828,Bottom 50%
3982,1799,29991541,39,2022-08,2026-04,769013.87,1120677,2025-08,1120677,0.005564,530255390908,98.373844,Bottom 50%
3983,1159,29957968,119,2015-08,2026-04,251747.63,526497,2019-10,526497,0.005558,530285348876,98.379402,Bottom 50%
3984,6405,29951421,147,2014-01,2026-04,203751.16,350442,2022-11,350442,0.005557,530315300297,98.384958,Bottom 50%
3985,6102,29933787,144,2014-01,2026-04,207873.52,361899,2021-12,361899,0.005553,530345234084,98.390512,Bottom 50%
3986,6267,29921590,94,2018-06,2026-04,318314.79,392684,2025-05,392684,0.005551,530375155674,98.396063,Bottom 50%
3987,5360,29859765,104,2017-07,2026-04,287113.12,488755,2025-10,488755,0.00554,530405015439,98.401602,Bottom 50%
3988,289,29810439,99,2014-09,2026-04,301115.55,805650,2020-11,805650,0.00553,530434825878,98.407133,Bottom 50%
3989,5470,29796660,37,2023-04,2026-04,805315.14,999528,2024-08,999528,0.005528,530464622538,98.412661,Bottom 50%
3990,6145,29592318,108,2017-04,2026-04,274002.94,327919,2024-10,327919,0.00549,530494214856,98.418151,Bottom 50%
3991,1405,29581380,69,2020-08,2026-04,428715.65,590049,2023-10,590049,0.005488,530523796236,98.423639,Bottom 50%
3992,6824,29542650,117,2015-12,2026-04,252501.28,304437,2016-12,304437,0.005481,530553338886,98.429119,Bottom 50%
3993,6034,29457978,92,2018-08,2026-04,320195.41,371033,2025-05,371033,0.005465,530582796864,98.434585,Bottom 50%
3994,1472,29429312,82,2019-01,2026-04,358894.05,624370,2025-10,624370,0.00546,530612226176,98.440044,Bottom 50%
3995,3202,29390145,147,2014-01,2026-04,199932.96,352996,2019-03,352996,0.005453,530641616321,98.445497,Bottom 50%
3996,3205,29256582,48,2021-10,2026-04,609512.12,813826,2026-03,813826,0.005428,530670872903,98.450925,Bottom 50%
3997,5082,29152470,147,2014-01,2026-04,198316.12,405655,2014-12,405655,0.005408,530700025373,98.456333,Bottom 50%
3998,2377,29052590,39,2022-02,2026-04,744938.21,952869,2025-10,952869,0.00539,530729077963,98.461723,Bottom 50%
3999,1328,28928935,62,2014-08,2026-04,466595.73,721157,2025-08,721157,0.005367,530758006898,98.46709,Bottom 50%
4000,2065,28922277,72,2020-05,2026-04,401698.29,606224,2025-10,606224,0.005366,530786929175,98.472456,Bottom 50%
4001,1440,28861727,95,2017-10,2026-04,303807.65,465174,2018-11,465174,0.005354,530815790902,98.47781,Bottom 50%
4002,1718,28815001,112,2016-11,2026-04,257276.79,320434,2026-03,320434,0.005346,530844605903,98.483156,Bottom 50%
4003,4889,28805664,118,2014-01,2023-11,244115.8,1164665,2022-12,1164665,0.005344,530873411567,98.4885,Bottom 50%
4004,2916,28775597,147,2014-01,2026-04,195752.36,465714,2024-07,465714,0.005338,530902187164,98.493838,Bottom 50%
4005,5662,28752278,85,2019-04,2026-04,338262.09,495428,2024-12,495428,0.005334,530930939442,98.499173,Bottom 50%
4006,2492,28555149,74,2020-03,2026-04,385880.39,447166,2024-10,447166,0.005298,530959494591,98.50447,Bottom 50%
4007,6679,28499164,82,2019-07,2026-04,347550.78,983783,2025-12,983783,0.005287,530987993755,98.509757,Bottom 50%
4008,5848,28480169,80,2019-09,2026-04,356002.11,479122,2024-12,479122,0.005284,531016473924,98.515041,Bottom 50%
4009,2979,28382742,66,2020-11,2026-04,430041.55,570469,2023-08,570469,0.005266,531044856666,98.520307,Bottom 50%
4010,5034,28283981,103,2016-07,2026-04,274601.76,330437,2025-12,330437,0.005247,531073140647,98.525554,Bottom 50%
4011,5401,28164903,135,2014-01,2026-04,208628.91,352593,2026-03,352593,0.005225,531101305550,98.530779,Bottom 50%
4012,5364,28157416,87,2019-02,2026-04,323648.46,407981,2024-10,407981,0.005224,531129462966,98.536003,Bottom 50%
4013,5858,28076165,67,2020-10,2026-04,419047.24,567602,2025-03,567602,0.005209,531157539131,98.541212,Bottom 50%
4014,2620,28060071,119,2016-05,2026-04,235798.92,292117,2019-10,292117,0.005206,531185599202,98.546417,Bottom 50%
4015,1802,28057052,46,2022-07,2026-04,609935.91,679008,2025-10,679008,0.005205,531213656254,98.551623,Bottom 50%
4016,679,28028932,82,2019-07,2026-04,341816.24,538685,2022-07,538685,0.0052,531241685186,98.556823,Bottom 50%
4017,5343,28001207,77,2018-11,2026-04,363652.04,622297,2026-03,622297,0.005195,531269686393,98.562017,Bottom 50%
4018,1803,27997385,78,2019-11,2026-04,358940.83,421448,2021-03,421448,0.005194,531297683778,98.567212,Bottom 50%
4019,5841,27992853,129,2015-05,2026-04,216998.86,253717,2016-12,253717,0.005193,531325676631,98.572405,Bottom 50%
4020,1470,27958729,95,2018-05,2026-04,294302.41,464380,2025-03,464380,0.005187,531353635360,98.577592,Bottom 50%
4021,5327,27937317,103,2014-06,2026-04,271236.09,348610,2025-10,348610,0.005183,531381572677,98.582775,Bottom 50%
4022,5480,27927009,31,2022-10,2026-04,900871.26,1095741,2026-03,1095741,0.005181,531409499686,98.587956,Bottom 50%
4023,6067,27917794,93,2018-07,2026-04,300191.33,369968,2025-10,369968,0.005179,531437417480,98.593135,Bottom 50%
4024,3097,27844994,146,2014-01,2026-04,190719.14,251505,2024-08,251505,0.005166,531465262474,98.598301,Bottom 50%
4025,3490,27804626,98,2018-02,2026-04,283720.67,406793,2026-03,406793,0.005158,531493067100,98.603459,Bottom 50%
4026,2093,27785468,55,2021-10,2026-04,505190.33,631863,2023-01,631863,0.005155,531520852568,98.608614,Bottom 50%
4027,1515,27591015,81,2019-08,2026-04,340629.81,440239,2026-03,440239,0.005119,531548443583,98.613733,Bottom 50%
4028,32000,27482875,30,2023-11,2026-04,916095.83,1079328,2025-05,1079328,0.005099,531575926458,98.618832,Bottom 50%
4029,2346,27476257,111,2014-03,2026-04,247533.85,313528,2019-05,313528,0.005097,531603402715,98.623929,Bottom 50%
4030,5854,27444953,43,2022-02,2026-04,638254.72,823451,2025-12,823451,0.005092,531630847668,98.629021,Bottom 50%
4031,1997,27422409,46,2022-07,2026-04,596139.33,808479,2023-10,808479,0.005087,531658270077,98.634108,Bottom 50%
4032,4137,27419455,93,2018-07,2026-04,294832.85,363461,2025-10,363461,0.005087,531685689532,98.639195,Bottom 50%
4033,2047,27417787,58,2021-07,2026-04,472720.47,559147,2026-03,559147,0.005087,531713107319,98.644282,Bottom 50%
4034,2220,27382984,92,2018-08,2026-04,297641.13,397344,2019-10,397344,0.00508,531740490303,98.649362,Bottom 50%
4035,5402,27286768,139,2014-09,2026-04,196307.68,252471,2026-03,252471,0.005062,531767777071,98.654424,Bottom 50%
4036,5845,27275535,147,2014-01,2026-04,185547.86,272972,2025-12,272972,0.00506,531795052606,98.659484,Bottom 50%
4037,5349,27152228,87,2019-02,2026-04,312094.57,510018,2020-01,510018,0.005037,531822204834,98.664522,Bottom 50%
4038,1936,27032746,44,2022-09,2026-04,614380.59,725454,2026-03,725454,0.005015,531849237580,98.669537,Bottom 50%
4039,5418,26779736,65,2020-12,2026-04,411995.94,503505,2025-10,503505,0.004968,531876017316,98.674505,Bottom 50%
4040,6665,26605421,147,2014-01,2026-04,180989.26,279758,2025-02,279758,0.004936,531902622737,98.679441,Bottom 50%
4041,5434,26603536,33,2023-08,2026-04,806167.76,1021196,2025-05,1021196,0.004936,531929226273,98.684376,Bottom 50%
4042,6065,26593268,87,2019-01,2026-04,305669.75,410752,2024-12,410752,0.004934,531955819541,98.68931,Bottom 50%
4043,5458,26553989,41,2022-12,2026-04,647658.27,815486,2024-12,815486,0.004926,531982373530,98.694236,Bottom 50%
4044,1988,26467680,66,2020-11,2026-04,401025.45,600198,2026-03,600198,0.00491,532008841210,98.699147,Bottom 50%
4045,1441,26451253,89,2018-07,2026-04,297205.09,365555,2024-10,365555,0.004907,532035292463,98.704054,Bottom 50%
4046,3082,26445611,82,2019-07,2026-04,322507.45,400686,2025-10,400686,0.004906,532061738074,98.70896,Bottom 50%
4047,5025,26380720,147,2014-01,2026-04,179460.68,405603,2018-11,405603,0.004894,532088118794,98.713854,Bottom 50%
4048,1572,26351754,131,2014-12,2026-04,201158.43,268200,2018-03,268200,0.004889,532114470548,98.718743,Bottom 50%
4049,1550,26347106,122,2016-02,2026-04,215959.89,261731,2019-05,261731,0.004888,532140817654,98.723631,Bottom 50%
4050,4209,26346257,147,2014-01,2026-04,179226.24,253345,2024-07,253345,0.004888,532167163911,98.728519,Bottom 50%
4051,5195,26342557,130,2014-06,2026-04,202635.05,457970,2017-12,457970,0.004887,532193506468,98.733406,Bottom 50%
4052,32055,26332876,40,2023-01,2026-04,658321.9,1052584,2025-05,1052584,0.004885,532219839344,98.738291,Bottom 50%
4053,4394,26304059,58,2014-01,2023-10,453518.26,632314,2017-05,632314,0.00488,532246143403,98.743171,Bottom 50%
4054,3038,26297790,82,2019-07,2026-04,320704.76,603040,2023-10,603040,0.004879,532272441193,98.74805,Bottom 50%
4055,2259,26262894,46,2022-07,2026-04,570932.48,672097,2025-10,672097,0.004872,532298704087,98.752922,Bottom 50%
4056,2999,26190588,147,2014-01,2026-04,178167.27,249090,2015-09,249090,0.004859,532324894675,98.757781,Bottom 50%
4057,32050,26179693,23,2023-10,2026-04,1138247.52,1925072,2026-03,1925072,0.004857,532351074368,98.762638,Bottom 50%
4058,6137,26135693,144,2014-01,2026-04,181497.87,346171,2020-03,346171,0.004849,532377210061,98.767487,Bottom 50%
4059,1584,26111987,125,2015-11,2026-04,208895.9,334089,2019-10,334089,0.004844,532403322048,98.772331,Bottom 50%
4060,3822,26104428,91,2017-11,2026-04,286861.85,429954,2019-05,429954,0.004843,532429426476,98.777174,Bottom 50%
4061,4555,26103782,147,2014-01,2026-04,177576.75,263450,2017-03,263450,0.004843,532455530258,98.782017,Bottom 50%
4062,32037,26041280,38,2023-03,2026-04,685296.84,1391054,2026-01,1391054,0.004831,532481571538,98.786848,Bottom 50%
4063,5469,25947798,37,2023-04,2026-04,701291.84,801852,2024-05,801852,0.004814,532507519336,98.791662,Bottom 50%
4064,5839,25920827,104,2015-12,2026-04,249238.72,300976,2024-10,300976,0.004809,532533440163,98.796471,Bottom 50%
4065,2087,25919013,55,2021-10,2026-04,471254.78,572828,2025-03,572828,0.004809,532559359176,98.80128,Bottom 50%
4066,5463,25909950,39,2022-10,2026-04,664357.69,879015,2024-08,879015,0.004807,532585269126,98.806086,Bottom 50%
4067,6311,25903984,85,2019-04,2026-04,304752.75,353141,2020-12,353141,0.004806,532611173110,98.810892,Bottom 50%
4068,2085,25888287,85,2019-04,2026-04,304568.08,411949,2019-10,411949,0.004803,532637061397,98.815695,Bottom 50%
4069,4512,25751718,147,2014-01,2026-04,175181.76,242105,2024-10,242105,0.004778,532662813115,98.820473,Bottom 50%
4070,3323,25709051,58,2021-07,2026-04,443259.5,525686,2026-03,525686,0.00477,532688522166,98.825242,Bottom 50%
4071,2697,25685606,147,2014-01,2026-04,174732.01,484049,2023-08,484049,0.004765,532714207772,98.830007,Bottom 50%
4072,2497,25634610,49,2020-10,2026-04,523155.31,905251,2025-03,905251,0.004756,532739842382,98.834763,Bottom 50%
4073,2123,25610943,37,2023-04,2026-04,692187.65,826631,2025-11,826631,0.004751,532765453325,98.839515,Bottom 50%
4074,4917,25557360,147,2014-01,2026-04,173859.59,257470,2025-11,257470,0.004741,532791010685,98.844256,Bottom 50%
4075,5229,25501594,147,2014-01,2026-04,173480.23,226051,2022-03,226051,0.004731,532816512279,98.848987,Bottom 50%
4076,1754,25449002,83,2019-06,2026-04,306614.48,674486,2023-01,674486,0.004721,532841961281,98.853708,Bottom 50%
4077,6816,25380832,122,2015-11,2026-04,208039.61,349194,2025-01,349194,0.004709,532867342113,98.858417,Bottom 50%
4078,1741,25309746,95,2018-05,2026-04,266418.38,343085,2025-03,343085,0.004696,532892651859,98.863113,Bottom 50%
4079,5814,25265159,145,2014-01,2026-04,174242.48,259065,2014-10,259065,0.004687,532917917018,98.8678,Bottom 50%
4080,2136,25203942,54,2021-10,2026-04,466739.67,680846,2024-03,680846,0.004676,532943120960,98.872476,Bottom 50%
4081,4571,25146092,147,2014-01,2026-04,171061.85,420453,2018-03,420453,0.004665,532968267052,98.877141,Bottom 50%
4082,1958,25104256,65,2020-12,2026-04,386219.32,514284,2021-11,514284,0.004657,532993371308,98.881798,Bottom 50%
4083,32066,25090891,18,2024-11,2026-04,1393938.39,1732970,2025-10,1732970,0.004655,533018462199,98.886453,Bottom 50%
4084,32003,25049792,19,2024-10,2026-04,1318410.11,1840952,2025-10,1840952,0.004647,533043511991,98.8911,Bottom 50%
4085,2260,25043727,31,2023-10,2026-04,807862.16,968206,2025-03,968206,0.004646,533068555718,98.895747,Bottom 50%
4086,1852,25006431,34,2023-07,2026-04,735483.26,1083087,2026-03,1083087,0.004639,533093562149,98.900386,Bottom 50%
4087,154,24864796,82,2019-07,2026-04,303229.22,400144,2021-01,400144,0.004613,533118426945,98.904999,Bottom 50%
4088,32117,24858526,27,2024-02,2026-04,920686.15,1050775,2025-10,1050775,0.004612,533143285471,98.909611,Bottom 50%
4089,2837,24808273,26,2024-03,2026-04,954164.35,1195963,2025-03,1195963,0.004602,533168093744,98.914213,Bottom 50%
4090,5424,24725851,45,2022-02,2026-04,549463.36,725969,2024-07,725969,0.004587,533192819595,98.9188,Bottom 50%
4091,1307,24630351,106,2014-08,2026-04,232361.8,320093,2025-10,320093,0.004569,533217449946,98.92337,Bottom 50%
4092,5462,24629382,38,2023-03,2026-04,648141.63,829210,2024-08,829210,0.004569,533242079328,98.927939,Bottom 50%
4093,32119,24626238,29,2023-12,2026-04,849180.62,1223754,2025-10,1223754,0.004569,533266705566,98.932508,Bottom 50%
4094,658,24608025,90,2018-07,2026-04,273422.5,470754,2019-03,470754,0.004565,533291313591,98.937073,Bottom 50%
4095,1824,24579213,60,2021-05,2026-04,409653.55,612358,2024-05,612358,0.00456,533315892804,98.941633,Bottom 50%
4096,6823,24477690,125,2015-11,2026-04,195821.52,295460,2017-03,295460,0.004541,533340370494,98.946174,Bottom 50%
4097,2122,24435023,27,2021-10,2026-04,905000.85,1281231,2025-10,1281231,0.004533,533364805517,98.950707,Bottom 50%
4098,4106,24408834,147,2014-01,2026-04,166046.49,223807,2022-08,223807,0.004528,533389214351,98.955236,Bottom 50%
4099,2090,24389598,43,2022-10,2026-04,567199.95,690960,2023-05,690960,0.004525,533413603949,98.959761,Bottom 50%
4100,5397,24341521,82,2019-07,2026-04,296847.82,373566,2019-08,373566,0.004516,533437945470,98.964276,Bottom 50%
4101,5294,24280600,72,2014-01,2023-10,337230.56,415961,2018-10,415961,0.004505,533462226070,98.968781,Bottom 50%
4102,6809,24276939,116,2014-06,2026-04,209283.96,303899,2023-03,303899,0.004504,533486503009,98.973285,Bottom 50%
4103,5386,24225709,78,2019-11,2026-04,310586.01,451017,2020-01,451017,0.004494,533510728718,98.977779,Bottom 50%
4104,1435,24176136,93,2018-07,2026-04,259958.45,356338,2021-03,356338,0.004485,533534904854,98.982264,Bottom 50%
4105,6825,23980332,114,2016-07,2026-04,210353.79,246807,2017-03,246807,0.004449,533558885186,98.986713,Bottom 50%
4106,763,23959034,82,2019-07,2026-04,292183.34,355932,2025-10,355932,0.004445,533582844220,98.991158,Bottom 50%
4107,6330,23912873,58,2021-07,2026-04,412290.91,467473,2021-12,467473,0.004436,533606757093,98.995595,Bottom 50%
4108,2291,23883812,83,2019-06,2026-04,287756.77,364292,2019-10,364292,0.004431,533630640905,99.000026,Bottom 50%
4109,3367,23869160,66,2020-11,2026-04,361653.94,460212,2025-03,460212,0.004428,533654510065,99.004454,Bottom 50%
4110,5109,23861398,118,2016-06,2026-04,202215.24,229250,2021-03,229250,0.004427,533678371463,99.008881,Bottom 50%
4111,2244,23828744,45,2021-10,2026-04,529527.64,685038,2024-03,685038,0.004421,533702200207,99.013301,Bottom 50%
4112,32044,23682616,42,2022-11,2026-04,563871.81,662845,2025-10,662845,0.004394,533725882823,99.017695,Bottom 50%
4113,32112,23673453,36,2023-05,2026-04,657595.92,872289,2025-10,872289,0.004392,533749556276,99.022087,Bottom 50%
4114,5936,23621140,82,2019-07,2026-04,288062.68,396016,2025-10,396016,0.004382,533773177416,99.026469,Bottom 50%
4115,5097,23619720,72,2020-05,2026-04,328051.67,484125,2020-07,484125,0.004382,533796797136,99.030851,Bottom 50%
4116,1219,23582272,89,2014-05,2026-04,264969.35,402936,2021-10,402936,0.004375,533820379408,99.035226,Bottom 50%
4117,6676,23556943,82,2019-07,2026-04,287279.79,552408,2021-06,552408,0.00437,533843936351,99.039596,Bottom 50%
4118,5846,23528416,107,2017-04,2026-04,219891.74,286864,2025-12,286864,0.004365,533867464767,99.043962,Bottom 50%
4119,5181,23395802,82,2019-07,2026-04,285314.66,392462,2021-01,392462,0.00434,533890860569,99.048302,Bottom 50%
4120,32125,23387291,18,2024-11,2026-04,1299293.94,1712463,2025-05,1712463,0.004339,533914247860,99.052641,Bottom 50%
4121,2536,23285039,80,2019-07,2026-04,291062.99,357309,2020-02,357309,0.00432,533937532899,99.056961,Bottom 50%
4122,5851,23264333,77,2018-11,2026-04,302134.19,405232,2025-10,405232,0.004316,533960797232,99.061277,Bottom 50%
4123,2067,23226862,82,2019-07,2026-04,283254.41,402400,2026-03,402400,0.004309,533984024094,99.065586,Bottom 50%
4124,1941,23179647,31,2023-10,2026-04,747730.55,954849,2025-07,954849,0.0043,534007203741,99.069886,Bottom 50%
4125,6647,23059437,113,2015-12,2026-04,204065.81,381928,2016-02,381928,0.004278,534030263178,99.074164,Bottom 50%
4126,4227,22904077,147,2014-01,2026-04,155810.05,383870,2017-11,383870,0.004249,534053167255,99.078413,Bottom 50%
4127,6310,22897435,127,2015-09,2026-04,180294.76,245196,2015-10,245196,0.004248,534076064690,99.082661,Bottom 50%
4128,1449,22840403,86,2019-03,2026-04,265586.08,337903,2019-05,337903,0.004237,534098905093,99.086899,Bottom 50%
4129,1381,22733109,85,2019-04,2026-04,267448.34,346360,2019-10,346360,0.004217,534121638202,99.091116,Bottom 50%
4130,5460,22694496,27,2023-10,2026-04,840536.89,1120903,2026-03,1120903,0.00421,534144332698,99.095326,Bottom 50%
4131,2264,22600903,42,2022-10,2026-04,538116.74,901660,2023-05,901660,0.004193,534166933601,99.099519,Bottom 50%
4132,1928,22564183,22,2024-07,2026-04,1025644.68,1305779,2024-08,1305779,0.004186,534189497784,99.103706,Bottom 50%
4133,5382,22552068,61,2021-04,2026-04,369706.03,596765,2025-10,596765,0.004184,534212049852,99.107889,Bottom 50%
4134,1474,22532646,81,2019-08,2026-04,278180.81,337929,2025-10,337929,0.00418,534234582498,99.11207,Bottom 50%
4135,3394,22428121,147,2014-01,2026-04,152572.25,194087,2015-07,194087,0.004161,534257010619,99.116231,Bottom 50%
4136,5901,22410719,76,2017-08,2026-04,294877.88,682363,2024-05,682363,0.004158,534279421338,99.120388,Bottom 50%
4137,1979,22366325,58,2021-07,2026-04,385626.29,459688,2025-03,459688,0.004149,534301787663,99.124538,Bottom 50%
4138,1577,22298597,139,2014-09,2026-04,160421.56,353597,2017-05,353597,0.004137,534324086260,99.128675,Bottom 50%
4139,6219,22297338,124,2015-11,2026-04,179817.24,221439,2021-12,221439,0.004137,534346383598,99.132811,Bottom 50%
4140,3575,22295126,92,2017-09,2026-04,242338.33,312683,2025-03,312683,0.004136,534368678724,99.136948,Bottom 50%
4141,1813,22274961,45,2022-02,2026-04,494999.13,646204,2026-03,646204,0.004132,534390953685,99.14108,Bottom 50%
4142,1967,22198875,35,2022-02,2026-04,634253.57,775921,2025-05,775921,0.004118,534413152560,99.145198,Bottom 50%
4143,2997,21968673,119,2016-05,2026-04,184610.7,258934,2024-05,258934,0.004076,534435121233,99.149274,Bottom 50%
4144,5935,21912062,143,2014-01,2026-04,153231.2,250227,2021-03,250227,0.004065,534457033295,99.153339,Bottom 50%
4145,3666,21842718,113,2016-05,2026-04,193298.39,271628,2025-04,271628,0.004052,534478876013,99.157392,Bottom 50%
4146,2273,21682898,43,2022-10,2026-04,504253.44,595975,2026-03,595975,0.004023,534500558911,99.161414,Bottom 50%
4147,6830,21646234,124,2015-11,2026-04,174566.4,250909,2026-03,250909,0.004016,534522205145,99.16543,Bottom 50%
4148,1409,21466245,82,2019-07,2026-04,261783.48,359145,2019-08,359145,0.003982,534543671390,99.169412,Bottom 50%
4149,1482,21367513,85,2019-04,2026-04,251382.51,311796,2023-05,311796,0.003964,534565038903,99.173377,Bottom 50%
4150,2139,21352948,45,2022-02,2026-04,474509.96,582519,2022-10,582519,0.003961,534586391851,99.177338,Bottom 50%
4151,32115,21347851,20,2024-09,2026-04,1067392.55,1290072,2025-10,1290072,0.00396,534607739702,99.181299,Bottom 50%
4152,3410,21346276,147,2014-01,2026-04,145212.76,230972,2017-03,230972,0.00396,534629085978,99.185259,Bottom 50%
4153,1939,21168592,65,2020-12,2026-04,325670.65,436380,2022-10,436380,0.003927,534650254570,99.189186,Bottom 50%
4154,5413,21114810,55,2021-10,2026-04,383905.64,530665,2025-01,530665,0.003917,534671369380,99.193103,Bottom 50%
4155,1421,21044082,102,2017-09,2026-04,206314.53,282483,2019-10,282483,0.003904,534692413462,99.197007,Bottom 50%
4156,689,21041942,147,2014-01,2026-04,143142.46,320552,2020-06,320552,0.003904,534713455404,99.200911,Bottom 50%
4157,3152,21035381,87,2019-02,2026-04,241785.99,288033,2026-03,288033,0.003903,534734490785,99.204814,Bottom 50%
4158,4893,20983495,147,2014-01,2026-04,142744.86,341603,2014-10,341603,0.003893,534755474280,99.208706,Bottom 50%
4159,32020,20855743,39,2023-02,2026-04,534762.64,708730,2025-05,708730,0.003869,534776330023,99.212576,Bottom 50%
4160,1930,20828082,79,2019-10,2026-04,263646.61,351859,2022-02,351859,0.003864,534797158105,99.21644,Bottom 50%
4161,1866,20805610,31,2022-10,2026-04,671148.71,851552,2024-10,851552,0.00386,534817963715,99.2203,Bottom 50%
4162,6724,20794991,110,2016-07,2026-04,189045.37,433158,2021-03,433158,0.003858,534838758706,99.224158,Bottom 50%
4163,6306,20773204,82,2019-07,2026-04,253331.76,310850,2023-05,310850,0.003854,534859531910,99.228011,Bottom 50%
4164,1887,20714309,76,2020-01,2026-04,272556.7,326016,2025-03,326016,0.003843,534880246219,99.231854,Bottom 50%
4165,5377,20678143,71,2020-06,2026-04,291241.45,479966,2026-03,479966,0.003836,534900924362,99.235691,Bottom 50%
4166,1957,20592747,24,2024-05,2026-04,858031.12,1015982,2025-10,1015982,0.00382,534921517109,99.239511,Bottom 50%
4167,3649,20556648,86,2019-03,2026-04,239030.79,335942,2025-08,335942,0.003814,534942073757,99.243325,Bottom 50%
4168,6148,20460150,82,2019-07,2026-04,249514.02,312743,2025-10,312743,0.003796,534962533907,99.247121,Bottom 50%
4169,4120,20394456,113,2016-05,2026-04,180481.91,265351,2018-05,265351,0.003784,534982928363,99.250904,Bottom 50%
4170,5340,20327113,134,2015-02,2026-04,151694.87,177646,2019-10,177646,0.003771,535003255476,99.254675,Bottom 50%
4171,1835,20312478,58,2021-07,2026-04,350215.14,394438,2025-10,394438,0.003768,535023567954,99.258444,Bottom 50%
4172,3135,20306200,74,2014-01,2023-10,274408.11,338041,2014-05,338041,0.003767,535043874154,99.262211,Bottom 50%
4173,32022,20266249,34,2023-07,2026-04,596066.15,931678,2026-02,931678,0.00376,535064140403,99.265971,Bottom 50%
4174,32023,20223569,21,2024-08,2026-04,963027.1,1125858,2026-03,1125858,0.003752,535084363972,99.269723,Bottom 50%
4175,2116,20190989,34,2021-10,2026-04,593852.62,792301,2024-10,792301,0.003746,535104554961,99.273468,Bottom 50%
4176,526,20190442,74,2019-07,2026-04,272843.81,673810,2025-10,673810,0.003746,535124745403,99.277214,Bottom 50%
4177,5482,20163726,40,2023-01,2026-04,504093.15,905551,2026-01,905551,0.003741,535144909129,99.280955,Bottom 50%
4178,2144,20116796,53,2020-05,2026-04,379562.19,601780,2026-03,601780,0.003732,535165025925,99.284687,Bottom 50%
4179,1734,20033496,106,2016-06,2026-04,188995.25,315474,2019-10,315474,0.003717,535185059421,99.288404,Bottom 50%
4180,1258,19881726,87,2019-02,2026-04,228525.59,285433,2019-10,285433,0.003688,535204941147,99.292092,Bottom 50%
4181,949,19757406,89,2018-10,2026-04,221993.33,304011,2019-10,304011,0.003665,535224698553,99.295758,Bottom 50%
4182,32054,19735804,34,2023-07,2026-04,580464.82,898957,2026-02,898957,0.003661,535244434357,99.299419,Bottom 50%
4183,6142,19719431,76,2020-01,2026-04,259466.2,308059,2021-03,308059,0.003658,535264153788,99.303078,Bottom 50%
4184,2383,19711018,43,2022-10,2026-04,458395.77,605707,2025-10,605707,0.003657,535283864806,99.306734,Bottom 50%
4185,4229,19689501,119,2016-05,2026-04,165457.99,191694,2025-08,191694,0.003653,535303554307,99.310387,Bottom 50%
4186,5381,19670369,61,2021-04,2026-04,322465.07,475515,2026-03,475515,0.003649,535323224676,99.314036,Bottom 50%
4187,32052,19632854,28,2023-10,2026-04,701173.36,884368,2026-03,884368,0.003642,535342857530,99.317679,Bottom 50%
4188,2223,19558662,42,2022-11,2026-04,465682.43,857761,2026-02,857761,0.003629,535362416192,99.321307,Bottom 50%
4189,2239,19497548,33,2022-02,2026-04,590834.79,752513,2026-03,752513,0.003617,535381913740,99.324925,Bottom 50%
4190,32012,19363793,31,2023-10,2026-04,624638.48,782762,2026-03,782762,0.003592,535401277533,99.328517,Bottom 50%
4191,5441,19231880,21,2023-10,2026-04,915803.81,1128241,2026-03,1128241,0.003568,535420509413,99.332085,Bottom 50%
4192,5411,19179269,55,2021-10,2026-04,348713.98,379547,2024-12,379547,0.003558,535439688682,99.335643,Bottom 50%
4193,5975,19113782,81,2019-08,2026-04,235972.62,295374,2025-10,295374,0.003546,535458802464,99.339189,Bottom 50%
4194,5362,18967254,105,2017-07,2026-04,180640.51,271200,2022-05,271200,0.003519,535477769718,99.342708,Bottom 50%
4195,1484,18954719,83,2019-06,2026-04,228370.11,259278,2021-03,259278,0.003517,535496724437,99.346224,Bottom 50%
4196,5443,18934529,24,2024-05,2026-04,788938.71,1073349,2026-02,1073349,0.003513,535515658966,99.349737,Bottom 50%
4197,1158,18920239,147,2014-01,2026-04,128709.11,331464,2022-03,331464,0.00351,535534579205,99.353247,Bottom 50%
4198,3286,18913496,107,2017-05,2026-04,176761.64,325201,2023-03,325201,0.003509,535553492701,99.356756,Bottom 50%
4199,1496,18883217,82,2019-07,2026-04,230283.13,623219,2025-10,623219,0.003503,535572375918,99.360259,Bottom 50%
4200,973,18826079,82,2019-07,2026-04,229586.33,314435,2025-10,314435,0.003493,535591201997,99.363752,Bottom 50%
4201,5152,18782587,64,2014-06,2026-04,293477.92,369057,2026-02,369057,0.003485,535609984584,99.367237,Bottom 50%
4202,5461,18768236,18,2024-11,2026-04,1042679.78,1273893,2025-10,1273893,0.003482,535628752820,99.370719,Bottom 50%
4203,5440,18735408,21,2023-10,2026-04,892162.29,1112692,2026-03,1112692,0.003476,535647488228,99.374194,Bottom 50%
4204,5658,18709964,82,2019-07,2026-04,228170.29,332837,2025-01,332837,0.003471,535666198192,99.377665,Bottom 50%
4205,5836,18517303,147,2014-01,2026-04,125968.05,198663,2014-10,198663,0.003435,535684715495,99.381101,Bottom 50%
4206,2389,18513649,41,2022-12,2026-04,451552.41,566486,2025-10,566486,0.003435,535703229144,99.384536,Bottom 50%
4207,32096,18503073,22,2024-07,2026-04,841048.77,1010776,2026-03,1010776,0.003433,535721732217,99.387968,Bottom 50%
4208,5425,18392973,29,2022-02,2026-04,634240.45,887235,2026-01,887235,0.003412,535740125190,99.391381,Bottom 50%
4209,2131,18329715,39,2023-02,2026-04,469992.69,639989,2024-02,639989,0.003401,535758454905,99.394781,Bottom 50%
4210,1762,18216887,102,2017-10,2026-04,178596.93,225058,2025-03,225058,0.00338,535776671792,99.398161,Bottom 50%
4211,32049,18206485,33,2023-08,2026-04,551711.67,638070,2025-03,638070,0.003378,535794878277,99.401538,Bottom 50%
4212,2221,18067917,92,2018-07,2026-04,196390.4,334246,2019-10,334246,0.003352,535812946194,99.40489,Bottom 50%
4213,1837,18006631,48,2022-02,2026-04,375138.15,580101,2026-03,580101,0.003341,535830952825,99.408231,Bottom 50%
4214,3586,17977875,97,2017-11,2026-04,185338.92,375365,2023-05,375365,0.003335,535848930700,99.411566,Bottom 50%
4215,6004,17969467,55,2021-10,2026-04,326717.58,439037,2022-05,439037,0.003334,535866900167,99.4149,Bottom 50%
4216,2072,17931651,68,2020-09,2026-04,263700.75,321618,2024-03,321618,0.003327,535884831818,99.418227,Bottom 50%
4217,1964,17923276,55,2021-10,2026-04,325877.75,383429,2024-10,383429,0.003325,535902755094,99.421552,Bottom 50%
4218,1557,17916868,69,2019-07,2026-04,259664.75,321330,2025-10,321330,0.003324,535920671962,99.424876,Bottom 50%
4219,5427,17913833,49,2022-04,2026-04,365588.43,417942,2023-12,417942,0.003323,535938585795,99.428199,Bottom 50%
4220,5150,17897580,97,2014-06,2026-04,184511.13,231954,2025-03,231954,0.00332,535956483375,99.43152,Bottom 50%
4221,5663,17872781,77,2019-12,2026-04,232114.04,333720,2025-01,333720,0.003316,535974356156,99.434835,Bottom 50%
4222,1227,17706822,61,2021-04,2026-04,290275.77,369157,2026-03,369157,0.003285,535992062978,99.43812,Bottom 50%
4223,2237,17593956,45,2021-10,2026-04,390976.8,472821,2025-10,472821,0.003264,536009656934,99.441384,Bottom 50%
4224,1825,17545499,80,2019-09,2026-04,219318.74,335503,2019-10,335503,0.003255,536027202433,99.44464,Bottom 50%
4225,5834,17389771,34,2019-07,2023-10,511463.85,631477,2019-10,631477,0.003226,536044592204,99.447866,Bottom 50%
4226,1481,17298763,77,2019-12,2026-04,224659.26,352937,2026-03,352937,0.003209,536061890967,99.451075,Bottom 50%
4227,1491,17183735,88,2018-10,2026-04,195269.72,297956,2025-08,297956,0.003188,536079074702,99.454263,Bottom 50%
4228,1860,17150085,62,2021-03,2026-04,276614.27,364601,2025-08,364601,0.003182,536096224787,99.457445,Bottom 50%
4229,5420,17122059,57,2021-08,2026-04,300387.0,489173,2026-03,489173,0.003177,536113346846,99.460621,Bottom 50%
4230,627,17118940,89,2018-10,2026-04,192347.64,238468,2021-11,238468,0.003176,536130465786,99.463797,Bottom 50%
4231,5442,17069753,23,2024-06,2026-04,742163.17,974552,2026-03,974552,0.003167,536147535539,99.466964,Bottom 50%
4232,1868,17032999,54,2021-10,2026-04,315425.91,368716,2023-03,368716,0.00316,536164568538,99.470124,Bottom 50%
4233,4547,16983881,147,2014-01,2026-04,115536.61,303531,2017-03,303531,0.003151,536181552419,99.473275,Bottom 50%
4234,2074,16965396,66,2020-11,2026-04,257051.45,341883,2023-10,341883,0.003147,536198517815,99.476422,Bottom 50%
4235,5383,16961006,73,2019-12,2026-04,232342.55,380529,2026-03,380529,0.003147,536215478821,99.479569,Bottom 50%
4236,3326,16922307,82,2018-11,2026-04,206369.6,378514,2026-03,378514,0.003139,536232401128,99.482708,Bottom 50%
4237,5171,16855192,129,2014-01,2026-04,130660.4,213374,2022-10,213374,0.003127,536249256320,99.485835,Bottom 50%
4238,2257,16846434,53,2021-12,2026-04,317857.25,452222,2026-01,452222,0.003125,536266102754,99.488961,Bottom 50%
4239,1954,16836867,56,2021-09,2026-04,300658.34,373923,2025-10,373923,0.003124,536282939621,99.492084,Bottom 50%
4240,4572,16825029,147,2014-01,2026-04,114455.98,235521,2022-07,235521,0.003121,536299764650,99.495206,Bottom 50%
4241,32005,16799290,29,2023-12,2026-04,579285.86,638767,2025-03,638767,0.003117,536316563940,99.498322,Bottom 50%
4242,1970,16756347,44,2022-09,2026-04,380826.07,448946,2025-10,448946,0.003109,536333320287,99.501431,Bottom 50%
4243,1263,16690559,147,2014-01,2026-04,113541.22,147143,2023-03,147143,0.003096,536350010846,99.504527,Bottom 50%
4244,5396,16673853,69,2020-08,2026-04,241650.04,449251,2026-03,449251,0.003093,536366684699,99.507621,Bottom 50%
4245,1770,16616365,79,2017-04,2026-04,210333.73,345474,2026-03,345474,0.003083,536383301064,99.510704,Bottom 50%
4246,6664,16589403,82,2019-07,2026-04,202309.79,230856,2020-12,230856,0.003078,536399890467,99.513781,Bottom 50%
4247,5474,16500091,19,2024-10,2026-04,868425.84,978670,2025-03,978670,0.003061,536416390558,99.516842,Bottom 50%
4248,4596,16493037,147,2014-01,2026-04,112197.53,312540,2014-01,312540,0.00306,536432883595,99.519902,Bottom 50%
4249,3463,16456175,82,2019-07,2026-04,200685.06,322357,2025-03,322357,0.003053,536449339770,99.522955,Bottom 50%
4250,6340,16369257,147,2014-01,2026-04,111355.49,145832,2024-12,145832,0.003037,536465709027,99.525992,Bottom 50%
4251,3211,16264257,119,2016-05,2026-04,136674.43,211018,2024-10,211018,0.003017,536481973284,99.529009,Bottom 50%
4252,2132,16191119,41,2022-12,2026-04,394905.34,527321,2024-02,527321,0.003004,536498164403,99.532013,Bottom 50%
4253,1444,16176426,36,2023-05,2026-04,449345.17,546988,2025-05,546988,0.003001,536514340829,99.535014,Bottom 50%
4254,5454,16081240,34,2023-07,2026-04,472977.65,604579,2023-08,604579,0.002983,536530422069,99.537998,Bottom 50%
4255,5187,16074445,106,2014-06,2026-04,151645.71,273842,2022-07,273842,0.002982,536546496514,99.54098,Bottom 50%
4256,2363,16059902,46,2022-07,2026-04,349128.3,404331,2025-10,404331,0.002979,536562556416,99.543959,Bottom 50%
4257,2372,15982325,21,2023-10,2026-04,761063.1,1007806,2025-10,1007806,0.002965,536578538741,99.546924,Bottom 50%
4258,5813,15911499,147,2014-01,2026-04,108241.49,206758,2014-03,206758,0.002952,536594450240,99.549876,Bottom 50%
4259,1831,15892456,64,2020-07,2026-04,248319.62,359461,2026-02,359461,0.002948,536610342696,99.552825,Bottom 50%
4260,1854,15848578,70,2020-07,2026-04,226408.26,285981,2024-05,285981,0.00294,536626191274,99.555765,Bottom 50%
4261,5414,15730566,61,2021-04,2026-04,257878.13,346450,2025-08,346450,0.002918,536641921840,99.558683,Bottom 50%
4262,6600,15624161,82,2019-07,2026-04,190538.55,246193,2026-01,246193,0.002899,536657546001,99.561582,Bottom 50%
4263,3836,15619804,134,2014-01,2025-10,116565.7,536299,2014-03,536299,0.002898,536673165805,99.56448,Bottom 50%
4264,5432,15490177,31,2023-10,2026-04,499683.13,659973,2026-03,659973,0.002874,536688655982,99.567353,Bottom 50%
4265,2117,15414007,55,2021-10,2026-04,280254.67,366501,2025-03,366501,0.00286,536704069989,99.570213,Bottom 50%
4266,5422,15338775,59,2021-06,2026-04,259979.24,470568,2024-06,470568,0.002846,536719408764,99.573059,Bottom 50%
4267,3477,15308324,145,2014-01,2026-04,105574.65,162869,2020-12,162869,0.00284,536734717088,99.575899,Bottom 50%
4268,32132,15301119,18,2024-11,2026-04,850062.17,1020543,2026-01,1020543,0.002839,536750018207,99.578738,Bottom 50%
4269,349,15203984,73,2014-01,2023-10,208273.75,251713,2019-05,251713,0.002821,536765222191,99.581558,Bottom 50%
4270,1834,15202453,70,2020-07,2026-04,217177.9,270099,2021-10,270099,0.00282,536780424644,99.584379,Bottom 50%
4271,5373,15148113,68,2020-06,2026-04,222766.37,478716,2026-03,478716,0.00281,536795572757,99.587189,Bottom 50%
4272,5369,15082137,83,2019-06,2026-04,181712.49,291882,2026-03,291882,0.002798,536810654894,99.589987,Bottom 50%
4273,4908,15052733,147,2014-01,2026-04,102399.54,140457,2014-03,140457,0.002793,536825707627,99.59278,Bottom 50%
4274,32046,14997352,14,2025-03,2026-04,1071239.43,1234676,2026-03,1234676,0.002782,536840704979,99.595562,Bottom 50%
4275,2261,14888086,43,2022-10,2026-04,346234.56,418264,2026-03,418264,0.002762,536855593065,99.598324,Bottom 50%
4276,6064,14848632,59,2021-06,2026-04,251671.73,308887,2024-12,308887,0.002755,536870441697,99.601079,Bottom 50%
4277,3672,14832783,147,2014-01,2026-04,100903.29,184639,2025-05,184639,0.002752,536885274480,99.60383,Bottom 50%
4278,32018,14790900,29,2023-10,2026-04,510031.03,763734,2026-01,763734,0.002744,536900065380,99.606575,Bottom 50%
4279,1827,14783861,56,2021-09,2026-04,263997.52,437880,2025-10,437880,0.002743,536914849241,99.609317,Bottom 50%
4280,6047,14760758,90,2018-10,2026-04,164008.42,223129,2019-10,223129,0.002738,536929609999,99.612056,Bottom 50%
4281,6268,14712008,41,2022-12,2026-04,358829.46,411343,2024-12,411343,0.002729,536944322007,99.614785,Bottom 50%
4282,5837,14710897,26,2024-03,2026-04,565803.73,682442,2024-10,682442,0.002729,536959032904,99.617514,Bottom 50%
4283,2283,14444677,24,2023-10,2026-04,601861.54,802781,2026-03,802781,0.00268,536973477581,99.620194,Bottom 50%
4284,6072,14321591,47,2022-06,2026-04,304714.7,347063,2025-10,347063,0.002657,536987799172,99.622851,Bottom 50%
4285,5436,14295886,44,2022-09,2026-04,324906.5,447168,2023-03,447168,0.002652,537002095058,99.625503,Bottom 50%
4286,589,14221139,47,2016-02,2023-10,302577.43,376745,2017-05,376745,0.002638,537016316197,99.628142,Bottom 50%
4287,5852,14051683,77,2018-11,2026-04,182489.39,262345,2023-05,262345,0.002607,537030367880,99.630748,Bottom 50%
4288,5444,14046101,30,2023-11,2026-04,468203.37,741717,2026-02,741717,0.002606,537044413981,99.633354,Bottom 50%
4289,2790,13990194,36,2016-02,2023-10,388616.5,506097,2017-03,506097,0.002595,537058404175,99.63595,Bottom 50%
4290,6071,13975360,47,2022-06,2026-04,297348.09,343450,2025-10,343450,0.002593,537072379535,99.638543,Bottom 50%
4291,32072,13843247,24,2024-05,2026-04,576801.96,674078,2025-10,674078,0.002568,537086222782,99.641111,Bottom 50%
4292,4690,13738406,34,2023-07,2026-04,404070.76,496400,2024-03,496400,0.002549,537099961188,99.64366,Bottom 50%
4293,1969,13665393,59,2021-06,2026-04,231616.83,471002,2026-02,471002,0.002535,537113626581,99.646195,Bottom 50%
4294,3869,13660636,145,2014-01,2026-04,94211.28,116411,2019-10,116411,0.002534,537127287217,99.648729,Bottom 50%
4295,5438,13623003,27,2024-02,2026-04,504555.67,636853,2025-05,636853,0.002527,537140910220,99.651256,Bottom 50%
4296,32188,13575286,12,2025-05,2026-04,1131273.83,1418864,2025-10,1418864,0.002519,537154485506,99.653775,Bottom 50%
4297,5451,13533670,22,2023-10,2026-04,615166.82,751630,2025-10,751630,0.002511,537168019176,99.656286,Bottom 50%
4298,5476,13526052,36,2023-05,2026-04,375723.67,431049,2024-12,431049,0.002509,537181545228,99.658795,Bottom 50%
4299,1771,13483897,79,2017-04,2026-04,170682.24,397368,2025-04,397368,0.002502,537195029125,99.661297,Bottom 50%
4300,1473,13443755,82,2019-07,2026-04,163948.23,224851,2019-10,224851,0.002494,537208472880,99.663791,Bottom 50%
4301,1571,13425911,91,2014-12,2026-04,147537.48,217173,2025-10,217173,0.002491,537221898791,99.666282,Bottom 50%
4302,4546,13385982,74,2014-01,2026-04,180891.65,290528,2017-03,290528,0.002483,537235284773,99.668765,Bottom 50%
4303,523,13268371,119,2016-05,2026-04,111498.92,130701,2019-05,130701,0.002462,537248553144,99.671227,Bottom 50%
4304,32111,13170966,16,2025-01,2026-04,823185.38,1010974,2025-03,1010974,0.002443,537261724110,99.67367,Bottom 50%
4305,3628,13164617,100,2014-07,2026-04,131646.17,297042,2021-11,297042,0.002442,537274888727,99.676112,Bottom 50%
4306,2130,13124909,41,2022-12,2026-04,320119.73,460836,2024-02,460836,0.002435,537288013636,99.678547,Bottom 50%
4307,5466,13068896,37,2023-04,2026-04,353213.41,601916,2024-10,601916,0.002425,537301082532,99.680972,Bottom 50%
4308,3276,13036336,147,2014-01,2026-04,88682.56,245690,2017-10,245690,0.002419,537314118868,99.68339,Bottom 50%
4309,32131,12990329,18,2024-11,2026-04,721684.94,856235,2026-01,856235,0.00241,537327109197,99.6858,Bottom 50%
4310,1414,12764809,14,2017-07,2018-08,911772.07,1429763,2018-03,1429763,0.002368,537339874006,99.688169,Bottom 50%
4311,1874,12761296,42,2022-10,2026-04,303840.38,818748,2026-03,818748,0.002367,537352635302,99.690536,Bottom 50%
4312,1853,12751778,58,2021-07,2026-04,219858.24,478210,2025-10,478210,0.002366,537365387080,99.692902,Bottom 50%
4313,32138,12701413,12,2025-05,2026-04,1058451.08,1234101,2026-03,1234101,0.002356,537378088493,99.695258,Bottom 50%
4314,1867,12541504,62,2021-03,2026-04,202282.32,324034,2024-10,324034,0.002327,537390629997,99.697585,Bottom 50%
4315,2032,12534674,129,2015-07,2026-04,97168.02,192866,2026-03,192866,0.002325,537403164671,99.69991,Bottom 50%
4316,1582,12523698,129,2015-07,2026-04,97082.93,153023,2025-03,153023,0.002323,537415688369,99.702234,Bottom 50%
4317,2262,12419755,33,2023-08,2026-04,376356.21,437747,2026-03,437747,0.002304,537428108124,99.704538,Bottom 50%
4318,1804,12305864,38,2022-09,2026-04,323838.53,592554,2023-06,592554,0.002283,537440413988,99.706821,Bottom 50%
4319,5868,12261258,41,2022-12,2026-04,299055.07,355627,2024-11,355627,0.002275,537452675246,99.709096,Bottom 50%
4320,2128,12235536,41,2022-02,2026-04,298427.71,470108,2026-03,470108,0.00227,537464910782,99.711366,Bottom 50%
4321,2374,12203696,34,2023-07,2026-04,358932.24,459888,2025-10,459888,0.002264,537477114478,99.71363,Bottom 50%
4322,1552,12202321,146,2014-02,2026-04,83577.54,158908,2019-08,158908,0.002264,537489316799,99.715893,Bottom 50%
4323,5861,12185388,35,2021-10,2026-04,348153.94,445137,2025-10,445137,0.002261,537501502187,99.718154,Bottom 50%
4324,2473,12153884,64,2020-11,2026-04,189904.44,326565,2025-10,326565,0.002255,537513656071,99.720409,Bottom 50%
4325,5449,12013995,22,2023-12,2026-04,546090.68,672614,2026-03,672614,0.002229,537525670066,99.722638,Bottom 50%
4326,1863,11999732,9,2025-08,2026-04,1333303.56,1674181,2026-03,1674181,0.002226,537537669798,99.724864,Bottom 50%
4327,2031,11976032,129,2015-07,2026-04,92837.46,216886,2025-10,216886,0.002222,537549645830,99.727086,Bottom 50%
4328,3046,11956391,119,2016-05,2026-04,100473.87,130311,2017-12,130311,0.002218,537561602221,99.729304,Bottom 50%
4329,32009,11938692,31,2023-10,2026-04,385119.1,477649,2026-03,477649,0.002215,537573540913,99.731519,Bottom 50%
4330,5375,11845788,24,2024-05,2026-04,493574.5,609920,2024-10,609920,0.002198,537585386701,99.733716,Bottom 50%
4331,2243,11806292,41,2022-12,2026-04,287958.34,444283,2026-03,444283,0.00219,537597192993,99.735907,Bottom 50%
4332,1811,11774288,22,2022-02,2026-04,535194.91,723110,2025-10,723110,0.002184,537608967281,99.738091,Bottom 50%
4333,2373,11759483,33,2023-08,2026-04,356347.97,441228,2025-10,441228,0.002182,537620726764,99.740273,Bottom 50%
4334,1348,11581623,32,2022-10,2026-04,361925.72,472093,2025-10,472093,0.002149,537632308387,99.742421,Bottom 50%
4335,32024,11446943,21,2023-10,2026-04,545092.52,744975,2025-10,744975,0.002124,537643755330,99.744545,Bottom 50%
4336,4592,11431785,147,2014-01,2026-04,77767.24,111564,2018-05,111564,0.002121,537655187115,99.746666,Bottom 50%
4337,2995,11427581,118,2016-06,2026-04,96843.91,170947,2024-05,170947,0.00212,537666614696,99.748786,Bottom 50%
4338,2230,11427511,27,2024-02,2026-04,423241.15,479100,2025-03,479100,0.00212,537678042207,99.750906,Bottom 50%
4339,4452,11395418,147,2014-01,2026-04,77519.85,143186,2019-06,143186,0.002114,537689437625,99.75302,Bottom 50%
4340,1995,11359778,12,2025-05,2026-04,946648.17,1098838,2025-08,1098838,0.002107,537700797403,99.755128,Bottom 50%
4341,1987,11312342,52,2021-10,2026-04,217545.04,432383,2026-03,432383,0.002099,537712109745,99.757226,Bottom 50%
4342,5430,11290798,35,2023-06,2026-04,322594.23,436298,2025-10,436298,0.002095,537723400543,99.759321,Bottom 50%
4343,2098,11235969,8,2025-09,2026-04,1404496.12,1772323,2026-03,1772323,0.002085,537734636512,99.761406,Bottom 50%
4344,32176,11234242,15,2025-02,2026-04,748949.47,860588,2026-03,860588,0.002084,537745870754,99.76349,Bottom 50%
4345,4529,11226490,147,2014-01,2026-04,76370.68,117886,2020-01,117886,0.002083,537757097244,99.765572,Bottom 50%
4346,5378,11130215,77,2019-10,2026-04,144548.25,177483,2024-10,177483,0.002065,537768227459,99.767637,Bottom 50%
4347,32154,11081207,9,2025-08,2026-04,1231245.22,1493822,2025-10,1493822,0.002056,537779308666,99.769693,Bottom 50%
4348,32062,11062237,8,2025-09,2026-04,1382779.62,1712268,2025-10,1712268,0.002052,537790370903,99.771745,Bottom 50%
4349,3045,11016081,120,2016-02,2026-04,91800.68,114871,2016-12,114871,0.002044,537801386984,99.773789,Bottom 50%
4350,32006,10991758,31,2022-10,2026-04,354572.84,583038,2025-10,583038,0.002039,537812378742,99.775828,Bottom 50%
4351,1847,10981788,18,2023-10,2026-04,610099.33,996041,2025-10,996041,0.002037,537823360530,99.777866,Bottom 50%
4352,6244,10889639,47,2022-06,2026-04,231694.45,277748,2026-01,277748,0.00202,537834250169,99.779886,Bottom 50%
4353,2362,10882808,25,2023-10,2026-04,435312.32,526749,2025-03,526749,0.002019,537845132977,99.781905,Bottom 50%
4354,2278,10881878,44,2022-02,2026-04,247315.41,475640,2026-03,475640,0.002019,537856014855,99.783924,Bottom 50%
4355,6052,10843483,36,2023-05,2026-04,301207.86,346601,2026-03,346601,0.002012,537866858338,99.785936,Bottom 50%
4356,1300,10734408,147,2014-01,2026-04,73023.18,93007,2025-10,93007,0.001991,537877592746,99.787927,Bottom 50%
4357,2285,10732793,29,2023-10,2026-04,370096.31,532961,2025-05,532961,0.001991,537888325539,99.789918,Bottom 50%
4358,4607,10699573,147,2014-01,2026-04,72786.21,104496,2023-10,104496,0.001985,537899025112,99.791903,Bottom 50%
4359,3865,10578278,119,2016-05,2026-04,88893.09,271202,2024-06,271202,0.001962,537909603390,99.793866,Bottom 50%
4360,6406,10543605,134,2014-01,2026-04,78683.62,145271,2020-12,145271,0.001956,537920146995,99.795822,Bottom 50%
4361,2247,10497425,8,2025-09,2026-04,1312178.12,1698182,2025-10,1698182,0.001947,537930644420,99.797769,Bottom 50%
4362,2248,10461875,52,2021-10,2026-04,201189.9,267190,2025-03,267190,0.001941,537941106295,99.79971,Bottom 50%
4363,3623,10433640,147,2014-01,2026-04,70977.14,96961,2017-03,96961,0.001936,537951539935,99.801646,Bottom 50%
4364,1965,10417532,40,2023-01,2026-04,260438.3,395196,2025-03,395196,0.001933,537961957467,99.803578,Bottom 50%
4365,6247,10391137,27,2023-10,2026-04,384856.93,458225,2025-05,458225,0.001928,537972348604,99.805506,Bottom 50%
4366,1991,10342642,55,2021-10,2026-04,188048.04,306625,2026-03,306625,0.001919,537982691246,99.807425,Bottom 50%
4367,5499,10218599,21,2024-08,2026-04,486599.95,614963,2025-10,614963,0.001896,537992909845,99.809321,Bottom 50%
4368,3470,10095255,94,2018-06,2026-04,107396.33,278326,2019-05,278326,0.001873,538003005100,99.811194,Bottom 50%
4369,1492,9989621,27,2021-10,2026-04,369985.96,509880,2026-03,509880,0.001853,538012994721,99.813047,Bottom 50%
4370,5986,9945228,138,2014-01,2026-04,72066.87,120474,2022-11,120474,0.001845,538022939949,99.814892,Bottom 50%
4371,2227,9914458,11,2023-10,2026-04,901314.36,1203528,2025-10,1203528,0.001839,538032854407,99.816731,Bottom 50%
4372,1875,9910422,22,2019-07,2023-10,450473.73,787867,2019-10,787867,0.001839,538042764829,99.81857,Bottom 50%
4373,2477,9858159,34,2023-07,2026-04,289945.85,481503,2025-03,481503,0.001829,538052622988,99.820399,Bottom 50%
4374,4609,9816598,147,2014-01,2026-04,66779.58,99482,2022-05,99482,0.001821,538062439586,99.82222,Bottom 50%
4375,4604,9812110,147,2014-01,2026-04,66749.05,129118,2017-03,129118,0.00182,538072251696,99.82404,Bottom 50%
4376,32159,9635738,13,2024-07,2025-07,741210.62,922493,2024-08,922493,0.001788,538081887434,99.825828,Bottom 50%
4377,1495,9462569,74,2020-03,2026-04,127872.55,268885,2026-03,268885,0.001756,538091350003,99.827584,Bottom 50%
4378,1871,9367140,46,2022-02,2026-04,203633.48,326934,2025-10,326934,0.001738,538100717143,99.829321,Bottom 50%
4379,5374,9306681,71,2018-11,2026-04,131080.01,262789,2026-03,262789,0.001727,538110023824,99.831048,Bottom 50%
4380,6610,9294865,90,2018-10,2026-04,103276.28,304829,2019-10,304829,0.001724,538119318689,99.832772,Bottom 50%
4381,32097,9279451,19,2024-10,2026-04,488392.16,587776,2026-03,587776,0.001722,538128598140,99.834494,Bottom 50%
4382,2192,9241430,34,2014-01,2023-10,271806.76,458905,2014-10,458905,0.001714,538137839570,99.836208,Bottom 50%
4383,32094,9231390,19,2024-10,2026-04,485862.63,581332,2025-10,581332,0.001713,538147070960,99.837921,Bottom 50%
4384,5452,9146528,30,2023-10,2026-04,304884.27,464526,2026-03,464526,0.001697,538156217488,99.839618,Bottom 50%
4385,32007,9114047,31,2022-10,2026-04,294001.52,494906,2025-10,494906,0.001691,538165331535,99.841309,Bottom 50%
4386,32160,9111814,27,2024-02,2026-04,337474.59,437473,2024-12,437473,0.00169,538174443349,99.842999,Bottom 50%
4387,2121,9097661,55,2021-10,2026-04,165412.02,223658,2025-10,223658,0.001688,538183541010,99.844687,Bottom 50%
4388,5429,9086445,35,2023-06,2026-04,259612.71,387743,2024-03,387743,0.001686,538192627455,99.846373,Bottom 50%
4389,4588,9029414,146,2014-01,2026-04,61845.3,108970,2025-10,108970,0.001675,538201656869,99.848048,Bottom 50%
4390,32048,9009820,14,2025-03,2026-04,643558.57,759391,2025-05,759391,0.001672,538210666689,99.849719,Bottom 50%
4391,32148,8990621,10,2025-07,2026-04,899062.1,1137004,2025-10,1137004,0.001668,538219657310,99.851387,Bottom 50%
4392,32156,8905878,14,2025-03,2026-04,636134.14,931131,2026-03,931131,0.001652,538228563188,99.85304,Bottom 50%
4393,32155,8833587,18,2024-11,2026-04,490754.83,772301,2025-03,772301,0.001639,538237396775,99.854678,Bottom 50%
4394,32074,8609584,12,2025-05,2026-04,717465.33,824259,2026-03,824259,0.001597,538246006359,99.856276,Bottom 50%
4395,1975,8557031,50,2022-02,2026-04,171140.62,309852,2025-05,309852,0.001588,538254563390,99.857863,Bottom 50%
4396,4586,8517696,147,2014-01,2026-04,57943.51,81302,2026-02,81302,0.00158,538263081086,99.859443,Bottom 50%
4397,6053,8480944,30,2023-10,2026-04,282698.13,350510,2026-03,350510,0.001573,538271562030,99.861017,Bottom 50%
4398,32025,8424973,19,2024-10,2026-04,443419.63,537104,2025-10,537104,0.001563,538279987003,99.86258,Bottom 50%
4399,4302,8423485,147,2014-01,2026-04,57302.62,920130,2024-08,920130,0.001563,538288410488,99.864143,Bottom 50%
4400,32053,8364964,26,2023-10,2026-04,321729.38,450975,2026-03,450975,0.001552,538296775452,99.865694,Bottom 50%
4401,5874,8315421,141,2014-07,2026-04,58974.62,80458,2024-05,80458,0.001543,538305090873,99.867237,Bottom 50%
4402,3369,8229730,80,2019-09,2026-04,102871.62,220734,2026-03,220734,0.001527,538313320603,99.868764,Bottom 50%
4403,6723,8223622,33,2023-08,2026-04,249200.67,299618,2025-10,299618,0.001526,538321544225,99.87029,Bottom 50%
4404,1469,8077020,31,2023-10,2026-04,260549.03,384072,2026-03,384072,0.001498,538329621245,99.871788,Bottom 50%
4405,4568,8049631,147,2014-01,2026-04,54759.39,74289,2014-08,74289,0.001493,538337670876,99.873281,Bottom 50%
4406,5453,8024251,27,2024-02,2026-04,297194.48,360745,2025-10,360745,0.001489,538345695127,99.87477,Bottom 50%
4407,2288,7982892,9,2025-08,2026-04,886988.0,1175088,2025-10,1175088,0.001481,538353678019,99.876251,Bottom 50%
4408,1888,7865049,12,2025-05,2026-04,655420.75,985771,2026-03,985771,0.001459,538361543068,99.87771,Bottom 50%
4409,4590,7840956,147,2014-01,2026-04,53339.84,92171,2016-07,92171,0.001455,538369384024,99.879165,Bottom 50%
4410,5870,7768753,25,2024-04,2026-04,310750.12,370244,2026-03,370244,0.001441,538377152777,99.880606,Bottom 50%
4411,32108,7752827,11,2025-06,2026-04,704802.45,896705,2025-10,896705,0.001438,538384905604,99.882044,Bottom 50%
4412,2086,7685611,42,2021-10,2026-04,182990.74,258426,2026-03,258426,0.001426,538392591215,99.88347,Bottom 50%
4413,32088,7667483,12,2025-05,2026-04,638956.92,875922,2025-10,875922,0.001422,538400258698,99.884893,Bottom 50%
4414,2917,7641189,147,2014-01,2026-04,51980.88,88511,2019-12,88511,0.001418,538407899887,99.88631,Bottom 50%
4415,1977,7592759,14,2025-03,2026-04,542339.93,661438,2026-03,661438,0.001409,538415492646,99.887719,Bottom 50%
4416,3277,7589722,147,2014-01,2026-04,51630.76,65774,2017-03,65774,0.001408,538423082368,99.889127,Bottom 50%
4417,32268,7548670,9,2025-08,2026-04,838741.11,1045335,2025-10,1045335,0.0014,538430631038,99.890528,Bottom 50%
4418,5940,7508599,130,2015-06,2026-04,57758.45,75875,2015-08,75875,0.001393,538438139637,99.891921,Bottom 50%
4419,6048,7475637,82,2019-07,2026-04,91166.3,112821,2025-01,112821,0.001387,538445615274,99.893307,Bottom 50%
4420,3282,7475618,147,2014-01,2026-04,50854.54,278829,2016-04,278829,0.001387,538453090892,99.894694,Bottom 50%
4421,2915,7371001,147,2014-01,2026-04,50142.86,73693,2014-10,73693,0.001367,538460461893,99.896062,Bottom 50%
4422,2234,7333562,31,2023-10,2026-04,236566.52,289752,2025-10,289752,0.001361,538467795455,99.897422,Bottom 50%
4423,2360,7172178,16,2022-10,2026-04,448261.12,581281,2026-03,581281,0.001331,538474967633,99.898753,Bottom 50%
4424,5486,7021168,33,2023-08,2026-04,212762.67,376582,2024-02,376582,0.001303,538481988801,99.900056,Bottom 50%
4425,4875,7002145,147,2014-01,2026-04,47633.64,57082,2019-10,57082,0.001299,538488990946,99.901355,Bottom 50%
4426,2476,6926527,18,2024-11,2026-04,384807.06,479090,2025-03,479090,0.001285,538495917473,99.90264,Bottom 50%
4427,3275,6917869,147,2014-01,2026-04,47060.33,67358,2026-03,67358,0.001283,538502835342,99.903923,Bottom 50%
4428,32100,6900494,21,2024-08,2026-04,328594.95,440886,2026-03,440886,0.00128,538509735836,99.905203,Bottom 50%
4429,7047,6889240,104,2015-03,2026-04,66242.69,171526,2022-02,171526,0.001278,538516625076,99.906481,Bottom 50%
4430,404,6878462,22,2023-10,2026-04,312657.36,407320,2024-10,407320,0.001276,538523503538,99.907757,Bottom 50%
4431,32027,6830249,15,2023-10,2026-04,455349.93,612120,2025-10,612120,0.001267,538530333787,99.909025,Bottom 50%
4432,7664,6646311,147,2014-01,2026-04,45213.0,52668,2018-08,52668,0.001233,538536980098,99.910258,Bottom 50%
4433,2533,6583804,68,2020-09,2026-04,96820.65,148511,2025-08,148511,0.001221,538543563902,99.911479,Bottom 50%
4434,6648,6561931,44,2022-09,2026-04,149134.8,166520,2024-10,166520,0.001217,538550125833,99.912696,Bottom 50%
4435,5865,6517058,24,2023-10,2026-04,271544.08,343463,2025-12,343463,0.001209,538556642891,99.913905,Bottom 50%
4436,32045,6469572,32,2023-09,2026-04,202174.12,265850,2026-03,265850,0.0012,538563112463,99.915106,Bottom 50%
4437,2367,6430622,38,2023-03,2026-04,169226.89,211127,2024-05,211127,0.001193,538569543085,99.916299,Bottom 50%
4438,6249,6424316,14,2023-10,2026-04,458879.71,577484,2025-05,577484,0.001192,538575967401,99.917491,Bottom 50%
4439,32064,6390889,15,2025-02,2026-04,426059.27,573462,2026-03,573462,0.001186,538582358290,99.918676,Bottom 50%
4440,1869,6246328,16,2023-10,2026-04,390395.5,476383,2026-03,476383,0.001159,538588604618,99.919835,Bottom 50%
4441,5445,6178190,13,2025-04,2026-04,475245.38,619801,2026-02,619801,0.001146,538594782808,99.920981,Bottom 50%
4442,6350,6166625,12,2025-05,2026-04,513885.42,635094,2025-10,635094,0.001144,538600949433,99.922125,Bottom 50%
4443,2911,6120243,147,2014-01,2026-04,41634.31,75149,2016-08,75149,0.001135,538607069676,99.923261,Bottom 50%
4444,32133,6105477,13,2025-04,2026-04,469652.08,554470,2025-10,554470,0.001133,538613175153,99.924393,Bottom 50%
4445,2359,6063112,30,2022-10,2026-04,202103.73,278306,2026-03,278306,0.001125,538619238265,99.925518,Bottom 50%
4446,32178,6059798,10,2025-07,2026-04,605979.8,724686,2025-10,724686,0.001124,538625298063,99.926642,Bottom 50%
4447,6096,6026731,34,2019-11,2023-10,177256.79,307887,2021-03,307887,0.001118,538631324794,99.927761,Bottom 50%
4448,5494,5913388,21,2024-08,2026-04,281589.9,343558,2025-10,343558,0.001097,538637238182,99.928858,Bottom 50%
4449,2364,5897848,36,2023-05,2026-04,163829.11,396779,2025-11,396779,0.001094,538643136030,99.929952,Bottom 50%
4450,3278,5848556,147,2014-01,2026-04,39786.1,51136,2017-03,51136,0.001085,538648984586,99.931037,Bottom 50%
4451,32191,5841894,9,2025-08,2026-04,649099.33,836735,2025-12,836735,0.001084,538654826480,99.932121,Bottom 50%
4452,2196,5790822,36,2019-08,2023-10,160856.17,326371,2021-03,326371,0.001074,538660617302,99.933195,Bottom 50%
4453,32146,5754157,17,2024-12,2026-04,338479.82,433227,2025-10,433227,0.001068,538666371459,99.934262,Bottom 50%
4454,1587,5750299,76,2014-12,2026-04,75661.83,154030,2025-03,154030,0.001067,538672121758,99.935329,Bottom 50%
4455,6705,5734467,20,2024-09,2026-04,286723.35,358797,2026-01,358797,0.001064,538677856225,99.936393,Bottom 50%
4456,32026,5692280,19,2024-10,2026-04,299593.68,383757,2025-10,383757,0.001056,538683548505,99.937449,Bottom 50%
4457,8521,5656625,12,2018-08,2019-08,471385.42,514948,2019-07,514948,0.001049,538689205130,99.938499,Bottom 50%
4458,32104,5625144,7,2025-10,2026-04,803592.0,1000298,2025-12,1000298,0.001044,538694830274,99.939542,Bottom 50%
4459,1877,5591572,34,2021-10,2026-04,164458.0,233942,2025-10,233942,0.001037,538700421846,99.94058,Bottom 50%
4460,5433,5545611,18,2023-10,2026-04,308089.5,392437,2025-10,392437,0.001029,538705967457,99.941608,Bottom 50%
4461,1848,5522100,9,2021-10,2026-04,613566.67,1453911,2026-03,1453911,0.001024,538711489557,99.942633,Bottom 50%
4462,5426,5478571,8,2022-10,2026-04,684821.38,1133332,2026-01,1133332,0.001016,538716968128,99.943649,Bottom 50%
4463,5455,5411291,18,2024-11,2026-04,300627.28,399861,2026-03,399861,0.001004,538722379419,99.944653,Bottom 50%
4464,32079,5400070,23,2023-10,2026-04,234785.65,393458,2025-11,393458,0.001002,538727779489,99.945655,Bottom 50%
4465,2015,5365173,113,2014-01,2025-10,47479.41,138268,2017-12,138268,0.000995,538733144662,99.94665,Bottom 50%
4466,5467,5277503,7,2025-10,2026-04,753929.0,1064400,2026-03,1064400,0.000979,538738422165,99.947629,Bottom 50%
4467,1878,5011683,49,2022-02,2026-04,102279.24,149618,2026-03,149618,0.00093,538743433848,99.948559,Bottom 50%
4468,32070,4986175,16,2025-01,2026-04,311635.94,469587,2025-10,469587,0.000925,538748420023,99.949484,Bottom 50%
4469,5478,4942982,6,2025-11,2026-04,823830.33,1078899,2026-03,1078899,0.000917,538753363005,99.950401,Bottom 50%
4470,5871,4935673,5,2025-12,2026-04,987134.6,1754307,2026-03,1754307,0.000916,538758298678,99.951317,Bottom 50%
4471,1546,4908018,107,2017-01,2026-04,45869.33,68408,2023-10,68408,0.000911,538763206696,99.952228,Bottom 50%
4472,7050,4853520,67,2019-07,2026-04,72440.6,2311752,2022-07,2311752,0.0009,538768060216,99.953128,Bottom 50%
4473,5485,4824317,8,2025-09,2026-04,603039.62,802697,2026-01,802697,0.000895,538772884533,99.954023,Bottom 50%
4474,4603,4806325,146,2014-01,2026-04,32920.03,49032,2019-05,49032,0.000892,538777690858,99.954915,Bottom 50%
4475,1216,4725592,22,2019-07,2023-10,214799.64,337500,2020-02,337500,0.000877,538782416450,99.955791,Bottom 50%
4476,6360,4707344,12,2025-05,2026-04,392278.67,460896,2025-10,460896,0.000873,538787123794,99.956665,Bottom 50%
4477,32152,4705076,14,2025-03,2026-04,336076.86,412708,2025-10,412708,0.000873,538791828870,99.957538,Bottom 50%
4478,4177,4674887,16,2025-01,2026-04,292180.44,398384,2025-11,398384,0.000867,538796503757,99.958405,Bottom 50%
4479,2371,4639843,15,2023-10,2026-04,309322.87,415308,2026-03,415308,0.000861,538801143600,99.959266,Bottom 50%
4480,5261,4616034,72,2014-01,2023-10,64111.58,79642,2017-03,79642,0.000856,538805759634,99.960122,Bottom 50%
4481,6644,4613569,14,2025-03,2026-04,329540.64,393117,2025-10,393117,0.000856,538810373203,99.960978,Bottom 50%
4482,4877,4612247,147,2014-01,2026-04,31375.83,88142,2026-02,88142,0.000856,538814985450,99.961834,Bottom 50%
4483,1948,4581344,23,2024-06,2026-04,199188.87,302071,2025-10,302071,0.00085,538819566794,99.962684,Bottom 50%
4484,1838,4570430,38,2022-02,2026-04,120274.47,193395,2026-03,193395,0.000848,538824137224,99.963531,Bottom 50%
4485,4316,4569647,88,2019-01,2026-04,51927.81,976781,2025-12,976781,0.000848,538828706871,99.964379,Bottom 50%
4486,1949,4551006,25,2024-04,2026-04,182040.24,296031,2025-10,296031,0.000844,538833257877,99.965224,Bottom 50%
4487,32139,4489771,6,2025-11,2026-04,748295.17,1126314,2026-03,1126314,0.000833,538837747648,99.966056,Bottom 50%
4488,4876,4474162,147,2014-01,2026-04,30436.48,89727,2015-08,89727,0.00083,538842221810,99.966887,Bottom 50%
4489,5398,4450804,65,2020-12,2026-04,68473.91,170520,2026-03,170520,0.000826,538846672614,99.967712,Bottom 50%
4490,5867,4442072,8,2025-09,2026-04,555259.0,678007,2025-10,678007,0.000824,538851114686,99.968536,Bottom 50%
4491,5439,4373880,36,2023-05,2026-04,121496.67,225692,2025-11,225692,0.000811,538855488566,99.969348,Bottom 50%
4492,32067,4372575,12,2025-05,2026-04,364381.25,491377,2026-03,491377,0.000811,538859861141,99.970159,Bottom 50%
4493,2241,4293012,8,2025-09,2026-04,536626.5,678663,2025-10,678663,0.000796,538864154153,99.970955,Bottom 50%
4494,2388,4184367,8,2025-09,2026-04,523045.88,672899,2026-03,672899,0.000776,538868338520,99.971732,Bottom 50%
4495,6318,4101981,20,2023-12,2026-04,205099.05,273507,2026-03,273507,0.000761,538872440501,99.972493,Bottom 50%
4496,2284,4052137,8,2025-09,2026-04,506517.12,638290,2026-03,638290,0.000752,538876492638,99.973245,Bottom 50%
4497,6199,4026631,8,2025-09,2026-04,503328.88,682756,2026-02,682756,0.000747,538880519269,99.973992,Bottom 50%
4498,1963,4014204,8,2025-09,2026-04,501775.5,625458,2026-03,625458,0.000745,538884533473,99.974736,Bottom 50%
4499,2232,3794771,38,2022-02,2026-04,99862.39,172365,2025-08,172365,0.000704,538888328244,99.97544,Bottom 50%
4500,2281,3739291,36,2023-05,2026-04,103869.19,227016,2026-03,227016,0.000694,538892067535,99.976134,Bottom 50%
4501,32016,3567389,12,2025-05,2026-04,297282.42,373523,2026-03,373523,0.000662,538895634924,99.976796,Bottom 50%
4502,32143,3527273,5,2025-12,2026-04,705454.6,1024146,2026-03,1024146,0.000654,538899162197,99.97745,Bottom 50%
4503,6155,3488173,41,2014-01,2019-01,85077.39,322378,2017-12,322378,0.000647,538902650370,99.978097,Bottom 50%
4504,1417,3435592,14,2017-06,2018-07,245399.43,319691,2018-05,319691,0.000637,538906085962,99.978735,Bottom 50%
4505,2263,3386714,32,2023-09,2026-04,105834.81,326327,2026-02,326327,0.000628,538909472676,99.979363,Bottom 50%
4506,5475,3374256,30,2023-10,2026-04,112475.2,434285,2026-03,434285,0.000626,538912846932,99.979989,Bottom 50%
4507,2129,3366423,19,2023-10,2026-04,177180.16,226223,2025-10,226223,0.000625,538916213355,99.980614,Bottom 50%
4508,32183,3357731,10,2025-07,2026-04,335773.1,423175,2025-12,423175,0.000623,538919571086,99.981236,Bottom 50%
4509,5500,3343413,9,2025-08,2026-04,371490.33,491852,2026-03,491852,0.00062,538922914499,99.981857,Bottom 50%
4510,6222,3207246,8,2025-09,2026-04,400905.75,497208,2025-10,497208,0.000595,538926121745,99.982452,Bottom 50%
4511,32149,3168679,12,2025-05,2026-04,264056.58,319875,2025-10,319875,0.000588,538929290424,99.98304,Bottom 50%
4512,32082,3048590,17,2024-12,2026-04,179328.82,423483,2026-03,423483,0.000566,538932339014,99.983605,Bottom 50%
4513,32123,3008872,4,2026-01,2026-04,752218.0,1213222,2026-03,1213222,0.000558,538935347886,99.984163,Bottom 50%
4514,2294,2987850,147,2014-01,2026-04,20325.51,47793,2026-02,47793,0.000554,538938335736,99.984718,Bottom 50%
4515,2266,2951098,37,2022-10,2026-04,79759.41,97036,2024-08,97036,0.000547,538941286834,99.985265,Bottom 50%
4516,32134,2938909,8,2025-09,2026-04,367363.62,490501,2026-03,490501,0.000545,538944225743,99.98581,Bottom 50%
4517,3458,2845526,147,2014-01,2026-04,19357.32,167259,2024-05,167259,0.000528,538947071269,99.986338,Bottom 50%
4518,1857,2821420,12,2025-05,2026-04,235118.33,633783,2026-01,633783,0.000523,538949892689,99.986862,Bottom 50%
4519,32203,2756774,11,2025-06,2026-04,250615.82,285709,2025-10,285709,0.000511,538952649463,99.987373,Bottom 50%
4520,32249,2716853,10,2025-07,2026-04,271685.3,354313,2025-10,354313,0.000504,538955366316,99.987877,Bottom 50%
4521,6352,2443915,8,2025-09,2026-04,305489.38,396017,2025-10,396017,0.000453,538957810231,99.988331,Bottom 50%
4522,32019,2440148,14,2023-10,2026-04,174296.29,267334,2025-05,267334,0.000453,538960250379,99.988783,Bottom 50%
4523,1703,2373194,113,2016-06,2026-04,21001.72,52294,2026-03,52294,0.00044,538962623573,99.989224,Bottom 50%
4524,3430,2319926,65,2018-08,2026-04,35691.17,470962,2025-11,470962,0.00043,538964943499,99.989654,Bottom 50%
4525,6651,2293787,12,2025-05,2026-04,191148.92,221488,2025-12,221488,0.000426,538967237286,99.99008,Bottom 50%
4526,1829,2099407,21,2023-10,2026-04,99971.76,148353,2024-10,148353,0.000389,538969336693,99.990469,Bottom 50%
4527,2095,2062280,35,2022-10,2026-04,58922.29,97913,2025-10,97913,0.000383,538971398973,99.990852,Bottom 50%
4528,3328,2055381,11,2025-06,2026-04,186852.82,297546,2026-03,297546,0.000381,538973454354,99.991233,Bottom 50%
4529,32075,2050232,5,2025-12,2026-04,410046.4,681046,2026-03,681046,0.00038,538975504586,99.991613,Bottom 50%
4530,32010,2001962,8,2025-09,2026-04,250245.25,322653,2026-03,322653,0.000371,538977506548,99.991985,Bottom 50%
4531,2080,1952869,15,2025-02,2026-04,130191.27,168959,2026-03,168959,0.000362,538979459417,99.992347,Bottom 50%
4532,32233,1915249,3,2025-05,2025-07,638416.33,923237,2025-06,923237,0.000355,538981374666,99.992702,Bottom 50%
4533,6246,1874106,8,2025-09,2026-04,234263.25,297052,2025-10,297052,0.000348,538983248772,99.99305,Bottom 50%
4534,7667,1870507,147,2014-01,2026-04,12724.54,24777,2015-12,24777,0.000347,538985119279,99.993397,Bottom 50%
4535,32058,1785898,7,2025-10,2026-04,255128.29,335864,2026-03,335864,0.000331,538986905177,99.993728,Bottom 50%
4536,1968,1781058,21,2024-08,2026-04,84812.29,107770,2026-03,107770,0.00033,538988686235,99.994059,Bottom 50%
4537,7662,1672773,20,2014-01,2023-10,83638.65,288486,2014-03,288486,0.00031,538990359008,99.994369,Bottom 50%
4538,32041,1534698,3,2026-02,2026-04,511566.0,880687,2026-03,880687,0.000285,538991893706,99.994654,Bottom 50%
4539,4918,1454246,147,2014-01,2026-04,9892.83,11013,2016-05,11013,0.00027,538993347952,99.994924,Bottom 50%
4540,2286,1447536,8,2025-09,2026-04,180942.0,236313,2026-03,236313,0.000269,538994795488,99.995192,Bottom 50%
4541,2532,1405161,85,2018-10,2026-04,16531.31,22859,2021-12,22859,0.000261,538996200649,99.995453,Bottom 50%
4542,32106,1272829,21,2024-08,2026-04,60610.9,75969,2025-10,75969,0.000236,538997473478,99.995689,Bottom 50%
4543,32043,1236152,3,2026-02,2026-04,412050.67,707075,2026-03,707075,0.000229,538998709630,99.995918,Bottom 50%
4544,1360,1234803,72,2014-01,2026-04,17150.04,53276,2014-10,53276,0.000229,538999944433,99.996147,Bottom 50%
4545,2267,1220719,6,2025-11,2026-04,203453.17,286163,2026-03,286163,0.000226,539001165152,99.996374,Bottom 50%
4546,3156,1218523,6,2025-11,2026-04,203087.17,257360,2025-12,257360,0.000226,539002383675,99.9966,Bottom 50%
4547,32194,1173296,9,2025-08,2026-04,130366.22,185454,2026-03,185454,0.000218,539003556971,99.996818,Bottom 50%
4548,32105,1150685,21,2024-08,2026-04,54794.52,67891,2025-10,67891,0.000213,539004707656,99.997031,Bottom 50%
4549,32177,1139120,10,2025-07,2026-04,113912.0,149654,2026-03,149654,0.000211,539005846776,99.997243,Bottom 50%
4550,2392,1090921,4,2026-01,2026-04,272730.25,441658,2026-03,441658,0.000202,539006937697,99.997445,Bottom 50%
4551,32197,1069407,3,2026-02,2026-04,356469.0,704970,2026-03,704970,0.000198,539008007104,99.997643,Bottom 50%
4552,32073,1023614,8,2025-09,2026-04,127951.75,161180,2026-03,161180,0.00019,539009030718,99.997833,Bottom 50%
4553,2124,1000739,36,2022-02,2026-04,27798.31,58004,2026-03,58004,0.000186,539010031457,99.998019,Bottom 50%
4554,32102,941165,14,2025-02,2026-04,67226.07,142794,2026-03,142794,0.000175,539010972622,99.998193,Bottom 50%
4555,32282,864490,4,2026-01,2026-04,216122.5,342495,2026-03,342495,0.00016,539011837112,99.998354,Bottom 50%
4556,2091,827622,37,2021-10,2026-04,22368.16,44675,2026-03,44675,0.000154,539012664734,99.998507,Bottom 50%
4557,3743,783697,18,2016-05,2023-10,43538.72,88051,2016-08,88051,0.000145,539013448431,99.998653,Bottom 50%
4558,32182,777904,17,2024-12,2026-04,45759.06,55101,2025-10,55101,0.000144,539014226335,99.998797,Bottom 50%
4559,2275,681575,35,2022-10,2026-04,19473.57,48175,2026-03,48175,0.000126,539014907910,99.998924,Bottom 50%
4560,32101,615013,8,2025-09,2026-04,76876.62,133740,2026-03,133740,0.000114,539015522923,99.999038,Bottom 50%
4561,3464,566062,11,2025-06,2026-04,51460.18,169454,2026-01,169454,0.000105,539016088985,99.999143,Bottom 50%
4562,2240,546914,13,2025-04,2026-04,42070.31,55806,2025-10,55806,0.000101,539016635899,99.999244,Bottom 50%
4563,3366,530119,11,2025-06,2026-04,48192.64,80301,2026-03,80301,9.8e-05,539017166018,99.999342,Bottom 50%
4564,6620,476155,3,2026-02,2026-04,158718.33,346848,2026-03,346848,8.8e-05,539017642173,99.999431,Bottom 50%
4565,32042,447443,25,2024-04,2026-04,17897.72,38016,2025-10,38016,8.3e-05,539018089616,99.999514,Bottom 50%
4566,7987,322435,25,2017-04,2023-11,12897.4,315768,2019-08,315768,6e-05,539018412051,99.999574,Bottom 50%
4567,6248,286650,2,2026-03,2026-04,143325.0,154924,2026-04,154924,5.3e-05,539018698701,99.999627,Bottom 50%
4568,4708,270071,88,2019-01,2026-04,3068.99,12078,2024-05,12078,5e-05,539018968772,99.999677,Bottom 50%
4569,4705,192126,20,2017-05,2023-10,9606.3,38560,2017-06,38560,3.6e-05,539019160898,99.999713,Bottom 50%
4570,32110,148115,21,2024-08,2026-04,7053.1,9604,2025-07,9604,2.7e-05,539019309013,99.99974,Bottom 50%
4571,32057,134572,1,2026-04,2026-04,134572.0,134572,2026-04,134572,2.5e-05,539019443585,99.999765,Bottom 50%
4572,32202,132206,6,2025-11,2026-04,22034.33,34649,2026-03,34649,2.5e-05,539019575791,99.99979,Bottom 50%
4573,3492,117563,3,2016-12,2017-02,39187.67,77806,2017-01,77806,2.2e-05,539019693354,99.999811,Bottom 50%
4574,534,108185,147,2014-01,2026-04,735.95,1344,2019-04,1344,2e-05,539019801539,99.999831,Bottom 50%
4575,1591,88260,82,2019-07,2026-04,1076.34,1601,2025-03,1601,1.6e-05,539019889799,99.999848,Bottom 50%
4576,32151,71274,6,2025-11,2026-04,11879.0,16634,2026-03,16634,1.3e-05,539019961073,99.999861,Bottom 50%
4577,7232,70336,137,2014-01,2025-06,513.4,2099,2019-12,2099,1.3e-05,539020031409,99.999874,Bottom 50%
4578,5101,66580,119,2016-05,2026-04,559.5,954,2023-01,954,1.2e-05,539020097989,99.999886,Bottom 50%
4579,1314,46972,147,2014-01,2026-04,319.54,924,2020-10,924,9e-06,539020144961,99.999895,Bottom 50%
4580,32223,41267,4,2026-01,2026-04,10316.75,20053,2026-03,20053,8e-06,539020186228,99.999903,Bottom 50%
4581,32040,40149,7,2023-10,2026-04,5735.57,11033,2026-02,11033,7e-06,539020226377,99.99991,Bottom 50%
4582,388,39514,147,2014-01,2026-04,268.8,493,2014-02,493,7e-06,539020265891,99.999918,Bottom 50%
4583,443,35188,147,2014-01,2026-04,239.37,526,2015-02,526,7e-06,539020301079,99.999924,Bottom 50%
4584,3978,34916,82,2019-07,2026-04,425.8,1262,2025-04,1262,6e-06,539020335995,99.999931,Bottom 50%
4585,553,34669,147,2014-01,2026-04,235.84,428,2023-08,428,6e-06,539020370664,99.999937,Bottom 50%
4586,7233,32778,132,2014-01,2025-05,248.32,2839,2021-12,2839,6e-06,539020403442,99.999943,Bottom 50%
4587,1137,32523,147,2014-01,2026-04,221.24,409,2020-12,409,6e-06,539020435965,99.999949,Bottom 50%
4588,32186,30011,5,2025-12,2026-04,6002.2,10614,2026-03,10614,6e-06,539020465976,99.999955,Bottom 50%
4589,3944,22171,82,2019-07,2026-04,270.38,447,2023-05,447,4e-06,539020488147,99.999959,Bottom 50%
4590,2990,21336,147,2014-01,2026-04,145.14,3074,2014-10,3074,4e-06,539020509483,99.999963,Bottom 50%
4591,4683,19033,87,2019-02,2026-04,218.77,701,2023-11,701,4e-06,539020528516,99.999966,Bottom 50%
4592,193,18991,44,2014-01,2023-10,431.61,1585,2014-02,1585,4e-06,539020547507,99.99997,Bottom 50%
4593,5855,18945,88,2019-01,2026-04,215.28,521,2024-06,521,4e-06,539020566452,99.999973,Bottom 50%
4594,7231,17003,77,2014-01,2023-10,220.82,3716,2020-01,3716,3e-06,539020583455,99.999976,Bottom 50%
4595,6266,16432,60,2021-04,2026-04,273.87,707,2023-07,707,3e-06,539020599887,99.99998,Bottom 50%
4596,2777,15896,82,2019-07,2026-04,193.85,414,2023-11,414,3e-06,539020615783,99.999982,Bottom 50%
4597,1538,14745,82,2019-07,2026-04,179.82,258,2023-12,258,3e-06,539020630528,99.999985,Bottom 50%
4598,1574,11782,127,2015-09,2026-04,92.77,164,2023-02,164,2e-06,539020642310,99.999987,Bottom 50%
4599,1543,10147,89,2018-10,2026-04,114.01,224,2023-06,224,2e-06,539020652457,99.999989,Bottom 50%
4600,3359,9887,147,2014-01,2026-04,67.26,255,2014-10,255,2e-06,539020662344,99.999991,Bottom 50%
4601,1756,8061,67,2019-07,2026-04,120.31,227,2020-12,227,1e-06,539020670405,99.999993,Bottom 50%
4602,3847,7106,82,2019-07,2026-04,86.66,7084,2025-12,7084,1e-06,539020677511,99.999994,Bottom 50%
4603,32059,6850,2,2026-03,2026-04,3425.0,5562,2026-03,5562,1e-06,539020684361,99.999995,Bottom 50%
4604,7230,6194,75,2014-01,2023-10,82.59,744,2019-10,744,1e-06,539020690555,99.999996,Bottom 50%
4605,872,4192,82,2019-07,2026-04,51.12,188,2021-12,188,1e-06,539020694747,99.999997,Bottom 50%
4606,1110,3999,147,2014-01,2026-04,27.2,204,2015-06,204,1e-06,539020698746,99.999998,Bottom 50%
4607,4508,2904,138,2014-01,2026-04,21.04,940,2014-06,940,1e-06,539020701650,99.999998,Bottom 50%
4608,2689,2420,82,2019-07,2026-04,29.51,167,2020-12,167,0.0,539020704070,99.999999,Bottom 50%
4609,6633,734,82,2019-07,2026-04,8.95,145,2021-03,145,0.0,539020704804,99.999999,Bottom 50%
4610,684,671,147,2014-01,2026-04,4.56,380,2014-03,380,0.0,539020705475,99.999999,Bottom 50%
4611,462,563,120,2016-04,2026-04,4.69,117,2021-06,117,0.0,539020706038,99.999999,Bottom 50%
4612,2977,558,14,2014-12,2023-10,39.86,558,2017-11,558,0.0,539020706596,99.999999,Bottom 50%
4613,2066,538,82,2019-07,2026-04,6.56,25,2020-03,25,0.0,539020707134,99.999999,Bottom 50%
4614,4056,378,117,2014-05,2026-04,3.23,376,2014-07,376,0.0,539020707512,99.999999,Bottom 50%
4615,4714,350,137,2014-11,2026-04,2.55,144,2022-04,144,0.0,539020707862,100.0,Bottom 50%
4616,477,269,121,2016-02,2026-04,2.22,222,2022-10,222,0.0,539020708131,100.0,Bottom 50%
4617,2051,257,88,2019-01,2026-04,2.92,157,2020-11,157,0.0,539020708388,100.0,Bottom 50%
4618,5183,208,82,2019-07,2026-04,2.54,10,2024-02,10,0.0,539020708596,100.0,Bottom 50%
4619,3031,196,147,2014-01,2026-04,1.33,186,2014-10,186,0.0,539020708792,100.0,Bottom 50%
4620,484,175,121,2016-02,2026-04,1.45,99,2024-01,99,0.0,539020708967,100.0,Bottom 50%
4621,3100,149,147,2014-01,2026-04,1.01,60,2025-05,60,0.0,539020709116,100.0,Bottom 50%
4622,3630,148,89,2018-10,2026-04,1.66,144,2020-08,144,0.0,539020709264,100.0,Bottom 50%
4623,4631,146,144,2014-03,2026-04,1.01,49,2016-02,49,0.0,539020709410,100.0,Bottom 50%
4624,4058,132,116,2014-05,2026-04,1.14,64,2017-07,64,0.0,539020709542,100.0,Bottom 50%
4625,580,104,87,2019-01,2026-04,1.2,12,2022-07,12,0.0,539020709646,100.0,Bottom 50%
4626,4693,100,147,2014-01,2026-04,0.68,22,2023-09,22,0.0,539020709746,100.0,Bottom 50%
4627,4623,68,90,2018-07,2026-04,0.76,12,2022-01,12,0.0,539020709814,100.0,Bottom 50%
4628,4642,68,143,2014-05,2026-04,0.48,8,2016-09,8,0.0,539020709882,100.0,Bottom 50%
4629,3958,60,147,2014-01,2026-04,0.41,6,2018-10,6,0.0,539020709942,100.0,Bottom 50%
4630,4069,43,147,2014-01,2026-04,0.29,13,2017-07,13,0.0,539020709985,100.0,Bottom 50%
4631,3029,38,89,2018-10,2026-04,0.43,6,2022-10,6,0.0,539020710023,100.0,Bottom 50%
4632,3512,25,88,2019-01,2026-04,0.28,25,2019-12,25,0.0,539020710048,100.0,Bottom 50%
4633,688,24,82,2019-07,2026-04,0.29,17,2024-09,17,0.0,539020710072,100.0,Bottom 50%
4634,1709,20,15,2015-05,2023-10,1.33,16,2015-11,16,0.0,539020710092,100.0,Bottom 50%
4635,4673,20,82,2019-07,2026-04,0.24,4,2022-09,4,0.0,539020710112,100.0,Bottom 50%
4636,3517,15,77,2019-12,2026-04,0.19,9,2022-10,9,0.0,539020710127,100.0,Bottom 50%
4637,3103,14,89,2018-10,2026-04,0.16,7,2021-01,7,0.0,539020710141,100.0,Bottom 50%
4638,452,13,147,2014-01,2026-04,0.09,8,2021-11,8,0.0,539020710154,100.0,Bottom 50%
4639,772,12,105,2017-07,2026-04,0.11,12,2022-02,12,0.0,539020710166,100.0,Bottom 50%
4640,4619,10,89,2018-10,2026-04,0.11,4,2020-03,4,0.0,539020710176,100.0,Bottom 50%
4641,485,10,88,2019-01,2026-04,0.11,5,2019-12,5,0.0,539020710186,100.0,Bottom 50%
4642,470,9,88,2019-01,2026-04,0.1,7,2023-02,7,0.0,539020710195,100.0,Bottom 50%
4643,3932,8,89,2018-11,2026-04,0.09,4,2023-09,4,0.0,539020710203,100.0,Bottom 50%
4644,4127,7,88,2019-01,2026-04,0.08,4,2024-05,4,0.0,539020710210,100.0,Bottom 50%
4645,475,5,133,2015-03,2026-04,0.04,3,2016-04,3,0.0,539020710215,100.0,Bottom 50%
4646,471,5,82,2019-01,2026-04,0.06,1,2020-01,1,0.0,539020710220,100.0,Bottom 50%
4647,4663,5,87,2019-02,2026-04,0.06,4,2019-04,4,0.0,539020710225,100.0,Bottom 50%
4648,4195,4,88,2019-01,2026-04,0.05,2,2022-12,2,0.0,539020710229,100.0,Bottom 50%
4649,4100,2,87,2019-02,2026-04,0.02,2,2019-08,2,0.0,539020710231,100.0,Bottom 50%
4650,3140,2,89,2018-10,2026-04,0.02,2,2020-03,2,0.0,539020710233,100.0,Bottom 50%
4651,486,2,88,2019-01,2026-04,0.02,2,2026-03,2,0.0,539020710235,100.0,Bottom 50%
4652,350,2,139,2014-09,2026-04,0.01,2,2017-09,2,0.0,539020710237,100.0,Bottom 50%
4653,468,2,88,2018-07,2026-04,0.02,2,2019-01,2,0.0,539020710239,100.0,Bottom 50%
4654,2767,0,1,2023-10,2023-10,0.0,0,2023-10,0,0.0,539020710239,100.0,Bottom 50%
4655,1468,0,4,2021-10,2023-10,0.0,0,2021-10,0,0.0,539020710239,100.0,Bottom 50%
4656,2470,0,5,2017-05,2023-10,0.0,0,2017-05,0,0.0,539020710239,100.0,Bottom 50%
4657,2589,0,4,2021-10,2023-10,0.0,0,2021-10,0,0.0,539020710239,100.0,Bottom 50%
4658,5337,0,11,2015-02,2023-10,0.0,0,2015-02,0,0.0,539020710239,100.0,Bottom 50%
4659,2810,0,1,2023-10,2023-10,0.0,0,2023-10,0,0.0,539020710239,100.0,Bottom 50%
4660,2761,0,1,2023-10,2023-10,0.0,0,2023-10,0,0.0,539020710239,100.0,Bottom 50%
4661,4099,0,11,2014-03,2023-10,0.0,0,2014-03,0,0.0,539020710239,100.0,Bottom 50%
4662,6234,0,7,2017-06,2023-10,0.0,0,2017-06,0,0.0,539020710239,100.0,Bottom 50%
4663,-30155,0,1,2021-10,2021-10,0.0,0,2021-10,0,0.0,539020710239,100.0,Bottom 50%
4664,-30156,0,1,2021-10,2021-10,0.0,0,2021-10,0,0.0,539020710239,100.0,Bottom 50%
4665,-30159,0,1,2021-10,2021-10,0.0,0,2021-10,0,0.0,539020710239,100.0,Bottom 50%
4666,-30163,0,1,2021-10,2021-10,0.0,0,2021-10,0,0.0,539020710239,100.0,Bottom 50%
4667,-30193,0,1,2021-10,2021-10,0.0,0,2021-10,0,0.0,539020710239,100.0,Bottom 50%
4668,-30197,0,1,2021-10,2021-10,0.0,0,2021-10,0,0.0,539020710239,100.0,Bottom 50%
4669,-30260,0,1,2021-10,2021-10,0.0,0,2021-10,0,0.0,539020710239,100.0,Bottom 50%
4670,5465,0,2,2022-10,2023-10,0.0,0,2022-10,0,0.0,539020710239,100.0,Bottom 50%
4671,2884,0,13,2014-12,2023-10,0.0,0,2014-12,0,0.0,539020710239,100.0,Bottom 50%
4672,4312,0,88,2019-01,2026-04,0.0,0,2019-01,0,0.0,539020710239,100.0,Bottom 50%
4673,2851,0,9,2014-12,2018-07,0.0,0,2014-12,0,0.0,539020710239,100.0,Bottom 50%
4674,2844,0,7,2014-03,2023-10,0.0,0,2014-03,0,0.0,539020710239,100.0,Bottom 50%
4675,4194,0,88,2019-01,2026-04,0.0,0,2019-01,0,0.0,539020710239,100.0,Bottom 50%
4676,-30138,0,1,2021-10,2021-10,0.0,0,2021-10,0,0.0,539020710239,100.0,Bottom 50%
4677,5958,0,1,2023-10,2023-10,0.0,0,2023-10,0,0.0,539020710239,100.0,Bottom 50%
4678,5859,0,4,2021-10,2023-10,0.0,0,2021-10,0,0.0,539020710239,100.0,Bottom 50%
4679,3866,0,119,2016-05,2026-04,0.0,0,2016-05,0,0.0,539020710239,100.0,Bottom 50%
4680,797,0,105,2017-07,2026-04,0.0,0,2017-07,0,0.0,539020710239,100.0,Bottom 50%
4681,-30122,0,1,2021-10,2021-10,0.0,0,2021-10,0,0.0,539020710239,100.0,Bottom 50%
4682,2,0,1,2014-05,2014-05,0.0,0,2014-05,0,0.0,539020710239,100.0,Bottom 50%
4683,4157,0,6,2014-05,2017-08,0.0,0,2014-05,0,0.0,539020710239,100.0,Bottom 50%
4684,3153,0,1,2023-10,2023-10,0.0,0,2023-10,0,0.0,539020710239,100.0,Bottom 50%
4685,-30214,0,1,2021-10,2021-10,0.0,0,2021-10,0,0.0,539020710239,100.0,Bottom 50%
4686,-30245,0,1,2021-10,2021-10,0.0,0,2021-10,0,0.0,539020710239,100.0,Bottom 50%
4687,-30249,0,1,2021-10,2021-10,0.0,0,2021-10,0,0.0,539020710239,100.0,Bottom 50%
4688,-30254,0,1,2021-10,2021-10,0.0,0,2021-10,0,0.0,539020710239,100.0,Bottom 50%
4689,-30154,0,1,2021-10,2021-10,0.0,0,2021-10,0,0.0,539020710239,100.0,Bottom 50%
4690,6314,0,2,2022-10,2023-10,0.0,0,2022-10,0,0.0,539020710239,100.0,Bottom 50%
4691,940,0,90,2018-07,2026-04,0.0,0,2018-07,0,0.0,539020710239,100.0,Bottom 50%
4692,-30151,0,1,2021-10,2021-10,0.0,0,2021-10,0,0.0,539020710239,100.0,Bottom 50%
4693,632,0,89,2018-10,2026-04,0.0,0,2018-10,0,0.0,539020710239,100.0,Bottom 50%
4694,673,0,17,2014-06,2023-10,0.0,0,2014-06,0,0.0,539020710239,100.0,Bottom 50%
4695,21752,0,3,2022-02,2023-10,0.0,0,2022-02,0,0.0,539020710239,100.0,Bottom 50%
4696,16311,0,1,2021-10,2021-10,0.0,0,2021-10,0,0.0,539020710239,100.0,Bottom 50%
4697,16302,0,1,2021-10,2021-10,0.0,0,2021-10,0,0.0,539020710239,100.0,Bottom 50%
4698,15935,0,1,2021-10,2021-10,0.0,0,2021-10,0,0.0,539020710239,100.0,Bottom 50%
4699,15655,0,1,2021-10,2021-10,0.0,0,2021-10,0,0.0,539020710239,100.0,Bottom 50%
4700,15175,0,1,2021-10,2021-10,0.0,0,2021-10,0,0.0,539020710239,100.0,Bottom 50%
4701,15001,0,1,2021-10,2021-10,0.0,0,2021-10,0,0.0,539020710239,100.0,Bottom 50%
4702,14406,0,1,2021-10,2021-10,0.0,0,2021-10,0,0.0,539020710239,100.0,Bottom 50%
4703,14107,0,1,2021-10,2021-10,0.0,0,2021-10,0,0.0,539020710239,100.0,Bottom 50%
4704,2258,0,2,2022-10,2023-10,0.0,0,2022-10,0,0.0,539020710239,100.0,Bottom 50%
4705,1727,0,1,2023-10,2023-10,0.0,0,2023-10,0,0.0,539020710239,100.0,Bottom 50%
4706,13672,0,1,2021-10,2021-10,0.0,0,2021-10,0,0.0,539020710239,100.0,Bottom 50%
4707,13253,0,1,2021-10,2021-10,0.0,0,2021-10,0,0.0,539020710239,100.0,Bottom 50%
4708,13662,0,1,2021-10,2021-10,0.0,0,2021-10,0,0.0,539020710239,100.0,Bottom 50%
4709,13252,0,1,2021-10,2021-10,0.0,0,2021-10,0,0.0,539020710239,100.0,Bottom 50%
4710,12177,0,1,2021-10,2021-10,0.0,0,2021-10,0,0.0,539020710239,100.0,Bottom 50%
4711,10973,0,1,2021-10,2021-10,0.0,0,2021-10,0,0.0,539020710239,100.0,Bottom 50%
4712,11230,0,1,2021-10,2021-10,0.0,0,2021-10,0,0.0,539020710239,100.0,Bottom 50%
4713,11214,0,1,2021-10,2021-10,0.0,0,2021-10,0,0.0,539020710239,100.0,Bottom 50%
4714,11168,0,1,2021-10,2021-10,0.0,0,2021-10,0,0.0,539020710239,100.0,Bottom 50%
4715,11167,0,1,2021-10,2021-10,0.0,0,2021-10,0,0.0,539020710239,100.0,Bottom 50%
4716,11159,0,1,2021-10,2021-10,0.0,0,2021-10,0,0.0,539020710239,100.0,Bottom 50%
4717,10988,0,1,2021-10,2021-10,0.0,0,2021-10,0,0.0,539020710239,100.0,Bottom 50%
4718,10985,0,1,2021-10,2021-10,0.0,0,2021-10,0,0.0,539020710239,100.0,Bottom 50%
4719,9901,0,4,2021-10,2023-10,0.0,0,2021-10,0,0.0,539020710239,100.0,Bottom 50%
4720,10526,0,1,2021-10,2021-10,0.0,0,2021-10,0,0.0,539020710239,100.0,Bottom 50%
4721,10400,0,1,2021-10,2021-10,0.0,0,2021-10,0,0.0,539020710239,100.0,Bottom 50%
4722,9902,0,4,2021-10,2023-10,0.0,0,2021-10,0,0.0,539020710239,100.0,Bottom 50%
4723,9263,0,6,2020-05,2023-10,0.0,0,2020-05,0,0.0,539020710239,100.0,Bottom 50%
4724,6703,0,8,2017-09,2023-10,0.0,0,2017-09,0,0.0,539020710239,100.0,Bottom 50%
4725,6978,0,7,2014-03,2023-10,0.0,0,2014-03,0,0.0,539020710239,100.0,Bottom 50%
4726,7538,0,125,2015-11,2026-04,0.0,0,2015-11,0,0.0,539020710239,100.0,Bottom 50%
4727,6674,0,1,2023-10,2023-10,0.0,0,2023-10,0,0.0,539020710239,100.0,Bottom 50%
4728,3724,0,12,2014-12,2023-10,0.0,0,2014-12,0,0.0,539020710239,100.0,Bottom 50%
4729,625,0,89,2018-10,2026-04,0.0,0,2018-10,0,0.0,539020710239,100.0,Bottom 50%
4730,3723,0,12,2014-12,2023-10,0.0,0,2014-12,0,0.0,539020710239,100.0,Bottom 50%
4731,2370,0,4,2021-10,2023-10,0.0,0,2021-10,0,0.0,539020710239,100.0,Bottom 50%
4732,2077,0,1,2023-10,2023-10,0.0,0,2023-10,0,0.0,539020710239,100.0,Bottom 50%
4733,4941,0,82,2019-07,2026-04,0.0,0,2019-07,0,0.0,539020710239,100.0,Bottom 50%
4734,4958,0,82,2019-07,2026-04,0.0,0,2019-07,0,0.0,539020710239,100.0,Bottom 50%
4735,23091,0,1,2022-02,2022-02,0.0,0,2022-02,0,0.0,539020710239,100.0,Bottom 50%
4736,23269,0,3,2022-02,2023-10,0.0,0,2022-02,0,0.0,539020710239,100.0,Bottom 50%
4737,32001,0,1,2023-10,2023-10,0.0,0,2023-10,0,0.0,539020710239,100.0,Bottom 50%
4738,1850,0,4,2021-10,2023-10,0.0,0,2021-10,0,0.0,539020710239,100.0,Bottom 50%
4739,4993,0,1,2023-10,2023-10,0.0,0,2023-10,0,0.0,539020710239,100.0,Bottom 50%
4740,32017,0,1,2023-10,2023-10,0.0,0,2023-10,0,0.0,539020710239,100.0,Bottom 50%
4741,24426,0,3,2022-02,2023-10,0.0,0,2022-02,0,0.0,539020710239,100.0,Bottom 50%
4742,2165,0,1,2014-12,2014-12,0.0,0,2014-12,0,0.0,539020710239,100.0,Bottom 50%
4743,4860,0,83,2018-10,2026-04,0.0,0,2018-10,0,0.0,539020710239,100.0,Bottom 50%
4744,1955,0,4,2021-10,2023-10,0.0,0,2021-10,0,0.0,539020710239,100.0,Bottom 50%
4745,1994,0,4,2021-10,2023-10,0.0,0,2021-10,0,0.0,539020710239,100.0,Bottom 50%
4746,1934,0,4,2021-10,2023-10,0.0,0,2021-10,0,0.0,539020710239,100.0,Bottom 50%
4747,2039,0,1,2023-10,2023-10,0.0,0,2023-10,0,0.0,539020710239,100.0,Bottom 50%
4748,1876,0,2,2022-10,2023-10,0.0,0,2022-10,0,0.0,539020710239,100.0,Bottom 50%
4749,1996,0,3,2020-10,2022-02,0.0,0,2020-10,0,0.0,539020710239,100.0,Bottom 50%
4750,-30281,0,1,2021-10,2021-10,0.0,0,2021-10,0,0.0,539020710239,100.0,Bottom 50%
4751,-30294,0,1,2021-10,2021-10,0.0,0,2021-10,0,0.0,539020710239,100.0,Bottom 50%
4752,-32210,0,1,2021-10,2021-10,0.0,0,2021-10,0,0.0,539020710239,100.0,Bottom 50%
4753,32400,0,1,2023-10,2023-10,0.0,0,2023-10,0,0.0,539020710239,100.0,Bottom 50%
4754,35333,0,3,2022-02,2023-10,0.0,0,2022-02,0,0.0,539020710239,100.0,Bottom 50%
4755,42118,0,2,2022-10,2023-10,0.0,0,2022-10,0,0.0,539020710239,100.0,Bottom 50%
4756,42119,0,2,2022-10,2023-10,0.0,0,2022-10,0,0.0,539020710239,100.0,Bottom 50%
4757,42126,0,2,2022-10,2023-10,0.0,0,2022-10,0,0.0,539020710239,100.0,Bottom 50%
4758,45214,0,2,2022-10,2023-10,0.0,0,2022-10,0,0.0,539020710239,100.0,Bottom 50%
