rank,scats_site,total_volume,months_present,first_month,last_month,avg_monthly_volume,max_monthly_volume,best_month,best_month_volume,percent_of_network,cumulative_volume,cumulative_percent,percentile_band
1,4415,674498771,147,2014-01,2026-04,4588427.01,5171583,2024-10,5171583,0.125134,674498771,0.125134,Top 1%
2,3380,638170425,147,2014-01,2026-04,4341295.41,5623984,2019-10,5623984,0.118394,1312669196,0.243529,Top 1%
3,2404,560184622,147,2014-01,2026-04,3810779.74,4564372,2014-08,4564372,0.103926,1872853818,0.347455,Top 1%
4,849,548183949,147,2014-01,2026-04,3729142.51,4709610,2021-05,4709610,0.1017,2421037767,0.449155,Top 1%
5,1359,546970945,147,2014-01,2026-04,3720890.78,12236931,2017-04,12236931,0.101475,2968008712,0.55063,Top 1%
6,2487,544715773,147,2014-01,2026-04,3705549.48,4174126,2018-10,4174126,0.101057,3512724485,0.651686,Top 1%
7,3386,543973902,147,2014-01,2026-04,3700502.73,4235558,2017-03,4235558,0.100919,4056698387,0.752605,Top 1%
8,2405,518575823,147,2014-01,2026-04,3527726.69,4018888,2019-03,4018888,0.096207,4575274210,0.848812,Top 1%
9,3519,513927484,147,2014-01,2026-04,3496105.33,4043387,2019-10,4043387,0.095345,5089201694,0.944157,Top 1%
10,416,505992688,147,2014-01,2026-04,3442127.13,4005976,2017-03,4005976,0.093873,5595194382,1.03803,Top 1%
11,2101,497445056,147,2014-01,2026-04,3383979.97,4481475,2023-03,4481475,0.092287,6092639438,1.130316,Top 1%
12,855,497003865,147,2014-01,2026-04,3380978.67,3947622,2016-11,3947622,0.092205,6589643303,1.222521,Top 1%
13,3357,495736142,147,2014-01,2026-04,3372354.71,3951812,2019-10,3951812,0.09197,7085379445,1.314491,Top 1%
14,3516,494139005,147,2014-01,2026-04,3361489.83,3941371,2025-10,3941371,0.091673,7579518450,1.406165,Top 1%
15,3060,492433092,147,2014-01,2026-04,3349884.98,3842180,2025-10,3842180,0.091357,8071951542,1.497522,Top 1%
16,2816,491145042,147,2014-01,2026-04,3341122.73,4127796,2025-10,4127796,0.091118,8563096584,1.58864,Top 1%
17,3393,489568230,147,2014-01,2026-04,3330396.12,5419559,2018-05,5419559,0.090825,9052664814,1.679465,Top 1%
18,3376,488890200,147,2014-01,2026-04,3325783.67,4534060,2025-10,4534060,0.0907,9541555014,1.770165,Top 1%
19,415,488718913,147,2014-01,2026-04,3324618.46,3737399,2016-07,3737399,0.090668,10030273927,1.860833,Top 1%
20,414,486344942,147,2014-01,2026-04,3308468.99,3719078,2018-10,3719078,0.090228,10516618869,1.95106,Top 1%
21,2929,485057518,147,2014-01,2026-04,3299711.01,4514522,2023-07,4514522,0.089989,11001676387,2.041049,Top 1%
22,4035,478691176,147,2014-01,2026-04,3256402.56,5179024,2025-03,5179024,0.088808,11480367563,2.129856,Top 1%
23,2438,470322516,147,2014-01,2026-04,3199472.9,5489275,2017-05,5489275,0.087255,11950690079,2.217111,Top 1%
24,3052,468472268,147,2014-01,2026-04,3186886.18,3799977,2025-03,3799977,0.086912,12419162347,2.304023,Top 1%
25,3381,460540614,147,2014-01,2026-04,3132929.35,3728104,2025-10,3728104,0.08544,12879702961,2.389463,Top 1%
26,2403,456674810,147,2014-01,2026-04,3106631.36,3629316,2019-03,3629316,0.084723,13336377771,2.474187,Top 1%
27,3360,452364288,147,2014-01,2026-04,3077308.08,5604686,2017-01,5604686,0.083923,13788742059,2.55811,Top 1%
28,3385,449217059,147,2014-01,2026-04,3055898.36,3951516,2025-08,3951516,0.083339,14237959118,2.641449,Top 1%
29,2326,444606362,147,2014-01,2026-04,3024533.07,3887329,2019-05,3887329,0.082484,14682565480,2.723933,Top 1%
30,2316,432349576,147,2014-01,2026-04,2941153.58,3346830,2017-10,3346830,0.08021,15114915056,2.804144,Top 1%
31,2985,431212288,147,2014-01,2026-04,2933416.93,4442330,2026-03,4442330,0.079999,15546127344,2.884143,Top 1%
32,538,428564669,147,2014-01,2026-04,2915405.91,3353745,2018-05,3353745,0.079508,15974692013,2.963651,Top 1%
33,3059,424979480,147,2014-01,2026-04,2891016.87,3440585,2025-10,3440585,0.078843,16399671493,3.042494,Top 1%
34,2420,424321860,147,2014-01,2026-04,2886543.27,6002980,2018-09,6002980,0.078721,16823993353,3.121215,Top 1%
35,3392,421387756,147,2014-01,2026-04,2866583.37,3945259,2025-03,3945259,0.078177,17245381109,3.199391,Top 1%
36,2628,418491452,147,2014-01,2026-04,2846880.63,6187828,2019-07,6187828,0.077639,17663872561,3.27703,Top 1%
37,2173,416360476,147,2014-01,2026-04,2832384.19,4032203,2017-05,4032203,0.077244,18080233037,3.354274,Top 1%
38,3382,415850171,147,2014-01,2026-04,2828912.73,3549923,2023-05,3549923,0.077149,18496083208,3.431423,Top 1%
39,2329,415125460,147,2014-01,2026-04,2823982.72,5176562,2024-05,5176562,0.077015,18911208668,3.508438,Top 1%
40,3383,414910027,147,2014-01,2026-04,2822517.19,3642270,2017-03,3642270,0.076975,19326118695,3.585413,Top 1%
41,4742,411127240,147,2014-01,2026-04,2796783.95,3569618,2024-10,3569618,0.076273,19737245935,3.661686,Top 1%
42,117,410542112,147,2014-01,2026-04,2792803.48,4358054,2020-02,4358054,0.076164,20147788047,3.73785,Top 1%
43,2843,410170343,147,2014-01,2026-04,2790274.44,4268188,2023-05,4268188,0.076095,20557958390,3.813946,Top 1%
44,948,409360248,147,2014-01,2026-04,2784763.59,3314536,2025-08,3314536,0.075945,20967318638,3.889891,Top 1%
45,3735,407474384,147,2014-01,2026-04,2771934.59,3208199,2017-03,3208199,0.075595,21374793022,3.965486,Top 1%
46,3681,406633229,147,2014-01,2026-04,2766212.44,3492699,2025-10,3492699,0.075439,21781426251,4.040926,Top 1%
47,2100,404076099,147,2014-01,2026-04,2748817.0,3212511,2017-03,3212511,0.074965,22185502350,4.115891,Top 1%
48,2337,403381671,147,2014-01,2026-04,2744093.0,3110562,2025-10,3110562,0.074836,22588884021,4.190727,Top 5%
49,2701,402877256,147,2014-01,2026-04,2740661.61,3079861,2025-03,3079861,0.074742,22991761277,4.265469,Top 5%
50,3384,401283844,147,2014-01,2026-04,2729822.07,3128559,2025-10,3128559,0.074447,23393045121,4.339916,Top 5%
51,2425,398573117,147,2014-01,2026-04,2711381.75,4840110,2014-02,4840110,0.073944,23791618238,4.41386,Top 5%
52,2833,392587227,143,2014-01,2025-12,2745365.22,3186190,2019-10,3186190,0.072833,24184205465,4.486693,Top 5%
53,2416,391219605,147,2014-01,2026-04,2661357.86,3078666,2019-10,3078666,0.07258,24575425070,4.559273,Top 5%
54,2157,389651351,147,2014-01,2026-04,2650689.46,3486500,2025-03,3486500,0.072289,24965076421,4.631562,Top 5%
55,2315,387977284,147,2014-01,2026-04,2639301.25,3330697,2017-03,3330697,0.071978,25353053705,4.70354,Top 5%
56,2614,387494577,147,2014-01,2026-04,2636017.53,3444857,2025-10,3444857,0.071889,25740548282,4.775428,Top 5%
57,2421,387026675,147,2014-01,2026-04,2632834.52,3890062,2025-10,3890062,0.071802,26127574957,4.84723,Top 5%
58,3390,385989403,147,2014-01,2026-04,2625778.25,2932977,2019-08,2932977,0.071609,26513564360,4.91884,Top 5%
59,2103,385146382,147,2014-01,2026-04,2620043.41,3004930,2017-03,3004930,0.071453,26898710742,4.990293,Top 5%
60,2868,383329373,147,2014-01,2026-04,2607682.81,3335599,2025-10,3335599,0.071116,27282040115,5.061409,Top 5%
61,5296,381968735,147,2014-01,2026-04,2598426.77,3893238,2025-03,3893238,0.070863,27664008850,5.132272,Top 5%
62,2406,381814908,147,2014-01,2026-04,2597380.33,2997668,2023-03,2997668,0.070835,28045823758,5.203107,Top 5%
63,4711,381289235,147,2014-01,2026-04,2593804.32,3054727,2025-10,3054727,0.070737,28427112993,5.273844,Top 5%
64,195,380350457,147,2014-01,2026-04,2587418.07,3140491,2021-12,3140491,0.070563,28807463450,5.344408,Top 5%
65,1144,379896684,147,2014-01,2026-04,2584331.18,2930828,2016-11,2930828,0.070479,29187360134,5.414887,Top 5%
66,429,379284312,147,2014-01,2026-04,2580165.39,3011403,2019-10,3011403,0.070365,29566644446,5.485252,Top 5%
67,999,377759395,147,2014-01,2026-04,2569791.8,3051000,2016-12,3051000,0.070083,29944403841,5.555335,Top 5%
68,1156,377073282,147,2014-01,2026-04,2565124.37,3103591,2023-11,3103591,0.069955,30321477123,5.62529,Top 5%
69,2407,375739484,147,2014-01,2026-04,2556050.91,2947193,2018-10,2947193,0.069708,30697216607,5.694998,Top 5%
70,3671,375708270,147,2014-01,2026-04,2555838.57,2856153,2025-10,2856153,0.069702,31072924877,5.7647,Top 5%
71,2172,375339204,147,2014-01,2026-04,2553327.92,3050446,2024-10,3050446,0.069634,31448264081,5.834333,Top 5%
72,2422,374935276,147,2014-01,2026-04,2550580.11,3116644,2025-10,3116644,0.069559,31823199357,5.903892,Top 5%
73,3706,374815046,147,2014-01,2026-04,2549762.22,3109200,2017-12,3109200,0.069536,32198014403,5.973428,Top 5%
74,4169,373067435,147,2014-01,2026-04,2537873.71,2963235,2016-08,2963235,0.069212,32571081838,6.04264,Top 5%
75,4461,372247743,147,2014-01,2026-04,2532297.57,2932853,2017-03,2932853,0.06906,32943329581,6.1117,Top 5%
76,2020,372199007,147,2014-01,2026-04,2531966.03,2936924,2017-05,2936924,0.069051,33315528588,6.180751,Top 5%
77,4187,371012670,147,2014-01,2026-04,2523895.71,3159005,2021-03,3159005,0.068831,33686541258,6.249582,Top 5%
78,2827,370582073,147,2014-01,2026-04,2520966.48,3272840,2014-10,3272840,0.068751,34057123331,6.318333,Top 5%
79,2336,368801497,147,2014-01,2026-04,2508853.72,2920025,2024-12,2920025,0.068421,34425924828,6.386754,Top 5%
80,4381,368514266,147,2014-01,2026-04,2506899.77,3810753,2014-04,3810753,0.068367,34794439094,6.455121,Top 5%
81,2104,367296762,147,2014-01,2026-04,2498617.43,2894548,2024-10,2894548,0.068141,35161735856,6.523262,Top 5%
82,2412,366473067,147,2014-01,2026-04,2493014.06,2933680,2019-10,2933680,0.067989,35528208923,6.591251,Top 5%
83,2613,365991541,147,2014-01,2026-04,2489738.37,2777566,2019-10,2777566,0.067899,35894200464,6.659151,Top 5%
84,4155,365437068,147,2014-01,2026-04,2485966.45,3071712,2017-03,3071712,0.067796,36259637532,6.726947,Top 5%
85,2302,364909593,147,2014-01,2026-04,2482378.18,3444909,2025-03,3444909,0.067699,36624547125,6.794646,Top 5%
86,3198,363923761,146,2014-01,2026-04,2492628.5,3035865,2022-08,3035865,0.067516,36988470886,6.862161,Top 5%
87,3174,362999983,147,2014-01,2026-04,2469387.64,3148843,2026-03,3148843,0.067344,37351470869,6.929506,Top 5%
88,2424,361274463,147,2014-01,2026-04,2457649.41,3389212,2024-05,3389212,0.067024,37712745332,6.99653,Top 5%
89,2161,357753587,147,2014-01,2026-04,2433697.87,2932119,2022-03,2932119,0.066371,38070498919,7.062901,Top 5%
90,3056,354941351,147,2014-01,2026-04,2414567.01,4221046,2014-10,4221046,0.065849,38425440270,7.12875,Top 5%
91,2437,354411127,147,2014-01,2026-04,2410960.05,3015954,2017-12,3015954,0.065751,38779851397,7.194501,Top 5%
92,2309,354290866,147,2014-01,2026-04,2410141.95,3211881,2025-03,3211881,0.065729,39134142263,7.26023,Top 5%
93,202,352422511,147,2014-01,2026-04,2397432.05,2720446,2014-10,2720446,0.065382,39486564774,7.325612,Top 5%
94,3022,352302804,147,2014-01,2026-04,2396617.71,3212070,2019-10,3212070,0.06536,39838867578,7.390972,Top 5%
95,2918,352085251,147,2014-01,2026-04,2395137.76,3332537,2019-05,3332537,0.065319,40190952829,7.456291,Top 5%
96,408,351742972,147,2014-01,2026-04,2392809.33,3150431,2024-05,3150431,0.065256,40542695801,7.521547,Top 5%
97,2408,350979736,147,2014-01,2026-04,2387617.25,2789668,2019-10,2789668,0.065114,40893675537,7.586661,Top 5%
98,2325,350367083,147,2014-01,2026-04,2383449.54,2869652,2018-05,2869652,0.065001,41244042620,7.651662,Top 5%
99,417,349674249,147,2014-01,2026-04,2378736.39,3255419,2016-04,3255419,0.064872,41593716869,7.716534,Top 5%
100,2409,348853457,147,2014-01,2026-04,2373152.77,3067159,2019-10,3067159,0.06472,41942570326,7.781254,Top 5%
101,2320,347501419,147,2014-01,2026-04,2363955.23,2765212,2018-08,2765212,0.064469,42290071745,7.845723,Top 5%
102,2312,344490057,147,2014-01,2026-04,2343469.78,2810211,2018-07,2810211,0.06391,42634561802,7.909633,Top 5%
103,3389,344377178,147,2014-01,2026-04,2342701.89,2811889,2019-03,2811889,0.063889,42978938980,7.973523,Top 5%
104,2430,344220706,147,2014-01,2026-04,2341637.46,2833929,2018-03,2833929,0.06386,43323159686,8.037383,Top 5%
105,3701,342510963,147,2014-01,2026-04,2330006.55,2594807,2025-03,2594807,0.063543,43665670649,8.100926,Top 5%
106,4734,342450502,147,2014-01,2026-04,2329595.25,2631050,2019-03,2631050,0.063532,44008121151,8.164458,Top 5%
107,725,342262233,144,2014-01,2026-04,2376821.06,3462015,2014-02,3462015,0.063497,44350383384,8.227955,Top 5%
108,2756,342029645,147,2014-01,2026-04,2326732.28,2875230,2019-10,2875230,0.063454,44692413029,8.291409,Top 5%
109,432,341324337,147,2014-01,2026-04,2321934.27,2709355,2017-10,2709355,0.063323,45033737366,8.354732,Top 5%
110,604,340669484,147,2014-01,2026-04,2317479.48,2649594,2017-03,2649594,0.063202,45374406850,8.417934,Top 5%
111,1197,339931084,147,2014-01,2026-04,2312456.35,4529531,2022-05,4529531,0.063065,45714337934,8.480998,Top 5%
112,3689,339858763,147,2014-01,2026-04,2311964.37,2665966,2026-03,2665966,0.063051,46054196697,8.54405,Top 5%
113,3075,339736344,147,2014-01,2026-04,2311131.59,2732620,2024-03,2732620,0.063028,46393933041,8.607078,Top 5%
114,3088,339541628,147,2014-01,2026-04,2309806.99,2666105,2024-10,2666105,0.062992,46733474669,8.67007,Top 5%
115,2627,338248403,147,2014-01,2026-04,2301009.54,2825825,2025-10,2825825,0.062752,47071723072,8.732823,Top 5%
116,3172,338248138,147,2014-01,2026-04,2301007.74,2772477,2017-03,2772477,0.062752,47409971210,8.795575,Top 5%
117,2108,338162854,147,2014-01,2026-04,2300427.58,2607216,2019-08,2607216,0.062737,47748134064,8.858312,Top 5%
118,121,336243923,147,2014-01,2026-04,2287373.63,3466914,2024-03,3466914,0.062381,48084377987,8.920692,Top 5%
119,3693,335728570,147,2014-01,2026-04,2283867.82,2785280,2019-03,2785280,0.062285,48420106557,8.982977,Top 5%
120,456,335637786,147,2014-01,2026-04,2283250.24,2618929,2019-10,2618929,0.062268,48755744343,9.045245,Top 5%
121,256,335502364,147,2014-01,2026-04,2282329.01,2935303,2024-03,2935303,0.062243,49091246707,9.107488,Top 5%
122,4562,335176664,147,2014-01,2026-04,2280113.36,3352610,2014-05,3352610,0.062183,49426423371,9.169671,Top 5%
123,164,334678369,147,2014-01,2026-04,2276723.6,2598132,2019-10,2598132,0.06209,49761101740,9.231761,Top 5%
124,2411,334148208,147,2014-01,2026-04,2273117.06,2838141,2019-10,2838141,0.061992,50095249948,9.293752,Top 5%
125,2419,334144748,147,2014-01,2026-04,2273093.52,2651080,2019-10,2651080,0.061991,50429394696,9.355743,Top 5%
126,3361,333077543,147,2014-01,2026-04,2265833.63,2797461,2014-03,2797461,0.061793,50762472239,9.417537,Top 5%
127,126,332820160,147,2014-01,2026-04,2264082.72,2685256,2014-03,2685256,0.061745,51095292399,9.479282,Top 5%
128,2899,332753089,129,2014-01,2024-10,2579481.31,3191730,2018-11,3191730,0.061733,51428045488,9.541015,Top 5%
129,2321,332405549,147,2014-01,2026-04,2261262.24,2692005,2019-10,2692005,0.061668,51760451037,9.602683,Top 5%
130,3744,331777097,147,2014-01,2026-04,2256987.05,2665802,2019-10,2665802,0.061552,52092228134,9.664235,Top 5%
131,3016,329501897,147,2014-01,2026-04,2241509.5,2685707,2019-10,2685707,0.06113,52421730031,9.725365,Top 5%
132,3541,328965579,147,2014-01,2026-04,2237861.08,2762824,2014-03,2762824,0.06103,52750695610,9.786395,Top 5%
133,2003,327062560,147,2014-01,2026-04,2224915.37,2580888,2018-05,2580888,0.060677,53077758170,9.847072,Top 5%
134,4975,326298524,147,2014-01,2026-04,2219717.85,2986469,2018-10,2986469,0.060535,53404056694,9.907608,Top 5%
135,3064,326109276,147,2014-01,2026-04,2218430.45,2690670,2023-03,2690670,0.0605,53730165970,9.968108,Top 5%
136,4382,325961212,147,2014-01,2026-04,2217423.21,2740813,2019-08,2740813,0.060473,54056127182,10.028581,Top 5%
137,4901,325605948,147,2014-01,2026-04,2215006.45,2600595,2019-03,2600595,0.060407,54381733130,10.088988,Top 5%
138,4902,325325591,147,2014-01,2026-04,2213099.26,6121033,2017-02,6121033,0.060355,54707058721,10.149343,Top 5%
139,2306,325236056,147,2014-01,2026-04,2212490.18,4165658,2014-10,4165658,0.060338,55032294777,10.209681,Top 5%
140,867,324797828,147,2014-01,2026-04,2209509.03,2550188,2025-10,2550188,0.060257,55357092605,10.269938,Top 5%
141,2169,324079205,147,2014-01,2026-04,2204620.44,2686389,2025-10,2686389,0.060124,55681171810,10.330062,Top 5%
142,2002,324076527,147,2014-01,2026-04,2204602.22,2667472,2018-05,2667472,0.060123,56005248337,10.390185,Top 5%
143,185,323703233,147,2014-01,2026-04,2202062.81,3462746,2018-05,3462746,0.060054,56328951570,10.450239,Top 5%
144,869,323306152,147,2014-01,2026-04,2199361.58,2530631,2015-12,2530631,0.05998,56652257722,10.510219,Top 5%
145,5079,322643882,147,2014-01,2026-04,2194856.34,3290158,2025-10,3290158,0.059857,56974901604,10.570077,Top 5%
146,4380,322074065,147,2014-01,2026-04,2190980.03,2529100,2024-10,2529100,0.059752,57296975669,10.629828,Top 5%
147,2498,321827244,147,2014-01,2026-04,2189300.98,2910721,2014-12,2910721,0.059706,57618802913,10.689534,Top 5%
148,1038,321321426,147,2014-01,2026-04,2185860.04,3839096,2019-07,3839096,0.059612,57940124339,10.749146,Top 5%
149,814,320599397,130,2014-01,2024-11,2466149.21,2958852,2017-05,2958852,0.059478,58260723736,10.808624,Top 5%
150,4384,319025660,147,2014-01,2026-04,2170242.59,2444001,2022-08,2444001,0.059186,58579749396,10.867811,Top 5%
151,2327,318729077,147,2014-01,2026-04,2168225.01,2681992,2015-12,2681992,0.059131,58898478473,10.926942,Top 5%
152,2310,317847884,147,2014-01,2026-04,2162230.5,3097497,2025-01,3097497,0.058968,59216326357,10.985909,Top 5%
153,2017,317561062,147,2014-01,2026-04,2160279.33,2489205,2024-10,2489205,0.058914,59533887419,11.044824,Top 5%
154,2434,317361026,147,2014-01,2026-04,2158918.54,3897766,2016-10,3897766,0.058877,59851248445,11.103701,Top 5%
155,3747,317352556,147,2014-01,2026-04,2158860.93,2488874,2016-05,2488874,0.058876,60168601001,11.162577,Top 5%
156,4301,316654574,147,2014-01,2026-04,2154112.75,2531661,2018-03,2531661,0.058746,60485255575,11.221323,Top 5%
157,2413,315989551,147,2014-01,2026-04,2149588.78,3071750,2024-10,3071750,0.058623,60801245126,11.279946,Top 5%
158,2328,315813854,147,2014-01,2026-04,2148393.56,2574613,2015-12,2574613,0.05859,61117058980,11.338536,Top 5%
159,3556,315643064,147,2014-01,2026-04,2147231.73,3149458,2015-10,3149458,0.058559,61432702044,11.397095,Top 5%
160,2880,314785178,147,2014-01,2026-04,2141395.77,2943658,2018-03,2943658,0.058399,61747487222,11.455494,Top 5%
161,784,314650790,147,2014-01,2026-04,2140481.56,2432231,2025-10,2432231,0.058375,62062138012,11.513869,Top 5%
162,2319,314547233,147,2014-01,2026-04,2139777.1,2465018,2018-10,2465018,0.058355,62376685245,11.572224,Top 5%
163,265,314113537,147,2014-01,2026-04,2136826.78,2457697,2019-10,2457697,0.058275,62690798782,11.630499,Top 5%
164,3570,313936558,147,2014-01,2026-04,2135622.84,3032251,2026-03,3032251,0.058242,63004735340,11.688741,Top 5%
165,2324,313809965,147,2014-01,2026-04,2134761.67,2489605,2017-03,2489605,0.058219,63318545305,11.74696,Top 5%
166,634,313628655,147,2014-01,2026-04,2133528.27,2509675,2022-10,2509675,0.058185,63632173960,11.805145,Top 5%
167,765,309928937,147,2014-01,2026-04,2108360.12,2498820,2019-10,2498820,0.057499,63942102897,11.862643,Top 5%
168,422,309291785,147,2014-01,2026-04,2104025.75,2560589,2025-03,2560589,0.05738,64251394682,11.920023,Top 5%
169,3083,309268293,144,2014-01,2026-04,2147696.48,2698016,2023-08,2698016,0.057376,64560662975,11.977399,Top 5%
170,574,308769861,147,2014-01,2026-04,2100475.24,2518828,2025-08,2518828,0.057283,64869432836,12.034683,Top 5%
171,3740,308702476,144,2014-01,2026-04,2143767.19,2967076,2025-10,2967076,0.057271,65178135312,12.091954,Top 5%
172,576,306943001,147,2014-01,2026-04,2088047.63,2382388,2019-08,2382388,0.056945,65485078313,12.148898,Top 5%
173,2418,306406783,147,2014-01,2026-04,2084399.88,2486639,2019-10,2486639,0.056845,65791485096,12.205743,Top 5%
174,4896,306067545,147,2014-01,2026-04,2082092.14,2447885,2017-03,2447885,0.056782,66097552641,12.262526,Top 5%
175,3151,303952073,147,2014-01,2026-04,2067701.18,3527985,2016-05,3527985,0.05639,66401504714,12.318915,Top 5%
176,3745,303668879,147,2014-01,2026-04,2065774.69,2438618,2017-03,2438618,0.056337,66705173593,12.375252,Top 5%
177,2109,302888523,147,2014-01,2026-04,2060466.14,2835842,2018-03,2835842,0.056192,67008062116,12.431445,Top 5%
178,2305,302705692,147,2014-01,2026-04,2059222.39,2399465,2017-03,2399465,0.056158,67310767808,12.487603,Top 5%
179,426,302300599,147,2014-01,2026-04,2056466.66,2318181,2019-08,2318181,0.056083,67613068407,12.543687,Top 5%
180,2110,302268848,147,2014-01,2026-04,2056250.67,2436223,2018-03,2436223,0.056077,67915337255,12.599764,Top 5%
181,2617,299558196,147,2014-01,2026-04,2037810.86,2481908,2023-05,2481908,0.055575,68214895451,12.655338,Top 5%
182,1100,299516497,147,2014-01,2026-04,2037527.19,2297443,2022-05,2297443,0.055567,68514411948,12.710905,Top 5%
183,2417,299425968,147,2014-01,2026-04,2036911.35,2407841,2019-10,2407841,0.05555,68813837916,12.766455,Top 5%
184,737,298774325,147,2014-01,2026-04,2032478.4,2646263,2025-10,2646263,0.055429,69112612241,12.821884,Top 5%
185,3511,298752711,147,2014-01,2026-04,2032331.37,2412398,2022-07,2412398,0.055425,69411364952,12.877309,Top 5%
186,3053,298710934,147,2014-01,2026-04,2032047.17,2326351,2025-07,2326351,0.055417,69710075886,12.932727,Top 5%
187,4549,298667861,147,2014-01,2026-04,2031754.16,2531711,2019-10,2531711,0.055409,70008743747,12.988136,Top 5%
188,2946,297987508,147,2014-01,2026-04,2027125.9,2970527,2025-10,2970527,0.055283,70306731255,13.043419,Top 5%
189,3395,297668130,147,2014-01,2026-04,2024953.27,2357694,2025-03,2357694,0.055224,70604399385,13.098643,Top 5%
190,4441,297423495,147,2014-01,2026-04,2023289.08,5761286,2017-02,5761286,0.055178,70901822880,13.153822,Top 5%
191,2845,297338897,147,2014-01,2026-04,2022713.59,2509823,2025-03,2509823,0.055163,71199161777,13.208984,Top 5%
192,3391,297178859,147,2014-01,2026-04,2021624.89,2376481,2023-03,2376481,0.055133,71496340636,13.264118,Top 5%
193,3696,297000291,147,2014-01,2026-04,2020410.14,2697928,2025-10,2697928,0.0551,71793340927,13.319218,Top 5%
194,2435,296217390,147,2014-01,2026-04,2015084.29,6148979,2023-05,6148979,0.054955,72089558317,13.374172,Top 5%
195,4976,296140187,147,2014-01,2026-04,2014559.1,2745586,2024-11,2745586,0.05494,72385698504,13.429113,Top 5%
196,2322,296065115,147,2014-01,2026-04,2014048.4,2501092,2025-10,2501092,0.054926,72681763619,13.484039,Top 5%
197,984,295708809,147,2014-01,2026-04,2011624.55,2689593,2018-10,2689593,0.05486,72977472428,13.5389,Top 5%
198,4212,295638686,147,2014-01,2026-04,2011147.52,2607655,2018-03,2607655,0.054847,73273111114,13.593747,Top 5%
199,5003,295376169,147,2014-01,2026-04,2009361.69,3348463,2019-10,3348463,0.054799,73568487283,13.648546,Top 5%
200,431,294168943,147,2014-01,2026-04,2001149.27,2971952,2014-01,2971952,0.054575,73862656226,13.70312,Top 5%
201,2431,294028240,147,2014-01,2026-04,2000192.11,2387273,2021-03,2387273,0.054549,74156684466,13.757669,Top 5%
202,3191,294019569,147,2014-01,2026-04,2000133.12,2751652,2019-05,2751652,0.054547,74450704035,13.812216,Top 5%
203,530,293698864,147,2014-01,2026-04,1997951.46,3533242,2021-12,3533242,0.054487,74744402899,13.866703,Top 5%
204,3066,293421875,147,2014-01,2026-04,1996067.18,5179571,2018-02,5179571,0.054436,75037824774,13.921139,Top 5%
205,3374,293324525,147,2014-01,2026-04,1995404.93,2462947,2014-03,2462947,0.054418,75331149299,13.975558,Top 5%
206,138,292735531,147,2014-01,2026-04,1991398.17,3829013,2025-03,3829013,0.054309,75623884830,14.029866,Top 5%
207,2414,292655807,147,2014-01,2026-04,1990855.83,2591236,2022-10,2591236,0.054294,75916540637,14.08416,Top 5%
208,2340,292370367,147,2014-01,2026-04,1988914.06,2599430,2020-06,2599430,0.054241,76208911004,14.138401,Top 5%
209,1121,292060666,147,2014-01,2026-04,1986807.25,2316081,2018-10,2316081,0.054184,76500971670,14.192585,Top 5%
210,3108,291824768,147,2014-01,2026-04,1985202.5,2301119,2014-03,2301119,0.05414,76792796438,14.246725,Top 5%
211,4986,291550100,147,2014-01,2026-04,1983334.01,2359864,2022-06,2359864,0.054089,77084346538,14.300814,Top 5%
212,3339,291524688,147,2014-01,2026-04,1983161.14,2335957,2017-08,2335957,0.054084,77375871226,14.354898,Top 5%
213,3225,290449028,147,2014-01,2026-04,1975843.73,2787576,2021-03,2787576,0.053885,77666320254,14.408782,Top 5%
214,2601,290357450,147,2014-01,2026-04,1975220.75,2765629,2024-07,2765629,0.053868,77956677704,14.46265,Top 5%
215,4744,290075067,147,2014-01,2026-04,1973299.78,2875737,2014-10,2875737,0.053815,78246752771,14.516465,Top 5%
216,2105,290003874,147,2014-01,2026-04,1972815.47,2262638,2017-03,2262638,0.053802,78536756645,14.570267,Top 5%
217,620,289424216,147,2014-01,2026-04,1968872.22,2452417,2019-10,2452417,0.053694,78826180861,14.623961,Top 5%
218,3445,289190025,147,2014-01,2026-04,1967279.08,2336464,2025-03,2336464,0.053651,79115370886,14.677612,Top 5%
219,3401,288960084,147,2014-01,2026-04,1965714.86,3340295,2025-10,3340295,0.053608,79404330970,14.731221,Top 5%
220,2429,288489859,147,2014-01,2026-04,1962516.05,2280673,2022-03,2280673,0.053521,79692820829,14.784742,Top 5%
221,2666,288411400,147,2014-01,2026-04,1961982.31,2255974,2025-10,2255974,0.053507,79981232229,14.838248,Top 5%
222,2815,286816830,147,2014-01,2026-04,1951134.9,2476603,2021-03,2476603,0.053211,80268049059,14.891459,Top 5%
223,3333,286723191,147,2014-01,2026-04,1950497.9,2249375,2017-03,2249375,0.053193,80554772250,14.944653,Top 5%
224,2871,286506877,147,2014-01,2026-04,1949026.37,2249000,2025-10,2249000,0.053153,80841279127,14.997806,Top 5%
225,2433,286416047,147,2014-01,2026-04,1948408.48,2289430,2019-10,2289430,0.053136,81127695174,15.050942,Top 5%
226,2339,285931041,147,2014-01,2026-04,1945109.12,2326593,2015-12,2326593,0.053046,81413626215,15.103989,Top 5%
227,2323,285878294,147,2014-01,2026-04,1944750.3,2264868,2019-10,2264868,0.053037,81699504509,15.157025,Top 5%
228,2304,285864401,147,2014-01,2026-04,1944655.79,2236410,2014-10,2236410,0.053034,81985368910,15.210059,Top 5%
229,2440,285695436,147,2014-01,2026-04,1943506.37,2227949,2019-03,2227949,0.053003,82271064346,15.263062,Top 5%
230,529,285549909,147,2014-01,2026-04,1942516.39,3596882,2025-06,3596882,0.052976,82556614255,15.316038,Top 5%
231,4539,285537415,147,2014-01,2026-04,1942431.39,2899479,2017-10,2899479,0.052973,82842151670,15.369011,Top 5%
232,974,285077723,147,2014-01,2026-04,1939304.24,3023560,2016-09,3023560,0.052888,83127229393,15.421899,Top 5%
233,2397,284883761,147,2014-01,2026-04,1937984.77,2277322,2019-08,2277322,0.052852,83412113154,15.474751,Top 5%
234,2432,284300214,147,2014-01,2026-04,1934015.06,2643139,2019-03,2643139,0.052744,83696413368,15.527495,Top 5%
235,4197,284167386,147,2014-01,2026-04,1933111.47,2215404,2016-05,2215404,0.052719,83980580754,15.580214,Top 5%
236,1182,284038392,147,2014-01,2026-04,1932233.96,2281959,2017-10,2281959,0.052695,84264619146,15.632909,Top 5%
237,2828,283748882,143,2014-01,2025-12,1984257.92,2332749,2025-05,2332749,0.052642,84548368028,15.685551,Top 5%
238,3128,283602821,147,2014-01,2026-04,1929270.89,3157096,2019-08,3157096,0.052614,84831970849,15.738165,Top 10%
239,1302,282379243,147,2014-01,2026-04,1920947.23,2390946,2017-05,2390946,0.052387,85114350092,15.790553,Top 10%
240,5273,281529991,147,2014-01,2026-04,1915170.01,2462521,2025-10,2462521,0.05223,85395880083,15.842783,Top 10%
241,2194,281421926,147,2014-01,2026-04,1914434.87,2214754,2025-03,2214754,0.05221,85677302009,15.894993,Top 10%
242,3308,281335297,147,2014-01,2026-04,1913845.56,2553790,2017-05,2553790,0.052194,85958637306,15.947186,Top 10%
243,4046,281249155,147,2014-01,2026-04,1913259.56,4146753,2025-05,4146753,0.052178,86239886461,15.999364,Top 10%
244,2330,281107962,147,2014-01,2026-04,1912299.06,2386928,2019-10,2386928,0.052152,86520994423,16.051516,Top 10%
245,257,280908052,147,2014-01,2026-04,1910939.13,2307650,2023-12,2307650,0.052115,86801902475,16.10363,Top 10%
246,430,280717676,147,2014-01,2026-04,1909644.05,2283384,2019-10,2283384,0.052079,87082620151,16.15571,Top 10%
247,4561,280690434,147,2014-01,2026-04,1909458.73,2542025,2014-08,2542025,0.052074,87363310585,16.207784,Top 10%
248,4881,280574613,147,2014-01,2026-04,1908670.84,2267836,2019-08,2267836,0.052053,87643885198,16.259836,Top 10%
249,4406,280291526,147,2014-01,2026-04,1906745.07,2485959,2017-08,2485959,0.052,87924176724,16.311836,Top 10%
250,3524,280273885,147,2014-01,2026-04,1906625.07,2152800,2016-10,2152800,0.051997,88204450609,16.363833,Top 10%
251,413,279717271,147,2014-01,2026-04,1902838.58,2154497,2019-10,2154497,0.051894,88484167880,16.415727,Top 10%
252,3736,279515835,147,2014-01,2026-04,1901468.27,2273688,2017-03,2273688,0.051856,88763683715,16.467583,Top 10%
253,4551,279125500,147,2014-01,2026-04,1898812.93,2457975,2016-11,2457975,0.051784,89042809215,16.519367,Top 10%
254,2185,279123996,147,2014-01,2026-04,1898802.69,3264680,2025-10,3264680,0.051784,89321933211,16.571151,Top 10%
255,2821,278567154,147,2014-01,2026-04,1895014.65,2373222,2024-05,2373222,0.05168,89600500365,16.622831,Top 10%
256,2860,277945120,147,2014-01,2026-04,1890783.13,2398807,2023-08,2398807,0.051565,89878445485,16.674396,Top 10%
257,5007,277809989,147,2014-01,2026-04,1889863.87,2313844,2026-01,2313844,0.05154,90156255474,16.725935,Top 10%
258,442,277766441,147,2014-01,2026-04,1889567.63,2590657,2026-02,2590657,0.051532,90434021915,16.777467,Top 10%
259,3050,277575845,147,2014-01,2026-04,1888271.05,2226956,2025-10,2226956,0.051496,90711597760,16.828963,Top 10%
260,731,277249061,147,2014-01,2026-04,1886048.03,2436709,2025-10,2436709,0.051436,90988846821,16.880399,Top 10%
261,2149,276985589,147,2014-01,2026-04,1884255.71,2181118,2025-10,2181118,0.051387,91265832410,16.931786,Top 10%
262,3061,276949746,147,2014-01,2026-04,1884011.88,2277571,2024-03,2277571,0.05138,91542782156,16.983166,Top 10%
263,433,276889576,147,2014-01,2026-04,1883602.56,2166799,2019-08,2166799,0.051369,91819671732,17.034535,Top 10%
264,2426,276867487,147,2014-01,2026-04,1883452.29,2243977,2022-03,2243977,0.051365,92096539219,17.0859,Top 10%
265,177,276835424,147,2014-01,2026-04,1883234.18,2197033,2019-10,2197033,0.051359,92373374643,17.137259,Top 10%
266,2638,276700899,147,2014-01,2026-04,1882319.04,2158606,2025-07,2158606,0.051334,92650075542,17.188593,Top 10%
267,2212,276365339,147,2014-01,2026-04,1880036.32,2238148,2014-01,2238148,0.051272,92926440881,17.239865,Top 10%
268,5313,276277186,147,2014-01,2026-04,1879436.64,2742628,2025-10,2742628,0.051255,93202718067,17.29112,Top 10%
269,2191,275853657,147,2014-01,2026-04,1876555.49,2117673,2018-03,2117673,0.051177,93478571724,17.342297,Top 10%
270,2507,275566592,147,2014-01,2026-04,1874602.67,2253686,2025-08,2253686,0.051124,93754138316,17.39342,Top 10%
271,3373,275367803,147,2014-01,2026-04,1873250.36,2291798,2016-12,2291798,0.051087,94029506119,17.444507,Top 10%
272,1529,275339981,145,2014-03,2026-04,1898896.42,2877704,2026-03,2877704,0.051082,94304846100,17.495589,Top 10%
273,4859,275034553,147,2014-01,2026-04,1870983.35,2126760,2017-03,2126760,0.051025,94579880653,17.546613,Top 10%
274,424,274994312,147,2014-01,2026-04,1870709.61,2096299,2017-03,2096299,0.051017,94854874965,17.597631,Top 10%
275,4995,274786525,147,2014-01,2026-04,1869296.09,2267466,2025-10,2267466,0.050979,95129661490,17.64861,Top 10%
276,2334,274690126,147,2014-01,2026-04,1868640.31,2260057,2015-12,2260057,0.050961,95404351616,17.699571,Top 10%
277,2314,274594021,147,2014-01,2026-04,1867986.54,2125415,2017-03,2125415,0.050943,95678945637,17.750514,Top 10%
278,2869,274239252,147,2014-01,2026-04,1865573.14,2492486,2020-03,2492486,0.050877,95953184889,17.801391,Top 10%
279,326,273345265,147,2014-01,2026-04,1859491.6,2170964,2014-12,2170964,0.050711,96226530154,17.852103,Top 10%
280,4421,272994763,147,2014-01,2026-04,1857107.23,2195061,2014-03,2195061,0.050646,96499524917,17.902749,Top 10%
281,6616,272899264,147,2014-01,2026-04,1856457.58,2187383,2021-12,2187383,0.050629,96772424181,17.953378,Top 10%
282,2508,272883401,147,2014-01,2026-04,1856349.67,3657854,2014-12,3657854,0.050626,97045307582,18.004004,Top 10%
283,508,271863695,147,2014-01,2026-04,1849412.89,2712718,2025-08,2712718,0.050437,97317171277,18.05444,Top 10%
284,137,271694953,147,2014-01,2026-04,1848264.99,2252634,2024-12,2252634,0.050405,97588866230,18.104845,Top 10%
285,2155,271446531,147,2014-01,2026-04,1846575.04,2157332,2017-11,2157332,0.050359,97860312761,18.155205,Top 10%
286,575,271357270,147,2014-01,2026-04,1845967.82,2523982,2023-03,2523982,0.050343,98131670031,18.205547,Top 10%
287,133,271176157,147,2014-01,2026-04,1844735.76,2141739,2018-08,2141739,0.050309,98402846188,18.255856,Top 10%
288,2206,271175069,147,2014-01,2026-04,1844728.36,2555397,2017-08,2555397,0.050309,98674021257,18.306165,Top 10%
289,399,270839395,147,2014-01,2026-04,1842444.86,2299287,2019-10,2299287,0.050247,98944860652,18.356412,Top 10%
290,258,269818506,147,2014-01,2026-04,1835500.04,3066277,2025-10,3066277,0.050057,99214679158,18.406469,Top 10%
291,2656,269615956,147,2014-01,2026-04,1834122.15,2535967,2025-03,2535967,0.05002,99484295114,18.456488,Top 10%
292,686,269494208,147,2014-01,2026-04,1833293.93,2555974,2026-03,2555974,0.049997,99753789322,18.506485,Top 10%
293,2658,268020191,147,2014-01,2026-04,1823266.61,2398699,2025-03,2398699,0.049724,100021809513,18.556209,Top 10%
294,2506,267896494,147,2014-01,2026-04,1822425.13,2428810,2019-11,2428810,0.049701,100289706007,18.60591,Top 10%
295,4848,267509065,146,2014-01,2026-04,1832253.87,2185681,2024-05,2185681,0.049629,100557215072,18.655538,Top 10%
296,1900,267504855,130,2014-01,2024-11,2057729.65,2445105,2018-03,2445105,0.049628,100824719927,18.705166,Top 10%
297,5259,267460840,147,2014-01,2026-04,1819461.5,2247325,2019-10,2247325,0.04962,101092180767,18.754786,Top 10%
298,2187,266847563,147,2014-01,2026-04,1815289.54,2107860,2025-10,2107860,0.049506,101359028330,18.804292,Top 10%
299,3171,266186167,147,2014-01,2026-04,1810790.25,2334646,2023-12,2334646,0.049383,101625214497,18.853675,Top 10%
300,2158,265612292,147,2014-01,2026-04,1806886.34,2083369,2022-03,2083369,0.049277,101890826789,18.902952,Top 10%
301,203,265525387,147,2014-01,2026-04,1806295.15,2166243,2017-05,2166243,0.049261,102156352176,18.952213,Top 10%
302,1190,265501425,147,2014-01,2026-04,1806132.14,2323977,2025-11,2323977,0.049256,102421853601,19.001469,Top 10%
303,3112,265212067,147,2014-01,2026-04,1804163.72,2533736,2017-08,2533736,0.049203,102687065668,19.050672,Top 10%
304,2850,265046089,147,2014-01,2026-04,1803034.62,3165982,2024-03,3165982,0.049172,102952111757,19.099843,Top 10%
305,2352,264891347,147,2014-01,2026-04,1801981.95,2193821,2015-12,2193821,0.049143,103217003104,19.148987,Top 10%
306,2162,264532899,147,2014-01,2026-04,1799543.53,2277953,2015-04,2277953,0.049077,103481536003,19.198063,Top 10%
307,325,264532142,147,2014-01,2026-04,1799538.38,2125742,2026-03,2125742,0.049076,103746068145,19.24714,Top 10%
308,3691,264528264,147,2014-01,2026-04,1799512.0,2100785,2018-05,2100785,0.049076,104010596409,19.296215,Top 10%
309,544,264472189,147,2014-01,2026-04,1799130.54,2031425,2019-10,2031425,0.049065,104275068598,19.345281,Top 10%
310,991,264134522,147,2014-01,2026-04,1796833.48,2138708,2017-03,2138708,0.049003,104539203120,19.394283,Top 10%
311,674,263677961,147,2014-01,2026-04,1793727.63,2439885,2016-05,2439885,0.048918,104802881081,19.443201,Top 10%
312,2789,263244083,147,2014-01,2026-04,1790776.07,2522183,2021-05,2522183,0.048837,105066125164,19.492039,Top 10%
313,3984,263173052,147,2014-01,2026-04,1790292.87,2019891,2019-05,2019891,0.048824,105329298216,19.540863,Top 10%
314,120,263027750,147,2014-01,2026-04,1789304.42,2111806,2019-10,2111806,0.048797,105592325966,19.58966,Top 10%
315,3192,262606349,147,2014-01,2026-04,1786437.75,2021487,2019-05,2021487,0.048719,105854932315,19.638379,Top 10%
316,3002,262558219,147,2014-01,2026-04,1786110.33,2023691,2018-05,2023691,0.04871,106117490534,19.68709,Top 10%
317,619,262542282,147,2014-01,2026-04,1786001.92,2345774,2019-10,2345774,0.048707,106380032816,19.735797,Top 10%
318,4987,262288132,147,2014-01,2026-04,1784273.01,2183440,2017-03,2183440,0.04866,106642320948,19.784457,Top 10%
319,3170,262249825,147,2014-01,2026-04,1784012.41,2284841,2023-01,2284841,0.048653,106904570773,19.83311,Top 10%
320,280,262079987,147,2014-01,2026-04,1782857.05,2509087,2018-10,2509087,0.048622,107166650760,19.881732,Top 10%
321,502,261120634,147,2014-01,2026-04,1776330.84,2167347,2019-10,2167347,0.048444,107427771394,19.930175,Top 10%
322,511,260821726,147,2014-01,2026-04,1774297.46,2440634,2025-10,2440634,0.048388,107688593120,19.978563,Top 10%
323,196,260815192,147,2014-01,2026-04,1774253.01,2596750,2024-10,2596750,0.048387,107949408312,20.02695,Top 10%
324,423,260742484,147,2014-01,2026-04,1773758.39,2105107,2019-10,2105107,0.048373,108210150796,20.075323,Top 10%
325,3616,260353598,147,2014-01,2026-04,1771112.91,2242393,2026-03,2242393,0.048301,108470504394,20.123625,Top 10%
326,441,260201068,147,2014-01,2026-04,1770075.29,3435468,2018-01,3435468,0.048273,108730705462,20.171898,Top 10%
327,393,260189124,147,2014-01,2026-04,1769994.04,1985186,2019-03,1985186,0.048271,108990894586,20.220168,Top 10%
328,332,259726911,147,2014-01,2026-04,1766849.73,2253520,2019-03,2253520,0.048185,109250621497,20.268353,Top 10%
329,893,259532713,147,2014-01,2026-04,1765528.66,2116441,2023-08,2116441,0.048149,109510154210,20.316502,Top 10%
330,2307,259498942,147,2014-01,2026-04,1765298.93,2032470,2014-10,2032470,0.048143,109769653152,20.364645,Top 10%
331,3133,259463639,147,2014-01,2026-04,1765058.77,2054674,2025-05,2054674,0.048136,110029116791,20.412781,Top 10%
332,3514,259051151,147,2014-01,2026-04,1762252.73,2075722,2024-10,2075722,0.04806,110288167942,20.460841,Top 10%
333,569,258684448,147,2014-01,2026-04,1759758.15,2026674,2025-10,2026674,0.047992,110546852390,20.508832,Top 10%
334,4802,258545896,147,2014-01,2026-04,1758815.62,2060525,2014-05,2060525,0.047966,110805398286,20.556798,Top 10%
335,409,258362260,147,2014-01,2026-04,1757566.39,1992844,2017-05,1992844,0.047932,111063760546,20.60473,Top 10%
336,2102,258264532,147,2014-01,2026-04,1756901.58,1955250,2017-03,1955250,0.047914,111322025078,20.652643,Top 10%
337,3132,258026894,147,2014-01,2026-04,1755284.99,2135418,2016-08,2135418,0.04787,111580051972,20.700513,Top 10%
338,1108,257981828,147,2014-01,2026-04,1754978.42,2254372,2019-03,2254372,0.047861,111838033800,20.748374,Top 10%
339,3680,257573541,147,2014-01,2026-04,1752200.96,2041805,2025-08,2041805,0.047785,112095607341,20.79616,Top 10%
340,2763,257210288,147,2014-01,2026-04,1749729.85,2158002,2025-10,2158002,0.047718,112352817629,20.843878,Top 10%
341,464,257202137,147,2014-01,2026-04,1749674.4,4672010,2025-09,4672010,0.047717,112610019766,20.891594,Top 10%
342,418,256672267,147,2014-01,2026-04,1746069.84,1955545,2019-10,1955545,0.047618,112866692033,20.939213,Top 10%
343,3734,256455497,147,2014-01,2026-04,1744595.22,2156827,2017-03,2156827,0.047578,113123147530,20.986791,Top 10%
344,4660,256315231,147,2014-01,2026-04,1743641.03,2016637,2017-03,2016637,0.047552,113379462761,21.034343,Top 10%
345,166,255513274,147,2014-01,2026-04,1738185.54,2213205,2018-03,2213205,0.047403,113634976035,21.081746,Top 10%
346,4218,255271257,146,2014-01,2026-04,1748433.27,2307713,2019-08,2307713,0.047358,113890247292,21.129104,Top 10%
347,1120,255132963,147,2014-01,2026-04,1735598.39,2115956,2025-10,2115956,0.047333,114145380255,21.176437,Top 10%
348,4668,255100087,147,2014-01,2026-04,1735374.74,1985010,2025-10,1985010,0.047327,114400480342,21.223763,Top 10%
349,3058,254910024,147,2014-01,2026-04,1734081.8,2063869,2025-10,2063869,0.047291,114655390366,21.271055,Top 10%
350,3686,254874910,146,2014-01,2026-04,1745718.56,2307137,2014-05,2307137,0.047285,114910265276,21.31834,Top 10%
351,4455,254761584,147,2014-01,2026-04,1733072.0,2450341,2019-08,2450341,0.047264,115165026860,21.365603,Top 10%
352,318,254620023,147,2014-01,2026-04,1732109.0,2142303,2025-12,2142303,0.047238,115419646883,21.412841,Top 10%
353,162,254344384,147,2014-01,2026-04,1730233.9,2021135,2022-03,2021135,0.047186,115673991267,21.460027,Top 10%
354,4782,253828734,147,2014-01,2026-04,1726726.08,2379396,2017-03,2379396,0.047091,115927820001,21.507118,Top 10%
355,411,253678526,147,2014-01,2026-04,1725704.26,2030097,2025-03,2030097,0.047063,116181498527,21.554181,Top 10%
356,631,253161615,147,2014-01,2026-04,1722187.86,2758866,2014-03,2758866,0.046967,116434660142,21.601148,Top 10%
357,170,253134715,147,2014-01,2026-04,1722004.86,1966784,2025-10,1966784,0.046962,116687794857,21.64811,Top 10%
358,375,253124667,147,2014-01,2026-04,1721936.51,2208029,2016-11,2208029,0.04696,116940919524,21.69507,Top 10%
359,2167,252398567,147,2014-01,2026-04,1716997.05,2035176,2025-10,2035176,0.046825,117193318091,21.741895,Top 10%
360,1267,252358211,147,2014-01,2026-04,1716722.52,2073533,2021-03,2073533,0.046818,117445676302,21.788713,Top 10%
361,3054,252271089,147,2014-01,2026-04,1716129.86,1986034,2025-03,1986034,0.046802,117697947391,21.835515,Top 10%
362,2895,251959465,147,2014-01,2026-04,1714009.97,2679231,2025-10,2679231,0.046744,117949906856,21.882259,Top 10%
363,2317,251219797,147,2014-01,2026-04,1708978.21,2100763,2017-03,2100763,0.046607,118201126653,21.928866,Top 10%
364,270,250850340,147,2014-01,2026-04,1706464.9,2918131,2018-02,2918131,0.046538,118451976993,21.975404,Top 10%
365,2400,250650716,147,2014-01,2026-04,1705106.91,2058222,2024-10,2058222,0.046501,118702627709,22.021905,Top 10%
366,4184,250394664,147,2014-01,2026-04,1703365.06,2110310,2016-03,2110310,0.046454,118953022373,22.068358,Top 10%
367,198,250369410,147,2014-01,2026-04,1703193.27,2160268,2017-10,2160268,0.046449,119203391783,22.114807,Top 10%
368,3727,250055414,147,2014-01,2026-04,1701057.24,1960036,2017-03,1960036,0.046391,119453447197,22.161198,Top 10%
369,2609,250015226,147,2014-01,2026-04,1700783.85,1952009,2025-03,1952009,0.046383,119703462423,22.207581,Top 10%
370,2842,249609797,147,2014-01,2026-04,1698025.83,1933582,2018-05,1933582,0.046308,119953072220,22.253889,Top 10%
371,1107,249338908,147,2014-01,2026-04,1696183.05,2036569,2018-03,2036569,0.046258,120202411128,22.300147,Top 10%
372,4268,249338907,147,2014-01,2026-04,1696183.04,1966488,2018-05,1966488,0.046258,120451750035,22.346405,Top 10%
373,4224,249063591,147,2014-01,2026-04,1694310.14,2012459,2015-10,2012459,0.046207,120700813626,22.392612,Top 10%
374,2160,249003761,147,2014-01,2026-04,1693903.14,1954186,2025-03,1954186,0.046196,120949817387,22.438807,Top 10%
375,2313,248590714,147,2014-01,2026-04,1691093.29,1919111,2017-10,1919111,0.046119,121198408101,22.484926,Top 10%
376,3332,248562728,147,2014-01,2026-04,1690902.91,1961891,2019-10,1961891,0.046114,121446970829,22.53104,Top 10%
377,2428,248453892,147,2014-01,2026-04,1690162.53,2055174,2022-03,2055174,0.046094,121695424721,22.577133,Top 10%
378,427,248355677,147,2014-01,2026-04,1689494.4,1941115,2019-10,1941115,0.046075,121943780398,22.623209,Top 10%
379,559,248206807,147,2014-01,2026-04,1688481.68,1999158,2023-10,1999158,0.046048,122191987205,22.669256,Top 10%
380,5013,248198222,147,2014-01,2026-04,1688423.28,1946655,2024-12,1946655,0.046046,122440185427,22.715303,Top 10%
381,2503,247589262,147,2014-01,2026-04,1684280.69,2288512,2024-10,2288512,0.045933,122687774689,22.761236,Top 10%
382,4478,247537516,147,2014-01,2026-04,1683928.68,1985809,2017-03,1985809,0.045924,122935312205,22.807159,Top 10%
383,2008,247062863,147,2014-01,2026-04,1680699.75,2187090,2021-03,2187090,0.045836,123182375068,22.852995,Top 10%
384,3271,246642700,147,2014-01,2026-04,1677841.5,2496475,2024-07,2496475,0.045758,123429017768,22.898752,Top 10%
385,4037,246547439,147,2014-01,2026-04,1677193.46,1937905,2019-10,1937905,0.04574,123675565207,22.944492,Top 10%
386,1397,246266812,147,2014-01,2026-04,1675284.44,2472836,2026-03,2472836,0.045688,123921832019,22.99018,Top 10%
387,853,246096244,147,2014-01,2026-04,1674124.11,2017318,2016-11,2017318,0.045656,124167928263,23.035836,Top 10%
388,134,245576148,147,2014-01,2026-04,1670586.04,1901858,2024-05,1901858,0.04556,124413504411,23.081396,Top 10%
389,3397,245510197,147,2014-01,2026-04,1670137.39,1972706,2019-10,1972706,0.045547,124659014608,23.126943,Top 10%
390,2608,245351715,147,2014-01,2026-04,1669059.29,1997673,2024-12,1997673,0.045518,124904366323,23.172461,Top 10%
391,4181,245216809,147,2014-01,2026-04,1668141.56,2183241,2018-05,2183241,0.045493,125149583132,23.217954,Top 10%
392,4474,245215698,147,2014-01,2026-04,1668134.0,1905273,2019-10,1905273,0.045493,125394798830,23.263447,Top 10%
393,782,245067593,147,2014-01,2026-04,1667126.48,1989981,2023-10,1989981,0.045465,125639866423,23.308913,Top 10%
394,492,245011429,147,2014-01,2026-04,1666744.41,1913026,2014-10,1913026,0.045455,125884877852,23.354368,Top 10%
395,391,244758794,147,2014-01,2026-04,1665025.81,1924201,2019-10,1924201,0.045408,126129636646,23.399776,Top 10%
396,4753,244445011,147,2014-01,2026-04,1662891.23,2030363,2017-03,2030363,0.04535,126374081657,23.445125,Top 10%
397,264,243943110,147,2014-01,2026-04,1659476.94,1964843,2021-03,1964843,0.045257,126618024767,23.490382,Top 10%
398,3560,243936157,147,2014-01,2026-04,1659429.64,1906050,2025-10,1906050,0.045255,126861960924,23.535638,Top 10%
399,169,243847748,147,2014-01,2026-04,1658828.22,2043027,2018-08,2043027,0.045239,127105808672,23.580877,Top 10%
400,3072,243791296,147,2014-01,2026-04,1658444.19,1972256,2014-10,1972256,0.045229,127349599968,23.626105,Top 10%
401,4034,243175063,147,2014-01,2026-04,1654252.13,1940811,2019-03,1940811,0.045114,127592775031,23.671219,Top 10%
402,206,243121045,147,2014-01,2026-04,1653884.66,3582357,2021-03,3582357,0.045104,127835896076,23.716324,Top 10%
403,3777,242731632,147,2014-01,2026-04,1651235.59,1997806,2018-10,1997806,0.045032,128078627708,23.761356,Top 10%
404,3044,242617879,147,2014-01,2026-04,1650461.76,2189180,2017-10,2189180,0.045011,128321245587,23.806366,Top 10%
405,594,242485106,147,2014-01,2026-04,1649558.54,1947650,2024-12,1947650,0.044986,128563730693,23.851353,Top 10%
406,4166,242344589,147,2014-01,2026-04,1648602.65,2061981,2015-06,2061981,0.04496,128806075282,23.896313,Top 10%
407,3722,242265642,147,2014-01,2026-04,1648065.59,1974230,2017-03,1974230,0.044946,129048340924,23.941258,Top 10%
408,3986,242093404,147,2014-01,2026-04,1646893.9,1863851,2026-03,1863851,0.044914,129290434328,23.986172,Top 10%
409,3741,242084105,147,2014-01,2026-04,1646830.65,1900573,2017-10,1900573,0.044912,129532518433,24.031084,Top 10%
410,4370,241866834,147,2014-01,2026-04,1645352.61,2110782,2017-05,2110782,0.044872,129774385267,24.075955,Top 10%
411,2641,241574283,147,2014-01,2026-04,1643362.47,1825777,2020-02,1825777,0.044817,130015959550,24.120773,Top 10%
412,2159,240536731,147,2014-01,2026-04,1636304.29,2404109,2014-07,2404109,0.044625,130256496281,24.165397,Top 10%
413,1220,240317253,147,2014-01,2026-04,1634811.24,2451106,2025-03,2451106,0.044584,130496813534,24.209981,Top 10%
414,2301,240113591,147,2014-01,2026-04,1633425.79,1975556,2017-03,1975556,0.044546,130736927125,24.254528,Top 10%
415,2011,240088258,147,2014-01,2026-04,1633253.46,1958370,2023-03,1958370,0.044542,130977015383,24.299069,Top 10%
416,2612,239861820,147,2014-01,2026-04,1631713.06,1807889,2017-03,1807889,0.0445,131216877203,24.343569,Top 10%
417,5018,239704309,147,2014-01,2026-04,1630641.56,2090529,2026-03,2090529,0.04447,131456581512,24.388039,Top 10%
418,3178,239397353,147,2014-01,2026-04,1628553.42,2281362,2018-03,2281362,0.044413,131695978865,24.432452,Top 10%
419,5015,239390292,147,2014-01,2026-04,1628505.39,1871688,2019-01,1871688,0.044412,131935369157,24.476865,Top 10%
420,2956,239334229,147,2014-01,2026-04,1628124.01,2290393,2019-05,2290393,0.044402,132174703386,24.521266,Top 10%
421,1061,239265865,147,2014-01,2026-04,1627658.95,2004124,2014-10,2004124,0.044389,132413969251,24.565655,Top 10%
422,295,238288191,147,2014-01,2026-04,1621008.1,1922193,2024-05,1922193,0.044208,132652257442,24.609863,Top 10%
423,3051,238220984,147,2014-01,2026-04,1620550.91,1919174,2014-10,1919174,0.044195,132890478426,24.654058,Top 10%
424,2764,238213158,147,2014-01,2026-04,1620497.67,2041132,2025-10,2041132,0.044194,133128691584,24.698252,Top 10%
425,5252,238107131,147,2014-01,2026-04,1619776.4,2031075,2025-10,2031075,0.044174,133366798715,24.742426,Top 10%
426,4566,238078937,147,2014-01,2026-04,1619584.61,2797889,2014-07,2797889,0.044169,133604877652,24.786594,Top 10%
427,3638,237827495,147,2014-01,2026-04,1617874.12,2081993,2024-10,2081993,0.044122,133842705147,24.830717,Top 10%
428,2760,237753949,147,2014-01,2026-04,1617373.8,1892696,2018-05,1892696,0.044108,134080459096,24.874825,Top 10%
429,4517,237686222,147,2014-01,2026-04,1616913.07,1877837,2019-08,1877837,0.044096,134318145318,24.918921,Top 10%
430,4702,237505318,147,2014-01,2026-04,1615682.44,1928838,2017-05,1928838,0.044062,134555650636,24.962983,Top 10%
431,2882,237348637,147,2014-01,2026-04,1614616.58,3001255,2018-05,3001255,0.044033,134792999273,25.007017,Top 10%
432,4526,236840211,147,2014-01,2026-04,1611157.9,2241717,2017-03,2241717,0.043939,135029839484,25.050956,Top 10%
433,2006,236775457,147,2014-01,2026-04,1610717.39,2184393,2018-02,2184393,0.043927,135266614941,25.094883,Top 10%
434,6200,236747175,147,2014-01,2026-04,1610525.0,1807576,2015-12,1807576,0.043922,135503362116,25.138804,Top 10%
435,489,236030665,147,2014-01,2026-04,1605650.78,1907616,2022-03,1907616,0.043789,135739392781,25.182593,Top 10%
436,2824,235922440,146,2014-01,2026-04,1615907.12,2356764,2025-03,2356764,0.043769,135975315221,25.226362,Top 10%
437,5011,235862927,147,2014-01,2026-04,1604509.71,2546242,2025-04,2546242,0.043758,136211178148,25.27012,Top 10%
438,3510,235818688,147,2014-01,2026-04,1604208.76,3881494,2016-02,3881494,0.043749,136446996836,25.313869,Top 10%
439,2512,235794451,147,2014-01,2026-04,1604043.88,2061197,2022-02,2061197,0.043745,136682791287,25.357614,Top 10%
440,291,235345365,147,2014-01,2026-04,1600988.88,3198046,2014-08,3198046,0.043662,136918136652,25.401276,Top 10%
441,5254,235328097,147,2014-01,2026-04,1600871.41,1977953,2025-10,1977953,0.043658,137153464749,25.444934,Top 10%
442,136,234950882,147,2014-01,2026-04,1598305.32,1879028,2025-10,1879028,0.043588,137388415631,25.488523,Top 10%
443,2299,234940977,147,2014-01,2026-04,1598237.94,1945538,2017-05,1945538,0.043587,137623356608,25.532109,Top 10%
444,3694,234899369,147,2014-01,2026-04,1597954.89,2144129,2024-08,2144129,0.043579,137858255977,25.575688,Top 10%
445,4443,234547060,147,2014-01,2026-04,1595558.23,4032004,2018-01,4032004,0.043514,138092803037,25.619202,Top 10%
446,2354,234298954,147,2014-01,2026-04,1593870.44,1954553,2015-12,1954553,0.043468,138327101991,25.662669,Top 10%
447,4239,234081014,147,2014-01,2026-04,1592387.85,2549602,2024-02,2549602,0.043427,138561183005,25.706096,Top 10%
448,2607,233966893,147,2014-01,2026-04,1591611.52,1830759,2019-10,1830759,0.043406,138795149898,25.749502,Top 10%
449,420,233943404,147,2014-01,2026-04,1591451.73,1801389,2019-08,1801389,0.043402,139029093302,25.792904,Top 10%
450,4638,233818666,147,2014-01,2026-04,1590603.17,1898133,2019-10,1898133,0.043378,139262911968,25.836282,Top 10%
451,533,233728185,147,2014-01,2026-04,1589987.65,1911076,2025-11,1911076,0.043362,139496640153,25.879644,Top 10%
452,3232,233695180,147,2014-01,2026-04,1589763.13,2630379,2016-03,2630379,0.043356,139730335333,25.922999,Top 10%
453,1310,233321759,147,2014-01,2026-04,1587222.85,2104734,2019-10,2104734,0.043286,139963657092,25.966286,Top 10%
454,1112,233226509,147,2014-01,2026-04,1586574.89,1878229,2021-03,1878229,0.043269,140196883601,26.009554,Top 10%
455,1001,233038887,147,2014-01,2026-04,1585298.55,2085943,2014-10,2085943,0.043234,140429922488,26.052788,Top 10%
456,369,232896376,147,2014-01,2026-04,1584329.09,2200609,2016-02,2200609,0.043207,140662818864,26.095995,Top 10%
457,2018,232830584,147,2014-01,2026-04,1583881.52,1854901,2019-10,1854901,0.043195,140895649448,26.13919,Top 10%
458,2909,232673307,147,2014-01,2026-04,1582811.61,1954493,2024-03,1954493,0.043166,141128322755,26.182356,Top 10%
459,2597,232072930,147,2014-01,2026-04,1578727.41,2076577,2025-03,2076577,0.043055,141360395685,26.225411,Top 10%
460,3213,231869207,147,2014-01,2026-04,1577341.54,1832618,2019-10,1832618,0.043017,141592264892,26.268428,Top 10%
461,3737,231679248,147,2014-01,2026-04,1576049.31,1853093,2018-05,1853093,0.042982,141823944140,26.311409,Top 10%
462,398,231642612,147,2014-01,2026-04,1575800.08,2670744,2024-03,2670744,0.042975,142055586752,26.354384,Top 10%
463,4584,231624761,147,2014-01,2026-04,1575678.65,2029246,2019-05,2029246,0.042971,142287211513,26.397355,Top 10%
464,785,231545008,147,2014-01,2026-04,1575136.11,1919813,2025-10,1919813,0.042957,142518756521,26.440312,Top 10%
465,923,231332879,147,2014-01,2026-04,1573693.05,2085067,2021-11,2085067,0.042917,142750089400,26.483229,Top 10%
466,190,231278867,147,2014-01,2026-04,1573325.63,2900590,2025-06,2900590,0.042907,142981368267,26.526136,Top 10%
467,744,231209607,147,2014-01,2026-04,1572854.47,1805463,2018-03,1805463,0.042894,143212577874,26.569031,Top 10%
468,4772,230900268,147,2014-01,2026-04,1570750.12,2046908,2018-10,2046908,0.042837,143443478142,26.611868,Top 10%
469,3055,230663736,147,2014-01,2026-04,1569141.06,2409719,2024-10,2409719,0.042793,143674141878,26.654661,Top 10%
470,3946,230637428,147,2014-01,2026-04,1568962.1,2072552,2025-10,2072552,0.042788,143904779306,26.697449,Top 10%
471,4165,230577039,147,2014-01,2026-04,1568551.29,1922184,2015-10,1922184,0.042777,144135356345,26.740226,Top 10%
472,4999,230569580,147,2014-01,2026-04,1568500.54,2080494,2025-10,2080494,0.042776,144365925925,26.783002,Top 10%
473,4183,230478003,147,2014-01,2026-04,1567877.57,1873596,2017-03,1873596,0.042759,144596403928,26.82576,Top 10%
474,1023,230133793,147,2014-01,2026-04,1565536.01,2315498,2022-03,2315498,0.042695,144826537721,26.868455,Top 10%
475,2000,229750729,147,2014-01,2026-04,1562930.13,1863962,2014-05,1863962,0.042624,145056288450,26.911079,Top 10%
476,2034,229653935,147,2014-01,2026-04,1562271.67,2067920,2026-02,2067920,0.042606,145285942385,26.953685,Top 25%
477,3399,229617650,147,2014-01,2026-04,1562024.83,1805131,2019-03,1805131,0.042599,145515560035,26.996284,Top 25%
478,3065,229410129,147,2014-01,2026-04,1560613.12,1775392,2025-10,1775392,0.042561,145744970164,27.038844,Top 25%
479,4963,229276187,147,2014-01,2026-04,1559701.95,1737618,2024-10,1737618,0.042536,145974246351,27.08138,Top 25%
480,614,229239188,147,2014-01,2026-04,1559450.26,2047327,2024-11,2047327,0.042529,146203485539,27.123909,Top 25%
481,5286,229232768,147,2014-01,2026-04,1559406.59,2237067,2021-11,2237067,0.042528,146432718307,27.166436,Top 25%
482,1138,229152479,147,2014-01,2026-04,1558860.4,1847237,2019-05,1847237,0.042513,146661870786,27.208949,Top 25%
483,2933,228915258,147,2014-01,2026-04,1557246.65,2010723,2019-08,2010723,0.042469,146890786044,27.251418,Top 25%
484,2181,228672555,147,2014-01,2026-04,1555595.61,1976240,2025-10,1976240,0.042424,147119458599,27.293842,Top 25%
485,3236,228410823,147,2014-01,2026-04,1553815.12,2036569,2020-12,2036569,0.042375,147347869422,27.336217,Top 25%
486,168,228322699,147,2014-01,2026-04,1553215.64,1856394,2018-08,1856394,0.042359,147576192121,27.378576,Top 25%
487,775,228274981,147,2014-01,2026-04,1552891.03,3772314,2024-05,3772314,0.04235,147804467102,27.420925,Top 25%
488,860,227760150,147,2014-01,2026-04,1549388.78,1751680,2021-03,1751680,0.042254,148032227252,27.46318,Top 25%
489,777,227631720,147,2014-01,2026-04,1548515.1,1829976,2025-10,1829976,0.042231,148259858972,27.50541,Top 25%
490,2183,227440764,147,2014-01,2026-04,1547216.08,1986316,2025-10,1986316,0.042195,148487299736,27.547606,Top 25%
491,4263,227379093,147,2014-01,2026-04,1546796.55,1878298,2014-10,1878298,0.042184,148714678829,27.589789,Top 25%
492,2603,227217287,147,2014-01,2026-04,1545695.83,1730338,2019-10,1730338,0.042154,148941896116,27.631943,Top 25%
493,4676,227175147,147,2014-01,2026-04,1545409.16,2938017,2024-07,2938017,0.042146,149169071263,27.674089,Top 25%
494,251,227129022,147,2014-01,2026-04,1545095.39,1870780,2019-03,1870780,0.042137,149396200285,27.716226,Top 25%
495,1396,227025325,147,2014-01,2026-04,1544389.97,1857773,2025-10,1857773,0.042118,149623225610,27.758344,Top 25%
496,2814,226905626,147,2014-01,2026-04,1543575.69,1976623,2020-12,1976623,0.042096,149850131236,27.80044,Top 25%
497,3125,226679714,147,2014-01,2026-04,1542038.87,2900900,2020-06,2900900,0.042054,150076810950,27.842494,Top 25%
498,962,226524685,147,2014-01,2026-04,1540984.25,1857891,2017-10,1857891,0.042025,150303335635,27.88452,Top 25%
499,176,226398744,147,2014-01,2026-04,1540127.51,1940194,2018-10,1940194,0.042002,150529734379,27.926521,Top 25%
500,2797,226281211,147,2014-01,2026-04,1539327.97,1903805,2025-10,1903805,0.04198,150756015590,27.968502,Top 25%
501,174,226208792,147,2014-01,2026-04,1538835.32,1979132,2024-10,1979132,0.041967,150982224382,28.010468,Top 25%
502,4176,226143287,147,2014-01,2026-04,1538389.71,1832744,2025-10,1832744,0.041954,151208367669,28.052423,Top 25%
503,683,225962562,125,2014-01,2026-04,1807700.5,2115007,2018-03,2115007,0.041921,151434330231,28.094344,Top 25%
504,4321,225853647,147,2014-01,2026-04,1536419.37,1847778,2019-05,1847778,0.041901,151660183878,28.136244,Top 25%
505,605,225630360,147,2014-01,2026-04,1534900.41,2255190,2021-11,2255190,0.041859,151885814238,28.178104,Top 25%
506,965,225610326,147,2014-01,2026-04,1534764.12,1816095,2022-03,1816095,0.041856,152111424564,28.219959,Top 25%
507,2611,225521394,147,2014-01,2026-04,1534159.14,1987928,2019-05,1987928,0.041839,152336945958,28.261798,Top 25%
508,4521,225386990,147,2014-01,2026-04,1533244.83,1861479,2017-03,1861479,0.041814,152562332948,28.303612,Top 25%
509,5002,225358122,147,2014-01,2026-04,1533048.45,3055959,2019-03,3055959,0.041809,152787691070,28.345421,Top 25%
510,107,225342485,147,2014-01,2026-04,1532942.07,1753251,2024-05,1753251,0.041806,153013033555,28.387227,Top 25%
511,2945,225300784,147,2014-01,2026-04,1532658.39,2024784,2025-10,2024784,0.041798,153238334339,28.429025,Top 25%
512,3057,225254319,147,2014-01,2026-04,1532342.31,1850800,2025-10,1850800,0.04179,153463588658,28.470815,Top 25%
513,4560,225180385,147,2014-01,2026-04,1531839.35,2037822,2017-08,2037822,0.041776,153688769043,28.512591,Top 25%
514,4686,225035640,147,2014-01,2026-04,1530854.69,3611941,2019-03,3611941,0.041749,153913804683,28.55434,Top 25%
515,577,224865163,147,2014-01,2026-04,1529694.99,1758098,2019-03,1758098,0.041717,154138669846,28.596057,Top 25%
516,4773,224538256,147,2014-01,2026-04,1527471.13,2516525,2014-01,2516525,0.041657,154363208102,28.637714,Top 25%
517,3129,224442156,147,2014-01,2026-04,1526817.39,1856332,2023-03,1856332,0.041639,154587650258,28.679353,Top 25%
518,3705,224440053,119,2015-05,2026-04,1886050.87,5894351,2021-03,5894351,0.041638,154812090311,28.720991,Top 25%
519,2610,224324790,147,2014-01,2026-04,1526018.98,1761686,2016-10,1761686,0.041617,155036415101,28.762608,Top 25%
520,696,223956121,147,2014-01,2026-04,1523511.03,1859827,2025-08,1859827,0.041549,155260371222,28.804157,Top 25%
521,4880,223811901,147,2014-01,2026-04,1522529.94,1755267,2025-10,1755267,0.041522,155484183123,28.845679,Top 25%
522,4460,223550235,147,2014-01,2026-04,1520749.9,2121830,2023-08,2121830,0.041473,155707733358,28.887152,Top 25%
523,3318,223514091,147,2014-01,2026-04,1520504.02,1927722,2024-05,1927722,0.041467,155931247449,28.928619,Top 25%
524,3340,223510617,147,2014-01,2026-04,1520480.39,1843693,2017-10,1843693,0.041466,156154758066,28.970085,Top 25%
525,2500,223431577,147,2014-01,2026-04,1519942.7,1749641,2024-10,1749641,0.041451,156378189643,29.011536,Top 25%
526,5016,223270066,147,2014-01,2026-04,1518843.99,1864860,2024-10,1864860,0.041421,156601459709,29.052958,Top 25%
527,764,223160012,147,2014-01,2026-04,1518095.32,1768624,2017-03,1768624,0.041401,156824619721,29.094359,Top 25%
528,3242,223152090,147,2014-01,2026-04,1518041.43,2026211,2025-10,2026211,0.0414,157047771811,29.135758,Top 25%
529,2203,222709522,147,2014-01,2026-04,1515030.76,1935483,2017-03,1935483,0.041317,157270481333,29.177076,Top 25%
530,4682,222394479,147,2014-01,2026-04,1512887.61,1948777,2015-12,1948777,0.041259,157492875812,29.218335,Top 25%
531,3017,222390315,147,2014-01,2026-04,1512859.29,1907566,2017-05,1907566,0.041258,157715266127,29.259593,Top 25%
532,932,221549322,147,2014-01,2026-04,1507138.24,1750384,2014-10,1750384,0.041102,157936815449,29.300695,Top 25%
533,3042,221468626,147,2014-01,2026-04,1506589.29,1810607,2025-03,1810607,0.041087,158158284075,29.341782,Top 25%
534,863,221350028,147,2014-01,2026-04,1505782.5,2056984,2019-10,2056984,0.041065,158379634103,29.382848,Top 25%
535,786,221286393,147,2014-01,2026-04,1505349.61,1720434,2025-10,1720434,0.041053,158600920496,29.423901,Top 25%
536,3912,221135304,147,2014-01,2026-04,1504321.8,1808372,2017-03,1808372,0.041025,158822055800,29.464926,Top 25%
537,4879,221019164,147,2014-01,2026-04,1503531.73,2084006,2015-07,2084006,0.041004,159043074964,29.50593,Top 25%
538,3797,220963813,147,2014-01,2026-04,1503155.19,1741159,2014-05,1741159,0.040994,159264038777,29.546924,Top 25%
539,1118,220917934,145,2014-01,2026-04,1523571.96,1846337,2021-03,1846337,0.040985,159484956711,29.587909,Top 25%
540,3988,220885753,147,2014-01,2026-04,1502624.17,1879601,2026-03,1879601,0.040979,159705842464,29.628888,Top 25%
541,3710,220874051,147,2014-01,2026-04,1502544.56,1839869,2015-12,1839869,0.040977,159926716515,29.669865,Top 25%
542,2715,220863891,147,2014-01,2026-04,1502475.45,1924074,2021-12,1924074,0.040975,160147580406,29.71084,Top 25%
543,865,220030171,147,2014-01,2026-04,1496803.88,1708901,2023-03,1708901,0.04082,160367610577,29.75166,Top 25%
544,2606,219999972,147,2014-01,2026-04,1496598.45,1937567,2025-10,1937567,0.040815,160587610549,29.792475,Top 25%
545,2876,219964784,147,2014-01,2026-04,1496359.07,1663254,2019-10,1663254,0.040808,160807575333,29.833283,Top 25%
546,1050,219928506,147,2014-01,2026-04,1496112.29,2119707,2022-03,2119707,0.040801,161027503839,29.874085,Top 25%
547,5141,219721082,143,2014-05,2026-04,1536511.06,1885654,2024-08,1885654,0.040763,161247224921,29.914848,Top 25%
548,796,219531105,147,2014-01,2026-04,1493408.88,1771108,2018-10,1771108,0.040728,161466756026,29.955576,Top 25%
549,5820,219490847,146,2014-01,2026-04,1503361.97,5126240,2022-08,5126240,0.04072,161686246873,29.996296,Top 25%
550,888,219427889,147,2014-01,2026-04,1492706.73,1678968,2017-03,1678968,0.040709,161905674762,30.037004,Top 25%
551,4162,218995956,147,2014-01,2026-04,1489768.41,1974360,2017-03,1974360,0.040628,162124670718,30.077633,Top 25%
552,5017,218983447,147,2014-01,2026-04,1489683.31,1769022,2026-01,1769022,0.040626,162343654165,30.118259,Top 25%
553,3637,218747772,147,2014-01,2026-04,1488080.08,2290923,2025-10,2290923,0.040582,162562401937,30.158842,Top 25%
554,3350,218698362,147,2014-01,2026-04,1487743.96,1792724,2018-03,1792724,0.040573,162781100299,30.199415,Top 25%
555,2846,218592158,147,2014-01,2026-04,1487021.48,1908283,2014-03,1908283,0.040554,162999692457,30.239968,Top 25%
556,661,218221370,147,2014-01,2026-04,1484499.12,3062651,2016-10,3062651,0.040485,163217913827,30.280453,Top 25%
557,3341,218131328,147,2014-01,2026-04,1483886.59,1769290,2017-10,1769290,0.040468,163436045155,30.320921,Top 25%
558,3130,217470977,147,2014-01,2026-04,1479394.4,1800397,2025-05,1800397,0.040346,163653516132,30.361267,Top 25%
559,493,217404364,147,2014-01,2026-04,1478941.25,1744924,2025-10,1744924,0.040333,163870920496,30.4016,Top 25%
560,3063,217402378,147,2014-01,2026-04,1478927.74,1712379,2025-10,1712379,0.040333,164088322874,30.441933,Top 25%
561,1012,216931927,147,2014-01,2026-04,1475727.39,1718348,2025-10,1718348,0.040246,164305254801,30.482178,Top 25%
562,5111,216906580,147,2014-01,2026-04,1475554.97,1685782,2024-12,1685782,0.040241,164522161381,30.522419,Top 25%
563,2427,216632973,147,2014-01,2026-04,1473693.69,1796245,2022-03,1796245,0.04019,164738794354,30.562609,Top 25%
564,5020,216530493,147,2014-01,2026-04,1472996.55,1708690,2021-03,1708690,0.040171,164955324847,30.602781,Top 25%
565,189,216491082,147,2014-01,2026-04,1472728.45,1723264,2017-10,1723264,0.040164,165171815929,30.642944,Top 25%
566,4283,216359035,147,2014-01,2026-04,1471830.17,1832828,2014-05,1832828,0.040139,165388174964,30.683084,Top 25%
567,5903,216352124,144,2014-01,2026-04,1502445.31,3077222,2018-01,3077222,0.040138,165604527088,30.723222,Top 25%
568,3067,216257056,147,2014-01,2026-04,1471136.44,1678301,2025-10,1678301,0.04012,165820784144,30.763342,Top 25%
569,3558,215974856,147,2014-01,2026-04,1469216.71,1718995,2019-10,1718995,0.040068,166036759000,30.80341,Top 25%
570,3068,215754642,147,2014-01,2026-04,1467718.65,1714937,2025-10,1714937,0.040027,166252513642,30.843437,Top 25%
571,105,215643400,147,2014-01,2026-04,1466961.9,1658146,2018-05,1658146,0.040007,166468157042,30.883444,Top 25%
572,305,215598388,147,2014-01,2026-04,1466655.7,1753123,2025-10,1753123,0.039998,166683755430,30.923442,Top 25%
573,4741,215527454,147,2014-01,2026-04,1466173.16,2629055,2014-01,2629055,0.039985,166899282884,30.963427,Top 25%
574,4085,215522291,147,2014-01,2026-04,1466138.03,2213721,2022-03,2213721,0.039984,167114805175,31.003411,Top 25%
575,1122,215402072,147,2014-01,2026-04,1465320.22,1805516,2022-05,1805516,0.039962,167330207247,31.043373,Top 25%
576,4404,215267862,147,2014-01,2026-04,1464407.22,1833651,2014-10,1833651,0.039937,167545475109,31.083309,Top 25%
577,3720,215235329,147,2014-01,2026-04,1464185.91,2055911,2019-05,2055911,0.039931,167760710438,31.12324,Top 25%
578,2519,215149880,147,2014-01,2026-04,1463604.63,1823236,2025-03,1823236,0.039915,167975860318,31.163155,Top 25%
579,1336,215008660,147,2014-01,2026-04,1462643.95,1689611,2018-05,1689611,0.039889,168190868978,31.203044,Top 25%
580,4004,214963306,147,2014-01,2026-04,1462335.41,2184603,2018-11,2184603,0.03988,168405832284,31.242924,Top 25%
581,451,214889593,147,2014-01,2026-04,1461833.97,1743525,2022-03,1743525,0.039867,168620721877,31.282791,Top 25%
582,4463,214805368,147,2014-01,2026-04,1461261.01,1678290,2014-05,1678290,0.039851,168835527245,31.322642,Top 25%
583,3987,214707331,147,2014-01,2026-04,1460594.09,1898645,2018-05,1898645,0.039833,169050234576,31.362475,Top 25%
584,1105,214625169,147,2014-01,2026-04,1460035.16,1724696,2025-05,1724696,0.039818,169264859745,31.402292,Top 25%
585,2920,214616393,147,2014-01,2026-04,1459975.46,1895006,2019-10,1895006,0.039816,169479476138,31.442108,Top 25%
586,2504,214443852,147,2014-01,2026-04,1458801.71,1713318,2024-07,1713318,0.039784,169693919990,31.481892,Top 25%
587,337,213858152,147,2014-01,2026-04,1454817.36,1702411,2026-03,1702411,0.039675,169907778142,31.521568,Top 25%
588,2714,213512983,147,2014-01,2026-04,1452469.27,1817383,2023-05,1817383,0.039611,170121291125,31.561179,Top 25%
589,4601,213337280,147,2014-01,2026-04,1451274.01,2323185,2026-03,2323185,0.039579,170334628405,31.600758,Top 25%
590,548,213204093,147,2014-01,2026-04,1450367.98,2273105,2025-03,2273105,0.039554,170547832498,31.640312,Top 25%
591,3658,213143774,137,2014-09,2026-04,1555793.97,1868162,2025-03,1868162,0.039543,170760976272,31.679854,Top 25%
592,1337,213099327,147,2014-01,2026-04,1449655.29,2111927,2021-11,2111927,0.039535,170974075599,31.719389,Top 25%
593,793,212859552,147,2014-01,2026-04,1448024.16,1821921,2016-11,1821921,0.03949,171186935151,31.758879,Top 25%
594,3683,212627975,147,2014-01,2026-04,1446448.81,1740267,2024-08,1740267,0.039447,171399563126,31.798326,Top 25%
595,2565,212589378,147,2014-01,2026-04,1446186.24,1979598,2025-03,1979598,0.03944,171612152504,31.837766,Top 25%
596,2402,212545149,147,2014-01,2026-04,1445885.37,1608310,2016-08,1608310,0.039432,171824697653,31.877198,Top 25%
597,2866,212532006,147,2014-01,2026-04,1445795.96,1781128,2018-05,1781128,0.039429,172037229659,31.916627,Top 25%
598,939,212473871,147,2014-01,2026-04,1445400.48,1705144,2017-03,1705144,0.039418,172249703530,31.956046,Top 25%
599,2146,212277821,147,2014-01,2026-04,1444066.81,1637108,2018-03,1637108,0.039382,172461981351,31.995428,Top 25%
600,3101,212152752,147,2014-01,2026-04,1443216.0,1706629,2019-05,1706629,0.039359,172674134103,32.034787,Top 25%
601,4935,212076776,147,2014-01,2026-04,1442699.16,1846951,2025-10,1846951,0.039345,172886210879,32.074131,Top 25%
602,700,212047731,146,2014-01,2026-04,1452381.72,2132199,2026-03,2132199,0.039339,173098258610,32.113471,Top 25%
603,2219,211938388,147,2014-01,2026-04,1441757.74,1661061,2023-10,1661061,0.039319,173310196998,32.15279,Top 25%
604,1103,211852367,147,2014-01,2026-04,1441172.56,1767892,2015-09,1767892,0.039303,173522049365,32.192093,Top 25%
605,3535,211782578,124,2015-12,2026-04,1707924.02,2345457,2025-10,2345457,0.03929,173733831943,32.231383,Top 25%
606,3131,211756960,147,2014-01,2026-04,1440523.54,1703569,2019-05,1703569,0.039285,173945588903,32.270669,Top 25%
607,3643,211388089,147,2014-01,2026-04,1438014.21,1964878,2025-10,1964878,0.039217,174156976992,32.309886,Top 25%
608,2205,211342441,147,2014-01,2026-04,1437703.68,1811768,2014-07,1811768,0.039209,174368319433,32.349095,Top 25%
609,936,211304992,147,2014-01,2026-04,1437448.93,1748748,2017-05,1748748,0.039202,174579624425,32.388296,Top 25%
610,3267,211157160,147,2014-01,2026-04,1436443.27,1745618,2025-10,1745618,0.039174,174790781585,32.42747,Top 25%
611,4962,211055273,147,2014-01,2026-04,1435750.16,1758991,2025-11,1758991,0.039155,175001836858,32.466626,Top 25%
612,3559,210876736,147,2014-01,2026-04,1434535.62,1718926,2019-08,1718926,0.039122,175212713594,32.505748,Top 25%
613,504,210811091,147,2014-01,2026-04,1434089.05,1957240,2023-11,1957240,0.03911,175423524685,32.544858,Top 25%
614,483,210593393,147,2014-01,2026-04,1432608.12,2152641,2021-11,2152641,0.03907,175634118078,32.583928,Top 25%
615,4783,210591011,147,2014-01,2026-04,1432591.91,1825035,2019-05,1825035,0.039069,175844709089,32.622997,Top 25%
616,4475,210319592,147,2014-01,2026-04,1430745.52,1650599,2025-03,1650599,0.039019,176055028681,32.662016,Top 25%
617,924,210298330,147,2014-01,2026-04,1430600.88,2123633,2018-03,2123633,0.039015,176265327011,32.701031,Top 25%
618,1698,210210382,122,2016-02,2026-04,1723035.92,2422138,2023-03,2422138,0.038999,176475537393,32.740029,Top 25%
619,1306,210152914,140,2014-08,2026-04,1501092.24,1706131,2017-03,1706131,0.038988,176685690307,32.779017,Top 25%
620,4651,209701606,147,2014-01,2026-04,1426541.54,1666452,2025-10,1666452,0.038904,176895391913,32.817921,Top 25%
621,455,209656005,147,2014-01,2026-04,1426231.33,1673732,2017-10,1673732,0.038896,177105047918,32.856817,Top 25%
622,3312,209332984,147,2014-01,2026-04,1424033.9,2662500,2016-05,2662500,0.038836,177314380902,32.895653,Top 25%
623,400,209194029,147,2014-01,2026-04,1423088.63,1795611,2025-10,1795611,0.03881,177523574931,32.934463,Top 25%
624,317,209118091,147,2014-01,2026-04,1422572.05,1784506,2025-11,1784506,0.038796,177732693022,32.973259,Top 25%
625,970,209083298,147,2014-01,2026-04,1422335.36,1672341,2019-05,1672341,0.038789,177941776320,33.012048,Top 25%
626,1196,209070147,147,2014-01,2026-04,1422245.9,1658324,2021-12,1658324,0.038787,178150846467,33.050835,Top 25%
627,3362,209046337,145,2014-01,2026-04,1441698.88,1722122,2018-03,1722122,0.038783,178359892804,33.089618,Top 25%
628,1390,208910821,142,2014-06,2026-04,1471202.96,2421482,2025-10,2421482,0.038757,178568803625,33.128375,Top 25%
629,4115,208907933,147,2014-01,2026-04,1421142.4,1604064,2025-10,1604064,0.038757,178777711558,33.167132,Top 25%
630,3272,208880267,147,2014-01,2026-04,1420954.2,2054319,2024-05,2054319,0.038752,178986591825,33.205884,Top 25%
631,4652,208587039,147,2014-01,2026-04,1418959.45,1948107,2025-03,1948107,0.038697,179195178864,33.244581,Top 25%
632,556,208450748,147,2014-01,2026-04,1418032.3,1844645,2023-10,1844645,0.038672,179403629612,33.283254,Top 25%
633,2502,208380484,147,2014-01,2026-04,1417554.31,2422315,2023-03,2422315,0.038659,179612010096,33.321913,Top 25%
634,2823,208316745,147,2014-01,2026-04,1417120.71,1815176,2025-10,1815176,0.038647,179820326841,33.36056,Top 25%
635,2941,208276491,147,2014-01,2026-04,1416846.88,1773504,2018-03,1773504,0.03864,180028603332,33.3992,Top 25%
636,871,208241452,147,2014-01,2026-04,1416608.52,1617365,2025-05,1617365,0.038633,180236844784,33.437833,Top 25%
637,3600,208207491,147,2014-01,2026-04,1416377.49,1817356,2022-03,1817356,0.038627,180445052275,33.47646,Top 25%
638,4961,208078545,147,2014-01,2026-04,1415500.31,1836659,2016-12,1836659,0.038603,180653130820,33.515063,Top 25%
639,2830,207909029,147,2014-01,2026-04,1414347.14,2898576,2026-03,2898576,0.038572,180861039849,33.553635,Top 25%
640,587,207856919,147,2014-01,2026-04,1413992.65,2184883,2015-12,2184883,0.038562,181068896768,33.592197,Top 25%
641,4675,207771751,147,2014-01,2026-04,1413413.27,1641235,2016-07,1641235,0.038546,181276668519,33.630743,Top 25%
642,2925,207562798,147,2014-01,2026-04,1411991.82,1867508,2017-03,1867508,0.038507,181484231317,33.66925,Top 25%
643,4050,207285659,147,2014-01,2026-04,1410106.52,1670221,2017-05,1670221,0.038456,181691516976,33.707706,Top 25%
644,3091,207275358,147,2014-01,2026-04,1410036.45,1688445,2025-10,1688445,0.038454,181898792334,33.74616,Top 25%
645,141,207254103,147,2014-01,2026-04,1409891.86,1588228,2020-12,1588228,0.03845,182106046437,33.78461,Top 25%
646,549,207173626,147,2014-01,2026-04,1409344.39,1625414,2024-10,1625414,0.038435,182313220063,33.823045,Top 25%
647,1699,207086768,122,2016-02,2026-04,1697432.52,2379343,2024-10,2379343,0.038419,182520306831,33.861465,Top 25%
648,319,207034495,147,2014-01,2026-04,1408397.93,1714701,2025-11,1714701,0.038409,182727341326,33.899874,Top 25%
649,3566,206992312,147,2014-01,2026-04,1408110.97,1675012,2017-03,1675012,0.038402,182934333638,33.938275,Top 25%
650,543,206965164,147,2014-01,2026-04,1407926.29,1650421,2016-12,1650421,0.038397,183141298802,33.976672,Top 25%
651,2629,206897559,147,2014-01,2026-04,1407466.39,1670464,2025-10,1670464,0.038384,183348196361,34.015056,Top 25%
652,239,206775740,147,2014-01,2026-04,1406637.69,2055183,2017-05,2055183,0.038361,183554972101,34.053417,Top 25%
653,710,206770344,147,2014-01,2026-04,1406600.98,1704858,2022-05,1704858,0.03836,183761742445,34.091778,Top 25%
654,1102,206747132,147,2014-01,2026-04,1406443.07,1680746,2016-11,1680746,0.038356,183968489577,34.130134,Top 25%
655,1304,206566685,147,2014-01,2026-04,1405215.54,1680524,2018-08,1680524,0.038323,184175056262,34.168456,Top 25%
656,448,206368523,147,2014-01,2026-04,1403867.5,1712113,2025-03,1712113,0.038286,184381424785,34.206742,Top 25%
657,157,206328666,147,2014-01,2026-04,1403596.37,1664696,2024-12,1664696,0.038278,184587753451,34.245021,Top 25%
658,179,206277480,147,2014-01,2026-04,1403248.16,1761309,2016-08,1761309,0.038269,184794030931,34.28329,Top 25%
659,4550,206172399,147,2014-01,2026-04,1402533.33,1817595,2019-10,1817595,0.038249,185000203330,34.321539,Top 25%
660,537,206091087,147,2014-01,2026-04,1401980.18,1834958,2023-10,1834958,0.038234,185206294417,34.359773,Top 25%
661,3617,205936508,147,2014-01,2026-04,1400928.63,1620378,2025-03,1620378,0.038206,185412230925,34.397979,Top 25%
662,2331,205743265,147,2014-01,2026-04,1399614.05,1778838,2015-12,1778838,0.03817,185617974190,34.436149,Top 25%
663,3487,205724720,147,2014-01,2026-04,1399487.89,1636735,2017-03,1636735,0.038166,185823698910,34.474315,Top 25%
664,2818,205512402,146,2014-01,2026-04,1407619.19,1920716,2020-12,1920716,0.038127,186029211312,34.512442,Top 25%
665,2163,205507598,147,2014-01,2026-04,1398010.87,1655562,2024-10,1655562,0.038126,186234718910,34.550568,Top 25%
666,3206,205321556,147,2014-01,2026-04,1396745.28,2268801,2022-03,2268801,0.038092,186440040466,34.58866,Top 25%
667,2864,205172060,147,2014-01,2026-04,1395728.3,1980127,2025-10,1980127,0.038064,186645212526,34.626724,Top 25%
668,3618,204949698,147,2014-01,2026-04,1394215.63,1675910,2025-03,1675910,0.038023,186850162224,34.664746,Top 25%
669,3398,204848946,147,2014-01,2026-04,1393530.24,1898896,2025-03,1898896,0.038004,187055011170,34.70275,Top 25%
670,4405,204784234,147,2014-01,2026-04,1393090.03,1652262,2016-08,1652262,0.037992,187259795404,34.740742,Top 25%
671,3603,204718759,147,2014-01,2026-04,1392644.62,2117218,2015-03,2117218,0.03798,187464514163,34.778722,Top 25%
672,4564,204687645,147,2014-01,2026-04,1392432.96,2150154,2015-07,2150154,0.037974,187669201808,34.816696,Top 25%
673,4886,204549342,147,2014-01,2026-04,1391492.12,1626033,2017-03,1626033,0.037948,187873751150,34.854644,Top 25%
674,3483,204537984,147,2014-01,2026-04,1391414.86,1717014,2024-11,1717014,0.037946,188078289134,34.892591,Top 25%
675,3821,204491277,147,2014-01,2026-04,1391097.12,1629570,2017-03,1629570,0.037938,188282780411,34.930528,Top 25%
676,941,204447851,147,2014-01,2026-04,1390801.71,1611145,2017-10,1611145,0.037929,188487228262,34.968458,Top 25%
677,3599,204433903,147,2014-01,2026-04,1390706.82,1697994,2025-10,1697994,0.037927,188691662165,35.006384,Top 25%
678,201,204391826,147,2014-01,2026-04,1390420.59,1612663,2017-10,1612663,0.037919,188896053991,35.044304,Top 25%
679,311,204323129,147,2014-01,2026-04,1389953.26,1935195,2024-05,1935195,0.037906,189100377120,35.08221,Top 25%
680,4170,204291384,147,2014-01,2026-04,1389737.31,1800578,2017-05,1800578,0.0379,189304668504,35.12011,Top 25%
681,4049,204255694,147,2014-01,2026-04,1389494.52,1757023,2016-05,1757023,0.037894,189508924198,35.158004,Top 25%
682,5328,204012714,145,2014-03,2026-04,1406984.23,1912902,2025-10,1912902,0.037849,189712936912,35.195853,Top 25%
683,4816,204003936,147,2014-01,2026-04,1387781.88,1905511,2022-07,1905511,0.037847,189916940848,35.2337,Top 25%
684,3663,203853752,147,2014-01,2026-04,1386760.22,1658139,2018-03,1658139,0.037819,190120794600,35.271519,Top 25%
685,3635,203817203,147,2014-01,2026-04,1386511.59,1861885,2025-10,1861885,0.037812,190324611803,35.309332,Top 25%
686,139,203598210,147,2014-01,2026-04,1385021.84,1981670,2015-10,1981670,0.037772,190528210013,35.347104,Top 25%
687,4932,203585790,147,2014-01,2026-04,1384937.35,1721324,2024-10,1721324,0.03777,190731795803,35.384873,Top 25%
688,4930,203483290,147,2014-01,2026-04,1384240.07,1756722,2019-05,1756722,0.037751,190935279093,35.422624,Top 25%
689,1093,203375127,147,2014-01,2026-04,1383504.27,1634968,2022-03,1634968,0.03773,191138654220,35.460354,Top 25%
690,360,203316629,147,2014-01,2026-04,1383106.32,1716804,2025-03,1716804,0.03772,191341970849,35.498074,Top 25%
691,1064,203195052,147,2014-01,2026-04,1382279.27,1724098,2015-08,1724098,0.037697,191545165901,35.535771,Top 25%
692,2147,203076634,147,2014-01,2026-04,1381473.7,1709182,2025-10,1709182,0.037675,191748242535,35.573446,Top 25%
693,1094,203060411,147,2014-01,2026-04,1381363.34,1629912,2018-01,1629912,0.037672,191951302946,35.611118,Top 25%
694,2645,202858172,147,2014-01,2026-04,1379987.56,1768110,2025-07,1768110,0.037635,192154161118,35.648753,Top 25%
695,339,202832652,147,2014-01,2026-04,1379813.96,1666815,2026-03,1666815,0.03763,192356993770,35.686383,Top 25%
696,2012,202713309,147,2014-01,2026-04,1379002.1,1720108,2016-12,1720108,0.037608,192559707079,35.72399,Top 25%
697,3612,202660448,147,2014-01,2026-04,1378642.5,1621018,2022-03,1621018,0.037598,192762367527,35.761588,Top 25%
698,844,202523775,147,2014-01,2026-04,1377712.76,1622317,2019-05,1622317,0.037573,192964891302,35.799161,Top 25%
699,2879,202285864,147,2014-01,2026-04,1376094.31,1816045,2025-10,1816045,0.037528,193167177166,35.836689,Top 25%
700,153,202264221,147,2014-01,2026-04,1375947.08,1613481,2014-10,1613481,0.037524,193369441387,35.874214,Top 25%
701,491,202241627,147,2014-01,2026-04,1375793.38,1637715,2022-03,1637715,0.03752,193571683014,35.911734,Top 25%
702,3262,202174623,147,2014-01,2026-04,1375337.57,2780614,2019-12,2780614,0.037508,193773857637,35.949242,Top 25%
703,5019,202114723,147,2014-01,2026-04,1374930.09,1619487,2024-10,1619487,0.037497,193975972360,35.986738,Top 25%
704,799,202011328,147,2014-01,2026-04,1374226.72,1669386,2025-10,1669386,0.037477,194177983688,36.024216,Top 25%
705,4488,201969291,146,2014-01,2026-04,1383351.31,1802866,2019-10,1802866,0.03747,194379952979,36.061685,Top 25%
706,161,201967519,147,2014-01,2026-04,1373928.7,1670059,2016-08,1670059,0.037469,194581920498,36.099155,Top 25%
707,1119,201952840,147,2014-01,2026-04,1373828.84,1663256,2021-03,1663256,0.037467,194783873338,36.136621,Top 25%
708,377,201838023,147,2014-01,2026-04,1373047.78,1591713,2019-10,1591713,0.037445,194985711361,36.174067,Top 25%
709,5272,201837239,147,2014-01,2026-04,1373042.44,1851388,2022-05,1851388,0.037445,195187548600,36.211512,Top 25%
710,124,201751952,147,2014-01,2026-04,1372462.26,1555217,2019-05,1555217,0.037429,195389300552,36.248941,Top 25%
711,125,201486024,147,2014-01,2026-04,1370653.22,1691733,2018-08,1691733,0.03738,195590786576,36.286321,Top 25%
712,3344,201454286,147,2014-01,2026-04,1370437.32,2657953,2023-11,2657953,0.037374,195792240862,36.323695,Top 25%
713,3619,201397008,147,2014-01,2026-04,1370047.67,1610830,2022-03,1610830,0.037364,195993637870,36.361059,Top 25%
714,3640,201331660,147,2014-01,2026-04,1369603.13,1595653,2025-03,1595653,0.037351,196194969530,36.39841,Top 25%
715,3503,201250329,147,2014-01,2026-04,1369049.86,1686790,2015-11,1686790,0.037336,196396219859,36.435747,Top 25%
716,4032,201227182,147,2014-01,2026-04,1368892.39,1594256,2026-03,1594256,0.037332,196597447041,36.473079,Top 25%
717,2812,201172141,146,2014-01,2026-04,1377891.38,1859595,2020-12,1859595,0.037322,196798619182,36.5104,Top 25%
718,378,201060349,147,2014-01,2026-04,1367757.48,1630582,2018-10,1630582,0.037301,196999679531,36.547701,Top 25%
719,4746,200958284,147,2014-01,2026-04,1367063.16,1705381,2014-03,1705381,0.037282,197200637815,36.584983,Top 25%
720,4465,200489504,147,2014-01,2026-04,1363874.18,2781116,2022-09,2781116,0.037195,197401127319,36.622179,Top 25%
721,4992,200484996,147,2014-01,2026-04,1363843.51,1582220,2025-10,1582220,0.037194,197601612315,36.659373,Top 25%
722,3700,200434024,147,2014-01,2026-04,1363496.76,1610451,2025-10,1610451,0.037185,197802046339,36.696558,Top 25%
723,199,200339015,147,2014-01,2026-04,1362850.44,1652888,2018-03,1652888,0.037167,198002385354,36.733725,Top 25%
724,640,200315696,147,2014-01,2026-04,1362691.81,1629654,2014-10,1629654,0.037163,198202701050,36.770888,Top 25%
725,662,200229308,147,2014-01,2026-04,1362104.14,1784544,2026-03,1784544,0.037147,198402930358,36.808035,Top 25%
726,2178,199997464,147,2014-01,2026-04,1360526.97,1658636,2024-10,1658636,0.037104,198602927822,36.845139,Top 25%
727,778,199985205,147,2014-01,2026-04,1360443.57,1576166,2016-11,1576166,0.037102,198802913027,36.88224,Top 25%
728,2636,199535526,147,2014-01,2026-04,1357384.53,1565558,2025-10,1565558,0.037018,199002448553,36.919258,Top 25%
729,4704,199340167,147,2014-01,2026-04,1356055.56,1587317,2017-10,1587317,0.036982,199201788720,36.95624,Top 25%
730,512,199222408,147,2014-01,2026-04,1355254.48,1608277,2024-05,1608277,0.03696,199401011128,36.9932,Top 25%
731,3190,199070320,147,2014-01,2026-04,1354219.86,2555699,2024-03,2555699,0.036932,199600081448,37.030132,Top 25%
732,268,199026039,147,2014-01,2026-04,1353918.63,1545113,2018-03,1545113,0.036924,199799107487,37.067056,Top 25%
733,2442,198994822,147,2014-01,2026-04,1353706.27,1970504,2019-10,1970504,0.036918,199998102309,37.103974,Top 25%
734,678,198985368,147,2014-01,2026-04,1353641.96,1723201,2026-03,1723201,0.036916,200197087677,37.14089,Top 25%
735,795,198974643,147,2014-01,2026-04,1353569.0,1710416,2025-10,1710416,0.036914,200396062320,37.177804,Top 25%
736,5154,198957366,122,2014-06,2026-04,1630798.08,1899580,2024-10,1899580,0.036911,200595019686,37.214715,Top 25%
737,2022,198850182,147,2014-01,2026-04,1352722.33,1677182,2025-10,1677182,0.036891,200793869868,37.251606,Top 25%
738,1101,198681988,147,2014-01,2026-04,1351578.15,1730923,2014-03,1730923,0.03686,200992551856,37.288466,Top 25%
739,755,198409437,147,2014-01,2026-04,1349724.06,1902388,2025-10,1902388,0.036809,201190961293,37.325275,Top 25%
740,600,198294310,147,2014-01,2026-04,1348940.88,1991724,2021-11,1991724,0.036788,201389255603,37.362063,Top 25%
741,1178,198196845,147,2014-01,2026-04,1348277.86,1572535,2017-03,1572535,0.03677,201587452448,37.398832,Top 25%
742,1776,198160310,81,2019-08,2026-04,2446423.58,2853411,2019-10,2853411,0.036763,201785612758,37.435596,Top 25%
743,629,198146435,147,2014-01,2026-04,1347934.93,1543473,2024-10,1543473,0.03676,201983759193,37.472356,Top 25%
744,798,198047564,147,2014-01,2026-04,1347262.34,1589010,2017-03,1589010,0.036742,202181806757,37.509098,Top 25%
745,961,197855058,147,2014-01,2026-04,1345952.78,1593560,2021-03,1593560,0.036706,202379661815,37.545804,Top 25%
746,2511,197745929,147,2014-01,2026-04,1345210.4,1723014,2024-02,1723014,0.036686,202577407744,37.582491,Top 25%
747,3662,197431886,147,2014-01,2026-04,1343074.05,1560686,2017-05,1560686,0.036628,202774839630,37.619118,Top 25%
748,848,197407552,147,2014-01,2026-04,1342908.52,1531172,2023-03,1531172,0.036623,202972247182,37.655742,Top 25%
749,130,197212606,147,2014-01,2026-04,1341582.35,2258770,2014-07,2258770,0.036587,203169459788,37.692329,Top 25%
750,659,197005972,147,2014-01,2026-04,1340176.68,1665516,2025-10,1665516,0.036549,203366465760,37.728878,Top 25%
751,4812,196949010,147,2014-01,2026-04,1339789.18,1611878,2018-05,1611878,0.036538,203563414770,37.765416,Top 25%
752,4565,196856657,147,2014-01,2026-04,1339160.93,2255856,2018-10,2255856,0.036521,203760271427,37.801937,Top 25%
753,4334,196768873,147,2014-01,2026-04,1338563.76,1659407,2014-05,1659407,0.036505,203957040300,37.838442,Top 25%
754,602,196531130,147,2014-01,2026-04,1336946.46,1630285,2017-10,1630285,0.036461,204153571430,37.874903,Top 25%
755,3563,196507834,147,2014-01,2026-04,1336787.99,1535059,2025-10,1535059,0.036456,204350079264,37.91136,Top 25%
756,886,196464113,147,2014-01,2026-04,1336490.56,1587402,2014-05,1587402,0.036448,204546543377,37.947808,Top 25%
757,283,196331886,147,2014-01,2026-04,1335591.06,1785807,2015-10,1785807,0.036424,204742875263,37.984232,Top 25%
758,200,196123581,147,2014-01,2026-04,1334174.02,2029885,2025-10,2029885,0.036385,204938998844,38.020617,Top 25%
759,281,196104794,147,2014-01,2026-04,1334046.22,1761388,2017-08,1761388,0.036382,205135103638,38.056999,Top 25%
760,454,195903184,147,2014-01,2026-04,1332674.72,1750617,2021-11,1750617,0.036344,205331006822,38.093343,Top 25%
761,3732,195898948,147,2014-01,2026-04,1332645.9,1520214,2025-03,1520214,0.036343,205526905770,38.129686,Top 25%
762,599,195725817,147,2014-01,2026-04,1331468.14,1578984,2025-08,1578984,0.036311,205722631587,38.165998,Top 25%
763,3513,195557012,147,2014-01,2026-04,1330319.81,1647974,2016-10,1647974,0.03628,205918188599,38.202278,Top 25%
764,1202,195205363,147,2014-01,2026-04,1327927.64,1474701,2025-10,1474701,0.036215,206113393962,38.238493,Top 25%
765,197,195138741,146,2014-01,2026-04,1336566.72,1664735,2017-10,1664735,0.036202,206308532703,38.274695,Top 25%
766,4014,195131976,147,2014-01,2026-04,1327428.41,1570112,2014-10,1570112,0.036201,206503664679,38.310896,Top 25%
767,2902,194999070,147,2014-01,2026-04,1326524.29,1738421,2018-10,1738421,0.036177,206698663749,38.347073,Top 25%
768,2333,194922968,147,2014-01,2026-04,1326006.59,3573670,2014-01,3573670,0.036162,206893586717,38.383235,Top 25%
769,4558,194897343,147,2014-01,2026-04,1325832.27,2299153,2025-01,2299153,0.036158,207088484060,38.419393,Top 25%
770,3363,194814928,147,2014-01,2026-04,1325271.62,1529993,2018-03,1529993,0.036142,207283298988,38.455535,Top 25%
771,2903,194587436,147,2014-01,2026-04,1323724.05,1672500,2019-08,1672500,0.0361,207477886424,38.491635,Top 25%
772,367,194509728,147,2014-01,2026-04,1323195.43,2026659,2025-03,2026659,0.036086,207672396152,38.527721,Top 25%
773,2639,194477365,147,2014-01,2026-04,1322975.27,1566598,2024-12,1566598,0.03608,207866873517,38.563801,Top 25%
774,5257,194398402,147,2014-01,2026-04,1322438.11,1561591,2019-10,1561591,0.036065,208061271919,38.599866,Top 25%
775,4266,194340257,147,2014-01,2026-04,1322042.56,1684473,2019-12,1684473,0.036054,208255612176,38.63592,Top 25%
776,3554,194337229,147,2014-01,2026-04,1322021.97,1526063,2019-03,1526063,0.036054,208449949405,38.671974,Top 25%
777,995,194328377,147,2014-01,2026-04,1321961.75,1931612,2022-03,1931612,0.036052,208644277782,38.708026,Top 25%
778,330,194290453,147,2014-01,2026-04,1321703.76,1614733,2017-12,1614733,0.036045,208838568235,38.744071,Top 25%
779,5143,194268257,147,2014-01,2026-04,1321552.77,1600227,2024-08,1600227,0.036041,209032836492,38.780112,Top 25%
780,611,194207819,147,2014-01,2026-04,1321141.63,1522207,2025-10,1522207,0.03603,209227044311,38.816142,Top 25%
781,3697,194191638,147,2014-01,2026-04,1321031.55,1539101,2019-10,1539101,0.036027,209421235949,38.852169,Top 25%
782,3330,194188858,147,2014-01,2026-04,1321012.64,1571570,2014-08,1571570,0.036026,209615424807,38.888195,Top 25%
783,2335,194054063,147,2014-01,2026-04,1320095.67,1514607,2025-10,1514607,0.036001,209809478870,38.924196,Top 25%
784,4920,194011378,147,2014-01,2026-04,1319805.29,1555797,2019-08,1555797,0.035993,210003490248,38.96019,Top 25%
785,2208,193891100,147,2014-01,2026-04,1318987.07,1628382,2015-12,1628382,0.035971,210197381348,38.996161,Top 25%
786,2706,193836796,147,2014-01,2026-04,1318617.66,1556651,2017-03,1556651,0.035961,210391218144,39.032121,Top 25%
787,149,193789937,147,2014-01,2026-04,1318298.89,1497396,2018-10,1497396,0.035952,210585008081,39.068074,Top 25%
788,208,193774696,147,2014-01,2026-04,1318195.21,1646288,2016-03,1646288,0.035949,210778782777,39.104023,Top 25%
789,4780,193560868,147,2014-01,2026-04,1316740.6,1512908,2025-10,1512908,0.03591,210972343645,39.139933,Top 25%
790,2184,193453687,147,2014-01,2026-04,1316011.48,1822221,2025-10,1822221,0.03589,211165797332,39.175823,Top 25%
791,3396,193422258,147,2014-01,2026-04,1315797.67,1551328,2025-03,1551328,0.035884,211359219590,39.211707,Top 25%
792,158,193420053,147,2014-01,2026-04,1315782.67,1493415,2023-03,1493415,0.035884,211552639643,39.24759,Top 25%
793,774,193175138,147,2014-01,2026-04,1314116.59,1551933,2019-10,1551933,0.035838,211745814781,39.283428,Top 25%
794,267,193019524,147,2014-01,2026-04,1313057.99,1489138,2024-05,1489138,0.035809,211938834305,39.319238,Top 25%
795,3939,192892336,147,2014-01,2026-04,1312192.76,1553287,2023-03,1553287,0.035786,212131726641,39.355023,Top 25%
796,3919,192872794,147,2014-01,2026-04,1312059.82,1652321,2025-03,1652321,0.035782,212324599435,39.390805,Top 25%
797,2616,192759636,147,2014-01,2026-04,1311290.04,1845910,2025-10,1845910,0.035761,212517359071,39.426567,Top 25%
798,159,192741528,147,2014-01,2026-04,1311166.86,1568383,2016-12,1568383,0.035758,212710100599,39.462324,Top 25%
799,3352,192621087,147,2014-01,2026-04,1310347.53,1467053,2019-05,1467053,0.035735,212902721686,39.49806,Top 25%
800,4540,192558335,147,2014-01,2026-04,1309920.65,1830610,2025-03,1830610,0.035724,213095280021,39.533783,Top 25%
801,4710,192407751,147,2014-01,2026-04,1308896.27,1653697,2018-05,1653697,0.035696,213287687772,39.569479,Top 25%
802,2781,191718331,147,2014-01,2026-04,1304206.33,1536473,2017-12,1536473,0.035568,213479406103,39.605047,Top 25%
803,3316,191706968,147,2014-01,2026-04,1304129.03,1613658,2018-03,1613658,0.035566,213671113071,39.640613,Top 25%
804,4989,191664737,147,2014-01,2026-04,1303841.75,1621865,2022-02,1621865,0.035558,213862777808,39.676171,Top 25%
805,2772,191568776,147,2014-01,2026-04,1303188.95,1521127,2019-03,1521127,0.03554,214054346584,39.711711,Top 25%
806,1415,191463136,101,2017-11,2026-04,1895674.61,2465466,2019-05,2465466,0.035521,214245809720,39.747232,Top 25%
807,3695,191439726,147,2014-01,2026-04,1302311.06,1578675,2025-03,1578675,0.035516,214437249446,39.782748,Top 25%
808,5801,191432716,147,2014-01,2026-04,1302263.37,2155269,2018-09,2155269,0.035515,214628682162,39.818263,Top 25%
809,335,191354028,147,2014-01,2026-04,1301728.08,1516054,2026-03,1516054,0.0355,214820036190,39.853763,Top 25%
810,2730,191282754,147,2014-01,2026-04,1301243.22,1582475,2018-05,1582475,0.035487,215011318944,39.88925,Top 25%
811,3113,191232543,147,2014-01,2026-04,1300901.65,2183998,2018-05,2183998,0.035478,215202551487,39.924728,Top 25%
812,3229,191230831,147,2014-01,2026-04,1300890.01,1943034,2019-03,1943034,0.035477,215393782318,39.960205,Top 25%
813,5253,191022757,147,2014-01,2026-04,1299474.54,2241449,2014-01,2241449,0.035439,215584805075,39.995644,Top 25%
814,2343,190958088,147,2014-01,2026-04,1299034.61,1584127,2016-11,1584127,0.035427,215775763163,40.031071,Top 25%
815,1145,190678315,147,2014-01,2026-04,1297131.39,1570190,2025-10,1570190,0.035375,215966441478,40.066446,Top 25%
816,3699,190652360,147,2014-01,2026-04,1296954.83,1732002,2021-11,1732002,0.03537,216157093838,40.101816,Top 25%
817,3345,190635570,147,2014-01,2026-04,1296840.61,6541703,2020-04,6541703,0.035367,216347729408,40.137183,Top 25%
818,4159,190543009,147,2014-01,2026-04,1296210.95,1557272,2019-08,1557272,0.03535,216538272417,40.172533,Top 25%
819,5021,190332888,147,2014-01,2026-04,1294781.55,1478401,2021-03,1478401,0.035311,216728605305,40.207844,Top 25%
820,237,190178717,147,2014-01,2026-04,1293732.77,1559125,2025-10,1559125,0.035282,216918784022,40.243126,Top 25%
821,5014,189962800,147,2014-01,2026-04,1292263.95,2008476,2021-11,2008476,0.035242,217108746822,40.278368,Top 25%
822,618,189951200,147,2014-01,2026-04,1292185.03,1678313,2019-03,1678313,0.03524,217298698022,40.313608,Top 25%
823,4448,189912709,147,2014-01,2026-04,1291923.19,2718861,2025-07,2718861,0.035233,217488610731,40.348841,Top 25%
824,2021,189801202,147,2014-01,2026-04,1291164.64,1626404,2019-10,1626404,0.035212,217678411933,40.384053,Top 25%
825,4043,189744728,147,2014-01,2026-04,1290780.46,1479582,2019-10,1479582,0.035202,217868156661,40.419255,Top 25%
826,1113,189737174,147,2014-01,2026-04,1290729.07,1638721,2019-05,1638721,0.0352,218057893835,40.454456,Top 25%
827,194,189454388,147,2014-01,2026-04,1288805.36,1537873,2017-03,1537873,0.035148,218247348223,40.489603,Top 25%
828,4041,189364698,147,2014-01,2026-04,1288195.22,1446629,2017-03,1446629,0.035131,218436712921,40.524735,Top 25%
829,403,189074559,147,2014-01,2026-04,1286221.49,1945462,2021-11,1945462,0.035077,218625787480,40.559812,Top 25%
830,3238,188866610,147,2014-01,2026-04,1284806.87,1668011,2018-05,1668011,0.035039,218814654090,40.594851,Top 25%
831,3659,188374431,147,2014-01,2026-04,1281458.71,1548713,2015-05,1548713,0.034948,219003028521,40.629799,Top 25%
832,358,188334558,147,2014-01,2026-04,1281187.47,1634476,2025-08,1634476,0.03494,219191363079,40.664739,Top 25%
833,2787,188282596,147,2014-01,2026-04,1280833.99,1625974,2018-10,1625974,0.03493,219379645675,40.699669,Top 25%
834,4805,188193760,147,2014-01,2026-04,1280229.66,1526012,2014-05,1526012,0.034914,219567839435,40.734583,Top 25%
835,2637,188113351,147,2014-01,2026-04,1279682.66,1483497,2025-10,1483497,0.034899,219755952786,40.769482,Top 25%
836,438,188100661,147,2014-01,2026-04,1279596.33,1572582,2018-10,1572582,0.034897,219944053447,40.804379,Top 25%
837,717,188059733,147,2014-01,2026-04,1279317.91,1644957,2023-03,1644957,0.034889,220132113180,40.839268,Top 25%
838,2423,188001966,147,2014-01,2026-04,1278924.94,1462774,2019-08,1462774,0.034878,220320115146,40.874147,Top 25%
839,163,187677542,147,2014-01,2026-04,1276717.97,1487669,2017-03,1487669,0.034818,220507792688,40.908965,Top 25%
840,4919,187614237,147,2014-01,2026-04,1276287.33,1714727,2025-10,1714727,0.034806,220695406925,40.943771,Top 25%
841,2768,187573043,147,2014-01,2026-04,1276007.1,1514601,2018-10,1514601,0.034799,220882979968,40.97857,Top 25%
842,3177,187486409,147,2014-01,2026-04,1275417.75,2140349,2024-08,2140349,0.034783,221070466377,41.013353,Top 25%
843,4661,187458784,147,2014-01,2026-04,1275229.82,2425012,2025-07,2425012,0.034778,221257925161,41.048131,Top 25%
844,5249,187436651,147,2014-01,2026-04,1275079.26,2636822,2023-06,2636822,0.034774,221445361812,41.082904,Top 25%
845,5064,187338289,147,2014-01,2026-04,1274410.13,1617852,2026-03,1617852,0.034755,221632700101,41.117659,Top 25%
846,2166,187328807,147,2014-01,2026-04,1274345.63,1462898,2024-10,1462898,0.034754,221820028908,41.152413,Top 25%
847,4145,187281836,147,2014-01,2026-04,1274026.1,2066666,2026-03,2066666,0.034745,222007310744,41.187158,Top 25%
848,3314,187229907,147,2014-01,2026-04,1273672.84,1605745,2024-05,1605745,0.034735,222194540651,41.221893,Top 25%
849,4740,187183984,147,2014-01,2026-04,1273360.44,1530404,2025-10,1530404,0.034727,222381724635,41.25662,Top 25%
850,310,187151080,147,2014-01,2026-04,1273136.6,1624460,2023-10,1624460,0.034721,222568875715,41.29134,Top 25%
851,1331,187089408,147,2014-01,2026-04,1272717.06,11736729,2022-05,11736729,0.034709,222755965123,41.326049,Top 25%
852,459,186627902,147,2014-01,2026-04,1269577.56,1488205,2024-10,1488205,0.034624,222942593025,41.360673,Top 25%
853,3690,186545150,147,2014-01,2026-04,1269014.63,1658208,2025-07,1658208,0.034608,223129138175,41.395281,Top 25%
854,4356,186278151,147,2014-01,2026-04,1267198.31,2195168,2026-03,2195168,0.034559,223315416326,41.42984,Top 25%
855,3884,186241724,147,2014-01,2026-04,1266950.5,1477666,2014-03,1477666,0.034552,223501658050,41.464392,Top 25%
856,3150,186172190,147,2014-01,2026-04,1266477.48,1463374,2025-10,1463374,0.034539,223687830240,41.498931,Top 25%
857,4506,186131134,147,2014-01,2026-04,1266198.19,1512588,2017-03,1512588,0.034531,223873961374,41.533462,Top 25%
858,4160,186127831,147,2014-01,2026-04,1266175.72,1421458,2025-10,1421458,0.034531,224060089205,41.567993,Top 25%
859,191,185963015,147,2014-01,2026-04,1265054.52,1683272,2019-03,1683272,0.0345,224246052220,41.602493,Top 25%
860,2347,185782284,147,2014-01,2026-04,1263825.06,2672852,2018-08,2672852,0.034467,224431834504,41.636959,Top 25%
861,3817,185598195,147,2014-01,2026-04,1262572.76,1435067,2019-05,1435067,0.034432,224617432699,41.671392,Top 25%
862,5004,185464455,147,2014-01,2026-04,1261662.96,1516709,2024-12,1516709,0.034408,224802897154,41.7058,Top 25%
863,1104,185396477,147,2014-01,2026-04,1261200.52,1626647,2016-04,1626647,0.034395,224988293631,41.740195,Top 25%
864,1701,185357045,122,2016-02,2026-04,1519320.04,1940056,2021-03,1940056,0.034388,225173650676,41.774582,Top 25%
865,3816,185316797,147,2014-01,2026-04,1260658.48,1495080,2014-05,1495080,0.03438,225358967473,41.808963,Top 25%
866,598,185263935,147,2014-01,2026-04,1260298.88,1495926,2017-05,1495926,0.03437,225544231408,41.843333,Top 25%
867,384,185255716,146,2014-01,2026-03,1268874.77,1501603,2019-10,1501603,0.034369,225729487124,41.877702,Top 25%
868,3076,185217940,147,2014-01,2026-04,1259985.99,1550752,2024-10,1550752,0.034362,225914705064,41.912064,Top 25%
869,3564,185083195,147,2014-01,2026-04,1259069.35,1459040,2017-05,1459040,0.034337,226099788259,41.946401,Top 25%
870,5023,185060448,147,2014-01,2026-04,1258914.61,1448605,2025-10,1448605,0.034333,226284848707,41.980734,Top 25%
871,503,184898986,147,2014-01,2026-04,1257816.23,1724387,2024-04,1724387,0.034303,226469747693,42.015036,Top 25%
872,4373,184851571,147,2014-01,2026-04,1257493.68,1588236,2019-10,1588236,0.034294,226654599264,42.04933,Top 25%
873,4745,184759246,147,2014-01,2026-04,1256865.62,1439694,2014-03,1439694,0.034277,226839358510,42.083607,Top 25%
874,4351,184751849,147,2014-01,2026-04,1256815.3,1594565,2019-03,1594565,0.034275,227024110359,42.117883,Top 25%
875,252,184740159,147,2014-01,2026-04,1256735.78,1439802,2018-03,1439802,0.034273,227208850518,42.152156,Top 25%
876,4726,184715353,147,2014-01,2026-04,1256567.03,1594217,2014-08,1594217,0.034269,227393565871,42.186425,Top 25%
877,1195,184601322,147,2014-01,2026-04,1255791.31,1484416,2017-10,1484416,0.034248,227578167193,42.220672,Top 25%
878,2598,184513474,147,2014-01,2026-04,1255193.7,1572135,2025-07,1572135,0.034231,227762680667,42.254903,Top 25%
879,3085,184448137,147,2014-01,2026-04,1254749.23,1428485,2025-10,1428485,0.034219,227947128804,42.289123,Top 25%
880,3646,184080499,147,2014-01,2026-04,1252248.29,1556331,2024-10,1556331,0.034151,228131209303,42.323273,Top 25%
881,987,183979695,147,2014-01,2026-04,1251562.55,1437656,2019-10,1437656,0.034132,228315188998,42.357406,Top 25%
882,3146,183934851,147,2014-01,2026-04,1251257.49,1471249,2025-10,1471249,0.034124,228499123849,42.39153,Top 25%
883,664,183482940,147,2014-01,2026-04,1248183.27,1488150,2022-03,1488150,0.03404,228682606789,42.42557,Top 25%
884,857,183475358,147,2014-01,2026-04,1248131.69,2231046,2020-08,2231046,0.034039,228866082147,42.459608,Top 25%
885,3846,183307734,147,2014-01,2026-04,1246991.39,1459780,2017-03,1459780,0.034008,229049389881,42.493616,Top 25%
886,290,183306146,147,2014-01,2026-04,1246980.59,1484989,2022-03,1484989,0.034007,229232696027,42.527623,Top 25%
887,165,183083979,147,2014-01,2026-04,1245469.24,1504347,2017-03,1504347,0.033966,229415780006,42.561589,Top 25%
888,5227,183027331,147,2014-01,2026-04,1245083.88,1719607,2024-08,1719607,0.033956,229598807337,42.595545,Top 25%
889,906,182945794,147,2014-01,2026-04,1244529.21,1563169,2019-10,1563169,0.03394,229781753131,42.629485,Top 25%
890,2605,182912935,147,2014-01,2026-04,1244305.68,1449802,2019-10,1449802,0.033934,229964666066,42.663419,Top 25%
891,1114,182904591,147,2014-01,2026-04,1244248.92,1648537,2024-10,1648537,0.033933,230147570657,42.697352,Top 25%
892,361,182794277,147,2014-01,2026-04,1243498.48,1683940,2024-05,1683940,0.033912,230330364934,42.731264,Top 25%
893,506,182789249,147,2014-01,2026-04,1243464.28,1679807,2026-03,1679807,0.033911,230513154183,42.765176,Top 25%
894,3315,182663827,147,2014-01,2026-04,1242611.07,1490114,2018-03,1490114,0.033888,230695818010,42.799064,Top 25%
895,781,182643397,147,2014-01,2026-04,1242472.09,1557588,2024-10,1557588,0.033884,230878461407,42.832948,Top 25%
896,2878,182546301,147,2014-01,2026-04,1241811.57,1487495,2019-10,1487495,0.033866,231061007708,42.866814,Top 25%
897,4389,182386346,147,2014-01,2026-04,1240723.44,1604668,2019-05,1604668,0.033837,231243394054,42.900651,Top 25%
898,450,182382615,147,2014-01,2026-04,1240698.06,1410500,2018-05,1410500,0.033836,231425776669,42.934487,Top 25%
899,1046,182305195,147,2014-01,2026-04,1240171.39,1774623,2019-10,1774623,0.033822,231608081864,42.968309,Top 25%
900,4353,182270492,147,2014-01,2026-04,1239935.32,1508201,2015-08,1508201,0.033815,231790352356,43.002124,Top 25%
901,5281,182183332,147,2014-01,2026-04,1239342.39,1852719,2022-12,1852719,0.033799,231972535688,43.035923,Top 25%
902,4954,182142488,147,2014-01,2026-04,1239064.54,1555177,2018-10,1555177,0.033791,232154678176,43.069714,Top 25%
903,127,182070063,147,2014-01,2026-04,1238571.86,1606092,2025-05,1606092,0.033778,232336748239,43.103492,Top 25%
904,1697,181971130,121,2016-02,2026-04,1503893.64,2222926,2025-03,2222926,0.03376,232518719369,43.137251,Top 25%
905,2602,181747505,147,2014-01,2026-04,1236377.59,1426371,2016-10,1426371,0.033718,232700466874,43.17097,Top 25%
906,4388,181692571,147,2014-01,2026-04,1236003.88,1505169,2019-10,1505169,0.033708,232882159445,43.204677,Top 25%
907,3615,181692310,147,2014-01,2026-04,1236002.11,1428999,2024-10,1428999,0.033708,233063851755,43.238385,Top 25%
908,680,181571899,147,2014-01,2026-04,1235182.99,1668724,2025-09,1668724,0.033686,233245423654,43.272071,Top 25%
909,2964,181544119,147,2014-01,2026-04,1234994.01,1644226,2018-05,1644226,0.03368,233426967773,43.305751,Top 25%
910,998,181401428,147,2014-01,2026-04,1234023.32,1674611,2019-01,1674611,0.033654,233608369201,43.339405,Top 25%
911,5824,181395483,147,2014-01,2026-04,1233982.88,2322886,2020-11,2322886,0.033653,233789764684,43.373058,Top 25%
912,4994,181361268,147,2014-01,2026-04,1233750.12,1744721,2015-10,1744721,0.033646,233971125952,43.406704,Top 25%
913,854,181273774,147,2014-01,2026-04,1233154.93,1697640,2024-03,1697640,0.03363,234152399726,43.440335,Top 25%
914,3642,181160236,147,2014-01,2026-04,1232382.56,1954192,2026-03,1954192,0.033609,234333559962,43.473944,Top 25%
915,112,181113685,147,2014-01,2026-04,1232065.88,1458492,2014-05,1458492,0.033601,234514673647,43.507544,Top 25%
916,4542,180973916,147,2014-01,2026-04,1231115.07,1865699,2016-12,1865699,0.033575,234695647563,43.541119,Top 25%
917,3594,180900910,147,2014-01,2026-04,1230618.44,1429329,2018-05,1429329,0.033561,234876548473,43.57468,Top 25%
918,2881,180871881,147,2014-01,2026-04,1230420.96,1780489,2026-03,1780489,0.033556,235057420354,43.608235,Top 25%
919,3597,180734507,147,2014-01,2026-04,1229486.44,1557583,2022-05,1557583,0.03353,235238154861,43.641766,Top 25%
920,4146,180684719,147,2014-01,2026-04,1229147.75,1462175,2017-10,1462175,0.033521,235418839580,43.675287,Top 25%
921,2595,180637327,146,2014-01,2026-04,1237241.97,2132338,2023-11,2132338,0.033512,235599476907,43.708799,Top 25%
922,954,180577388,147,2014-01,2026-04,1228417.61,1718604,2026-03,1718604,0.033501,235780054295,43.7423,Top 25%
923,2858,180310991,147,2014-01,2026-04,1226605.38,1523646,2025-05,1523646,0.033452,235960365286,43.775751,Top 25%
924,4934,180247557,147,2014-01,2026-04,1226173.86,1428122,2025-10,1428122,0.03344,236140612843,43.809191,Top 25%
925,4087,180222041,147,2014-01,2026-04,1226000.28,1501622,2017-03,1501622,0.033435,236320834884,43.842626,Top 25%
926,5235,180212073,147,2014-01,2026-04,1225932.47,2155332,2026-03,2155332,0.033433,236501046957,43.876059,Top 25%
927,2501,180170992,147,2014-01,2026-04,1225653.01,2244762,2014-09,2244762,0.033426,236681217949,43.909485,Top 25%
928,2640,179791534,147,2014-01,2026-04,1223071.66,1509023,2025-07,1509023,0.033355,236861009483,43.94284,Top 25%
929,3870,179728317,147,2014-01,2026-04,1222641.61,1997645,2019-08,1997645,0.033343,237040737800,43.976184,Top 25%
930,4210,179672841,147,2014-01,2026-04,1222264.22,1792479,2021-12,1792479,0.033333,237220410641,44.009517,Top 25%
931,188,179376050,147,2014-01,2026-04,1220245.24,1429723,2022-03,1429723,0.033278,237399786691,44.042795,Top 25%
932,175,179250790,147,2014-01,2026-04,1219393.13,1496330,2019-03,1496330,0.033255,237579037481,44.07605,Top 25%
933,1057,179159736,147,2014-01,2026-04,1218773.71,1512282,2014-10,1512282,0.033238,237758197217,44.109288,Top 25%
934,4462,178808490,147,2014-01,2026-04,1216384.29,1394383,2014-03,1394383,0.033173,237937005707,44.142461,Top 25%
935,129,178428317,147,2014-01,2026-04,1213798.07,1482137,2016-12,1482137,0.033102,238115434024,44.175563,Top 25%
936,3553,178304857,147,2014-01,2026-04,1212958.21,1477759,2019-03,1477759,0.033079,238293738881,44.208643,Top 25%
937,3450,178130033,147,2014-01,2026-04,1211768.93,1439874,2025-03,1439874,0.033047,238471868914,44.241689,Top 25%
938,3347,178016599,147,2014-01,2026-04,1210997.27,1394272,2018-05,1394272,0.033026,238649885513,44.274715,Top 25%
939,1185,177917406,147,2014-01,2026-04,1210322.49,1389346,2024-10,1389346,0.033008,238827802919,44.307723,Top 25%
940,4230,177725554,147,2014-01,2026-04,1209017.37,1695281,2014-10,1695281,0.032972,239005528473,44.340695,Top 25%
941,5065,177651963,147,2014-01,2026-04,1208516.76,1524269,2024-08,1524269,0.032958,239183180436,44.373653,Top 25%
942,944,177528085,147,2014-01,2026-04,1207674.05,1457670,2015-10,1457670,0.032935,239360708521,44.406588,Top 25%
943,241,177482103,147,2014-01,2026-04,1207361.24,1674005,2024-12,1674005,0.032927,239538190624,44.439515,Top 25%
944,2188,177403757,147,2014-01,2026-04,1206828.28,2156589,2019-11,2156589,0.032912,239715594381,44.472427,Top 25%
945,5279,177259224,144,2014-01,2026-04,1230966.83,2245916,2025-10,2245916,0.032885,239892853605,44.505313,Top 25%
946,2722,177084895,147,2014-01,2026-04,1204659.15,1407342,2018-08,1407342,0.032853,240069938500,44.538166,Top 25%
947,4800,177074470,147,2014-01,2026-04,1204588.23,1471759,2014-05,1471759,0.032851,240247012970,44.571017,Top 25%
948,3555,176856401,147,2014-01,2026-04,1203104.77,1461478,2019-10,1461478,0.032811,240423869371,44.603828,Top 25%
949,935,176799960,129,2014-01,2026-04,1370542.33,1952168,2019-10,1952168,0.0328,240600669331,44.636628,Top 25%
950,3561,176731671,147,2014-01,2026-04,1202256.27,1407334,2017-03,1407334,0.032788,240777401002,44.669416,Top 25%
951,374,176707386,147,2014-01,2026-04,1202091.06,1490664,2016-11,1490664,0.032783,240954108388,44.702199,Top 25%
952,3595,176469491,147,2014-01,2026-04,1200472.73,1377879,2018-05,1377879,0.032739,241130577879,44.734938,Top 25%
953,3120,176357544,147,2014-01,2026-04,1199711.18,1385076,2025-10,1385076,0.032718,241306935423,44.767656,Top 25%
954,1545,176172070,147,2014-01,2026-04,1198449.46,1515053,2016-09,1515053,0.032684,241483107493,44.800339,Top 25%
955,214,175978775,147,2014-01,2026-04,1197134.52,1584361,2015-10,1584361,0.032648,241659086268,44.832987,Top 25%
956,4653,175864953,147,2014-01,2026-04,1196360.22,1855317,2021-07,1855317,0.032627,241834951221,44.865614,Top 25%
957,2153,175821380,147,2014-01,2026-04,1196063.81,1336529,2017-03,1336529,0.032619,242010772601,44.898233,Top 25%
958,963,175724483,147,2014-01,2026-04,1195404.65,1399212,2017-10,1399212,0.032601,242186497084,44.930833,Top 25%
959,4613,175602179,147,2014-01,2026-04,1194572.65,1363335,2025-10,1363335,0.032578,242362099263,44.963411,Top 25%
960,2829,175460354,147,2014-01,2026-04,1193607.85,2912008,2025-05,2912008,0.032552,242537559617,44.995963,Top 25%
961,1211,175398173,147,2014-01,2026-04,1193184.85,2093883,2024-08,2093883,0.03254,242712957790,45.028503,Top 25%
962,4387,175106827,147,2014-01,2026-04,1191202.9,1531734,2019-10,1531734,0.032486,242888064617,45.060989,Top 25%
963,4206,175095215,147,2014-01,2026-04,1191123.91,1355695,2017-10,1355695,0.032484,243063159832,45.093473,Top 25%
964,3451,174888996,147,2014-01,2026-04,1189721.06,1416431,2014-10,1416431,0.032446,243238048828,45.125919,Top 25%
965,2050,174849231,147,2014-01,2026-04,1189450.55,1391343,2017-03,1391343,0.032438,243412898059,45.158357,Top 25%
966,2005,174829198,147,2014-01,2026-04,1189314.27,1538634,2017-03,1538634,0.032435,243587727257,45.190792,Top 25%
967,733,174715642,147,2014-01,2026-04,1188541.78,1320074,2019-05,1320074,0.032414,243762442899,45.223205,Top 25%
968,2580,174689694,147,2014-01,2026-04,1188365.27,1461664,2024-10,1461664,0.032409,243937132593,45.255614,Top 25%
969,1257,174654237,147,2014-01,2026-04,1188124.06,1870893,2025-10,1870893,0.032402,244111786830,45.288016,Top 25%
970,528,174633836,147,2014-01,2026-04,1187985.28,1369455,2014-10,1369455,0.032398,244286420666,45.320415,Top 25%
971,532,174498261,147,2014-01,2026-04,1187063.0,1462822,2022-03,1462822,0.032373,244460918927,45.352788,Top 25%
972,670,174298544,147,2014-01,2026-04,1185704.38,1402248,2018-05,1402248,0.032336,244635217471,45.385124,Top 25%
973,4951,174160817,147,2014-01,2026-04,1184767.46,1395538,2025-10,1395538,0.032311,244809378288,45.417435,Top 25%
974,3500,174025849,147,2014-01,2026-04,1183849.31,1557439,2021-01,1557439,0.032286,244983404137,45.44972,Top 25%
975,4402,173996754,145,2014-01,2026-04,1199977.61,1637299,2019-03,1637299,0.03228,245157400891,45.482,Top 25%
976,3019,173928343,147,2014-01,2026-04,1183186.01,1403018,2017-03,1403018,0.032267,245331329234,45.514268,Top 25%
977,2007,173735697,147,2014-01,2026-04,1181875.49,1394296,2018-05,1394296,0.032232,245505064931,45.546499,Top 25%
978,449,173649468,147,2014-01,2026-04,1181288.9,1383538,2017-05,1383538,0.032216,245678714399,45.578715,Top 25%
979,2857,173486852,147,2014-01,2026-04,1180182.67,1675517,2026-03,1675517,0.032186,245852201251,45.610901,Top 25%
980,145,173410517,147,2014-01,2026-04,1179663.38,1796829,2019-08,1796829,0.032171,246025611768,45.643072,Top 25%
981,4667,173371012,147,2014-01,2026-04,1179394.64,1386298,2024-05,1386298,0.032164,246198982780,45.675236,Top 25%
982,4567,173360374,147,2014-01,2026-04,1179322.27,1848011,2023-03,1848011,0.032162,246372343154,45.707398,Top 25%
983,192,173347248,147,2014-01,2026-04,1179232.98,1430188,2017-03,1430188,0.03216,246545690402,45.739558,Top 25%
984,313,173261046,147,2014-01,2026-04,1178646.57,1590540,2024-08,1590540,0.032144,246718951448,45.771702,Top 25%
985,2894,173146626,147,2014-01,2026-04,1177868.2,1514007,2025-05,1514007,0.032122,246892098074,45.803824,Top 25%
986,1018,173120725,147,2014-01,2026-04,1177692.01,1415315,2024-12,1415315,0.032118,247065218799,45.835942,Top 25%
987,4519,173004490,145,2014-01,2026-04,1193134.41,1551372,2019-08,1551372,0.032096,247238223289,45.868038,Top 25%
988,2854,172978073,147,2014-01,2026-04,1176721.59,1519368,2026-03,1519368,0.032091,247411201362,45.900129,Top 25%
989,204,172872149,147,2014-01,2026-04,1176001.01,1454750,2017-05,1454750,0.032072,247584073511,45.932201,Top 25%
990,5268,172855648,147,2014-01,2026-04,1175888.76,1418981,2026-03,1418981,0.032068,247756929159,45.964269,Top 25%
991,2579,172659692,147,2014-01,2026-04,1174555.73,2424751,2021-07,2424751,0.032032,247929588851,45.996301,Top 25%
992,3515,172633274,147,2014-01,2026-04,1174376.01,1435455,2018-08,1435455,0.032027,248102222125,46.028328,Top 25%
993,4001,172630810,147,2014-01,2026-04,1174359.25,2352630,2023-05,2352630,0.032027,248274852935,46.060355,Top 25%
994,2150,172556089,147,2014-01,2026-04,1173850.95,1368029,2025-10,1368029,0.032013,248447409024,46.092368,Top 25%
995,4781,172543181,147,2014-01,2026-04,1173763.14,1582799,2019-10,1582799,0.03201,248619952205,46.124378,Top 25%
996,1170,172446521,147,2014-01,2026-04,1173105.59,1364596,2024-05,1364596,0.031993,248792398726,46.156371,Top 25%
997,2820,172282943,147,2014-01,2026-04,1171992.81,1427282,2025-10,1427282,0.031962,248964681669,46.188333,Top 25%
998,4477,172224259,147,2014-01,2026-04,1171593.6,1345692,2025-10,1345692,0.031951,249136905928,46.220285,Top 25%
999,915,172124973,147,2014-01,2026-04,1170918.18,1504701,2023-07,1504701,0.031933,249309030901,46.252217,Top 25%
1000,4882,172044811,147,2014-01,2026-04,1170372.86,1533738,2017-03,1533738,0.031918,249481075712,46.284135,Top 25%
