scats_site,time_bin,avg_15m_volume
117,00:00,12.707725899658524
117,00:15,11.728395264445576
117,00:30,10.202116662564608
117,00:45,9.21656061401207
117,01:00,8.227959883787731
117,01:15,7.6379539306500535
117,01:30,7.069786118167664
117,01:45,6.511002003349864
117,02:00,6.251952707480308
117,02:15,5.875655763316724
117,02:30,5.505663230918446
117,02:45,5.308342774575965
117,03:00,5.177170971709717
117,03:15,5.112762711030172
117,03:30,5.252771400459167
117,03:45,5.247364192368866
117,04:00,5.398295780417862
117,04:15,5.993920524375256
117,04:30,7.072432166571031
117,04:45,7.8492356093004965
117,05:00,9.589947393434832
117,05:15,13.086354258768052
117,05:30,17.351904286485865
117,05:45,20.96810147299509
117,06:00,26.338420225307832
117,06:15,33.125053217619126
117,06:30,37.799401001603876
117,06:45,37.672153163333824
117,07:00,38.46015104106941
117,07:15,43.752178185391415
117,07:30,47.64493667775284
117,07:45,50.92333054475665
117,08:00,51.4675160697888
117,08:15,54.27171685710071
117,08:30,55.725127885624346
117,08:45,56.453211099448964
117,09:00,53.493134729900426
117,09:15,53.53876553737168
117,09:30,53.245398370785594
117,09:45,54.90698666316705
117,10:00,53.539097485359974
117,10:15,55.39625303497605
117,10:30,56.28269931401188
117,10:45,57.54439190964013
117,11:00,56.94561913680648
117,11:15,58.905382529377924
117,11:30,60.10816004730462
117,11:45,61.3831724999589
117,12:00,61.220388030253204
117,12:15,62.52298897777486
117,12:30,62.369510572231256
117,12:45,62.38997713853391
117,13:00,61.80996956485975
117,13:15,62.62314481534441
117,13:30,62.82963572074665
117,13:45,62.89679095153548
117,14:00,62.518681752401
117,14:15,64.40872140858977
117,14:30,65.48657408930863
117,14:45,66.64599206806326
117,15:00,68.1367382186035
117,15:15,69.77529512347506
117,15:30,69.73158266642565
117,15:45,69.94576282335915
117,16:00,70.09751603882218
117,16:15,70.68186376864016
117,16:30,70.21624198586224
117,16:45,69.92952975994739
117,17:00,70.52014597820191
117,17:15,71.70462727048574
117,17:30,69.61342231134634
117,17:45,67.67084464182909
117,18:00,64.48960613591849
117,18:15,61.51773854146117
117,18:30,56.113499202446924
117,18:45,51.69382151782191
117,19:00,46.756845203834956
117,19:15,43.89635600888377
117,19:30,39.947917693850044
117,19:45,37.06933556837417
117,20:00,34.83339632873741
117,20:15,34.16737549056635
117,20:30,32.567684298687865
117,20:45,31.931857431865655
117,21:00,32.05327302631579
117,21:15,32.45041281536792
117,21:30,30.806801712779972
117,21:45,29.368202560005273
117,22:00,28.42936124000395
117,22:15,27.364840437769086
117,22:30,24.277600604944766
117,22:45,21.36490259846917
117,23:00,19.313398268753797
117,23:15,18.00487812890086
117,23:30,15.987958932238193
117,23:45,14.226212586906856
414,00:00,18.560569722480544
414,00:15,17.096186496016717
414,00:30,14.669321668734087
414,00:45,12.74442015271161
414,01:00,11.153714257720006
414,01:15,10.100624622861522
414,01:30,9.141184337133259
414,01:45,8.203243260915764
414,02:00,7.780873037956037
414,02:15,7.305521472392638
414,02:30,6.697448896156991
414,02:45,6.4061204504651545
414,03:00,6.1652748328168325
414,03:15,6.363885535288936
414,03:30,6.712515085293062
414,03:45,6.957337550128786
414,04:00,7.349254996576571
414,04:15,8.717159531805288
414,04:30,10.866974347265938
414,04:45,12.531992240353423
414,05:00,16.356217511040136
414,05:15,23.398764808447538
414,05:30,29.673210067606092
414,05:45,34.41094997555809
414,06:00,41.78365650969529
414,06:15,48.74670446953773
414,06:30,51.239559401020024
414,06:45,50.3869295958279
414,07:00,51.89778357235984
414,07:15,56.7518741851369
414,07:30,59.34496414602347
414,07:45,61.393620144166476
414,08:00,62.41623992954761
414,08:15,64.50212738209738
414,08:30,65.86548239895697
414,08:45,66.14644126373447
414,09:00,65.7453129835649
414,09:15,66.1707523659049
414,09:30,66.11367190044955
414,09:45,66.21208567472921
414,10:00,64.95429753008027
414,10:15,66.03651191561401
414,10:30,66.1737828203083
414,10:45,66.23000260552371
414,11:00,65.44601458713207
414,11:15,66.84696552734852
414,11:30,67.76310344265767
414,11:45,68.03561710794297
414,12:00,68.01785801573982
414,12:15,68.85334201742245
414,12:30,68.65006841282252
414,12:45,68.19330891330891
414,13:00,67.62652426615438
414,13:15,68.37259689733196
414,13:30,68.7072952287901
414,13:45,68.47882211225419
414,14:00,68.53582889442734
414,14:15,70.2487732511697
414,14:30,71.87249274322429
414,14:45,72.49494817808487
414,15:00,74.06650262360264
414,15:15,75.05043084491211
414,15:30,75.68980282974324
414,15:45,75.63291036145364
414,16:00,76.23024043787059
414,16:15,76.20547655117366
414,16:30,76.49758918390617
414,16:45,76.00584652465638
414,17:00,77.1112702649912
414,17:15,76.96036734295112
414,17:30,76.11813267333181
414,17:45,75.12004170264062
414,18:00,73.871799048674
414,18:15,71.25548752686771
414,18:30,67.2087507533923
414,18:45,62.801029131588805
414,19:00,58.14009701152419
414,19:15,54.81164305487705
414,19:30,51.01005941238708
414,19:45,47.82277037374955
414,20:00,45.59770433534965
414,20:15,44.93787199347737
414,20:30,43.39292471294363
414,20:45,42.59913096035415
414,21:00,42.801522477783585
414,21:15,43.279775134004446
414,21:30,42.11184554973822
414,21:45,40.766080628015374
414,22:00,39.42755744541663
414,22:15,38.19381871048892
414,22:30,34.4577246135242
414,22:45,30.937127362420163
414,23:00,28.2114492848279
414,23:15,26.82312136841418
414,23:30,23.842278096358378
414,23:45,21.048682403714118
415,00:00,16.864075613134524
415,00:15,15.401760391198044
415,00:30,12.915978701577842
415,00:45,11.422323217514538
415,01:00,9.796727829742855
415,01:15,8.827645162340835
415,01:30,7.907142159575507
415,01:45,7.170211031018624
415,02:00,6.889781653683471
415,02:15,6.17219516977679
415,02:30,5.708298612813097
415,02:45,5.403057395503638
415,03:00,5.070752025562022
415,03:15,5.31368393596557
415,03:30,5.546428222099051
415,03:45,5.601637152268206
415,04:00,6.06136089465619
415,04:15,7.412314709236032
415,04:30,9.229687449076035
415,04:45,10.736406580876364
415,05:00,13.904858826977563
415,05:15,20.00727562746183
415,05:30,26.40912790129887
415,05:45,31.489290015951042
415,06:00,39.01766008008073
415,06:15,47.81213581171262
415,06:30,52.33329535466649
415,06:45,51.82287137902399
415,07:00,52.798872762221244
415,07:15,59.34781475508642
415,07:30,62.81339455815544
415,07:45,65.64512767066181
415,08:00,66.71125911933298
415,08:15,69.28383923918707
415,08:30,70.26356500781657
415,08:45,70.43144215737364
415,09:00,67.59499934887356
415,09:15,68.13595520250033
415,09:30,67.80671311368668
415,09:45,68.6308090341057
415,10:00,66.66571205415256
415,10:15,67.65989228240883
415,10:30,68.0457474855971
415,10:45,68.83648259362336
415,11:00,67.78797695012372
415,11:15,69.66784981601485
415,11:30,70.68089507027344
415,11:45,71.44234807664132
415,12:00,70.95050246754728
415,12:15,71.78736979166666
415,12:30,71.80389443349995
415,12:45,71.56497037181741
415,13:00,70.97533697987889
415,13:15,71.58164510617524
415,13:30,71.91110134023809
415,13:45,71.84460548815242
415,14:00,71.39971017796375
415,14:15,72.85431153814837
415,14:30,73.71328728291681
415,14:45,74.70665059927045
415,15:00,76.16652005343238
415,15:15,76.46296085293399
415,15:30,75.87204477781935
415,15:45,75.28599104599104
415,16:00,76.08539424626757
415,16:15,75.82482298364124
415,16:30,75.7694813125967
415,16:45,75.29446543748779
415,17:00,76.74628882088678
415,17:15,76.52698169738814
415,17:30,75.53691646591575
415,17:45,74.1696601586035
415,18:00,72.77928551647743
415,18:15,71.07982283304294
415,18:30,67.4684788801172
415,18:45,64.36074456141493
415,19:00,59.787187963068504
415,19:15,57.02569572226474
415,19:30,52.830454952388706
415,19:45,49.33967855921578
415,20:00,46.68463594289812
415,20:15,45.8634912360722
415,20:30,43.89589170521926
415,20:45,43.46207560406572
415,21:00,44.24303061957303
415,21:15,44.52489064438206
415,21:30,42.91381901339432
415,21:45,40.890195117968815
415,22:00,39.918296648528525
415,22:15,38.02902452156037
415,22:30,33.674530533666164
415,22:45,29.43823083321102
415,23:00,26.83337408910843
415,23:15,25.04302179618852
415,23:30,21.805420929815114
415,23:45,19.19962445913952
416,00:00,16.983171120731747
416,00:15,15.642395533199851
416,00:30,13.015423160771808
416,00:45,11.582519849017311
416,01:00,9.875628692807267
416,01:15,8.858234557663854
416,01:30,7.940496324725167
416,01:45,7.214994217958532
416,02:00,6.898846900331088
416,02:15,6.198349129704246
416,02:30,5.721537984698455
416,02:45,5.426356336628825
416,03:00,5.1038191788846765
416,03:15,5.343734231814705
416,03:30,5.59077805104484
416,03:45,5.660748896525889
416,04:00,6.130014484026885
416,04:15,7.421139930075616
416,04:30,9.398710580727089
416,04:45,10.939527087503459
416,05:00,14.177726082217632
416,05:15,20.53034863101726
416,05:30,27.035359205923033
416,05:45,31.88478257330316
416,06:00,38.994013437230564
416,06:15,48.30985342681915
416,06:30,53.28902486655383
416,06:45,52.81063912958499
416,07:00,54.02352692163663
416,07:15,60.47639422138349
416,07:30,64.64677547965046
416,07:45,68.54614395677716
416,08:00,69.86939685328908
416,08:15,72.56577726406955
416,08:30,73.56402741822563
416,08:45,73.93921680371245
416,09:00,70.59558871440673
416,09:15,71.09420691002637
416,09:30,70.3898155991399
416,09:45,71.63558977196894
416,10:00,69.36151892965266
416,10:15,70.41302932656316
416,10:30,70.97393638656146
416,10:45,71.79232659971025
416,11:00,70.81960886486135
416,11:15,72.68316492829204
416,11:30,73.8480109471215
416,11:45,74.76082067661821
416,12:00,74.40827997458331
416,12:15,75.20498190473086
416,12:30,74.98399869643148
416,12:45,74.69422914088452
416,13:00,74.27792427645929
416,13:15,74.6133571951517
416,13:30,74.95240653026677
416,13:45,74.93622004977472
416,14:00,74.70443197527852
416,14:15,76.62756140036784
416,14:30,78.22103325841232
416,14:45,79.48881398983978
416,15:00,81.64136381398984
416,15:15,80.85651997071504
416,15:30,79.83691391956285
416,15:45,78.75179452121685
416,16:00,79.40895551540602
416,16:15,79.28578633952687
416,16:30,79.93182779603657
416,16:45,78.94824417299654
416,17:00,81.31569185715448
416,17:15,80.2392451232618
416,17:30,78.67817513260226
416,17:45,77.5238033256321
416,18:00,76.09655262215567
416,18:15,74.090966796875
416,18:30,70.16206234543797
416,18:45,66.61033047098621
416,19:00,61.477589123080925
416,19:15,58.25948893229167
416,19:30,54.12934231069477
416,19:45,50.55598776081508
416,20:00,47.27389074330375
416,20:15,46.50066705713914
416,20:30,44.50132647580606
416,20:45,43.88669003178743
416,21:00,44.77293544338869
416,21:15,45.00063573827144
416,21:30,43.39254135534601
416,21:45,41.34849424124768
416,22:00,40.31286201439084
416,22:15,38.32035196350008
416,22:30,34.02801042854815
416,22:45,29.753672997361306
416,23:00,27.10743720884777
416,23:15,25.224746734421316
416,23:30,21.941092985318107
416,23:45,19.36319292635975
538,00:00,13.779786627575536
538,00:15,12.061568288828427
538,00:30,10.115054621233089
538,00:45,8.867777343495538
538,01:00,7.7633919843597265
538,01:15,6.941409175267802
538,01:30,6.278166493100755
538,01:45,5.5059950475693995
538,02:00,5.329070355447531
538,02:15,4.721602218959047
538,02:30,4.529429032731542
538,02:45,4.196398332682037
538,03:00,4.098961216581459
538,03:15,4.008362210617079
538,03:30,4.167336380939986
538,03:45,4.105318854500757
538,04:00,4.309551320650317
538,04:15,5.097582417582418
538,04:30,6.743285039882793
538,04:45,7.776658584609376
538,05:00,10.069228016526237
538,05:15,14.40333783366137
538,05:30,21.454813103874557
538,05:45,24.84834886103117
538,06:00,31.295822967985302
538,06:15,41.777571825764596
538,06:30,50.241045152268995
538,06:45,50.465416883454736
538,07:00,49.788348946135834
538,07:15,53.88019647387938
538,07:30,58.30139928408721
538,07:45,62.01511576823574
538,08:00,61.07803980925411
538,08:15,63.08662468062946
538,08:30,66.2763575415358
538,08:45,67.95384565309378
538,09:00,64.01337716443172
538,09:15,62.45163339087386
538,09:30,61.426466757830305
538,09:45,60.59511210251233
538,10:00,57.96934123546843
538,10:15,59.03861311966647
538,10:30,59.11647449677545
538,10:45,59.888150175987484
538,11:00,59.24092812566196
538,11:15,60.957398956975226
538,11:30,62.4725432348291
538,11:45,63.47737316743041
538,12:00,63.016637035345546
538,12:15,64.2362012193134
538,12:30,63.73820589338421
538,12:45,63.70855008887657
538,13:00,62.52768586285025
538,13:15,63.813880331850115
538,13:30,63.7135523613963
538,13:45,63.30576061272713
538,14:00,63.02040982538441
538,14:15,65.35105134474328
538,14:30,65.8112598438035
538,14:45,67.31958611699527
538,15:00,69.42031749136189
538,15:15,72.00469322903936
538,15:30,72.13239510033881
538,15:45,71.91789487413591
538,16:00,71.81333181106471
538,16:15,73.78153479955003
538,16:30,72.80833741230217
538,16:45,73.97631909650254
538,17:00,74.56434900380204
538,17:15,78.55216696038117
538,17:30,76.75284396492715
538,17:45,73.74878179951435
538,18:00,68.88854307549414
538,18:15,66.31503167907226
538,18:30,61.38726017134108
538,18:45,56.523072663007184
538,19:00,51.292134282410046
538,19:15,48.402188069809846
538,19:30,43.72642645574977
538,19:45,41.565271196652176
538,20:00,38.9623572720017
538,20:15,38.304953560371516
538,20:30,36.88058387017858
538,20:45,36.92485803798708
538,21:00,36.828912358596824
538,21:15,36.96286433145994
538,21:30,35.67189565955502
538,21:45,33.5625357218675
538,22:00,33.04738879722953
538,22:15,30.94946178598847
538,22:30,26.91928295048244
538,22:45,23.392052223582212
538,23:00,21.628597063621534
538,23:15,19.725000815634075
538,23:30,16.976381934136914
538,23:45,15.222872227744553
725,00:00,7.84458148903367
725,00:15,7.099765706784534
725,00:30,5.87640020577839
725,00:45,4.9810209750661185
725,01:00,4.3151877246704835
725,01:15,3.8330360863405284
725,01:30,3.4803164029975022
725,01:45,3.007007509240212
725,02:00,2.775864377280182
725,02:15,2.568968697080965
725,02:30,2.44769573296282
725,02:45,2.335088896343509
725,03:00,2.3053788994510644
725,03:15,2.3604871584103604
725,03:30,2.4690323228267417
725,03:45,2.4276194622107625
725,04:00,2.8012583024598645
725,04:15,3.5535815567343945
725,04:30,4.210489533761523
725,04:45,5.160499991677901
725,05:00,7.55040781408329
725,05:15,11.63263716227416
725,05:30,16.34782824276081
725,05:45,21.534019902800278
725,06:00,32.04930891556715
725,06:15,44.294142901963376
725,06:30,51.66876320655045
725,06:45,54.70873642156701
725,07:00,55.83523929138022
725,07:15,60.20472180947664
725,07:30,63.26951267828843
725,07:45,66.11606303110304
725,08:00,64.74416838629797
725,08:15,65.85195332486094
725,08:30,64.56716344011487
725,08:45,62.35781255158298
725,09:00,58.72815325721074
725,09:15,58.67477901693515
725,09:30,58.14574009545357
725,09:45,56.74952520932076
725,10:00,53.9287224902518
725,10:15,55.354814729156
725,10:30,55.49564455610837
725,10:45,55.13409917355372
725,11:00,54.78350634752711
725,11:15,57.06404951838734
725,11:30,58.252083713068984
725,11:45,58.80248815558427
725,12:00,58.76908813985829
725,12:15,59.52857544812063
725,12:30,58.773858199937095
725,12:45,58.04085783260028
725,13:00,57.758402909812354
725,13:15,58.13582432857309
725,13:30,58.07813482476752
725,13:45,58.149369560181356
725,14:00,58.148639264574584
725,14:15,60.56145547208525
725,14:30,63.52698591176665
725,14:45,66.09273733785012
725,15:00,69.61228638482135
725,15:15,74.32817378376146
725,15:30,75.74870795700345
725,15:45,77.5256611440559
725,16:00,77.91059920018508
725,16:15,77.56885554710995
725,16:30,77.30479825517993
725,16:45,76.68520078629598
725,17:00,76.70469033856317
725,17:15,78.38400502529177
725,17:30,75.76674273241393
725,17:45,73.43248331901962
725,18:00,69.01238257194274
725,18:15,65.05732158183139
725,18:30,57.883974708203326
725,18:45,49.64319086061447
725,19:00,41.714009773492705
725,19:15,37.71972838567912
725,19:30,33.054575168793434
725,19:45,30.230806070714912
725,20:00,28.311175751165173
725,20:15,27.282453472612474
725,20:30,25.936083326444574
725,20:45,25.40541882520399
725,21:00,24.933998477778882
725,21:15,24.774309465456714
725,21:30,22.827369222871717
725,21:45,21.258631564969125
725,22:00,20.28817354097219
725,22:15,18.80778032036613
725,22:30,16.50974144511932
725,22:45,14.777287578989268
725,23:00,13.247584961309672
725,23:15,11.865908073050575
725,23:30,10.29143046577159
725,23:45,9.060559804881287
849,00:00,19.023850085178875
849,00:15,17.406678250606518
849,00:30,15.412961567445365
849,00:45,14.08014216922724
849,01:00,12.841022362122107
849,01:15,11.94662300450266
849,01:30,11.20563698226788
849,01:45,10.454228064711764
849,02:00,9.874080640924612
849,02:15,9.35060460384912
849,02:30,8.928681661467738
849,02:45,8.589846567438201
849,03:00,8.221561594024864
849,03:15,8.003012985311697
849,03:30,8.203768580970467
849,03:45,8.190420024900073
849,04:00,8.618789595167549
849,04:15,8.989880630741268
849,04:30,10.358516551079632
849,04:45,11.666885052576408
849,05:00,13.40045148942435
849,05:15,17.291620312806753
849,05:30,23.616297701187012
849,05:45,28.151440383012794
849,06:00,34.07998363338789
849,06:15,43.61712788603242
849,06:30,54.17195066090826
849,06:45,58.23266193636988
849,07:00,60.083026825560296
849,07:15,66.67100402131625
849,07:30,72.14859076641382
849,07:45,77.67935333966031
849,08:00,77.81165728498495
849,08:15,81.69307772834337
849,08:30,82.93277173468553
849,08:45,82.30704322087946
849,09:00,76.48726583188936
849,09:15,73.73292686913597
849,09:30,71.44619761604997
849,09:45,72.67847331240188
849,10:00,69.05718350394088
849,10:15,70.0187802643633
849,10:30,69.98899409638751
849,10:45,71.20020280326447
849,11:00,70.63716799685987
849,11:15,72.43803383840037
849,11:30,74.14581493474634
849,11:45,75.18916041537
849,12:00,74.76560991178252
849,12:15,76.14726767015706
849,12:30,75.68680140741347
849,12:45,75.5877528972697
849,13:00,74.58487012348914
849,13:15,75.10325313619339
849,13:30,74.93821180782825
849,13:45,74.86833019716927
849,14:00,74.5314565203167
849,14:15,76.60482444648238
849,14:30,77.59503618087162
849,14:45,79.00214525505609
849,15:00,81.22776604626037
849,15:15,85.4547344980597
849,15:30,85.15512864606364
849,15:45,85.98462421113024
849,16:00,85.6015829837441
849,16:15,87.1691204166189
849,16:30,87.2438569206843
849,16:45,88.26784924573731
849,17:00,89.8472788614291
849,17:15,94.08564169808228
849,17:30,90.77042221202386
849,17:45,87.28129966738214
849,18:00,80.3536836935167
849,18:15,76.12588385491685
849,18:30,68.8804333595182
849,18:45,64.40222018468793
849,19:00,58.878859818592616
849,19:15,55.69229005257899
849,19:30,50.79982978166225
849,19:45,48.38944472645696
849,20:00,45.74466377262675
849,20:15,44.719585128868935
849,20:30,43.07826842381327
849,20:45,42.49045632248103
849,21:00,42.26777006058815
849,21:15,41.90399618941248
849,21:30,40.18024297621201
849,21:45,38.36589292461354
849,22:00,36.83302390536433
849,22:15,35.12925672459915
849,22:30,32.13011763159624
849,22:45,29.024274155164207
849,23:00,26.81855433535486
849,23:15,24.509002361275087
849,23:30,22.787155511811022
849,23:45,20.805612077453233
855,00:00,12.519307633326264
855,00:15,10.566153193433635
855,00:30,9.254170675624989
855,00:45,7.777396924884928
855,01:00,6.707505104124133
855,01:15,5.851337020540682
855,01:30,5.283203156847718
855,01:45,5.123675488579406
855,02:00,4.642645687836313
855,02:15,4.18562228251986
855,02:30,4.065045959934039
855,02:45,3.8925910832178663
855,03:00,3.950267327378236
855,03:15,3.943082012090795
855,03:30,4.436148544053187
855,03:45,4.489559051267422
855,04:00,5.52585799684003
855,04:15,6.859560536217484
855,04:30,9.371638460410797
855,04:45,11.087482496987853
855,05:00,14.834022330002279
855,05:15,22.50644510269848
855,05:30,33.92192636958433
855,05:45,38.16417108818072
855,06:00,46.05693544711742
855,06:15,54.51592750463671
855,06:30,61.69750414890501
855,06:45,60.704893762405234
855,07:00,60.58855506005664
855,07:15,64.80339181667263
855,07:30,68.72674324016529
855,07:45,72.28972951847449
855,08:00,73.36639419006057
855,08:15,78.58933046902972
855,08:30,80.2420706602223
855,08:45,80.5845946033916
855,09:00,75.16760822493202
855,09:15,74.02753981954986
855,09:30,71.51394882986173
855,09:45,72.83127504969207
855,10:00,71.20994151094023
855,10:15,72.35867935597419
855,10:30,73.03219607523818
855,10:45,74.01372964169381
855,11:00,73.42964676746611
855,11:15,75.22332898597979
855,11:30,75.94740273499258
855,11:45,77.04783636215467
855,12:00,76.79908750203683
855,12:15,77.54301872646968
855,12:30,76.45279207662736
855,12:45,76.10611293948972
855,13:00,75.29255934440118
855,13:15,75.61775099747578
855,13:30,75.0806249287262
855,13:45,75.84365584743416
855,14:00,75.47939898093735
855,14:15,77.5024517390242
855,14:30,78.87258781572133
855,14:45,80.82747338607285
855,15:00,82.1795556278994
855,15:15,85.10485446376245
855,15:30,87.45141443406361
855,15:45,89.64152663800964
855,16:00,86.64657208476537
855,16:15,87.8938951829815
855,16:30,87.23871598500897
855,16:45,87.89867166490099
855,17:00,88.28445776460241
855,17:15,91.113414991693
855,17:30,88.4039088478842
855,17:45,84.71817959781812
855,18:00,79.221806102843
855,18:15,73.89309293643936
855,18:30,68.14225655064529
855,18:45,63.00316254503366
855,19:00,56.78638356119739
855,19:15,53.47059973924381
855,19:30,48.995667187907216
855,19:45,45.749107797604495
855,20:00,42.806651891927125
855,20:15,40.522644617316566
855,20:30,38.60829432965313
855,20:45,37.96816555869526
855,21:00,37.52652374810195
855,21:15,35.70911319983654
855,21:30,34.268680860798376
855,21:45,32.18759297098488
855,22:00,30.76436452799346
855,22:15,28.54731286458929
855,22:30,25.58136725064085
855,22:45,22.2375539004312
855,23:00,20.207434992813276
855,23:15,17.48524873875492
855,23:30,16.56147079464038
855,23:45,14.547059879555432
948,00:00,12.835034595034594
948,00:15,11.843957189632984
948,00:30,10.38912937347437
948,00:45,9.469683655536029
948,01:00,8.612621122058464
948,01:15,7.829741204027522
948,01:30,7.304299047185458
948,01:45,6.758630239642898
948,02:00,6.239335062562195
948,02:15,5.901290143693627
948,02:30,5.532489121400284
948,02:45,5.181507406804493
948,03:00,4.906893522886236
948,03:15,4.775542072645054
948,03:30,4.95139803835456
948,03:45,5.023131643632693
948,04:00,4.755922936735225
948,04:15,5.229721593960004
948,04:30,6.389090553936809
948,04:45,6.942496379582472
948,05:00,8.418317556357959
948,05:15,12.300445658892034
948,05:30,18.245063595849192
948,05:45,21.520851631371784
948,06:00,25.22553246880034
948,06:15,33.76892663640357
948,06:30,41.44833531220012
948,06:45,41.53893716033714
948,07:00,41.41698131632055
948,07:15,47.08607257290633
948,07:30,51.69984227898733
948,07:45,55.64811078204836
948,08:00,56.868994922536125
948,08:15,59.08427030281335
948,08:30,58.590270094370325
948,08:45,57.14135350577517
948,09:00,52.831692993444065
948,09:15,51.642032144716296
948,09:30,50.62140091746104
948,09:45,50.364698416830734
948,10:00,48.8034080921845
948,10:15,50.099851842203805
948,10:30,51.651971326164876
948,10:45,52.615062693372415
948,11:00,52.42824111766047
948,11:15,54.40408927989573
948,11:30,56.12148664722272
948,11:45,56.999902243511414
948,12:00,58.647422109242605
948,12:15,59.84750289036166
948,12:30,60.83402280130293
948,12:45,60.70446729794482
948,13:00,60.82090159929644
948,13:15,61.912074303405575
948,13:30,61.92727124715076
948,13:45,61.765182713436964
948,14:00,64.4277640237149
948,14:15,65.60931520234509
948,14:30,68.52945582440486
948,14:45,69.09560428818143
948,15:00,71.46686423291106
948,15:15,72.05488479562614
948,15:30,75.0372285923396
948,15:45,74.36728781837415
948,16:00,77.69086380360108
948,16:15,77.69080875170931
948,16:30,77.44255727987755
948,16:45,75.45792353286002
948,17:00,79.14080515927301
948,17:15,79.24987776655041
948,17:30,75.1149238182055
948,17:45,70.5306651028686
948,18:00,66.27427204218819
948,18:15,61.16823114090029
948,18:30,53.78008231255998
948,18:45,47.05706893184925
948,19:00,42.08184925931955
948,19:15,38.64533672007295
948,19:30,34.81822470959555
948,19:45,32.11702647259939
948,20:00,30.69769751840031
948,20:15,30.14626996922175
948,20:30,28.90691424383093
948,20:45,28.26718067418661
948,21:00,28.44543037499796
948,21:15,28.660583703316792
948,21:30,27.269368781601695
948,21:45,25.11700982151597
948,22:00,24.666410967847234
948,22:15,24.012317079139272
948,22:30,22.04344350549773
948,22:45,19.28464498874792
948,23:00,17.943526417956708
948,23:15,17.112712099232287
948,23:30,15.134153304079735
948,23:45,13.510655630865484
1359,00:00,17.75923997917751
1359,00:15,16.766339630009274
1359,00:30,15.206985180485741
1359,00:45,14.181723492554317
1359,01:00,13.26080164038471
1359,01:15,12.61885805277525
1359,01:30,12.009862702087903
1359,01:45,11.583085256942072
1359,02:00,11.007349586076527
1359,02:15,10.87035678776914
1359,02:30,10.67711031819737
1359,02:45,10.708620044572413
1359,03:00,10.284228149737489
1359,03:15,10.351970103176537
1359,03:30,10.458022342553296
1359,03:45,10.796968514181629
1359,04:00,10.81492013454445
1359,04:15,11.809203470800428
1359,04:30,13.682207591644314
1359,04:45,15.279523592876641
1359,05:00,15.774236020806242
1359,05:15,19.78965337842232
1359,05:30,27.855359812780343
1359,05:45,32.58917637122578
1359,06:00,33.00994006724163
1359,06:15,43.301591684261815
1359,06:30,56.777505278544744
1359,06:45,60.97274646743544
1359,07:00,57.18249005116544
1359,07:15,64.0101152784543
1359,07:30,66.73379332738047
1359,07:45,70.43487514418938
1359,08:00,68.53846278869439
1359,08:15,70.56322960361591
1359,08:30,71.61710357380832
1359,08:45,73.19892411954949
1359,09:00,69.9070099910649
1359,09:15,71.12824095132888
1359,09:30,73.0260677371124
1359,09:45,74.51411722659043
1359,10:00,71.84736098250401
1359,10:15,73.82374059814481
1359,10:30,75.81240960135212
1359,10:45,77.62501827871382
1359,11:00,77.0754839653463
1359,11:15,79.02679573741153
1359,11:30,80.86265111139997
1359,11:45,81.65799564553342
1359,12:00,81.28843902439024
1359,12:15,82.57785433390751
1359,12:30,82.94765436918472
1359,12:45,82.72410876919074
1359,13:00,81.69809418498764
1359,13:15,82.27234582357534
1359,13:30,82.37951444785925
1359,13:45,82.26470492549939
1359,14:00,81.84487804878049
1359,14:15,82.83443945604789
1359,14:30,83.1483156302357
1359,14:45,83.7589918699187
1359,15:00,83.12611821346086
1359,15:15,84.01205779932958
1359,15:30,84.73993591516079
1359,15:45,85.12076343578646
1359,16:00,84.48159843737284
1359,16:15,85.90612789789007
1359,16:30,85.22688282305451
1359,16:45,85.0766775764089
1359,17:00,85.28165437765516
1359,17:15,86.79359830591301
1359,17:30,85.59121115382109
1359,17:45,83.78590125022355
1359,18:00,80.94791412737881
1359,18:15,78.3430554878148
1359,18:30,71.90248183724219
1359,18:45,65.43665934780842
1359,19:00,58.94386775568644
1359,19:15,55.71810605813992
1359,19:30,50.37044445528614
1359,19:45,46.51874501894833
1359,20:00,43.68563346393328
1359,20:15,42.732596325800685
1359,20:30,40.93466209295898
1359,20:45,40.249576822916666
1359,21:00,39.69337786104097
1359,21:15,39.95513875535711
1359,21:30,37.40277664486027
1359,21:45,35.09282301332333
1359,22:00,33.31681424587838
1359,22:15,31.920114099429505
1359,22:30,29.360743916154586
1359,22:45,26.602891558409805
1359,23:00,24.48060510125818
1359,23:15,22.875324209255666
1359,23:30,20.929210607814053
1359,23:45,19.183602338800306
2100,00:00,18.06562729029249
2100,00:15,16.555294392211774
2100,00:30,14.52209705372617
2100,00:45,12.698773496867084
2100,01:00,11.474247279524668
2100,01:15,10.57145476365091
2100,01:30,9.65352662484986
2100,01:45,8.773290423704792
2100,02:00,8.065681115843983
2100,02:15,7.625515916116635
2100,02:30,7.095794782724874
2100,02:45,6.672939411617635
2100,03:00,6.574736771957883
2100,03:15,6.52193033599307
2100,03:30,6.417709704838253
2100,03:45,6.411194241247729
2100,04:00,6.657542913274395
2100,04:15,7.36226641550951
2100,04:30,8.237235284308822
2100,04:45,9.15947154200307
2100,05:00,11.171520981644187
2100,05:15,15.799324369300406
2100,05:30,21.789457033916648
2100,05:45,27.165074557315936
2100,06:00,34.567301455301454
2100,06:15,42.44312283737024
2100,06:30,47.31335485373889
2100,06:45,45.97140144575103
2100,07:00,47.20845201805673
2100,07:15,50.88168624970875
2100,07:30,53.27319682100668
2100,07:45,53.63680803496947
2100,08:00,52.721477743617164
2100,08:15,53.800708177445216
2100,08:30,54.55367297590261
2100,08:45,54.249962468097884
2100,09:00,52.48288134743596
2100,09:15,53.79058045996195
2100,09:30,54.89715229467995
2100,09:45,55.18617509981124
2100,10:00,53.39112096559082
2100,10:15,54.028702544847725
2100,10:30,53.94839581560639
2100,10:45,54.31662854948834
2100,11:00,54.068494524784754
2100,11:15,54.45718582887701
2100,11:30,55.370392648287385
2100,11:45,56.02832648150005
2100,12:00,56.036146994435065
2100,12:15,57.240624843538775
2100,12:30,57.49295210769513
2100,12:45,57.132440600424104
2100,13:00,56.65172102961306
2100,13:15,56.70711199346024
2100,13:30,56.92987688052913
2100,13:45,56.709803463189004
2100,14:00,56.577283645826384
2100,14:15,58.101727735581335
2100,14:30,58.87684301821336
2100,14:45,59.399222737432034
2100,15:00,59.80493781882439
2100,15:15,59.92082868419738
2100,15:30,60.20665312510406
2100,15:45,60.026487747957994
2100,16:00,60.12495831943981
2100,16:15,61.43683051356492
2100,16:30,61.78716379583465
2100,16:45,62.40885746681785
2100,17:00,62.66534953900532
2100,17:15,63.65264228659096
2100,17:30,63.548680376321705
2100,17:45,63.137728144012
2100,18:00,61.94620574760516
2100,18:15,61.37253626813407
2100,18:30,59.646693526904635
2100,18:45,57.25005416395847
2100,19:00,52.48792922477133
2100,19:15,50.0527
2100,19:30,46.683318882145
2100,19:45,43.462769949137
2100,20:00,40.55903304916501
2100,20:15,40.39228252887376
2100,20:30,39.74847014489854
2100,20:45,38.569966781845196
2100,21:00,38.026994971852396
2100,21:15,38.937542827536646
2100,21:30,38.23389224757006
2100,21:45,37.335288514563594
2100,22:00,36.08701246616089
2100,22:15,35.229245377645526
2100,22:30,32.488103387821205
2100,22:45,29.78125156320344
2100,23:00,27.62877714628577
2100,23:15,25.507453229732885
2100,23:30,22.392515578659737
2100,23:45,19.95366312878018
2101,00:00,22.80918918918919
2101,00:15,21.15832388814643
2101,00:30,19.058935875333805
2101,00:45,16.853586448006215
2101,01:00,15.441131227073718
2101,01:15,14.303012394042755
2101,01:30,13.305978462681026
2101,01:45,12.1942826266822
2101,02:00,11.265396341463415
2101,02:15,10.609207727001957
2101,02:30,10.015235644637054
2101,02:45,9.374362697099638
2101,03:00,9.155366850119863
2101,03:15,9.103525678891495
2101,03:30,8.742589966916482
2101,03:45,8.537347200648343
2101,04:00,8.46619151123018
2101,04:15,9.054468285781656
2101,04:30,9.898990579868894
2101,04:45,10.94738082809948
2101,05:00,13.063999192014409
2101,05:15,18.218761574463787
2101,05:30,24.762416242971145
2101,05:45,31.1946632996633
2101,06:00,41.89559496567506
2101,06:15,50.929539295392956
2101,06:30,56.49118205813621
2101,06:45,55.731091163245026
2101,07:00,55.128586341594826
2101,07:15,60.16604116528383
2101,07:30,63.1054287829833
2101,07:45,64.45333513321971
2101,08:00,63.5813639888076
2101,08:15,65.17371501830266
2101,08:30,66.25848770629841
2101,08:45,66.23476702508961
2101,09:00,63.43644626144542
2101,09:15,64.10156672069152
2101,09:30,64.2072706991837
2101,09:45,64.26594034951194
2101,10:00,61.90153050881816
2101,10:15,62.61497136485733
2101,10:30,63.41001081154132
2101,10:45,63.71060647082713
2101,11:00,62.75880534486545
2101,11:15,63.79708162334701
2101,11:30,64.67715061470226
2101,11:45,65.51014786649768
2101,12:00,65.62511389329464
2101,12:15,67.0124388185654
2101,12:30,67.2210019430599
2101,12:45,66.7452742222599
2101,13:00,65.98054770885841
2101,13:15,66.31176122431724
2101,13:30,66.55864270513123
2101,13:45,66.0040650406504
2101,14:00,65.96312119011837
2101,14:15,67.85898215733982
2101,14:30,68.98523648648649
2101,14:45,69.82723247481917
2101,15:00,69.89334482525518
2101,15:15,70.92803907319464
2101,15:30,70.97905697313352
2101,15:45,71.04513530437137
2101,16:00,71.16099777072215
2101,16:15,72.73182724477037
2101,16:30,73.87042543844828
2101,16:45,74.37778679242093
2101,17:00,75.58635534846029
2101,17:15,77.71089687310057
2101,17:30,78.06956756665485
2101,17:45,77.58216803909302
2101,18:00,76.17092155472258
2101,18:15,74.75649986493787
2101,18:30,71.7689023875812
2101,18:45,68.38480388014804
2101,19:00,63.323343875255794
2101,19:15,60.28258479235389
2101,19:30,56.542771165810116
2101,19:45,53.536841748903974
2101,20:00,50.82669939896724
2101,20:15,50.620004064489905
2101,20:30,50.105786159263275
2101,20:45,49.09680643795002
2101,21:00,48.9261955141769
2101,21:15,49.563025210084035
2101,21:30,48.56394364289101
2101,21:45,47.34029719242956
2101,22:00,43.67877444677539
2101,22:15,42.44491260131648
2101,22:30,39.23928891595203
2101,22:45,36.026702518052524
2101,23:00,33.471829913908294
2101,23:15,31.10160608622147
2101,23:30,27.86593198566696
2101,23:45,25.106023485680492
2173,00:00,18.249595237705858
2173,00:15,16.298257953709005
2173,00:30,15.061032403549193
2173,00:45,13.202115312310987
2173,01:00,12.277769594605653
2173,01:15,11.441085296612934
2173,01:30,10.959669653495242
2173,01:45,10.35577080134592
2173,02:00,9.941528891798985
2173,02:15,9.534807950489538
2173,02:30,9.382783103752903
2173,02:45,8.968520393168534
2173,03:00,9.045194050320832
2173,03:15,9.170976589283965
2173,03:30,9.57417048848558
2173,03:45,9.420325097104808
2173,04:00,9.629757729015417
2173,04:15,10.98539848274737
2173,04:30,12.68514075887393
2173,04:45,13.910242820567179
2173,05:00,14.997291873990571
2173,05:15,20.089661810529062
2173,05:30,28.55082630471312
2173,05:45,33.05926095039301
2173,06:00,35.147867793402725
2173,06:15,43.2858331430063
2173,06:30,49.69802610114193
2173,06:45,50.0843056938166
2173,07:00,45.853651767932355
2173,07:15,49.46856947028297
2173,07:30,52.12740298312608
2173,07:45,56.05278577975645
2173,08:00,56.32786107110122
2173,08:15,58.199607329842934
2173,08:30,57.48025906905237
2173,08:45,57.12310901594915
2173,09:00,53.11319081863856
2173,09:15,52.62384869231148
2173,09:30,52.547370148518915
2173,09:45,53.39274220032841
2173,10:00,52.40766161475181
2173,10:15,53.80390256721909
2173,10:30,54.75928360170884
2173,10:45,55.70579438638007
2173,11:00,55.81809817966748
2173,11:15,57.11957522356654
2173,11:30,58.02035815888573
2173,11:45,58.498510067335076
2173,12:00,59.029087558816755
2173,12:15,59.671842871477686
2173,12:30,59.28030788967287
2173,12:45,59.28344190025003
2173,13:00,59.52739061034409
2173,13:15,60.57972828324414
2173,13:30,60.385234567901236
2173,13:45,60.110977636623936
2173,14:00,61.85520190805165
2173,14:15,65.23397916015078
2173,14:30,65.70351105331599
2173,14:45,65.3704654684311
2173,15:00,66.78118727171015
2173,15:15,68.06307565789474
2173,15:30,67.94372863528793
2173,15:45,67.19128090478695
2173,16:00,67.23818920296647
2173,16:15,67.13987405251649
2173,16:30,66.14166639266104
2173,16:45,66.00843070551693
2173,17:00,66.14143206954921
2173,17:15,67.45258535622656
2173,17:30,64.418402891883
2173,17:45,60.47416029155859
2173,18:00,56.51615286122328
2173,18:15,53.366863905325445
2173,18:30,49.26410428573768
2173,18:45,45.528316410088436
2173,19:00,42.749488266985445
2173,19:15,40.41722917622387
2173,19:30,37.658458769633505
2173,19:45,35.619298561445426
2173,20:00,35.47116076686515
2173,20:15,34.52369109947644
2173,20:30,33.50146306376996
2173,20:45,32.81250511498486
2173,21:00,32.935365075208274
2173,21:15,32.51508014393196
2173,21:30,31.226399973832265
2173,21:45,31.07184520103549
2173,22:00,33.15617639361424
2173,22:15,30.22291826820851
2173,22:30,26.83259450705838
2173,22:45,24.37572074433233
2173,23:00,23.797995841042688
2173,23:15,22.42805449127288
2173,23:30,20.888574281084797
2173,23:45,18.63112071222833
2315,00:00,14.432903962171856
2315,00:15,13.29981071113867
2315,00:30,12.043925416435766
2315,00:45,10.877761822394831
2315,01:00,9.56185314571158
2315,01:15,8.854336992280382
2315,01:30,8.179109823201902
2315,01:45,7.490216859611936
2315,02:00,7.118029466531639
2315,02:15,6.892468550890378
2315,02:30,6.5741581474344315
2315,02:45,6.165857789648546
2315,03:00,5.9167941913847555
2315,03:15,5.9871826191755835
2315,03:30,6.028273615635179
2315,03:45,5.792937033293116
2315,04:00,6.018531799067706
2315,04:15,6.874706840390879
2315,04:30,8.086635719521134
2315,04:45,8.682775470315173
2315,05:00,11.263251401747294
2315,05:15,16.008619706375974
2315,05:30,21.298992927679823
2315,05:45,24.40885319083074
2315,06:00,31.72539467896186
2315,06:15,41.1418823184535
2315,06:30,48.00182401511327
2315,06:45,48.05709582253517
2315,07:00,50.186838457147516
2315,07:15,55.60390520585455
2315,07:30,58.49933192113411
2315,07:45,59.53314741425706
2315,08:00,58.941451799664044
2315,08:15,58.911674084217736
2315,08:30,57.41449932329969
2315,08:45,54.52473552951148
2315,09:00,53.35391757615247
2315,09:15,54.00133572243036
2315,09:30,54.00348744357349
2315,09:45,53.203350334870535
2315,10:00,50.98819064373208
2315,10:15,52.95345692688649
2315,10:30,53.32627498248986
2315,10:45,53.57233626588465
2315,11:00,53.4493493362904
2315,11:15,55.32392137672294
2315,11:30,56.2963936460255
2315,11:45,56.59071936346442
2315,12:00,56.179154369201164
2315,12:15,57.854050529747354
2315,12:30,57.53226490152602
2315,12:45,56.62516113241413
2315,13:00,55.96718209695309
2315,13:15,56.71695589770355
2315,13:30,56.379754471200094
2315,13:45,55.99284083496412
2315,14:00,55.88454391341201
2315,14:15,57.952553316376445
2315,14:30,58.73181588429995
2315,14:45,59.70570012391574
2315,15:00,61.6996691601884
2315,15:15,64.22880927944219
2315,15:30,64.79163613268845
2315,15:45,65.3148145131071
2315,16:00,64.90519264619597
2315,16:15,66.34711080675667
2315,16:30,66.77239377832849
2315,16:45,67.0102697856386
2315,17:00,67.67256896889063
2315,17:15,69.62740874900061
2315,17:30,69.15922133820268
2315,17:45,67.56475974777182
2315,18:00,65.23118796551331
2315,18:15,63.9117316433424
2315,18:30,59.91701150174318
2315,18:45,55.2869226506731
2315,19:00,49.99625169081338
2315,19:15,45.95953474733653
2315,19:30,41.118361894832866
2315,19:45,37.91677530799817
2315,20:00,35.02367799234091
2315,20:15,34.33512121162719
2315,20:30,32.556243987543006
2315,20:45,31.421264724116554
2315,21:00,30.85342519427937
2315,21:15,31.033272412780263
2315,21:30,30.16414083679002
2315,21:45,29.34522234742704
2315,22:00,28.404834281231615
2315,22:15,28.000571130185048
2315,22:30,26.10441891583173
2315,22:45,23.870025139573606
2315,23:00,22.250187804161087
2315,23:15,21.189509941558654
2315,23:30,18.432133416011226
2315,23:45,16.1648452027534
2316,00:00,12.477775602114745
2316,00:15,11.392068830405538
2316,00:30,10.139612242568527
2316,00:45,9.009305970514767
2316,01:00,7.941945179522363
2316,01:15,7.330793453964007
2316,01:30,6.700361775633922
2316,01:45,6.114972345944888
2316,02:00,5.718142619148727
2316,02:15,5.527124818269435
2316,02:30,5.255402557945803
2316,02:45,4.922728310130091
2316,03:00,4.760601714527853
2316,03:15,4.883570356839977
2316,03:30,4.921441729292666
2316,03:45,4.801272534464475
2316,04:00,5.036318270030496
2316,04:15,5.876399915230752
2316,04:30,6.90037983143961
2316,04:45,7.756875723438595
2316,05:00,10.29288402939595
2316,05:15,15.027799504627819
2316,05:30,20.489001140622452
2316,05:45,24.15100151571948
2316,06:00,31.540996968017474
2316,06:15,41.50110857515487
2316,06:30,49.403265758425135
2316,06:45,51.36430445338852
2316,07:00,53.71074043274797
2316,07:15,60.1688667253349
2316,07:30,63.31417768143814
2316,07:45,65.53226122129436
2316,08:00,65.29824332479734
2316,08:15,66.1862880999364
2316,08:30,63.76710854571247
2316,08:45,61.6631236938349
2316,09:00,59.651996540526426
2316,09:15,59.55730542241351
2316,09:30,58.83115104277072
2316,09:45,58.371155038001106
2316,10:00,55.66500831892474
2316,10:15,57.765930733107226
2316,10:30,58.001124474430426
2316,10:45,58.68029030416701
2316,11:00,58.140705813251536
2316,11:15,60.126469051971796
2316,11:30,61.151517626686704
2316,11:45,61.941450193478865
2316,12:00,61.46610155650285
2316,12:15,63.169615171198224
2316,12:30,62.606212800652266
2316,12:45,61.84617142484044
2316,13:00,60.878745348913114
2316,13:15,61.47460943870063
2316,13:30,61.09093132459401
2316,13:45,60.816451460193605
2316,14:00,60.66648176849662
2316,14:15,62.74595820350099
2316,14:30,63.846389818063145
2316,14:45,65.38931098148784
2316,15:00,67.82053584548319
2316,15:15,70.68051816683797
2316,15:30,71.23143891225668
2316,15:45,72.18231250306168
2316,16:00,72.11439909852531
2316,16:15,73.3942436412316
2316,16:30,73.65032237003183
2316,16:45,74.27007859862411
2316,17:00,74.79139089081728
2316,17:15,77.53616819681773
2316,17:30,77.03167295227833
2316,17:45,75.22439877140243
2316,18:00,72.02330633043705
2316,18:15,69.71144400385111
2316,18:30,63.63771141519743
2316,18:45,57.70189781498344
2316,19:00,51.26391473247805
2316,19:15,46.776996836371936
2316,19:30,41.25471974958427
2316,19:45,37.67656318820248
2316,20:00,34.77589665802221
2316,20:15,33.90497789234961
2316,20:30,32.06729624374093
2316,20:45,30.84825537748474
2316,21:00,30.29999836700034
2316,21:15,30.02850515379715
2316,21:30,28.92393578761525
2316,21:45,27.875718672416046
2316,22:00,26.760980475520817
2316,22:15,25.955742818414908
2316,22:30,23.945459294447982
2316,22:45,21.701760402377687
2316,23:00,20.04546271338724
2316,23:15,18.803115661588205
2316,23:30,16.17649843301123
2316,23:45,14.016042955298419
2326,00:00,11.57673132928575
2326,00:15,10.27696864971612
2326,00:30,8.967621460653822
2326,00:45,8.131735343990254
2326,01:00,7.278408903816391
2326,01:15,6.659778731239006
2326,01:30,6.291977642610554
2326,01:45,5.777445093361849
2326,02:00,5.230935239946624
2326,02:15,4.988366728183496
2326,02:30,4.9404595240055995
2326,02:45,4.627432274618814
2326,03:00,4.448664200575421
2326,03:15,4.547985937705349
2326,03:30,4.706238911886458
2326,03:45,4.751656227910112
2326,04:00,4.923539561252157
2326,04:15,5.587922109933448
2326,04:30,6.806646178118888
2326,04:45,7.625556449890763
2326,05:00,9.638392270277375
2326,05:15,13.349986036043436
2326,05:30,18.235146237265855
2326,05:45,23.888364986528224
2326,06:00,28.456184169446406
2326,06:15,35.71093762840003
2326,06:30,42.15458579881657
2326,06:45,45.72218477170714
2326,07:00,45.669167859669905
2326,07:15,50.73370191200184
2326,07:30,54.559673015559724
2326,07:45,60.60969551413861
2326,08:00,61.555502518352704
2326,08:15,64.44558332373603
2326,08:30,63.84365485575103
2326,08:45,65.46579038281212
2326,09:00,61.62126344174422
2326,09:15,62.3030950893004
2326,09:30,62.16591817598579
2326,09:45,65.1424977804084
2326,10:00,62.397508586829694
2326,10:15,65.11514434142171
2326,10:30,66.72778700521305
2326,10:45,69.17321137743268
2326,11:00,68.6803976103879
2326,11:15,70.98128469991268
2326,11:30,72.77945052049019
2326,11:45,74.23766941686017
2326,12:00,73.7575104826112
2326,12:15,74.77107007186436
2326,12:30,74.33378863180067
2326,12:45,74.32919479664086
2326,13:00,73.47438473956446
2326,13:15,74.07761819171215
2326,13:30,73.45407969952062
2326,13:45,73.68214079868258
2326,14:00,73.59739618480175
2326,14:15,75.47231640277823
2326,14:30,76.32985859914501
2326,14:45,78.1544277167839
2326,15:00,80.1597725517264
2326,15:15,82.22241401985927
2326,15:30,81.45015527695165
2326,15:45,81.56250719182023
2326,16:00,83.46995972713076
2326,16:15,83.12249560343835
2326,16:30,82.72267319574077
2326,16:45,82.01223201367881
2326,17:00,84.32290023659306
2326,17:15,84.58602946011705
2326,17:30,81.56378695502129
2326,17:45,78.72679734262974
2326,18:00,74.37113080071671
2326,18:15,69.20265518714469
2326,18:30,62.64928855443462
2326,18:45,56.83878765951849
2326,19:00,50.78052029204762
2326,19:15,46.51119083667961
2326,19:30,41.461162974163436
2326,19:45,38.31091787757249
2326,20:00,36.45527319350385
2326,20:15,34.463628886329985
2326,20:30,32.466778529010185
2326,20:45,31.887513171759746
2326,21:00,32.419291598023065
2326,21:15,30.366362752048538
2326,21:30,27.792746284903764
2326,21:45,26.13672435696491
2326,22:00,25.926821213922462
2326,22:15,23.99366211130917
2326,22:30,21.905851116461626
2326,22:45,19.835988521670295
2326,23:00,18.742298812664906
2326,23:15,16.882895214222106
2326,23:30,14.956665732975235
2326,23:45,12.905465263712559
2329,00:00,13.958990897780106
2329,00:15,12.702162135620407
2329,00:30,11.572315433500515
2329,00:45,10.712448526047455
2329,01:00,9.956871727748691
2329,01:15,9.330207635632954
2329,01:30,8.959801951076033
2329,01:45,8.443826564825567
2329,02:00,8.009926452521745
2329,02:15,7.618844665923546
2329,02:30,7.475981388033292
2329,02:45,7.332831842488266
2329,03:00,7.234607218683652
2329,03:15,7.308064305319566
2329,03:30,7.425031849214386
2329,03:45,7.520496691446777
2329,04:00,7.726705843943846
2329,04:15,8.359023753163006
2329,04:30,9.674271250102066
2329,04:45,10.624424564954781
2329,05:00,12.783961601880725
2329,05:15,16.584981398081066
2329,05:30,22.043248446090345
2329,05:45,26.80562810133194
2329,06:00,31.586074069237927
2329,06:15,38.96601902151748
2329,06:30,45.15586512894964
2329,06:45,46.597076290543626
2329,07:00,47.25636132315522
2329,07:15,51.72802610114193
2329,07:30,53.5471701193333
2329,07:45,56.9688708966553
2329,08:00,57.642866481451215
2329,08:15,59.68411599503625
2329,08:30,59.47064590447869
2329,08:45,59.282349858333745
2329,09:00,55.75661592409917
2329,09:15,55.67327964381588
2329,09:30,56.08915362963933
2329,09:45,57.19342480107404
2329,10:00,55.29933041926559
2329,10:15,57.71868603337318
2329,10:30,60.762116845690336
2329,10:45,62.410277805045645
2329,11:00,61.96402171779944
2329,11:15,63.83335788043923
2329,11:30,65.18703858305096
2329,11:45,66.10416632534364
2329,12:00,65.93891606275254
2329,12:15,66.40886264374397
2329,12:30,65.92869866483633
2329,12:45,65.64480222294867
2329,13:00,64.68364195008743
2329,13:15,65.30077735046233
2329,13:30,65.164492824687
2329,13:45,65.08456182786912
2329,14:00,65.21104575163399
2329,14:15,66.656295933366
2329,14:30,68.26213766636728
2329,14:45,69.42485100824557
2329,15:00,71.0121642583068
2329,15:15,72.7682821395364
2329,15:30,73.81228090199083
2329,15:45,74.71039321259586
2329,16:00,75.14422857142857
2329,16:15,76.34485686758006
2329,16:30,76.77004736240406
2329,16:45,76.68209800943843
2329,17:00,77.77249497934592
2329,17:15,79.3618803474626
2329,17:30,76.95939591836735
2329,17:45,74.51781457169916
2329,18:00,70.16890557414511
2329,18:15,65.97894204576966
2329,18:30,59.52604515254901
2329,18:45,54.765005551564236
2329,19:00,49.47801112906121
2329,19:15,46.41945070376539
2329,19:30,41.729350683276465
2329,19:45,38.59412811678451
2329,20:00,36.685027026144326
2329,20:15,35.36259679158363
2329,20:30,33.78493833210814
2329,20:45,33.35668633636824
2329,21:00,33.65165101286121
2329,21:15,32.5171950740207
2329,21:30,30.223016159166146
2329,21:45,28.05185185185185
2329,22:00,27.38887795921044
2329,22:15,25.61639188436199
2329,22:30,23.887656283284446
2329,22:45,21.754311475409835
2329,23:00,20.745342634386542
2329,23:15,18.925375338419887
2329,23:30,17.443318078178567
2329,23:45,15.322884936621794
2337,00:00,9.74254102234027
2337,00:15,8.75832585461369
2337,00:30,7.7234892978334635
2337,00:45,6.922755536696425
2337,01:00,6.060639182994274
2337,01:15,5.542977724909971
2337,01:30,5.049012102356946
2337,01:45,4.629261131952373
2337,02:00,4.25810932265708
2337,02:15,4.040400738719009
2337,02:30,3.9298552620819365
2337,02:45,3.7654576575107996
2337,03:00,3.6411742677108943
2337,03:15,3.6700900050454908
2337,03:30,3.844402462460506
2337,03:45,3.8525636849306144
2337,04:00,4.0058267280805975
2337,04:15,4.614345469637539
2337,04:30,5.686040266271708
2337,04:45,6.582397369534785
2337,05:00,8.807467664524527
2337,05:15,12.733500431308084
2337,05:30,17.19711593235787
2337,05:45,21.374765944282526
2337,06:00,27.60013663868827
2337,06:15,35.490434669443
2337,06:30,42.50634765625
2337,06:45,44.810572042171025
2337,07:00,45.99002668228557
2337,07:15,51.87895353377587
2337,07:30,55.40228426395939
2337,07:45,59.457167049321804
2337,08:00,59.247671009771985
2337,08:15,62.06506208400462
2337,08:30,61.531149834854624
2337,08:45,60.7472945924395
2337,09:00,56.24914164836059
2337,09:15,56.26673061914672
2337,09:30,55.554791514264814
2337,09:45,55.809232019504265
2337,10:00,53.91473661969542
2337,10:15,55.42647799457378
2337,10:30,55.814671563688364
2337,10:45,57.42213481137136
2337,11:00,56.82238328160294
2337,11:15,58.93006390347811
2337,11:30,60.05538817321629
2337,11:45,60.98216407101824
2337,12:00,60.52876329225066
2337,12:15,61.5493537110804
2337,12:30,60.97548756485955
2337,12:45,60.657283637428044
2337,13:00,59.622083096186685
2337,13:15,60.208081957882754
2337,13:30,59.821715381864294
2337,13:45,59.85484264454745
2337,14:00,59.56457432630108
2337,14:15,61.38087725860751
2337,14:30,62.45882869549661
2337,14:45,64.32010599213187
2337,15:00,66.69885255493433
2337,15:15,68.92700089380028
2337,15:30,68.40009100364014
2337,15:45,69.57343282611522
2337,16:00,69.6530217278168
2337,16:15,70.74084016660159
2337,16:30,70.42511063386698
2337,16:45,70.99466389015423
2337,17:00,72.3715038805096
2337,17:15,74.42473223296545
2337,17:30,72.57353586937076
2337,17:45,70.20632804370447
2337,18:00,65.93795828117125
2337,18:15,62.36573712948518
2337,18:30,55.627698805945904
2337,18:45,49.72870852309694
2337,19:00,44.04873367275567
2337,19:15,39.91755111342623
2337,19:30,35.133239056582305
2337,19:45,31.752414141249655
2337,20:00,29.59728285658435
2337,20:15,28.560917257991015
2337,20:30,27.11591090284896
2337,20:45,26.02097036795832
2337,21:00,25.908852384211727
2337,21:15,25.151712434937263
2337,21:30,23.800623765124673
2337,21:45,22.492682210510857
2337,22:00,21.454006661442005
2337,22:15,20.77650854693891
2337,22:30,18.801336593317032
2337,22:45,17.018687016925938
2337,23:00,15.78162100456621
2337,23:15,14.610442749087115
2337,23:30,12.743602690860522
2337,23:45,10.997377551186617
2403,00:00,21.294242040761954
2403,00:15,19.840396468432452
2403,00:30,17.616833166833167
2403,00:45,15.837724780427646
2403,01:00,14.418798007231285
2403,01:15,13.386485407168292
2403,01:30,12.337336371650505
2403,01:45,11.492378429706632
2403,02:00,10.888328939024797
2403,02:15,10.575097198351383
2403,02:30,9.985332643628293
2403,02:45,9.648752974061194
2403,03:00,9.55227828517243
2403,03:15,10.036723351858631
2403,03:30,10.206621061566885
2403,03:45,9.971237279949369
2403,04:00,10.514780988504599
2403,04:15,11.923793057587446
2403,04:30,12.914504324683966
2403,04:45,14.178500166278683
2403,05:00,16.76517229342243
2403,05:15,22.874771450417207
2403,05:30,29.633531083304252
2403,05:45,34.492099097751854
2403,06:00,41.90670544245949
2403,06:15,50.74140137976893
2403,06:30,55.788860254385234
2403,06:45,53.79721220780515
2403,07:00,55.87355882646111
2403,07:15,60.24072966507177
2403,07:30,63.329417824150994
2403,07:45,62.61745490815394
2403,08:00,60.28876329787234
2403,08:15,60.08946764837868
2403,08:30,60.658326272242434
2403,08:45,60.43900048181561
2403,09:00,59.62868434599226
2403,09:15,61.02053930196261
2403,09:30,59.85962231560066
2403,09:45,59.40505740251541
2403,10:00,57.6014982642061
2403,10:15,57.985199581402306
2403,10:30,58.719203560397226
2403,10:45,58.57946997874601
2403,11:00,57.69008916266791
2403,11:15,58.937476108959764
2403,11:30,59.889164282387384
2403,11:45,60.11932016995751
2403,12:00,59.95996737465877
2403,12:15,61.02169211830855
2403,12:30,61.47528491806006
2403,12:45,60.6638651266518
2403,13:00,60.08312506248126
2403,13:15,60.651634911390296
2403,13:30,61.048831212045584
2403,13:45,60.92318572878705
2403,14:00,61.015841353745905
2403,14:15,62.971822083236304
2403,14:30,63.76029128150562
2403,14:45,64.12248869079298
2403,15:00,64.68773067331671
2403,15:15,65.94572573537971
2403,15:30,67.44652446424712
2403,15:45,67.64141556993827
2403,16:00,69.01147071554624
2403,16:15,69.80202817464283
2403,16:30,69.77584254695617
2403,16:45,69.82534896891761
2403,17:00,68.9123323683072
2403,17:15,69.1740968869652
2403,17:30,68.32081405797584
2403,17:45,67.39985693848355
2403,18:00,66.50373227377766
2403,18:15,65.98767095936907
2403,18:30,63.140603178825565
2403,18:45,60.15279509300354
2403,19:00,55.52140932228765
2403,19:15,52.39450487309983
2403,19:30,48.698088748545786
2403,19:45,45.19454702731477
2403,20:00,42.804256380414
2403,20:15,42.47811190206906
2403,20:30,41.112538908400886
2403,20:45,39.5334899138807
2403,21:00,39.51006498916847
2403,21:15,40.07652568076526
2403,21:30,40.19986321022253
2403,21:45,38.78537008320411
2403,22:00,38.226676676676675
2403,22:15,37.62911149970855
2403,22:30,35.11752360965372
2403,22:45,32.46469931514839
2403,23:00,30.77279399499583
2403,23:15,28.578468827680553
2403,23:30,25.60382923415317
2403,23:45,23.076969202325234
2404,00:00,35.990947136178185
2404,00:15,34.20363362416342
2404,00:30,31.702262427604065
2404,00:45,29.228377337348554
2404,01:00,27.36329233680227
2404,01:15,25.888513808965772
2404,01:30,24.48491944221158
2404,01:45,23.270964580708387
2404,02:00,22.221075502444325
2404,02:15,21.90890610213452
2404,02:30,21.007692846879053
2404,02:45,20.375539518059657
2404,03:00,20.306872389872268
2404,03:15,21.39454510509671
2404,03:30,21.93553626630805
2404,03:45,21.83958424316534
2404,04:00,22.611170296372624
2404,04:15,25.04441148241864
2404,04:30,27.301323231617904
2404,04:45,28.626223672500743
2404,05:00,32.30893259113197
2404,05:15,40.12953042385747
2404,05:30,46.961909749498126
2404,05:45,51.58612202147159
2404,06:00,60.12535990367669
2404,06:15,68.34709085197724
2404,06:30,72.72338791327724
2404,06:45,69.91493188962626
2404,07:00,72.51775426835655
2404,07:15,76.36820229820823
2404,07:30,78.52756537830383
2404,07:45,77.54111048990146
2404,08:00,75.22222998707153
2404,08:15,74.77451699682074
2404,08:30,75.39518143857994
2404,08:45,75.38976797859878
2404,09:00,74.8591876682163
2404,09:15,76.76902644041732
2404,09:30,75.70992206339776
2404,09:45,75.3907127240927
2404,10:00,74.09949987759242
2404,10:15,74.4750847991048
2404,10:30,75.31813491438865
2404,10:45,75.21024258760107
2404,11:00,74.8088160635821
2404,11:15,75.71850490196078
2404,11:30,76.37703540287845
2404,11:45,76.37600042030788
2404,12:00,76.2519885069554
2404,12:15,76.87932422969187
2404,12:30,77.22273777840033
2404,12:45,76.60396559878089
2404,13:00,76.33269123003643
2404,13:15,76.93583187390543
2404,13:30,77.28787029904055
2404,13:45,77.07533586729957
2404,14:00,77.425905502162
2404,14:15,78.71166611205493
2404,14:30,79.35582854338988
2404,14:45,79.57755931728174
2404,15:00,80.0935491216086
2404,15:15,80.77397212299503
2404,15:30,82.6729197655088
2404,15:45,82.67833441313978
2404,16:00,84.81878524641844
2404,16:15,85.30998196557701
2404,16:30,85.76084444911248
2404,16:45,85.5794765791963
2404,17:00,85.27331476908527
2404,17:15,84.96223210533688
2404,17:30,84.05650469121971
2404,17:45,83.85314109526647
2404,18:00,82.97216724177191
2404,18:15,82.49900227551198
2404,18:30,79.84547681539807
2404,18:45,77.39719577090044
2404,19:00,72.66548777925625
2404,19:15,70.22449372516759
2404,19:30,66.8639433170049
2404,19:45,63.37228808068781
2404,20:00,60.71549384553429
2404,20:15,60.259797137501536
2404,20:30,58.53749518169394
2404,20:45,57.075806451612905
2404,21:00,56.56318392255892
2404,21:15,57.51588916169765
2404,21:30,57.50841479037608
2404,21:45,55.96704685032462
2404,22:00,55.051734129423124
2404,22:15,54.73452785862057
2404,22:30,51.79775596072931
2404,22:45,48.86985268326903
2404,23:00,46.89442846116062
2404,23:15,44.78736539338455
2404,23:30,41.34680388512921
2404,23:45,38.20313868357446
2405,00:00,29.6163947979268
2405,00:15,28.28690781202756
2405,00:30,26.322611419394846
2405,00:45,24.1941593061192
2405,01:00,22.61743780738194
2405,01:15,21.413454655361658
2405,01:30,20.27837756189083
2405,01:45,19.195969179826797
2405,02:00,18.41637827924408
2405,02:15,18.15687087412699
2405,02:30,17.4573852311323
2405,02:45,16.97380335838086
2405,03:00,17.000889241762604
2405,03:15,17.894565441865637
2405,03:30,18.28045388808544
2405,03:45,18.124000445129802
2405,04:00,18.910279631394978
2405,04:15,21.049388403494838
2405,04:30,22.722082630959576
2405,04:45,23.776862264781204
2405,05:00,26.704132047595596
2405,05:15,32.79660694164511
2405,05:30,38.40245878204517
2405,05:45,41.94723881545501
2405,06:00,48.236630676405206
2405,06:15,55.37908652320193
2405,06:30,59.12899126290707
2405,06:45,56.80033063631595
2405,07:00,58.35145732791466
2405,07:15,62.26574093198392
2405,07:30,63.742799497990376
2405,07:45,62.895346435550756
2405,08:00,60.79934899968244
2405,08:15,60.813850750063565
2405,08:30,61.47476882010868
2405,08:45,61.03084505922569
2405,09:00,60.0691057556357
2405,09:15,61.440364202631415
2405,09:30,61.44859946646341
2405,09:45,61.30740405532003
2405,10:00,59.967016039383836
2405,10:15,60.328130706085965
2405,10:30,61.17246747470254
2405,10:45,61.225934107849525
2405,11:00,60.477867666926265
2405,11:15,61.46435042436187
2405,11:30,62.13022242021192
2405,11:45,62.25811425120005
2405,12:00,61.97084724209188
2405,12:15,62.83455969995073
2405,12:30,63.199434184176226
2405,12:45,62.6343766392726
2405,13:00,62.070448045757864
2405,13:15,62.80930210385813
2405,13:30,63.23227057439842
2405,13:45,62.95477394928574
2405,14:00,63.1655698617072
2405,14:15,64.79809496549312
2405,14:30,65.44031914555453
2405,14:45,65.89401815378257
2405,15:00,66.15395374711913
2405,15:15,67.26021146355036
2405,15:30,68.58568750198609
2405,15:45,68.12697756507083
2405,16:00,69.21436409612112
2405,16:15,69.9637663885578
2405,16:30,70.25085806902689
2405,16:45,70.4388223886054
2405,17:00,70.61196116751672
2405,17:15,70.65822965822966
2405,17:30,69.85523286279118
2405,17:45,69.86271269919449
2405,18:00,68.93147986337279
2405,18:15,68.64451853615941
2405,18:30,66.11287273420497
2405,18:45,63.52003240770159
2405,19:00,59.7849761084565
2405,19:15,57.40605300347746
2405,19:30,53.91470737751795
2405,19:45,51.02461372334175
2405,20:00,48.75659064921865
2405,20:15,48.65224234138277
2405,20:30,47.31220597584234
2405,20:45,46.15693256605093
2405,21:00,45.82669699813875
2405,21:15,46.47266563748349
2405,21:30,46.3592271670224
2405,21:45,45.17478263638969
2405,22:00,44.45123039653194
2405,22:15,44.09309878213802
2405,22:30,41.79846898176147
2405,22:45,39.45913071167011
2405,23:00,38.10636296981096
2405,23:15,36.357274812077975
2405,23:30,33.7237961917185
2405,23:45,31.269442412290466
2416,00:00,15.060435709705798
2416,00:15,13.94455460305628
2416,00:30,12.55049277609626
2416,00:45,11.00845271992725
2416,01:00,9.851556205425084
2416,01:15,9.03790000595912
2416,01:30,8.270407935302265
2416,01:45,7.403227971777622
2416,02:00,6.888719580513602
2416,02:15,6.780633592349074
2416,02:30,6.2213376747520615
2416,02:45,5.770151743034563
2416,03:00,5.489205848197004
2416,03:15,5.821451958566496
2416,03:30,5.775444288988777
2416,03:45,5.458328368878828
2416,04:00,5.6026950565812985
2416,04:15,6.317851505494833
2416,04:30,6.941652267175118
2416,04:45,6.8946396664681355
2416,05:00,8.3425923170768
2416,05:15,11.973220661747202
2416,05:30,15.573762199476315
2416,05:45,18.111491311592477
2416,06:00,22.86290466555582
2416,06:15,30.27127295455222
2416,06:30,33.38554808378957
2416,06:45,33.16524950486203
2416,07:00,36.18602885345482
2416,07:15,43.42748148479294
2416,07:30,48.55390959980943
2416,07:45,49.284959046909904
2416,08:00,49.059141868924804
2416,08:15,49.75520817810628
2416,08:30,49.63284685678508
2416,08:45,46.42779385009992
2416,09:00,43.944501648983
2416,09:15,44.34475770399953
2416,09:30,44.389312749597664
2416,09:45,43.48459016393443
2416,10:00,42.09665926268243
2416,10:15,43.93043866835481
2416,10:30,45.09405276494262
2416,10:45,45.1100448524043
2416,11:00,45.40613032529169
2416,11:15,47.02672193972652
2416,11:30,47.94386409358468
2416,11:45,48.081152418019954
2416,12:00,48.27393708179962
2416,12:15,49.89295506019788
2416,12:30,50.028916811996005
2416,12:45,49.22113465033819
2416,13:00,49.31091748585046
2416,13:15,50.40468461492644
2416,13:30,50.41939375884412
2416,13:45,50.01636463808687
2416,14:00,50.47080889576945
2416,14:15,52.98403946172302
2416,14:30,53.92103459578652
2416,14:45,55.48699837572831
2416,15:00,57.95895389014655
2416,15:15,60.80834810060608
2416,15:30,61.430059833893964
2416,15:45,61.22165301563663
2416,16:00,63.25458199955334
2416,16:15,64.28013402829487
2416,16:30,63.45359903489567
2416,16:45,62.79574233530972
2416,17:00,63.432403433476395
2416,17:15,65.64092865333353
2416,17:30,65.16888723483439
2416,17:45,63.06030158233972
2416,18:00,61.313063029526944
2416,18:15,59.1480367486115
2416,18:30,55.089794945869876
2416,18:45,50.12387206289645
2416,19:00,45.31461159338287
2416,19:15,41.578075909409016
2416,19:30,37.355270205927866
2416,19:45,34.28679655290458
2416,20:00,32.11163407259566
2416,20:15,31.851636244528482
2416,20:30,30.870226166192694
2416,20:45,29.38940823903028
2416,21:00,29.352931525646188
2416,21:15,30.158669769940023
2416,21:30,29.558293556085918
2416,21:45,28.930037773033337
2416,22:00,28.152749369205274
2416,22:15,28.114181687955114
2416,22:30,26.136305295206256
2416,22:45,23.5805931608878
2416,23:00,21.917037413036336
2416,23:15,21.15673490093101
2416,23:30,19.22749981358586
2416,23:45,16.760720091875847
2420,00:00,34.75130517323208
2420,00:15,34.10147915439492
2420,00:30,33.020697666808466
2420,00:45,32.75570432448358
2420,01:00,31.93856660879819
2420,01:15,31.205257307264763
2420,01:30,30.807867041443327
2420,01:45,31.15188029010658
2420,02:00,30.343025256912462
2420,02:15,30.2887220017709
2420,02:30,30.006194588748137
2420,02:45,29.762079960755457
2420,03:00,30.112544556721932
2420,03:15,30.16932384923555
2420,03:30,30.113559765714474
2420,03:45,30.427069688236834
2420,04:00,30.29491458865109
2420,04:15,30.99965646419866
2420,04:30,31.427418958943562
2420,04:45,32.095312091075634
2420,05:00,33.01970435294503
2420,05:15,37.221469813697105
2420,05:30,39.403225542633756
2420,05:45,42.107672437752385
2420,06:00,46.23143048587164
2420,06:15,53.79789164010787
2420,06:30,57.15973459281897
2420,06:45,56.72669567778032
2420,07:00,54.20807026726422
2420,07:15,56.610239052944834
2420,07:30,45.441840689440895
2420,07:45,47.32761246581399
2420,08:00,47.334261473449736
2420,08:15,47.70232481990832
2420,08:30,48.24138890252483
2420,08:45,47.35623955705533
2420,09:00,45.502654084340904
2420,09:15,46.07551120562735
2420,09:30,45.29569540756248
2420,09:45,45.297831601341954
2420,10:00,41.94765502354788
2420,10:15,43.65756694020335
2420,10:30,43.92768128741046
2420,10:45,44.23716689582924
2420,11:00,42.89349209204953
2420,11:15,44.38718973082717
2420,11:30,45.11503062461105
2420,11:45,45.92533206675729
2420,12:00,45.07106482618592
2420,12:15,46.426977687626774
2420,12:30,46.305519666366834
2420,12:45,46.27185260333148
2420,13:00,45.15549663671626
2420,13:15,46.379537683838564
2420,13:30,46.54663373462444
2420,13:45,45.72149266439612
2420,14:00,44.879148393009096
2420,14:15,46.30872889820379
2420,14:30,46.54245746073298
2420,14:45,47.41030175024969
2420,15:00,47.637332067876486
2420,15:15,49.64991657670036
2420,15:30,49.696237086439126
2420,15:45,50.26184204067608
2420,16:00,50.07397282697659
2420,16:15,51.77717231222386
2420,16:30,51.51508804084572
2420,16:45,51.76074956182738
2420,17:00,57.179771235947705
2420,17:15,60.275455765391285
2420,17:30,61.25283802793863
2420,17:45,62.05872540842859
2420,18:00,60.342615150672835
2420,18:15,59.463275081329385
2420,18:30,57.33334967720847
2420,18:45,54.799545238913154
2420,19:00,52.35643839649335
2420,19:15,50.89533382364959
2420,19:30,49.38536457822662
2420,19:45,48.66013809804306
2420,20:00,49.66957575360634
2420,20:15,51.12440684622182
2420,20:30,50.64340311308248
2420,20:45,51.58682193396226
2420,21:00,51.93150168747338
2420,21:15,52.2574242821555
2420,21:30,49.94695455587956
2420,21:45,49.04464783649903
2420,22:00,46.33608318436029
2420,22:15,46.61724669531276
2420,22:30,44.630760652081214
2420,22:45,42.92883606557377
2420,23:00,39.81148400629261
2420,23:15,38.66722402544179
2420,23:30,37.866095559450294
2420,23:45,36.91379451494065
2438,00:00,29.244180746817722
2438,00:15,27.92098922210283
2438,00:30,26.07330924949554
2438,00:45,24.094893956410633
2438,01:00,22.639226996464128
2438,01:15,21.70992925103684
2438,01:30,20.579557463135476
2438,01:45,19.49772038948774
2438,02:00,18.77133539866297
2438,02:15,18.4307963274026
2438,02:30,17.730955447239293
2438,02:45,17.17255629311467
2438,03:00,17.015980621667318
2438,03:15,17.634802965275068
2438,03:30,17.507147619899495
2438,03:45,17.01182690743452
2438,04:00,17.312177913611755
2438,04:15,18.575011785360143
2438,04:30,19.29138275901322
2438,04:45,19.712861626526596
2438,05:00,22.105294825511432
2438,05:15,27.73639466840052
2438,05:30,32.797041612483746
2438,05:45,36.008936695697386
2438,06:00,42.91131548160666
2438,06:15,50.87187906371911
2438,06:30,54.56680754226268
2438,06:45,54.373774808601944
2438,07:00,57.4755611904878
2438,07:15,64.78098535459436
2438,07:30,68.31085320459681
2438,07:45,68.62562593483774
2438,08:00,67.03815763803082
2438,08:15,67.37713579684934
2438,08:30,67.50686869015298
2438,08:45,65.91892682926829
2438,09:00,63.08887876766921
2438,09:15,63.669001608997384
2438,09:30,64.17159109377539
2438,09:45,62.43868208355694
2438,10:00,60.187146387461794
2438,10:15,60.90768830577639
2438,10:30,60.86220530092254
2438,10:45,60.77007507287443
2438,11:00,60.58493268870765
2438,11:15,61.29178068803753
2438,11:30,61.5100597885408
2438,11:45,61.53226306936029
2438,12:00,61.515166843436404
2438,12:15,62.78331538235582
2438,12:30,62.50639256731382
2438,12:45,62.03663423010876
2438,13:00,61.861579472418924
2438,13:15,62.60400555873457
2438,13:30,62.479109818467016
2438,13:45,61.782084621297614
2438,14:00,62.117560521110875
2438,14:15,63.676211813959576
2438,14:30,64.16124603667505
2438,14:45,65.01753382574024
2438,15:00,67.05979903602646
2438,15:15,70.31636452719255
2438,15:30,71.30764460112286
2438,15:45,69.26076512019348
2438,16:00,68.73345101500442
2438,16:15,69.8461312198709
2438,16:30,70.06157667668977
2438,16:45,70.2229231699544
2438,17:00,71.67972030256989
2438,17:15,73.17126196465323
2438,17:30,73.15321448395207
2438,17:45,72.25647511954695
2438,18:00,71.0611915213028
2438,18:15,71.28694715891478
2438,18:30,70.35351658026019
2438,18:45,67.40723893372463
2438,19:00,63.48764114512897
2438,19:15,60.78376307983179
2438,19:30,56.97245510931675
2438,19:45,53.77540054708871
2438,20:00,51.40538338710203
2438,20:15,50.93106761334028
2438,20:30,49.52721293326604
2438,20:45,48.12246561053524
2438,21:00,47.8125540066846
2438,21:15,48.79674982460148
2438,21:30,48.06237263820283
2438,21:45,46.6662695433626
2438,22:00,45.705800721620875
2438,22:15,45.312035103745266
2438,22:30,42.87738557400581
2438,22:45,39.846464778172574
2438,23:00,37.73435156810328
2438,23:15,36.5212117259595
2438,23:30,34.02834614883357
2438,23:45,31.290092496091713
2487,00:00,29.176888367622865
2487,00:15,27.310105949470252
2487,00:30,24.811106224242128
2487,00:45,22.240437692345267
2487,01:00,20.365644511827327
2487,01:15,19.078338462540504
2487,01:30,17.696165047753862
2487,01:45,16.24797940294616
2487,02:00,15.27359506559624
2487,02:15,14.768001697349524
2487,02:30,13.853253067084312
2487,02:45,13.035953776041667
2487,03:00,12.800569661458333
2487,03:15,13.724013286440016
2487,03:30,13.523111979166666
2487,03:45,12.931327537364462
2487,04:00,13.232899234901513
2487,04:15,14.881927828507251
2487,04:30,16.052545022307616
2487,04:45,16.552817474527167
2487,05:00,19.66888483941297
2487,05:15,26.689683224053496
2487,05:30,33.03637901861252
2487,05:45,36.62822557027106
2487,06:00,44.56538786932188
2487,06:15,54.353678385416664
2487,06:30,59.559709748796045
2487,06:45,59.05281054258521
2487,07:00,61.8099918633035
2487,07:15,68.64848859532098
2487,07:30,72.24457423616307
2487,07:45,72.25902477132905
2487,08:00,71.19827109041773
2487,08:15,72.6412188888708
2487,08:30,72.42033986587668
2487,08:45,69.93837635371712
2487,09:00,67.92925688775925
2487,09:15,69.41361853136038
2487,09:30,69.94444263575987
2487,09:45,69.07415423168926
2487,10:00,66.68886683155428
2487,10:15,68.4999267494669
2487,10:30,67.6822180230664
2487,10:45,67.73698777330968
2487,11:00,67.56546291926375
2487,11:15,68.42527968213129
2487,11:30,69.08342834804704
2487,11:45,69.23356855331562
2487,12:00,69.14943501904979
2487,12:15,70.5602018393424
2487,12:30,70.59781812260849
2487,12:45,69.96444335857969
2487,13:00,69.76819714318289
2487,13:15,70.74894961404424
2487,13:30,70.77712089379652
2487,13:45,70.12323393450094
2487,14:00,70.33193865589998
2487,14:15,72.13563132259273
2487,14:30,72.83781496191158
2487,14:45,73.76553575787162
2487,15:00,75.48973249153866
2487,15:15,78.11171857203293
2487,15:30,78.57227201014915
2487,15:45,77.41733654440719
2487,16:00,78.11793719783171
2487,16:15,79.33419608992203
2487,16:30,79.37809900538817
2487,16:45,79.46729078476066
2487,17:00,80.27974020054694
2487,17:15,82.30425511134263
2487,17:30,82.01589341488808
2487,17:45,80.84256412758828
2487,18:00,79.51773891825945
2487,18:15,79.1503490245212
2487,18:30,76.24046080999723
2487,18:45,72.33211845102505
2487,19:00,68.28251004375335
2487,19:15,65.22179209837185
2487,19:30,60.37127336011581
2487,19:45,56.82999495582277
2487,20:00,54.59362634141576
2487,20:15,54.021243000390676
2487,20:30,52.77045284370219
2487,20:45,51.22859424399466
2487,21:00,51.3576110350225
2487,21:15,52.1354421702086
2487,21:30,51.366604690608995
2487,21:45,49.79714472181433
2487,22:00,49.0867691705024
2487,22:15,48.5523576439876
2487,22:30,45.84822972752488
2487,22:45,42.19879635972209
2487,23:00,39.80337600913317
2487,23:15,38.17967794038471
2487,23:30,35.14406351379991
2487,23:45,31.661728998614844
2628,00:00,19.41807522582084
2628,00:15,18.48181194234729
2628,00:30,17.017973517742476
2628,00:45,16.04505107488327
2628,01:00,15.54856769171877
2628,01:15,15.013551818587171
2628,01:30,14.388837564907138
2628,01:45,13.915596944714643
2628,02:00,13.550676485152469
2628,02:15,13.757207236001022
2628,02:30,13.659439610441446
2628,02:45,13.162413584376692
2628,03:00,13.24774882460754
2628,03:15,13.909961899599866
2628,03:30,14.324410452517528
2628,03:45,14.059509564606966
2628,04:00,14.870795923900044
2628,04:15,16.663355601970693
2628,04:30,19.767746667517063
2628,04:45,19.649338434560818
2628,05:00,22.562415337296212
2628,05:15,28.55117608650646
2628,05:30,36.19758763903697
2628,05:45,35.902986975766645
2628,06:00,39.866713344578464
2628,06:15,46.08934768074878
2628,06:30,49.31740625198956
2628,06:45,46.34662158914294
2628,07:00,45.29125563754004
2628,07:15,47.79185505954276
2628,07:30,46.85218899692856
2628,07:45,48.45415539296521
2628,08:00,48.37567098325927
2628,08:15,51.01626003312524
2628,08:30,52.39217184987022
2628,08:45,51.339431772709084
2628,09:00,47.74669301628789
2628,09:15,45.407524859765424
2628,09:30,45.361122614762195
2628,09:45,44.51568050177605
2628,10:00,43.493760061204
2628,10:15,44.50283692464618
2628,10:30,45.55766104612246
2628,10:45,45.909605607146865
2628,11:00,45.93962853228838
2628,11:15,47.483670444221296
2628,11:30,48.15343063832499
2628,11:45,48.072770705742776
2628,12:00,48.46030658423099
2628,12:15,49.77402452619844
2628,12:30,49.990870271820526
2628,12:45,49.59926700062417
2628,13:00,50.00248466990523
2628,13:15,51.821331251095565
2628,13:30,52.096087961118634
2628,13:45,51.53884008720185
2628,14:00,52.67772678013642
2628,14:15,55.591546822875934
2628,14:30,56.814420332605195
2628,14:45,56.9503152423275
2628,15:00,57.55303428398541
2628,15:15,60.688240540196205
2628,15:30,61.24634911534725
2628,15:45,61.26910687671277
2628,16:00,60.50800452394986
2628,16:15,60.750784622982685
2628,16:30,60.759871880676926
2628,16:45,60.23355257893642
2628,17:00,61.554222625818475
2628,17:15,62.86034142302057
2628,17:30,61.13828363914373
2628,17:45,58.76198925762517
2628,18:00,55.54486944608179
2628,18:15,53.05145641891354
2628,18:30,48.87263947984893
2628,18:45,44.89644416718652
2628,19:00,41.546954719387756
2628,19:15,39.78703290396633
2628,19:30,36.95042362084342
2628,19:45,34.87049332820118
2628,20:00,34.74532300729834
2628,20:15,34.29186793565769
2628,20:30,33.294221698113205
2628,20:45,32.922071913983984
2628,21:00,32.887928008424545
2628,21:15,33.15263107508696
2628,21:30,31.614403804417208
2628,21:45,30.10274322984941
2628,22:00,29.726088348271446
2628,22:15,29.182111586885664
2628,22:30,27.239202286480705
2628,22:45,25.104508589309663
2628,23:00,23.87809548123564
2628,23:15,23.48596578110772
2628,23:30,21.91660554262206
2628,23:45,20.39628448413331
2701,00:00,14.882019343795756
2701,00:15,13.117890958598924
2701,00:30,10.963722137530386
2701,00:45,9.312383977558682
2701,01:00,8.165609700675494
2701,01:15,7.634223761233407
2701,01:30,6.563274564388081
2701,01:45,5.844637956294752
2701,02:00,5.632962128881634
2701,02:15,5.185995080916851
2701,02:30,5.037853585966072
2701,02:45,4.629674704511232
2701,03:00,4.763347287237333
2701,03:15,5.8889163831322815
2701,03:30,6.365449258625312
2701,03:45,6.2409332838222555
2701,04:00,7.436749845328934
2701,04:15,10.514111365369947
2701,04:30,13.364264784779827
2701,04:45,13.945825419109752
2701,05:00,18.370298581326296
2701,05:15,27.503433060475473
2701,05:30,36.1679235175341
2701,05:45,39.444265875468744
2701,06:00,46.408893284704625
2701,06:15,57.51753409980632
2701,06:30,60.78749329924539
2701,06:45,58.835951026465494
2701,07:00,59.778112118713935
2701,07:15,64.94606065600792
2701,07:30,69.14936724514614
2701,07:45,70.68749355390995
2701,08:00,70.08306010928962
2701,08:15,72.89339986391472
2701,08:30,76.99987630141223
2701,08:45,79.39798758737294
2701,09:00,69.98843370513164
2701,09:15,66.98731043020737
2701,09:30,65.13926662677204
2701,09:45,66.82138585275314
2701,10:00,64.07299059250701
2701,10:15,66.5518030556071
2701,10:30,67.07107216494845
2701,10:45,68.820498009201
2701,11:00,67.23149944281646
2701,11:15,70.06133019666109
2701,11:30,70.58578623622178
2701,11:45,71.82223737498967
2701,12:00,71.37400437456151
2701,12:15,72.83323712530408
2701,12:30,71.83642064441602
2701,12:45,71.03336223626079
2701,13:00,70.83562803178863
2701,13:15,71.8043868518251
2701,13:30,70.8400140284282
2701,13:45,71.29864850923347
2701,14:00,71.38511366918348
2701,14:15,75.13464753844566
2701,14:30,76.53316552848213
2701,14:45,78.79950071179516
2701,15:00,81.0725971159202
2701,15:15,82.96878288319888
2701,15:30,81.42903072896272
2701,15:45,80.70125799133842
2701,16:00,79.35253594043273
2701,16:15,81.86295860916908
2701,16:30,81.78369569701721
2701,16:45,83.17176737471644
2701,17:00,83.37088988819671
2701,17:15,85.4864229118521
2701,17:30,83.65325275359928
2701,17:45,82.45583534409866
2701,18:00,77.96097309555716
2701,18:15,75.79480203631567
2701,18:30,69.73193602901776
2701,18:45,64.58747500566882
2701,19:00,58.25350515463918
2701,19:15,54.66073049938093
2701,19:30,48.70794946309693
2701,19:45,45.736936528230295
2701,20:00,43.09190638210125
2701,20:15,41.62912773549492
2701,20:30,39.34768259730616
2701,20:45,38.19502923372518
2701,21:00,37.91536076080215
2701,21:15,37.31052315839556
2701,21:30,34.23554829639431
2701,21:45,31.417727018807025
2701,22:00,29.84966306999049
2701,22:15,28.867042590986077
2701,22:30,26.167365659153358
2701,22:45,23.46838291459361
2701,23:00,21.652120035523247
2701,23:15,20.308880627839734
2701,23:30,17.79256614520989
2701,23:45,16.146171310629516
2816,00:00,10.30683855405978
2816,00:15,9.01167207342321
2816,00:30,7.630740897682454
2816,00:45,6.4541676174332565
2816,01:00,5.734757788289023
2816,01:15,5.004366741075065
2816,01:30,4.619210530602936
2816,01:45,4.165435240005872
2816,02:00,3.791317555980205
2816,02:15,3.568449608602572
2816,02:30,3.384477212234034
2816,02:45,3.2280024120340944
2816,03:00,3.274040889468111
2816,03:15,3.4098884092204935
2816,03:30,3.6943000961115544
2816,03:45,3.77330705198169
2816,04:00,4.330748933120501
2816,04:15,5.509443801639424
2816,04:30,6.946706879686991
2816,04:45,8.256515931452402
2816,05:00,12.06870477804576
2816,05:15,17.97531125741477
2816,05:30,26.693164787906433
2816,05:45,34.69946449208132
2816,06:00,43.58982625828408
2816,06:15,51.93152334912187
2816,06:30,56.073782899555646
2816,06:45,57.01404713848558
2816,07:00,57.2712410850946
2816,07:15,61.104945207040856
2816,07:30,62.9092493079303
2816,07:45,64.66711739597928
2816,08:00,64.47998370672097
2816,08:15,66.79212211054458
2816,08:30,68.05057991789927
2816,08:45,69.81533850263895
2816,09:00,66.40340519912587
2816,09:15,66.56963470319634
2816,09:30,64.99977177882107
2816,09:45,64.37900228236062
2816,10:00,62.130371698728396
2816,10:15,64.16379422688473
2816,10:30,64.4408705575481
2816,10:45,65.13834449277488
2816,11:00,64.77198898717886
2816,11:15,67.00543035126056
2816,11:30,68.10197293331159
2816,11:45,69.12034682834604
2816,12:00,68.55230425639438
2816,12:15,69.76055534733652
2816,12:30,69.06825743736952
2816,12:45,68.07330381794122
2816,13:00,67.48811488131219
2816,13:15,68.33305028005944
2816,13:30,68.14879428692548
2816,13:45,68.23542834789411
2816,14:00,68.16624020079209
2816,14:15,72.25445089343941
2816,14:30,74.46142936324215
2816,14:45,78.35180809282467
2816,15:00,82.12809937564188
2816,15:15,85.53139671361502
2816,15:30,85.84247389767563
2816,15:45,86.95197523825038
2816,16:00,87.7990287148398
2816,16:15,89.37764197832641
2816,16:30,89.09591786849181
2816,16:45,89.20951915240424
2816,17:00,89.11642160858084
2816,17:15,90.23641074105456
2816,17:30,88.18111031471949
2816,17:45,85.41919669033813
2816,18:00,79.99675747898064
2816,18:15,75.87504480724736
2816,18:30,67.81159302268766
2816,18:45,60.81322101283973
2816,19:00,54.011201380635285
2816,19:15,49.74441529662881
2816,19:30,44.066990243822985
2816,19:45,41.1330344771375
2816,20:00,38.38925747819708
2816,20:15,37.011671883150754
2816,20:30,34.844707532247284
2816,20:45,33.18798857609139
2816,21:00,32.65861781848459
2816,21:15,31.204600820757648
2816,21:30,28.740375977918237
2816,21:45,26.786717397694243
2816,22:00,25.652866085876333
2816,22:15,22.86385321700487
2816,22:30,19.99626299384781
2816,22:45,17.693565495520488
2816,23:00,16.62243298834438
2816,23:15,14.66513701538361
2816,23:30,13.076534107591426
2816,23:45,11.301200495856984
2827,00:00,11.273251338825109
2827,00:15,10.352155115943928
2827,00:30,8.963535026641823
2827,00:45,7.763348164627364
2827,01:00,6.9481300599823
2827,01:15,6.364324978731759
2827,01:30,5.8696754149292785
2827,01:45,5.284254984775562
2827,02:00,4.929025805816965
2827,02:15,4.747025272888189
2827,02:30,4.4517465568347445
2827,02:45,4.369147943905353
2827,03:00,4.286618577947888
2827,03:15,4.405613621865646
2827,03:30,4.492871390732808
2827,03:45,4.362851254538912
2827,04:00,4.737760122930051
2827,04:15,5.515935017814533
2827,04:30,6.70022382329396
2827,04:45,7.5175302513186475
2827,05:00,9.986408559993466
2827,05:15,14.807383811157395
2827,05:30,20.33156294940515
2827,05:45,25.955437535746384
2827,06:00,34.92607239153526
2827,06:15,44.61873243119566
2827,06:30,49.29881187795192
2827,06:45,50.2406193286791
2827,07:00,52.46961398230957
2827,07:15,56.58394757056237
2827,07:30,58.9954402078873
2827,07:45,59.72222677036431
2827,08:00,58.80654830150359
2827,08:15,60.16838004190676
2827,08:30,60.99301671409413
2827,08:45,60.10558274276175
2827,09:00,57.35210391990053
2827,09:15,58.03065968243575
2827,09:30,57.37800366660119
2827,09:45,56.40783832433317
2827,10:00,54.37919578416772
2827,10:15,55.556393313924964
2827,10:30,55.75916512756812
2827,10:45,55.283626734663855
2827,11:00,53.99511318133529
2827,11:15,55.73270095674217
2827,11:30,56.763923646891406
2827,11:45,57.368056578753496
2827,12:00,57.29304755043228
2827,12:15,58.11392674268327
2827,12:30,57.748253464439394
2827,12:45,56.4440384709911
2827,13:00,55.61688290413472
2827,13:15,55.87297584936553
2827,13:30,55.85261261261261
2827,13:45,55.03990294763763
2827,14:00,54.845084718015876
2827,14:15,56.56821942947027
2827,14:30,58.22451118461992
2827,14:45,59.54848330902476
2827,15:00,61.137204766353605
2827,15:15,62.87007880465947
2827,15:30,63.78453726453726
2827,15:45,63.332743014561196
2827,16:00,62.99017114352756
2827,16:15,63.96960356756402
2827,16:30,64.94285901725382
2827,16:45,65.5051224798056
2827,17:00,66.56938835812075
2827,17:15,67.98820170328679
2827,17:30,67.7353708351789
2827,17:45,66.68376896302621
2827,18:00,64.67095271677628
2827,18:15,62.48666633885693
2827,18:30,57.981147540983606
2827,18:45,53.29456450556647
2827,19:00,47.628137081449445
2827,19:15,43.6862318009859
2827,19:30,39.58047735117538
2827,19:45,36.260126395756245
2827,20:00,33.778507443132504
2827,20:15,32.70670354489215
2827,20:30,31.4787241006841
2827,20:45,30.317542451980547
2827,21:00,29.876917786910745
2827,21:15,29.664919579388737
2827,21:30,28.166532832959145
2827,21:45,26.670181489693686
2827,22:00,25.29653307105975
2827,22:15,24.61067125645439
2827,22:30,22.360973610883462
2827,22:45,19.943195595897368
2827,23:00,18.012786090828723
2827,23:15,16.422797248607928
2827,23:30,14.590030285667513
2827,23:45,12.633333879235519
2833,00:00,9.706404992609624
2833,00:15,8.878765480766072
2833,00:30,7.695583027282266
2833,00:45,6.7842825273932155
2833,01:00,6.227874323857751
2833,01:15,5.803851078498965
2833,01:30,5.42928870292887
2833,01:45,4.927089322972285
2833,02:00,4.661270953626478
2833,02:15,4.56989371154036
2833,02:30,4.353689023387388
2833,02:45,4.176667817168779
2833,03:00,4.183657702676047
2833,03:15,4.377936586167242
2833,03:30,4.587307060755337
2833,03:45,4.76858757433387
2833,04:00,5.480311340273901
2833,04:15,7.003727360798673
2833,04:30,8.73869388023401
2833,04:45,10.436157116359995
2833,05:00,15.096719698212235
2833,05:15,24.352348607898147
2833,05:30,35.856760836040294
2833,05:45,45.832674550195996
2833,06:00,61.3524537713095
2833,06:15,71.13250086146071
2833,06:30,69.2517920706002
2833,06:45,64.51199855557743
2833,07:00,65.239946777055
2833,07:15,66.65690912674945
2833,07:30,66.34155993431855
2833,07:45,63.62104347255057
2833,08:00,61.60560281125817
2833,08:15,61.048310289336264
2833,08:30,59.82598059336365
2833,08:45,58.821422706821245
2833,09:00,61.68619178172147
2833,09:15,66.19094042343673
2833,09:30,67.06911557029788
2833,09:45,63.52886589471955
2833,10:00,61.520464955917845
2833,10:15,64.22978164505007
2833,10:30,64.1563935932782
2833,10:45,61.08037472109201
2833,11:00,59.134615069144836
2833,11:15,61.58664061345462
2833,11:30,62.29961728618124
2833,11:45,60.586916532536215
2833,12:00,59.83434585577302
2833,12:15,61.602331499876854
2833,12:30,60.407877246246
2833,12:45,57.958175341836146
2833,13:00,56.33725567426518
2833,13:15,57.670182921827575
2833,13:30,56.90760040045297
2833,13:45,54.12204814924295
2833,14:00,53.09712242018571
2833,14:15,54.939216813069535
2833,14:30,55.06597193731025
2833,14:45,54.25865550357055
2833,15:00,54.815471208913834
2833,15:15,56.97305059987855
2833,15:30,59.08034059029088
2833,15:45,58.667749983586106
2833,16:00,58.387243960084035
2833,16:15,61.70024126442252
2833,16:30,62.07223572695618
2833,16:45,62.51580122469752
2833,17:00,64.77591583508404
2833,17:15,69.56507180960197
2833,17:30,68.61597769028872
2833,17:45,65.67842068093353
2833,18:00,62.90736303056166
2833,18:15,61.468179656625615
2833,18:30,57.40210633376532
2833,18:45,51.59639533165903
2833,19:00,45.53107353906763
2833,19:15,42.22185365212822
2833,19:30,37.54633001935886
2833,19:45,34.29006944330438
2833,20:00,31.764937752521107
2833,20:15,31.97823017566902
2833,20:30,30.732010782025576
2833,20:45,29.278435045515792
2833,21:00,29.355296902742158
2833,21:15,29.06218835881317
2833,21:30,27.420705317030624
2833,21:45,25.87856012658228
2833,22:00,24.61050864750119
2833,22:15,23.41148899779627
2833,22:30,20.749567794517166
2833,22:45,17.962463622761874
2833,23:00,15.642287780425672
2833,23:15,14.146002203186399
2833,23:30,12.326978387706466
2833,23:45,10.789594881326382
2929,00:00,28.40851651967882
2929,00:15,26.404073306353435
2929,00:30,24.411655402627726
2929,00:45,22.499243694715727
2929,01:00,21.192276683613866
2929,01:15,19.764083697401702
2929,01:30,18.747245348703547
2929,01:45,17.797210847435327
2929,02:00,16.955278194003064
2929,02:15,16.48003096230175
2929,02:30,15.775315101852765
2929,02:45,15.132525172883918
2929,03:00,14.740064023639498
2929,03:15,14.746768922536251
2929,03:30,14.671567017082786
2929,03:45,14.64533823843387
2929,04:00,14.752901203158086
2929,04:15,14.779029476968553
2929,04:30,14.891721837985248
2929,04:45,15.790385626067534
2929,05:00,16.810134480550403
2929,05:15,20.22551368738922
2929,05:30,25.354903312649792
2929,05:45,32.094192425188055
2929,06:00,37.03338538670173
2929,06:15,44.91853507791439
2929,06:30,53.13199204431514
2929,06:45,54.226750964775434
2929,07:00,55.62141026483538
2929,07:15,61.15100417447326
2929,07:30,64.79090013140605
2929,07:45,65.76979225154408
2929,08:00,63.44749975212348
2929,08:15,63.51500956653691
2929,08:30,64.19264482963158
2929,08:45,63.81158197697499
2929,09:00,61.98845429619107
2929,09:15,62.353375388070546
2929,09:30,60.86656993041586
2929,09:45,60.779820605580056
2929,10:00,56.654835628170495
2929,10:15,57.208729558092855
2929,10:30,57.71291134244413
2929,10:45,58.15401693939643
2929,11:00,57.418776006973566
2929,11:15,58.16377465345231
2929,11:30,58.85140297720985
2929,11:45,59.584219113066695
2929,12:00,59.15515395133524
2929,12:15,59.65088650145004
2929,12:30,59.670121951219514
2929,12:45,59.27549339395737
2929,13:00,58.569117622808896
2929,13:15,58.94569874752801
2929,13:30,59.28629550321199
2929,13:45,59.20438665875684
2929,14:00,59.151099262769876
2929,14:15,60.055667248937084
2929,14:30,60.40545792914903
2929,14:45,60.26503069504106
2929,15:00,62.448677405540735
2929,15:15,62.05526835693118
2929,15:30,61.5734129923139
2929,15:45,62.1123660346249
2929,16:00,63.58594703340919
2929,16:15,65.78117732438272
2929,16:30,65.57906014603834
2929,16:45,66.94273098612513
2929,17:00,67.10382052935245
2929,17:15,67.01108577848268
2929,17:30,65.15420383530925
2929,17:45,64.5878230977722
2929,18:00,63.560698227982016
2929,18:15,63.51790492550626
2929,18:30,61.85954954211699
2929,18:45,59.630247658069955
2929,19:00,55.044767269493036
2929,19:15,53.19663577859341
2929,19:30,50.54973511894969
2929,19:45,48.44754830102285
2929,20:00,46.0110416323844
2929,20:15,45.97460249530895
2929,20:30,45.36355855485145
2929,20:45,44.367472657794174
2929,21:00,43.96794237869198
2929,21:15,45.029991261479616
2929,21:30,44.72038508456694
2929,21:45,44.06110332316319
2929,22:00,43.327767695099816
2929,22:15,43.01613888017954
2929,22:30,41.163437597902615
2929,22:45,39.139636147718086
2929,23:00,37.086275091466426
2929,23:15,35.07508239947264
2929,23:30,32.770868992758395
2929,23:45,30.06748749012378
2985,00:00,27.394271011448208
2985,00:15,25.780280818347666
2985,00:30,23.84446578865971
2985,00:45,21.096871386459505
2985,01:00,19.436276188147062
2985,01:15,18.308439498218384
2985,01:30,17.102775474367103
2985,01:45,15.682332633087434
2985,02:00,14.743473085139344
2985,02:15,14.25339794736241
2985,02:30,13.421033745983593
2985,02:45,12.668913089482508
2985,03:00,12.455829468716948
2985,03:15,13.327661097463762
2985,03:30,13.153532100392004
2985,03:45,12.58595657410723
2985,04:00,12.900941784999755
2985,04:15,14.40567664281067
2985,04:30,15.555598951976435
2985,04:45,16.096421600520493
2985,05:00,18.883051398828886
2985,05:15,24.908880936890046
2985,05:30,30.488606236072933
2985,05:45,33.01656802809573
2985,06:00,38.845459718722054
2985,06:15,45.07511584424031
2985,06:30,47.60916380670451
2985,06:45,46.77685210797794
2985,07:00,46.61633675444446
2985,07:15,48.0003415633844
2985,07:30,48.726398516059746
2985,07:45,47.83642015493783
2985,08:00,47.70783024701403
2985,08:15,49.259026534266646
2985,08:30,50.01423336861819
2985,08:45,50.775004883766364
2985,09:00,50.93044965786901
2985,09:15,51.96400664192225
2985,09:30,53.07857980074233
2985,09:45,53.20420483947081
2985,10:00,52.502626998714966
2985,10:15,53.62279189303491
2985,10:30,53.09809539313039
2985,10:45,53.00343502751278
2985,11:00,52.88519121236778
2985,11:15,53.23244079108
2985,11:30,53.60867158371188
2985,11:45,53.69923820685614
2985,12:00,53.74710959127178
2985,12:15,54.20569522414775
2985,12:30,54.08267421801256
2985,12:45,53.77656786626951
2985,13:00,53.760285788685636
2985,13:15,54.09674689579977
2985,13:30,54.21637893161072
2985,13:45,53.79922874157962
2985,14:00,54.03436778244039
2985,14:15,54.327691982229744
2985,14:30,54.695811305408704
2985,14:45,54.82554922701383
2985,15:00,55.54647378527029
2985,15:15,56.04757800939853
2985,15:30,56.05770199762691
2985,15:45,54.52815057016902
2985,16:00,53.906048026048026
2985,16:15,54.037232397232394
2985,16:30,53.793894993894995
2985,16:45,53.290653384119544
2985,17:00,53.51037445686667
2985,17:15,53.61797935727542
2985,17:30,53.662619423511984
2985,17:45,52.96050278057823
2985,18:00,52.59776490874191
2985,18:15,52.83449139993166
2985,18:30,52.36477455651128
2985,18:45,51.663792963222015
2985,19:00,51.438228931144984
2985,19:15,51.04631363037002
2985,19:30,48.70597993136984
2985,19:45,47.271999739744295
2985,20:00,46.21517174019209
2985,20:15,46.07365097962637
2985,20:30,45.3720669118365
2985,20:45,44.36419471506305
2985,21:00,44.434319893086474
2985,21:15,44.97157116993688
2985,21:30,44.287244798121456
2985,21:45,43.21144777848483
2985,22:00,42.85909929321124
2985,22:15,42.39713152870919
2985,22:30,40.57017500937842
2985,22:45,37.78710361131491
2985,23:00,35.939854895247414
2985,23:15,34.586126469964604
2985,23:30,32.25275835655731
2985,23:45,29.48329342000228
3052,00:00,17.25815520252849
3052,00:15,15.743244368225637
3052,00:30,13.20634339534729
3052,00:45,11.156014443316637
3052,01:00,9.814256442719353
3052,01:15,8.74632450771687
3052,01:30,7.893601832791022
3052,01:45,7.18881956575992
3052,02:00,6.497317739570838
3052,02:15,6.084484050970268
3052,02:30,5.7471195471195475
3052,02:45,5.389085589853555
3052,03:00,5.379868781662653
3052,03:15,5.732126847086169
3052,03:30,6.2405262808601005
3052,03:45,6.377661691542288
3052,04:00,7.058032531379019
3052,04:15,8.487343975334428
3052,04:30,11.102713371148042
3052,04:45,12.671525221371008
3052,05:00,15.101377903795454
3052,05:15,21.013048163806683
3052,05:30,28.422229224365246
3052,05:45,32.222459910783876
3052,06:00,38.62426825425781
3052,06:15,47.9126431060229
3052,06:30,54.32795422506012
3052,06:45,52.38509502172399
3052,07:00,52.682363482502865
3052,07:15,56.87208781733464
3052,07:30,59.0353487600564
3052,07:45,59.93275106269925
3052,08:00,59.22893587337441
3052,08:15,59.88885197428529
3052,08:30,61.42401089592399
3052,08:45,60.924659697176196
3052,09:00,59.43495461950198
3052,09:15,60.84858499966784
3052,09:30,60.86255105768273
3052,09:45,61.19825624844308
3052,10:00,59.50181709563399
3052,10:15,60.92687136929461
3052,10:30,62.34691235059761
3052,10:45,62.41524465289559
3052,11:00,61.64803085465397
3052,11:15,63.124500931594355
3052,11:30,64.61382167936898
3052,11:45,64.44584479453196
3052,12:00,64.04044191161768
3052,12:15,65.57473445876202
3052,12:30,65.87325608497319
3052,12:45,64.8761873021163
3052,13:00,64.3337882368605
3052,13:15,65.43760606968154
3052,13:30,65.95213686592997
3052,13:45,65.0653249587658
3052,14:00,64.60309089699228
3052,14:15,67.15513825767034
3052,14:30,67.85677655677655
3052,14:45,67.63433966662781
3052,15:00,67.79062099285584
3052,15:15,69.0771214642263
3052,15:30,69.10240893750728
3052,15:45,68.58805696676939
3052,16:00,67.58246023153161
3052,16:15,68.57340701777748
3052,16:30,68.53856265703779
3052,16:45,68.24763538266835
3052,17:00,68.66098535286285
3052,17:15,69.98725733202468
3052,17:30,70.26931582010143
3052,17:45,68.56832654418488
3052,18:00,67.52847001712357
3052,18:15,66.7528842637231
3052,18:30,63.355602445670236
3052,18:45,59.138934140097746
3052,19:00,54.749671823332946
3052,19:15,52.92137669718977
3052,19:30,49.41985176814677
3052,19:45,46.773877781655614
3052,20:00,44.277698391599095
3052,20:15,44.3356723590349
3052,20:30,42.80467151341729
3052,20:45,41.302938483309745
3052,21:00,40.54765756600344
3052,21:15,40.53522863618184
3052,21:30,38.641610313468135
3052,21:45,36.787437520826394
3052,22:00,35.35027081076577
3052,22:15,34.013347108126574
3052,22:30,30.897132771654068
3052,22:45,27.780021979485813
3052,23:00,26.240850511172532
3052,23:15,24.417964849211103
3052,23:30,21.90112411866436
3052,23:45,19.004373492974143
3059,00:00,16.59467354232282
3059,00:15,15.375352790511771
3059,00:30,13.270143339366959
3059,00:45,11.392805872756933
3059,01:00,10.17833344221598
3059,01:15,9.166911069834132
3059,01:30,8.446687522403623
3059,01:45,7.616379099263805
3059,02:00,7.096117091657546
3059,02:15,6.581060098393345
3059,02:30,6.166361705603659
3059,02:45,5.75670435660986
3059,03:00,5.625321902402451
3059,03:15,5.738156116150677
3059,03:30,6.008989788772536
3059,03:45,6.105822174437168
3059,04:00,6.354029879926359
3059,04:15,7.449993478119089
3059,04:30,8.862996283982007
3059,04:45,9.84757806897451
3059,05:00,11.666014988595634
3059,05:15,16.12144521764639
3059,05:30,22.507361083968473
3059,05:45,27.623070158295878
3059,06:00,32.356241440031305
3059,06:15,41.91402737047898
3059,06:30,48.84943977591036
3059,06:45,47.83527207559466
3059,07:00,46.50114132915933
3059,07:15,49.465591397849465
3059,07:30,53.03723803005117
3059,07:45,52.71293637846656
3059,08:00,52.07131209027755
3059,08:15,53.84235232755248
3059,08:30,54.650249274984525
3059,08:45,55.033052326055405
3059,09:00,53.64710966163881
3059,09:15,55.77893397703549
3059,09:30,54.73202987411128
3059,09:45,55.83581066749335
3059,10:00,54.00985543190941
3059,10:15,55.47589751958225
3059,10:30,55.77635683603639
3059,10:45,56.756811499509965
3059,11:00,55.87723021171708
3059,11:15,58.10922928677587
3059,11:30,58.18630011753951
3059,11:45,59.73081568038646
3059,12:00,59.2182108991203
3059,12:15,61.216853914262884
3059,12:30,60.99046034929798
3059,12:45,60.923470718664404
3059,13:00,59.73684210526316
3059,13:15,61.21962197687503
3059,13:30,60.43700915697201
3059,13:45,61.119831072267154
3059,14:00,60.592986115637835
3059,14:15,62.66715561640263
3059,14:30,62.61956291455485
3059,14:45,63.30596905417964
3059,15:00,63.15931396524177
3059,15:15,64.48045002445785
3059,15:30,64.06604864856058
3059,15:45,64.06530246209033
3059,16:00,65.2342482080755
3059,16:15,65.62482256775057
3059,16:30,64.16406173524325
3059,16:45,64.1325653117504
3059,17:00,63.68376040476579
3059,17:15,65.6332148331757
3059,17:30,65.20622238165897
3059,17:45,63.64453144115488
3059,18:00,62.37786327991262
3059,18:15,61.70833604901258
3059,18:30,58.32727272727273
3059,18:45,54.499274215908535
3059,19:00,49.72275790057592
3059,19:15,47.51795131349083
3059,19:30,43.175057955398835
3059,19:45,40.58810569092422
3059,20:00,38.52503221807148
3059,20:15,38.77975811584978
3059,20:30,37.717058122643515
3059,20:45,36.371135030952416
3059,21:00,36.26131720869423
3059,21:15,36.654120340091566
3059,21:30,35.06822303180801
3059,21:45,33.814289217689854
3059,22:00,32.50642021755132
3059,22:15,32.033253224778065
3059,22:30,29.499893733549136
3059,22:45,26.65961793015541
3059,23:00,24.732940061441923
3059,23:15,23.10517619343651
3059,23:30,20.79021036127262
3059,23:45,18.284447854763926
3060,00:00,23.75774523871641
3060,00:15,22.055389734305425
3060,00:30,19.190409440605034
3060,00:45,17.043860507600964
3060,01:00,15.677920467340046
3060,01:15,14.278722710980775
3060,01:30,13.40342676590824
3060,01:45,12.318576275610074
3060,02:00,11.627709446105095
3060,02:15,10.90271604131259
3060,02:30,10.440825260956924
3060,02:45,9.885729657466129
3060,03:00,9.64892316220226
3060,03:15,9.867260963804371
3060,03:30,10.277679997392523
3060,03:45,10.640740136941636
3060,04:00,11.29761264564491
3060,04:15,13.005169855015739
3060,04:30,15.093217436683572
3060,04:45,16.43851670741646
3060,05:00,19.076819121741536
3060,05:15,24.539109055977075
3060,05:30,31.164396269713393
3060,05:45,35.483521848807875
3060,06:00,40.791237785016285
3060,06:15,49.63052117263844
3060,06:30,55.486029064752884
3060,06:45,55.253435139359205
3060,07:00,55.79540937673085
3060,07:15,58.53363951727171
3060,07:30,60.81148968728125
3060,07:45,59.951814289667745
3060,08:00,59.51905041031653
3060,08:15,61.50752607683921
3060,08:30,61.951006394715
3060,08:45,62.70817393003077
3060,09:00,60.77418881939015
3060,09:15,62.480150520468506
3060,09:30,62.218734729778156
3060,09:45,62.56001628001628
3060,10:00,61.92606706075855
3060,10:15,63.11853118384628
3060,10:30,63.393526738447
3060,10:45,63.74438870247907
3060,11:00,63.658298329588746
3060,11:15,65.01937826702927
3060,11:30,65.17465357497598
3060,11:45,65.91220584642944
3060,12:00,66.3129830740632
3060,12:15,67.43035664825587
3060,12:30,67.03823596494087
3060,12:45,66.64480393594317
3060,13:00,66.50902038754258
3060,13:15,67.1870466067848
3060,13:30,66.44170769080299
3060,13:45,66.54832822785635
3060,14:00,67.43034902848581
3060,14:15,68.36426464116315
3060,14:30,67.97382053955428
3060,14:45,67.75285239275003
3060,15:00,69.37798957315087
3060,15:15,69.23831943177375
3060,15:30,68.67618241593698
3060,15:45,68.52666807810694
3060,16:00,70.38974542846898
3060,16:15,69.68783405031938
3060,16:30,68.67967935349323
3060,16:45,69.11726071155006
3060,17:00,70.10709395579318
3060,17:15,70.54507241890549
3060,17:30,70.0322564879527
3060,17:45,67.85006272503625
3060,18:00,67.54283619776818
3060,18:15,66.1660155614155
3060,18:30,63.43852852608448
3060,18:45,60.02272209010653
3060,19:00,57.554436732166714
3060,19:15,55.07014854794789
3060,19:30,51.901365310045946
3060,19:45,49.734449370802636
3060,20:00,48.980643899895725
3060,20:15,48.297356325585945
3060,20:30,47.25724300970082
3060,20:45,46.4263011910589
3060,21:00,46.68777349617922
3060,21:15,46.661519355523964
3060,21:30,45.26510746717188
3060,21:45,43.746780835348716
3060,22:00,42.62089708382372
3060,22:15,41.158482981748065
3060,22:30,37.87702815313475
3060,22:45,34.83185522726902
3060,23:00,33.3675769255896
3060,23:15,30.64097489163327
3060,23:30,28.229193864229764
3060,23:45,25.31719377264271
3357,00:00,12.10525116014003
3357,00:15,10.878267242081264
3357,00:30,9.29079041604271
3357,00:45,7.888130679782417
3357,01:00,6.833015438287605
3357,01:15,6.090687191837665
3357,01:30,5.730612842365494
3357,01:45,5.218196339217316
3357,02:00,4.604347542267772
3357,02:15,4.284846902134883
3357,02:30,4.116334089314559
3357,02:45,4.035383964046114
3357,03:00,4.119675093190956
3357,03:15,4.450814872645652
3357,03:30,4.762169634870293
3357,03:45,4.865869724323006
3357,04:00,5.754328634833927
3357,04:15,7.671735488802511
3357,04:30,9.684038398958672
3357,04:45,11.366373494171775
3357,05:00,16.053981567269712
3357,05:15,23.752263013342436
3357,05:30,33.98435062402496
3357,05:45,42.2005005200208
3357,06:00,54.16799115921538
3357,06:15,64.54252795111805
3357,06:30,69.44226675117417
3357,06:45,68.20489898086895
3357,07:00,67.82881212594327
3357,07:15,72.04601142150563
3357,07:30,74.34959032383925
3357,07:45,74.98602171510305
3357,08:00,74.47127408732418
3357,08:15,75.33967541548769
3357,08:30,74.6988541243397
3357,08:45,73.6075574778056
3357,09:00,70.47298439531859
3357,09:15,70.9823908165588
3357,09:30,69.33733333333333
3357,09:45,67.35885385328412
3357,10:00,64.27465933851508
3357,10:15,65.76552913798434
3357,10:30,65.80749194152314
3357,10:45,65.87010326042768
3357,11:00,64.91296775558702
3357,11:15,66.93758345546328
3357,11:30,67.56117285256359
3357,11:45,67.90230212315952
3357,12:00,67.39096801511302
3357,12:15,68.85465741374254
3357,12:30,68.37908007036289
3357,12:45,67.4167440345305
3357,13:00,67.12773924652404
3357,13:15,68.7050801616267
3357,13:30,68.82586117080159
3357,13:45,68.73184912543566
3357,14:00,69.34258852616341
3357,14:15,73.2248726752038
3357,14:30,74.76955743573056
3357,14:45,77.41546844502277
3357,15:00,80.20183471316342
3357,15:15,83.88395021556984
3357,15:30,84.66498064600071
3357,15:45,86.0550122846125
3357,16:00,85.94144063522023
3357,16:15,87.94913902542235
3357,16:30,87.5743805014562
3357,16:45,87.66649845352434
3357,17:00,87.91679547044563
3357,17:15,89.45836451791351
3357,17:30,86.98643086084311
3357,17:45,83.87021224688948
3357,18:00,79.13662313159735
3357,18:15,74.59131113423517
3357,18:30,66.6468264290824
3357,18:45,59.879643629387566
3357,19:00,53.174950395211916
3357,19:15,48.77665891233264
3357,19:30,43.308680312809926
3357,19:45,40.27120876976124
3357,20:00,37.67965649599896
3357,20:15,36.852233341469365
3357,20:30,35.19779933589427
3357,20:45,33.92462884800287
3357,21:00,33.874323884001306
3357,21:15,33.587461060460264
3357,21:30,31.41339789363853
3357,21:45,29.60532584929674
3357,22:00,28.645839454183395
3357,22:15,26.56056650567811
3357,22:30,23.335642902557915
3357,22:45,20.69046221091431
3357,23:00,19.10127490299651
3357,23:15,17.22624486066697
3357,23:30,15.387358026300781
3357,23:45,13.327942878568052
3360,00:00,19.991605525811355
3360,00:15,18.732905806323654
3360,00:30,17.10215870081859
3360,00:45,15.706516534861068
3360,01:00,14.713562937120749
3360,01:15,14.032273507659799
3360,01:30,13.561670048333086
3360,01:45,12.923323475473756
3360,02:00,12.486705298013245
3360,02:15,12.32371672925179
3360,02:30,12.011531525569545
3360,02:45,11.766179506234002
3360,03:00,11.682082260513633
3360,03:15,11.870313865844205
3360,03:30,11.920308865020047
3360,03:45,11.970061560297735
3360,04:00,12.405165163184195
3360,04:15,13.41026782769312
3360,04:30,14.454394009368608
3360,04:45,15.55634546234289
3360,05:00,17.728844568979728
3360,05:15,21.81563941990771
3360,05:30,26.465056111266748
3360,05:45,31.09433619850527
3360,06:00,38.53871409480127
3360,06:15,48.0240055435482
3360,06:30,54.699036494423545
3360,06:45,55.18673725179761
3360,07:00,55.30453503142683
3360,07:15,60.40102619943246
3360,07:30,63.10355864253543
3360,07:45,63.58718003729804
3360,08:00,62.85080711715578
3360,08:15,64.74431686957669
3360,08:30,64.85610122238901
3360,08:45,63.45174656629688
3360,09:00,61.634594433990294
3360,09:15,62.06193493037682
3360,09:30,61.907652194003006
3360,09:45,61.69460761665896
3360,10:00,60.145569098316045
3360,10:15,61.391994854541856
3360,10:30,62.14457075915323
3360,10:45,62.4053215882285
3360,11:00,61.515674498416054
3360,11:15,63.142130890484445
3360,11:30,64.03663124546235
3360,11:45,64.65275004538029
3360,12:00,64.46762293052507
3360,12:15,65.69568948445442
3360,12:30,66.02365555922138
3360,12:45,65.48096337842296
3360,13:00,64.71626503043198
3360,13:15,65.28754705765802
3360,13:30,65.04078365352875
3360,13:45,64.758609304322
3360,14:00,64.3154969072165
3360,14:15,65.64910948615949
3360,14:30,66.25848262197638
3360,14:45,66.56298985232242
3360,15:00,67.64637288583509
3360,15:15,69.25069812786067
3360,15:30,67.24958707716702
3360,15:45,68.53962376434026
3360,16:00,69.08093097064268
3360,16:15,70.16830095080611
3360,16:30,70.05493959953665
3360,16:45,70.11706582366475
3360,17:00,70.22746440442526
3360,17:15,71.75205202886079
3360,17:30,70.94111811101742
3360,17:45,69.6042365459923
3360,18:00,67.35924463462587
3360,18:15,65.22619480133434
3360,18:30,61.103238164434686
3360,18:45,56.51576825863579
3360,19:00,51.44353919122143
3360,19:15,48.30175606852305
3360,19:30,44.466374969041524
3360,19:45,41.92602070297667
3360,20:00,39.90663252663748
3360,20:15,39.3485621789472
3360,20:30,38.51014339522897
3360,20:45,37.972334760967705
3360,21:00,37.62980976013234
3360,21:15,38.61303779238193
3360,21:30,36.87331567621255
3360,21:45,35.073941384286215
3360,22:00,34.01985362299642
3360,22:15,33.09576774748829
3360,22:30,30.307752169017817
3360,22:45,27.904523195023494
3360,23:00,26.215337037772045
3360,23:15,25.056797313171085
3360,23:30,23.007058901324164
3360,23:45,21.206771143291675
3376,00:00,26.843794831980286
3376,00:15,24.389330766502862
3376,00:30,21.898054973998786
3376,00:45,19.41744900715926
3376,01:00,17.93205032807955
3376,01:15,16.757190172023385
3376,01:30,15.5968452129903
3376,01:45,14.329479964170426
3376,02:00,13.897012778200898
3376,02:15,13.073425743916491
3376,02:30,12.21080797303934
3376,02:45,11.745341509975841
3376,03:00,11.442895243239594
3376,03:15,11.477121864707373
3376,03:30,10.874784810126583
3376,03:45,10.310273244333429
3376,04:00,10.478007990963805
3376,04:15,11.047487352445193
3376,04:30,11.392143965459084
3376,04:45,11.74612298563819
3376,05:00,13.337367675814173
3376,05:15,17.012512647554807
3376,05:30,21.41598705937858
3376,05:45,25.575190820401353
3376,06:00,28.95807848489444
3376,06:15,32.73000842459983
3376,06:30,36.06482823719786
3376,06:45,36.23510290699633
3376,07:00,37.74133805190428
3376,07:15,40.67512339751689
3376,07:30,43.041875736656
3376,07:45,42.68939943027627
3376,08:00,41.76388490906333
3376,08:15,41.283277428489555
3376,08:30,42.237429366618876
3376,08:45,43.294310998735774
3376,09:00,43.647917720451865
3376,09:15,44.98762267714411
3376,09:30,45.44503854133284
3376,09:45,45.462600418551276
3376,10:00,45.82562571679147
3376,10:15,47.23496392690985
3376,10:30,48.21231282881425
3376,10:45,48.797203269607515
3376,11:00,49.3275370148397
3376,11:15,50.55935178933153
3376,11:30,51.149843789580345
3376,11:45,51.21654706627269
3376,12:00,51.70404663343753
3376,12:15,52.66160004053301
3376,12:30,52.7888969557803
3376,12:45,52.49964547388324
3376,13:00,52.59445775812603
3376,13:15,53.269817150382416
3376,13:30,53.57898824800756
3376,13:45,53.694844560022965
3376,14:00,54.216444226972854
3376,14:15,55.646547357757896
3376,14:30,56.57548650610137
3376,14:45,56.91500202456472
3376,15:00,57.2354906195168
3376,15:15,58.32144302090357
3376,15:30,58.959141706137174
3376,15:45,59.47711018149922
3376,16:00,61.62180277219699
3376,16:15,62.41693112761647
3376,16:30,62.32135806010699
3376,16:45,62.130332073434126
3376,17:00,61.989230431626744
3376,17:15,62.008656912873995
3376,17:30,60.95091414609487
3376,17:45,59.96551433389545
3376,18:00,59.34530191160109
3376,18:15,59.041699674695344
3376,18:30,56.39127870730762
3376,18:45,54.17829692556634
3376,19:00,51.46193946755744
3376,19:15,50.31082312443049
3376,19:30,48.24105547125274
3376,19:45,46.354467101823275
3376,20:00,44.70765285463625
3376,20:15,44.50208533846647
3376,20:30,43.32596517278618
3376,20:45,42.523628627868106
3376,21:00,42.9444773192216
3376,21:15,43.825439783491206
3376,21:30,43.140504531313404
3376,21:45,43.3476584953508
3376,22:00,43.17294161423449
3376,22:15,42.935367709213864
3376,22:30,40.734190474581425
3376,22:45,38.44712107380735
3376,23:00,36.8360724963262
3376,23:15,34.987445082798246
3376,23:30,31.67748957929021
3376,23:45,28.513904375739145
3380,00:00,25.288099948592524
3380,00:15,22.860557395488346
3380,00:30,20.22383798037166
3380,00:45,17.680506202855184
3380,01:00,15.91256515090041
3380,01:15,14.645071300553262
3380,01:30,13.475438186492172
3380,01:45,12.114998673512384
3380,02:00,11.494392902883204
3380,02:15,10.9071214205327
3380,02:30,10.134237415242321
3380,02:45,9.656892547038925
3380,03:00,9.340888542478567
3380,03:15,9.62788416627744
3380,03:30,9.183871569908531
3380,03:45,8.938517826560798
3380,04:00,9.041287831610413
3380,04:15,9.815799704533084
3380,04:30,10.552534146417349
3380,04:45,11.423723008422462
3380,05:00,13.568441035056873
3380,05:15,19.370077639751553
3380,05:30,27.000139647467726
3380,05:45,34.37783093603405
3380,06:00,43.44388926820185
3380,06:15,54.988465777667386
3380,06:30,57.81852927924429
3380,06:45,55.30482405033791
3380,07:00,55.974354993945795
3380,07:15,58.99022042843837
3380,07:30,60.68768740775266
3380,07:45,60.04861154446178
3380,08:00,58.55902518075293
3380,08:15,58.739527691875175
3380,08:30,60.86389932791717
3380,08:45,61.66251463357528
3380,09:00,61.54161393641122
3380,09:15,64.1024366608837
3380,09:30,64.8391990385966
3380,09:45,62.65823931997875
3380,10:00,62.22554585152839
3380,10:15,64.54417965455852
3380,10:30,66.3397276938193
3380,10:45,66.37450230306816
3380,11:00,66.43498681479863
3380,11:15,69.16024267821682
3380,11:30,70.75333790865984
3380,11:45,70.17263848738183
3380,12:00,71.05266941735434
3380,12:15,72.85510095808758
3380,12:30,73.22430081668983
3380,12:45,71.9380078289484
3380,13:00,71.60334611906322
3380,13:15,73.4078992540807
3380,13:30,74.0418532794432
3380,13:45,72.84150301289456
3380,14:00,73.85088923556943
3380,14:15,77.31031198276132
3380,14:30,80.08619531774664
3380,14:45,81.71208386633802
3380,15:00,84.09680690096245
3380,15:15,88.6291117907746
3380,15:30,91.1075007402559
3380,15:45,91.12432558864806
3380,16:00,92.61476955688212
3380,16:15,94.01912078664817
3380,16:30,94.3751849371603
3380,16:45,93.8325407343884
3380,17:00,94.80527841865685
3380,17:15,97.53908175041327
3380,17:30,96.50490715353938
3380,17:45,93.79810194636207
3380,18:00,90.36786660433225
3380,18:15,87.94024171539961
3380,18:30,82.3136277228957
3380,18:45,76.3126928230858
3380,19:00,68.56303385497849
3380,19:15,64.65107437243873
3380,19:30,59.5985527813733
3380,19:45,55.817612121778986
3380,20:00,52.3515477582846
3380,20:15,52.24821810128359
3380,20:30,50.59898366379848
3380,20:45,49.27996632734189
3380,21:00,49.71772947839791
3380,21:15,51.34540089921319
3380,21:30,49.767057868780824
3380,21:45,49.280904663794715
3380,22:00,48.53082100857397
3380,22:15,48.52722787734965
3380,22:30,45.371532436733546
3380,22:45,41.982290934645114
3380,23:00,39.225200025003126
3380,23:15,36.53984318870459
3380,23:30,32.07527939064744
3380,23:45,27.98423585288879
3381,00:00,21.815012462987436
3381,00:15,19.785152590014725
3381,00:30,17.477743963614476
3381,00:45,15.349997492016252
3381,01:00,13.963337293552652
3381,01:15,12.912290372152068
3381,01:30,11.86017501085468
3381,01:45,10.700878440558856
3381,02:00,10.201839781505
3381,02:15,9.63725868402073
3381,02:30,9.025953558554782
3381,02:45,8.62769802228692
3381,03:00,8.395024576186177
3381,03:15,8.562978566890694
3381,03:30,8.149801968615785
3381,03:45,7.775117857501087
3381,04:00,7.880221725047584
3381,04:15,8.506529026232844
3381,04:30,9.022429376646766
3381,04:45,9.771467151216097
3381,05:00,11.55540367079534
3381,05:15,16.37886520564395
3381,05:30,23.102105456182173
3381,05:45,29.72332200226621
3381,06:00,37.526461374391786
3381,06:15,48.11730464515053
3381,06:30,52.38323692676991
3381,06:45,50.49999165902077
3381,07:00,49.73852361974954
3381,07:15,52.11048508084681
3381,07:30,53.68717615501241
3381,07:45,53.21878858668447
3381,08:00,52.0817984651318
3381,08:15,52.45852038517381
3381,08:30,54.3516732841747
3381,08:45,55.129969623126485
3381,09:00,54.73177122448639
3381,09:15,56.835555629724816
3381,09:30,56.54642547226487
3381,09:45,54.72822421794144
3381,10:00,53.885114835091464
3381,10:15,55.39343168012816
3381,10:30,56.4811917193521
3381,10:45,56.22833633753922
3381,11:00,55.8845088287326
3381,11:15,57.69260057111367
3381,11:30,58.8829037858049
3381,11:45,58.3922881667279
3381,12:00,58.69858919776275
3381,12:15,59.95348100210161
3381,12:30,60.15902834548458
3381,12:45,59.04259827804845
3381,13:00,58.6025025025025
3381,13:15,59.87266661106014
3381,13:30,60.228735919899876
3381,13:45,59.25201135035887
3381,14:00,59.37665804621673
3381,14:15,61.66354999749554
3381,14:30,63.16433006208692
3381,14:45,63.645463190030526
3381,15:00,64.77805769198686
3381,15:15,67.17749307710272
3381,15:30,68.50325980024344
3381,15:45,68.72242159202817
3381,16:00,69.49948217686166
3381,16:15,70.76118580375783
3381,16:30,71.10009518561195
3381,16:45,70.79697389735968
3381,17:00,71.04655667624073
3381,17:15,72.64990147947768
3381,17:30,72.02154863046853
3381,17:45,70.30349454290578
3381,18:00,68.50630332782313
3381,18:15,67.46089003138145
3381,18:30,64.39634991400759
3381,18:45,60.60627160246456
3381,19:00,55.08908146738132
3381,19:15,52.08737701905891
3381,19:30,48.31785857371795
3381,19:45,45.43288192763037
3381,20:00,42.81725888324873
3381,20:15,42.5200193924804
3381,20:30,41.18602863778383
3381,20:45,40.10317447050367
3381,21:00,40.401964064643494
3381,21:15,41.44492426144447
3381,21:30,40.31794511143484
3381,21:45,40.03324962330487
3381,22:00,39.539578101456556
3381,22:15,39.42042373732303
3381,22:30,37.0832356977873
3381,22:45,34.4709989618566
3381,23:00,32.45039599484286
3381,23:15,30.299397287795077
3381,23:30,26.994714304830723
3381,23:45,23.747179160946864
3382,00:00,21.09782956534834
3382,00:15,19.067505225299865
3382,00:30,16.788531410606375
3382,00:45,14.8613496008435
3382,01:00,13.47724148321124
3382,01:15,12.523178185237423
3382,01:30,11.470025198390312
3382,01:45,10.385430014321248
3382,02:00,9.777211269733364
3382,02:15,9.169592079656885
3382,02:30,8.580152527655075
3382,02:45,8.200568802501225
3382,03:00,7.988388942208171
3382,03:15,8.223846892113137
3382,03:30,7.762133182844244
3382,03:45,7.532885451363406
3382,04:00,7.513012900071458
3382,04:15,8.139562422465321
3382,04:30,8.694459589028218
3382,04:45,9.58489289740699
3382,05:00,11.27228485531755
3382,05:15,15.955768002704632
3382,05:30,22.55285789394622
3382,05:45,29.106365803750773
3382,06:00,36.25970294984697
3382,06:15,45.903971892379374
3382,06:30,50.980509238395676
3382,06:45,50.86559260928346
3382,07:00,52.74160405709993
3382,07:15,56.61587861944643
3382,07:30,59.76689341551413
3382,07:45,60.70321001600301
3382,08:00,59.58422756880907
3382,08:15,60.35515917814405
3382,08:30,62.36362268409668
3382,08:45,63.26074935108904
3382,09:00,58.595174514818716
3382,09:15,59.76938265104646
3382,09:30,58.56520185108544
3382,09:45,57.44759414619465
3382,10:00,56.45464632976623
3382,10:15,58.079744216663535
3382,10:30,59.18223226049313
3382,10:45,59.611655239960825
3382,11:00,59.060279546396416
3382,11:15,60.78617157490397
3382,11:30,61.95014121634344
3382,11:45,61.96035126069423
3382,12:00,62.227430228616626
3382,12:15,63.60652526089741
3382,12:30,63.593462081959494
3382,12:45,62.87328321935229
3382,13:00,62.19865890640598
3382,13:15,63.47535118442361
3382,13:30,63.777363184079604
3382,13:45,62.961971671814965
3382,14:00,62.820195096229895
3382,14:15,64.99879409104612
3382,14:30,66.3817387538366
3382,14:45,66.9544513067711
3382,15:00,67.7855906045321
3382,15:15,69.93915269230045
3382,15:30,70.73051606108478
3382,15:45,71.29770848632059
3382,16:00,73.8736270982084
3382,16:15,75.71352165725047
3382,16:30,76.05893987341773
3382,16:45,75.98725874547648
3382,17:00,76.64855038336191
3382,17:15,78.51664186554653
3382,17:30,77.6019267677718
3382,17:45,76.04320674153077
3382,18:00,73.99410790256391
3382,18:15,72.39880683529057
3382,18:30,67.05919196478953
3382,18:45,63.609747373969356
3382,19:00,58.17100259779376
3382,19:15,55.11480993601806
3382,19:30,51.02014521104507
3382,19:45,47.96525517786264
3382,20:00,44.99183581331477
3382,20:15,44.43730938664859
3382,20:30,42.86143739176267
3382,20:45,41.62474339416539
3382,21:00,41.80531523890303
3382,21:15,42.86241749952857
3382,21:30,41.603978879879314
3382,21:45,41.042256178079604
3382,22:00,40.25568278281866
3382,22:15,39.8362559867255
3382,22:30,37.22033323281062
3382,22:45,34.38584948344771
3382,23:00,32.05730707622727
3382,23:15,29.781222303935433
3382,23:30,26.39811345621599
3382,23:45,23.168590963027142
3383,00:00,21.703098967010995
3383,00:15,19.55095918820828
3383,00:30,17.315135465471585
3383,00:45,15.31009904656114
3383,01:00,13.878636910825076
3383,01:15,12.815209547599222
3383,01:30,11.797410524368816
3383,01:45,10.676509818451278
3383,02:00,10.204882754526565
3383,02:15,9.615416039960634
3383,02:30,9.049059825886808
3383,02:45,8.641262666493766
3383,03:00,8.453713820114443
3383,03:15,8.637830536074462
3383,03:30,8.204124322022917
3383,03:45,7.884388997889904
3383,04:00,8.00786032661969
3383,04:15,8.719207085929844
3383,04:30,9.506129694347369
3383,04:45,10.658133086876155
3383,05:00,12.17394600591716
3383,05:15,17.769082840236685
3383,05:30,25.117948243992608
3383,05:45,32.77314232902033
3383,06:00,40.27025878003697
3383,06:15,53.370913461538464
3383,06:30,61.485323764958295
3383,06:45,58.110021463992304
3383,07:00,52.48722928110377
3383,07:15,54.628747828015825
3383,07:30,57.592598754135935
3383,07:45,58.859183333641695
3383,08:00,57.95029239766082
3383,08:15,59.126621154095204
3383,08:30,61.141694263038126
3383,08:45,62.82909999075016
3383,09:00,60.69019919729225
3383,09:15,61.11257396449704
3383,09:30,58.356047574126485
3383,09:45,58.10714417847497
3383,10:00,56.18198801420539
3383,10:15,57.24605742387546
3383,10:30,58.09757630659444
3383,10:45,58.77169811320755
3383,11:00,58.147419056429236
3383,11:15,59.15687399374502
3383,11:30,60.30319296621934
3383,11:45,60.53542680557354
3383,12:00,60.509884785382724
3383,12:15,61.367520893425045
3383,12:30,61.69186379862023
3383,12:45,61.21586726105696
3383,13:00,60.62296992342126
3383,13:15,61.54728567465089
3383,13:30,62.053174955595026
3383,13:45,61.61424843133989
3383,14:00,61.2820806896169
3383,14:15,63.32126269822179
3383,14:30,64.71275788694606
3383,14:45,65.13465522343888
3383,15:00,65.36465866424992
3383,15:15,67.06151512909669
3383,15:30,68.17845192538776
3383,15:45,68.57774900582632
3383,16:00,69.03731937017781
3383,16:15,70.8891191326389
3383,16:30,71.3003570833873
3383,16:45,71.19398011884267
3383,17:00,70.85544800014807
3383,17:15,71.82318550998131
3383,17:30,71.08349360159775
3383,17:45,69.78205009705148
3383,18:00,68.13516412390199
3383,18:15,67.49253179532683
3383,18:30,65.33148987330065
3383,18:45,61.96299447043811
3383,19:00,56.68846395679994
3383,19:15,54.00656714209076
3383,19:30,50.01874410780635
3383,19:45,46.97460088425181
3383,20:00,44.269221521445616
3383,20:15,44.10838824313319
3383,20:30,42.603789995743654
3383,20:45,41.64750333382723
3383,21:00,42.31488652153775
3383,21:15,43.311771140404545
3383,21:30,42.014100970369405
3383,21:45,41.303002763506875
3383,22:00,40.80082348795371
3383,22:15,40.22192146538618
3383,22:30,37.73073501612365
3383,22:45,34.74522529204524
3383,23:00,32.739200533718794
3383,23:15,30.231549285330267
3383,23:30,27.00953686042851
3383,23:45,23.778051536651784
3384,00:00,22.303264557032424
3384,00:15,20.215299655312997
3384,00:30,18.015313594986928
3384,00:45,15.933907886201464
3384,01:00,14.550997679814385
3384,01:15,13.544413350877518
3384,01:30,12.535451734162917
3384,01:45,11.459802303369745
3384,02:00,10.90112175915608
3384,02:15,10.293205578147921
3384,02:30,9.74161080057197
3384,02:45,9.359586183881195
3384,03:00,9.069722186185295
3384,03:15,9.236504141880246
3384,03:30,8.749411830088365
3384,03:45,8.39655460159104
3384,04:00,8.465136526990479
3384,04:15,9.092052146216806
3384,04:30,9.695196474204659
3384,04:45,10.493199859371241
3384,05:00,11.978953408733318
3384,05:15,17.04224126760824
3384,05:30,24.397831356512405
3384,05:45,31.631163927143493
3384,06:00,39.546675298252104
3384,06:15,51.41531228018215
3384,06:30,58.86753323704774
3384,06:45,55.547801943544656
3384,07:00,51.22183769778847
3384,07:15,53.84542680107278
3384,07:30,56.56750453485359
3384,07:45,57.007017219033514
3384,08:00,56.12103383841187
3384,08:15,57.05024419120912
3384,08:30,58.55037196047226
3384,08:45,59.353930401642835
3384,09:00,58.30163164126091
3384,09:15,59.27288703083668
3384,09:30,56.968391070338654
3384,09:45,56.695079541250465
3384,10:00,54.9809474482529
3384,10:15,55.89762323129566
3384,10:30,56.611671136594836
3384,10:45,56.9766245303622
3384,11:00,56.51075368327534
3384,11:15,57.33180858550317
3384,11:30,58.18231491600141
3384,11:45,58.35098736615909
3384,12:00,58.30602186399852
3384,12:15,59.05253314569291
3384,12:30,59.25106966233862
3384,12:45,58.78782263892234
3384,13:00,58.075797699957405
3384,13:15,58.82924390289069
3384,13:30,59.20940352956427
3384,13:45,58.98400088883951
3384,14:00,58.958435886522196
3384,14:15,60.84696731178813
3384,14:30,62.12281481481482
3384,14:45,62.55029344787366
3384,15:00,63.023329877055254
3384,15:15,64.26247686042207
3384,15:30,65.14194479924474
3384,15:45,65.42082754790336
3384,16:00,66.0270760797096
3384,16:15,67.7497037037037
3384,16:30,67.72841746601978
3384,16:45,67.68848725023611
3384,17:00,67.1421775507182
3384,17:15,67.57135978071638
3384,17:30,66.60331939458979
3384,17:45,65.61599822324222
3384,18:00,64.81797490840458
3384,18:15,64.70657785179017
3384,18:30,63.24970396684429
3384,18:45,60.37457209999445
3384,19:00,55.706540256277314
3384,19:15,53.6173202977447
3384,19:30,50.034536368684066
3384,19:45,47.151968139297956
3384,20:00,44.54078835253584
3384,20:15,44.336230219026795
3384,20:30,42.87033672031447
3384,20:45,41.63200252192779
3384,21:00,41.935447968836954
3384,21:15,42.74331272855525
3384,21:30,41.85991235237317
3384,21:45,41.29661882392261
3384,22:00,40.975398108404406
3384,22:15,40.37581960361833
3384,22:30,38.062628813339025
3384,22:45,35.19503315563646
3384,23:00,33.249340859296666
3384,23:15,30.74856516651498
3384,23:30,27.594871890016513
3384,23:45,24.39188713175995
3385,00:00,24.342416477776684
3385,00:15,22.67011105270075
3385,00:30,20.30203833582445
3385,00:45,18.363167660049587
3385,01:00,16.5199052834098
3385,01:15,15.588753609871357
3385,01:30,14.39095426294298
3385,01:45,13.287771792682125
3385,02:00,12.264663805436337
3385,02:15,11.20976283674879
3385,02:30,10.668250419228618
3385,02:45,10.259151694150464
3385,03:00,10.301433444859935
3385,03:15,10.284770058387457
3385,03:30,10.058977891491176
3385,03:45,9.658971961083493
3385,04:00,9.943759023493897
3385,04:15,10.432985126026994
3385,04:30,11.304732999753917
3385,04:45,12.144048496764151
3385,05:00,13.912720656930718
3385,05:15,18.94724075197089
3385,05:30,25.37343949670697
3385,05:45,32.72573272825571
3385,06:00,39.107699868938404
3385,06:15,47.58973056247542
3385,06:30,54.9859981636936
3385,06:45,53.17898826306472
3385,07:00,52.42137983071977
3385,07:15,55.50060663693599
3385,07:30,57.61810404169535
3385,07:45,57.67291912826572
3385,08:00,55.50126262626262
3385,08:15,55.877174572463886
3385,08:30,57.514124571672156
3385,08:45,58.6267926881297
3385,09:00,58.21025169822466
3385,09:15,59.23203214695752
3385,09:30,57.10130381303813
3385,09:45,57.77682030070252
3385,10:00,56.482521499376354
3385,10:15,57.417408149193946
3385,10:30,58.599350191168504
3385,10:45,58.88235680396631
3385,11:00,58.61466625088217
3385,11:15,59.440119514717715
3385,11:30,60.113417821391586
3385,11:45,60.47211950894838
3385,12:00,60.35978314440611
3385,12:15,60.714574200857015
3385,12:30,60.607828971133955
3385,12:45,60.06130261903979
3385,13:00,58.32794221688412
3385,13:15,58.14188357007964
3385,13:30,59.58345106285113
3385,13:45,59.95564132041386
3385,14:00,59.98437115229918
3385,14:15,60.55204363254041
3385,14:30,61.27484650490856
3385,14:45,60.89707644577226
3385,15:00,61.6707923636304
3385,15:15,62.534651838953955
3385,15:30,63.966796330034306
3385,15:45,63.5025448216983
3385,16:00,62.722224959353596
3385,16:15,63.58595367175949
3385,16:30,63.743416621490645
3385,16:45,63.68920163093516
3385,17:00,64.83365929821679
3385,17:15,65.23894707420135
3385,17:30,64.56666940586737
3385,17:45,63.738496680470654
3385,18:00,63.159854782008736
3385,18:15,62.35644994501256
3385,18:30,61.114909890687066
3385,18:45,58.554324271079594
3385,19:00,55.25941250841502
3385,19:15,53.79021851553907
3385,19:30,50.42822679904817
3385,19:45,48.09178046218487
3385,20:00,45.75061546036435
3385,20:15,45.22267292912041
3385,20:30,44.26386562900207
3385,20:45,43.117340736603474
3385,21:00,43.721155586265894
3385,21:15,44.51768578717801
3385,21:30,43.103643484843495
3385,21:45,42.45855480770813
3385,22:00,41.66323606902911
3385,22:15,40.57003059109898
3385,22:30,37.74245413296508
3385,22:45,35.366674341347895
3385,23:00,33.314680256452405
3385,23:15,31.61937989599105
3385,23:30,28.740152822282475
3385,23:45,26.036741135276422
3386,00:00,27.558306709265175
3386,00:15,24.79977422716221
3386,00:30,21.894537625447096
3386,00:45,19.41408421345192
3386,01:00,17.676768027801913
3386,01:15,16.409556195565425
3386,01:30,14.885652324774462
3386,01:45,13.480765221017515
3386,02:00,12.57543426045184
3386,02:15,11.7411680762939
3386,02:30,11.016160737583718
3386,02:45,10.480883705593447
3386,03:00,10.221247225305216
3386,03:15,10.524408219890748
3386,03:30,9.81175756524755
3386,03:45,9.373249336179517
3386,04:00,9.402133009624556
3386,04:15,10.307326801352641
3386,04:30,11.535485661745572
3386,04:45,12.943640716069941
3386,05:00,14.983208437413266
3386,05:15,21.8836902800659
3386,05:30,31.289892003397647
3386,05:45,40.82522925442474
3386,06:00,50.515402083658365
3386,06:15,62.577646752796326
3386,06:30,70.14838082676755
3386,06:45,67.10067137380081
3386,07:00,66.29280224832156
3386,07:15,70.58494754183647
3386,07:30,73.6344757050982
3386,07:45,73.63504282395367
3386,08:00,70.72337806442664
3386,08:15,71.75379254147957
3386,08:30,74.66252882331524
3386,08:45,75.59149703505912
3386,09:00,74.6735617435933
3386,09:15,77.35543380262155
3386,09:30,75.67954297206859
3386,09:45,76.00256645915341
3386,10:00,74.06295987782869
3386,10:15,75.54986550976139
3386,10:30,77.03513091728801
3386,10:45,77.38101184591636
3386,11:00,76.57644345005811
3386,11:15,77.40760671446178
3386,11:30,78.44112136562349
3386,11:45,78.89707949398719
3386,12:00,78.8925225537821
3386,12:15,79.60301821335646
3386,12:30,79.83557745696835
3386,12:45,79.4547410801055
3386,13:00,78.32494013119079
3386,13:15,79.23871661836922
3386,13:30,79.94683676126009
3386,13:45,79.44889922104058
3386,14:00,79.0757783366577
3386,14:15,80.26636122247098
3386,14:30,81.58244274809161
3386,14:45,81.35818875780708
3386,15:00,81.85820105820106
3386,15:15,83.13837667181294
3386,15:30,84.40749024707412
3386,15:45,83.33210178487798
3386,16:00,83.82800624674648
3386,16:15,85.95528448230986
3386,16:30,86.36872332303848
3386,16:45,86.47585500858912
3386,17:00,87.5215233798907
3386,17:15,87.91875661697068
3386,17:30,86.359012157264
3386,17:45,84.97214610288252
3386,18:00,83.57516475893166
3386,18:15,82.91975105316992
3386,18:30,81.11850978624551
3386,18:45,77.48899098474341
3386,19:00,71.85988067570848
3386,19:15,69.63869759050775
3386,19:30,64.34463688216223
3386,19:45,61.1713002306665
3386,20:00,57.865727813524344
3386,20:15,57.43059052315385
3386,20:30,55.55446609860646
3386,20:45,54.476811644549436
3386,21:00,54.672948539638384
3386,21:15,56.027701457239246
3386,21:30,54.28576148575801
3386,21:45,53.30879897014822
3386,22:00,52.22520891364903
3386,22:15,50.918307703013014
3386,22:30,47.363735919899874
3386,22:45,43.828365735749315
3386,23:00,40.69508760951189
3386,23:15,37.79819497095955
3386,23:30,33.809872854860004
3386,23:45,29.980434404865335
3393,00:00,20.750963844449167
3393,00:15,18.849117856763606
3393,00:30,16.95297239915074
3393,00:45,15.12126125034092
3393,01:00,13.84405422618506
3393,01:15,12.982900416508897
3393,01:30,11.98625679214155
3393,01:45,11.076208375646058
3393,02:00,10.463531626163117
3393,02:15,9.919514566056076
3393,02:30,9.39861901509978
3393,02:45,9.086421248693915
3393,03:00,8.719425985074402
3393,03:15,8.840402511916471
3393,03:30,8.417909771026977
3393,03:45,8.15698008281198
3393,04:00,8.145170793612424
3393,04:15,8.728995406189554
3393,04:30,9.143205132084606
3393,04:45,9.948827356634892
3393,05:00,11.030686630369026
3393,05:15,15.11378674804363
3393,05:30,20.33732646494554
3393,05:45,25.458884338114167
3393,06:00,30.804404966917428
3393,06:15,39.58676175079698
3393,06:30,46.11594400096759
3393,06:45,45.75557303166873
3393,07:00,45.41560776611015
3393,07:15,49.131683078596026
3393,07:30,51.42580001813072
3393,07:45,52.50223705164177
3393,08:00,51.71936369288628
3393,08:15,52.79895727557933
3393,08:30,53.83789923220208
3393,08:45,53.81555663293134
3393,09:00,52.11319783115742
3393,09:15,52.529727110276525
3393,09:30,52.81700246741648
3393,09:45,52.63416002182943
3393,10:00,50.80809720283963
3393,10:15,51.43063934277139
3393,10:30,52.47534229976978
3393,10:45,52.897084698458926
3393,11:00,52.47761511036941
3393,11:15,53.38405852089056
3393,11:30,54.41185663996116
3393,11:45,54.8544874715262
3393,12:00,54.93677664012135
3393,12:15,55.78874221366757
3393,12:30,55.85655389838729
3393,12:45,55.26960070392621
3393,13:00,54.294488857875336
3393,13:15,54.60097050572447
3393,13:30,55.04454694422528
3393,13:45,54.67677227482399
3393,14:00,54.85156996224813
3393,14:15,55.81377876267379
3393,14:30,56.9044630404463
3393,14:45,57.24169143065074
3393,15:00,58.0689932356599
3393,15:15,58.891744371162154
3393,15:30,59.25281681608917
3393,15:45,58.864063520017005
3393,16:00,58.80527722110889
3393,16:15,59.650693033271665
3393,16:30,59.315432781964006
3393,16:45,59.54141751403855
3393,17:00,60.05212378640777
3393,17:15,60.70179667955424
3393,17:30,59.53346769916198
3393,17:45,58.461123241145074
3393,18:00,57.53873442284952
3393,18:15,56.80581774108022
3393,18:30,55.1586635351163
3393,18:45,52.656433901595584
3393,19:00,49.08182879318447
3393,19:15,47.18497890551492
3393,19:30,43.9964398254757
3393,19:45,41.819586298999894
3393,20:00,39.704617205998424
3393,20:15,39.31083975030756
3393,20:30,37.98888855156501
3393,20:45,36.69989521162695
3393,21:00,36.83498344823397
3393,21:15,37.575878739965944
3393,21:30,37.17520646073824
3393,21:45,36.62991886717919
3393,22:00,35.96502933219855
3393,22:15,35.51663856867302
3393,22:30,33.30208270083187
3393,22:45,31.08143772587846
3393,23:00,29.511381755781994
3393,23:15,27.677996503762255
3393,23:30,25.05997661671146
3393,23:45,22.516704868015605
3516,00:00,21.571392229417206
3516,00:15,19.507928057220898
3516,00:30,16.72147891392259
3516,00:45,14.184477929773395
3516,01:00,12.371110390813113
3516,01:15,11.128550627499017
3516,01:30,10.21213171577123
3516,01:45,9.28830579850988
3516,02:00,8.437682570593964
3516,02:15,7.905362483481325
3516,02:30,7.456796420374191
3516,02:45,7.148715220759997
3516,03:00,7.256577426365192
3516,03:15,7.78385314313458
3516,03:30,8.967355620289453
3516,03:45,8.653388850335416
3516,04:00,9.378878254034309
3516,04:15,11.856429463171036
3516,04:30,15.981365885236048
3516,04:45,17.824908035073918
3516,05:00,22.666866871491603
3516,05:15,30.640000924022267
3516,05:30,40.78957702880639
3516,05:45,44.419182702303125
3516,06:00,51.65998290558802
3516,06:15,61.66989483416156
3516,06:30,71.7949577888285
3516,06:45,73.68228563487284
3516,07:00,75.36503386578515
3516,07:15,83.28433228666421
3516,07:30,91.77731344661987
3516,07:45,97.9425577198908
3516,08:00,100.19661455326421
3516,08:15,103.96792518184967
3516,08:30,103.10924835469345
3516,08:45,101.54607911172796
3516,09:00,91.0183628216381
3516,09:15,89.06486786176308
3516,09:30,88.91791010301658
3516,09:45,90.94514836348475
3516,10:00,87.1177517391204
3516,10:15,90.10272468859051
3516,10:30,91.63920408587738
3516,10:45,93.27794995143161
3516,11:00,92.12578601812466
3516,11:15,94.86967076666976
3516,11:30,96.29036136221765
3516,11:45,97.10314648885185
3516,12:00,96.40877582143352
3516,12:15,97.91305754564364
3516,12:30,97.16338177869174
3516,12:45,96.90238375991306
3516,13:00,96.33029812803328
3516,13:15,97.2452088679289
3516,13:30,96.590742152311
3516,13:45,96.40878495593644
3516,14:00,96.99771198779727
3516,14:15,99.89462251288332
3516,14:30,101.97150714054628
3516,14:45,104.07918017600741
3516,15:00,106.52836469554765
3516,15:15,109.59505316689783
3516,15:30,109.80256072476831
3516,15:45,111.84687977055096
3516,16:00,110.9807598917744
3516,16:15,112.88406299868174
3516,16:30,113.56292953835474
3516,16:45,114.17958871752118
3516,17:00,115.60393635228272
3516,17:15,118.94622785512743
3516,17:30,116.09520837667291
3516,17:45,111.60149523192297
3516,18:00,107.26298017993015
3516,18:15,101.40394441747011
3516,18:30,91.16338041191835
3516,18:45,84.73300307877497
3516,19:00,77.60839613481899
3516,19:15,73.94258583244766
3516,19:30,67.61052582940579
3516,19:45,63.821954949944384
3516,20:00,60.88195584325511
3516,20:15,59.73226999537679
3516,20:30,56.61098012020342
3516,20:45,55.39100946737344
3516,21:00,54.675055565845526
3516,21:15,54.28824782367105
3516,21:30,51.189988886830896
3516,21:45,48.37973070059561
3516,22:00,46.2334460085201
3516,22:15,43.47454646427249
3516,22:30,39.15332083246522
3516,22:45,35.502486871631156
3516,23:00,32.51969725025461
3516,23:15,30.31363015443032
3516,23:30,26.455651972694668
3516,23:45,23.791601074173535
3519,00:00,19.249081878912946
3519,00:15,17.203485930281396
3519,00:30,14.893290232395596
3519,00:45,12.681259291648448
3519,01:00,11.106794077496588
3519,01:15,9.887054507337526
3519,01:30,9.124183234913868
3519,01:45,8.299273777233354
3519,02:00,7.494361330831156
3519,02:15,7.044820874322689
3519,02:30,6.551661906680917
3519,02:45,6.302226731270443
3519,03:00,6.279592086620371
3519,03:15,6.669663628889783
3519,03:30,7.323963125579443
3519,03:45,7.213242760600862
3519,04:00,7.5751150300040235
3519,04:15,9.310055279546567
3519,04:30,12.102325174825175
3519,04:45,13.435404942500611
3519,05:00,16.773025741329327
3519,05:15,22.747035089864287
3519,05:30,30.53611091709157
3519,05:45,33.42734162184815
3519,06:00,39.184193520216574
3519,06:15,47.495530882301594
3519,06:30,56.05964232072374
3519,06:45,57.43844420769513
3519,07:00,58.67770947574308
3519,07:15,65.72810738161317
3519,07:30,72.7780279625072
3519,07:45,77.84753519896587
3519,08:00,79.28529730485546
3519,08:15,82.2480602544387
3519,08:30,82.68129084110844
3519,08:45,81.31450104040987
3519,09:00,74.2936283247702
3519,09:15,73.51786556706794
3519,09:30,74.03845750629019
3519,09:45,76.08024184388488
3519,10:00,72.96837357296457
3519,10:15,75.20451566677734
3519,10:30,76.52545009613704
3519,10:45,77.80459589340323
3519,11:00,77.08136914018137
3519,11:15,79.05865082139113
3519,11:30,80.60126184067951
3519,11:45,81.21319281537761
3519,12:00,80.54276465441819
3519,12:15,81.85792473945583
3519,12:30,81.65085060207225
3519,12:45,81.23289063321302
3519,13:00,80.84566051621721
3519,13:15,81.47364642431883
3519,13:30,80.85422317100911
3519,13:45,81.03085782297447
3519,14:00,81.03706296153712
3519,14:15,83.42539232666772
3519,14:30,84.40360445400039
3519,14:45,85.53971223273135
3519,15:00,86.55481140818718
3519,15:15,89.1075586476943
3519,15:30,88.38354631750083
3519,15:45,88.15412054765777
3519,16:00,87.90782684739834
3519,16:15,89.26859193139056
3519,16:30,89.33807106598985
3519,16:45,89.68065917130748
3519,17:00,90.11585173777607
3519,17:15,92.10011378555798
3519,17:30,90.84227372103192
3519,17:45,88.74016615653694
3519,18:00,85.79270213510675
3519,18:15,83.76227042154976
3519,18:30,77.7923515422816
3519,18:45,73.53566181614663
3519,19:00,68.43810639302134
3519,19:15,65.58828980034266
3519,19:30,61.07722291167782
3519,19:45,57.77954477860005
3519,20:00,55.303897557903575
3519,20:15,54.070257406338044
3519,20:30,51.42360989607027
3519,20:45,50.37014329257612
3519,21:00,49.47936708195343
3519,21:15,48.91482649842271
3519,21:30,45.96719903227503
3519,21:45,43.504190042075734
3519,22:00,41.45270554426298
3519,22:15,38.84704048207122
3519,22:30,34.77401318095772
3519,22:45,31.51682460719228
3519,23:00,29.108199936950506
3519,23:15,27.05489097118837
3519,23:30,23.580432803417605
3519,23:45,21.05656908747111
3735,00:00,11.902052586938083
3735,00:15,10.6186515480717
3735,00:30,8.870581847182393
3735,00:45,7.603029480612003
3735,01:00,6.718338089414322
3735,01:15,5.87142154117667
3735,01:30,5.273917319496728
3735,01:45,4.810903966313502
3735,02:00,4.43679333503358
3735,02:15,4.142025928068325
3735,02:30,3.909987585667398
3735,02:45,3.7484677159204742
3735,03:00,3.5944552776600256
3735,03:15,3.6584357257859503
3735,03:30,3.889826630738726
3735,03:45,3.6601548601345284
3735,04:00,3.7082874426012844
3735,04:15,4.399065008977269
3735,04:30,5.661228781224033
3735,04:45,6.265685908952239
3735,05:00,7.573314801945796
3735,05:15,10.886942378394863
3735,05:30,16.414406779661018
3735,05:45,20.535222960151803
3735,06:00,25.019212198221094
3735,06:15,32.380392422650715
3735,06:30,39.56288348757585
3735,06:45,41.571464907669615
3735,07:00,40.91423335991449
3735,07:15,47.402822060918524
3735,07:30,53.82196398624498
3735,07:45,58.127849624569905
3735,08:00,57.839513080040014
3735,08:15,61.04412537505721
3735,08:30,60.48622764641071
3735,08:45,59.3874741446543
3735,09:00,56.18997169155663
3735,09:15,55.41905795013475
3735,09:30,55.50924372595869
3735,09:45,56.88753412810121
3735,10:00,55.14579518480841
3735,10:15,56.71757329266226
3735,10:30,58.39251670680824
3735,10:45,59.98806816253097
3735,11:00,60.0734278197403
3735,11:15,61.30886699507389
3735,11:30,62.72739154049834
3735,11:45,64.31825063364349
3735,12:00,65.04642146610213
3735,12:15,65.76050355923277
3735,12:30,65.76720080205271
3735,12:45,66.05768282103186
3735,13:00,65.99506819495936
3735,13:15,66.49535572113912
3735,13:30,65.84350398721371
3735,13:45,66.15022810840256
3735,14:00,67.77535640161955
3735,14:15,69.75436803923571
3735,14:30,70.06848638615969
3735,14:45,71.91334559574904
3735,15:00,73.97849902035948
3735,15:15,74.19864237227581
3735,15:30,72.35206718346254
3735,15:45,72.24991483853385
3735,16:00,72.87176123877826
3735,16:15,73.0217587469141
3735,16:30,72.84776129570652
3735,16:45,72.80963330097252
3735,17:00,72.99560783779643
3735,17:15,74.90266707541386
3735,17:30,73.17657565705537
3735,17:45,71.18302766341148
3735,18:00,67.86426955589951
3735,18:15,64.7800995531998
3735,18:30,58.35223490252021
3735,18:45,53.47777249090847
3735,19:00,49.693933417213586
3735,19:15,46.64945527474208
3735,19:30,42.65632644740418
3735,19:45,40.185759671089514
3735,20:00,39.10108885831252
3735,20:15,38.1467479951067
3735,20:30,36.79474847042828
3735,20:45,35.463463174009185
3735,21:00,35.08721295871365
3735,21:15,35.32473034128415
3735,21:30,32.872523510705236
3735,21:45,30.31447813738329
3735,22:00,29.41294946880959
3735,22:15,26.603124361854196
3735,22:30,23.34806996073632
3735,22:45,20.497586511659527
3735,23:00,18.991095704187057
3735,23:15,16.95888314515032
3735,23:30,14.962225053078557
3735,23:45,13.12386029848719
4415,00:00,35.36589564105506
4415,00:15,32.65759354605975
4415,00:30,28.618303973781238
4415,00:45,25.427789252811383
4415,01:00,23.03379343169919
4415,01:15,21.213354755151894
4415,01:30,19.398136167843163
4415,01:45,18.027227397979267
4415,02:00,16.694052526977973
4415,02:15,15.797403877752219
4415,02:30,14.866615202680507
4415,02:45,14.188389635946212
4415,03:00,14.028129302996525
4415,03:15,14.319683955150483
4415,03:30,14.457959090015079
4415,03:45,14.885520836748746
4415,04:00,15.644152482676146
4415,04:15,17.634675886478338
4415,04:30,19.590928463707296
4415,04:45,21.748377793799566
4415,05:00,25.913425591919722
4415,05:15,34.03227868852459
4415,05:30,42.50056534207292
4415,05:45,49.498672740381465
4415,06:00,59.681348380861905
4415,06:15,70.67939831883203
4415,06:30,76.83794634809826
4415,06:45,75.59131532772503
4415,07:00,77.9740395961715
4415,07:15,82.96765472152583
4415,07:30,85.50337538915288
4415,07:45,84.90584032511799
4415,08:00,83.49615869739709
4415,08:15,84.1886591345129
4415,08:30,84.68828997196675
4415,08:45,83.87322742995786
4415,09:00,82.4689114497056
4415,09:15,83.97577735502493
4415,09:30,84.72436023622048
4415,09:45,84.43906078344565
4415,10:00,83.2350463767166
4415,10:15,84.10989119035133
4415,10:30,84.59065438935676
4415,10:45,84.23039504716981
4415,11:00,84.60864721398497
4415,11:15,85.21082915314253
4415,11:30,86.17882314374692
4415,11:45,86.55698568594336
4415,12:00,87.0457786300831
4415,12:15,88.41813028376696
4415,12:30,88.90468545216251
4415,12:45,88.35996001900736
4415,13:00,88.07582511225459
4415,13:15,88.45510455104551
4415,13:30,88.63843482818488
4415,13:45,88.34560521445768
4415,14:00,89.06478236661972
4415,14:15,91.47448269082687
4415,14:30,92.55992466426466
4415,14:45,93.32257377398372
4415,15:00,92.92452397338839
4415,15:15,91.79453580554282
4415,15:30,90.20509124266947
4415,15:45,88.91165678340923
4415,16:00,90.07387127446802
4415,16:15,91.54990651753207
4415,16:30,92.59289205235018
4415,16:45,93.43559991477785
4415,17:00,93.75296912114014
4415,17:15,94.24570567718483
4415,17:30,93.82593744882921
4415,17:45,93.21318699320173
4415,18:00,92.27917725149554
4415,18:15,91.49451953797002
4415,18:30,89.24001964958245
4415,18:45,87.1176711297345
4415,19:00,81.83898804650401
4415,19:15,78.69833682556312
4415,19:30,74.84089009782555
4415,19:45,70.81322753057678
4415,20:00,67.77701428407433
4415,20:15,67.71561981979025
4415,20:30,66.70441159581974
4415,20:45,65.36225268861341
4415,21:00,65.27127773125113
4415,21:15,66.28200239946095
4415,21:30,65.62659695161052
4415,21:45,64.742077652979
4415,22:00,63.32316742527565
4415,22:15,61.50482088007753
4415,22:30,57.57561472380546
4415,22:45,53.55986476062302
4415,23:00,50.98313454628976
4415,23:15,47.198372730106136
4415,23:30,42.277312302218434
4415,23:45,38.24724184849428
