scats_site,first_year,first_year_volume,last_year,last_year_volume,absolute_change,pct_change
3705,2015,0,2021,34628451,34628451,
3253,2015,393820,2021,11989570,11595750,2944.43
3535,2015,1225299,2021,12420606,11195307,913.68
5154,2014,0,2021,10787247,10787247,
1426,2018,0,2021,10544330,10544330,
2063,2017,531329,2021,10378595,9847266,1853.33
1415,2017,1351015,2021,10558177,9207162,681.5
2393,2019,802645,2021,10003559,9200914,1146.32
3252,2014,1683702,2021,10824997,9141295,542.93
3658,2014,926937,2021,9540457,8613520,929.25
6630,2014,192648,2021,7867848,7675200,3984.05
1766,2016,0,2021,7583682,7583682,
5657,2014,66804,2021,7489185,7422381,11110.68
2494,2019,2774032,2021,10130391,7356359,265.19
2669,2014,858655,2021,8214061,7355406,856.62
1720,2016,374525,2021,7591907,7217382,1927.08
1554,2016,0,2021,7097424,7097424,
1531,2014,1187638,2021,8069935,6882297,579.49
3258,2016,0,2021,6796084,6796084,
4558,2014,5717661,2021,12385400,6667739,116.62
5173,2014,0,2021,6566866,6566866,
5282,2014,104660,2021,6664627,6559967,6267.88
1753,2017,592281,2021,7077048,6484767,1094.88
1168,2014,121244,2021,6594844,6473600,5339.32
1796,2020,229897,2021,6374266,6144369,2672.66
2033,2017,405298,2021,6482712,6077414,1499.49
3574,2015,0,2021,6061795,6061795,
1406,2017,0,2021,5987560,5987560,
1576,2015,335302,2021,6269005,5933703,1769.66
3159,2014,0,2021,5909450,5909450,
1217,2014,0,2021,5879579,5879579,
5051,2014,167814,2021,6043159,5875345,3501.11
6325,2020,2483737,2021,8339666,5855929,235.77
3938,2014,0,2021,5745791,5745791,
5356,2016,0,2021,5575544,5575544,
2646,2014,1500691,2021,7036176,5535485,368.86
5213,2014,263765,2021,5745588,5481823,2078.3
1539,2014,2049203,2021,7502600,5453397,266.12
1315,2014,0,2021,5423589,5423589,
2853,2014,763998,2021,6055294,5291296,692.58
1585,2015,608389,2021,5892944,5284555,868.61
1713,2017,1533755,2021,6803414,5269659,343.58
1794,2020,325552,2021,5570843,5245291,1611.2
5389,2020,151,2021,5210467,5210316,3450540.4
5274,2014,158872,2021,5303923,5145051,3238.49
2568,2014,0,2021,5124103,5124103,
1739,2015,797086,2021,5918687,5121601,642.54
1689,2015,379333,2021,5406496,5027163,1325.26
1566,2014,0,2021,5019774,5019774,
2070,2019,773335,2021,5792095,5018760,648.98
1592,2015,2829478,2020,7834993,5005515,176.91
2548,2014,65468,2021,4924587,4859119,7422.13
1707,2015,0,2021,4841531,4841531,
400,2014,4403616,2021,9230163,4826547,109.6
5325,2014,639031,2021,5457267,4818236,753.99
5194,2014,0,2021,4664612,4664612,
2955,2018,0,2021,4661319,4661319,
4107,2014,205950,2021,4828318,4622368,2244.41
1400,2016,253000,2021,4793314,4540314,1794.59
5353,2016,219453,2021,4722722,4503269,2052.04
1776,2019,10964502,2021,15465054,4500552,41.05
1460,2019,1211876,2021,5699704,4487828,370.32
1430,2017,864097,2021,5340801,4476704,518.08
6150,2014,50013,2021,4516870,4466857,8931.39
5275,2014,180583,2021,4599911,4419328,2447.26
6414,2017,0,2021,4365659,4365659,
4448,2014,6631157,2021,10962992,4331835,65.33
1950,2020,4622314,2021,8934398,4312084,93.29
3448,2016,0,2021,4305401,4305401,
1497,2019,439718,2021,4717748,4278030,972.9
1167,2014,66507,2021,4271937,4205430,6323.29
1445,2018,0,2021,4186552,4186552,
1749,2016,0,2021,4172119,4172119,
1681,2019,613385,2021,4770913,4157528,677.8
5351,2015,725341,2021,4877704,4152363,572.47
2127,2020,3397316,2021,7539353,4142037,121.92
306,2014,1184,2021,4099058,4097874,346104.22
2998,2017,4556860,2021,8633986,4077126,89.47
1154,2019,658117,2021,4714494,4056377,616.36
3327,2019,4128587,2021,8088399,3959812,95.91
3187,2018,0,2021,3929647,3929647,
2046,2015,0,2021,3907338,3907338,
488,2015,3387613,2021,7293926,3906313,115.31
2028,2020,3397870,2021,7293905,3896035,114.66
3587,2015,0,2021,3891827,3891827,
2978,2014,0,2021,3859574,3859574,
444,2014,1478059,2021,5334750,3856691,260.93
1564,2015,103178,2021,3935058,3831880,3713.85
5162,2014,0,2021,3824021,3824021,
1501,2019,662982,2021,4478473,3815491,575.5
6324,2014,163563,2021,3959848,3796285,2320.99
303,2014,1192209,2021,4980255,3788046,317.73
5214,2014,69939,2021,3819434,3749495,5361.09
5800,2014,13749,2021,3736761,3723012,27078.42
1414,2017,4267628,2018,7971401,3703773,86.79
5178,2014,0,2021,3702715,3702715,
1419,2018,503382,2021,4178040,3674658,729.99
3175,2014,2787649,2021,6455944,3668295,131.59
3294,2018,0,2021,3664160,3664160,
3556,2014,11948666,2021,15597390,3648724,30.54
1352,2014,0,2021,3614764,3614764,
1230,2014,33482,2021,3636922,3603440,10762.32
3250,2014,4151,2021,3576770,3572619,86066.47
1751,2017,0,2021,3554954,3554954,
1330,2014,0,2021,3552498,3552498,
1334,2014,0,2021,3527403,3527403,
1780,2019,9,2021,3521815,3521806,39131177.78
1544,2014,0,2021,3521198,3521198,
1487,2019,218287,2021,3716900,3498613,1602.76
1568,2015,0,2021,3492786,3492786,
5832,2017,1030493,2021,4505662,3475169,337.23
1737,2017,0,2021,3445886,3445886,
1423,2017,653292,2021,4085229,3431937,525.33
6810,2014,62845,2021,3466746,3403901,5416.34
5833,2014,23196,2021,3421662,3398466,14651.09
6090,2018,417851,2021,3805648,3387797,810.77
3856,2015,3700008,2021,7064475,3364467,90.93
3185,2017,2776404,2021,6136649,3360245,121.03
1326,2015,0,2021,3342566,3342566,
6702,2016,2248444,2021,5582944,3334500,148.3
1788,2019,3898698,2021,7226931,3328233,85.37
1395,2017,874497,2021,4185570,3311073,378.63
1828,2020,288956,2021,3600012,3311056,1145.87
2045,2017,0,2021,3306797,3306797,
5270,2014,271745,2021,3568470,3296725,1213.17
1467,2020,2160124,2021,5452766,3292642,152.43
1490,2020,2366292,2021,5621128,3254836,137.55
2395,2018,12,2021,3239182,3239170,26993083.33
6303,2014,9001,2021,3242140,3233139,35919.78
1518,2014,0,2021,3230042,3230042,
2547,2014,0,2021,3226656,3226656,
1351,2014,292954,2021,3514651,3221697,1099.73
5130,2014,304258,2021,3508213,3203955,1053.04
5120,2014,3534,2021,3185904,3182370,90050.08
2818,2014,7663602,2021,10837117,3173515,41.41
2471,2016,0,2021,3173267,3173267,
5799,2014,820299,2021,3990613,3170314,386.48
1520,2017,3362502,2021,6525219,3162717,94.06
1929,2020,402502,2021,3564171,3161669,785.5
1842,2020,1157111,2021,4301432,3144321,271.74
5182,2014,0,2021,3129002,3129002,
1956,2020,1156224,2021,4283685,3127461,270.49
5283,2014,3459242,2021,6555716,3096474,89.51
1710,2015,1382794,2021,4441312,3058518,221.18
1570,2014,0,2021,3058461,3058461,
5324,2014,915133,2021,3951302,3036169,331.77
1768,2017,2219323,2021,5233667,3014344,135.82
4606,2014,5577306,2021,8587498,3010192,53.97
1528,2014,450672,2021,3460851,3010179,667.93
1404,2016,114135,2021,3109409,2995274,2624.33
5140,2014,8394,2021,2995030,2986636,35580.61
1807,2020,187205,2021,3164539,2977334,1590.41
5108,2016,0,2021,2972508,2972508,
3529,2016,0,2021,2960579,2960579,
1731,2017,0,2021,2911648,2911648,
3288,2019,57403,2021,2945723,2888320,5031.65
1722,2016,0,2021,2884594,2884594,
6158,2014,2470,2021,2807777,2805307,113575.18
1875,2019,3539875,2020,6342431,2802556,79.17
3320,2015,586424,2021,3368027,2781603,474.33
5959,2014,255747,2021,3020992,2765245,1081.24
1169,2018,456781,2021,3209068,2752287,602.54
1569,2017,612,2021,2721780,2721168,444635.29
3434,2016,2017080,2021,4732671,2715591,134.63
5399,2020,25287,2021,2740479,2715192,10737.5
5012,2014,0,2021,2706202,2706202,
3473,2014,154314,2021,2846548,2692234,1744.65
4852,2014,3931127,2021,6621116,2689989,68.43
1028,2014,72177,2021,2758146,2685969,3721.36
5417,2019,672210,2021,3345413,2673203,397.67
6811,2015,576510,2021,3228296,2651786,459.97
1429,2018,0,2021,2643329,2643329,
5105,2014,172694,2021,2808387,2635693,1526.22
8520,2018,450528,2021,3080609,2630081,583.78
6218,2016,0,2021,2623281,2623281,
6677,2014,389236,2021,2994255,2605019,669.26
1563,2015,2718316,2021,5309262,2590946,95.31
1879,2019,3518331,2021,6104543,2586212,73.51
3011,2015,0,2021,2573051,2573051,
6017,2014,0,2021,2561093,2561093,
6146,2016,54115,2021,2613199,2559084,4728.97
6018,2014,6753,2021,2564624,2557871,37877.55
1523,2014,589137,2021,3133717,2544580,431.92
5276,2014,1392595,2021,3918477,2525882,181.38
5352,2017,916251,2021,3435350,2519099,274.94
2992,2016,4970655,2021,7478952,2508297,50.46
5087,2016,4411972,2021,6915505,2503533,56.74
1556,2016,870623,2021,3364035,2493412,286.39
2577,2014,0,2021,2492287,2492287,
3573,2015,1939099,2021,4417951,2478852,127.84
6724,2016,409,2021,2476279,2475870,605347.19
5827,2014,16073,2021,2488895,2472822,15384.94
3241,2014,76715,2021,2544155,2467440,3216.37
6304,2015,1669435,2021,4130983,2461548,147.45
1851,2020,1137517,2021,3597874,2460357,216.29
985,2014,320335,2021,2766008,2445673,763.47
1553,2014,0,2021,2434823,2434823,
6003,2017,85457,2021,2518488,2433031,2847.08
2193,2014,1470948,2021,3903386,2432438,165.37
1510,2015,852465,2021,3271588,2419123,283.78
5840,2014,465551,2021,2883663,2418112,519.41
5999,2014,96838,2021,2500553,2403715,2482.2
5838,2014,952260,2021,3352511,2400251,252.06
1833,2020,4064239,2021,6460303,2396064,58.95
6701,2014,22840,2021,2414335,2391495,10470.64
5169,2014,9461,2021,2379725,2370264,25053.0
5322,2017,421671,2021,2791160,2369489,561.93
1159,2015,3777,2021,2369659,2365882,62639.18
1740,2016,0,2021,2336662,2336662,
2650,2014,3794400,2021,6128551,2334151,61.52
3292,2014,0,2021,2331193,2331193,
1748,2020,1337110,2021,3667826,2330716,174.31
4591,2014,948016,2021,3278225,2330209,245.8
1795,2020,5,2021,2312642,2312637,46252740.0
1958,2020,338991,2021,2635283,2296292,677.39
5365,2016,339605,2021,2631717,2292112,674.93
3137,2014,4315927,2021,6600687,2284760,52.94
2814,2014,9099130,2021,11383885,2284755,25.11
3246,2014,155695,2021,2439385,2283690,1466.77
3822,2017,0,2021,2277015,2277015,
3096,2014,156981,2021,2429376,2272395,1447.56
1327,2014,27593,2021,2296248,2268655,8221.85
1579,2015,4484751,2021,6746336,2261585,50.43
591,2019,7563670,2021,9818324,2254654,29.81
2253,2020,210885,2021,2462066,2251181,1067.49
6341,2014,46107,2021,2289708,2243601,4866.07
5335,2015,101585,2021,2344538,2242953,2207.96
1440,2017,0,2021,2237931,2237931,
1578,2015,3573030,2021,5810608,2237578,62.62
3533,2015,1956666,2021,4188031,2231365,114.04
1723,2016,4168694,2021,6389881,2221187,53.28
5654,2015,3039770,2021,5245335,2205565,72.56
4627,2016,0,2021,2190563,2190563,
5045,2014,447553,2021,2636281,2188728,489.04
988,2014,880818,2021,3053864,2173046,246.71
5390,2020,2537340,2021,4707955,2170615,85.55
3161,2017,742316,2021,2909991,2167675,292.02
2048,2016,1701649,2021,3852381,2150732,126.39
1793,2020,75447,2021,2219378,2143931,2841.64
506,2014,6496073,2021,8631580,2135507,32.87
1881,2019,255689,2021,2382045,2126356,831.62
5857,2020,1655651,2021,3778476,2122825,128.22
1547,2014,2294931,2021,4413272,2118341,92.31
3528,2014,1631136,2021,3743342,2112206,129.49
3186,2016,111409,2021,2217238,2105829,1890.18
2979,2020,454358,2021,2551304,2096946,461.52
223,2014,4819909,2021,6912529,2092620,43.42
6645,2015,302671,2021,2385498,2082827,688.15
496,2016,892438,2021,2974991,2082553,233.36
1358,2014,1223525,2021,3292493,2068968,169.1
1765,2017,2144895,2021,4210236,2065341,96.29
5336,2015,86542,2021,2128283,2041741,2359.25
5611,2014,141159,2021,2182210,2041051,1445.92
5659,2015,2463341,2021,4490077,2026736,82.28
3627,2017,237258,2021,2263686,2026428,854.1
5350,2015,3400835,2021,5426478,2025643,59.56
1306,2014,7366422,2021,9389266,2022844,27.46
5355,2016,622869,2021,2627556,2004687,321.85
1890,2019,315210,2021,2314315,1999105,634.21
2784,2016,1107364,2021,3095390,1988026,179.53
6267,2018,140809,2021,2126303,1985494,1410.06
1226,2014,53404,2021,2030138,1976734,3701.47
5942,2014,45680,2021,2018730,1973050,4319.29
1435,2018,63226,2021,2028647,1965421,3108.56
5168,2014,0,2021,1947686,1947686,
3155,2020,1447890,2021,3385039,1937149,133.79
5123,2015,1527,2021,1937994,1936467,126815.13
1219,2014,0,2021,1912721,1912721,
6831,2015,991866,2021,2902149,1910283,192.59
6814,2015,831248,2021,2735798,1904550,229.12
5606,2014,7346291,2021,9236051,1889760,25.72
1434,2018,1518800,2021,3401452,1882652,123.96
1904,2020,1530827,2021,3405012,1874185,122.43
6681,2016,1215149,2021,3080306,1865157,153.49
3419,2014,3619716,2021,5484526,1864810,51.52
1767,2016,28460,2021,1889562,1861102,6539.36
4698,2014,7780645,2021,9641326,1860681,23.91
1775,2017,986269,2021,2835425,1849156,187.49
1939,2020,323134,2021,2140076,1816942,562.29
6067,2018,13728,2021,1826921,1813193,13207.99
1522,2014,2109188,2021,3918494,1809306,85.78
1832,2020,2944204,2021,4753084,1808880,61.44
3446,2014,0,2021,1806605,1806605,
6137,2014,3930,2021,1805779,1801849,45848.58
3571,2016,4900395,2021,6697009,1796614,36.66
5882,2014,343488,2021,2136997,1793509,522.15
3894,2014,0,2021,1776648,1776648,
1160,2014,175970,2021,1945910,1769940,1005.82
1439,2020,1860130,2021,3627822,1767692,95.03
5388,2020,4212843,2021,5972812,1759969,41.78
1803,2019,609179,2021,2365062,1755883,288.24
1718,2016,0,2021,1752948,1752948,
1213,2014,78619,2021,1822533,1743914,2218.18
904,2016,465902,2021,2206380,1740478,373.57
5034,2016,0,2021,1735073,1735073,
1216,2019,1493176,2020,3223977,1730801,115.91
5327,2014,0,2021,1717403,1717403,
3287,2018,1273195,2021,2986770,1713575,134.59
1599,2015,1105193,2021,2816300,1711107,154.82
1725,2015,464021,2021,2170302,1706281,367.72
6805,2014,137725,2021,1834805,1697080,1232.22
4608,2014,803667,2021,2497374,1693707,210.75
1961,2020,4099987,2021,5790924,1690937,41.24
6096,2019,66552,2021,1755273,1688721,2537.45
1418,2020,7263680,2021,8946468,1682788,23.17
5153,2016,5091882,2021,6773489,1681607,33.03
2486,2014,0,2021,1678526,1678526,
5357,2018,2640809,2021,4306206,1665397,63.06
5418,2020,291549,2021,1953712,1662163,570.11
3321,2018,76983,2021,1728230,1651247,2144.95
1815,2020,8328232,2021,9976086,1647854,19.79
5175,2017,352555,2021,1990587,1638032,464.62
6151,2017,714138,2021,2351279,1637141,229.25
6338,2014,2341354,2021,3977886,1636532,69.9
2346,2014,0,2021,1627696,1627696,
5347,2015,1322634,2021,2931568,1608934,121.65
6035,2016,963171,2021,2567148,1603977,166.53
5985,2014,5615,2021,1606409,1600794,28509.24
5655,2015,2050434,2021,3649387,1598953,77.98
1745,2017,732286,2021,2324929,1592643,217.49
3322,2019,7574903,2021,9160166,1585263,20.93
5401,2014,59692,2021,1634533,1574841,2638.28
1755,2016,1193010,2021,2765652,1572642,131.82
5330,2014,331343,2021,1902770,1571427,474.26
1506,2014,5520828,2021,7078324,1557496,28.21
5663,2019,3,2021,1554158,1554155,51805166.67
3367,2020,552364,2021,2089921,1537557,278.36
1830,2019,7181041,2021,8713136,1532095,21.34
2526,2015,1802216,2021,3320994,1518778,84.27
5839,2015,0,2021,1509794,1509794,
5844,2015,1110744,2021,2615708,1504964,135.49
6220,2015,1723956,2021,3219907,1495951,86.77
206,2014,17030548,2021,18510857,1480309,8.69
5386,2019,520165,2021,1994262,1474097,283.39
1441,2018,93104,2021,1555179,1462075,1570.37
6305,2014,1776239,2021,3237133,1460894,82.25
3084,2014,6347874,2021,7808113,1460239,23.0
1470,2018,0,2021,1458160,1458160,
6102,2014,452440,2021,1902055,1449615,320.4
5997,2016,1707925,2021,3152707,1444782,84.59
1380,2014,0,2021,1435284,1435284,
5935,2014,5162,2021,1435149,1429987,27702.19
1307,2014,0,2021,1426267,1426267,
6824,2015,189484,2021,1610308,1420824,749.84
3086,2014,1113930,2021,2515031,1401101,125.78
689,2014,0,2021,1393660,1393660,
5850,2017,4020841,2021,5399344,1378503,34.28
5187,2014,0,2021,1371593,1371593,
2442,2014,9322622,2021,10691597,1368975,14.68
3531,2016,2646200,2021,4006763,1360563,51.42
6661,2014,3923374,2021,5282997,1359623,34.65
2113,2019,3865688,2021,5213137,1347449,34.86
5225,2016,2551208,2021,3886760,1335552,52.35
2228,2020,4884904,2021,6220263,1335359,27.34
1214,2014,442770,2021,1775949,1333179,301.1
1365,2014,516044,2021,1845418,1329374,257.61
6321,2014,2239986,2021,3563584,1323598,59.09
1583,2015,1923918,2021,3242328,1318410,68.53
5266,2020,1716464,2021,3034800,1318336,76.81
2074,2020,373960,2021,1683435,1309475,350.16
1741,2018,378061,2021,1686780,1308719,346.17
6302,2014,929263,2021,2235043,1305780,140.52
2913,2014,2191676,2021,3489488,1297812,59.22
5150,2014,0,2021,1297186,1297186,
3289,2017,1855697,2021,3152016,1296319,69.86
1864,2020,1027327,2021,2309883,1282556,124.84
3461,2017,1642559,2021,2923734,1281175,78.0
1512,2014,3622144,2021,4892656,1270512,35.08
6802,2015,1998926,2021,3257342,1258416,62.95
2916,2014,733180,2021,1989640,1256460,171.37
6816,2015,53318,2021,1302979,1249661,2343.79
5372,2020,3298783,2021,4543078,1244295,37.72
2697,2014,57812,2021,1300230,1242418,2149.07
3167,2015,1327985,2021,2566892,1238907,93.29
6809,2014,0,2021,1236720,1236720,
5858,2020,1041286,2021,2274872,1233586,118.47
2472,2020,2661587,2021,3894980,1233393,46.34
2114,2019,3627326,2021,4854407,1227081,33.83
2144,2020,800139,2021,2019401,1219262,152.38
2035,2017,1011177,2021,2225389,1214212,120.08
6313,2019,2360041,2021,3574225,1214184,51.45
3162,2015,5157473,2021,6369307,1211834,23.5
2221,2018,0,2021,1211264,1211264,
1716,2016,4204786,2021,5403538,1198752,28.51
1398,2019,6119079,2021,7309240,1190161,19.45
5853,2020,2877339,2021,4066484,1189145,41.33
2793,2015,1671159,2021,2851870,1180711,70.65
3188,2016,103403,2021,1282948,1179545,1140.73
6647,2015,325683,2021,1501763,1176080,361.11
5216,2014,951165,2021,2124440,1173275,123.35
1870,2019,3616951,2021,4783841,1166890,32.26
1391,2015,1238679,2021,2405140,1166461,94.17
1338,2014,3033338,2021,4198201,1164863,38.4
1551,2017,2289624,2021,3454409,1164785,50.87
1481,2019,8743,2021,1170456,1161713,13287.35
2115,2019,3493532,2021,4646191,1152659,32.99
1483,2020,2633508,2021,3784861,1151353,43.72
1215,2014,2875794,2021,4027076,1151282,40.03
1715,2016,3956152,2021,5093581,1137429,28.75
5171,2014,859,2021,1133176,1132317,131818.04
2994,2014,4285639,2021,5412835,1127196,26.3
3870,2014,9392845,2021,10505042,1112197,11.84
1584,2015,164833,2021,1274383,1109550,673.14
1734,2016,0,2021,1105246,1105246,
1572,2014,0,2021,1104026,1104026,
1208,2014,4044097,2021,5128411,1084314,26.81
5195,2014,0,2021,1075007,1075007,
4246,2016,1512695,2021,2585250,1072555,70.9
3326,2019,13187,2021,1085027,1071840,8128.0
3206,2014,11149069,2021,12217695,1068626,9.58
1266,2014,905706,2021,1969086,1063380,117.41
1988,2020,208528,2021,1271448,1062920,509.73
6825,2016,291520,2021,1349913,1058393,363.06
6672,2014,344357,2021,1379439,1035082,300.58
1422,2017,707611,2021,1731069,1023458,144.64
1966,2020,1107828,2021,2127170,1019342,92.01
3270,2017,2357378,2021,3358559,1001181,42.47
2775,2014,3717859,2021,4697477,979618,26.35
6320,2014,1826422,2021,2804114,977692,53.53
1770,2017,0,2021,975294,975294,
1535,2014,2462066,2021,3436041,973975,39.56
5360,2017,870208,2021,1843284,973076,111.82
1316,2014,2349671,2021,3319815,970144,41.29
5915,2014,5463042,2021,6427535,964493,17.65
2536,2019,956763,2021,1920460,963697,100.72
5848,2019,1002925,2021,1961848,958923,95.61
1930,2019,790896,2021,1737687,946791,119.71
5901,2017,103359,2021,1042972,939613,909.08
3586,2017,12212,2021,950952,938740,7687.03
1524,2019,4593663,2021,5523426,929763,20.24
1452,2017,2106781,2021,2998040,891259,42.3
5086,2019,4773738,2021,5664105,890367,18.65
1507,2014,6635690,2021,7521784,886094,13.35
1559,2014,1456516,2021,2341792,885276,60.78
1571,2014,0,2021,884523,884523,
6219,2015,247458,2021,1131388,883930,357.2
5334,2016,1653262,2021,2530582,877320,53.07
6294,2014,2857777,2021,3715135,857358,30.0
3865,2016,6,2021,847378,847372,14122866.67
1405,2020,1651812,2021,2492716,840904,50.91
1714,2016,3778982,2021,4607241,828259,21.92
5363,2016,1917264,2021,2742330,825066,43.03
5308,2016,1541495,2021,2362825,821330,53.28
1762,2017,321222,2021,1132030,810808,252.41
3672,2014,30184,2021,839615,809431,2681.66
6830,2015,211330,2021,1014322,802992,379.97
2072,2020,889091,2021,1683209,794118,89.32
2946,2014,15832501,2021,16610699,778198,4.92
6823,2015,393169,2021,1164317,771148,196.14
3917,2014,5538583,2021,6308935,770352,13.91
5110,2016,1083739,2021,1853793,770054,71.06
3578,2016,3170681,2021,3935328,764647,24.12
2062,2019,1392711,2021,2157092,764381,54.88
3467,2020,1315746,2021,2064193,748447,56.88
3477,2014,47848,2021,794479,746631,1560.42
1363,2014,4387080,2021,5133006,745926,17.0
5904,2019,2606865,2021,3343793,736928,28.27
3466,2020,27,2021,735111,735084,2722533.33
2030,2014,4528336,2019,5262736,734400,16.22
5326,2017,2313036,2021,3044324,731288,31.62
2991,2016,3238551,2021,3969582,731031,22.57
1590,2015,4274500,2021,5002984,728484,17.04
2993,2015,3357076,2021,4073589,716513,21.34
546,2014,8430959,2019,9142903,711944,8.44
5304,2016,2436271,2021,3140346,704075,28.9
1947,2020,3528784,2021,4231094,702310,19.9
1162,2014,3217914,2021,3919091,701177,21.79
6676,2019,1465272,2021,2165463,700191,47.79
5402,2014,650125,2021,1346486,696361,107.11
1532,2014,3084070,2021,3772961,688891,22.34
3490,2018,1293483,2021,1973820,680337,52.6
5843,2014,1682763,2021,2359521,676758,40.22
3158,2018,3111258,2021,3784359,673101,21.63
3470,2018,82038,2021,738823,656785,800.59
4858,2014,3741975,2021,4387492,645517,17.25
1427,2017,6249874,2021,6894745,644871,10.32
5231,2019,2771106,2021,3411251,640145,23.1
2812,2014,9523065,2021,10161964,638899,6.71
7047,2015,0,2021,638019,638019,
3040,2019,1933957,2021,2569579,635622,32.87
3476,2014,2209698,2021,2844119,634421,28.71
1754,2019,1875897,2021,2509334,633437,33.77
4028,2014,9060352,2021,9686011,625659,6.91
3575,2017,0,2021,623688,623688,
2196,2019,1183661,2021,1802789,619128,52.31
1511,2019,3288934,2021,3907793,618859,18.82
1831,2020,922693,2021,1527290,604597,65.53
2495,2019,4941600,2021,5545486,603886,12.22
5806,2017,2708358,2021,3309062,600704,22.18
5378,2019,332471,2021,931643,599172,180.22
1816,2020,1764476,2021,2361618,597142,33.84
693,2019,5511540,2021,6106787,595247,10.8
1937,2020,6494803,2021,7086808,592005,9.12
690,2019,6096768,2021,6684446,587678,9.64
1854,2020,852435,2021,1438747,586312,68.78
1335,2014,5859177,2021,6445016,585839,10.0
4086,2015,2494346,2021,3072042,577696,23.16
1249,2014,6085956,2021,6661786,575830,9.46
2068,2019,4013783,2021,4585588,571805,14.25
5658,2019,990265,2021,1554200,563935,56.95
3160,2016,4647340,2021,5209150,561810,12.09
2297,2014,4153667,2021,4706462,552795,13.31
289,2014,0,2021,551712,551712,
5986,2014,9563,2021,558672,549109,5742.02
898,2016,2122749,2021,2663347,540598,25.47
3124,2014,8614253,2021,9152678,538425,6.25
1421,2017,550467,2021,1086282,535815,97.34
4226,2014,7917202,2021,8449441,532239,6.72
5975,2019,973203,2021,1494891,521688,53.61
1480,2019,2927521,2021,3440065,512544,17.51
3240,2014,3411347,2021,3913640,502293,14.72
4418,2014,6277261,2021,6777251,499990,7.97
4147,2019,3137965,2021,3635386,497421,15.85
6069,2019,2256593,2021,2743855,487262,21.59
1371,2015,2151948,2021,2635379,483431,22.46
5359,2018,1278326,2021,1758405,480079,37.56
4695,2019,2592285,2021,3063354,471069,18.17
6002,2017,1841743,2021,2311279,469536,25.49
1733,2016,2538460,2021,3007725,469265,18.49
5609,2019,2250732,2021,2714920,464188,20.62
1880,2019,1900010,2021,2356052,456042,24.0
6406,2014,30189,2021,482216,452027,1497.32
6449,2014,7867862,2021,8316502,448640,5.7
5383,2019,13929,2021,456194,442265,3175.14
2995,2016,308904,2021,748692,439788,142.37
5802,2019,3751437,2021,4187288,435851,11.62
2073,2020,2619927,2021,3054009,434082,16.57
1516,2019,2793450,2021,3226373,432923,15.5
6312,2017,2883668,2021,3315468,431800,14.97
5847,2019,3018041,2021,3446072,428031,14.18
1771,2017,0,2021,423664,423664,
5834,2019,3230107,2021,3648754,418647,12.96
6149,2018,2459343,2021,2873081,413738,16.82
5362,2017,848358,2021,1260168,411810,48.54
1220,2014,12467116,2021,12866343,399227,3.2
2037,2019,2759387,2021,3153528,394141,14.28
6221,2016,1199616,2021,1591591,391975,32.68
5835,2019,2371700,2021,2763498,391798,16.52
2067,2019,1146658,2021,1531095,384437,33.53
1785,2019,2570943,2021,2953101,382158,14.86
5377,2020,833216,2021,1214003,380787,45.7
6301,2019,2103724,2021,2484015,380291,18.08
4545,2017,4463612,2021,4841622,378010,8.47
1515,2019,1809347,2021,2180124,370777,20.49
2997,2016,989043,2021,1348990,359947,36.39
6697,2014,4506694,2021,4866499,359805,7.98
1417,2017,1526973,2018,1881771,354798,23.24
4101,2014,4670417,2021,5022205,351788,7.53
3369,2019,114501,2021,465655,351154,306.68
2473,2020,65626,2021,406427,340801,519.31
1834,2020,967339,2021,1308063,340724,35.22
5181,2019,1558456,2021,1892202,333746,21.42
3296,2018,2059700,2021,2384564,324864,15.77
1810,2019,5502765,2021,5827413,324648,5.9
644,2019,2106381,2021,2428754,322373,15.3
6679,2019,1516884,2021,1831254,314370,20.72
1582,2015,301673,2021,615682,314009,104.09
5373,2020,146186,2021,460169,313983,214.78
1496,2019,171144,2021,483963,312819,182.78
5369,2019,674983,2021,968739,293756,43.52
3082,2019,1793008,2021,2080332,287324,16.02
1825,2019,1068898,2021,1352094,283196,26.49
4302,2014,34637,2021,316607,281970,814.07
1817,2020,4399119,2021,4679819,280700,6.38
1738,2019,1946435,2021,2226869,280434,14.41
4413,2014,5630145,2021,5908800,278655,4.95
6306,2019,1357118,2021,1633699,276581,20.38
3157,2016,1637686,2021,1914001,276315,16.87
679,2019,2106835,2021,2378589,271754,12.9
5936,2019,1589581,2021,1861166,271585,17.09
6308,2019,2513850,2021,2783165,269315,10.71
4641,2014,7180303,2021,7449009,268706,3.74
1362,2014,5429357,2021,5695545,266188,4.9
1787,2019,3152121,2021,3415506,263385,8.36
1364,2019,2611506,2021,2864892,253386,9.7
4120,2016,984948,2021,1238304,253356,25.72
937,2015,3589729,2021,3842134,252405,7.03
2533,2020,212710,2021,460457,247747,116.47
763,2019,1651116,2021,1896033,244917,14.83
5846,2017,1166673,2021,1408325,241652,20.71
6251,2014,2856957,2021,3097402,240445,8.42
5248,2016,5273023,2021,5513177,240154,4.55
6664,2019,1101727,2021,1335620,233893,21.23
6600,2019,1034345,2021,1265610,231265,22.36
1161,2014,5926120,2021,6155536,229416,3.87
1552,2014,420520,2021,640680,220160,52.35
2496,2019,8346878,2021,8558119,211241,2.53
5374,2020,117319,2021,325960,208641,177.84
3518,2014,2122262,2021,2329763,207501,9.78
6310,2015,933679,2021,1139541,205862,22.05
1370,2014,4625683,2021,4830973,205290,4.44
3628,2014,0,2021,200532,200532,
5317,2014,4483929,2021,4676719,192790,4.3
5398,2020,16328,2021,203320,186992,1145.22
6803,2015,1908645,2021,2094913,186268,9.76
1577,2014,661324,2021,847450,186126,28.14
4830,2019,2601189,2021,2785209,184020,7.07
6148,2019,1293024,2021,1473374,180350,13.95
154,2019,1638551,2021,1807422,168871,10.31
1546,2017,132017,2021,300214,168197,127.41
1409,2019,1463572,2021,1617122,153550,10.49
1474,2019,1396740,2021,1535460,138720,9.93
1158,2014,702592,2021,839065,136473,19.42
3033,2019,2690280,2021,2825493,135213,5.03
3447,2020,3107482,2021,3231554,124072,3.99
5067,2016,2337744,2021,2459564,121820,5.21
6154,2019,5427096,2021,5548329,121233,2.23
5293,2014,5762435,2019,5880347,117912,2.05
4869,2019,3095287,2021,3212204,116917,3.78
6155,2014,8671,2019,122437,113766,1312.03
1557,2019,1477286,2020,1589342,112056,7.59
3713,2014,1994797,2021,2106527,111730,5.6
3469,2019,4893545,2021,5001755,108210,2.21
973,2019,1396319,2021,1500694,104375,7.48
6048,2019,484946,2021,585424,100478,20.72
4815,2014,7351305,2021,7451267,99962,1.36
1742,2016,2596592,2021,2692300,95708,3.69
5814,2014,1001608,2021,1097169,95561,9.54
589,2016,3029741,2019,3123926,94185,3.11
3492,2016,17560,2017,100003,82443,469.49
5874,2014,303616,2021,380311,76695,25.26
1390,2014,8827371,2021,8901898,74527,0.84
4980,2016,2690806,2021,2764335,73529,2.73
6671,2015,1442048,2021,1509589,67541,4.68
3169,2014,8208562,2021,8261698,53136,0.65
5396,2020,49384,2021,97627,48243,97.69
2478,2020,5854915,2021,5902801,47886,0.82
4102,2014,4180895,2021,4227379,46484,1.11
1588,2016,2873876,2021,2910286,36410,1.27
3463,2019,1118883,2021,1155132,36249,3.24
1703,2016,106890,2021,137290,30400,28.44
2065,2020,2438223,2021,2467109,28886,1.18
1784,2019,3342083,2021,3366153,24070,0.72
573,2016,2418872,2021,2439655,20783,0.86
1003,2014,4383318,2021,4399352,16034,0.37
3164,2020,3495894,2021,3511273,15379,0.44
3491,2017,1605783,2021,1616633,10850,0.68
7231,2014,68,2020,6443,6375,9375.0
7232,2014,244,2021,6038,5794,2374.59
7230,2014,53,2019,5695,5642,10645.28
2532,2019,94766,2021,99879,5113,5.4
7233,2014,547,2021,3591,3044,556.49
7050,2019,417,2021,1760,1343,322.06
1574,2015,54,2021,715,661,1224.07
3945,2014,493,2021,1093,600,121.7
3944,2019,1071,2021,1542,471,43.98
1591,2019,5170,2021,5640,470,9.09
1538,2019,744,2021,1139,395,53.09
3978,2019,1096,2021,1393,297,27.1
6633,2019,27,2021,189,162,600.0
2777,2019,829,2021,976,147,17.73
462,2016,28,2021,126,98,350.0
2066,2019,63,2021,95,32,50.79
526,2019,391,2021,408,17,4.35
3103,2019,0,2021,14,14,
5855,2019,933,2021,945,12,1.29
3430,2019,8,2021,17,9,112.5
580,2019,0,2021,8,8,
4714,2014,4,2021,8,4,100.0
3029,2019,4,2021,8,4,100.0
3958,2014,0,2021,4,4,
5183,2019,6,2021,9,3,50.0
3630,2019,0,2021,2,2,
471,2019,0,2021,1,1,
3723,2014,0,2020,0,0,
2079,2021,713540,2021,713540,0,0.0
7538,2015,0,2021,0,0,
452,2014,0,2021,0,0,
3465,2021,8095268,2021,8095268,0,0.0
2836,2020,0,2020,0,0,
772,2017,0,2021,0,0,
1969,2021,17092,2021,17092,0,0.0
2089,2021,91856,2021,91856,0,0.0
4941,2019,0,2021,0,0,
632,2019,0,2021,0,0,
6064,2021,76116,2021,76116,0,0.0
6266,2021,229,2021,229,0,0.0
1824,2021,481602,2021,481602,0,0.0
2092,2021,1169093,2021,1169093,0,0.0
1996,2020,0,2020,0,0,
486,2019,0,2021,0,0,
4099,2014,0,2017,0,0,
477,2016,0,2021,0,0,
4127,2019,0,2021,0,0,
4195,2019,0,2021,0,0,
2246,2021,302059,2021,302059,0,0.0
5422,2021,21222,2021,21222,0,0.0
3932,2019,0,2021,0,0,
6978,2014,0,2015,0,0,
5337,2015,0,2017,0,0,
5381,2021,509965,2021,509965,0,0.0
1972,2021,1473168,2021,1473168,0,0.0
1976,2021,4945983,2021,4945983,0,0.0
688,2019,0,2021,0,0,
470,2019,0,2021,0,0,
4673,2019,0,2021,0,0,
2078,2021,2730880,2021,2730880,0,0.0
2,2014,0,2014,0,0,
4157,2014,0,2017,0,0,
3724,2014,0,2020,0,0,
8521,2019,3667720,2019,3667720,0,0.0
3517,2019,0,2021,0,0,
2233,2021,0,2021,0,0,
3140,2019,0,2021,0,0,
4058,2014,0,2021,0,0,
940,2019,0,2021,0,0,
4958,2019,0,2021,0,0,
5256,2021,4841451,2021,4841451,0,0.0
797,2017,0,2021,0,0,
9263,2020,0,2020,0,0,
6234,2017,0,2018,0,0,
1867,2021,187573,2021,187573,0,0.0
2977,2014,0,2018,0,0,
673,2014,0,2018,0,0,
2292,2021,1104571,2021,1104571,0,0.0
1732,2021,954823,2021,954823,0,0.0
4194,2019,0,2021,0,0,
1873,2021,2926490,2021,2926490,0,0.0
1986,2021,1425847,2021,1425847,0,0.0
2884,2014,0,2018,0,0,
2470,2017,0,2017,0,0,
4642,2014,0,2021,0,0,
625,2019,0,2021,0,0,
2415,2021,14206201,2021,14206201,0,0.0
5414,2021,545993,2021,545993,0,0.0
468,2018,0,2021,0,0,
350,2014,0,2021,0,0,
5382,2021,489924,2021,489924,0,0.0
1227,2021,656771,2021,656771,0,0.0
4623,2019,8,2021,8,0,0.0
1328,2014,0,2017,0,0,
3866,2016,0,2021,0,0,
4860,2019,0,2021,0,0,
2851,2014,0,2018,0,0,
6703,2017,0,2018,0,0,
1860,2021,830904,2021,830904,0,0.0
4312,2019,0,2021,0,0,
2844,2014,0,2015,0,0,
1990,2021,2108546,2021,2108546,0,0.0
3494,2021,393588,2021,393588,0,0.0
2165,2014,0,2014,0,0,
5152,2014,0,2019,0,0,
872,2019,256,2021,255,-1,-0.39
4708,2019,4,2021,2,-2,-50.0
475,2015,2,2021,0,-2,-100.0
4100,2019,2,2021,0,-2,-100.0
4693,2014,8,2021,6,-2,-25.0
3038,2019,4,2021,2,-2,-50.0
4619,2019,3,2021,0,-3,-100.0
2051,2019,12,2021,8,-4,-33.33
4663,2019,4,2021,0,-4,-100.0
485,2019,5,2021,0,-5,-100.0
4069,2014,5,2021,0,-5,-100.0
484,2016,12,2021,6,-6,-50.0
3847,2019,12,2021,0,-12,-100.0
4631,2014,18,2021,4,-14,-77.78
3100,2014,16,2021,0,-16,-100.0
1709,2015,20,2016,0,-20,-100.0
3512,2019,25,2021,0,-25,-100.0
4683,2019,144,2021,0,-144,-100.0
1110,2014,228,2021,79,-149,-65.35
3031,2014,195,2021,0,-195,-100.0
2689,2019,669,2021,296,-373,-55.75
4056,2014,376,2021,0,-376,-100.0
1314,2014,3043,2021,2664,-379,-12.45
5101,2016,4337,2021,3957,-380,-8.76
684,2014,380,2021,0,-380,-100.0
1756,2019,813,2021,396,-417,-51.29
3359,2014,1151,2021,571,-580,-50.39
553,2014,1920,2021,1226,-694,-36.15
1137,2014,2675,2021,1883,-792,-29.61
1543,2019,1495,2021,593,-902,-60.33
534,2014,5564,2021,4414,-1150,-20.67
443,2014,2994,2021,1304,-1690,-56.45
388,2014,3907,2021,1635,-2272,-58.15
4508,2014,2852,2021,0,-2852,-100.0
4316,2019,3161,2021,4,-3157,-99.87
3458,2014,50838,2021,46946,-3892,-7.66
2990,2014,5671,2021,450,-5221,-92.06
7987,2017,6341,2020,99,-6242,-98.44
193,2014,13464,2018,0,-13464,-100.0
1495,2020,380803,2021,363288,-17515,-4.6
6631,2014,4860256,2021,4837512,-22744,-0.47
6074,2014,3269636,2021,3232020,-37616,-1.15
4876,2014,244795,2021,205887,-38908,-15.89
1711,2019,5073688,2021,5024526,-49162,-0.97
1587,2014,52428,2019,0,-52428,-100.0
5940,2015,400804,2021,334059,-66745,-16.65
4918,2014,126484,2021,58965,-67519,-53.38
4705,2017,70941,2020,1283,-69658,-98.19
5342,2015,4922443,2021,4851023,-71420,-1.45
2469,2015,3775125,2021,3702027,-73098,-1.94
5371,2020,6028564,2021,5950633,-77931,-1.29
1448,2020,2918256,2021,2838471,-79785,-2.73
1473,2019,1131372,2021,1047716,-83656,-7.39
2032,2015,347889,2021,264211,-83678,-24.05
1484,2019,1597156,2021,1504704,-92452,-5.79
3211,2016,871172,2021,771615,-99557,-11.43
1324,2014,4651369,2021,4535539,-115830,-2.49
5397,2019,1945314,2021,1814790,-130524,-6.71
3275,2014,469124,2021,326731,-142393,-30.35
7667,2014,221629,2021,78629,-143000,-64.52
5114,2016,3679026,2021,3529836,-149190,-4.06
2351,2014,3459336,2021,3299218,-160118,-4.63
5261,2014,765970,2019,604008,-161962,-21.14
5109,2016,1461246,2021,1288344,-172902,-11.83
1212,2014,3658228,2021,3479395,-178833,-4.89
4877,2014,322723,2021,137392,-185331,-57.43
3045,2016,779464,2021,585755,-193709,-24.85
5030,2016,2290555,2021,2091086,-199469,-8.71
4926,2014,1544641,2021,1343113,-201528,-13.05
245,2016,2355911,2021,2151263,-204648,-8.69
2294,2014,296774,2021,88982,-207792,-70.02
2649,2014,5703712,2021,5494024,-209688,-3.68
790,2014,6708204,2021,6496691,-211513,-3.15
523,2016,882865,2021,670145,-212720,-24.09
2295,2014,3921832,2021,3707823,-214009,-5.46
2917,2014,525174,2021,309128,-216046,-41.14
5339,2014,3852274,2021,3636222,-216052,-5.61
2790,2016,3455094,2018,3232867,-222227,-6.43
4229,2016,1247857,2021,1019493,-228364,-18.3
2291,2019,2106950,2021,1878360,-228590,-10.85
2177,2015,1741905,2021,1511322,-230583,-13.24
6211,2014,3266646,2021,3035857,-230789,-7.07
3278,2014,488809,2021,257083,-231726,-47.41
4460,2014,10929669,2021,10681177,-248492,-2.27
5354,2016,2474021,2021,2225305,-248716,-10.05
3184,2017,1960380,2021,1707271,-253109,-12.91
4210,2014,10014426,2021,9756836,-257590,-2.57
5376,2020,3010734,2021,2747865,-262869,-8.73
5318,2014,3625275,2021,3357316,-267959,-7.39
242,2014,2529549,2021,2256981,-272568,-10.78
3109,2014,6893501,2021,6620315,-273186,-3.96
6307,2015,4105323,2021,3829561,-275762,-6.72
7664,2014,555401,2021,272281,-283120,-50.98
5127,2016,2895483,2021,2610707,-284776,-9.84
6066,2020,3321846,2021,3029363,-292483,-8.8
5141,2014,10727291,2021,10432975,-294316,-2.74
3282,2014,592376,2021,288724,-303652,-51.26
4588,2014,759507,2021,455118,-304389,-40.08
1263,2014,1092277,2021,778408,-313869,-28.74
6145,2017,2003317,2021,1686563,-316754,-15.81
1486,2019,2459725,2021,2142496,-317229,-12.9
3286,2017,1500894,2021,1180323,-320571,-21.36
6678,2014,3199810,2021,2878370,-321440,-10.05
1472,2019,2649009,2021,2324506,-324503,-12.25
6138,2014,4398729,2021,4068607,-330122,-7.5
3277,2014,657207,2021,322460,-334747,-50.93
4875,2014,629691,2021,294189,-335502,-53.28
1198,2014,6758456,2021,6402872,-355584,-5.26
349,2014,2530630,2019,2170269,-360361,-14.24
6801,2015,2632665,2021,2271315,-361350,-13.73
6270,2014,2970072,2021,2604844,-365228,-12.3
6070,2015,2569137,2021,2202513,-366624,-14.27
5032,2016,3002217,2021,2632992,-369225,-12.3
1218,2014,7064390,2021,6693246,-371144,-5.25
4411,2014,7292663,2021,6904802,-387861,-5.32
2490,2020,2628893,2021,2237257,-391636,-14.9
5831,2016,3630189,2021,3234827,-395362,-10.89
4945,2014,5487106,2021,5091700,-395406,-7.21
4215,2014,7230107,2021,6834166,-395941,-5.48
3046,2016,925867,2021,522061,-403806,-43.61
4865,2016,4286987,2021,3877735,-409252,-9.55
4609,2014,936197,2021,520374,-415823,-44.42
1586,2019,2862767,2021,2444286,-418481,-14.62
4889,2014,2124815,2021,1700360,-424455,-19.98
1300,2014,871944,2021,443525,-428419,-49.13
2031,2015,548870,2021,113957,-434913,-79.24
5841,2015,1799034,2021,1363250,-435784,-24.22
3666,2016,1666998,2021,1223692,-443306,-26.59
4142,2019,3818103,2021,3372580,-445523,-11.67
1431,2019,4090779,2021,3643683,-447096,-10.93
4586,2014,762645,2021,314404,-448241,-58.77
1763,2016,4908793,2020,4456524,-452269,-9.21
4529,2014,883941,2021,430320,-453621,-51.32
4572,2014,1231551,2021,771098,-460453,-37.39
5035,2016,3390989,2021,2930113,-460876,-13.59
2620,2016,1920020,2021,1453940,-466080,-24.27
1174,2014,5138739,2021,4666543,-472196,-9.19
3743,2016,626774,2017,147878,-478896,-76.41
529,2014,14392133,2021,13905586,-486547,-3.38
4603,2014,518069,2021,31064,-487005,-94.0
6340,2014,1270328,2021,782880,-487448,-38.37
1704,2015,5642688,2021,5151294,-491394,-8.71
5905,2019,3128774,2021,2637287,-491487,-15.71
1514,2016,4366408,2021,3870570,-495838,-11.36
4568,2014,798323,2021,297398,-500925,-62.75
4604,2014,869209,2021,366561,-502648,-57.83
4148,2014,4335369,2021,3832017,-503352,-11.61
4106,2014,1757133,2021,1252814,-504319,-28.7
6265,2014,7531559,2021,7015211,-516348,-6.86
3623,2014,967172,2021,448004,-519168,-53.68
1565,2015,5005170,2021,4483177,-521993,-10.43
1433,2020,5336228,2021,4813781,-522447,-9.79
2016,2014,5165374,2019,4639850,-525524,-10.17
1846,2019,3129267,2021,2602344,-526923,-16.84
3775,2016,2519022,2021,1992038,-526984,-20.92
4450,2014,4006522,2021,3479387,-527135,-13.16
3629,2016,2076769,2021,1549187,-527582,-25.4
3207,2016,3611703,2021,3082783,-528920,-14.64
1331,2014,8632689,2021,8101523,-531166,-6.15
4592,2014,915493,2021,375633,-539860,-58.97
5072,2014,3692678,2021,3143280,-549398,-14.88
5873,2014,3155891,2021,2604694,-551197,-17.47
3276,2014,1003374,2021,442475,-560899,-55.9
2915,2014,767765,2021,206861,-560904,-73.06
5852,2020,1683999,2021,1117064,-566935,-33.67
3223,2014,6381998,2021,5813324,-568674,-8.91
1360,2014,584976,2019,1291,-583685,-99.78
4607,2014,914037,2021,328655,-585382,-64.04
4895,2014,9136010,2021,8549085,-586925,-6.42
938,2014,7628001,2021,7039883,-588118,-7.71
5343,2020,2347936,2021,1752833,-595103,-25.35
1322,2014,4244659,2021,3641773,-602886,-14.2
3869,2014,1221124,2021,616558,-604566,-49.51
1258,2019,2061547,2021,1454336,-607211,-29.45
5033,2016,3472198,2021,2859014,-613184,-17.66
6293,2014,6842060,2021,6220414,-621646,-9.09
5340,2015,1545267,2021,921671,-623596,-40.36
4452,2014,1015407,2021,391420,-623987,-61.45
4185,2016,3706013,2021,3081261,-624752,-16.86
4486,2014,5894776,2021,5265917,-628859,-10.67
2911,2014,799085,2021,169258,-629827,-78.82
6690,2017,2768796,2021,2134578,-634218,-22.91
2703,2016,3040448,2021,2401171,-639277,-21.03
1521,2014,2011446,2021,1361323,-650123,-32.32
1746,2016,3227436,2021,2575786,-651650,-20.19
4940,2019,2555780,2021,1902113,-653667,-25.58
3104,2016,5045067,2021,4389947,-655120,-12.99
4433,2014,5252940,2021,4596595,-656345,-12.49
627,2019,1955590,2021,1290631,-664959,-34.0
5300,2016,5022928,2021,4353869,-669059,-13.32
5662,2019,2920130,2021,2248796,-671334,-22.99
5241,2014,2181702,2021,1507616,-674086,-30.9
6610,2019,1534275,2021,859849,-674426,-43.96
4511,2014,2196721,2021,1521328,-675393,-30.75
6122,2014,4029133,2021,3353461,-675672,-16.77
1149,2019,4269768,2021,3587621,-682147,-15.98
5097,2020,2798461,2021,2114339,-684122,-24.45
1712,2016,6971764,2021,6282544,-689220,-9.89
5661,2019,3334895,2021,2644378,-690517,-20.71
4590,2014,1007326,2021,316789,-690537,-68.55
4578,2014,2506619,2021,1813246,-693373,-27.66
1262,2014,5991706,2021,5291423,-700283,-11.69
5048,2014,3642179,2021,2923896,-718283,-19.72
2492,2020,3210059,2021,2486725,-723334,-22.53
1491,2019,1854298,2021,1127947,-726351,-39.17
6311,2019,2699007,2021,1955705,-743302,-27.54
6142,2020,2522897,2021,1775013,-747884,-29.64
1432,2019,4376798,2021,3601622,-775176,-17.71
3295,2020,3620388,2021,2843967,-776421,-21.45
1562,2015,7662118,2021,6885363,-776755,-10.14
2980,2016,2765764,2021,1988781,-776983,-28.09
4819,2014,6860687,2021,6083218,-777469,-11.33
3135,2014,3642836,2019,2862241,-780595,-21.43
4908,2014,1424150,2021,639020,-785130,-55.13
5230,2016,6815703,2021,6014916,-800787,-11.75
1343,2014,6973176,2021,6148400,-824776,-11.83
6657,2014,2252748,2021,1420685,-832063,-36.94
1320,2014,4861874,2021,4029092,-832782,-17.13
5170,2014,3201157,2021,2367192,-833965,-26.05
896,2014,8239865,2021,7397396,-842469,-10.22
5099,2016,3420374,2021,2575911,-844463,-24.69
1017,2014,5139400,2021,4293959,-845441,-16.45
1482,2019,2538889,2021,1692823,-846066,-33.32
5287,2014,3741979,2021,2894341,-847638,-22.65
1381,2019,2464084,2021,1603607,-860477,-34.92
1205,2014,6456757,2021,5592464,-864293,-13.39
927,2014,7525291,2021,6659602,-865689,-11.5
4498,2014,4105758,2021,3238624,-867134,-21.12
5229,2014,2115223,2021,1243334,-871889,-41.22
955,2014,2346284,2021,1463906,-882378,-37.61
4244,2014,2836804,2021,1952223,-884581,-31.18
1887,2020,2629451,2021,1736011,-893440,-33.98
5157,2014,4224316,2021,3329918,-894398,-21.17
4259,2016,2856082,2021,1957168,-898914,-31.47
3665,2014,2801875,2021,1902527,-899348,-32.1
2497,2020,1588888,2021,688246,-900642,-56.68
4597,2014,6202058,2021,5293019,-909039,-14.66
6660,2014,5891523,2021,4981339,-910184,-15.45
4616,2014,4125143,2021,3211833,-913310,-22.14
1717,2016,7264188,2021,6348920,-915268,-12.6
3210,2014,4388750,2021,3465034,-923716,-21.05
2967,2014,2933080,2021,2008399,-924681,-31.53
823,2016,3071833,2021,2142877,-928956,-30.24
4959,2014,6481022,2021,5544642,-936380,-14.45
5014,2014,12432913,2021,11491688,-941225,-7.57
4133,2014,2352206,2021,1408275,-943931,-40.13
5331,2016,7253923,2021,6305310,-948613,-13.08
5005,2014,7079507,2021,6128200,-951307,-13.44
5845,2014,1966123,2021,1013968,-952155,-48.43
3649,2019,2394580,2021,1441326,-953254,-39.81
3257,2014,6502006,2021,5547307,-954699,-14.68
6670,2014,3529295,2021,2571086,-958209,-27.15
6099,2019,5067812,2021,4102822,-964990,-19.04
6411,2014,2564196,2021,1596615,-967581,-37.73
1478,2019,4214084,2021,3231983,-982101,-23.31
3336,2014,9270750,2021,8278870,-991880,-10.7
5395,2019,3348943,2021,2350493,-998450,-29.81
2531,2019,4761901,2021,3762991,-998910,-20.98
567,2014,8884211,2021,7876661,-1007550,-11.34
5040,2014,3146871,2021,2137840,-1009031,-32.06
1550,2016,2415282,2021,1402025,-1013257,-41.95
5321,2019,4518254,2021,3499507,-1018747,-22.55
1329,2019,7882924,2021,6863878,-1019046,-12.93
1533,2014,4685812,2021,3657483,-1028329,-21.95
5237,2014,7058479,2021,6026385,-1032094,-14.62
5059,2016,5081236,2021,4045918,-1035318,-20.38
4163,2014,2513811,2021,1477786,-1036025,-41.21
5851,2020,2814505,2021,1763116,-1051389,-37.36
3950,2014,3696814,2021,2638757,-1058057,-28.62
3967,2014,2715266,2021,1652204,-1063062,-39.15
4227,2014,1962577,2021,898314,-1064263,-54.23
5415,2020,4425560,2021,3358793,-1066767,-24.1
1901,2014,3661134,2021,2574201,-1086933,-29.69
1943,2014,3229809,2021,2139927,-1089882,-33.74
1034,2014,2905635,2021,1813437,-1092198,-37.59
6047,2019,2171963,2021,1077127,-1094836,-50.41
571,2014,3718078,2021,2607213,-1110865,-29.88
4861,2014,6826197,2021,5701785,-1124412,-16.47
285,2015,5038697,2021,3913736,-1124961,-22.33
4261,2014,2640216,2021,1513747,-1126469,-42.67
707,2014,3864420,2021,2733407,-1131013,-29.27
5813,2014,1921496,2021,770324,-1151172,-59.91
1548,2014,3916437,2021,2764949,-1151488,-29.4
779,2014,6415429,2021,5262611,-1152818,-17.97
4512,2014,2227637,2021,1072370,-1155267,-51.86
2965,2019,6593612,2021,5436246,-1157366,-17.55
3097,2014,2568033,2021,1403501,-1164532,-45.35
6665,2014,2268029,2021,1084989,-1183040,-52.16
461,2014,2834353,2021,1648738,-1185615,-41.83
2890,2014,2472614,2021,1285077,-1187537,-48.03
1323,2019,5809301,2021,4620832,-1188469,-20.46
1188,2014,2739018,2021,1544454,-1194564,-43.61
5251,2016,4078290,2021,2882810,-1195480,-29.31
2755,2014,3376214,2021,2178323,-1197891,-35.48
3796,2014,3177847,2021,1949618,-1228229,-38.65
2085,2019,3226347,2021,1997286,-1229061,-38.09
4835,2014,3110117,2021,1866580,-1243537,-39.98
2014,2016,4585895,2021,3334758,-1251137,-27.28
5294,2014,4221401,2019,2958353,-1263048,-29.92
3152,2019,2739762,2021,1475052,-1264710,-46.16
3768,2014,3251445,2021,1976181,-1275264,-39.22
6655,2014,2729600,2021,1450533,-1279067,-46.86
1211,2014,8091532,2021,6811553,-1279979,-15.82
2399,2014,7011426,2021,5731233,-1280193,-18.26
2819,2014,5156421,2021,3872251,-1284170,-24.9
3394,2014,2117126,2021,827155,-1289971,-60.93
4917,2014,2285435,2021,991494,-1293941,-56.62
2053,2014,7781471,2021,6486831,-1294640,-16.64
5364,2019,3531324,2021,2222921,-1308403,-37.05
4190,2014,4096826,2021,2777856,-1318970,-32.19
4154,2014,7315553,2021,5994410,-1321143,-18.06
1313,2014,5007176,2021,3685355,-1321821,-26.4
4253,2014,4231332,2021,2908986,-1322346,-31.25
2754,2014,3265187,2021,1939042,-1326145,-40.61
5416,2020,4336575,2021,3008251,-1328324,-30.63
2015,2014,1331398,2021,1805,-1329593,-99.86
4571,2014,1999263,2021,656023,-1343240,-67.19
3368,2020,7732284,2021,6387211,-1345073,-17.4
465,2016,4202369,2021,2854143,-1348226,-32.08
1361,2014,3937661,2021,2579647,-1358014,-34.49
565,2014,4520961,2021,3155120,-1365841,-30.21
1498,2019,5384052,2021,4010247,-1373805,-25.52
5937,2014,3297762,2021,1918885,-1378877,-41.81
4398,2014,5049255,2021,3670104,-1379151,-27.31
6065,2019,3236781,2021,1847538,-1389243,-42.92
5313,2014,15359090,2021,13968090,-1391000,-9.06
1719,2017,7663888,2021,6269412,-1394476,-18.2
4596,2014,2054171,2021,655382,-1398789,-68.1
3790,2014,7775102,2021,6375660,-1399442,-18.0
1043,2014,2998710,2021,1599268,-1399442,-46.67
2220,2019,3543105,2021,2143652,-1399453,-39.5
1235,2014,8651479,2021,7250445,-1401034,-16.19
1325,2014,5365339,2021,3963038,-1402301,-26.14
1449,2019,2973434,2021,1564184,-1409250,-47.39
5345,2016,4955799,2021,3542289,-1413510,-28.52
4491,2014,5042710,2021,3628382,-1414328,-28.05
1146,2014,5890309,2021,4471130,-1419179,-24.09
1526,2014,3598456,2021,2156348,-1442108,-40.08
2976,2014,3416663,2021,1968166,-1448497,-42.4
3202,2014,3322415,2021,1873322,-1449093,-43.62
2186,2014,4476009,2021,3021601,-1454408,-32.49
1142,2014,2582842,2021,1127783,-1455059,-56.34
5027,2014,3073226,2021,1610810,-1462416,-47.59
4469,2014,2838714,2021,1374542,-1464172,-51.58
568,2014,2962695,2021,1495684,-1467011,-49.52
1805,2019,4330894,2021,2860029,-1470865,-33.96
1036,2014,3944638,2021,2465950,-1478688,-37.49
891,2014,4163337,2021,2684149,-1479188,-35.53
5410,2020,6593091,2021,5110878,-1482213,-22.48
6235,2014,3722800,2021,2235221,-1487579,-39.96
5939,2014,3131882,2021,1643647,-1488235,-47.52
3962,2014,3183483,2021,1678171,-1505312,-47.29
1509,2014,7303951,2021,5796155,-1507796,-20.64
1508,2014,3659237,2021,2145796,-1513441,-41.36
1700,2016,9040132,2021,7524912,-1515220,-16.76
6144,2019,5222165,2021,3699182,-1522983,-29.16
4555,2014,2514130,2021,988739,-1525391,-60.67
4299,2014,4047157,2021,2520134,-1527023,-37.73
917,2014,4625342,2021,3097797,-1527545,-33.03
1047,2014,4833269,2021,3296622,-1536647,-31.79
4209,2014,2265760,2021,722728,-1543032,-68.1
3764,2014,3991590,2021,2446084,-1545506,-38.72
4589,2014,3239467,2021,1693602,-1545865,-47.72
4972,2014,7642740,2021,6095407,-1547333,-20.25
4825,2014,3580654,2021,2032153,-1548501,-43.25
694,2014,2966591,2021,1415594,-1550997,-52.28
4243,2014,4046733,2021,2493713,-1553020,-38.38
4666,2014,8250729,2021,6687431,-1563298,-18.95
2897,2014,4159355,2021,2590138,-1569217,-37.73
5053,2014,3250557,2021,1680530,-1570027,-48.3
2999,2014,2521995,2021,949208,-1572787,-62.36
4634,2014,2913527,2021,1335332,-1578195,-54.17
1238,2014,4965086,2021,3372937,-1592149,-32.07
5233,2014,3842359,2021,2249705,-1592654,-41.45
1299,2014,3557619,2021,1959420,-1598199,-44.92
5290,2014,4368484,2021,2767547,-1600937,-36.65
4844,2014,4869298,2021,3258540,-1610758,-33.08
2815,2014,15702305,2021,14089882,-1612423,-10.27
1982,2019,9547429,2021,7934803,-1612626,-16.89
1063,2014,10272442,2021,8657385,-1615057,-15.72
6400,2014,3514696,2021,1892610,-1622086,-46.15
6405,2014,3135922,2021,1507161,-1628761,-51.94
3961,2014,3129627,2021,1487861,-1641766,-52.46
1037,2014,5126785,2021,3484254,-1642531,-32.04
4298,2014,9363632,2021,7717889,-1645743,-17.58
4587,2014,2975955,2021,1322288,-1653667,-55.57
5044,2014,3404745,2021,1747152,-1657593,-48.68
2570,2014,5116277,2021,3452655,-1663622,-32.52
597,2014,5353690,2021,3684124,-1669566,-31.19
949,2019,3055201,2021,1385247,-1669954,-54.66
7662,2014,1672773,2018,0,-1672773,-100.0
1561,2015,6386062,2021,4711265,-1674797,-26.23
3872,2014,3060843,2021,1375388,-1685455,-55.07
5113,2014,4396101,2021,2706272,-1689829,-38.44
6077,2014,5262389,2021,3565132,-1697257,-32.25
5872,2014,3766495,2021,2063883,-1702612,-45.2
3910,2014,3979811,2021,2268325,-1711486,-43.0
1069,2014,3480872,2021,1765398,-1715474,-49.28
1493,2019,5074216,2021,3353340,-1720876,-33.91
4245,2014,2747435,2021,1026141,-1721294,-62.65
6124,2014,3602244,2021,1880742,-1721502,-47.79
6121,2014,5245043,2021,3517297,-1727746,-32.94
6271,2014,3093072,2021,1360230,-1732842,-56.02
5050,2014,5823144,2021,4087399,-1735745,-29.81
6120,2014,4084577,2021,2346468,-1738109,-42.55
6196,2014,4348589,2021,2609503,-1739086,-39.99
3416,2014,3115795,2021,1367823,-1747972,-56.1
4792,2014,4320999,2021,2571859,-1749140,-40.48
3819,2014,5614091,2021,3862187,-1751904,-31.21
4898,2016,3434539,2021,1680923,-1753616,-51.06
6217,2014,4643391,2021,2889677,-1753714,-37.77
6336,2014,6548761,2021,4793856,-1754905,-26.8
6250,2014,4268910,2021,2510015,-1758895,-41.2
3436,2014,3030647,2021,1271654,-1758993,-58.04
4507,2014,3756822,2021,1995192,-1761630,-46.89
5179,2014,3945272,2021,2181025,-1764247,-44.72
6407,2014,3986073,2021,2221379,-1764694,-44.27
328,2014,4800858,2021,3032213,-1768645,-36.84
6034,2019,3797463,2021,2027199,-1770264,-46.62
3755,2014,3693832,2021,1920600,-1773232,-48.01
2970,2014,5603249,2021,3827121,-1776128,-31.7
5132,2014,4243751,2021,2467037,-1776714,-41.87
6461,2014,3928882,2021,2151285,-1777597,-45.24
3166,2019,7985043,2021,6202829,-1782214,-22.32
5001,2016,4086820,2021,2292725,-1794095,-43.9
2872,2014,11186097,2021,9386903,-1799194,-16.08
2914,2014,4112860,2021,2312596,-1800264,-43.77
4828,2014,7182226,2020,5380490,-1801736,-25.09
3376,2014,26329429,2021,24527112,-1802317,-6.85
2931,2014,2971439,2021,1166403,-1805036,-60.75
3800,2019,5285804,2021,3479498,-1806306,-34.17
5328,2014,11646628,2021,9836031,-1810597,-15.55
4732,2014,3281861,2021,1469767,-1812094,-55.22
4137,2019,3691010,2021,1876309,-1814701,-49.17
3404,2014,3930376,2021,2110435,-1819941,-46.3
4354,2014,5866548,2021,4040123,-1826425,-31.13
3880,2014,5075637,2021,3243344,-1832293,-36.1
5319,2014,5473228,2021,3640720,-1832508,-33.48
2951,2014,3048486,2021,1213661,-1834825,-60.19
6673,2014,5172694,2021,3336751,-1835943,-35.49
2023,2014,5271641,2021,3434909,-1836732,-34.84
5913,2014,6152881,2021,4313522,-1839359,-29.89
2691,2014,3295854,2021,1454933,-1840921,-55.86
160,2014,3373323,2021,1530616,-1842707,-54.63
2679,2014,4875225,2021,3009899,-1865326,-38.26
834,2014,5018588,2021,3151123,-1867465,-37.21
5812,2014,3596730,2021,1728309,-1868421,-51.95
4429,2014,3504108,2021,1623515,-1880593,-53.67
5610,2014,4466663,2021,2583385,-1883278,-42.16
2643,2014,3709236,2021,1819417,-1889819,-50.95
3142,2014,4350525,2021,2458992,-1891533,-43.48
4496,2014,4024467,2021,2124653,-1899814,-47.21
1204,2014,3548728,2021,1647136,-1901592,-53.59
1157,2014,6706259,2021,4797054,-1909205,-28.47
2879,2014,11968272,2021,10054622,-1913650,-15.99
3403,2014,3360913,2021,1442095,-1918818,-57.09
385,2014,3773095,2021,1854099,-1918996,-50.86
2653,2014,4188066,2021,2259467,-1928599,-46.05
3254,2017,4674728,2021,2741855,-1932873,-41.35
2948,2014,4517327,2021,2582021,-1935306,-42.84
1476,2019,8869538,2021,6932771,-1936767,-21.84
243,2014,4835598,2021,2897478,-1938120,-40.08
6451,2014,4660437,2021,2721825,-1938612,-41.6
5151,2014,5294878,2021,3349700,-1945178,-36.74
6206,2014,4622845,2021,2674100,-1948745,-42.15
3957,2014,5950846,2021,3999661,-1951185,-32.79
4256,2014,4112321,2021,2157930,-1954391,-47.53
4798,2014,3617997,2021,1661931,-1956066,-54.06
4077,2014,3478328,2021,1520533,-1957795,-56.29
3508,2014,3929207,2021,1969048,-1960159,-49.89
5024,2014,3879523,2021,1916943,-1962580,-50.59
6208,2014,4057440,2021,2087916,-1969524,-48.54
6197,2014,4000883,2021,2027346,-1973537,-49.33
808,2014,4293013,2021,2318666,-1974347,-45.99
4096,2014,3537997,2021,1559062,-1978935,-55.93
3482,2014,6195026,2021,4210405,-1984621,-32.04
2822,2014,9187510,2021,7202242,-1985268,-21.61
2888,2014,3440780,2021,1455441,-1985339,-57.7
2693,2014,3600505,2021,1611950,-1988555,-55.23
5115,2014,4188520,2021,2192548,-1995972,-47.65
4894,2014,3136935,2021,1139205,-1997730,-63.68
2757,2014,3957487,2021,1958480,-1999007,-50.51
2682,2014,5808039,2021,3803520,-2004519,-34.51
1176,2014,4095464,2021,2090883,-2004581,-48.95
4822,2014,3569188,2021,1560897,-2008291,-56.27
1477,2019,13085463,2021,11069793,-2015670,-15.4
5185,2014,4321366,2021,2304470,-2016896,-46.67
3410,2014,2391517,2021,372480,-2019037,-84.42
5041,2014,3883191,2021,1863536,-2019655,-52.01
4960,2014,4039348,2021,2019603,-2019745,-50.0
817,2014,3795291,2021,1769632,-2025659,-53.37
1234,2014,9503870,2021,7472510,-2031360,-21.37
2318,2014,6585744,2021,4554101,-2031643,-30.85
4679,2014,6889263,2021,4852955,-2036308,-29.56
6283,2014,3492395,2021,1451011,-2041384,-58.45
6614,2014,3718996,2021,1677366,-2041630,-54.9
3014,2019,4977474,2021,2933286,-2044188,-41.07
294,2019,4403517,2021,2359193,-2044324,-46.42
5025,2014,3121490,2021,1075556,-2045934,-65.54
4254,2014,4451753,2021,2405749,-2046004,-45.96
3550,2014,6180567,2021,4121744,-2058823,-33.31
3631,2014,4367894,2021,2305824,-2062070,-47.21
4887,2014,3749188,2021,1686585,-2062603,-55.01
2906,2014,5556396,2021,3493550,-2062846,-37.13
1347,2014,3958365,2021,1892726,-2065639,-52.18
3584,2016,4943233,2021,2877407,-2065826,-41.79
4718,2014,3610716,2021,1543169,-2067547,-57.26
4582,2014,4337924,2021,2266093,-2071831,-47.76
4352,2014,4482766,2021,2409221,-2073545,-46.26
730,2014,4391121,2021,2314189,-2076932,-47.3
5876,2014,4702761,2021,2625806,-2076955,-44.16
5077,2014,5692185,2021,3602006,-2090179,-36.72
2025,2014,5022525,2021,2931704,-2090821,-41.63
1346,2014,6817951,2021,4713000,-2104951,-30.87
1053,2014,3916818,2021,1806454,-2110364,-53.88
5000,2014,8638382,2021,6527655,-2110727,-24.43
2571,2014,5134426,2021,3022503,-2111923,-41.13
6615,2014,4831058,2021,2717842,-2113216,-43.74
2688,2014,7695833,2021,5579350,-2116483,-27.5
213,2016,5162565,2021,3041814,-2120751,-41.08
2514,2014,4692940,2021,2566137,-2126803,-45.32
5071,2014,6361291,2021,4232729,-2128562,-33.46
4964,2014,5199051,2021,3065071,-2133980,-41.05
554,2014,5283566,2021,3148314,-2135252,-40.41
4481,2014,4664243,2021,2527705,-2136538,-45.81
5291,2014,5859186,2021,3720255,-2138931,-36.51
3546,2014,3844780,2021,1700622,-2144158,-55.77
610,2014,8762488,2021,6612886,-2149602,-24.53
5070,2014,4738573,2021,2588367,-2150206,-45.38
1251,2014,5331365,2021,3165246,-2166119,-40.63
4287,2014,4037286,2021,1862559,-2174727,-53.87
4489,2014,5045909,2021,2868285,-2177624,-43.16
1744,2017,10841067,2021,8663118,-2177949,-20.09
3087,2014,4358503,2021,2176413,-2182090,-50.07
3906,2014,4816118,2021,2633980,-2182138,-45.31
6822,2014,5637383,2021,3453598,-2183785,-38.74
4605,2014,4613624,2021,2429795,-2183829,-47.33
3636,2014,4679218,2021,2492935,-2186283,-46.72
4637,2014,4306810,2021,2118473,-2188337,-50.81
2621,2014,4879554,2021,2691147,-2188407,-44.85
5836,2014,2227377,2021,38716,-2188661,-98.26
3092,2014,5036197,2021,2844942,-2191255,-43.51
2355,2014,3893011,2021,1695407,-2197604,-56.45
3973,2014,3306135,2021,1107097,-2199038,-66.51
5603,2014,4350970,2021,2151314,-2199656,-50.56
4482,2014,9974340,2021,7773682,-2200658,-22.06
3942,2014,4934801,2021,2723496,-2211305,-44.81
5881,2014,5871107,2021,3659507,-2211600,-37.67
5310,2014,5149780,2021,2936778,-2213002,-42.97
6421,2014,4193207,2021,1979002,-2214205,-52.8
5412,2020,5233543,2021,3014063,-2219480,-42.41
1152,2014,5482712,2021,3258325,-2224387,-40.57
315,2014,4080223,2021,1853698,-2226525,-54.57
1342,2014,4186577,2021,1956072,-2230505,-53.28
2864,2014,12243489,2021,10012121,-2231368,-18.22
968,2014,5789860,2021,3557027,-2232833,-38.56
4320,2014,4702789,2021,2468811,-2233978,-47.5
3437,2014,4566091,2021,2330297,-2235794,-48.97
6275,2014,4497855,2021,2255033,-2242822,-49.86
2742,2014,3885599,2021,1641188,-2244411,-57.76
5190,2014,6667573,2021,4420809,-2246764,-33.7
5161,2014,5362784,2021,3115175,-2247609,-41.91
6288,2014,7669578,2021,5414789,-2254789,-29.4
6216,2014,5169413,2021,2912931,-2256482,-43.65
6214,2014,5952062,2021,3690104,-2261958,-38.0
2566,2014,6993886,2021,4731116,-2262770,-32.35
2348,2014,4574455,2021,2310628,-2263827,-49.49
1387,2014,4648951,2021,2384603,-2264348,-48.71
3844,2014,4611742,2021,2340895,-2270847,-49.24
3989,2014,3871077,2021,1600106,-2270971,-58.67
2988,2014,4505041,2021,2229421,-2275620,-50.51
972,2014,5897786,2021,3617610,-2280176,-38.66
3959,2014,6255772,2021,3973606,-2282166,-36.48
6649,2019,5650261,2021,3361820,-2288441,-40.5
3484,2014,4750710,2021,2457178,-2293532,-48.28
739,2014,4625571,2021,2330375,-2295196,-49.62
4330,2014,5828063,2021,3530830,-2297233,-39.42
6404,2014,4390145,2021,2091685,-2298460,-52.35
545,2014,4054997,2021,1752958,-2302039,-56.77
2176,2014,5424042,2021,3121041,-2303001,-42.46
6198,2014,5272356,2021,2966054,-2306302,-43.74
4943,2014,5792234,2021,3484243,-2307991,-39.85
185,2014,18273027,2021,15964663,-2308364,-12.63
5811,2014,3957476,2021,1647729,-2309747,-58.36
2517,2014,4805995,2021,2492521,-2313474,-48.14
5346,2016,9409063,2021,7095009,-2314054,-24.59
2723,2014,4718433,2021,2395362,-2323071,-49.23
474,2016,5949970,2021,3624561,-2325409,-39.08
555,2014,5547163,2021,3213700,-2333463,-42.07
4846,2014,4353640,2021,2018483,-2335157,-53.64
1225,2014,4788413,2021,2452560,-2335853,-48.78
1197,2014,15464600,2021,13127873,-2336727,-15.11
4910,2014,5541177,2021,3201254,-2339923,-42.23
5320,2014,6013807,2021,3672719,-2341088,-38.93
4776,2014,6764523,2021,4423148,-2341375,-34.61
5199,2014,5375437,2021,3028435,-2347002,-43.66
6654,2014,4414211,2021,2065338,-2348873,-53.21
953,2014,5097780,2021,2742566,-2355214,-46.2
4484,2014,6633537,2021,4276439,-2357098,-35.53
720,2014,6310972,2021,3953772,-2357200,-37.35
3718,2014,4458956,2021,2095778,-2363178,-53.0
3180,2014,7613298,2021,5249975,-2363323,-31.04
3499,2014,5352801,2021,2988010,-2364791,-44.18
5809,2014,5302296,2021,2936176,-2366120,-44.62
1377,2014,4758849,2021,2388498,-2370351,-49.81
6273,2014,5367061,2021,2996620,-2370441,-44.17
3214,2014,6596160,2021,4222861,-2373299,-35.98
5212,2014,6874573,2021,4500583,-2373990,-34.53
4504,2014,5338399,2021,2958713,-2379686,-44.58
4476,2014,3893493,2021,1509449,-2384044,-61.23
5236,2014,8975445,2021,6588456,-2386989,-26.59
695,2014,4550119,2021,2159971,-2390148,-52.53
3771,2014,8977701,2021,6582681,-2395020,-26.68
5026,2014,6239376,2021,3841145,-2398231,-38.44
879,2014,5128065,2021,2725957,-2402108,-46.84
2783,2014,4437417,2021,2034395,-2403022,-54.15
4979,2014,7269602,2021,4862458,-2407144,-33.11
986,2014,5223834,2021,2815254,-2408580,-46.11
5081,2014,4173970,2021,1761880,-2412090,-57.79
4928,2014,5331337,2021,2917826,-2413511,-45.27
5235,2014,9273582,2021,6857195,-2416387,-26.06
5135,2014,5852659,2021,3435397,-2417262,-41.3
3806,2014,6287130,2021,3868351,-2418779,-38.47
550,2014,6055458,2021,3635535,-2419923,-39.96
3047,2014,5106708,2021,2684238,-2422470,-47.44
3117,2014,5497831,2021,3073966,-2423865,-44.09
4076,2014,5024814,2021,2599809,-2425005,-48.26
908,2019,5664142,2021,3235861,-2428281,-42.87
748,2014,4672755,2021,2235937,-2436818,-52.15
1698,2016,12158992,2021,9720591,-2438401,-20.05
2895,2014,12607999,2021,10166768,-2441231,-19.36
3176,2014,5801949,2021,3357244,-2444705,-42.14
5084,2014,4786825,2021,2338582,-2448243,-51.15
301,2014,7196551,2021,4735569,-2460982,-34.2
3498,2014,5534689,2021,3071067,-2463622,-44.51
273,2014,4798001,2021,2333287,-2464714,-51.37
1079,2014,4662219,2021,2196679,-2465540,-52.88
229,2014,4421608,2021,1953397,-2468211,-55.82
4108,2014,4765709,2021,2296040,-2469669,-51.82
4322,2014,4307000,2021,1836658,-2470342,-57.36
5198,2014,6589667,2021,4117422,-2472245,-37.52
5028,2014,3883154,2021,1410587,-2472567,-63.67
3794,2014,3732906,2021,1258612,-2474294,-66.28
5830,2014,4858924,2021,2384279,-2474645,-50.93
5074,2014,6139072,2021,3661794,-2477278,-40.35
1177,2014,4223458,2021,1740889,-2482569,-58.78
5808,2014,5771802,2021,3288498,-2483304,-43.02
658,2019,4929038,2021,2445581,-2483457,-50.38
5232,2014,4015086,2021,1531126,-2483960,-61.87
6641,2014,4870826,2021,2381478,-2489348,-51.11
2202,2014,4424746,2021,1933799,-2490947,-56.3
4344,2014,4892125,2021,2400395,-2491730,-50.93
6290,2014,6974837,2021,4480323,-2494514,-35.76
2662,2014,5424783,2021,2927299,-2497484,-46.04
3823,2014,6706317,2021,4207734,-2498583,-37.26
3719,2014,6376383,2021,3876174,-2500209,-39.21
5112,2014,4180104,2021,1678634,-2501470,-59.84
4097,2014,4532252,2021,2029010,-2503242,-55.23
654,2014,4594399,2021,2090262,-2504137,-54.5
1048,2014,5517836,2021,3011980,-2505856,-45.41
5607,2014,4807028,2021,2301124,-2505904,-52.13
5186,2014,5770751,2021,3256575,-2514176,-43.57
4904,2014,4832792,2021,2316624,-2516168,-52.06
6287,2014,6538125,2021,4017651,-2520474,-38.55
4938,2014,5805886,2021,3285172,-2520714,-43.42
4856,2014,5385799,2021,2863245,-2522554,-46.84
1297,2014,5458519,2021,2927355,-2531164,-46.37
6274,2014,5089617,2021,2558107,-2531510,-49.74
4238,2014,4872724,2021,2341170,-2531554,-51.95
4738,2014,5217098,2021,2679378,-2537720,-48.64
3043,2014,5074953,2021,2536659,-2538294,-50.02
4416,2014,7795174,2021,5256026,-2539148,-32.57
4503,2014,5476165,2021,2936729,-2539436,-46.37
5049,2014,4788930,2021,2240545,-2548385,-53.21
3443,2014,4570614,2021,2021452,-2549162,-55.77
4971,2014,7819639,2021,5269755,-2549884,-32.61
4400,2014,8437261,2021,5882640,-2554621,-30.28
3355,2014,6456606,2021,3896495,-2560111,-39.65
4003,2014,5027523,2021,2464567,-2562956,-50.98
721,2014,5564570,2021,2999484,-2565086,-46.1
155,2014,5380936,2021,2812696,-2568240,-47.73
812,2014,5304785,2021,2735235,-2569550,-48.44
2655,2014,7815564,2021,5244135,-2571429,-32.9
6232,2014,5340578,2021,2767503,-2573075,-48.18
1180,2014,7095244,2021,4519292,-2575952,-36.31
3398,2014,12627728,2021,10051068,-2576660,-20.4
4872,2014,4832552,2021,2250278,-2582274,-53.43
1350,2014,5103934,2021,2518050,-2585884,-50.66
3577,2016,5849888,2021,3262707,-2587181,-44.23
6403,2014,5019168,2021,2420803,-2598365,-51.77
4728,2014,5284191,2021,2683758,-2600433,-49.21
6333,2014,7280153,2021,4679454,-2600699,-35.72
2748,2014,4551979,2021,1951112,-2600867,-57.14
3848,2014,4823698,2021,2218762,-2604936,-54.0
4339,2014,4638457,2021,2031363,-2607094,-56.21
3851,2014,5310400,2021,2701185,-2609215,-49.13
300,2014,10253240,2021,7638039,-2615201,-25.51
517,2014,5570970,2021,2949462,-2621508,-47.06
3567,2014,6407749,2021,3784567,-2623182,-40.94
5348,2016,5002292,2021,2374692,-2627600,-52.53
4870,2014,5175202,2021,2545470,-2629732,-50.81
3442,2014,5528944,2021,2898656,-2630288,-47.57
706,2014,5182637,2021,2550974,-2631663,-50.78
4998,2014,5801344,2021,3168252,-2633092,-45.39
697,2014,5856336,2021,3222225,-2634111,-44.98
4795,2014,6559281,2021,3922932,-2636349,-40.19
3605,2014,5814032,2021,3176178,-2637854,-45.37
2743,2014,6679319,2021,4038001,-2641318,-39.54
3356,2014,5515814,2021,2864327,-2651487,-48.07
2908,2014,7337767,2021,4685994,-2651773,-36.14
6643,2014,5161590,2021,2505907,-2655683,-51.45
4888,2014,6768790,2021,4110634,-2658156,-39.27
1697,2016,11053041,2021,8391990,-2661051,-24.08
5056,2014,7235863,2021,4574470,-2661393,-36.78
643,2014,4462257,2021,1797996,-2664261,-59.71
3831,2014,5866652,2021,3197100,-2669552,-45.5
5807,2014,6361950,2021,3691610,-2670340,-41.97
4932,2014,12323119,2021,9652158,-2670961,-21.67
4515,2014,3847653,2021,1170359,-2677294,-69.58
616,2014,5515518,2021,2836979,-2678539,-48.56
552,2014,5939863,2021,3255500,-2684363,-45.19
1141,2014,4538043,2021,1851144,-2686899,-59.21
3805,2014,4960589,2021,2271934,-2688655,-54.2
147,2014,5369715,2021,2676191,-2693524,-50.16
2969,2014,6162250,2021,3468691,-2693559,-43.71
2718,2014,5546308,2021,2850967,-2695341,-48.6
1726,2019,5520564,2021,2824063,-2696501,-48.84
3795,2014,4984643,2021,2285844,-2698799,-54.14
3438,2014,4810984,2021,2111886,-2699098,-56.1
2652,2014,6661977,2021,3962370,-2699607,-40.52
3284,2017,5351150,2021,2650886,-2700264,-50.46
4699,2014,7062384,2021,4359951,-2702433,-38.27
3429,2014,5114903,2021,2410569,-2704334,-52.87
6264,2014,6249183,2021,3544643,-2704540,-43.28
4136,2014,5552421,2021,2847622,-2704799,-48.71
316,2019,5528955,2021,2820841,-2708114,-48.98
977,2014,7970727,2021,5261235,-2709492,-33.99
4612,2014,5473321,2021,2762593,-2710728,-49.53
3036,2014,5563999,2021,2848236,-2715763,-48.81
284,2014,5669698,2021,2949552,-2720146,-47.98
4129,2014,10460371,2021,7737859,-2722512,-26.03
5085,2014,5613059,2021,2885818,-2727241,-48.59
1298,2014,5634216,2021,2905163,-2729053,-48.44
818,2014,5490068,2021,2760574,-2729494,-49.72
4922,2014,3761170,2021,1029936,-2731234,-72.62
2685,2014,5395172,2021,2653283,-2741889,-50.82
2905,2014,7001399,2021,4251033,-2750366,-39.28
820,2014,5473666,2021,2722273,-2751393,-50.27
3767,2014,7318410,2021,4566146,-2752264,-37.61
5138,2014,6512029,2021,3758416,-2753613,-42.29
1333,2014,10585116,2021,7831004,-2754112,-26.02
1207,2014,5715826,2021,2960268,-2755558,-48.21
4193,2014,5374474,2021,2618451,-2756023,-51.28
3144,2014,7290132,2021,4523679,-2766453,-37.95
4501,2014,4570500,2021,1801822,-2768678,-60.58
1466,2019,6186451,2021,3417558,-2768893,-44.76
3283,2017,5298022,2021,2526594,-2771428,-52.31
4924,2019,6224418,2021,3450335,-2774083,-44.57
4191,2014,5455429,2021,2680502,-2774927,-50.87
342,2014,8584669,2021,5807463,-2777206,-32.35
2681,2014,5001546,2021,2224115,-2777431,-55.53
3168,2014,8736651,2021,5955253,-2781398,-31.84
3081,2014,5082642,2021,2300857,-2781785,-54.73
582,2014,5825891,2021,3043029,-2782862,-47.77
3908,2014,5620573,2021,2837510,-2783063,-49.52
6269,2014,6012204,2021,3229092,-2783112,-46.29
4109,2014,5121501,2021,2333341,-2788160,-54.44
2898,2014,9702290,2021,6913837,-2788453,-28.74
3317,2014,9722243,2021,6932629,-2789614,-28.69
6079,2014,5298690,2021,2506348,-2792342,-52.7
4015,2014,5489029,2021,2696635,-2792394,-50.87
1147,2014,6624021,2021,3830772,-2793249,-42.17
1485,2019,10966804,2021,8168840,-2797964,-25.51
4422,2014,4526218,2021,1727822,-2798396,-61.83
3549,2014,5385316,2021,2586918,-2798398,-51.96
3964,2014,7439597,2021,4637601,-2801996,-37.66
1337,2014,12348402,2021,9544395,-2804007,-22.71
3652,2014,9870511,2021,7062495,-2808016,-28.45
2839,2014,4758268,2021,1950105,-2808163,-59.02
1240,2014,7726462,2021,4918030,-2808432,-36.35
4697,2014,6750678,2021,3938093,-2812585,-41.66
2957,2014,4522790,2021,1709636,-2813154,-62.2
5877,2014,6419029,2021,3603579,-2815450,-43.86
247,2014,7228452,2021,4408782,-2819670,-39.01
3370,2019,3768126,2021,947160,-2820966,-74.86
2923,2014,4963559,2021,2139478,-2824081,-56.9
3297,2019,7504591,2021,4678709,-2825882,-37.66
1051,2014,5843372,2021,3010064,-2833308,-48.49
2958,2014,5011706,2021,2178125,-2833581,-56.54
2778,2014,5944319,2021,3109022,-2835297,-47.7
2145,2014,10628878,2021,7791971,-2836907,-26.69
6452,2014,6319425,2021,3480614,-2838811,-44.92
4213,2014,5027882,2021,2188945,-2838937,-56.46
4547,2014,3163673,2021,324345,-2839328,-89.75
3763,2014,5747906,2021,2905216,-2842690,-49.46
2824,2014,14810119,2021,11965976,-2844143,-19.2
3073,2014,6054029,2021,3205788,-2848241,-47.05
6230,2014,6122114,2021,3271787,-2850327,-46.56
1699,2016,12474725,2021,9623129,-2851596,-22.86
2524,2014,8837549,2021,5985617,-2851932,-32.27
4751,2014,5864141,2021,3006225,-2857916,-48.74
4153,2014,4994269,2021,2130888,-2863381,-57.33
4505,2014,6055743,2021,3190524,-2865219,-47.31
5104,2016,8719412,2021,5845928,-2873484,-32.96
4756,2014,5443191,2021,2567864,-2875327,-52.82
4242,2014,6406863,2021,3530104,-2876759,-44.9
609,2014,7755821,2021,4875298,-2880523,-37.14
6291,2014,6668915,2021,3786197,-2882718,-43.23
4777,2014,7468708,2021,4584669,-2884039,-38.61
3927,2014,7141983,2021,4255951,-2886032,-40.41
535,2014,10066946,2021,7175249,-2891697,-28.72
5073,2014,6056919,2021,3164977,-2891942,-47.75
4841,2014,6016644,2021,3122185,-2894459,-48.11
4328,2014,5240445,2021,2343386,-2897059,-55.28
754,2014,6642552,2021,3742935,-2899617,-43.65
4427,2014,9081362,2021,6180045,-2901317,-31.95
4248,2014,5545260,2021,2636442,-2908818,-52.46
3654,2014,7200042,2021,4283332,-2916710,-40.51
3173,2014,9508983,2021,6591905,-2917078,-30.68
2710,2014,6329953,2021,3411575,-2918378,-46.1
4284,2014,4477804,2021,1558826,-2918978,-65.19
1752,2019,6112358,2021,3187683,-2924675,-47.85
1245,2014,8637062,2021,5711569,-2925493,-33.87
240,2014,6911784,2021,3985521,-2926263,-42.34
3886,2014,5575405,2021,2648215,-2927190,-52.5
248,2014,6937476,2021,4005546,-2931930,-42.26
3928,2014,5646514,2021,2714300,-2932214,-51.93
3925,2014,4964869,2021,2028900,-2935969,-59.13
1056,2014,10187793,2021,7246123,-2941670,-28.87
2058,2014,6667229,2021,3724745,-2942484,-44.13
3239,2014,6710717,2021,3765395,-2945322,-43.89
2692,2014,8556853,2021,5607296,-2949557,-34.47
482,2014,9838435,2021,6886556,-2951879,-30.0
4002,2014,6087359,2021,3132851,-2954508,-48.54
4111,2014,6752510,2021,3794880,-2957630,-43.8
2746,2014,5452152,2021,2491780,-2960372,-54.3
2491,2020,8180847,2021,5216986,-2963861,-36.23
3543,2014,4234540,2021,1269265,-2965275,-70.03
3907,2014,5697308,2021,2730577,-2966731,-52.07
1394,2014,7987947,2021,5020578,-2967369,-37.15
4113,2014,5612753,2021,2644450,-2968303,-52.88
2515,2014,5545888,2021,2570235,-2975653,-53.66
2745,2014,5861217,2021,2884971,-2976246,-50.78
6204,2014,6091510,2021,3111136,-2980374,-48.93
4282,2014,5260172,2021,2279657,-2980515,-56.66
4497,2014,7157167,2021,4174498,-2982669,-41.67
4709,2014,6577409,2021,3594566,-2982843,-45.35
4072,2014,6384842,2021,3398615,-2986227,-46.77
4303,2014,5671240,2021,2679975,-2991265,-52.74
4495,2014,5222000,2021,2228379,-2993621,-57.33
1505,2014,6060550,2021,3066813,-2993737,-49.4
964,2014,5786680,2021,2790685,-2995995,-51.77
6085,2014,6933480,2021,3936750,-2996730,-43.22
966,2014,6266374,2021,3268899,-2997475,-47.83
6236,2014,5987210,2021,2985971,-3001239,-50.13
3281,2014,5992074,2021,2985399,-3006675,-50.18
3830,2014,6605202,2021,3593416,-3011786,-45.6
5299,2014,7207581,2021,4193257,-3014324,-41.82
3960,2014,5890891,2021,2871810,-3019081,-51.25
6260,2014,5581155,2021,2561047,-3020108,-54.11
226,2014,6048468,2021,3028332,-3020136,-49.93
4824,2014,5725173,2021,2703928,-3021245,-52.77
4325,2014,5185927,2021,2163619,-3022308,-58.28
3568,2014,6143563,2021,3119437,-3024126,-49.22
5022,2014,6524630,2021,3499475,-3025155,-46.37
5054,2014,6461530,2021,3431550,-3029980,-46.89
346,2014,6374213,2021,3342783,-3031430,-47.56
6091,2014,5672405,2021,2637939,-3034466,-53.5
6233,2014,6296844,2021,3261779,-3035065,-48.2
2750,2014,6263415,2021,3228225,-3035190,-48.46
821,2014,6705368,2021,3664914,-3040454,-45.34
3660,2014,5344734,2021,2302258,-3042476,-56.92
5088,2014,8669445,2021,5623907,-3045538,-35.13
1229,2014,7830293,2021,4781156,-3049137,-38.94
641,2014,6747444,2021,3697789,-3049655,-45.2
4546,2014,3052902,2018,2808,-3050094,-99.91
275,2014,7529485,2021,4479303,-3050182,-40.51
5136,2014,5476780,2021,2423817,-3052963,-55.74
4956,2014,8600644,2021,5546633,-3054011,-35.51
2727,2014,5994142,2021,2939047,-3055095,-50.97
3005,2014,5970728,2021,2915057,-3055671,-51.18
1184,2014,7122502,2021,4066130,-3056372,-42.91
3078,2014,6207076,2021,3150185,-3056891,-49.25
3093,2014,8805172,2021,5747586,-3057586,-34.72
4891,2014,5274123,2021,2213094,-3061029,-58.04
676,2014,5838849,2021,2774459,-3064390,-52.48
2830,2014,13329883,2021,10264511,-3065372,-23.0
6444,2014,6970424,2021,3904742,-3065682,-43.98
348,2014,6697519,2021,3631615,-3065904,-45.78
5242,2014,6439530,2021,3372868,-3066662,-47.62
520,2014,6514317,2021,3446946,-3067371,-47.09
3891,2014,5749671,2021,2681834,-3067837,-53.36
473,2014,5842959,2021,2772140,-3070819,-52.56
397,2014,7041621,2021,3968611,-3073010,-43.64
4680,2014,6798603,2021,3722297,-3076306,-45.25
788,2014,10571158,2021,7493633,-3077525,-29.11
2686,2014,7052800,2021,3974888,-3077912,-43.64
250,2014,7356471,2021,4274039,-3082432,-41.9
6819,2014,6746698,2021,3661262,-3085436,-45.73
3479,2014,4818695,2021,1731577,-3087118,-64.07
792,2014,7200149,2021,4111657,-3088492,-42.89
299,2014,6594775,2021,3505545,-3089230,-46.84
6675,2014,8356645,2021,5266995,-3089650,-36.97
983,2014,5924782,2021,2833083,-3091699,-52.18
6827,2014,6774969,2021,3681822,-3093147,-45.66
2164,2019,7455992,2021,4361377,-3094615,-41.51
4788,2014,6124002,2021,3028846,-3095156,-50.54
4579,2014,5569441,2021,2470982,-3098459,-55.63
106,2014,6916397,2021,3816862,-3099535,-44.81
559,2014,13583632,2021,10482925,-3100707,-22.83
4274,2014,5456952,2021,2356078,-3100874,-56.82
5098,2014,6283768,2021,3178229,-3105539,-49.42
2711,2014,5632875,2021,2519214,-3113661,-55.28
1013,2014,6482259,2021,3368509,-3113750,-48.03
1457,2019,6407021,2021,3290057,-3116964,-48.65
692,2014,7555496,2021,4434679,-3120817,-41.31
4837,2014,5494008,2021,2370704,-3123304,-56.85
4923,2014,6414877,2021,3288520,-3126357,-48.74
6025,2014,6412274,2021,3285673,-3126601,-48.76
308,2014,7580067,2021,4450981,-3129086,-41.28
5206,2014,5390657,2021,2259820,-3130837,-58.08
6086,2014,7269138,2021,4138246,-3130892,-43.07
669,2014,6063335,2021,2929869,-3133466,-51.68
6224,2019,7981678,2021,4848184,-3133494,-39.26
2661,2014,7435454,2021,4292362,-3143092,-42.27
3845,2014,6378301,2021,3234883,-3143418,-49.28
3235,2014,6826746,2021,3682525,-3144221,-46.06
4053,2014,5698385,2021,2553698,-3144687,-55.19
1072,2014,5181511,2021,2036707,-3144804,-60.69
4277,2014,5481824,2021,2334505,-3147319,-57.41
626,2014,7976653,2021,4829060,-3147593,-39.46
3664,2014,5484970,2021,2337346,-3147624,-57.39
3947,2014,5083185,2021,1934254,-3148931,-61.95
510,2014,3791473,2021,638908,-3152565,-83.15
5349,2019,5006188,2021,1851855,-3154333,-63.01
3998,2014,7102398,2021,3948049,-3154349,-44.41
1388,2014,5785925,2021,2628106,-3157819,-54.58
4700,2014,7732433,2021,4566943,-3165490,-40.94
6272,2014,6251011,2021,3082042,-3168969,-50.7
3507,2014,6814719,2021,3645744,-3168975,-46.5
4935,2014,13180158,2021,10010295,-3169863,-24.05
4955,2014,7502344,2021,4331809,-3170535,-42.26
5312,2014,7275443,2021,4101839,-3173604,-43.62
6292,2014,7182518,2021,4005427,-3177091,-44.23
912,2014,6721693,2021,3543914,-3177779,-47.28
3941,2014,6735967,2021,3556929,-3179038,-47.19
4712,2014,6385435,2021,3203925,-3181510,-49.82
4358,2014,5993450,2021,2811830,-3181620,-53.08
1236,2014,6977848,2021,3794782,-3183066,-45.62
6098,2014,6796523,2021,3612390,-3184133,-46.85
3760,2014,8298398,2021,5114034,-3184364,-38.37
2947,2014,7008443,2021,3823050,-3185393,-45.45
933,2014,6733596,2021,3547160,-3186436,-47.32
4849,2014,5799281,2021,2612652,-3186629,-54.95
2949,2014,6137906,2021,2948643,-3189263,-51.96
2762,2014,6883123,2021,3693013,-3190110,-46.35
3753,2014,7091407,2021,3895826,-3195581,-45.06
1368,2014,6518155,2021,3315910,-3202245,-49.13
3832,2014,6613574,2021,3405457,-3208117,-48.51
4639,2014,6325023,2021,3116404,-3208619,-50.73
6409,2014,5415001,2021,2204537,-3210464,-59.29
4247,2014,4938052,2021,1726514,-3211538,-65.04
249,2014,7285517,2021,4073367,-3212150,-44.09
2112,2014,6354186,2021,3135560,-3218626,-50.65
3641,2014,6347884,2021,3124732,-3223152,-50.78
3209,2014,6163763,2021,2938362,-3225401,-52.33
2013,2014,6250315,2021,3021336,-3228979,-51.66
926,2014,6066825,2021,2837362,-3229463,-53.23
3353,2014,7369770,2021,4139643,-3230127,-43.83
4760,2014,5807223,2021,2574989,-3232234,-55.66
4152,2014,6540219,2021,3307168,-3233051,-49.43
5810,2014,6968020,2021,3733728,-3234292,-46.42
685,2014,6075201,2021,2840458,-3234743,-53.25
4255,2014,5916798,2021,2679978,-3236820,-54.71
4103,2016,7125818,2021,3888989,-3236829,-45.42
4249,2014,7810861,2021,4571308,-3239553,-41.47
4799,2014,6858013,2021,3615753,-3242260,-47.28
2581,2014,7394698,2021,4150927,-3243771,-43.87
4362,2014,5710679,2021,2465077,-3245602,-56.83
6611,2020,8399299,2021,5153414,-3245885,-38.64
2896,2014,6159622,2021,2913561,-3246061,-52.7
750,2014,6109825,2021,2862889,-3246936,-53.14
4062,2014,5473343,2021,2224415,-3248928,-59.36
4480,2014,6114829,2021,2865321,-3249508,-53.14
1534,2014,8995595,2021,5743576,-3252019,-36.15
108,2014,6584080,2021,3329970,-3254110,-49.42
6821,2014,6932044,2021,3676369,-3255675,-46.97
4740,2014,11788961,2021,8533083,-3255878,-27.62
5246,2014,8207189,2021,4950943,-3256246,-39.68
1369,2014,6561784,2021,3302397,-3259387,-49.67
4624,2014,6439339,2021,3175921,-3263418,-50.68
4786,2014,6534371,2021,3269907,-3264464,-49.96
2349,2014,6595629,2021,3330697,-3264932,-49.5
487,2014,6686285,2021,3417935,-3268350,-48.88
1109,2014,6262285,2021,2993625,-3268660,-52.2
2642,2014,8474837,2021,5206078,-3268759,-38.57
1259,2014,6470608,2021,3201002,-3269606,-50.53
5029,2014,7109214,2021,3838454,-3270760,-46.01
967,2014,7065570,2021,3792005,-3273565,-46.33
596,2014,6361189,2021,3086878,-3274311,-51.47
3898,2014,8551609,2021,5276266,-3275343,-38.3
3975,2014,8764096,2021,5488666,-3275430,-37.37
558,2014,6680211,2021,3403894,-3276317,-49.05
2893,2014,6458718,2021,3181776,-3276942,-50.74
6081,2014,8535138,2021,5257301,-3277837,-38.4
5207,2014,7612434,2021,4331173,-3281261,-43.1
103,2014,6051012,2021,2766554,-3284458,-54.28
701,2014,7465582,2021,4180232,-3285350,-44.01
2625,2014,6456661,2021,3169812,-3286849,-50.91
2749,2014,6052576,2021,2765664,-3286912,-54.31
2729,2014,6949599,2021,3661054,-3288545,-47.32
595,2014,7497025,2021,4204928,-3292097,-43.91
969,2014,5272822,2021,1980234,-3292588,-62.44
152,2014,7618551,2021,4325196,-3293355,-43.23
4019,2014,6947852,2021,3650499,-3297353,-47.46
3997,2014,7800982,2021,4502634,-3298348,-42.28
3892,2014,6374571,2021,3073493,-3301078,-51.79
947,2014,7433341,2021,4126720,-3306621,-44.48
5142,2014,4907725,2021,1598889,-3308836,-67.42
3788,2014,6328316,2021,3019019,-3309297,-52.29
4424,2014,6945087,2021,3635715,-3309372,-47.65
4952,2014,8492386,2021,5182324,-3310062,-38.98
3348,2019,6989504,2021,3678650,-3310854,-47.37
5102,2014,7606669,2021,4295361,-3311308,-43.53
1382,2014,6570314,2021,3258734,-3311580,-50.4
490,2014,4935137,2021,1620157,-3314980,-67.17
5223,2014,6067413,2021,2751777,-3315636,-54.65
4811,2014,5907114,2021,2591228,-3315886,-56.13
3544,2014,5204455,2021,1888498,-3315957,-63.71
740,2014,4787415,2021,1471074,-3316341,-69.27
572,2014,5873173,2021,2553975,-3319198,-56.51
406,2014,6118901,2021,2798243,-3320658,-54.27
2647,2014,9066200,2021,5744984,-3321216,-36.63
2960,2014,7242623,2021,3919970,-3322653,-45.88
6092,2014,8247387,2021,4922561,-3324826,-40.31
2786,2014,6480072,2021,3151058,-3329014,-51.37
5280,2014,6670520,2021,3340664,-3329856,-49.92
5255,2014,7019350,2021,3688130,-3331220,-47.46
5368,2019,9096942,2021,5763990,-3332952,-36.64
4393,2014,6551535,2021,3215858,-3335677,-50.91
4361,2014,5783125,2021,2446903,-3336222,-57.69
4188,2014,6579964,2021,3243715,-3336249,-50.7
1424,2019,6937022,2021,3600520,-3336502,-48.1
3863,2014,5912741,2021,2572175,-3340566,-56.5
4937,2014,9147541,2021,5806797,-3340744,-36.52
4023,2014,10381267,2021,7040465,-3340802,-32.18
5192,2014,7249303,2021,3906604,-3342699,-46.11
4868,2014,6516842,2021,3165454,-3351388,-51.43
516,2014,6750446,2021,3398397,-3352049,-49.66
2715,2014,13647738,2021,10295077,-3352661,-24.57
1183,2014,6066343,2021,2712233,-3354110,-55.29
2796,2014,6653848,2021,3298756,-3355092,-50.42
613,2014,6703094,2021,3347644,-3355450,-50.06
3219,2014,6358411,2021,2999947,-3358464,-52.82
4893,2014,3715445,2021,355750,-3359695,-90.43
6088,2014,7196158,2021,3836142,-3360016,-46.69
466,2014,6644920,2021,3284554,-3360366,-50.57
1039,2014,5769842,2021,2407727,-3362115,-58.27
1479,2019,7347255,2021,3983268,-3363987,-45.79
5082,2014,4376284,2021,1010342,-3365942,-76.91
5158,2014,7432662,2021,4057630,-3375032,-45.41
3929,2014,6308568,2021,2932210,-3376358,-53.52
4326,2014,5620716,2021,2229350,-3391366,-60.34
2838,2014,10502362,2021,7110961,-3391401,-32.29
499,2014,6979642,2021,3588139,-3391503,-48.59
866,2014,6614701,2021,3223082,-3391619,-51.27
4758,2014,6681029,2021,3289164,-3391865,-50.77
4854,2014,6944325,2021,3551143,-3393182,-48.86
925,2014,7301406,2021,3905147,-3396259,-46.52
3935,2014,6558903,2021,3161447,-3397456,-51.8
897,2014,6915807,2021,3518162,-3397645,-49.13
263,2014,6905698,2021,3506425,-3399273,-49.22
217,2014,6622645,2021,3222561,-3400084,-51.34
4059,2014,6720281,2021,3319631,-3400650,-50.6
6068,2014,5503077,2021,2101621,-3401456,-61.81
5234,2014,9739206,2021,6334978,-3404228,-34.95
3878,2014,5874787,2021,2469574,-3405213,-57.96
742,2014,6401868,2021,2995001,-3406867,-53.22
446,2014,6344235,2021,2932222,-3412013,-53.78
1026,2017,8218943,2021,4806837,-3412106,-41.52
5277,2014,7850343,2021,4436551,-3413792,-43.49
476,2014,7093204,2021,3679117,-3414087,-48.13
509,2014,7682558,2021,4267702,-3414856,-44.45
6143,2019,7596525,2021,4181258,-3415267,-44.96
6440,2014,7064050,2021,3648739,-3415311,-48.35
1312,2014,9544440,2021,6129120,-3415320,-35.78
4219,2014,6660053,2021,3241489,-3418564,-51.33
989,2014,7314726,2021,3895159,-3419567,-46.75
5119,2014,6199761,2021,2778489,-3421272,-55.18
4570,2014,5597859,2021,2175923,-3421936,-61.13
2677,2014,5120514,2021,1694661,-3425853,-66.9
4721,2014,6084078,2021,2656852,-3427226,-56.33
563,2014,7953290,2021,4522285,-3431005,-43.14
118,2014,6651816,2021,3219926,-3431890,-51.59
3813,2014,6206277,2021,2773283,-3432994,-55.31
6443,2014,6439055,2021,2998467,-3440588,-53.43
804,2014,8077549,2021,4636502,-3441047,-42.6
4293,2014,6775085,2021,3333512,-3441573,-50.8
2741,2014,6741711,2021,3299467,-3442244,-51.06
5879,2014,6997689,2021,3552147,-3445542,-49.24
5036,2014,5500551,2021,2053511,-3447040,-62.67
1264,2014,8294239,2021,4840246,-3453993,-41.64
1181,2014,9334076,2021,5878224,-3455852,-37.02
4500,2014,5951067,2021,2494373,-3456694,-58.09
522,2014,8145545,2021,4688207,-3457338,-42.44
5911,2014,6713721,2021,3255648,-3458073,-51.51
2654,2014,8505336,2021,5044946,-3460390,-40.68
6094,2014,7986811,2021,4520456,-3466355,-43.4
5043,2014,6622249,2021,3154411,-3467838,-52.37
5243,2014,9027449,2021,5559570,-3467879,-38.41
6828,2014,7483769,2021,4015777,-3467992,-46.34
2623,2014,10573055,2021,7104586,-3468469,-32.8
4333,2014,5731158,2021,2259252,-3471906,-60.58
3983,2014,7720633,2021,4247437,-3473196,-44.99
5164,2014,9323056,2021,5848243,-3474813,-37.27
787,2014,7174595,2021,3699516,-3475079,-48.44
4366,2014,6874133,2021,3395106,-3479027,-50.61
3782,2014,6669158,2021,3189867,-3479291,-52.17
2968,2014,8341866,2021,4862259,-3479607,-41.71
6686,2014,7741060,2021,4259243,-3481817,-44.98
649,2014,7413326,2021,3929797,-3483529,-46.99
2708,2014,7274211,2021,3790070,-3484141,-47.9
4412,2014,6383158,2021,2897267,-3485891,-54.61
6101,2014,7174240,2021,3687950,-3486290,-48.59
6332,2014,7712868,2021,4226225,-3486643,-45.21
4289,2014,5545562,2021,2058623,-3486939,-62.88
6093,2014,10252832,2021,6764569,-3488263,-34.02
2171,2014,6968512,2021,3479850,-3488662,-50.06
2891,2014,6990385,2021,3501358,-3489027,-49.91
3358,2014,7002139,2021,3512819,-3489320,-49.83
5951,2014,6680781,2021,3188396,-3492385,-52.28
1200,2014,7827817,2021,4331699,-3496118,-44.66
942,2014,7220711,2021,3721914,-3498797,-48.46
5902,2014,8776127,2021,5275527,-3500600,-39.89
590,2014,7942119,2021,4440885,-3501234,-44.08
1321,2014,7567247,2021,4061730,-3505517,-46.32
6284,2014,6465681,2021,2960003,-3505678,-54.22
2687,2014,6871101,2021,3363609,-3507492,-51.05
5284,2014,9039160,2021,5531441,-3507719,-38.81
3377,2014,5527548,2021,2017313,-3510235,-63.5
617,2014,7691708,2021,4179980,-3511728,-45.66
6254,2014,8286885,2021,4773004,-3513881,-42.4
3850,2014,5909661,2021,2395575,-3514086,-59.46
4632,2014,6914374,2021,3396557,-3517817,-50.88
4671,2014,9069892,2021,5546920,-3522972,-38.84
2769,2014,7384998,2021,3859791,-3525207,-47.73
3873,2014,6754107,2021,3221982,-3532125,-52.3
5137,2014,7558529,2021,4025951,-3532578,-46.74
4082,2014,6805367,2021,3271063,-3534304,-51.93
1046,2014,13031708,2021,9496665,-3535043,-27.13
2582,2014,5373190,2021,1838002,-3535188,-65.79
3711,2014,7586066,2021,4047395,-3538671,-46.65
4016,2014,7353154,2021,3811743,-3541411,-48.16
2111,2014,7171740,2021,3629182,-3542558,-49.4
4189,2014,7220261,2021,3677509,-3542752,-49.07
833,2014,7275897,2021,3728599,-3547298,-48.75
3776,2014,9023791,2021,5475863,-3547928,-39.32
3840,2014,6711797,2021,3163258,-3548539,-52.87
6412,2014,7303964,2021,3748157,-3555807,-48.68
3904,2014,9672874,2021,6116956,-3555918,-36.76
858,2014,11155459,2021,7597782,-3557677,-31.89
2660,2014,8218335,2021,4656916,-3561419,-43.34
6089,2014,8308023,2021,4746383,-3561640,-42.87
4359,2014,5971860,2021,2409809,-3562051,-59.65
498,2014,7108312,2021,3545751,-3562561,-50.12
5215,2014,9370685,2021,5807033,-3563652,-38.03
5361,2017,9215317,2021,5651444,-3563873,-38.67
5279,2014,8894635,2021,5329388,-3565247,-40.08
3527,2014,7769736,2021,4203592,-3566144,-45.9
3633,2014,5999268,2021,2433025,-3566243,-59.44
548,2014,12356916,2021,8789372,-3567544,-28.87
501,2014,8466016,2021,4898436,-3567580,-42.14
4983,2014,8367617,2021,4798151,-3569466,-42.66
3070,2014,6444577,2021,2874819,-3569758,-55.39
4267,2014,6147706,2021,2576681,-3571025,-58.09
5031,2014,7246707,2021,3674762,-3571945,-49.29
780,2019,6255521,2021,2682062,-3573459,-57.12
3191,2014,18376138,2021,14802521,-3573617,-19.45
624,2014,7507131,2021,3932036,-3575095,-47.62
6097,2014,6671303,2021,3095692,-3575611,-53.6
5292,2014,7865427,2020,4289395,-3576032,-45.47
3827,2014,7039320,2021,3462415,-3576905,-50.81
4598,2014,5557697,2021,1979833,-3577864,-64.38
3829,2014,6526802,2021,2943783,-3583019,-54.9
4180,2014,7236596,2021,3646861,-3589735,-49.61
3982,2014,8815756,2021,5222147,-3593609,-40.76
4172,2014,10824002,2021,7228171,-3595831,-33.22
4449,2014,5866369,2021,2267355,-3599014,-61.35
4054,2014,6490596,2021,2891569,-3599027,-55.45
3769,2014,7068040,2021,3467938,-3600102,-50.93
3364,2014,8245205,2021,4643045,-3602160,-43.69
3310,2014,7030997,2021,3428575,-3602422,-51.24
4467,2014,10845563,2021,7243004,-3602559,-33.22
4349,2014,6943180,2021,3339021,-3604159,-51.91
650,2014,8723532,2021,5118615,-3604917,-41.32
5055,2014,8858755,2021,5253687,-3605068,-40.69
2059,2014,5932150,2021,2326774,-3605376,-60.78
4556,2014,5835731,2021,2223092,-3612639,-61.91
5189,2014,6830603,2021,3217725,-3612878,-52.89
2195,2014,9107873,2021,5491099,-3616774,-39.71
3189,2014,7470239,2021,3852240,-3617999,-48.43
4055,2014,6725196,2021,3106098,-3619098,-53.81
2663,2014,8327549,2021,4704354,-3623195,-43.51
3203,2014,8389123,2021,4760582,-3628541,-43.25
3624,2014,7098676,2021,3461028,-3637648,-51.24
3200,2014,7492507,2021,3854127,-3638380,-48.56
2765,2014,7498843,2021,3855999,-3642844,-48.58
5824,2014,12215863,2021,8565879,-3649984,-29.88
4676,2014,14397950,2021,10745862,-3652088,-25.37
3708,2019,10855186,2021,7201578,-3653608,-33.66
1781,2019,7186390,2021,3531461,-3654929,-50.86
4105,2014,6899837,2021,3244161,-3655676,-52.98
6280,2014,8119338,2021,4461325,-3658013,-45.05
542,2014,7953205,2021,4294889,-3658316,-46.0
2698,2014,7598769,2021,3939954,-3658815,-48.15
1054,2014,6893834,2021,3233357,-3660477,-53.1
4073,2014,7118922,2021,3457386,-3661536,-51.43
3613,2014,7930143,2021,4262958,-3667185,-46.24
1005,2014,7244223,2021,3576260,-3667963,-50.63
4336,2014,6367335,2021,2698986,-3668349,-57.61
3968,2014,7660777,2021,3990302,-3670475,-47.91
3181,2014,7408592,2021,3736148,-3672444,-49.57
4323,2014,6289002,2021,2616122,-3672880,-58.4
5228,2014,6667209,2021,2993464,-3673745,-55.1
4208,2014,4447883,2021,771831,-3676052,-82.65
6083,2014,7808348,2021,4128767,-3679581,-47.12
4982,2014,8574260,2021,4887964,-3686296,-42.99
2024,2014,5416493,2021,1728230,-3688263,-68.09
5950,2014,7241570,2021,3549068,-3692502,-50.99
935,2014,14752663,2021,11058937,-3693726,-25.04
4537,2014,6419465,2021,2722194,-3697271,-57.59
6285,2014,7295634,2021,3597421,-3698213,-50.69
884,2014,21872674,2016,18171252,-3701422,-16.92
4754,2014,6447602,2021,2744062,-3703540,-57.44
1029,2014,5385912,2021,1677201,-3708711,-68.86
4292,2014,7848644,2021,4139528,-3709116,-47.26
4196,2014,7397155,2021,3687689,-3709466,-50.15
513,2014,8873528,2021,5162223,-3711305,-41.82
2694,2014,7432752,2021,3718474,-3714278,-49.97
1500,2014,8618440,2021,4900105,-3718335,-43.14
6691,2014,8164562,2021,4446145,-3718417,-45.54
3143,2014,6311693,2021,2592090,-3719603,-58.93
6337,2014,7697863,2021,3976558,-3721305,-48.34
4092,2014,7551737,2021,3828750,-3722987,-49.3
2719,2014,7671293,2021,3948302,-3722991,-48.53
954,2014,11996447,2021,8269133,-3727314,-31.07
3485,2014,9873414,2021,6144436,-3728978,-37.77
3071,2014,6670124,2021,2936710,-3733414,-55.97
3216,2014,8033811,2021,4297514,-3736297,-46.51
4694,2014,11012780,2021,7276242,-3736538,-33.93
262,2014,7482933,2021,3744721,-3738212,-49.96
3651,2014,7716423,2021,3972241,-3744182,-48.52
921,2014,7186535,2021,3440884,-3745651,-52.12
5196,2014,7556681,2021,3810616,-3746065,-49.57
547,2014,9138923,2021,5390786,-3748137,-41.01
2779,2014,7586299,2021,3837146,-3749153,-49.42
1075,2014,5980575,2021,2230650,-3749925,-62.7
6262,2014,8365825,2021,4609236,-3756589,-44.9
4279,2014,6225103,2021,2468007,-3757096,-60.35
4600,2014,5916965,2021,2156194,-3760771,-63.56
5878,2014,7713373,2021,3952156,-3761217,-48.76
2766,2014,10514786,2021,6751720,-3763066,-35.79
3923,2014,6722120,2021,2958907,-3763213,-55.98
4091,2014,7266212,2021,3501924,-3764288,-51.81
4278,2014,6847720,2021,3077884,-3769836,-55.05
1116,2014,10259301,2021,6487488,-3771813,-36.76
4653,2014,12985878,2021,9213075,-3772803,-29.05
4281,2014,6494249,2021,2721147,-3773102,-58.1
3644,2014,7436223,2021,3659793,-3776430,-50.78
6408,2014,7420058,2021,3642937,-3777121,-50.9
761,2014,8087916,2021,4309445,-3778471,-46.72
4343,2014,7625502,2021,3843087,-3782415,-49.6
6075,2014,7167608,2021,3384768,-3782840,-52.78
5200,2014,6776142,2021,2993258,-3782884,-55.83
3095,2014,7889826,2021,4106812,-3783014,-47.95
976,2014,7739541,2021,3955511,-3784030,-48.89
4051,2014,6721332,2021,2934626,-3786706,-56.34
3291,2014,7397834,2021,3611118,-3786716,-51.19
3037,2014,6465260,2021,2676801,-3788459,-58.6
1374,2014,9246372,2021,5457729,-3788643,-40.97
3657,2014,6541671,2021,2752493,-3789178,-57.92
5289,2014,6743940,2021,2953346,-3790594,-56.21
1076,2014,7077673,2021,3285276,-3792397,-53.58
2518,2014,8088558,2021,4294089,-3794469,-46.91
354,2014,9256471,2021,5460677,-3795794,-41.01
6276,2014,7017980,2021,3221020,-3796960,-54.1
4029,2014,7366792,2021,3568214,-3798578,-51.56
4661,2014,12378761,2021,8578833,-3799928,-30.7
3876,2014,8074539,2021,4274335,-3800204,-47.06
5298,2014,8430218,2021,4622739,-3807479,-45.16
4729,2014,6975916,2021,3166725,-3809191,-54.6
6078,2014,8411062,2021,4599128,-3811934,-45.32
3245,2014,7701937,2021,3884767,-3817170,-49.56
5193,2014,9016568,2021,5198208,-3818360,-42.35
4300,2014,7682713,2021,3864206,-3818507,-49.7
2983,2014,7310062,2021,3488926,-3821136,-52.27
1442,2019,9640997,2021,5818904,-3822093,-39.64
225,2014,6564597,2021,2740730,-3823867,-58.25
4070,2014,7135536,2021,3309082,-3826454,-53.63
4269,2014,7418660,2021,3591813,-3826847,-51.58
2721,2014,8603336,2021,4775776,-3827560,-44.49
667,2014,6642559,2021,2814082,-3828477,-57.64
4040,2014,13405563,2021,9574325,-3831238,-28.58
4737,2014,6160104,2021,2323290,-3836814,-62.28
6289,2014,7156362,2021,3315209,-3841153,-53.67
2886,2014,6653708,2021,2806682,-3847026,-57.82
2782,2014,8575360,2021,4725160,-3850200,-44.9
1465,2019,7757945,2021,3907176,-3850769,-49.64
244,2014,8389904,2021,4536081,-3853823,-45.93
666,2014,7142237,2021,3287801,-3854436,-53.97
2944,2014,7699445,2021,3844923,-3854522,-50.06
3055,2014,15612467,2021,11756784,-3855683,-24.7
6447,2014,7735400,2021,3876585,-3858815,-49.89
3916,2014,6372741,2021,2511507,-3861234,-60.59
3600,2014,13882702,2021,10018424,-3864278,-27.84
4640,2014,7771153,2021,3906022,-3865131,-49.74
727,2014,7594307,2021,3728339,-3865968,-50.91
3999,2014,6846217,2021,2977923,-3868294,-56.5
3478,2014,7156327,2021,3287534,-3868793,-54.06
3933,2014,6760797,2021,2890651,-3870146,-57.24
3765,2014,8452872,2021,4580572,-3872300,-45.81
663,2014,9472195,2021,5598508,-3873687,-40.9
5226,2014,8348055,2021,4472267,-3875788,-46.43
5177,2014,9724530,2021,5847447,-3877083,-39.87
703,2014,9056832,2021,5177684,-3879148,-42.83
4953,2014,9002440,2021,5122987,-3879453,-43.09
975,2014,9726549,2021,5844263,-3882286,-39.91
209,2014,8580422,2021,4697433,-3882989,-45.25
101,2014,8236408,2021,4352159,-3884249,-47.16
4510,2014,6345502,2021,2458180,-3887322,-61.26
3606,2014,8373250,2021,4485919,-3887331,-46.43
6820,2014,8249686,2021,4361483,-3888203,-47.13
5286,2014,15740252,2021,11849642,-3890610,-24.72
6689,2014,10082774,2021,6187085,-3895689,-38.64
3183,2014,7819904,2021,3923000,-3896904,-49.83
1014,2014,7029655,2021,3132563,-3897092,-55.44
1192,2014,7942061,2021,4043611,-3898450,-49.09
1203,2014,8588266,2021,4688056,-3900210,-45.41
1006,2014,7332338,2021,3429435,-3902903,-53.23
357,2014,7537793,2021,3633745,-3904048,-51.79
228,2014,7008290,2021,3102125,-3906165,-55.74
2633,2014,8168458,2021,4262131,-3906327,-47.82
1519,2014,7288447,2021,3376828,-3911619,-53.67
343,2014,8770629,2021,4857264,-3913365,-44.62
4915,2014,7477119,2021,3559493,-3917626,-52.39
4365,2014,8489833,2021,4572012,-3917821,-46.15
2168,2014,9243642,2021,5318575,-3925067,-42.46
3963,2014,6354093,2021,2428541,-3925552,-61.78
3177,2014,12907448,2021,8978087,-3929361,-30.44
3888,2014,7332122,2021,3400860,-3931262,-53.62
5106,2014,8776140,2021,4839160,-3936980,-44.86
4548,2014,5731634,2021,1793265,-3938369,-68.71
801,2014,8483434,2021,4541475,-3941959,-46.47
2345,2014,7668770,2021,3726583,-3942187,-51.41
4118,2014,7358545,2021,3415455,-3943090,-53.59
2875,2014,9023665,2021,5077971,-3945694,-43.73
1376,2014,8656122,2021,4709312,-3946810,-45.6
3914,2014,6834180,2021,2887217,-3946963,-57.75
4084,2014,7263910,2021,3314174,-3949736,-54.37
1191,2014,5363783,2021,1410480,-3953303,-73.7
4340,2014,7532366,2021,3575557,-3956809,-52.53
3807,2014,6990736,2021,3033382,-3957354,-56.61
982,2014,8793640,2021,4835643,-3957997,-45.01
5297,2014,8640453,2021,4676629,-3963824,-45.88
4767,2014,6546505,2021,2580959,-3965546,-60.58
5263,2014,7446746,2021,3479801,-3966945,-53.27
5205,2014,7935314,2021,3968222,-3967092,-49.99
930,2014,9257600,2021,5290204,-3967396,-42.86
3285,2017,9865388,2021,5894014,-3971374,-40.26
3456,2014,6808459,2021,2836859,-3971600,-58.33
1077,2014,10259317,2021,6286216,-3973101,-38.73
2862,2014,8412669,2021,4439428,-3973241,-47.23
519,2014,8743978,2021,4767566,-3976412,-45.48
5221,2014,7640048,2021,3663451,-3976597,-52.05
2935,2014,7277438,2021,3298009,-3979429,-54.68
3750,2014,8129297,2021,4149681,-3979616,-48.95
4324,2014,7093206,2021,3105837,-3987369,-56.21
3335,2014,8030643,2021,4042122,-3988521,-49.67
5265,2014,8598538,2021,4608681,-3989857,-46.4
2630,2014,11120122,2021,7126503,-3993619,-35.91
2707,2014,8283339,2021,4278433,-4004906,-48.35
355,2014,8502571,2021,4495039,-4007532,-47.13
314,2014,9048094,2021,5036147,-4011947,-44.34
405,2014,8276102,2021,4258525,-4017577,-48.54
3855,2014,8002262,2021,3984352,-4017910,-50.21
2211,2014,7578423,2021,3558544,-4019879,-53.04
4390,2014,7880885,2021,3859631,-4021254,-51.03
1066,2014,6477701,2021,2456244,-4021457,-62.08
5222,2014,7659903,2021,3637571,-4022332,-52.51
653,2014,4345508,2021,322151,-4023357,-92.59
2854,2014,11895067,2021,7870145,-4024922,-33.84
4347,2014,7979528,2021,3948177,-4031351,-50.52
2651,2014,8358268,2021,4325164,-4033104,-48.25
220,2014,7440848,2021,3407031,-4033817,-54.21
362,2014,8857127,2021,4821635,-4035492,-45.56
3995,2014,7597558,2021,3561976,-4035582,-53.12
4866,2014,7699620,2021,3661753,-4037867,-52.44
990,2014,8027543,2021,3988958,-4038585,-50.31
5131,2014,5783382,2021,1743811,-4039571,-69.85
531,2014,4245977,2021,205758,-4040219,-95.15
1073,2014,9500425,2021,5458864,-4041561,-42.54
4144,2014,7481814,2021,3436254,-4045560,-54.07
4655,2014,7963013,2021,3913842,-4049171,-50.85
992,2014,7500791,2021,3446009,-4054782,-54.06
2713,2014,10322393,2021,6255218,-4067175,-39.4
2592,2014,8263900,2021,4195747,-4068153,-49.23
313,2014,11576187,2021,7507834,-4068353,-35.14
3134,2014,7580562,2021,3511219,-4069343,-53.68
4479,2014,7430006,2021,3357410,-4072596,-54.81
2811,2014,11195889,2021,7116455,-4079434,-36.44
3864,2014,7500808,2021,3418445,-4082363,-54.43
3591,2014,8626412,2021,4543029,-4083383,-47.34
1305,2014,9273837,2021,5190013,-4083824,-44.04
751,2014,7922797,2021,3837565,-4085232,-51.56
1011,2014,7839535,2021,3753446,-4086089,-52.12
1119,2014,13509244,2021,9423021,-4086223,-30.25
6080,2014,7903364,2021,3816615,-4086749,-51.71
4907,2014,8196022,2021,4106345,-4089677,-49.9
505,2014,11111802,2021,7021890,-4089912,-36.81
3930,2014,7888107,2021,3796563,-4091544,-51.87
1164,2014,8877912,2021,4784046,-4093866,-46.11
4614,2014,8067354,2021,3973324,-4094030,-50.75
1309,2014,10517091,2021,6422103,-4094988,-38.94
3993,2014,9691706,2021,5595339,-4096367,-42.27
3656,2014,7223483,2021,3126522,-4096961,-56.72
776,2014,8016340,2021,3918304,-4098036,-51.12
3611,2014,8899655,2021,4799886,-4099769,-46.07
633,2014,8315494,2021,4214785,-4100709,-49.31
254,2014,10059082,2021,5954238,-4104844,-40.81
3897,2014,9540045,2021,5432262,-4107783,-43.06
2981,2014,8380726,2021,4272499,-4108227,-49.02
4093,2014,7432058,2021,3322516,-4109542,-55.29
3720,2014,14457864,2021,10346374,-4111490,-28.44
4071,2014,8647473,2021,4531835,-4115638,-47.59
5065,2014,12342873,2021,8226477,-4116396,-33.35
3981,2014,8874072,2021,4756176,-4117896,-46.4
3000,2014,7888665,2021,3768095,-4120570,-52.23
4211,2014,7024326,2021,2900427,-4123899,-58.71
4615,2014,9044016,2021,4919731,-4124285,-45.6
704,2014,9242156,2021,5117304,-4124852,-44.63
1392,2014,9085814,2021,4958788,-4127026,-45.42
918,2014,7613683,2021,3486611,-4127072,-54.21
2184,2014,12445055,2021,8317123,-4127932,-33.17
1118,2014,14516092,2021,10383767,-4132325,-28.47
5204,2014,7753143,2021,3620184,-4132959,-53.31
469,2014,7994357,2021,3860548,-4133809,-51.71
2482,2020,11432638,2021,7294678,-4137960,-36.19
919,2014,7887851,2021,3749186,-4138665,-52.47
4946,2014,4174433,2021,35539,-4138894,-99.15
2736,2014,8628623,2021,4488694,-4139929,-47.98
5258,2014,7952793,2021,3811536,-4141257,-52.07
3791,2014,7902623,2021,3756599,-4146024,-52.46
4948,2014,8189864,2021,4042696,-4147168,-50.64
2683,2014,7941136,2021,3793032,-4148104,-52.24
4761,2014,7614893,2021,3466330,-4148563,-54.48
3236,2014,15651206,2021,11496661,-4154545,-26.54
3887,2014,6563609,2021,2407543,-4156066,-63.32
1489,2019,11964599,2021,7807336,-4157263,-34.75
4635,2014,7733024,2021,3575010,-4158014,-53.77
3921,2014,8472351,2021,4314244,-4158107,-49.08
6632,2019,8837295,2021,4678543,-4158752,-47.06
3896,2014,9854753,2021,5693403,-4161350,-42.23
1078,2014,10541984,2021,6380181,-4161803,-39.48
4925,2014,6943046,2021,2780225,-4162821,-59.96
5134,2014,7372438,2021,3204596,-4167842,-56.53
3432,2014,6809710,2021,2640419,-4169291,-61.23
2674,2014,7520215,2021,3350899,-4169316,-55.44
4451,2014,7402139,2021,3231199,-4170940,-56.35
3255,2014,8744680,2021,4571603,-4173077,-47.72
3969,2014,9507143,2021,5331952,-4175191,-43.92
4114,2014,8705416,2021,4527944,-4177472,-47.99
5239,2014,10323049,2021,6140956,-4182093,-40.51
3027,2014,8264320,2021,4080748,-4183572,-50.62
4117,2014,8150032,2021,3963684,-4186348,-51.37
311,2014,13440789,2021,9254241,-4186548,-31.15
2937,2014,7321345,2021,3131234,-4190111,-57.23
3354,2014,8877743,2021,4687268,-4190475,-47.2
1114,2014,12134381,2021,7940932,-4193449,-34.56
6815,2014,9055826,2021,4861194,-4194632,-46.32
800,2014,7731396,2021,3536371,-4195025,-54.26
227,2014,7723754,2021,3527451,-4196303,-54.33
3899,2014,11022225,2021,6825474,-4196751,-38.08
4039,2014,9581156,2021,5382514,-4198642,-43.82
2894,2014,12008022,2021,7807054,-4200968,-34.98
1340,2014,8180509,2021,3976611,-4203898,-51.39
270,2014,18233786,2021,14024484,-4209302,-23.09
4150,2014,7657497,2021,3447781,-4209716,-54.98
5218,2014,9625001,2021,5413605,-4211396,-43.75
3435,2014,7174328,2021,2958845,-4215483,-58.76
2190,2014,8234975,2021,4017035,-4217940,-51.22
3810,2014,8043903,2021,3824367,-4219536,-52.46
3199,2014,7676965,2021,3455738,-4221227,-54.99
5191,2014,10590019,2021,6366625,-4223394,-39.88
4899,2014,8961028,2021,4734385,-4226643,-47.17
2986,2014,8516298,2021,4288533,-4227765,-49.64
3440,2014,9040437,2021,4812506,-4227931,-46.77
4275,2014,7213149,2021,2984746,-4228403,-58.62
1513,2014,8765058,2021,4535938,-4229120,-48.25
387,2014,7735605,2021,3504808,-4230797,-54.69
515,2014,8636656,2021,4405162,-4231494,-48.99
4417,2014,7497566,2021,3263498,-4234068,-56.47
6258,2014,9158336,2021,4921746,-4236590,-46.26
148,2014,9027443,2021,4778266,-4249177,-47.07
5307,2014,8163110,2021,3908484,-4254626,-52.12
1000,2014,8495152,2021,4240095,-4255057,-50.09
224,2014,9675048,2021,5419366,-4255682,-43.99
2201,2014,10907559,2021,6645388,-4262171,-39.08
4817,2014,7922668,2021,3656295,-4266373,-53.85
4314,2019,8990002,2021,4722555,-4267447,-47.47
3924,2014,7635950,2021,3365277,-4270673,-55.93
5208,2014,10260739,2021,5987957,-4272782,-41.64
5227,2014,12571368,2021,8292596,-4278772,-34.04
1344,2014,8662070,2021,4382884,-4279186,-49.4
3861,2014,9042063,2021,4757839,-4284224,-47.38
2353,2014,8966969,2021,4680306,-4286663,-47.81
395,2014,8105683,2021,3817992,-4287691,-52.9
5875,2014,9128899,2021,4839026,-4289873,-46.99
4186,2014,7637141,2021,3343429,-4293712,-56.22
4625,2014,7749285,2021,3454793,-4294492,-55.42
2858,2014,12458448,2021,8163625,-4294823,-34.47
2857,2014,12333556,2021,8038713,-4294843,-34.82
3032,2014,7982138,2021,3687153,-4294985,-53.81
3243,2014,8110913,2021,3814847,-4296066,-52.97
4265,2014,7368600,2021,3072487,-4296113,-58.3
3828,2014,7528377,2021,3230602,-4297775,-57.09
1059,2014,7017623,2021,2719625,-4297998,-61.25
5306,2014,6859626,2021,2561538,-4298088,-62.66
4490,2014,8143497,2021,3844291,-4299206,-52.79
789,2014,8609133,2021,4309505,-4299628,-49.94
570,2014,11666381,2021,7363831,-4302550,-36.88
2996,2015,7255129,2021,2950936,-4304193,-59.33
4617,2014,8916882,2021,4610380,-4306502,-48.3
656,2014,11676204,2021,7367423,-4308781,-36.9
277,2014,8022881,2021,3712311,-4310570,-53.73
3980,2014,9609516,2021,5297532,-4311984,-44.87
6207,2014,8994573,2021,4677977,-4316596,-47.99
4414,2014,7141365,2021,2822312,-4319053,-60.48
1311,2014,8996456,2021,4676138,-4320318,-48.02
4235,2014,9191150,2021,4870423,-4320727,-47.01
4610,2014,8260468,2021,3937726,-4322742,-52.33
4664,2014,8823007,2021,4499068,-4323939,-49.01
2813,2014,11234819,2021,6907939,-4326880,-38.51
3937,2014,8935196,2021,4607793,-4327403,-48.43
4626,2014,8568639,2021,4237563,-4331076,-50.55
2107,2014,6235314,2021,1903450,-4331864,-69.47
1244,2014,6572455,2021,2238484,-4333971,-65.94
881,2014,9099413,2021,4761970,-4337443,-47.67
6252,2014,9462202,2021,5123997,-4338205,-45.85
4557,2014,6765110,2021,2426630,-4338480,-64.13
729,2014,9069500,2021,4721023,-4348477,-47.95
4068,2014,8303073,2021,3953292,-4349781,-52.39
745,2014,8668295,2021,4314051,-4354244,-50.23
5066,2014,9276727,2021,4920845,-4355882,-46.95
3449,2014,7208080,2021,2850916,-4357164,-60.45
3557,2014,9703578,2021,5340425,-4363153,-44.96
4124,2014,8555345,2021,4192028,-4363317,-51.0
6253,2014,10395489,2021,6026343,-4369146,-42.03
3730,2014,8344424,2021,3971274,-4373150,-52.41
1023,2014,15335751,2021,10960246,-4375505,-28.53
212,2014,6309520,2021,1931754,-4377766,-69.38
1260,2014,9642949,2021,5262946,-4380003,-45.42
6259,2014,9089301,2021,4707295,-4382006,-48.21
4936,2014,9474869,2021,5091546,-4383323,-46.26
4949,2014,9123381,2021,4739415,-4383966,-48.05
6450,2014,9399955,2021,5015229,-4384726,-46.65
1171,2014,9337966,2021,4953101,-4384865,-46.96
770,2014,8405143,2021,4019602,-4385541,-52.18
3590,2014,10053215,2021,5667529,-4385686,-43.62
4644,2014,8372179,2021,3984282,-4387897,-52.41
537,2014,13731471,2021,9342636,-4388835,-31.96
109,2014,9301500,2021,4912525,-4388975,-47.19
622,2019,8616199,2021,4225292,-4390907,-50.96
3837,2014,7210737,2021,2814739,-4395998,-60.96
1261,2014,10058886,2021,5662625,-4396261,-43.71
4345,2014,8962852,2021,4566447,-4396405,-49.05
4112,2014,9028135,2021,4630576,-4397559,-48.71
4581,2014,7649986,2021,3252071,-4397915,-57.49
4346,2014,9580847,2021,5181989,-4398858,-45.91
4826,2014,7861762,2021,3461445,-4400317,-55.97
4285,2014,7734270,2021,3332499,-4401771,-56.91
2887,2014,6782608,2021,2372778,-4409830,-65.02
6201,2014,9292102,2021,4878609,-4413493,-47.5
4149,2014,7325047,2021,2910838,-4414209,-60.26
6223,2014,9091548,2021,4675824,-4415724,-48.57
6692,2014,9262328,2021,4846299,-4416029,-47.68
2877,2014,10530153,2021,6113829,-4416324,-41.94
320,2014,8119856,2021,3696298,-4423558,-54.48
734,2014,8825352,2021,4401320,-4424032,-50.13
2843,2014,26745781,2021,22321015,-4424766,-16.54
3725,2014,8919343,2021,4494551,-4424792,-49.61
4018,2014,8398702,2021,3970670,-4428032,-52.72
3424,2014,8428144,2021,3998909,-4429235,-52.55
3197,2014,9978946,2021,5543225,-4435721,-44.45
4348,2014,8129485,2021,3693516,-4435969,-54.57
2054,2014,9488797,2021,5045119,-4443678,-46.83
3620,2014,9754718,2021,5310124,-4444594,-45.56
1031,2014,8458168,2021,4013241,-4444927,-52.55
435,2014,11688519,2021,7243163,-4445356,-38.03
4290,2014,8440677,2021,3994429,-4446248,-52.68
1148,2014,6875269,2021,2427578,-4447691,-64.69
396,2014,9077955,2021,4629921,-4448034,-49.0
2644,2014,9706828,2021,5258690,-4448138,-45.82
716,2014,8437050,2021,3986412,-4450638,-52.75
4735,2014,5648706,2021,1197618,-4451088,-78.8
527,2014,9557535,2021,5102889,-4454646,-46.61
4294,2014,8491464,2021,4029937,-4461527,-52.54
340,2014,7887142,2021,3424974,-4462168,-56.58
3860,2014,8093777,2021,3631486,-4462291,-55.13
5039,2014,7204545,2021,2737927,-4466618,-62.0
3439,2014,6960377,2021,2493454,-4466923,-64.18
302,2014,9719701,2021,5251389,-4468312,-45.97
5058,2014,8388939,2021,3920616,-4468323,-53.26
6656,2014,10115701,2021,5642732,-4472969,-44.22
5155,2014,9949809,2021,5476688,-4473121,-44.96
3684,2014,8761568,2021,4285615,-4475953,-51.09
557,2014,8928703,2021,4452289,-4476414,-50.14
6817,2014,9872363,2021,5391818,-4480545,-45.38
259,2014,9465100,2021,4983291,-4481809,-47.35
952,2014,9034157,2021,4550960,-4483197,-49.62
6688,2014,10205402,2021,5715513,-4489889,-44.0
3457,2014,9529544,2021,5036056,-4493488,-47.15
4502,2014,8924733,2021,4431122,-4493611,-50.35
5092,2014,10476357,2021,5981678,-4494679,-42.9
4158,2014,8845991,2021,4341927,-4504064,-50.92
287,2014,9102918,2021,4598491,-4504427,-49.48
4528,2014,7027521,2021,2522549,-4504972,-64.1
2567,2014,9742521,2021,5236737,-4505784,-46.25
655,2014,6284180,2021,1778098,-4506082,-71.71
4823,2014,9343403,2021,4836975,-4506428,-48.23
3834,2014,5149785,2021,638503,-4511282,-87.6
3661,2014,7199358,2021,2684843,-4514515,-62.71
2664,2014,8714735,2021,4193839,-4520896,-51.88
2624,2014,8978908,2021,4456897,-4522011,-50.36
6279,2014,9869571,2021,5337874,-4531697,-45.92
2791,2014,8715555,2021,4183401,-4532154,-52.0
434,2014,9929112,2021,5392661,-4536451,-45.69
3996,2014,9894039,2021,5357511,-4536528,-45.85
4440,2014,6396818,2021,1859332,-4537486,-70.93
2770,2014,9985630,2021,5445390,-4540240,-45.47
3766,2014,9261448,2021,4720785,-4540663,-49.03
4399,2014,8570214,2021,4019807,-4550407,-53.1
2795,2014,9301929,2021,4750560,-4551369,-48.93
5083,2014,8192505,2021,3639956,-4552549,-55.57
3099,2014,8659412,2021,4106819,-4552593,-52.57
4203,2014,9675087,2021,5121944,-4553143,-47.06
2520,2014,9549817,2021,4994613,-4555204,-47.7
4857,2014,8842234,2021,4286132,-4556102,-51.53
4297,2014,8992392,2021,4435857,-4556535,-50.67
1475,2019,13573982,2021,9016175,-4557807,-33.58
4025,2014,8630303,2021,4072311,-4557992,-52.81
5271,2014,9305283,2021,4745406,-4559877,-49.0
3179,2014,10317851,2021,5755903,-4561948,-44.21
5250,2014,9523047,2021,4956688,-4566359,-47.95
1045,2014,10829274,2021,6262307,-4566967,-42.17
3417,2014,7465260,2021,2895484,-4569776,-61.21
4739,2014,10016712,2021,5446153,-4570559,-45.63
3123,2014,8901573,2021,4325063,-4576510,-51.41
3784,2014,12585513,2021,8003716,-4581797,-36.41
4042,2014,9583897,2021,5001701,-4582196,-47.81
272,2014,8877396,2021,4292786,-4584610,-51.64
913,2014,8738717,2021,4151280,-4587437,-52.5
1091,2014,9073171,2021,4482362,-4590809,-50.6
3025,2014,8696041,2021,4103851,-4592190,-52.81
4234,2014,8960920,2021,4367728,-4593192,-51.26
5329,2014,8200781,2021,3606165,-4594616,-56.03
1140,2014,10545628,2021,5949878,-4595750,-43.58
6087,2014,6372696,2021,1775716,-4596980,-72.14
2634,2014,9777413,2021,5166415,-4610998,-47.16
3811,2014,8431799,2021,3816015,-4615784,-54.74
4295,2014,8943713,2021,4326418,-4617295,-51.63
376,2014,9247888,2021,4629704,-4618184,-49.94
379,2014,9352511,2021,4733012,-4619499,-49.39
6203,2014,10142003,2021,5522291,-4619712,-45.55
4164,2014,10012084,2021,5390486,-4621598,-46.16
4851,2014,8356495,2021,3729648,-4626847,-55.37
2052,2014,9323944,2021,4692609,-4631335,-49.67
366,2014,9409407,2021,4773957,-4635450,-49.26
3034,2014,9239435,2021,4602659,-4636776,-50.18
4392,2014,7658345,2021,3021244,-4637101,-60.55
4630,2014,9661090,2021,5023454,-4637636,-48.0
4078,2014,9128913,2021,4489089,-4639824,-50.83
5305,2014,8553308,2021,3910386,-4642922,-54.28
4892,2014,7603552,2021,2955840,-4647712,-61.13
929,2014,10709294,2021,6061552,-4647742,-43.4
4031,2014,9241887,2021,4592918,-4648969,-50.3
4174,2014,10122930,2021,5473864,-4649066,-45.93
6442,2014,9074225,2021,4424074,-4650151,-51.25
638,2014,8845879,2021,4194917,-4650962,-52.58
1010,2014,9024885,2021,4373630,-4651255,-51.54
4863,2015,7203964,2021,2548726,-4655238,-64.62
4008,2014,9002855,2021,4343566,-4659289,-51.75
440,2014,10421655,2021,5761191,-4660464,-44.72
4088,2014,9007824,2021,4343718,-4664106,-51.78
4722,2014,8804790,2021,4135924,-4668866,-53.03
807,2014,10071068,2021,5401073,-4669995,-46.37
3141,2014,9408712,2021,4737992,-4670720,-49.64
3259,2014,8915909,2021,4243333,-4672576,-52.41
682,2014,8818237,2021,4141124,-4677113,-53.04
3622,2014,10683377,2021,6004427,-4678950,-43.8
630,2014,9201554,2021,4520956,-4680598,-50.87
4906,2014,8180116,2021,3495657,-4684459,-57.27
2912,2014,8494671,2021,3809011,-4685660,-55.16
4061,2014,7663633,2021,2977515,-4686118,-61.15
2189,2014,11999440,2021,7312480,-4686960,-39.06
5117,2014,8078079,2021,3384710,-4693369,-58.1
895,2014,10539950,2021,5842384,-4697566,-44.57
2042,2014,8431412,2021,3732951,-4698461,-55.73
1071,2014,9433975,2021,4733977,-4699998,-49.82
4771,2014,8925573,2021,4219732,-4705841,-52.72
3621,2014,10527495,2021,5820197,-4707298,-44.71
4599,2014,8450471,2021,3741456,-4709015,-55.72
3268,2014,9016372,2021,4303516,-4712856,-52.27
4911,2014,8374203,2021,3655944,-4718259,-56.34
2350,2014,8745507,2021,4023076,-4722431,-54.0
4593,2014,7123683,2021,2399118,-4724565,-66.32
4232,2014,9599779,2021,4875032,-4724747,-49.22
495,2014,9645546,2021,4919151,-4726395,-49.0
2341,2014,9279523,2021,4547810,-4731713,-50.99
401,2014,9401196,2021,4667675,-4733521,-50.35
4789,2014,9097093,2021,4361857,-4735236,-52.05
3102,2014,9301652,2021,4563995,-4737657,-50.93
5262,2014,10020228,2021,5279840,-4740388,-47.31
4818,2014,8584968,2021,3838818,-4746150,-55.28
2849,2014,10156009,2021,5406955,-4749054,-46.76
639,2014,9421827,2021,4671337,-4750490,-50.42
3194,2014,10742469,2021,5990432,-4752037,-44.24
2019,2014,9758098,2021,5003338,-4754760,-48.73
4471,2014,9617637,2021,4862492,-4755145,-49.44
5815,2014,9085546,2021,4329897,-4755649,-52.34
4138,2014,8780746,2021,4023796,-4756950,-54.17
668,2014,9274697,2021,4511430,-4763267,-51.36
4779,2014,9182896,2021,4418460,-4764436,-51.88
4017,2014,10213395,2021,5446465,-4766930,-46.67
4649,2014,9048559,2021,4279208,-4769351,-52.71
4990,2014,11129399,2021,6358628,-4770771,-42.87
5100,2014,9730634,2021,4952502,-4778132,-49.1
437,2014,9516253,2021,4737878,-4778375,-50.21
1701,2016,15722355,2021,10938809,-4783546,-30.43
718,2014,8894913,2021,4110472,-4784441,-53.79
4081,2014,9345339,2021,4558354,-4786985,-51.22
5167,2014,10308024,2021,5519320,-4788704,-46.46
3593,2014,9712409,2021,4921024,-4791385,-49.33
460,2014,8718527,2021,3916855,-4801672,-55.07
3182,2014,7993882,2021,3182250,-4811632,-60.19
4074,2014,9317406,2021,4505565,-4811841,-51.64
628,2014,10031069,2021,5219105,-4811964,-47.97
2615,2014,10240165,2021,5423130,-4817035,-47.04
2809,2014,8838976,2021,4020963,-4818013,-54.51
1019,2014,10276892,2021,5457567,-4819325,-46.89
541,2014,10327257,2021,5505294,-4821963,-46.69
5052,2014,7653169,2021,2830089,-4823080,-63.02
2180,2014,12251864,2021,7428518,-4823346,-39.37
3818,2014,8554997,2021,3731413,-4823584,-56.38
4329,2014,6782746,2021,1959085,-4823661,-71.12
850,2014,10155202,2021,5330708,-4824494,-47.51
556,2014,14184708,2021,9356513,-4828195,-34.04
3300,2014,8248788,2021,3412212,-4836576,-58.63
6226,2019,8772196,2021,3935327,-4836869,-55.14
116,2014,8628580,2021,3787194,-4841386,-56.11
4487,2014,11003547,2021,6160994,-4842553,-44.01
3106,2014,6316382,2021,1473594,-4842788,-76.67
4457,2014,8053290,2021,3206698,-4846592,-60.18
3290,2014,9787754,2021,4939264,-4848490,-49.54
2690,2014,5282176,2021,431680,-4850496,-91.83
6445,2014,11176496,2021,6324075,-4852421,-43.42
2737,2014,10429108,2021,5572034,-4857074,-46.57
3985,2014,10807450,2021,5945660,-4861790,-44.99
2293,2014,8190258,2021,3324430,-4865828,-59.41
3926,2014,8866204,2021,3993968,-4872236,-54.95
3877,2014,9485047,2021,4610888,-4874159,-51.39
815,2014,9398920,2021,4521698,-4877222,-51.89
3655,2014,8501886,2021,3623853,-4878033,-57.38
4407,2014,8023464,2021,3139107,-4884357,-60.88
4280,2014,8112341,2021,3225450,-4886891,-60.24
4648,2014,8962065,2021,4073273,-4888792,-54.55
238,2014,10277085,2021,5384565,-4892520,-47.61
372,2014,9375276,2021,4481607,-4893669,-52.2
4890,2014,11208936,2021,6315089,-4893847,-43.66
6256,2014,10410759,2021,5515057,-4895702,-47.03
6257,2014,9878317,2021,4979908,-4898409,-49.59
4514,2014,10052483,2021,5152563,-4899920,-48.74
4646,2014,9269809,2021,4364114,-4905695,-52.92
863,2014,13726570,2021,8820740,-4905830,-35.74
710,2014,13076610,2021,8170720,-4905890,-37.52
1166,2014,8748291,2021,3838237,-4910054,-56.13
365,2014,10048402,2021,5135566,-4912836,-48.89
608,2014,11798609,2021,6884869,-4913740,-41.65
4260,2014,9486571,2021,4572217,-4914354,-51.8
4827,2014,8966357,2021,4051528,-4914829,-54.81
1067,2014,8716263,2021,3799999,-4916264,-56.4
4763,2014,8428546,2021,3509476,-4919070,-58.36
3111,2014,9527007,2021,4595964,-4931043,-51.76
3842,2014,9215942,2021,4282299,-4933643,-53.53
868,2014,9195628,2021,4257609,-4938019,-53.7
960,2014,11637740,2021,6698275,-4939465,-42.44
4080,2014,9095217,2021,4155424,-4939793,-54.31
4950,2014,10255808,2021,5315070,-4940738,-48.18
681,2014,8826950,2021,3883329,-4943621,-56.01
102,2014,10532739,2021,5588107,-4944632,-46.95
3934,2014,10041367,2021,5095673,-4945694,-49.25
3715,2014,9681646,2021,4735783,-4945863,-51.08
4494,2014,10140147,2021,5190651,-4949496,-48.81
3334,2014,9589093,2021,4638372,-4950721,-51.63
5269,2014,11114581,2021,6159307,-4955274,-44.58
5042,2014,9970521,2021,5011350,-4959171,-49.74
144,2014,8896990,2021,3937490,-4959500,-55.74
4749,2014,10143375,2021,5181707,-4961668,-48.92
4005,2014,9736800,2021,4772000,-4964800,-50.99
1399,2014,8823080,2021,3856825,-4966255,-56.29
892,2014,9510461,2021,4543928,-4966533,-52.22
3809,2014,9085112,2021,4114723,-4970389,-54.71
4258,2014,9529432,2021,4557541,-4971891,-52.17
4636,2014,8927926,2021,3955742,-4972184,-55.69
920,2014,9512325,2021,4539449,-4972876,-52.28
2149,2014,17413859,2021,12440904,-4972955,-28.56
394,2014,11698935,2021,6722135,-4976800,-42.54
5163,2014,8410348,2021,3430659,-4979689,-59.21
4778,2014,9774556,2021,4793664,-4980892,-50.96
4493,2014,9132586,2021,4148777,-4983809,-54.57
3069,2014,9840789,2021,4855653,-4985136,-50.66
2982,2014,8568395,2021,3582182,-4986213,-58.19
4791,2014,8851106,2021,3851826,-4999280,-56.48
4126,2014,9134365,2021,4134745,-4999620,-54.73
910,2014,10375564,2021,5369453,-5006111,-48.25
1081,2014,9907626,2021,4901099,-5006527,-50.53
1529,2014,16893023,2021,11884890,-5008133,-29.65
994,2014,10597966,2021,5588286,-5009680,-47.27
3431,2014,9018549,2021,4008055,-5010494,-55.56
4820,2014,9489641,2021,4478799,-5010842,-52.8
4132,2014,10091738,2021,5077457,-5014281,-49.69
3879,2014,9511957,2021,4497437,-5014520,-52.72
5209,2014,11543029,2021,6527952,-5015077,-43.45
4900,2014,9753247,2021,4736980,-5016267,-51.43
5197,2014,8394202,2021,3377667,-5016535,-59.76
4862,2014,10989698,2021,5971215,-5018483,-45.67
4723,2014,9158639,2021,4139664,-5018975,-54.8
564,2014,8951297,2021,3930828,-5020469,-56.09
606,2014,10596582,2021,5567216,-5029366,-47.46
959,2014,9502427,2021,4472357,-5030070,-52.93
3643,2014,13708200,2021,8669163,-5039037,-36.76
4335,2014,8098650,2021,3057724,-5040926,-62.24
771,2014,10297172,2021,5247037,-5050135,-49.04
3801,2014,9692237,2021,4640798,-5051439,-52.12
2987,2014,8574490,2021,3522289,-5052201,-58.92
2892,2014,8669362,2021,3614043,-5055319,-58.31
1310,2014,16488033,2021,11429222,-5058811,-30.68
4594,2014,7402494,2021,2342498,-5059996,-68.36
3004,2014,10312692,2021,5251539,-5061153,-49.08
3833,2014,9982027,2021,4920310,-5061717,-50.71
773,2014,9086432,2021,4023096,-5063336,-55.72
1246,2014,12289455,2021,7223586,-5065869,-41.22
352,2014,10103084,2021,5037150,-5065934,-50.14
2680,2014,10254434,2021,5187863,-5066571,-49.41
2878,2014,13219322,2021,8148645,-5070677,-38.36
4369,2014,10925331,2021,5853598,-5071733,-46.42
3234,2014,9942303,2021,4869152,-5073151,-51.03
4066,2014,9747555,2021,4674171,-5073384,-52.05
2870,2014,9255704,2021,4181811,-5073893,-54.82
854,2014,13447339,2021,8372074,-5075265,-37.74
3604,2014,10128761,2021,5053240,-5075521,-50.11
3149,2014,9638054,2021,4562229,-5075825,-52.66
4678,2014,8712689,2021,3635899,-5076790,-58.27
4622,2014,9997380,2021,4918377,-5079003,-50.8
143,2014,9206209,2021,4124157,-5082052,-55.2
5062,2014,11357786,2021,6271491,-5086295,-44.78
453,2014,8724845,2021,3638027,-5086818,-58.3
4024,2014,9529925,2021,4441498,-5088427,-53.39
3266,2014,11152624,2021,6061519,-5091105,-45.65
4385,2014,8126237,2021,3027304,-5098933,-62.75
3228,2014,10517024,2021,5417641,-5099383,-48.49
2776,2014,8938490,2021,3833263,-5105227,-57.12
4007,2014,9392126,2021,4283655,-5108471,-54.39
2192,2014,5114806,2018,0,-5114806,-100.0
1209,2014,10592019,2021,5475563,-5116456,-48.3
2565,2014,14361063,2021,9244433,-5116630,-35.63
5912,2014,8438958,2021,3320392,-5118566,-60.65
756,2014,10684700,2021,5565916,-5118784,-47.91
4140,2014,9006013,2021,3886859,-5119154,-56.84
4855,2014,10327965,2021,5196508,-5131457,-49.69
4013,2014,9512615,2021,4378768,-5133847,-53.97
3190,2014,13597744,2021,8459484,-5138260,-37.79
3486,2014,9853589,2021,4713461,-5140128,-52.17
3452,2014,8824025,2021,3680533,-5143492,-58.29
383,2014,10659401,2021,5515507,-5143894,-48.26
4315,2014,10871956,2021,5726825,-5145131,-47.32
708,2014,10240442,2021,5081429,-5159013,-50.38
4470,2014,12214555,2021,7054375,-5160180,-42.25
3781,2014,9252829,2021,4089515,-5163314,-55.8
4453,2014,7892462,2021,2726579,-5165883,-65.45
1002,2014,9603090,2021,4434435,-5168655,-53.82
4864,2014,9957836,2021,4788524,-5169312,-51.91
3526,2014,11745958,2021,6573321,-5172637,-44.04
3780,2014,8120341,2021,2945921,-5174420,-63.72
3909,2014,9366019,2021,4190358,-5175661,-55.26
4807,2014,8442742,2021,3265197,-5177545,-61.33
4432,2014,10022964,2021,4844942,-5178022,-51.66
3552,2014,10519584,2021,5340735,-5178849,-49.23
2841,2014,8610449,2021,3429648,-5180801,-60.17
436,2014,10664192,2021,5477827,-5186365,-48.63
2185,2014,17345743,2021,12152826,-5192917,-29.94
4544,2014,10103255,2021,4910275,-5192980,-51.4
4367,2014,10094604,2021,4900412,-5194192,-51.46
338,2014,9896733,2021,4701281,-5195452,-52.5
4580,2014,8450009,2021,3253083,-5196926,-61.5
4845,2014,9371600,2021,4170281,-5201319,-55.5
4787,2014,9529439,2021,4326905,-5202534,-54.59
4204,2014,8961907,2021,3754068,-5207839,-58.11
2734,2014,10717174,2021,5507473,-5209701,-48.61
5238,2014,11926203,2021,6714968,-5211235,-43.7
841,2014,10167525,2021,4955066,-5212459,-51.27
1782,2019,7448433,2021,2235426,-5213007,-69.99
2010,2014,10433083,2021,5219629,-5213454,-49.97
4967,2014,11366339,2021,6151579,-5214760,-45.88
2583,2014,10472566,2021,5254042,-5218524,-49.83
3227,2014,10931476,2021,5711731,-5219745,-47.75
3337,2014,9863949,2021,4643323,-5220626,-52.93
715,2014,9913572,2021,4692865,-5220707,-52.66
4276,2014,5702621,2020,480229,-5222392,-91.58
4296,2014,10623874,2021,5400579,-5223295,-49.17
861,2014,10730056,2021,5500733,-5229323,-48.74
3480,2014,12476763,2021,7247177,-5229586,-41.91
2712,2014,10169219,2021,4938880,-5230339,-51.43
186,2014,11382178,2021,6150432,-5231746,-45.96
4223,2014,9115126,2021,3881514,-5233612,-57.42
100,2014,9743029,2021,4504533,-5238496,-53.77
621,2014,10827508,2021,5584567,-5242941,-48.42
2901,2014,8992116,2021,3746064,-5246052,-58.34
3598,2014,10182727,2021,4930444,-5252283,-51.58
702,2014,10549089,2021,5296639,-5252450,-49.79
3943,2014,10449446,2021,5188516,-5260930,-50.35
122,2014,10099495,2021,4837542,-5261953,-52.1
845,2014,10239562,2021,4977483,-5262079,-51.39
4573,2014,7240673,2021,1978090,-5262583,-72.68
4075,2014,9746520,2021,4483302,-5263218,-54.0
3119,2014,11242081,2021,5976625,-5265456,-46.84
4010,2014,9533966,2021,4268310,-5265656,-55.23
230,2014,9853005,2021,4585979,-5267026,-53.46
724,2014,10506840,2021,5238612,-5268228,-50.14
2040,2014,9919759,2021,4650076,-5269683,-53.12
2788,2014,11963065,2021,6692911,-5270154,-44.05
4272,2014,9063485,2021,3792210,-5271275,-58.16
1237,2014,9801691,2021,4529741,-5271950,-53.79
2881,2014,13081948,2021,7809644,-5272304,-40.3
2735,2014,10256196,2021,4977105,-5279091,-51.47
4927,2014,10055788,2021,4771035,-5284753,-52.55
4897,2014,9663305,2021,4378287,-5285018,-54.69
3808,2014,8273930,2021,2988282,-5285648,-63.88
3592,2014,10752548,2021,5466641,-5285907,-49.16
1366,2014,9162836,2021,3875080,-5287756,-57.71
2618,2014,10155868,2021,4866874,-5288994,-52.08
4305,2014,10198823,2021,4908237,-5290586,-51.87
3922,2014,10947877,2021,5649434,-5298443,-48.4
4759,2014,10008045,2021,4700319,-5307726,-53.03
4214,2014,9792916,2021,4479198,-5313718,-54.26
2175,2014,9816054,2021,4501028,-5315026,-54.15
3387,2014,12039593,2021,6719812,-5319781,-44.19
4939,2014,11996119,2021,6676195,-5319924,-44.35
2188,2014,12833819,2021,7508490,-5325329,-41.49
806,2014,9650131,2021,4318918,-5331213,-55.24
3918,2014,11692465,2021,6360104,-5332361,-45.61
1117,2014,10681043,2021,5346795,-5334248,-49.94
3139,2014,10411620,2021,5077227,-5334393,-51.23
2183,2014,15976607,2021,10640851,-5335756,-33.4
4853,2014,10537367,2021,5200377,-5336990,-50.65
4079,2014,10377633,2021,5035597,-5342036,-51.48
3979,2014,9285511,2021,3940614,-5344897,-57.56
1080,2014,9410987,2021,4064382,-5346605,-56.81
4351,2014,13684415,2021,8337625,-5346790,-39.07
1009,2014,9110497,2021,3760758,-5349739,-58.72
4033,2014,10692785,2021,5342331,-5350454,-50.04
5006,2014,12747803,2021,7397125,-5350678,-41.97
3835,2014,10413505,2021,5061133,-5352372,-51.4
3792,2014,8955062,2021,3602649,-5352413,-59.77
4000,2014,11763094,2021,6410629,-5352465,-45.5
4257,2014,10295909,2021,4942432,-5353477,-52.0
2591,2014,9698600,2021,4344040,-5354560,-55.21
3542,2014,9794073,2021,4437887,-5356186,-54.69
5249,2014,11677628,2021,6320899,-5356729,-45.87
2631,2014,13186636,2021,7825637,-5360999,-40.65
3221,2014,9938409,2021,4576311,-5362098,-53.95
4913,2014,9495659,2021,4130116,-5365543,-56.51
607,2014,10491474,2021,5120898,-5370576,-51.19
5103,2014,11321577,2021,5947445,-5374132,-47.47
5068,2014,11683320,2021,6308368,-5374952,-46.01
5076,2014,12250311,2021,6870450,-5379861,-43.92
288,2014,11253383,2021,5873373,-5380010,-47.81
480,2014,10014159,2021,4633599,-5380560,-53.73
5118,2014,8562673,2021,3181624,-5381049,-62.84
1301,2014,11413658,2021,6025826,-5387832,-47.21
585,2014,10447333,2021,5057995,-5389338,-51.59
6255,2014,11082764,2021,5687440,-5395324,-48.68
6685,2014,11725922,2021,6328616,-5397306,-46.03
3136,2014,10721380,2021,5321403,-5399977,-50.37
4809,2014,9660398,2021,4259874,-5400524,-55.9
711,2014,10905209,2021,5493396,-5411813,-49.63
4397,2014,8934581,2021,3522736,-5411845,-60.57
712,2014,12602850,2021,7188625,-5414225,-42.96
2510,2014,11694516,2021,6279401,-5415115,-46.3
439,2014,11549899,2021,6130569,-5419330,-46.92
2182,2014,8757555,2021,3338164,-5419391,-61.88
824,2014,10304136,2021,4881191,-5422945,-52.63
3702,2014,12017003,2021,6590119,-5426884,-45.16
3632,2014,10041934,2021,4613623,-5428311,-54.06
2924,2014,12207926,2021,6776748,-5431178,-44.49
187,2014,11701175,2021,6267706,-5433469,-46.44
3145,2014,9686420,2021,4251777,-5434643,-56.11
278,2014,10211765,2021,4765528,-5446237,-53.33
4654,2014,10121257,2021,4674839,-5446418,-53.81
4645,2014,11209241,2021,5761278,-5447963,-48.6
3406,2014,8985199,2021,3535244,-5449955,-60.65
5143,2014,13765578,2021,8314809,-5450769,-39.6
3428,2014,9798433,2021,4346867,-5451566,-55.64
4840,2014,12279159,2021,6827241,-5451918,-44.4
4951,2014,13095177,2021,7643144,-5452033,-41.63
4847,2014,10326731,2021,4874338,-5452393,-52.8
5801,2014,12988799,2021,7533388,-5455411,-42.0
2595,2014,12891858,2021,7436322,-5455536,-42.32
2863,2014,10803556,2021,5343106,-5460450,-50.54
2410,2014,11029530,2021,5562532,-5466998,-49.57
6813,2014,11311374,2021,5830268,-5481106,-48.46
3699,2014,13547674,2021,8065164,-5482510,-40.47
2808,2014,9956299,2021,4473787,-5482512,-55.07
235,2014,10089291,2021,4606358,-5482933,-54.34
3820,2014,9742887,2021,4258126,-5484761,-56.3
3774,2014,12843607,2021,7348722,-5494885,-42.78
3349,2014,11462738,2021,5965933,-5496805,-47.95
600,2014,14607323,2021,9109867,-5497456,-37.63
274,2014,10407141,2021,4902917,-5504224,-52.89
4045,2014,10295204,2021,4786616,-5508588,-53.51
4524,2014,12104156,2021,6590712,-5513444,-45.55
4368,2014,10427477,2021,4911747,-5515730,-52.9
2738,2014,9466062,2021,3949692,-5516370,-58.28
4090,2014,8901355,2021,3382927,-5518428,-62.0
2604,2014,12350971,2021,6831287,-5519684,-44.69
389,2014,10824901,2021,5303896,-5521005,-51.0
241,2014,12311752,2021,6784964,-5526788,-44.89
3023,2014,10951422,2021,5422157,-5529265,-50.49
6082,2014,9909745,2021,4375491,-5534254,-55.85
651,2014,9599982,2021,4060102,-5539880,-57.71
4747,2014,11035210,2021,5492292,-5542918,-50.23
4921,2014,9007384,2021,3460593,-5546791,-61.58
2178,2014,14729785,2021,9180820,-5548965,-37.67
521,2014,11776198,2021,6226508,-5549690,-47.13
310,2014,13581038,2021,8031169,-5549869,-40.86
525,2014,10851314,2021,5298533,-5552781,-51.17
3852,2014,10763670,2021,5210396,-5553274,-51.59
4089,2014,10449487,2021,4892156,-5557331,-53.18
3231,2014,10268361,2021,4708992,-5559369,-54.14
3638,2014,16007835,2021,10446314,-5561521,-34.74
4116,2014,7277956,2021,1714006,-5563950,-76.45
3778,2014,10979040,2021,5413610,-5565430,-50.69
5075,2014,8531287,2021,2964259,-5567028,-65.25
3565,2014,11825986,2021,6258349,-5567637,-47.08
4794,2014,10690948,2021,5121036,-5569912,-52.1
3688,2014,10917572,2021,5327663,-5589909,-51.2
900,2014,10509555,2021,4918126,-5591429,-53.2
2900,2014,7919363,2021,2327659,-5591704,-70.61
4821,2014,10631931,2021,5027838,-5604093,-52.71
3798,2014,9931670,2021,4325550,-5606120,-56.45
218,2014,10052890,2021,4446736,-5606154,-55.77
2041,2014,12055237,2021,6447179,-5608058,-46.52
3311,2014,8731995,2021,3117264,-5614731,-64.3
2587,2014,10789225,2021,5165841,-5623384,-52.12
3843,2014,10125355,2021,4500655,-5624700,-55.55
2485,2014,10159207,2021,4530528,-5628679,-55.4
3536,2014,9164273,2021,3527442,-5636831,-61.51
728,2014,10591117,2021,4953746,-5637371,-53.23
3280,2014,10727948,2021,5089388,-5638560,-52.56
3836,2014,5640466,2021,0,-5640466,-100.0
665,2014,11641805,2021,5991216,-5650589,-48.54
3122,2014,10994734,2021,5343579,-5651155,-51.4
2860,2014,17309707,2021,11658233,-5651474,-32.65
3307,2014,9986297,2021,4331500,-5654797,-56.63
2181,2014,16356283,2021,10692482,-5663801,-34.63
2659,2014,11487493,2021,5819724,-5667769,-49.34
3901,2014,10535904,2021,4867516,-5668388,-53.8
4966,2014,10561293,2021,4892257,-5669036,-53.68
2869,2014,19270526,2021,13601264,-5669262,-29.42
261,2014,11662269,2021,5986878,-5675391,-48.66
4912,2014,9700438,2021,4024654,-5675784,-58.51
6413,2014,7251409,2021,1567813,-5683596,-78.38
5009,2014,12392896,2021,6705569,-5687327,-45.89
2817,2014,10299422,2021,4610820,-5688602,-55.23
176,2014,16186431,2021,10497170,-5689261,-35.15
1099,2014,10610983,2021,4918494,-5692489,-53.65
334,2014,11024019,2021,5324627,-5699392,-51.7
5089,2014,8586062,2021,2881079,-5704983,-66.44
4423,2014,10418977,2021,4713513,-5705464,-54.76
3318,2014,15832180,2021,10123063,-5709117,-36.06
4595,2014,9395769,2021,3683803,-5711966,-60.79
3138,2014,11107085,2021,5393734,-5713351,-51.44
648,2014,11622448,2021,5908766,-5713682,-49.16
532,2014,13412505,2021,7697426,-5715079,-42.61
370,2014,10314175,2021,4591310,-5722865,-55.49
351,2014,11652270,2021,5928621,-5723649,-49.12
851,2014,12175486,2021,6451057,-5724429,-47.02
4775,2014,11420472,2021,5695746,-5724726,-50.13
4447,2014,9214136,2021,3480986,-5733150,-62.22
713,2014,10922834,2021,5182382,-5740452,-52.55
3021,2014,10807359,2021,5066481,-5740878,-53.12
2820,2014,13267627,2021,7522098,-5745529,-43.3
6818,2014,11947990,2021,6200057,-5747933,-48.11
5302,2014,10047802,2021,4298268,-5749534,-57.22
356,2014,11937845,2021,6188179,-5749666,-48.16
623,2014,10905934,2021,5155662,-5750272,-52.73
2356,2014,11657936,2021,5903670,-5754266,-49.36
749,2014,12650508,2021,6891538,-5758970,-45.52
3020,2014,10842188,2021,5083056,-5759132,-53.12
3812,2014,9991229,2021,4231772,-5759457,-57.65
4363,2014,11078640,2021,5317780,-5760860,-52.0
4916,2014,9584543,2021,3812285,-5772258,-60.22
4342,2014,11959010,2021,6182525,-5776485,-48.3
5316,2014,12864801,2021,7086199,-5778602,-44.92
3804,2014,10747450,2021,4963271,-5784179,-53.82
3264,2014,12322608,2021,6529720,-5792888,-47.01
738,2014,12602476,2021,6808446,-5794030,-45.98
4199,2014,12510346,2021,6715758,-5794588,-46.32
4021,2014,11918952,2021,6123549,-5795403,-48.62
4772,2014,16196053,2021,10399925,-5796128,-35.79
743,2014,12047251,2021,6248605,-5798646,-48.13
2826,2014,11171259,2021,5362651,-5808608,-52.0
995,2014,14948840,2021,9139698,-5809142,-38.86
412,2014,12233395,2021,6421893,-5811502,-47.51
1113,2014,13551222,2021,7739586,-5811636,-42.89
4006,2014,10544218,2021,4730011,-5814207,-55.14
719,2014,10623409,2021,4808587,-5814822,-54.74
766,2014,10575129,2021,4760168,-5814961,-54.99
171,2014,11985585,2021,6169023,-5816562,-48.53
3028,2014,10693710,2021,4875443,-5818267,-54.41
2792,2014,11730300,2021,5906884,-5823416,-49.64
2147,2014,14994324,2021,9170862,-5823462,-38.84
4262,2014,9712674,2021,3885066,-5827608,-60.0
269,2014,11205253,2021,5377110,-5828143,-52.01
3905,2014,10114666,2021,4285838,-5828828,-57.63
1165,2014,11368078,2021,5532950,-5835128,-51.33
251,2014,15507187,2021,9666148,-5841039,-37.67
5023,2014,14138792,2021,8297745,-5841047,-41.31
205,2014,13065661,2021,7223211,-5842450,-44.72
4765,2014,10514293,2021,4670492,-5843801,-55.58
5004,2014,13820485,2021,7974019,-5846466,-42.3
3196,2014,11999297,2021,6151416,-5847881,-48.74
3793,2014,11120205,2021,5271435,-5848770,-52.6
3313,2014,10330078,2021,4480198,-5849880,-56.63
4533,2014,9954201,2021,4104283,-5849918,-58.77
5019,2014,15206091,2021,9353875,-5852216,-38.49
4884,2014,9975928,2021,4120741,-5855187,-58.69
2773,2014,13039747,2021,7176778,-5862969,-44.96
943,2014,12350279,2021,6486932,-5863347,-47.48
5820,2014,10205838,2021,4337770,-5868068,-57.5
266,2014,10828983,2021,4954196,-5874787,-54.25
4762,2014,10173426,2021,4294795,-5878631,-57.78
3309,2014,10108646,2021,4229047,-5879599,-58.16
1545,2014,13957322,2021,8074853,-5882469,-42.15
5842,2014,9419385,2021,3536579,-5882806,-62.45
2586,2014,10831864,2021,4947768,-5884096,-54.32
752,2014,12734349,2021,6848058,-5886291,-46.22
714,2014,10802906,2021,4915391,-5887515,-54.5
3260,2014,12708843,2021,6819387,-5889456,-46.34
6205,2014,12475567,2021,6583643,-5891924,-47.23
4667,2014,13384176,2021,7490424,-5893752,-44.04
181,2014,11003913,2021,5107049,-5896864,-53.59
5093,2014,11946564,2021,6047434,-5899130,-49.38
2720,2014,11071387,2021,5167688,-5903699,-53.32
3634,2014,12231270,2021,6326079,-5905191,-48.28
3731,2014,9321569,2021,3406950,-5914619,-63.45
373,2014,12593485,2021,6677950,-5915535,-46.97
3667,2014,10239992,2021,4319782,-5920210,-57.81
2716,2014,8571916,2021,2649254,-5922662,-69.09
5069,2014,13286268,2021,7363038,-5923230,-44.58
3483,2014,15404861,2021,9477909,-5926952,-38.47
3532,2019,8435517,2021,2504004,-5931513,-70.32
3502,2014,12203889,2021,6269248,-5934641,-48.63
4715,2014,13152608,2021,7217803,-5934805,-45.12
4885,2014,10291264,2021,4352439,-5938825,-57.71
4996,2014,12956667,2021,7017366,-5939301,-45.84
6231,2014,12921471,2021,6977837,-5943634,-46.0
361,2014,13048683,2021,7101477,-5947206,-45.58
5219,2014,13236259,2021,7281789,-5954470,-44.99
333,2014,11227543,2021,5271778,-5955765,-53.05
3009,2014,11251003,2021,5293853,-5957150,-52.95
359,2014,12334953,2021,6372353,-5962600,-48.34
575,2014,18622405,2021,12658490,-5963915,-32.03
304,2014,12217829,2021,6251224,-5966605,-48.84
3408,2014,11887710,2021,5907203,-5980507,-50.31
4022,2014,10317547,2021,4335661,-5981886,-57.98
3642,2014,13437928,2021,7449139,-5988789,-44.57
2798,2014,12147077,2021,6157810,-5989267,-49.31
2645,2014,15024969,2021,9030094,-5994875,-39.9
3427,2014,8935751,2021,2940073,-5995678,-67.1
4198,2014,12426258,2021,6416677,-6009581,-48.36
4790,2014,11454745,2021,5441761,-6012984,-52.49
1247,2014,12085207,2021,6066652,-6018555,-49.8
3079,2014,14512689,2021,8493432,-6019257,-41.48
2936,2014,8248833,2021,2225120,-6023713,-73.03
4057,2014,10471374,2021,4442271,-6029103,-57.58
408,2014,22713714,2021,16681239,-6032475,-26.56
3409,2014,11649731,2021,5613620,-6036111,-51.81
3537,2014,11664004,2021,5626606,-6037398,-51.76
3024,2014,11625854,2021,5587477,-6038377,-51.94
611,2014,13792445,2021,7739713,-6052732,-43.88
4085,2014,14671816,2021,8616795,-6055021,-41.27
2640,2014,13849821,2021,7793146,-6056675,-43.73
4360,2014,11137902,2021,5080042,-6057860,-54.39
998,2014,14312614,2021,8250807,-6061807,-42.35
4119,2014,10917138,2021,4840883,-6076255,-55.66
3329,2014,12768910,2021,6689508,-6079402,-47.61
3400,2014,12831671,2021,6743700,-6087971,-47.44
5268,2014,13324997,2021,7236539,-6088458,-45.69
4942,2014,12369514,2021,6279354,-6090160,-49.24
6261,2014,12419310,2021,6328659,-6090651,-49.04
657,2014,12395522,2021,6302443,-6093079,-49.16
4662,2014,10994470,2021,4899802,-6094668,-55.43
753,2014,10468353,2021,4371848,-6096505,-58.24
3826,2014,11893162,2021,5796436,-6096726,-51.26
687,2014,11517281,2021,5420399,-6096882,-52.94
4716,2014,11194214,2021,5093090,-6101124,-54.5
3597,2014,13639134,2021,7534477,-6104657,-44.76
1065,2014,12574303,2021,6468795,-6105508,-48.56
3704,2014,11358452,2021,5251318,-6107134,-53.77
691,2014,12958518,2021,6845435,-6113083,-47.17
822,2014,13051546,2021,6936580,-6114966,-46.85
4499,2014,11811596,2021,5696333,-6115263,-51.77
3118,2014,11487792,2021,5365707,-6122085,-53.29
3344,2014,12655664,2021,6525929,-6129735,-48.43
4965,2014,11972687,2021,5842784,-6129903,-51.2
4768,2014,10662861,2021,4526813,-6136048,-57.55
2598,2014,14000420,2021,7860771,-6139649,-43.85
2152,2014,12970444,2021,6830106,-6140338,-47.34
514,2014,12621784,2021,6478652,-6143132,-48.67
472,2014,12590984,2021,6447739,-6143245,-48.79
2200,2014,11203641,2021,5058657,-6144984,-54.85
1256,2014,12387615,2021,6238610,-6149005,-49.64
307,2014,11740455,2021,5591210,-6149245,-52.38
4004,2014,15389717,2021,9238904,-6150813,-39.97
2150,2014,13506012,2021,7349668,-6156344,-45.58
3265,2014,13186842,2021,7030418,-6156424,-46.69
4216,2014,10767359,2021,4610647,-6156712,-57.18
746,2014,11226547,2021,5067482,-6159065,-54.86
4131,2014,12719436,2021,6556905,-6162531,-48.45
255,2014,13050851,2021,6886944,-6163907,-47.23
2726,2014,13093812,2021,6929616,-6164196,-47.08
709,2014,11972775,2021,5804578,-6168197,-51.52
4519,2014,13069281,2021,6900266,-6169015,-47.2
3263,2014,12980079,2021,6810502,-6169577,-47.53
4850,2014,11224473,2021,5054321,-6170152,-54.97
2873,2014,11494222,2021,5318717,-6175505,-53.73
3212,2014,11126931,2021,4951280,-6175651,-55.5
767,2014,11644513,2021,5464450,-6180063,-53.07
146,2014,12495053,2021,6308444,-6186609,-49.51
3739,2014,12749964,2021,6562783,-6187181,-48.53
6812,2014,12944842,2021,6757085,-6187757,-47.8
3692,2014,12548473,2021,6359557,-6188916,-49.32
5252,2014,16501013,2021,10311024,-6189989,-37.51
2850,2014,14236046,2021,8036071,-6199975,-43.55
4063,2014,10716492,2021,4513355,-6203137,-57.88
4425,2014,7223887,2021,1018672,-6205215,-85.9
312,2014,13374375,2021,7166486,-6207889,-46.42
2834,2014,12900056,2021,6690245,-6209811,-48.14
4831,2014,11470565,2021,5255673,-6214892,-54.18
581,2014,12666127,2021,6450821,-6215306,-49.07
612,2014,11971853,2021,5751304,-6220549,-51.96
791,2014,13707482,2021,7479168,-6228314,-45.44
5008,2014,13471188,2021,7242370,-6228818,-46.24
827,2014,11882417,2021,5647363,-6235054,-52.47
4838,2014,12625298,2021,6388850,-6236448,-49.4
479,2014,9101577,2021,2864912,-6236665,-68.52
671,2014,12821288,2021,6583419,-6237869,-48.65
3687,2014,12476434,2021,6231681,-6244753,-50.05
4355,2014,11539947,2021,5295050,-6244897,-54.12
5323,2014,12976381,2021,6727065,-6249316,-48.16
847,2014,12743064,2021,6492835,-6250229,-49.05
104,2014,10289718,2021,4038124,-6251594,-60.76
4011,2014,10796881,2021,4543259,-6253622,-57.92
4757,2014,11761661,2021,5507596,-6254065,-53.17
4038,2014,11151631,2021,4896688,-6254943,-56.09
2584,2014,11956252,2021,5700199,-6256053,-52.32
252,2014,14319428,2021,8061134,-6258294,-43.7
4341,2014,12009723,2021,5750000,-6259723,-52.12
200,2014,12319272,2021,6053903,-6265369,-50.86
4372,2014,9231764,2021,2959938,-6271826,-67.94
3193,2014,12202654,2021,5928198,-6274456,-51.42
3441,2014,11128108,2021,4852035,-6276073,-56.4
4377,2014,11955631,2021,5674719,-6280912,-52.54
309,2014,13510019,2021,7226439,-6283580,-46.51
5116,2014,8942946,2021,2657186,-6285760,-70.29
646,2014,13849955,2021,7563263,-6286692,-45.39
4522,2014,12759782,2021,6472529,-6287253,-49.27
4130,2014,11285508,2021,4994882,-6290626,-55.74
3626,2014,10468002,2021,4175958,-6292044,-60.11
457,2014,11453486,2021,5160194,-6293292,-54.95
4222,2014,10641867,2021,4347672,-6294195,-59.15
2579,2014,13550625,2021,7255847,-6294778,-46.45
3596,2014,12486968,2021,6189838,-6297130,-50.43
4720,2014,11070107,2021,4767065,-6303042,-56.94
3426,2014,11109978,2021,4799232,-6310746,-56.8
4531,2014,9583268,2021,3270566,-6312702,-65.87
232,2014,11757376,2021,5441640,-6315736,-53.72
2865,2014,11749756,2021,5431997,-6317759,-53.77
4669,2014,10522766,2021,4204517,-6318249,-60.04
3637,2014,15109200,2021,8788784,-6320416,-41.83
2942,2014,12532976,2021,6211089,-6321887,-50.44
1186,2014,11670529,2021,5336534,-6333995,-54.27
4307,2014,12717618,2021,6379419,-6338199,-49.84
331,2014,11257814,2021,4917792,-6340022,-56.32
4270,2014,11921846,2021,5580522,-6341324,-53.19
4527,2014,12965857,2021,6618940,-6346917,-48.95
5078,2014,10906156,2021,4556513,-6349643,-58.22
705,2014,12000403,2021,5648119,-6352284,-52.93
4903,2014,12438318,2021,6078127,-6360191,-51.13
260,2014,13115589,2021,6753657,-6361932,-48.51
2342,2014,12022830,2021,5652922,-6369908,-52.98
4803,2014,10725087,2021,4347741,-6377346,-59.46
276,2014,13026921,2021,6639606,-6387315,-49.03
1104,2014,14087001,2021,7699122,-6387879,-45.35
4178,2014,12995939,2021,6605154,-6390785,-49.18
1068,2014,10156061,2021,3763053,-6393008,-62.95
4395,2014,7672110,2021,1276146,-6395964,-83.37
961,2014,15458642,2021,9048965,-6409677,-41.46
5240,2014,13247737,2021,6832901,-6414836,-48.42
4750,2014,12890162,2021,6474938,-6415224,-49.77
5260,2014,10126840,2021,3711173,-6415667,-63.35
508,2014,18162831,2021,11744447,-6418384,-35.34
3841,2014,11588894,2021,5168138,-6420756,-55.4
2050,2014,13902470,2021,7477888,-6424582,-46.21
4402,2014,14252264,2021,7825116,-6427148,-45.1
1783,2019,7452330,2021,1024605,-6427725,-86.25
2732,2014,12307621,2021,5877266,-6430355,-52.25
2731,2014,11991528,2021,5555525,-6436003,-53.67
1112,2014,16984426,2021,10547330,-6437096,-37.9
353,2014,13471692,2021,7029155,-6442537,-47.82
3222,2014,11870762,2021,5421783,-6448979,-54.33
3714,2014,13696161,2021,7246966,-6449195,-47.09
3126,2014,12522750,2021,6064194,-6458556,-51.57
329,2014,12060023,2021,5596153,-6463870,-53.6
3746,2014,12949648,2021,6484148,-6465500,-49.93
4394,2014,6467146,2019,0,-6467146,-100.0
3506,2014,13435066,2021,6965978,-6469088,-48.15
1151,2014,11446587,2021,4974845,-6471742,-56.54
3703,2014,13206503,2021,6730110,-6476393,-49.04
1170,2014,14114795,2021,7637583,-6477212,-45.89
3301,2014,10504610,2021,4023041,-6481569,-61.7
3588,2014,12351240,2021,5865621,-6485619,-52.51
2509,2014,13610871,2021,7124511,-6486360,-47.66
1339,2014,8029832,2020,1534833,-6494999,-80.89
5821,2014,12012363,2021,5514499,-6497864,-54.09
2639,2014,14988063,2021,8490155,-6497908,-43.35
3824,2014,11848479,2021,5343923,-6504556,-54.9
4020,2014,12625759,2021,6120436,-6505323,-51.52
271,2014,12537652,2021,6031710,-6505942,-51.89
2658,2014,18295515,2021,11786088,-6509427,-35.58
5133,2014,12942856,2021,6431957,-6510899,-50.3
1499,2019,14654492,2021,8143532,-6510960,-44.43
889,2014,12409555,2021,5896145,-6513410,-52.49
755,2014,14780822,2021,8261000,-6519822,-44.11
4161,2014,6524105,2019,0,-6524105,-100.0
5210,2014,11504773,2021,4978568,-6526205,-56.73
5817,2014,10836510,2021,4309490,-6527020,-60.23
237,2014,14725969,2021,8198883,-6527086,-44.32
4539,2014,20424426,2021,13888355,-6536071,-32.0
2209,2014,11222662,2021,4685674,-6536988,-58.25
3635,2014,14984074,2021,8441854,-6542220,-43.66
5017,2014,16497516,2021,9954547,-6542969,-39.66
4793,2014,11893130,2021,5348996,-6544134,-55.02
3646,2014,14741788,2021,8196438,-6545350,-44.4
1123,2014,12809698,2021,6258770,-6550928,-51.14
873,2014,12275067,2021,5723778,-6551289,-53.37
3217,2014,13466034,2021,6914154,-6551880,-48.65
901,2014,13296325,2021,6737327,-6558998,-49.33
4202,2014,12798811,2021,6230915,-6567896,-51.32
1095,2014,13620103,2021,7050964,-6569139,-48.23
4437,2014,13310482,2021,6733606,-6576876,-49.41
4781,2014,14195829,2021,7617866,-6577963,-46.34
4733,2014,10210587,2021,3630645,-6579942,-64.44
803,2014,12524273,2021,5943588,-6580685,-52.54
1007,2014,12992687,2021,6411764,-6580923,-50.65
698,2014,13909743,2021,7324977,-6584766,-47.34
363,2014,12316142,2021,5727279,-6588863,-53.5
4766,2014,11548487,2021,4946696,-6601791,-57.17
4933,2014,12994410,2021,6388987,-6605423,-50.83
4205,2014,12743817,2021,6136170,-6607647,-51.85
4237,2014,13182611,2021,6573343,-6609268,-50.14
323,2014,11682508,2021,5058521,-6623987,-56.7
1257,2014,13585606,2021,6951194,-6634412,-48.83
3195,2014,12472110,2021,5830017,-6642093,-53.26
3110,2014,10933236,2021,4289664,-6643572,-60.76
4064,2014,12445938,2021,5798064,-6647874,-53.41
5244,2014,12268740,2021,5620163,-6648577,-54.19
113,2014,11802118,2021,5152754,-6649364,-56.34
4574,2014,11751524,2021,5099943,-6651581,-56.6
2823,2014,15871728,2021,9207736,-6663992,-41.99
236,2014,12296289,2021,5628985,-6667304,-54.22
637,2014,12670621,2021,6002733,-6667888,-52.62
3405,2014,13080600,2021,6411672,-6668928,-50.98
1267,2014,18264931,2021,11585683,-6679248,-36.57
3538,2014,12535957,2021,5854278,-6681679,-53.3
551,2014,12769672,2021,6086878,-6682794,-52.33
4665,2014,13794852,2021,7107828,-6687024,-48.47
231,2014,12539825,2021,5848206,-6691619,-53.36
4991,2014,13218996,2021,6526200,-6692796,-50.63
358,2014,14569027,2021,7870493,-6698534,-45.98
2785,2014,14268661,2021,7560430,-6708231,-47.01
4944,2014,13055684,2021,6346868,-6708816,-51.39
3299,2014,11980158,2021,5269544,-6710614,-56.01
3742,2014,12659922,2021,5943198,-6716724,-53.06
4834,2014,10384590,2021,3649710,-6734880,-64.85
208,2014,14478568,2021,7743269,-6735299,-46.52
173,2014,12248922,2021,5509554,-6739368,-55.02
4387,2014,13708991,2021,6968285,-6740706,-49.17
3233,2014,12489740,2021,5746340,-6743400,-53.99
463,2014,11479797,2021,4725848,-6753949,-58.83
4909,2014,13077903,2021,6315953,-6761950,-51.71
371,2014,14010439,2021,7247049,-6763390,-48.27
441,2014,19672703,2021,12907485,-6765218,-34.39
4613,2014,14268411,2021,7500834,-6767577,-47.43
4934,2014,14552295,2021,7784339,-6767956,-46.51
4233,2014,11501952,2021,4727742,-6774210,-58.9
5121,2016,11352020,2021,4575251,-6776769,-59.7
3146,2014,14442795,2021,7661758,-6781037,-46.95
4810,2014,12610649,2021,5829585,-6781064,-53.77
2580,2014,13784084,2021,6992259,-6791825,-49.27
2499,2014,13800458,2021,7001941,-6798517,-49.26
4239,2014,17543970,2021,10741002,-6802968,-38.78
3738,2014,12787748,2021,5976365,-6811383,-53.26
2593,2014,12155902,2021,5342401,-6813501,-56.05
598,2014,14535867,2021,7721547,-6814320,-46.88
3229,2014,15236303,2021,8420518,-6815785,-44.73
659,2014,14958195,2021,8135461,-6822734,-45.61
2151,2014,13308524,2021,6479061,-6829463,-51.32
4121,2014,13045824,2021,6212850,-6832974,-52.38
4518,2014,13352668,2021,6508653,-6844015,-51.26
2724,2014,14322282,2021,7476163,-6846119,-47.8
794,2014,13047550,2021,6199631,-6847919,-52.48
963,2014,13915554,2021,7065363,-6850191,-49.23
2705,2014,11203122,2021,4351016,-6852106,-61.16
290,2014,14940483,2021,8080537,-6859946,-45.92
5057,2014,13345152,2021,6483904,-6861248,-51.41
3454,2014,11531703,2021,4664686,-6867017,-59.55
825,2014,12819127,2021,5951623,-6867504,-53.57
5020,2014,16811403,2021,9943009,-6868394,-40.86
3267,2014,15839842,2021,8970582,-6869260,-43.37
158,2014,15329618,2021,8459554,-6870064,-44.82
3618,2014,15728653,2021,8852988,-6875665,-43.71
1378,2014,12739849,2021,5859017,-6880832,-54.01
1542,2014,14103598,2021,7219731,-6883867,-48.81
4483,2014,13048794,2021,6164547,-6884247,-52.76
2771,2014,14169486,2021,7280955,-6888531,-48.62
3204,2014,13539485,2021,6647179,-6892306,-50.91
3698,2014,13711725,2021,6815122,-6896603,-50.3
601,2014,13169187,2021,6268986,-6900201,-52.4
4954,2014,16042763,2021,9139981,-6902782,-43.03
345,2014,11155318,2021,4252237,-6903081,-61.88
5203,2014,12017221,2021,5108615,-6908606,-57.49
3114,2014,12536021,2021,5624743,-6911278,-55.13
4685,2014,13887578,2021,6974708,-6912870,-49.78
140,2014,14493137,2021,7578003,-6915134,-47.71
5202,2014,11980402,2021,5064763,-6915639,-57.72
3247,2014,12949165,2021,6030718,-6918447,-53.43
4525,2014,10265301,2021,3345444,-6919857,-67.41
2484,2014,13086284,2021,6160855,-6925429,-52.92
2861,2014,12240110,2021,5314661,-6925449,-56.58
2534,2019,15532585,2021,8606890,-6925695,-44.59
2502,2014,14357986,2021,7431287,-6926699,-48.24
2530,2019,10554305,2021,3627593,-6926712,-65.63
4221,2014,12708606,2021,5781728,-6926878,-54.51
2153,2014,14299693,2021,7372214,-6927479,-48.44
3610,2014,13957185,2021,7029175,-6928010,-49.64
4446,2014,10872090,2021,3941133,-6930957,-63.75
3224,2014,14260341,2021,7315513,-6944828,-48.7
4473,2014,13415195,2021,6462022,-6953173,-51.83
4441,2014,20346911,2021,13391732,-6955179,-34.18
4264,2014,12614118,2021,5656809,-6957309,-55.15
2001,2014,12876920,2021,5910139,-6966781,-54.1
4445,2014,10899796,2021,3932231,-6967565,-63.92
2043,2014,12616712,2021,5646320,-6970392,-55.25
3940,2014,11744129,2021,4769524,-6974605,-59.39
2441,2014,12818603,2021,5843262,-6975341,-54.42
233,2014,13938477,2021,6955866,-6982611,-50.1
579,2014,12881375,2021,5896440,-6984935,-54.23
4241,2014,13046679,2021,6055267,-6991412,-53.59
1120,2014,18366621,2021,11371621,-6995000,-38.09
167,2014,13357028,2021,6355937,-7001091,-52.42
4520,2014,12841270,2021,5839868,-7001402,-54.52
3003,2014,13925360,2021,6922397,-7002963,-50.29
1018,2014,14280867,2021,7275916,-7004951,-49.05
3653,2014,13594516,2021,6585026,-7009490,-51.56
3269,2014,13459646,2021,6448298,-7011348,-52.09
4780,2014,15234533,2021,8222215,-7012318,-46.03
4681,2014,13344447,2021,6332043,-7012404,-52.55
3619,2014,15600499,2021,8583400,-7017099,-44.98
2207,2014,12813498,2021,5785135,-7028363,-54.85
188,2014,14807934,2021,7779153,-7028781,-47.47
3261,2014,13812279,2021,6776061,-7036218,-50.94
305,2014,16036907,2021,8999829,-7037078,-43.88
4784,2014,14320539,2021,7273262,-7047277,-49.21
4419,2014,12205098,2021,5153953,-7051145,-57.77
4001,2014,14349916,2021,7298650,-7051266,-49.14
258,2014,16236006,2021,9181810,-7054196,-43.45
3293,2014,14038687,2021,6983336,-7055351,-50.26
3595,2014,14287262,2021,7231500,-7055762,-49.38
512,2014,15583652,2021,8525627,-7058025,-45.29
592,2014,12872774,2021,5814415,-7058359,-54.83
4833,2014,10869395,2021,3802702,-7066693,-65.01
211,2014,12751335,2021,5679438,-7071897,-55.46
204,2014,13994562,2021,6920943,-7073619,-50.55
182,2014,13258459,2021,6182315,-7076144,-53.37
4492,2014,10827507,2021,3748503,-7079004,-65.38
981,2014,12730419,2021,5645963,-7084456,-55.65
119,2014,12935534,2021,5845956,-7089578,-54.81
2505,2014,12874304,2021,5783839,-7090465,-55.07
4159,2014,15092605,2021,8001592,-7091013,-46.98
4201,2014,13573533,2021,6481993,-7091540,-52.25
4217,2014,13976202,2021,6882336,-7093866,-50.76
2585,2014,13928797,2021,6830465,-7098332,-50.96
979,2014,12750437,2021,5642600,-7107837,-55.75
3500,2014,14452035,2021,7334650,-7117385,-49.25
2179,2014,10794671,2021,3670853,-7123818,-65.99
481,2014,13665103,2021,6540764,-7124339,-52.14
4755,2014,14361111,2021,7235920,-7125191,-49.61
3551,2014,14443406,2021,7316592,-7126814,-49.34
3515,2014,14018527,2021,6891579,-7126948,-50.84
3085,2014,15082087,2021,7947166,-7134921,-47.31
2626,2014,13721086,2021,6584871,-7136215,-52.01
670,2014,14333613,2021,7193312,-7140301,-49.82
2932,2014,10886890,2021,3744677,-7142213,-65.6
4748,2014,13692275,2021,6549946,-7142329,-52.16
3617,2014,15992889,2021,8842076,-7150813,-44.71
3226,2014,13914163,2021,6760700,-7153463,-51.41
295,2014,17677286,2021,10514880,-7162406,-40.52
783,2014,14162347,2021,6999639,-7162708,-50.58
662,2014,15950916,2021,8787777,-7163139,-44.91
2722,2014,14352459,2021,7169157,-7183302,-50.05
3396,2014,15390411,2021,8203524,-7186887,-46.7
1304,2014,15692945,2021,8503923,-7189022,-45.81
4391,2014,9535382,2021,2345864,-7189518,-75.4
1355,2014,14150174,2021,6960540,-7189634,-50.81
4271,2014,13662411,2021,6464942,-7197469,-52.68
971,2014,13936728,2021,6732935,-7203793,-51.69
4477,2014,14042692,2021,6838193,-7204499,-51.3
3555,2014,15078341,2021,7873127,-7205214,-47.79
3640,2014,15821516,2021,8613946,-7207570,-45.56
5021,2014,15537456,2021,8327090,-7210366,-46.41
842,2014,12692262,2021,5481212,-7211050,-56.81
843,2014,13567478,2021,6352738,-7214740,-53.18
2789,2014,19174713,2021,11959910,-7214803,-37.63
5281,2014,14277035,2021,7055614,-7221421,-50.58
2845,2014,20060289,2021,12838019,-7222270,-36.0
4240,2014,13360097,2021,6135639,-7224458,-54.07
222,2014,11279250,2021,4052137,-7227113,-64.07
4994,2014,14919285,2021,7691141,-7228144,-48.45
5002,2014,17002257,2021,9774080,-7228177,-42.51
733,2014,14633147,2021,7402213,-7230934,-49.41
214,2014,14276475,2021,7044390,-7232085,-50.66
3668,2014,12773899,2021,5541776,-7232123,-56.62
4796,2014,12550755,2021,5312791,-7237964,-57.67
2728,2014,13296613,2021,6052782,-7243831,-54.48
3018,2014,13581746,2021,6336204,-7245542,-53.35
4535,2014,10782521,2021,3535146,-7247375,-67.21
4905,2014,13556240,2021,6308844,-7247396,-53.46
4357,2014,10842040,2021,3579196,-7262844,-66.99
3612,2014,16108885,2021,8845995,-7262890,-45.09
449,2014,14126663,2021,6858400,-7268263,-51.45
3677,2014,12964501,2021,5692831,-7271670,-56.09
4236,2014,14274116,2021,7001685,-7272431,-50.95
4466,2014,12386368,2021,5112281,-7274087,-58.73
4396,2014,10651673,2021,3374290,-7277383,-68.32
253,2014,14256644,2021,6977120,-7279524,-51.06
3218,2014,11913240,2021,4627322,-7285918,-61.16
4656,2014,13801941,2021,6510595,-7291346,-52.83
3615,2014,14754858,2021,7460193,-7294665,-49.44
445,2014,13872463,2021,6565970,-7306493,-52.67
3115,2014,13617186,2021,6304125,-7313061,-53.7
3113,2014,15155445,2021,7840370,-7315075,-48.27
5272,2014,16234126,2021,8918945,-7315181,-45.06
4389,2014,15883980,2021,8563716,-7320264,-46.09
360,2014,16691922,2021,9363884,-7328038,-43.9
1150,2014,12785074,2021,5456564,-7328510,-57.32
3682,2014,13781256,2021,6452084,-7329172,-53.18
175,2014,14249420,2021,6919157,-7330263,-51.44
5201,2014,11230915,2021,3895076,-7335839,-65.32
2616,2014,15667385,2021,8321304,-7346081,-46.89
1111,2014,13681624,2021,6334949,-7346675,-53.7
2781,2014,15569600,2021,8221761,-7347839,-47.19
3695,2014,15141912,2021,7791945,-7349967,-48.54
4228,2014,12990228,2021,5634372,-7355856,-56.63
2907,2014,13476976,2021,6117776,-7359200,-54.61
3673,2014,12954674,2021,5587830,-7366844,-56.87
4426,2014,10490431,2021,3123376,-7367055,-70.23
4374,2014,13762445,2021,6390195,-7372250,-53.57
1044,2014,13304695,2021,5932120,-7372575,-55.41
906,2014,16110304,2021,8730521,-7379783,-45.81
4577,2014,11537647,2021,4153598,-7384049,-64.0
3150,2014,15101794,2021,7704343,-7397451,-48.98
2637,2014,15298095,2021,7893440,-7404655,-48.4
3594,2014,14793877,2021,7388931,-7404946,-50.05
3721,2014,14507846,2021,7102813,-7405033,-51.04
965,2014,17288173,2021,9880487,-7407686,-42.85
3304,2014,12704384,2021,5292558,-7411826,-58.34
4206,2014,14622786,2021,7210558,-7412228,-50.69
4829,2014,11675035,2021,4257185,-7417850,-63.54
864,2014,14148928,2021,6727725,-7421203,-52.45
142,2014,14328405,2021,6896639,-7431766,-51.87
1242,2014,11694930,2021,4259131,-7435799,-63.58
3352,2014,15672340,2021,8232135,-7440205,-47.47
3208,2014,11725333,2021,4281625,-7443708,-63.48
6152,2014,13871513,2021,6424215,-7447298,-53.69
987,2014,15155912,2021,7700794,-7455118,-49.19
4992,2014,16022647,2021,8564790,-7457857,-46.55
2934,2014,12209630,2021,4749322,-7460308,-61.1
4455,2014,20203450,2021,12743046,-7460404,-36.93
4143,2014,12232987,2021,4767136,-7465851,-61.03
1202,2014,15880792,2021,8411348,-7469444,-47.03
6695,2014,13454406,2021,5984852,-7469554,-55.52
3553,2014,15013217,2021,7541708,-7471509,-49.77
4801,2014,12278302,2021,4806369,-7471933,-60.85
4583,2014,11048577,2021,3571711,-7476866,-67.67
664,2014,15238034,2021,7756825,-7481209,-49.1
3561,2014,15180336,2021,7698676,-7481660,-49.29
4383,2014,13074977,2021,5591178,-7483799,-57.24
3347,2014,14882035,2021,7390311,-7491724,-50.34
4048,2014,13136401,2021,5641996,-7494405,-57.05
157,2014,16131999,2021,8636812,-7495187,-46.46
2939,2014,14503273,2021,7000766,-7502507,-51.73
3302,2014,12520254,2021,5014239,-7506015,-59.95
1396,2014,16983317,2021,9474589,-7508728,-44.21
4436,2014,12988069,2021,5476416,-7511653,-57.84
735,2014,13172437,2021,5651530,-7520907,-57.1
5254,2014,18058727,2021,10535594,-7523133,-41.66
1303,2014,14188297,2021,6656193,-7532104,-53.09
491,2014,16246154,2021,8710389,-7535765,-46.38
267,2014,15763340,2021,8227452,-7535888,-47.81
4717,2014,13230549,2021,5692737,-7537812,-56.97
3919,2014,15397229,2021,7859027,-7538202,-48.96
3471,2019,12770360,2021,5230183,-7540177,-59.04
723,2014,14404386,2021,6856185,-7548201,-52.4
2166,2014,15359285,2021,7792429,-7566856,-49.27
717,2014,15327549,2021,7756153,-7571396,-49.4
4920,2014,15598960,2021,8019051,-7579909,-48.59
4652,2014,18678737,2021,11097522,-7581215,-40.59
4534,2014,10658012,2021,3069088,-7588924,-71.2
2964,2014,15438538,2021,7848029,-7590509,-49.17
1052,2014,10909807,2021,3313700,-7596107,-69.63
3453,2014,13024604,2021,5427585,-7597019,-58.33
2308,2014,14055975,2021,6457323,-7598652,-54.06
2656,2014,19247393,2021,11646821,-7600572,-39.49
3539,2014,14101339,2021,6482463,-7618876,-54.03
4602,2014,10220322,2021,2598335,-7621987,-74.58
4162,2014,16735073,2021,9104368,-7630705,-45.6
5257,2014,15865183,2021,8223680,-7641503,-48.17
4220,2014,12799196,2021,5155035,-7644161,-59.72
2204,2014,13226250,2021,5578433,-7647817,-57.82
2597,2014,16486374,2021,8836743,-7649631,-46.4
2825,2014,14430483,2021,6776536,-7653947,-53.04
403,2014,14959302,2021,7303824,-7655478,-51.18
339,2014,16190018,2021,8524562,-7665456,-47.35
3732,2014,15822279,2021,8156661,-7665618,-48.45
221,2014,12182628,2021,4511635,-7670993,-62.97
2835,2014,9088157,2021,1415668,-7672489,-84.42
384,2014,15887591,2021,8211735,-7675856,-48.31
364,2014,13566869,2021,5890637,-7676232,-56.58
2311,2014,13968201,2021,6290469,-7677732,-54.97
464,2014,15776390,2021,8091352,-7685038,-48.71
3010,2014,12992904,2021,5307596,-7685308,-59.15
2730,2014,16088571,2021,8400980,-7687591,-47.78
599,2014,15392371,2021,7700373,-7691998,-49.97
4041,2014,15320170,2021,7625975,-7694195,-50.22
192,2014,14615178,2021,6920911,-7694267,-52.65
3363,2014,15964362,2021,8256039,-7708323,-48.28
1185,2014,14617013,2021,6908440,-7708573,-52.74
2602,2014,15605554,2021,7891602,-7713952,-49.43
3220,2014,14716810,2021,7002069,-7714741,-52.42
407,2014,14598162,2021,6869618,-7728544,-52.94
3345,2014,14543068,2021,6813939,-7729129,-53.15
2867,2014,14352217,2021,6620241,-7731976,-53.87
3399,2014,17614414,2021,9880659,-7733755,-43.91
4408,2014,12801544,2021,5064547,-7736997,-60.44
4176,2014,17659820,2021,9908188,-7751632,-43.89
1122,2014,16403750,2021,8649767,-7753983,-47.27
145,2014,15991171,2021,8227509,-7763662,-48.55
1145,2014,15324802,2021,7560932,-7763870,-50.66
846,2014,14782423,2021,7016604,-7765819,-52.53
4420,2014,7769045,2019,0,-7769045,-100.0
149,2014,16028851,2021,8258157,-7770694,-48.48
3685,2014,13314002,2021,5541989,-7772013,-58.37
3019,2014,14747222,2021,6960993,-7786229,-52.8
2768,2014,15652011,2021,7860927,-7791084,-49.78
3305,2014,13022462,2021,5230477,-7791985,-59.83
4043,2014,15855233,2021,8062872,-7792361,-49.15
2902,2014,15254422,2021,7460263,-7794159,-51.09
279,2014,11873870,2021,4078614,-7795256,-65.65
4814,2014,12800649,2021,5004936,-7795713,-60.9
180,2014,13109724,2021,5306747,-7802977,-59.52
3563,2014,16105552,2021,8299481,-7806071,-48.47
374,2014,14994723,2021,7168242,-7826481,-52.19
4160,2014,15672029,2021,7836400,-7835629,-50.0
4530,2014,9694269,2021,1857398,-7836871,-80.84
330,2014,16157292,2021,8315858,-7841434,-48.53
1243,2014,11275663,2021,3433943,-7841720,-69.55
799,2014,16091295,2021,8247139,-7844156,-48.75
111,2014,13497853,2021,5649678,-7848175,-58.14
741,2014,9623911,2021,1774417,-7849494,-81.56
3425,2014,13619353,2021,5764852,-7854501,-57.67
2300,2014,12890952,2021,5021514,-7869438,-61.05
335,2014,15844953,2021,7959518,-7885435,-49.77
3012,2014,14148728,2021,6257091,-7891637,-55.78
3030,2014,14594056,2021,6697957,-7896099,-54.1
500,2014,16243115,2021,8345164,-7897951,-48.62
1094,2014,15955455,2021,8054824,-7900631,-49.52
4686,2014,15754984,2021,7849999,-7904985,-50.17
1093,2014,16417898,2021,8512037,-7905861,-48.15
3450,2014,15710972,2021,7804844,-7906128,-50.32
3001,2014,12343686,2021,4427031,-7916655,-64.14
2511,2014,15810272,2021,7889658,-7920614,-50.1
849,2014,35351908,2021,27425076,-7926832,-22.42
549,2014,16854033,2021,8923316,-7930717,-47.06
528,2014,15292304,2021,7360714,-7931590,-51.87
1367,2014,15575936,2021,7643831,-7932105,-50.93
4468,2014,12860726,2021,4927665,-7933061,-61.68
533,2014,18228337,2021,10295191,-7933146,-43.52
467,2014,14553449,2021,6620239,-7933210,-54.51
4350,2014,13281553,2021,5347399,-7934154,-59.74
661,2014,17242531,2021,9300922,-7941609,-46.06
3564,2014,15666981,2021,7723627,-7943354,-50.7
4332,2014,13985860,2021,6036594,-7949266,-56.84
3554,2014,16210624,2021,8256813,-7953811,-49.07
3120,2014,15183360,2021,7226406,-7956954,-52.41
2629,2014,16727518,2021,8759821,-7967697,-47.63
115,2014,14295063,2021,6315761,-7979302,-55.82
2167,2014,18675422,2021,10692056,-7983366,-42.75
4745,2014,16023584,2021,8037953,-7985631,-49.84
141,2014,16895811,2021,8910055,-7985756,-47.26
3306,2014,14452090,2021,6459269,-7992821,-55.31
2904,2014,13766144,2021,5760309,-8005835,-58.16
4128,2014,12405384,2021,4398378,-8007006,-64.54
3127,2014,13733624,2021,5725736,-8007888,-58.31
680,2014,15211876,2021,7202012,-8009864,-52.66
4764,2014,14987511,2021,6969675,-8017836,-53.5
2945,2014,17916954,2021,9898743,-8018211,-44.75
191,2014,15560804,2021,7541481,-8019323,-51.54
2009,2014,14448111,2021,6426960,-8021151,-55.52
1139,2014,11030638,2021,2998661,-8031977,-72.82
618,2014,16621990,2021,8586956,-8035034,-48.34
3331,2014,10378068,2018,2333955,-8044113,-77.51
201,2014,15863745,2021,7817298,-8046447,-50.72
1379,2014,15019773,2021,6970738,-8049035,-53.59
3920,2014,12281490,2021,4228920,-8052570,-65.57
2714,2014,16077385,2021,8024473,-8052912,-50.09
5111,2014,17427160,2021,9362040,-8065120,-46.28
4428,2014,8115078,2021,44484,-8070594,-99.45
239,2014,16383556,2021,8306897,-8076659,-49.3
2628,2014,26597580,2021,18519420,-8078160,-30.37
4736,2014,13837353,2021,5748330,-8089023,-58.46
3697,2014,16225170,2021,8129911,-8095259,-49.89
543,2014,16894734,2021,8799443,-8095291,-47.92
114,2014,13386202,2021,5289705,-8096497,-60.48
2004,2014,14142549,2021,6035108,-8107441,-57.33
454,2014,15762486,2021,7653796,-8108690,-51.44
2706,2014,15844847,2021,7736010,-8108837,-51.18
1336,2014,17055491,2021,8943277,-8112214,-47.56
1196,2014,17181199,2021,9068036,-8113163,-47.22
190,2014,16581684,2021,8467906,-8113778,-48.93
4454,2014,13377945,2021,5261926,-8116019,-60.67
2007,2014,15086081,2021,6967974,-8118107,-53.81
459,2014,15476448,2021,7354637,-8121811,-52.48
4434,2014,13953107,2021,5823017,-8130090,-58.27
2219,2014,17232957,2021,9093791,-8139166,-47.23
4647,2014,16643503,2021,8492087,-8151416,-48.98
871,2014,17017488,2021,8863403,-8154085,-47.92
2012,2014,16918859,2021,8762706,-8156153,-48.21
131,2014,14830523,2021,6673168,-8157355,-55.0
5016,2014,17093102,2021,8935274,-8157828,-47.73
483,2014,14549709,2021,6385622,-8164087,-56.11
2611,2014,17609315,2021,9437825,-8171490,-46.4
283,2014,17854005,2021,9673716,-8180289,-45.82
4657,2014,14860019,2021,6675066,-8184953,-55.08
2309,2014,25139070,2021,16952888,-8186182,-32.56
489,2014,18457861,2021,10271090,-8186771,-44.35
2787,2014,16377781,2021,8187625,-8190156,-50.01
129,2014,15935410,2021,7743863,-8191547,-51.4
915,2014,14302046,2021,6105594,-8196452,-57.31
3242,2014,18132848,2021,9936339,-8196509,-45.2
197,2014,16115147,2021,7905010,-8210137,-50.95
629,2014,16417956,2021,8195673,-8222283,-50.08
6200,2014,18426065,2021,10200210,-8225855,-44.64
172,2014,14692900,2021,6464568,-8228332,-56.0
744,2014,18100651,2021,9871836,-8228815,-45.46
502,2014,20123009,2021,11887405,-8235604,-40.93
3986,2014,18520789,2021,10276806,-8243983,-44.51
3076,2014,16377003,2021,8128107,-8248896,-50.37
700,2014,17585398,2021,9329360,-8256038,-46.95
3700,2014,16301186,2021,8043571,-8257615,-50.66
795,2014,15870012,2021,7610232,-8259780,-52.05
2021,2014,15999560,2021,7730545,-8269015,-51.68
2513,2014,14503694,2021,6224250,-8279444,-57.09
781,2014,15793840,2021,7505676,-8288164,-52.48
848,2014,16768488,2021,8472245,-8296243,-49.48
696,2014,17720502,2021,9420435,-8300067,-46.84
503,2014,15360061,2021,7042350,-8317711,-54.15
5819,2014,13515168,2021,5194801,-8320367,-61.56
2627,2014,22918110,2021,14585341,-8332769,-36.36
4032,2014,16636925,2021,8303721,-8333204,-50.09
857,2014,15281414,2021,6946889,-8334525,-54.54
3393,2014,32742526,2021,24406984,-8335542,-25.46
2876,2014,17796511,2021,9458998,-8337513,-46.85
4552,2014,11745820,2021,3404723,-8341097,-71.01
215,2014,14369017,2021,6027483,-8341534,-58.05
5064,2014,15752039,2021,7410365,-8341674,-52.96
367,2014,16168834,2021,7826412,-8342422,-51.6
2636,2014,16461096,2021,8106578,-8354518,-50.75
2146,2014,17278978,2021,8914190,-8364788,-48.41
6616,2014,20689303,2021,12320242,-8369061,-40.45
297,2014,14353662,2021,5971572,-8382090,-58.4
2423,2014,15865050,2021,7482104,-8382946,-52.84
256,2014,23535646,2021,15144261,-8391385,-35.65
602,2014,16459208,2021,8064106,-8395102,-51.01
4472,2014,14155746,2021,5759939,-8395807,-59.31
2610,2014,18287906,2021,9886633,-8401273,-45.94
369,2014,18026614,2021,9619838,-8406776,-46.64
4388,2014,16036157,2021,7628314,-8407843,-52.43
2022,2014,16589932,2021,8177845,-8412087,-50.71
3744,2014,22521519,2021,14109383,-8412136,-37.35
4456,2014,13675274,2021,5260950,-8414324,-61.53
3740,2014,22393245,2021,13967736,-8425509,-37.63
4170,2014,16796069,2021,8367802,-8428267,-50.18
777,2014,18233824,2021,9802812,-8431012,-46.24
2883,2014,12605745,2021,4165727,-8440018,-66.95
2303,2014,15487727,2021,7046169,-8441558,-54.5
450,2014,15583241,2021,7130130,-8453111,-54.24
3846,2014,16139822,2021,7675620,-8464202,-52.44
605,2014,16930741,2021,8462232,-8468509,-50.02
2163,2014,16985102,2021,8511079,-8474023,-49.89
4878,2014,14263163,2021,5775869,-8487294,-59.5
4962,2014,17276645,2021,8778187,-8498458,-49.19
2298,2014,15096826,2021,6598344,-8498482,-56.29
4651,2014,17298201,2021,8798835,-8499366,-49.13
778,2014,17005489,2021,8504427,-8501062,-49.99
2933,2014,18574710,2021,10065304,-8509406,-45.81
4688,2014,12592526,2021,4075259,-8517267,-67.64
3121,2014,12291371,2021,3773666,-8517705,-69.3
3272,2014,18699749,2021,10181002,-8518747,-45.56
5011,2014,18273749,2021,9750778,-8522971,-46.64
2605,2014,16051982,2021,7516380,-8535602,-53.17
1195,2014,16150799,2021,7614814,-8535985,-52.85
4231,2014,14640576,2021,6102084,-8538492,-58.32
3817,2014,16203492,2021,7661630,-8541862,-52.72
4310,2014,17203319,2021,8661337,-8541982,-49.65
3562,2014,14150547,2021,5608298,-8542249,-60.37
2437,2014,23900705,2021,15344148,-8556557,-35.8
3451,2014,15828326,2021,7271473,-8556853,-54.06
377,2014,16787641,2021,8230041,-8557600,-50.98
4488,2014,17652651,2021,9088796,-8563855,-48.51
3238,2014,16748451,2021,8182754,-8565697,-51.14
944,2014,16019971,2021,7443078,-8576893,-53.54
2335,2014,16749666,2021,8172197,-8577469,-51.21
4458,2014,13168576,2021,4589027,-8579549,-65.15
859,2014,14578855,2021,5999066,-8579789,-58.85
3895,2014,9167898,2021,580309,-8587589,-93.67
1102,2014,17579871,2021,8983836,-8596035,-48.9
411,2014,19428207,2021,10829098,-8599109,-44.26
1064,2014,16921919,2021,8319978,-8601941,-50.83
578,2014,15408199,2021,6806212,-8601987,-55.83
923,2014,17556644,2021,8948859,-8607785,-49.03
4321,2014,18128017,2021,9513340,-8614677,-47.52
4743,2014,14731292,2021,6109459,-8621833,-58.53
4435,2014,14833053,2021,6210988,-8622065,-58.13
844,2014,16810226,2021,8184037,-8626189,-51.32
3884,2014,16444477,2021,7813624,-8630853,-52.48
2205,2014,18394401,2021,9758360,-8636041,-46.95
137,2014,20425181,2021,11776689,-8648492,-42.34
398,2014,16922172,2021,8269918,-8652254,-51.13
163,2014,16222885,2021,7567096,-8655789,-53.36
3330,2014,16613823,2021,7951028,-8662795,-52.14
4675,2014,17465459,2021,8797833,-8667626,-49.63
4044,2014,15825084,2021,7152103,-8672981,-54.81
2926,2014,12842209,2021,4164047,-8678162,-67.58
2519,2014,16979086,2021,8300597,-8678489,-51.11
3939,2014,16623602,2021,7932696,-8690906,-52.28
2684,2014,13152876,2021,4460551,-8692325,-66.09
1012,2014,17547120,2021,8845931,-8701189,-49.59
3558,2014,17881937,2021,9174797,-8707140,-48.69
127,2014,16496848,2021,7784376,-8712472,-52.81
4704,2014,17047356,2021,8322612,-8724744,-51.18
4882,2014,15372983,2021,6647764,-8725219,-56.76
569,2014,19796262,2021,11070248,-8726014,-44.08
3213,2014,18484810,2021,9756707,-8728103,-47.22
189,2014,17967474,2021,9239185,-8728289,-48.58
4506,2014,16531174,2021,7800481,-8730693,-52.81
3042,2014,17859699,2021,9117629,-8742070,-48.95
399,2014,21177544,2021,12426847,-8750697,-41.32
3900,2014,15455385,2021,6701412,-8753973,-56.64
1105,2014,17633976,2021,8873670,-8760306,-49.68
1464,2019,18318012,2021,9557131,-8760881,-47.83
124,2014,17190543,2021,8426436,-8764107,-50.98
747,2014,14566063,2021,5784805,-8781258,-60.29
614,2014,18554945,2021,9773305,-8781640,-47.33
493,2014,17901396,2021,9115131,-8786265,-49.08
4115,2014,17495830,2021,8707927,-8787903,-50.23
3315,2014,16444946,2021,7656541,-8788405,-53.44
924,2014,17140112,2021,8342185,-8797927,-51.33
199,2014,17025134,2021,8226434,-8798700,-51.68
2503,2014,18795367,2021,9996121,-8799246,-46.82
2158,2014,20777789,2021,11973530,-8804259,-42.37
4273,2014,15750496,2021,6930846,-8819650,-56.0
4710,2014,16424001,2021,7595253,-8828748,-53.76
5007,2014,20935613,2021,12105606,-8830007,-42.18
5018,2014,18938587,2021,10102471,-8836116,-46.66
4808,2014,16030462,2021,7192028,-8838434,-55.14
5125,2014,11616824,2021,2774446,-8842378,-76.12
793,2014,17917122,2021,9073990,-8843132,-49.36
4569,2014,10847252,2021,2000286,-8846966,-81.56
4306,2014,16737186,2021,7881636,-8855550,-52.91
3690,2014,16310814,2021,7447814,-8863000,-54.34
438,2014,15355170,2021,6487414,-8867756,-57.75
678,2014,16698117,2021,7829346,-8868771,-53.11
337,2014,17700359,2021,8819247,-8881112,-50.17
2606,2014,17599981,2021,8716380,-8883601,-50.48
268,2014,17217406,2021,8326706,-8890700,-51.64
4474,2014,19337675,2021,10444733,-8892942,-45.99
4409,2014,14513040,2021,5612898,-8900142,-61.33
4550,2014,18283255,2021,9377394,-8905861,-48.71
3559,2014,17470747,2021,8561406,-8909341,-51.0
4087,2014,16569749,2021,7655118,-8914631,-53.8
4800,2014,16141267,2021,7217974,-8923293,-55.28
2797,2014,19108714,2021,10179773,-8928941,-46.73
4410,2014,11908496,2021,2979218,-8929278,-74.98
4373,2014,16287621,2021,7351576,-8936045,-54.86
2903,2014,16610430,2021,7661836,-8948594,-53.87
455,2014,17338930,2021,8380498,-8958432,-51.67
4378,2014,11805656,2021,2826232,-8979424,-76.06
3694,2014,18824130,2021,9836086,-8988044,-47.75
3057,2014,18313190,2021,9321170,-8992020,-49.1
4783,2014,18529315,2021,9536917,-8992398,-48.53
378,2014,17011593,2021,8010833,-9000760,-52.91
4883,2014,15267090,2021,6261406,-9005684,-58.99
4171,2014,15330716,2021,6317790,-9012926,-58.79
194,2014,16749598,2021,7736338,-9013260,-53.81
3170,2014,20218672,2021,11194678,-9023994,-44.63
2427,2014,18258881,2021,9231465,-9027416,-49.44
941,2014,17497127,2021,8467794,-9029333,-51.6
774,2014,16817534,2021,7778014,-9039520,-53.75
2866,2014,17478712,2021,8437900,-9040812,-51.72
2187,2014,19947082,2021,10886731,-9060351,-45.42
2208,2014,17158611,2021,8096206,-9062405,-52.82
1138,2014,18386293,2021,9316412,-9069881,-49.33
3560,2014,19167771,2021,10092987,-9074784,-47.34
2612,2014,19339211,2021,10255862,-9083349,-46.97
107,2014,18543094,2021,9452594,-9090500,-49.02
4462,2014,15990823,2021,6889761,-9101062,-56.91
3362,2014,18283247,2021,9176146,-9107101,-49.81
105,2014,18038970,2021,8930993,-9107977,-50.49
4218,2014,20548215,2021,11438417,-9109798,-44.33
4873,2014,11905525,2021,2787590,-9117935,-76.59
159,2014,17055252,2021,7936018,-9119234,-53.47
421,2014,14418306,2021,5291242,-9127064,-63.3
4523,2014,11177294,2021,2048736,-9128558,-81.67
112,2014,16680086,2021,7550454,-9129632,-54.73
1101,2014,17366075,2021,8235676,-9130399,-52.58
4475,2014,17596012,2021,8464414,-9131598,-51.9
865,2014,18413185,2021,9273464,-9139721,-49.64
4444,2014,13616125,2021,4471524,-9144601,-67.16
860,2014,18394260,2021,9249395,-9144865,-49.72
2194,2014,21371181,2021,12216801,-9154380,-42.84
511,2014,19578401,2021,10422135,-9156266,-46.77
2641,2014,19690103,2021,10523749,-9166354,-46.55
2034,2014,17426073,2021,8258568,-9167505,-52.61
448,2014,17520881,2021,8349080,-9171801,-52.35
4403,2014,15935678,2021,6758765,-9176913,-57.59
178,2014,14983067,2021,5800706,-9182361,-61.28
4585,2014,12995326,2021,3804894,-9190432,-70.72
2501,2014,16375049,2021,7184459,-9190590,-56.13
3067,2014,18234726,2021,9033497,-9201229,-50.46
907,2014,15591163,2021,6386770,-9204393,-59.04
2005,2014,15918800,2021,6710126,-9208674,-57.85
179,2014,17590854,2021,8370920,-9219934,-52.41
2772,2014,16878595,2021,7656882,-9221713,-54.64
2608,2014,19598915,2021,10372005,-9226910,-47.08
786,2014,18343511,2021,9114894,-9228617,-50.31
2160,2014,20062319,2021,10831801,-9230518,-46.01
4376,2014,11849850,2021,2616199,-9233651,-77.92
798,2014,17103827,2021,7865846,-9237981,-54.01
504,2014,18529944,2021,9291015,-9238929,-49.86
138,2014,23354979,2021,14107182,-9247797,-39.6
281,2014,19026947,2021,9778331,-9248616,-48.61
3068,2014,18313191,2021,9052658,-9260533,-50.57
2607,2014,19494421,2021,10231792,-9262629,-47.51
886,2014,17423116,2021,8150331,-9272785,-53.22
4930,2014,17573326,2021,8298942,-9274384,-52.78
3091,2014,17968069,2021,8690893,-9277176,-51.63
619,2014,21873968,2021,12596694,-9277274,-42.41
3662,2014,17479258,2021,8200556,-9278702,-53.08
327,2014,13333408,2021,4046856,-9286552,-69.65
165,2014,16679600,2021,7390670,-9288930,-55.69
4812,2014,17324489,2021,8029631,-9294858,-53.65
3316,2014,17118268,2021,7812561,-9305707,-54.36
5003,2014,26055664,2021,16738571,-9317093,-35.76
2402,2014,17980571,2021,8663132,-9317439,-51.82
3501,2014,16234408,2021,6915664,-9318744,-57.4
2512,2014,18729319,2021,9383947,-9345372,-49.9
5013,2014,20129465,2021,10761468,-9367997,-46.54
796,2014,18252072,2021,8864557,-9387515,-51.43
4576,2014,14223792,2021,4827415,-9396377,-66.06
2603,2014,18841959,2021,9441787,-9400172,-49.89
3570,2014,23486363,2021,14085137,-9401226,-40.03
5903,2014,18643467,2021,9237241,-9406226,-50.45
3659,2014,17165697,2021,7754006,-9411691,-54.83
2609,2014,20454468,2021,11041405,-9413063,-46.02
2763,2014,20621175,2021,11207528,-9413647,-45.65
4353,2014,16888055,2021,7446696,-9441359,-55.91
4575,2014,14099197,2021,4654411,-9444786,-66.99
3147,2014,9969415,2021,507001,-9462414,-94.91
3893,2014,18185425,2021,8720687,-9464738,-52.05
782,2014,19839988,2021,10370907,-9469081,-47.73
3303,2014,14771174,2021,5300446,-9470728,-64.12
3171,2014,21007052,2021,11530048,-9477004,-45.11
4989,2014,16989477,2021,7510006,-9479471,-55.8
451,2014,18120685,2021,8641199,-9479486,-52.31
3599,2014,17012968,2021,7521325,-9491643,-55.79
161,2014,17571360,2021,8076500,-9494860,-54.04
3915,2014,12723305,2021,3216475,-9506830,-74.72
3868,2014,15113222,2021,5580432,-9532790,-63.08
2210,2014,15787027,2021,6251161,-9535866,-60.4
4601,2014,18140897,2021,8602629,-9538268,-52.58
3314,2014,17115167,2021,7576228,-9538939,-55.73
4543,2014,14945005,2021,5385379,-9559626,-63.97
3174,2014,26031494,2021,16460834,-9570660,-36.77
3816,2014,17003619,2021,7430397,-9573222,-56.3
2161,2014,26337717,2021,16760867,-9576850,-36.36
640,2014,17642106,2021,8059132,-9582974,-54.32
2941,2014,17737673,2021,8153402,-9584271,-54.03
2842,2014,20595816,2021,10995830,-9599986,-46.61
3737,2014,19099538,2021,9498933,-9600605,-50.27
2984,2014,16370817,2021,6764889,-9605928,-58.68
3341,2014,18538863,2021,8928840,-9610023,-51.84
3709,2014,12276430,2021,2650854,-9625576,-78.41
196,2014,19148173,2021,9512618,-9635555,-50.32
1050,2014,17413796,2021,7771058,-9642738,-55.37
317,2014,17948067,2021,8303567,-9644500,-53.74
5015,2014,19865693,2021,10221036,-9644657,-48.55
4963,2014,19367788,2021,9722912,-9644876,-49.8
3987,2014,19054454,2021,9407319,-9647135,-50.63
4014,2014,17700124,2021,8050642,-9649482,-54.52
853,2014,20126303,2021,10448661,-9677642,-48.08
4919,2014,14174562,2021,4492750,-9681812,-68.3
4746,2014,19493644,2021,9805594,-9688050,-49.7
3148,2014,11326067,2021,1634659,-9691408,-85.57
4886,2014,17878371,2021,8177952,-9700419,-54.26
4465,2014,17240695,2021,7525873,-9714822,-56.35
3350,2014,18093362,2021,8373409,-9719953,-53.72
2504,2014,17796070,2021,8072854,-9723216,-54.64
3984,2014,21159664,2021,11403898,-9755766,-46.11
3971,2014,12572668,2021,2816686,-9755982,-77.6
5259,2014,19591782,2021,9833790,-9757992,-49.81
3616,2014,21158461,2021,11396848,-9761613,-46.14
4212,2014,23636499,2021,13872883,-9763616,-41.31
3131,2014,18170868,2021,8403430,-9767438,-53.75
936,2014,18883871,2021,9075691,-9808180,-51.94
174,2014,19271159,2021,9459314,-9811845,-50.91
2909,2014,19826922,2021,10009369,-9817553,-49.52
1057,2014,17143132,2021,7316457,-9826675,-57.32
4999,2014,19941822,2021,10106286,-9835536,-49.32
3912,2014,19036101,2021,9187256,-9848845,-51.74
4638,2014,20160120,2021,10304460,-9855660,-48.89
970,2014,18355537,2021,8489970,-9865567,-53.75
939,2014,18902116,2021,9016135,-9885981,-52.3
974,2014,22611935,2021,12720470,-9891465,-43.74
1302,2014,20847859,2021,10954924,-9892935,-47.45
2882,2014,18731353,2021,8832384,-9898969,-52.85
3066,2014,22901299,2021,12999167,-9902132,-43.24
4266,2014,17117820,2021,7208770,-9909050,-57.89
3503,2014,17331481,2021,7414979,-9916502,-57.22
1178,2014,17602204,2021,7671249,-9930955,-56.42
2925,2014,18318635,2021,8381933,-9936702,-54.24
4517,2014,19750213,2021,9809257,-9940956,-50.33
731,2014,21357617,2021,11396526,-9961091,-46.64
2331,2014,19090018,2021,9117586,-9972432,-52.24
2500,2014,19515288,2021,9539515,-9975773,-51.12
932,2014,19424239,2021,9441423,-9982816,-51.39
2343,2014,16245628,2021,6260864,-9984764,-61.46
177,2014,21804214,2021,11814278,-9989936,-45.82
1121,2014,22588989,2021,12582690,-10006299,-44.3
216,2014,15127119,2021,5096710,-10030409,-66.31
3487,2014,18379327,2021,8310046,-10069281,-54.79
2332,2014,15816287,2021,5746174,-10070113,-63.67
2956,2014,20214453,2021,10142882,-10071571,-49.82
418,2014,20800755,2021,10709465,-10091290,-48.51
1103,2014,18490035,2021,8394782,-10095253,-54.6
4541,2014,16239946,2021,6144484,-10095462,-62.16
133,2014,21966112,2021,11869512,-10096600,-45.96
423,2014,21560725,2021,11460929,-10099796,-46.84
3054,2014,20614718,2021,10491762,-10122956,-49.11
2330,2014,22532811,2021,12405609,-10127202,-44.94
4816,2014,19764244,2021,9627470,-10136774,-51.29
319,2014,18351957,2021,8201922,-10150035,-55.31
2919,2014,16236910,2021,6080546,-10156364,-62.55
4405,2014,18560847,2021,8400529,-10160318,-54.74
888,2014,18735251,2021,8570720,-10164531,-54.25
4805,2014,17266127,2021,7100023,-10166104,-58.88
4961,2014,18739157,2021,8567072,-10172085,-54.28
2400,2014,20600267,2021,10426347,-10173920,-49.39
3566,2014,18347677,2021,8169662,-10178015,-55.47
4463,2014,18470885,2021,8286513,-10184372,-55.14
3225,2014,24243448,2021,14035666,-10207782,-42.11
420,2014,19669368,2021,9460552,-10208816,-51.9
4356,2014,17549098,2021,7335913,-10213185,-58.2
153,2014,18343519,2021,8127253,-10216266,-55.69
3710,2014,19739175,2021,9516293,-10222882,-51.79
4166,2014,20335595,2021,10110730,-10224865,-50.28
2169,2014,24792532,2021,14563316,-10229216,-41.26
3777,2014,20922560,2021,10687838,-10234722,-48.92
4618,2014,14178403,2021,3923550,-10254853,-72.33
3130,2014,19202746,2021,8947671,-10255075,-53.4
2155,2014,22154144,2021,11886817,-10267327,-46.34
3063,2014,18719605,2021,8427526,-10292079,-54.98
4050,2014,18738286,2021,8439714,-10298572,-54.96
893,2014,21735749,2021,11434420,-10301329,-47.39
2157,2014,26746144,2021,16439643,-10306501,-38.53
4181,2014,20284630,2021,9976093,-10308537,-50.82
2760,2014,19757279,2021,9447749,-10309530,-52.18
2428,2014,20842579,2021,10532048,-10310531,-49.47
4565,2014,16928173,2021,6598653,-10329520,-61.02
3741,2014,20306694,2021,9973459,-10333235,-50.89
3749,2014,10842982,2021,508763,-10334219,-95.31
587,2014,17599142,2021,7262453,-10336689,-58.73
3035,2014,14037947,2021,3678839,-10359108,-73.79
3821,2014,18575894,2021,8205647,-10370247,-55.83
4832,2014,14797157,2021,4402696,-10394461,-70.25
4443,2014,19990774,2021,9595097,-10395677,-52.0
2507,2014,21526205,2021,11122466,-10403739,-48.33
3397,2014,21144160,2021,10733245,-10410915,-49.24
4880,2014,19344226,2021,8926929,-10417297,-53.85
3058,2014,20959384,2021,10537774,-10421610,-49.72
2617,2014,23505323,2021,13081989,-10423334,-44.34
3797,2014,19957086,2021,9533731,-10423355,-52.23
2871,2014,22537196,2021,12108777,-10428419,-46.27
507,2014,11536521,2021,1106768,-10429753,-90.41
3946,2014,18178959,2021,7742949,-10436010,-57.41
3727,2014,20764422,2021,10289902,-10474520,-50.44
427,2014,20619501,2021,10143149,-10476352,-50.81
2435,2014,21101571,2021,10602749,-10498822,-49.75
3088,2014,25337312,2021,14835096,-10502216,-41.45
3065,2014,19908132,2021,9401835,-10506297,-52.77
3513,2014,18144613,2021,7632759,-10511854,-57.93
2299,2014,20428042,2021,9911883,-10516159,-51.48
162,2014,21192183,2021,10675838,-10516345,-49.62
2011,2014,20499180,2021,9971668,-10527512,-51.36
168,2014,19641623,2021,9113307,-10528316,-53.6
3663,2014,18001784,2021,7470491,-10531293,-58.5
4049,2014,19491499,2021,8955594,-10535905,-54.05
2868,2014,28008304,2021,17470026,-10538278,-37.63
2301,2014,20592598,2021,10052143,-10540455,-51.19
3693,2014,24043478,2021,13486388,-10557090,-43.91
409,2014,21387692,2021,10813027,-10574665,-49.44
264,2014,20845204,2021,10265760,-10579444,-50.75
2921,2014,17221103,2021,6636379,-10584724,-61.46
5273,2014,22979323,2021,12371245,-10608078,-46.16
1241,2014,14983203,2021,4371847,-10611356,-70.82
594,2014,20771373,2021,10148349,-10623024,-51.14
3133,2014,21504812,2021,10869953,-10634859,-49.45
577,2014,19552888,2021,8914507,-10638381,-54.41
125,2014,18365811,2021,7724505,-10641306,-57.94
3391,2014,23467900,2021,12806502,-10661398,-45.43
170,2014,20894834,2021,10223748,-10671086,-51.07
2203,2014,19286672,2021,8615173,-10671499,-55.33
3510,2014,18900516,2021,8213817,-10686699,-56.54
3683,2014,18714685,2021,8024657,-10690028,-57.12
1182,2014,22421624,2021,11725558,-10696066,-47.7
117,2014,31732542,2021,21034415,-10698127,-33.71
2638,2014,22264356,2021,11551115,-10713241,-48.12
139,2014,19146024,2021,8428165,-10717859,-55.98
2191,2014,22361832,2021,11642574,-10719258,-47.94
1107,2014,20568590,2021,9840342,-10728248,-52.16
2322,2014,22993956,2021,12255086,-10738870,-46.7
3722,2014,21188493,2021,10426953,-10761540,-50.79
3026,2014,14532434,2021,3770415,-10762019,-74.06
962,2014,19994421,2021,9218678,-10775743,-53.89
4037,2014,21275312,2021,10487907,-10787405,-50.7
4813,2014,16303881,2021,5515612,-10788269,-66.17
4660,2014,21757064,2021,10966021,-10791043,-49.6
2000,2014,20759506,2021,9967950,-10791556,-51.98
4334,2014,18747173,2021,7950603,-10796570,-57.59
3178,2014,21195865,2021,10385987,-10809878,-51.0
2008,2014,21435069,2021,10611481,-10823588,-50.49
3680,2014,21431472,2021,10604491,-10826981,-50.52
134,2014,20702241,2021,9870991,-10831250,-52.32
544,2014,22265580,2021,11425612,-10839968,-48.68
3514,2014,21160888,2021,10261254,-10899634,-51.51
120,2014,21616838,2021,10713401,-10903437,-50.44
2354,2014,20779739,2021,9862528,-10917211,-52.54
2018,2014,20164957,2021,9230287,-10934670,-54.23
3976,2014,14221513,2021,3270151,-10951362,-77.01
391,2014,20843090,2021,9888455,-10954635,-52.56
3002,2014,22131872,2021,11175303,-10956569,-49.51
4183,2014,19868137,2021,8909814,-10958323,-55.16
4553,2014,16273332,2021,5302968,-10970364,-67.41
2317,2014,21177426,2021,10204301,-10973125,-51.82
530,2014,23188166,2021,12186975,-11001191,-47.44
3511,2014,23202571,2021,12177128,-11025443,-47.52
4521,2014,20450773,2021,9412882,-11037891,-53.97
2352,2014,22074766,2021,11027583,-11047183,-50.04
660,2014,17230618,2021,6164012,-11066606,-64.23
2162,2014,22175839,2021,11106040,-11069799,-49.92
3125,2014,19823863,2021,8748196,-11075667,-55.87
3696,2014,23209253,2021,12127481,-11081772,-47.75
3392,2014,30143545,2021,19046260,-11097285,-36.81
2313,2014,21517020,2021,10417556,-11099464,-51.58
737,2014,23582815,2021,12468255,-11114560,-47.13
3339,2014,23710105,2021,12590291,-11119814,-46.9
4782,2014,21201880,2021,10081187,-11120693,-52.45
4404,2014,19817611,2021,8693658,-11123953,-56.13
3101,2014,17771251,2021,6637669,-11133582,-62.65
1038,2014,24036860,2021,12894110,-11142750,-46.36
867,2014,24923532,2021,13777670,-11145862,-44.72
4542,2014,18539094,2021,7367636,-11171458,-60.26
3401,2014,22958216,2021,11784959,-11173257,-48.67
4540,2014,17813742,2021,6639068,-11174674,-62.73
492,2014,21240485,2021,10059042,-11181443,-52.64
169,2014,20717912,2021,9528482,-11189430,-54.01
4549,2014,24352146,2021,13158987,-11193159,-45.96
2006,2014,19962557,2021,8767089,-11195468,-56.08
4478,2014,20707349,2021,9503168,-11204181,-54.11
3192,2014,22170906,2021,10946686,-11224220,-50.63
4682,2014,20661230,2021,9423549,-11237681,-54.39
3332,2014,21516747,2021,10272233,-11244514,-52.26
4554,2014,12332932,2018,1069952,-11262980,-91.32
1397,2014,20721801,2021,9457312,-11264489,-54.36
3603,2014,19516097,2021,8239181,-11276916,-57.78
5079,2014,24946729,2021,13654908,-11291821,-45.26
393,2014,22128326,2021,10824916,-11303410,-51.08
4370,2014,20597572,2021,9291596,-11305976,-54.89
4165,2014,20500552,2021,9193735,-11306817,-55.15
2102,2014,21601050,2021,10293770,-11307280,-52.35
4184,2014,21771782,2021,10451632,-11320150,-51.99
2440,2014,23456790,2021,12134302,-11322488,-48.27
4268,2014,21859220,2021,10512980,-11346240,-51.91
257,2014,23132239,2021,11785714,-11346525,-49.05
4702,2014,21377668,2021,10030166,-11347502,-53.08
2426,2014,23289587,2021,11941824,-11347763,-48.72
3129,2014,20391807,2021,9024954,-11366853,-55.74
764,2014,19278170,2021,7897552,-11380618,-59.03
3395,2014,24057122,2021,12667599,-11389523,-47.34
2212,2014,22810388,2021,11412448,-11397940,-49.97
2431,2014,24715028,2021,13285855,-11429173,-46.24
4034,2014,21083240,2021,9651878,-11431362,-54.22
4986,2014,23728323,2021,12263666,-11464657,-48.32
2429,2014,23799695,2021,12304486,-11495209,-48.3
4584,2014,21003785,2021,9487111,-11516674,-54.83
3116,2014,16398268,2021,4836030,-11562238,-70.51
2506,2014,22282940,2021,10708766,-11574174,-51.94
3262,2014,16526050,2021,4944973,-11581077,-70.08
4145,2014,15415507,2021,3776795,-11638712,-75.5
4806,2014,18900254,2021,7257658,-11642596,-61.6
2432,2014,23663140,2021,12017346,-11645794,-49.21
4283,2014,20682610,2021,9014382,-11668228,-56.42
413,2014,23335350,2021,11658393,-11676957,-50.04
683,2014,22159273,2021,10472158,-11687115,-52.74
4848,2014,22977617,2021,11272468,-11705149,-50.94
2434,2014,23087227,2021,11368212,-11719015,-50.76
4146,2014,15458032,2021,3716125,-11741907,-75.96
2922,2014,18520240,2021,6775340,-11744900,-63.42
3061,2014,22978231,2021,11231449,-11746782,-51.12
1190,2014,21768171,2021,9998826,-11769345,-54.07
4995,2014,24061841,2021,12258587,-11803254,-49.05
869,2014,25312567,2021,13483824,-11828743,-46.73
4753,2014,22197962,2021,10367841,-11830121,-53.29
3050,2014,23229502,2021,11380705,-11848797,-51.01
5295,2014,17114547,2021,5241719,-11872828,-69.37
4567,2014,18358497,2021,6481068,-11877429,-64.7
3736,2014,23099529,2021,11207437,-11892092,-51.48
4230,2014,18989016,2021,7064775,-11924241,-62.8
203,2014,22479691,2021,10543945,-11935746,-53.1
4263,2014,21150257,2021,9212583,-11937674,-56.44
2920,2014,21094842,2021,9150047,-11944795,-56.62
3051,2014,22084449,2021,10136554,-11947895,-54.1
136,2014,20419018,2021,8469225,-11949793,-58.52
442,2014,24670670,2021,12682434,-11988236,-48.59
4881,2014,23523571,2021,11519436,-12004135,-51.03
4421,2014,24107726,2021,12093729,-12013997,-49.83
3734,2014,21583242,2021,9567641,-12015601,-55.67
4564,2014,19484818,2021,7466009,-12018809,-61.68
4187,2014,29644002,2021,17607731,-12036271,-40.6
2846,2014,20914133,2021,8852253,-12061880,-57.67
2206,2014,23099182,2021,11033858,-12065324,-52.23
3340,2014,19062074,2021,6988461,-12073613,-63.34
325,2014,22679702,2021,10599057,-12080645,-53.27
574,2014,25119036,2021,13030871,-12088165,-48.12
422,2014,25198884,2021,13104695,-12094189,-47.99
2307,2014,23031138,2021,10919414,-12111724,-52.59
2433,2014,24010146,2021,11897367,-12112779,-50.45
332,2014,22988073,2021,10864811,-12123262,-52.74
2828,2014,24313783,2021,12180114,-12133669,-49.9
785,2014,21519634,2021,9369104,-12150530,-56.46
3072,2014,22173018,2021,10015258,-12157760,-54.83
3128,2014,22629188,2021,10458324,-12170864,-53.78
2319,2014,25140857,2021,12965564,-12175293,-48.43
3017,2014,21080257,2021,8790336,-12289921,-58.3
2821,2014,22132732,2021,9834830,-12297902,-55.56
2764,2014,21323513,2021,9012797,-12310716,-57.73
775,2014,20619062,2021,8308306,-12310756,-59.71
2109,2014,25130967,2021,12799837,-12331130,-49.07
4726,2014,18452770,2021,6099100,-12353670,-66.95
576,2014,25349239,2021,12969806,-12379433,-48.84
2666,2014,23957971,2021,11578297,-12379674,-51.67
784,2014,25579290,2021,13188078,-12391212,-48.44
1108,2014,23229279,2021,10818367,-12410912,-53.43
1100,2014,24835194,2021,12423180,-12412014,-49.98
2321,2014,26161685,2021,13748722,-12412963,-47.45
430,2014,24035522,2021,11621574,-12413948,-51.65
765,2014,25167490,2021,12696149,-12471341,-49.55
3108,2014,24989541,2021,12493455,-12496086,-50.01
2424,2014,26874519,2021,14344288,-12530231,-46.62
4859,2014,24027971,2021,11486319,-12541652,-52.2
4382,2014,27129203,2021,14538906,-12590297,-46.41
4224,2014,22623587,2021,10032201,-12591386,-55.66
2397,2014,24203250,2021,11608754,-12594496,-52.04
4380,2014,25962555,2021,13367549,-12595006,-48.51
2314,2014,23954112,2021,11358003,-12596109,-52.58
3333,2014,24179112,2021,11574567,-12604545,-52.13
4987,2014,24066590,2021,11376908,-12689682,-52.73
604,2014,27254025,2021,14520282,-12733743,-46.72
424,2014,23892012,2021,11157415,-12734597,-53.3
1900,2014,25815094,2021,13068875,-12746219,-49.38
326,2014,23670502,2021,10870692,-12799810,-54.07
2417,2014,25171907,2021,12350608,-12821299,-50.93
991,2014,23675849,2021,10820146,-12855703,-54.3
1061,2014,22619901,2021,9736298,-12883603,-56.96
2017,2014,25682307,2021,12795463,-12886844,-50.18
2304,2014,25148557,2021,12228420,-12920137,-51.38
3701,2014,27421377,2021,14496165,-12925212,-47.14
2310,2014,26791220,2021,13859877,-12931343,-48.27
3083,2014,25411892,2021,12455445,-12956447,-50.99
4046,2014,23105678,2021,10106407,-12999271,-56.26
4668,2014,22592055,2021,9553891,-13038164,-57.71
3988,2014,18696134,2021,5644181,-13051953,-69.81
4386,2014,16323239,2021,3254669,-13068570,-80.06
433,2014,24169615,2021,11092578,-13077037,-54.11
3053,2014,25398404,2021,12304660,-13093744,-51.55
166,2014,23153646,2021,10011988,-13141658,-56.76
2422,2014,27923346,2021,14772093,-13151253,-47.1
3524,2014,24619226,2021,11427205,-13192021,-53.58
2601,2014,29185124,2021,15979869,-13205255,-45.25
198,2014,23159238,2021,9934763,-13224475,-57.1
2418,2014,25960071,2021,12733589,-13226482,-50.95
4406,2014,25914748,2021,12648352,-13266396,-51.19
2110,2014,25780583,2021,12467949,-13312634,-51.64
4030,2014,19427822,2021,6100993,-13326829,-68.6
686,2014,24603357,2021,11275216,-13328141,-54.17
2323,2014,25087885,2021,11756190,-13331695,-53.14
3745,2014,25452330,2021,12110063,-13342267,-52.42
2414,2014,26997603,2021,13648797,-13348806,-49.44
2910,2014,14611202,2021,1261097,-13350105,-91.37
2105,2014,25035178,2021,11675925,-13359253,-53.36
4197,2014,23666298,2021,10268949,-13397349,-56.61
3691,2014,22934499,2021,9515374,-13419125,-58.51
4896,2014,26234459,2021,12814596,-13419863,-51.15
375,2014,22220963,2021,8778656,-13442307,-60.49
3747,2014,26350833,2021,12903651,-13447182,-51.03
3132,2014,23870868,2021,10410978,-13459890,-56.39
4532,2014,17609297,2021,4111055,-13498242,-76.65
2340,2014,25847976,2021,12316233,-13531743,-52.35
634,2014,25801286,2021,12252526,-13548760,-52.51
426,2014,25866376,2021,12294151,-13572225,-52.47
121,2014,27005417,2021,13423764,-13581653,-50.29
2305,2014,26357645,2021,12740549,-13617096,-51.66
2172,2014,29465881,2021,15833402,-13632479,-46.27
2339,2014,25237624,2021,11596219,-13641405,-54.05
3172,2014,28096685,2021,14430849,-13665836,-48.64
3445,2014,25581331,2021,11881901,-13699430,-53.55
4802,2014,23488673,2021,9787986,-13700687,-58.33
265,2014,26557503,2021,12855421,-13702082,-51.59
3271,2014,25098894,2021,11388037,-13710857,-54.63
4536,2014,18963172,2021,5238747,-13724425,-72.37
2334,2014,24278768,2021,10502684,-13776084,-56.74
2159,2014,24009949,2021,10216239,-13793710,-57.45
3198,2014,30062196,2021,16268390,-13793806,-45.88
2614,2014,29339356,2021,15467223,-13872133,-47.28
4879,2014,22152915,2021,8243280,-13909635,-62.79
4526,2014,22522855,2021,8612331,-13910524,-61.76
4711,2014,29161917,2021,15203270,-13958647,-47.87
4301,2014,27159966,2021,13125804,-14034162,-51.67
3151,2014,29522876,2021,15439426,-14083450,-47.7
4169,2014,29398384,2021,15299993,-14098391,-47.96
4734,2014,28571919,2021,14469678,-14102241,-49.36
2430,2014,28745420,2021,14525091,-14220329,-49.47
2412,2014,29259523,2021,15009408,-14250115,-48.7
1156,2014,31576239,2021,17313603,-14262636,-45.17
2108,2014,28101586,2021,13785485,-14316101,-50.94
2413,2014,26685041,2021,12357751,-14327290,-53.69
631,2014,24969994,2021,10629021,-14340973,-57.43
3016,2014,27506336,2021,13148959,-14357377,-52.2
4384,2014,27122964,2021,12743189,-14379775,-53.02
318,2014,22572357,2021,8191150,-14381207,-63.71
2408,2014,28658528,2021,14243033,-14415495,-50.3
2329,2014,34565639,2021,20079930,-14485709,-41.91
4563,2014,17644375,2021,3126641,-14517734,-82.28
2918,2014,30492942,2021,15969719,-14523223,-47.63
2599,2014,14559790,2018,19611,-14540179,-99.87
2756,2014,30327509,2021,15782163,-14545346,-47.96
620,2014,25499855,2021,10939917,-14559938,-57.1
2324,2014,27533394,2021,12920417,-14612977,-53.07
1001,2014,23763393,2021,9136397,-14626996,-61.55
3689,2014,28450890,2021,13801268,-14649622,-51.49
2173,2014,32015385,2021,17325605,-14689780,-45.88
3044,2014,22884871,2021,8187288,-14697583,-64.22
4035,2014,29417204,2021,14681389,-14735815,-50.09
456,2014,28092595,2021,13291335,-14801260,-52.69
2829,2014,18984089,2021,4169679,-14814410,-78.04
126,2014,28978688,2021,14149490,-14829198,-51.17
417,2014,29260754,2021,14415370,-14845384,-50.73
2411,2014,27876082,2021,13018900,-14857182,-53.3
2419,2014,28558566,2021,13673642,-14884924,-52.12
3389,2014,30662186,2021,15768586,-14893600,-48.57
4551,2014,26393601,2021,11473102,-14920499,-56.53
2613,2014,30246728,2021,15321874,-14924854,-49.34
3686,2014,25493185,2021,10527076,-14966109,-58.71
3373,2014,26119517,2021,11063409,-15056108,-57.64
1144,2014,31029388,2021,15936808,-15092580,-48.64
4560,2014,23046838,2021,7942030,-15104808,-65.54
2336,2014,30099999,2021,14985822,-15114177,-50.21
2003,2014,28677086,2021,13438413,-15238673,-53.14
2328,2014,28050270,2021,12809101,-15241169,-54.34
3112,2014,26051482,2021,10792275,-15259207,-58.57
2002,2014,28500510,2021,13221945,-15278565,-53.61
4691,2014,18776079,2021,3490410,-15285669,-81.41
130,2014,25015893,2021,9699771,-15316122,-61.23
2508,2014,25476454,2021,10141840,-15334614,-60.19
3380,2014,46224358,2021,30878023,-15346335,-33.2
432,2014,29264431,2021,13896762,-15367669,-52.51
674,2014,25251513,2021,9855313,-15396200,-60.97
3064,2014,26788052,2021,11355928,-15432124,-57.61
2312,2014,29421205,2021,13969822,-15451383,-52.52
2406,2014,31188254,2021,15733117,-15455137,-49.55
4251,2014,21225215,2021,5662150,-15563065,-73.32
5296,2014,34210426,2021,18628824,-15581602,-45.55
2327,2014,29004610,2021,13356242,-15648368,-53.95
2325,2014,28727711,2021,13070534,-15657177,-54.5
164,2014,28946281,2021,13264230,-15682051,-54.18
3681,2014,31283184,2021,15593837,-15689347,-50.15
3374,2014,27336504,2021,11638016,-15698488,-57.43
3706,2014,31826996,2021,16110143,-15716853,-49.38
2320,2014,29375097,2021,13651722,-15723375,-53.53
814,2014,31783469,2021,16056991,-15726478,-49.48
4901,2014,28524221,2021,12782966,-15741255,-55.19
999,2014,31769533,2021,16005708,-15763825,-49.62
2421,2014,29912828,2021,14120219,-15792609,-52.8
2104,2014,31768172,2021,15845438,-15922734,-50.12
3541,2014,28779624,2021,12778567,-16001057,-55.6
2407,2014,31363063,2021,15299884,-16063179,-51.22
3390,2014,32342433,2021,16180777,-16161656,-49.97
2701,2014,32898485,2021,16690678,-16207807,-49.27
429,2014,31526147,2021,15306008,-16220139,-51.45
2302,2014,29941955,2021,13719072,-16222883,-54.18
3075,2014,29573326,2021,13326750,-16246576,-54.94
2337,2014,32814872,2021,16567975,-16246897,-49.51
3360,2014,34657513,2021,18307374,-16350139,-47.18
202,2014,30873142,2021,14511508,-16361634,-53.0
948,2014,33475086,2021,17021986,-16453100,-49.15
3022,2014,30667468,2021,14206273,-16461195,-53.68
2409,2014,30715896,2021,14215905,-16499991,-53.72
4561,2014,26987455,2021,10350161,-16637294,-61.65
3230,2014,22879663,2021,6231660,-16648003,-72.76
3383,2014,34013948,2021,17306631,-16707317,-49.12
3671,2014,32304490,2021,15572862,-16731628,-51.79
3384,2014,33647719,2021,16888304,-16759415,-49.81
725,2014,33451835,2021,16605142,-16846693,-50.36
3052,2014,37563777,2021,20661028,-16902749,-45.0
3735,2014,33931480,2021,16920905,-17010575,-50.13
2416,2014,33055155,2021,15943163,-17111992,-51.77
5253,2014,23360909,2021,6222953,-17137956,-73.36
3308,2014,28407321,2021,11081227,-17326094,-60.99
4461,2014,31994188,2021,14653247,-17340941,-54.2
3381,2014,37727781,2021,20358649,-17369132,-46.04
195,2014,31393158,2021,14016261,-17376897,-55.35
2816,2014,38468081,2021,21017347,-17450734,-45.36
984,2014,28169803,2021,10672884,-17496919,-62.11
3357,2014,38621387,2021,21079477,-17541910,-45.42
4774,2014,22371333,2021,4774852,-17596481,-78.66
2103,2014,33336492,2021,15702657,-17633835,-52.9
2020,2014,32764132,2021,15055314,-17708818,-54.05
4742,2014,31277728,2021,13493845,-17783883,-56.86
2316,2014,35601492,2021,17738146,-17863346,-50.18
3059,2014,35548979,2021,17581634,-17967345,-50.54
3382,2014,36536274,2021,18528480,-18007794,-49.29
3361,2014,31461238,2021,13424404,-18036834,-57.33
4741,2014,25885592,2021,7796362,-18089230,-69.88
2101,2014,39890886,2021,21657903,-18232983,-45.71
2100,2014,34933756,2021,16555794,-18377962,-52.61
2498,2014,33263848,2021,14776000,-18487848,-55.58
4773,2014,27229555,2021,8713656,-18515899,-68.0
2985,2014,35997010,2021,17445452,-18551558,-51.54
2899,2014,35153430,2021,16509374,-18644056,-53.04
2833,2014,36154339,2021,17281612,-18872727,-52.2
3516,2014,39170502,2021,20115225,-19055277,-48.65
4381,2014,33553747,2021,14436666,-19117081,-56.97
855,2014,41427898,2021,22209140,-19218758,-46.39
4155,2014,33806776,2021,14556762,-19250014,-56.94
2827,2014,35567101,2021,16150459,-19416642,-54.59
4566,2014,26979731,2021,7513579,-19466152,-72.15
414,2014,40059183,2021,20360057,-19699126,-49.18
3385,2014,38438389,2021,18705589,-19732800,-51.34
280,2014,26106131,2021,6372804,-19733327,-75.59
538,2014,37470944,2021,17721217,-19749727,-52.71
2326,2014,38392516,2021,18549911,-19842605,-51.68
1359,2014,42508773,2021,22660711,-19848062,-46.69
415,2014,40130561,2021,20276729,-19853832,-49.47
2347,2014,25507079,2021,5614337,-19892742,-77.99
3375,2014,24015794,2018,3924914,-20090880,-83.66
2333,2014,31163692,2021,10935430,-20228262,-64.91
2315,2014,36286853,2021,15781348,-20505505,-56.51
431,2014,31876532,2021,11292631,-20583901,-64.57
3312,2014,23450741,2021,2730446,-20720295,-88.36
3232,2014,27997710,2021,7231088,-20766622,-74.17
4744,2014,32611108,2021,11747160,-20863948,-63.98
291,2014,30512898,2021,9608168,-20904730,-68.51
2403,2014,40431707,2021,19503460,-20928247,-51.76
2425,2014,37685426,2021,16706461,-20978965,-55.67
3994,2014,26235242,2021,5229478,-21005764,-80.07
2880,2014,32075299,2021,10949662,-21125637,-65.86
2405,2014,43304958,2021,22122660,-21182298,-48.91
2306,2014,34138814,2021,12877870,-21260944,-62.28
3060,2014,41525728,2021,19995870,-21529858,-51.85
3519,2014,43483311,2021,21700093,-21783218,-50.1
2929,2014,39619830,2021,17652535,-21967295,-55.45
3386,2014,45166813,2021,23036524,-22130289,-49.0
2438,2014,39512596,2021,17315114,-22197482,-56.18
4976,2014,28886094,2021,5758862,-23127232,-80.06
2487,2014,45858217,2021,22399472,-23458745,-51.15
416,2014,44528564,2021,20822689,-23705875,-53.24
4415,2014,53215213,2021,28302244,-24912969,-46.82
4975,2014,31104638,2021,5742257,-25362381,-81.54
2420,2014,41360157,2021,15608668,-25751489,-62.26
4562,2014,38525864,2021,12526714,-25999150,-67.48
2404,2014,51426137,2021,23624725,-27801412,-54.06
4902,2014,39083065,2021,10775214,-28307851,-72.43
4677,2014,33660550,2021,4745661,-28914889,-85.9
3056,2014,43865307,2021,14138432,-29726875,-67.77
