database_name,source_file_id,detector_day_rows,min_count_date,max_count_date,distinct_scats_sites,total_volume_24hour_sum
scats,60,138584,2014-03-01,2014-03-02,3476,194501289.0
scats,2137,102474,2019-12-08,2019-12-09,4171,141401724.0
scats,2711,102080,2021-07-09,2021-07-09,4323,136585564.0
scats,2713,102080,2021-07-11,2021-07-11,4323,102126737.0
scats,2712,102080,2021-07-10,2021-07-10,4323,119273827.0
scats,2706,102039,2021-07-04,2021-07-04,4321,96458464.0
scats,2707,102039,2021-07-05,2021-07-05,4321,119802224.0
scats,2705,102039,2021-07-03,2021-07-03,4321,115942329.0
scats,2704,102039,2021-07-02,2021-07-02,4321,132839039.0
scats,2709,102024,2021-07-07,2021-07-07,4321,128632676.0
scats,2708,102024,2021-07-06,2021-07-06,4321,125517637.0
scats,2703,102015,2021-07-01,2021-07-01,4320,130436664.0
scats,2700,101991,2021-06-28,2021-06-28,4319,120097357.0
scats,2698,101967,2021-06-26,2021-06-26,4318,119223655.0
scats,2697,101967,2021-06-25,2021-06-25,4318,136197344.0
scats,2695,101943,2021-06-23,2021-06-23,4317,128429513.0
scats,2694,101895,2021-06-22,2021-06-22,4315,126309541.0
scats,2683,101888,2021-06-11,2021-06-11,4314,124684459.0
scats,2682,101888,2021-06-10,2021-06-10,4314,87756245.0
scats,2688,101887,2021-06-16,2021-06-16,4315,119671316.0
scats,2689,101887,2021-06-17,2021-06-17,4315,124574995.0
scats,2685,101875,2021-06-13,2021-06-13,4314,86680749.0
scats,2684,101875,2021-06-12,2021-06-12,4314,101839180.0
scats,2686,101875,2021-06-14,2021-06-14,4314,80972423.0
scats,2674,101872,2021-06-02,2021-06-02,4313,84770774.0
scats,2691,101871,2021-06-19,2021-06-19,4314,116878685.0
scats,2692,101871,2021-06-20,2021-06-20,4314,97874761.0
scats,2690,101871,2021-06-18,2021-06-18,4314,134377781.0
scats,2678,101864,2021-06-06,2021-06-06,4313,56718479.0
scats,2680,101864,2021-06-08,2021-06-08,4313,90710884.0
scats,2679,101864,2021-06-07,2021-06-07,4313,90812959.0
scats,2681,101864,2021-06-09,2021-06-09,4313,87631631.0
scats,2676,101864,2021-06-04,2021-06-04,4313,98066116.0
scats,2677,101864,2021-06-05,2021-06-05,4313,68270841.0
scats,2675,101864,2021-06-03,2021-06-03,4313,88252701.0
scats,2670,101863,2021-05-29,2021-05-29,4312,53937187.0
scats,2669,101863,2021-05-28,2021-05-28,4312,80917753.0
scats,2668,101863,2021-05-27,2021-05-27,4312,137189461.0
scats,2671,101863,2021-05-30,2021-05-30,4312,45892859.0
scats,2664,101839,2021-05-23,2021-05-23,4311,107165032.0
scats,2666,101839,2021-05-25,2021-05-25,4311,127661126.0
scats,2663,101839,2021-05-22,2021-05-22,4311,126295192.0
scats,2665,101839,2021-05-24,2021-05-24,4311,125473720.0
scats,2662,101839,2021-05-21,2021-05-21,4311,141910892.0
scats,2644,101819,2021-05-03,2021-05-03,4309,125634149.0
scats,2643,101819,2021-05-02,2021-05-02,4309,104913070.0
scats,2645,101819,2021-05-04,2021-05-04,4309,129806426.0
scats,2646,101819,2021-05-05,2021-05-05,4309,134628082.0
scats,2642,101819,2021-05-01,2021-05-01,4309,125492739.0
scats,2654,101817,2021-05-13,2021-05-13,4309,135446113.0
scats,2650,101817,2021-05-09,2021-05-09,4309,109841131.0
scats,2652,101817,2021-05-11,2021-05-11,4309,131260843.0
scats,2647,101817,2021-05-06,2021-05-06,4309,137860578.0
scats,2649,101817,2021-05-08,2021-05-08,4309,128193622.0
scats,2648,101817,2021-05-07,2021-05-07,4309,143328480.0
scats,2651,101817,2021-05-10,2021-05-10,4309,121968130.0
scats,2653,101817,2021-05-12,2021-05-12,4309,135258762.0
scats,2661,101815,2021-05-20,2021-05-20,4310,136901409.0
scats,2657,101797,2021-05-16,2021-05-16,4309,102552951.0
scats,2660,101797,2021-05-19,2021-05-19,4309,134349574.0
scats,2658,101797,2021-05-17,2021-05-17,4309,126159923.0
scats,2655,101797,2021-05-14,2021-05-14,4309,140421233.0
scats,2659,101797,2021-05-18,2021-05-18,4309,130487248.0
scats,2656,101797,2021-05-15,2021-05-15,4309,121282168.0
scats,2640,101795,2021-04-29,2021-04-29,4308,137859932.0
scats,2639,101795,2021-04-28,2021-04-28,4308,134715149.0
scats,2614,101783,2021-04-03,2021-04-03,4303,103727560.0
scats,2612,101783,2021-04-01,2021-04-01,4303,145236636.0
scats,2613,101783,2021-04-02,2021-04-02,4303,88657577.0
scats,2618,101783,2021-04-07,2021-04-07,4303,126688295.0
scats,2617,101783,2021-04-06,2021-04-06,4303,120670947.0
scats,2616,101783,2021-04-05,2021-04-05,4303,89711081.0
scats,2615,101783,2021-04-04,2021-04-04,4303,92039341.0
scats,2505,101769,2020-12-15,2020-12-15,4295,133459472.0
scats,2506,101769,2020-12-16,2020-12-16,4295,137015807.0
scats,2628,101762,2021-04-17,2021-04-17,4306,122005216.0
scats,2629,101762,2021-04-18,2021-04-18,4306,102951736.0
scats,2637,101762,2021-04-26,2021-04-26,4306,124847181.0
scats,2626,101762,2021-04-15,2021-04-15,4306,133079304.0
scats,2638,101762,2021-04-27,2021-04-27,4306,131896743.0
scats,2633,101762,2021-04-22,2021-04-22,4306,136791462.0
scats,2634,101762,2021-04-23,2021-04-23,4306,141607388.0
scats,2627,101762,2021-04-16,2021-04-16,4306,137122830.0
scats,2631,101762,2021-04-20,2021-04-20,4306,127982935.0
scats,2504,101758,2020-12-14,2020-12-14,4294,128751796.0
scats,2501,101758,2020-12-11,2020-12-11,4294,144041334.0
scats,2503,101758,2020-12-13,2020-12-13,4294,106993873.0
scats,2502,101758,2020-12-12,2020-12-12,4294,125460784.0
scats,2507,101757,2020-12-17,2020-12-17,4295,139604562.0
scats,2508,101757,2020-12-18,2020-12-18,4295,144673525.0
scats,2509,101755,2020-12-19,2020-12-19,4295,125651879.0
scats,2511,101755,2020-12-21,2020-12-21,4295,130733805.0
scats,2510,101755,2020-12-20,2020-12-20,4295,108215647.0
scats,2518,101741,2020-12-28,2020-12-28,4295,90939419.0
scats,2512,101741,2020-12-22,2020-12-22,4295,131272713.0
scats,2517,101741,2020-12-27,2020-12-27,4295,87502395.0
scats,2513,101741,2020-12-23,2020-12-23,4295,138387808.0
scats,2519,101741,2020-12-29,2020-12-29,4295,106334251.0
scats,2514,101741,2020-12-24,2020-12-24,4295,125231318.0
scats,2520,101741,2020-12-30,2020-12-30,4295,108259788.0
scats,2515,101741,2020-12-25,2020-12-25,4295,81536515.0
scats,2516,101741,2020-12-26,2020-12-26,4295,92711560.0
scats,2624,101738,2021-04-13,2021-04-13,4305,126564520.0
scats,2623,101714,2021-04-12,2021-04-12,4304,122369143.0
scats,2622,101706,2021-04-11,2021-04-11,4304,95898466.0
scats,2620,101706,2021-04-09,2021-04-09,4304,134561188.0
scats,2621,101706,2021-04-10,2021-04-10,4304,116960906.0
scats,2619,101682,2021-04-08,2021-04-08,4303,130720394.0
scats,2710,101528,2021-07-08,2021-07-08,4300,134178342.0
scats,2702,101463,2021-06-30,2021-06-30,4297,131636861.0
scats,2701,101439,2021-06-29,2021-06-29,4296,129084174.0
scats,2696,101415,2021-06-24,2021-06-24,4295,134975587.0
scats,2699,101415,2021-06-27,2021-06-27,4295,101448923.0
scats,2687,101323,2021-06-15,2021-06-15,4291,120660237.0
scats,2672,101311,2021-05-31,2021-05-31,4289,82805570.0
scats,2673,101296,2021-06-01,2021-06-01,4289,84666617.0
scats,2693,101295,2021-06-21,2021-06-21,4290,125350306.0
scats,2667,101287,2021-05-26,2021-05-26,4288,131315639.0
scats,2641,101243,2021-04-30,2021-04-30,4285,145687304.0
scats,2611,101207,2021-03-31,2021-03-31,4279,141889269.0
scats,2610,101203,2021-03-30,2021-03-30,4279,136867367.0
scats,2632,101186,2021-04-21,2021-04-21,4282,137443755.0
scats,2636,101186,2021-04-25,2021-04-25,4282,100482517.0
scats,2630,101186,2021-04-19,2021-04-19,4282,128487340.0
scats,2635,101186,2021-04-24,2021-04-24,4282,124126053.0
scats,2607,101179,2021-03-27,2021-03-27,4278,125268585.0
scats,2606,101179,2021-03-26,2021-03-26,4278,145682907.0
scats,2609,101179,2021-03-29,2021-03-29,4278,130201561.0
scats,2605,101179,2021-03-25,2021-03-25,4278,140041019.0
scats,2604,101179,2021-03-24,2021-03-24,4278,136137112.0
scats,2608,101179,2021-03-28,2021-03-28,4278,106359820.0
scats,2602,101171,2021-03-22,2021-03-22,4278,127464137.0
scats,2603,101171,2021-03-23,2021-03-23,4278,133235441.0
scats,2585,101162,2021-03-05,2021-03-05,4277,144544239.0
scats,2625,101162,2021-04-14,2021-04-14,4281,133147477.0
scats,2548,101161,2021-01-27,2021-01-27,4272,132171689.0
scats,2547,101161,2021-01-26,2021-01-26,4272,92325475.0
scats,2546,101161,2021-01-25,2021-01-25,4272,112238773.0
scats,2542,101161,2021-01-21,2021-01-21,4272,134125330.0
scats,2543,101161,2021-01-22,2021-01-22,4272,138260833.0
scats,2545,101161,2021-01-24,2021-01-24,4272,97587020.0
scats,2541,101161,2021-01-20,2021-01-20,4272,131448099.0
scats,2544,101161,2021-01-23,2021-01-23,4272,117469715.0
scats,2540,101161,2021-01-19,2021-01-19,4272,127373408.0
scats,2576,101160,2021-02-24,2021-02-24,4275,136976217.0
scats,2577,101160,2021-02-25,2021-02-25,4275,139454841.0
scats,2499,101158,2020-12-09,2020-12-09,4269,137452845.0
scats,2500,101158,2020-12-10,2020-12-10,4269,141002415.0
scats,2498,101158,2020-12-08,2020-12-08,4269,132818715.0
scats,2497,101158,2020-12-07,2020-12-07,4269,126327767.0
scats,2496,101156,2020-12-06,2020-12-06,4269,102100898.0
scats,2493,101156,2020-12-03,2020-12-03,4269,138507033.0
scats,2495,101156,2020-12-05,2020-12-05,4269,120573315.0
scats,2564,101156,2021-02-12,2021-02-12,4273,151500359.0
scats,2566,101156,2021-02-14,2021-02-14,4273,45418017.0
scats,2567,101156,2021-02-15,2021-02-15,4273,71395034.0
scats,2565,101156,2021-02-13,2021-02-13,4273,51173714.0
scats,2494,101156,2020-12-04,2020-12-04,4269,144827961.0
scats,2588,101147,2021-03-08,2021-03-08,4277,92619033.0
scats,2600,101147,2021-03-20,2021-03-20,4277,126534397.0
scats,2595,101147,2021-03-15,2021-03-15,4277,129525852.0
scats,2586,101147,2021-03-06,2021-03-06,4277,119092333.0
scats,2597,101147,2021-03-17,2021-03-17,4277,137847917.0
scats,2596,101147,2021-03-16,2021-03-16,4277,134772427.0
scats,2598,101147,2021-03-18,2021-03-18,4277,140207027.0
scats,2593,101147,2021-03-13,2021-03-13,4277,121325406.0
scats,2592,101147,2021-03-12,2021-03-12,4277,144958477.0
scats,2599,101147,2021-03-19,2021-03-19,4277,145205808.0
scats,2589,101147,2021-03-09,2021-03-09,4277,131237975.0
scats,2590,101147,2021-03-10,2021-03-10,4277,136724070.0
scats,2587,101147,2021-03-07,2021-03-07,4277,103141364.0
scats,2601,101147,2021-03-21,2021-03-21,4277,101630973.0
scats,2594,101147,2021-03-14,2021-03-14,4277,105988042.0
scats,2591,101147,2021-03-11,2021-03-11,4277,138917530.0
scats,2526,101141,2021-01-05,2021-01-05,4270,105703404.0
scats,2523,101141,2021-01-02,2021-01-02,4270,91499122.0
scats,2578,101141,2021-02-26,2021-02-26,4275,144967138.0
scats,2521,101141,2020-12-31,2020-12-31,4270,106412984.0
scats,2525,101141,2021-01-04,2021-01-04,4270,103013374.0
scats,2524,101141,2021-01-03,2021-01-03,4270,84451374.0
scats,2522,101141,2021-01-01,2021-01-01,4270,80526877.0
scats,2549,101138,2021-01-28,2021-01-28,4271,134586157.0
scats,2539,101137,2021-01-18,2021-01-18,4271,122487291.0
scats,2574,101136,2021-02-22,2021-02-22,4274,128918126.0
scats,2572,101136,2021-02-20,2021-02-20,4274,126567124.0
scats,2575,101136,2021-02-23,2021-02-23,4274,133926540.0
scats,2573,101136,2021-02-21,2021-02-21,4274,106264423.0
scats,2571,101136,2021-02-19,2021-02-19,4274,143966006.0
scats,2562,101132,2021-02-10,2021-02-10,4272,137909969.0
scats,2561,101132,2021-02-09,2021-02-09,4272,134362132.0
scats,2563,101132,2021-02-11,2021-02-11,4272,139137196.0
scats,2492,101132,2020-12-02,2020-12-02,4268,135275575.0
scats,2582,101130,2021-03-02,2021-03-02,4275,134335582.0
scats,2581,101130,2021-03-01,2021-03-01,4275,130678263.0
scats,2556,101130,2021-02-04,2021-02-04,4271,137806398.0
scats,2580,101130,2021-02-28,2021-02-28,4275,109525698.0
scats,2557,101130,2021-02-05,2021-02-05,4271,139337171.0
scats,2555,101130,2021-02-03,2021-02-03,4271,136908021.0
scats,2579,101130,2021-02-27,2021-02-27,4275,127816838.0
scats,2535,101127,2021-01-14,2021-01-14,4270,127598225.0
scats,2551,101126,2021-01-30,2021-01-30,4271,121612836.0
scats,2550,101126,2021-01-29,2021-01-29,4271,134515983.0
scats,2554,101126,2021-02-02,2021-02-02,4271,133175939.0
scats,2553,101126,2021-02-01,2021-02-01,4271,129376713.0
scats,2552,101126,2021-01-31,2021-01-31,4271,104374906.0
scats,2530,101119,2021-01-09,2021-01-09,4270,109339095.0
scats,2527,101119,2021-01-06,2021-01-06,4270,111243235.0
scats,2532,101119,2021-01-11,2021-01-11,4270,112948718.0
scats,2528,101119,2021-01-07,2021-01-07,4270,115461036.0
scats,2534,101119,2021-01-13,2021-01-13,4270,123800122.0
scats,2531,101119,2021-01-10,2021-01-10,4270,97614133.0
scats,2533,101119,2021-01-12,2021-01-12,4270,121041372.0
scats,2529,101119,2021-01-08,2021-01-08,4270,121026853.0
scats,2583,101114,2021-03-03,2021-03-03,4275,137178868.0
scats,2584,101114,2021-03-04,2021-03-04,4275,139938190.0
scats,2538,101113,2021-01-17,2021-01-17,4270,100430088.0
scats,2536,101113,2021-01-15,2021-01-15,4270,130520666.0
scats,2537,101113,2021-01-16,2021-01-16,4270,113160460.0
scats,2570,101112,2021-02-18,2021-02-18,4273,140211032.0
scats,2568,101112,2021-02-16,2021-02-16,4273,73879561.0
scats,2569,101112,2021-02-17,2021-02-17,4273,77478169.0
scats,2559,101108,2021-02-07,2021-02-07,4271,102678061.0
scats,2491,101108,2020-12-01,2020-12-01,4267,130509379.0
scats,2490,101108,2020-11-30,2020-11-30,4267,128797637.0
scats,2558,101108,2021-02-06,2021-02-06,4271,123822657.0
scats,2487,101084,2020-11-27,2020-11-27,4266,144532425.0
scats,2488,101084,2020-11-28,2020-11-28,4266,121627949.0
scats,2489,101084,2020-11-29,2020-11-29,4266,101051040.0
scats,2486,101084,2020-11-26,2020-11-26,4266,137189784.0
scats,2477,101065,2020-11-17,2020-11-17,4264,127600240.0
scats,2485,101060,2020-11-25,2020-11-25,4265,134328205.0
scats,2482,101060,2020-11-22,2020-11-22,4265,96610450.0
scats,2480,101060,2020-11-20,2020-11-20,4265,139865855.0
scats,2481,101060,2020-11-21,2020-11-21,4265,119037622.0
scats,2483,101060,2020-11-23,2020-11-23,4265,123718019.0
scats,2484,101060,2020-11-24,2020-11-24,4265,129387885.0
scats,2476,101058,2020-11-16,2020-11-16,4263,122084112.0
scats,2471,101056,2020-11-11,2020-11-11,4262,125563750.0
scats,2472,101056,2020-11-12,2020-11-12,4262,131271231.0
scats,2470,101056,2020-11-10,2020-11-10,4262,128172366.0
scats,2478,101036,2020-11-18,2020-11-18,4264,131413599.0
scats,2479,101036,2020-11-19,2020-11-19,4264,133806290.0
scats,2474,101034,2020-11-14,2020-11-14,4262,116971579.0
scats,2473,101034,2020-11-13,2020-11-13,4262,138113325.0
scats,2475,101034,2020-11-15,2020-11-15,4262,96565229.0
scats,2468,101032,2020-11-08,2020-11-08,4261,92432254.0
scats,2467,101032,2020-11-07,2020-11-07,4261,108723847.0
scats,2469,101032,2020-11-09,2020-11-09,4261,125233351.0
scats,2466,101032,2020-11-06,2020-11-06,4261,130123208.0
scats,2458,101008,2020-10-29,2020-10-29,4260,123146962.0
scats,2463,101008,2020-11-03,2020-11-03,4260,91593003.0
scats,2461,101008,2020-11-01,2020-11-01,4260,90052782.0
scats,2460,101008,2020-10-31,2020-10-31,4260,104807881.0
scats,2459,101008,2020-10-30,2020-10-30,4260,130059745.0
scats,2464,101008,2020-11-04,2020-11-04,4260,118088887.0
scats,2462,101008,2020-11-02,2020-11-02,4260,116782826.0
scats,2465,101008,2020-11-05,2020-11-05,4260,123275789.0
scats,2457,100995,2020-10-28,2020-10-28,4259,122859636.0
scats,2455,100971,2020-10-26,2020-10-26,4258,106287927.0
scats,2456,100971,2020-10-27,2020-10-27,4258,109835908.0
scats,2451,100947,2020-10-22,2020-10-22,4257,118683673.0
scats,2452,100947,2020-10-23,2020-10-23,4257,86767059.0
scats,2453,100947,2020-10-24,2020-10-24,4257,78391031.0
scats,2454,100947,2020-10-25,2020-10-25,4257,69339801.0
scats,2450,100947,2020-10-21,2020-10-21,4257,112096217.0
scats,2446,100923,2020-10-17,2020-10-17,4256,67250834.0
scats,2447,100923,2020-10-18,2020-10-18,4256,57589324.0
scats,2449,100923,2020-10-20,2020-10-20,4256,110897912.0
scats,2445,100923,2020-10-16,2020-10-16,4256,106305540.0
scats,2448,100923,2020-10-19,2020-10-19,4256,107881334.0
scats,2444,100899,2020-10-15,2020-10-15,4255,101044730.0
scats,2442,100844,2020-10-13,2020-10-13,4252,98921061.0
scats,2443,100832,2020-10-14,2020-10-14,4252,102033969.0
scats,2439,100820,2020-10-10,2020-10-10,4251,72547903.0
scats,2440,100820,2020-10-11,2020-10-11,4251,57814458.0
scats,2438,100820,2020-10-09,2020-10-09,4251,99151758.0
scats,2437,100820,2020-10-08,2020-10-08,4251,92809932.0
scats,2441,100820,2020-10-12,2020-10-12,4251,95684233.0
scats,2434,100796,2020-10-05,2020-10-05,4250,87211346.0
scats,2436,100796,2020-10-07,2020-10-07,4250,93487142.0
scats,2435,100796,2020-10-06,2020-10-06,4250,90940696.0
scats,2431,100786,2020-10-02,2020-10-02,4249,98280682.0
scats,2430,100786,2020-10-01,2020-10-01,4249,94495685.0
scats,2432,100772,2020-10-03,2020-10-03,4249,70571305.0
scats,2433,100772,2020-10-04,2020-10-04,4249,54186909.0
scats,2428,100763,2020-09-29,2020-09-29,4247,90437226.0
scats,2429,100746,2020-09-30,2020-09-30,4247,91088960.0
scats,2427,100739,2020-09-28,2020-09-28,4246,85272114.0
scats,2425,100691,2020-09-26,2020-09-26,4244,62879961.0
scats,2426,100691,2020-09-27,2020-09-27,4244,51708579.0
scats,2424,100683,2020-09-24,2020-09-24,4244,86703309.0
scats,2422,100683,2020-09-22,2020-09-22,4244,83689027.0
scats,2423,100683,2020-09-23,2020-09-23,4244,85389765.0
scats,2417,100659,2020-09-17,2020-09-17,4243,84734593.0
scats,2421,100659,2020-09-21,2020-09-21,4243,81651521.0
scats,2420,100659,2020-09-20,2020-09-20,4243,50926545.0
scats,2416,100659,2020-09-16,2020-09-16,4243,84819777.0
scats,2418,100659,2020-09-18,2020-09-18,4243,89615524.0
scats,2419,100659,2020-09-19,2020-09-19,4243,63956197.0
scats,2413,100635,2020-09-13,2020-09-13,4242,47446308.0
scats,2412,100635,2020-09-12,2020-09-12,4242,55839492.0
scats,2414,100635,2020-09-14,2020-09-14,4242,78740222.0
scats,2415,100635,2020-09-15,2020-09-15,4242,82645416.0
scats,2411,100635,2020-09-11,2020-09-11,4242,85600144.0
scats,2403,100611,2020-09-03,2020-09-03,4241,79934629.0
scats,2409,100611,2020-09-09,2020-09-09,4241,80600198.0
scats,2410,100611,2020-09-10,2020-09-10,4241,81953864.0
scats,2407,100611,2020-09-07,2020-09-07,4241,76351962.0
scats,2401,100611,2020-09-01,2020-09-01,4241,77530028.0
scats,2402,100611,2020-09-02,2020-09-02,4241,78844399.0
scats,2405,100611,2020-09-05,2020-09-05,4241,60030915.0
scats,2404,100611,2020-09-04,2020-09-04,4241,84375807.0
scats,2406,100611,2020-09-06,2020-09-06,4241,47577686.0
scats,2408,100611,2020-09-08,2020-09-08,4241,77435657.0
scats,2373,100602,2020-08-03,2020-08-03,4240,85085405.0
scats,2398,100587,2020-08-29,2020-08-29,4240,57498297.0
scats,2394,100587,2020-08-25,2020-08-25,4240,74927084.0
scats,2399,100587,2020-08-30,2020-08-30,4240,43273397.0
scats,2393,100587,2020-08-24,2020-08-24,4240,72743985.0
scats,2391,100587,2020-08-22,2020-08-22,4240,50414656.0
scats,2400,100587,2020-08-31,2020-08-31,4240,74022498.0
scats,2395,100587,2020-08-26,2020-08-26,4240,77098933.0
scats,2396,100587,2020-08-27,2020-08-27,4240,77042441.0
scats,2397,100587,2020-08-28,2020-08-28,4240,82739171.0
scats,2390,100587,2020-08-21,2020-08-21,4240,78851333.0
scats,2392,100587,2020-08-23,2020-08-23,4240,41090426.0
scats,2374,100578,2020-08-04,2020-08-04,4239,87162615.0
scats,2375,100573,2020-08-05,2020-08-05,4239,89103783.0
scats,2370,100568,2020-07-31,2020-07-31,4238,101885263.0
scats,2388,100563,2020-08-19,2020-08-19,4239,73344524.0
scats,2387,100563,2020-08-18,2020-08-18,4239,72982372.0
scats,2389,100563,2020-08-20,2020-08-20,4239,74876462.0
scats,2371,100554,2020-08-01,2020-08-01,4238,74466377.0
scats,2372,100554,2020-08-02,2020-08-02,4238,62906083.0
scats,2383,100549,2020-08-14,2020-08-14,4238,76633205.0
scats,2384,100549,2020-08-15,2020-08-15,4238,51850363.0
scats,2386,100539,2020-08-17,2020-08-17,4238,70333919.0
scats,2385,100539,2020-08-16,2020-08-16,4238,39706127.0
scats,2381,100525,2020-08-12,2020-08-12,4237,72215326.0
scats,2379,100525,2020-08-10,2020-08-10,4237,69066317.0
scats,2378,100525,2020-08-09,2020-08-09,4237,37292786.0
scats,2376,100525,2020-08-06,2020-08-06,4237,70848003.0
scats,2382,100525,2020-08-13,2020-08-13,4237,73393523.0
scats,2380,100525,2020-08-11,2020-08-11,4237,70689930.0
scats,2377,100525,2020-08-08,2020-08-08,4237,45858809.0
scats,2369,100520,2020-07-30,2020-07-30,4236,98390061.0
scats,2368,100496,2020-07-29,2020-07-29,4235,97314176.0
scats,2367,100472,2020-07-28,2020-07-28,4234,95153170.0
scats,2363,100424,2020-07-24,2020-07-24,4232,100799324.0
scats,2339,100419,2020-06-30,2020-06-30,4229,113320819.0
scats,2338,100419,2020-06-29,2020-06-29,4229,110231979.0
scats,2343,100419,2020-07-04,2020-07-04,4229,92388155.0
scats,2341,100419,2020-07-02,2020-07-02,4229,112604066.0
scats,2340,100419,2020-07-01,2020-07-01,4229,116169627.0
scats,2337,100419,2020-06-28,2020-06-28,4229,84596449.0
scats,2336,100419,2020-06-27,2020-06-27,4229,101942957.0
scats,2344,100419,2020-07-05,2020-07-05,4229,74882216.0
scats,2346,100419,2020-07-07,2020-07-07,4229,111210920.0
scats,2335,100419,2020-06-26,2020-06-26,4229,125639544.0
scats,2345,100419,2020-07-06,2020-07-06,4229,103518969.0
scats,2342,100419,2020-07-03,2020-07-03,4229,113999567.0
scats,2348,100414,2020-07-09,2020-07-09,4230,95023134.0
scats,2353,100414,2020-07-14,2020-07-14,4231,98863048.0
scats,2354,100414,2020-07-15,2020-07-15,4231,101835741.0
scats,2347,100402,2020-07-08,2020-07-08,4229,124019909.0
scats,2349,100400,2020-07-10,2020-07-10,4230,99034248.0
scats,2364,100400,2020-07-25,2020-07-25,4231,71508285.0
scats,2365,100400,2020-07-26,2020-07-26,4231,54734368.0
scats,2366,100400,2020-07-27,2020-07-27,4231,92257873.0
scats,2333,100395,2020-06-24,2020-06-24,4228,118396080.0
scats,2331,100395,2020-06-22,2020-06-22,4228,110486920.0
scats,2334,100395,2020-06-25,2020-06-25,4228,120956112.0
scats,2332,100395,2020-06-23,2020-06-23,4228,116177838.0
scats,2330,100395,2020-06-21,2020-06-21,4228,83333308.0
scats,2358,100390,2020-07-19,2020-07-19,4230,54585425.0
scats,2355,100390,2020-07-16,2020-07-16,4230,101985680.0
scats,2359,100390,2020-07-20,2020-07-20,4230,93060749.0
scats,2357,100390,2020-07-18,2020-07-18,4230,72513525.0
scats,2360,100390,2020-07-21,2020-07-21,4230,96297866.0
scats,2352,100390,2020-07-13,2020-07-13,4229,94890603.0
scats,2356,100390,2020-07-17,2020-07-17,4230,105240191.0
scats,2326,100387,2020-06-17,2020-06-17,4227,120242362.0
scats,2327,100387,2020-06-18,2020-06-18,4227,123293265.0
scats,2325,100387,2020-06-16,2020-06-16,4227,117099547.0
scats,2324,100387,2020-06-15,2020-06-15,4227,112783668.0
scats,2328,100387,2020-06-19,2020-06-19,4227,128692346.0
scats,2350,100376,2020-07-11,2020-07-11,4229,68873150.0
scats,2351,100376,2020-07-12,2020-07-12,4229,55025136.0
scats,2362,100376,2020-07-23,2020-07-23,4230,96149200.0
scats,2361,100376,2020-07-22,2020-07-22,4230,98292460.0
scats,2329,100371,2020-06-20,2020-06-20,4227,105874150.0
scats,2323,100363,2020-06-14,2020-06-14,4226,85408253.0
scats,2322,100363,2020-06-13,2020-06-13,4226,104799319.0
scats,2321,100363,2020-06-12,2020-06-12,4226,127667243.0
scats,2319,100363,2020-06-10,2020-06-10,4226,119253755.0
scats,2320,100363,2020-06-11,2020-06-11,4226,121635662.0
scats,2317,100315,2020-06-08,2020-06-08,4224,81353325.0
scats,2315,100315,2020-06-06,2020-06-06,4224,98528597.0
scats,2318,100315,2020-06-09,2020-06-09,4224,115098820.0
scats,2314,100315,2020-06-05,2020-06-05,4224,124961066.0
scats,2316,100315,2020-06-07,2020-06-07,4224,82665319.0
scats,2313,100273,2020-06-04,2020-06-04,4222,118811601.0
scats,2312,100222,2020-06-02,2020-06-02,4220,111553711.0
scats,2311,100198,2020-06-01,2020-06-01,4219,105463195.0
scats,2305,100185,2020-05-26,2020-05-26,4217,109863986.0
scats,2307,100180,2020-05-28,2020-05-28,4218,113667400.0
scats,2306,100173,2020-05-27,2020-05-27,4217,111356289.0
scats,2309,100158,2020-05-30,2020-05-30,4218,101021411.0
scats,2310,100158,2020-05-31,2020-05-31,4218,79457659.0
scats,2308,100158,2020-05-29,2020-05-29,4218,120481540.0
scats,2304,100137,2020-05-25,2020-05-25,4215,104454186.0
scats,2301,100113,2020-05-22,2020-05-22,4214,113126809.0
scats,2299,100113,2020-05-20,2020-05-20,4214,104591378.0
scats,2303,100113,2020-05-24,2020-05-24,4214,78461714.0
scats,2300,100113,2020-05-21,2020-05-21,4214,105317349.0
scats,2297,100113,2020-05-18,2020-05-18,4214,100752397.0
scats,2302,100113,2020-05-23,2020-05-23,4214,93714889.0
scats,2298,100113,2020-05-19,2020-05-19,4214,102530565.0
scats,2295,100089,2020-05-16,2020-05-16,4213,94978913.0
scats,2293,100089,2020-05-14,2020-05-14,4213,103883769.0
scats,2296,100089,2020-05-17,2020-05-17,4213,78233681.0
scats,2292,100081,2020-05-13,2020-05-13,4212,101662335.0
scats,2291,100081,2020-05-12,2020-05-12,4212,96523448.0
scats,2294,100081,2020-05-15,2020-05-15,4213,111412125.0
scats,2289,100057,2020-05-10,2020-05-10,4211,65718958.0
scats,2287,100057,2020-05-08,2020-05-08,4211,103786803.0
scats,2290,100057,2020-05-11,2020-05-11,4211,91411800.0
scats,2288,100057,2020-05-09,2020-05-09,4211,78284594.0
scats,2286,100054,2020-05-07,2020-05-07,4210,97756645.0
scats,2285,100054,2020-05-06,2020-05-06,4210,96490005.0
scats,2284,100006,2020-05-05,2020-05-05,4208,95097700.0
scats,2280,99990,2020-05-01,2020-05-01,4206,95293523.0
scats,2282,99970,2020-05-03,2020-05-03,4206,60219731.0
scats,2281,99970,2020-05-02,2020-05-02,4206,73142076.0
scats,2283,99970,2020-05-04,2020-05-04,4206,90958183.0
scats,2276,99942,2020-04-27,2020-04-27,4204,87317637.0
scats,2277,99942,2020-04-28,2020-04-28,4204,91389623.0
scats,2278,99942,2020-04-29,2020-04-29,4204,90479554.0
scats,2273,99918,2020-04-24,2020-04-24,4203,96656373.0
scats,2274,99918,2020-04-25,2020-04-25,4203,65020842.0
scats,2275,99918,2020-04-26,2020-04-26,4203,57217917.0
scats,2272,99894,2020-04-23,2020-04-23,4202,92351716.0
scats,2264,99873,2020-04-15,2020-04-15,4201,85508787.0
scats,2270,99870,2020-04-21,2020-04-21,4201,88699974.0
scats,2271,99870,2020-04-22,2020-04-22,4201,90582155.0
scats,2269,99870,2020-04-20,2020-04-20,4201,84867502.0
scats,2268,99870,2020-04-19,2020-04-19,4201,53631464.0
scats,2267,99870,2020-04-18,2020-04-18,4201,64956351.0
scats,2265,99870,2020-04-16,2020-04-16,4201,88248031.0
scats,2266,99870,2020-04-17,2020-04-17,4201,92297823.0
scats,2258,99865,2020-04-09,2020-04-09,4200,95006703.0
scats,2260,99849,2020-04-11,2020-04-11,4200,57837882.0
scats,2262,99849,2020-04-13,2020-04-13,4200,48447058.0
scats,2259,99849,2020-04-10,2020-04-10,4200,40210106.0
scats,2261,99849,2020-04-12,2020-04-12,4200,41621250.0
scats,2263,99849,2020-04-14,2020-04-14,4200,83829232.0
scats,2256,99841,2020-04-07,2020-04-07,4199,84624833.0
scats,2255,99841,2020-04-06,2020-04-06,4199,83580834.0
scats,2257,99841,2020-04-08,2020-04-08,4199,88024837.0
scats,2251,99793,2020-04-02,2020-04-02,4197,85105480.0
scats,2254,99793,2020-04-05,2020-04-05,4197,49935958.0
scats,2252,99785,2020-04-03,2020-04-03,4197,90294920.0
scats,2253,99785,2020-04-04,2020-04-04,4197,62852101.0
scats,2250,99745,2020-04-01,2020-04-01,4195,86340737.0
scats,2249,99709,2020-03-31,2020-03-31,4194,85261070.0
scats,2248,99685,2020-03-30,2020-03-30,4193,86901152.0
scats,2243,99677,2020-03-25,2020-03-25,4192,99976692.0
scats,2241,99675,2020-03-23,2020-03-23,4191,114970705.0
scats,2239,99675,2020-03-21,2020-03-21,4191,100479620.0
scats,2242,99675,2020-03-24,2020-03-24,4191,102276967.0
scats,2238,99675,2020-03-20,2020-03-20,4191,129211861.0
scats,2240,99675,2020-03-22,2020-03-22,4191,81279140.0
scats,2246,99661,2020-03-28,2020-03-28,4192,73371915.0
scats,2247,99661,2020-03-29,2020-03-29,4192,54876049.0
scats,2245,99661,2020-03-27,2020-03-27,4192,100306881.0
scats,2244,99661,2020-03-26,2020-03-26,4192,98327879.0
scats,2237,99651,2020-03-19,2020-03-19,4190,127111569.0
scats,2234,99617,2020-03-16,2020-03-16,4188,130661390.0
scats,2235,99617,2020-03-17,2020-03-17,4188,130226336.0
scats,2236,99617,2020-03-18,2020-03-18,4188,128204473.0
scats,2229,99616,2020-03-11,2020-03-11,4187,140403413.0
scats,2216,99608,2020-02-27,2020-02-27,4186,142736443.0
scats,2222,99608,2020-03-04,2020-03-04,4186,141464014.0
scats,2215,99608,2020-02-26,2020-02-26,4186,140059374.0
scats,2221,99608,2020-03-03,2020-03-03,4186,138662254.0
scats,2220,99608,2020-03-02,2020-03-02,4186,134876024.0
scats,2218,99608,2020-02-29,2020-02-29,4186,127758100.0
scats,2217,99608,2020-02-28,2020-02-28,4186,146395684.0
scats,2219,99608,2020-03-01,2020-03-01,4186,107876488.0
scats,2223,99608,2020-03-05,2020-03-05,4186,141207709.0
scats,2212,99599,2020-02-23,2020-02-23,4185,109645092.0
scats,2213,99599,2020-02-24,2020-02-24,4185,133269232.0
scats,2210,99599,2020-02-21,2020-02-21,4185,147072534.0
scats,2211,99599,2020-02-22,2020-02-22,4185,127766427.0
scats,2230,99598,2020-03-12,2020-03-12,4187,142605327.0
scats,2233,99593,2020-03-15,2020-03-15,4187,98299836.0
scats,2231,99593,2020-03-13,2020-03-13,4187,142265481.0
scats,2232,99593,2020-03-14,2020-03-14,4187,117708198.0
scats,2224,99592,2020-03-06,2020-03-06,4186,145501925.0
scats,2225,99592,2020-03-07,2020-03-07,4186,116929969.0
scats,2226,99592,2020-03-08,2020-03-08,4186,102192858.0
scats,2227,99592,2020-03-09,2020-03-09,4186,95484218.0
scats,2228,99592,2020-03-10,2020-03-10,4186,136019435.0
scats,2214,99584,2020-02-25,2020-02-25,4185,137596721.0
scats,2209,99575,2020-02-20,2020-02-20,4184,139033897.0
scats,2205,99536,2020-02-16,2020-02-16,4181,106115603.0
scats,2203,99536,2020-02-14,2020-02-14,4181,146063259.0
scats,2204,99536,2020-02-15,2020-02-15,4181,122536274.0
scats,2202,99536,2020-02-13,2020-02-13,4181,144254284.0
scats,2206,99536,2020-02-17,2020-02-17,4181,134927589.0
scats,2208,99527,2020-02-19,2020-02-19,4182,137084439.0
scats,2207,99524,2020-02-18,2020-02-18,4181,135913864.0
scats,2201,99512,2020-02-12,2020-02-12,4180,140645677.0
scats,2200,99488,2020-02-11,2020-02-11,4179,137900933.0
scats,2199,99464,2020-02-10,2020-02-10,4178,133016860.0
scats,2198,99464,2020-02-09,2020-02-09,4178,104192928.0
scats,2196,99464,2020-02-07,2020-02-07,4178,146038551.0
scats,2197,99464,2020-02-08,2020-02-08,4178,124277235.0
scats,2195,99456,2020-02-06,2020-02-06,4178,141953731.0
scats,2192,99456,2020-02-03,2020-02-03,4178,133463753.0
scats,2193,99456,2020-02-04,2020-02-04,4178,137267619.0
scats,2194,99456,2020-02-05,2020-02-05,4178,139420762.0
scats,2189,99447,2020-01-31,2020-01-31,4177,138862033.0
scats,2191,99447,2020-02-02,2020-02-02,4177,103518358.0
scats,2188,99447,2020-01-30,2020-01-30,4177,138962867.0
scats,2190,99447,2020-02-01,2020-02-01,4177,115893376.0
scats,2186,99445,2020-01-28,2020-01-28,4176,132921767.0
scats,2182,99432,2020-01-24,2020-01-24,4175,141624908.0
scats,2187,99423,2020-01-29,2020-01-29,4176,137157559.0
scats,2183,99421,2020-01-25,2020-01-25,4175,115348505.0
scats,2184,99421,2020-01-26,2020-01-26,4175,99516474.0
scats,2185,99421,2020-01-27,2020-01-27,4175,94075508.0
scats,2143,99413,2019-12-16,2019-12-16,4172,140539224.0
scats,2140,99409,2019-12-13,2019-12-13,4171,151916062.0
scats,2139,99409,2019-12-11,2019-12-11,4171,145894828.0
scats,2142,99409,2019-12-15,2019-12-15,4171,112970137.0
scats,2138,99409,2019-12-10,2019-12-10,4171,143568050.0
scats,2141,99409,2019-12-14,2019-12-14,4171,131946567.0
scats,2181,99408,2020-01-23,2020-01-23,4174,138410430.0
scats,2180,99408,2020-01-22,2020-01-22,4174,134858951.0
scats,2179,99408,2020-01-21,2020-01-21,4174,134034013.0
scats,2172,99406,2020-01-14,2020-01-14,4173,128875333.0
scats,2171,99406,2020-01-13,2020-01-13,4173,125755643.0
scats,2168,99406,2020-01-10,2020-01-10,4173,125966797.0
scats,2170,99406,2020-01-12,2020-01-12,4173,99951809.0
scats,2169,99406,2020-01-11,2020-01-11,4173,111277695.0
scats,2163,99397,2020-01-05,2020-01-05,4172,89976910.0
scats,2147,99397,2019-12-20,2019-12-20,4172,141631991.0
scats,2166,99397,2020-01-08,2020-01-08,4172,122410860.0
scats,2162,99397,2020-01-04,2020-01-04,4172,100286801.0
scats,2153,99397,2019-12-26,2019-12-26,4172,93823021.0
scats,2167,99397,2020-01-09,2020-01-09,4172,125353406.0
scats,2145,99397,2019-12-18,2019-12-18,4172,144920989.0
scats,2154,99397,2019-12-27,2019-12-27,4172,110815533.0
scats,2149,99397,2019-12-22,2019-12-22,4172,111008485.0
scats,2155,99397,2019-12-28,2019-12-28,4172,98769320.0
scats,2148,99397,2019-12-21,2019-12-21,4172,125634162.0
scats,2156,99397,2019-12-29,2019-12-29,4172,92808989.0
scats,2157,99397,2019-12-30,2019-12-30,4172,97579281.0
scats,2165,99397,2020-01-07,2020-01-07,4172,117943480.0
scats,2151,99397,2019-12-24,2019-12-24,4172,124618500.0
scats,2160,99397,2020-01-02,2020-01-02,4172,108169775.0
scats,2144,99397,2019-12-17,2019-12-17,4172,144580387.0
scats,2146,99397,2019-12-19,2019-12-19,4172,151646758.0
scats,2152,99397,2019-12-25,2019-12-25,4172,84202430.0
scats,2150,99397,2019-12-23,2019-12-23,4172,132671785.0
scats,2161,99397,2020-01-03,2020-01-03,4172,112574834.0
scats,2159,99397,2020-01-01,2020-01-01,4172,85031290.0
scats,2158,99397,2019-12-31,2019-12-31,4172,107400265.0
scats,2164,99397,2020-01-06,2020-01-06,4172,114131689.0
scats,2176,99395,2020-01-18,2020-01-18,4173,119257741.0
scats,2177,99395,2020-01-19,2020-01-19,4173,101559625.0
scats,2174,99395,2020-01-16,2020-01-16,4173,135131977.0
scats,2173,99395,2020-01-15,2020-01-15,4173,127679955.0
scats,2175,99395,2020-01-17,2020-01-17,4173,138857593.0
scats,2178,99395,2020-01-20,2020-01-20,4173,127238975.0
scats,2135,99378,2019-12-07,2019-12-07,4169,132239956.0
scats,2134,99378,2019-12-06,2019-12-06,4169,151430915.0
scats,2133,99354,2019-12-05,2019-12-05,4168,147265752.0
scats,2132,99350,2019-12-04,2019-12-04,4167,144297888.0
scats,2131,99331,2019-12-03,2019-12-03,4167,140221266.0
scats,2127,99288,2019-11-29,2019-11-29,4164,151706950.0
scats,2128,99288,2019-11-30,2019-11-30,4164,130267853.0
scats,2130,99288,2019-12-02,2019-12-02,4164,135125765.0
scats,2129,99288,2019-12-01,2019-12-01,4164,108180430.0
scats,2122,99276,2019-11-24,2019-11-24,4163,112818570.0
scats,2120,99276,2019-11-22,2019-11-22,4163,151248598.0
scats,2125,99276,2019-11-27,2019-11-27,4163,143828525.0
scats,2126,99276,2019-11-28,2019-11-28,4163,146353603.0
scats,2119,99276,2019-11-21,2019-11-21,4163,140750290.0
scats,2121,99276,2019-11-23,2019-11-23,4163,129808882.0
scats,2123,99276,2019-11-25,2019-11-25,4163,136366501.0
scats,2124,99276,2019-11-26,2019-11-26,4163,139591801.0
scats,2116,99228,2019-11-18,2019-11-18,4161,135510771.0
scats,2118,99228,2019-11-20,2019-11-20,4161,144407709.0
scats,2115,99228,2019-11-17,2019-11-17,4161,108878371.0
scats,2113,99228,2019-11-15,2019-11-15,4161,148301692.0
scats,2114,99228,2019-11-16,2019-11-16,4161,128931709.0
scats,2117,99228,2019-11-19,2019-11-19,4161,140471476.0
scats,2111,99228,2019-11-13,2019-11-13,4161,141407470.0
scats,2112,99228,2019-11-14,2019-11-14,4161,144386568.0
scats,2104,99210,2019-11-06,2019-11-06,4159,137440041.0
scats,2109,99204,2019-11-11,2019-11-11,4160,135803482.0
scats,2110,99204,2019-11-12,2019-11-12,4160,138942788.0
scats,2106,99202,2019-11-08,2019-11-08,4159,144344458.0
scats,2105,99202,2019-11-07,2019-11-07,4159,140413383.0
scats,2108,99202,2019-11-10,2019-11-10,4159,105069939.0
scats,2107,99202,2019-11-09,2019-11-09,4159,122563463.0
scats,2100,99186,2019-11-02,2019-11-02,4158,112357564.0
scats,2102,99186,2019-11-04,2019-11-04,4158,119732196.0
scats,2101,99186,2019-11-03,2019-11-03,4158,98039486.0
scats,2103,99186,2019-11-05,2019-11-05,4158,96028624.0
scats,2099,99186,2019-11-01,2019-11-01,4158,145641926.0
scats,2096,99182,2019-10-29,2019-10-29,4157,139458054.0
scats,2092,99182,2019-10-25,2019-10-25,4157,146260241.0
scats,2098,99182,2019-10-31,2019-10-31,4157,144105572.0
scats,2091,99182,2019-10-24,2019-10-24,4157,143905446.0
scats,2097,99182,2019-10-30,2019-10-30,4157,141627036.0
scats,2095,99182,2019-10-28,2019-10-28,4157,134337094.0
scats,2093,99182,2019-10-26,2019-10-26,4157,123923898.0
scats,2094,99182,2019-10-27,2019-10-27,4157,105430686.0
scats,2090,99182,2019-10-23,2019-10-23,4157,141283238.0
scats,2089,99158,2019-10-22,2019-10-22,4156,138603528.0
scats,2088,99134,2019-10-21,2019-10-21,4155,133768236.0
scats,2083,99119,2019-10-16,2019-10-16,4153,139369703.0
scats,2082,99119,2019-10-15,2019-10-15,4153,137736566.0
scats,2084,99107,2019-10-17,2019-10-17,4153,141368328.0
scats,2086,99107,2019-10-19,2019-10-19,4153,124989478.0
scats,2087,99107,2019-10-20,2019-10-20,4153,106247325.0
scats,2085,99107,2019-10-18,2019-10-18,4153,146353863.0
scats,2072,99071,2019-10-05,2019-10-05,4151,122157717.0
scats,2076,99071,2019-10-09,2019-10-09,4151,139047832.0
scats,2079,99071,2019-10-12,2019-10-12,4151,126373451.0
scats,2074,99071,2019-10-07,2019-10-07,4151,132598781.0
scats,2080,99071,2019-10-13,2019-10-13,4151,106121094.0
scats,2071,99071,2019-10-04,2019-10-04,4151,140873782.0
scats,2081,99071,2019-10-14,2019-10-14,4151,132243439.0
scats,2073,99071,2019-10-06,2019-10-06,4151,103346990.0
scats,2077,99071,2019-10-10,2019-10-10,4151,142157329.0
scats,2075,99071,2019-10-08,2019-10-08,4151,136475984.0
scats,2078,99071,2019-10-11,2019-10-11,4151,145839873.0
scats,2062,99041,2019-09-25,2019-09-25,4149,135517749.0
scats,2057,99033,2019-09-20,2019-09-20,4148,142175737.0
scats,2063,99031,2019-09-26,2019-09-26,4149,141507276.0
scats,2067,99031,2019-09-30,2019-09-30,4149,125326679.0
scats,2065,99031,2019-09-28,2019-09-28,4149,100615230.0
scats,2064,99031,2019-09-27,2019-09-27,4149,104024939.0
scats,2066,99031,2019-09-29,2019-09-29,4149,98243972.0
scats,2048,99026,2019-09-11,2019-09-11,4146,138126030.0
scats,2016,99026,2019-08-10,2019-08-10,4143,117843409.0
scats,2017,99026,2019-08-11,2019-08-11,4143,100724812.0
scats,2015,99026,2019-08-09,2019-08-09,4143,139349159.0
scats,2018,99026,2019-08-12,2019-08-12,4143,129325347.0
scats,2069,99023,2019-10-02,2019-10-02,4149,135932806.0
scats,2068,99023,2019-10-01,2019-10-01,4149,132843620.0
scats,2049,99021,2019-09-12,2019-09-12,4146,139727543.0
scats,2052,99021,2019-09-15,2019-09-15,4146,101260953.0
scats,2051,99021,2019-09-14,2019-09-14,4146,124567849.0
scats,2050,99021,2019-09-13,2019-09-13,4146,143910008.0
scats,2059,99017,2019-09-22,2019-09-22,4148,102413492.0
scats,2061,99017,2019-09-24,2019-09-24,4148,131931084.0
scats,2058,99017,2019-09-21,2019-09-21,4148,118949291.0
scats,2060,99017,2019-09-23,2019-09-23,4148,127231328.0
scats,2032,99016,2019-08-26,2019-08-26,4145,130454119.0
scats,2022,99014,2019-08-16,2019-08-16,4144,142174555.0
scats,2026,99014,2019-08-20,2019-08-20,4144,134274250.0
scats,2029,99014,2019-08-23,2019-08-23,4144,144302239.0
scats,2024,99014,2019-08-18,2019-08-18,4144,103830906.0
scats,2027,99014,2019-08-21,2019-08-21,4144,136961609.0
scats,2030,99014,2019-08-24,2019-08-24,4144,123100663.0
scats,2028,99014,2019-08-22,2019-08-22,4144,140018399.0
scats,2021,99014,2019-08-15,2019-08-15,4144,139121833.0
scats,2031,99014,2019-08-25,2019-08-25,4144,105131891.0
scats,2025,99014,2019-08-19,2019-08-19,4144,128943274.0
scats,2023,99014,2019-08-17,2019-08-17,4144,125400648.0
scats,2035,99010,2019-08-29,2019-08-29,4145,139717997.0
scats,2041,99010,2019-09-04,2019-09-04,4145,137174451.0
scats,2036,99010,2019-08-30,2019-08-30,4145,145003631.0
scats,2040,99010,2019-09-03,2019-09-03,4145,134264452.0
scats,2019,99010,2019-08-13,2019-08-13,4143,133721178.0
scats,2034,99010,2019-08-28,2019-08-28,4145,136287610.0
scats,2039,99010,2019-09-02,2019-09-02,4145,130796716.0
scats,2038,99010,2019-09-01,2019-09-01,4145,105411704.0
scats,2020,99010,2019-08-14,2019-08-14,4143,136593152.0
scats,2037,99010,2019-08-31,2019-08-31,4145,127447538.0
scats,2055,99009,2019-09-18,2019-09-18,4147,138263213.0
scats,2056,99009,2019-09-19,2019-09-19,4147,140378588.0
scats,1998,99006,2019-07-23,2019-07-23,4140,132213177.0
scats,2042,99002,2019-09-05,2019-09-05,4145,139616029.0
scats,2046,99002,2019-09-09,2019-09-09,4145,129052722.0
scats,2011,99002,2019-08-05,2019-08-05,4142,128919613.0
scats,2043,99002,2019-09-06,2019-09-06,4145,141999275.0
scats,2047,99002,2019-09-10,2019-09-10,4145,134717411.0
scats,2012,99002,2019-08-06,2019-08-06,4142,133609525.0
scats,2045,99002,2019-09-08,2019-09-08,4145,100624138.0
scats,2013,99002,2019-08-07,2019-08-07,4142,136629893.0
scats,2044,99002,2019-09-07,2019-09-07,4145,120533524.0
scats,2014,99002,2019-08-08,2019-08-08,4142,138291182.0
scats,2053,99001,2019-09-16,2019-09-16,4146,130428110.0
scats,2054,99001,2019-09-17,2019-09-17,4146,135346817.0
scats,1997,98994,2019-07-22,2019-07-22,4139,125938060.0
scats,2007,98978,2019-08-01,2019-08-01,4141,138592806.0
scats,2009,98978,2019-08-03,2019-08-03,4141,122242327.0
scats,2010,98978,2019-08-04,2019-08-04,4141,103191322.0
scats,2033,98978,2019-08-27,2019-08-27,4144,135002799.0
scats,2008,98978,2019-08-02,2019-08-02,4141,142472323.0
scats,2005,98978,2019-07-30,2019-07-30,4141,133938807.0
scats,2006,98978,2019-07-31,2019-07-31,4141,136669506.0
scats,1999,98973,2019-07-24,2019-07-24,4140,135795423.0
scats,2002,98973,2019-07-27,2019-07-27,4140,122568610.0
scats,2001,98973,2019-07-26,2019-07-26,4140,141453277.0
scats,2004,98973,2019-07-29,2019-07-29,4140,129075423.0
scats,2003,98973,2019-07-28,2019-07-28,4140,104021841.0
scats,2000,98973,2019-07-25,2019-07-25,4140,138769516.0
scats,2136,96330,2019-12-08,2019-12-08,4042,77334271.0
scats,729,94182,2015-12-30,2015-12-31,3626,128793798.0
scats,717,76469,2015-12-18,2015-12-19,3628,143285659.0
scats,1990,72151,2019-07-15,2019-07-15,4065,123295102.0
scats,1991,72151,2019-07-16,2019-07-16,4065,128494861.0
scats,1996,72141,2019-07-21,2019-07-21,4066,98904987.0
scats,1995,72141,2019-07-20,2019-07-20,4066,118589413.0
scats,1994,72141,2019-07-19,2019-07-19,4066,137540434.0
scats,1993,72140,2019-07-18,2019-07-18,4066,133539317.0
scats,1992,72139,2019-07-17,2019-07-17,4066,130888305.0
scats,1986,72103,2019-07-11,2019-07-11,4063,128246159.0
scats,1987,72103,2019-07-12,2019-07-12,4063,130799116.0
scats,1988,72103,2019-07-13,2019-07-13,4063,110847732.0
scats,1989,72103,2019-07-14,2019-07-14,4063,94472278.0
scats,1985,72059,2019-07-10,2019-07-10,4062,126662351.0
scats,1984,72031,2019-07-09,2019-07-09,4061,124219038.0
scats,1983,72022,2019-07-08,2019-07-08,4060,118760636.0
scats,1979,72021,2019-07-04,2019-07-04,4060,118119577.0
scats,1980,72021,2019-07-05,2019-07-05,4060,131095380.0
scats,1982,72021,2019-07-07,2019-07-07,4060,93269181.0
scats,1981,72021,2019-07-06,2019-07-06,4060,111816902.0
scats,1978,71973,2019-07-03,2019-07-03,4058,125446323.0
scats,1976,71935,2019-07-01,2019-07-01,4055,119486499.0
scats,1977,71935,2019-07-02,2019-07-02,4055,122751270.0
scats,1974,71917,2019-06-29,2019-06-29,4055,110408796.0
scats,1975,71917,2019-06-30,2019-06-30,4055,97589903.0
scats,1973,71917,2019-06-28,2019-06-28,4055,136159886.0
scats,1972,71882,2019-06-27,2019-06-27,4054,132505381.0
scats,1971,71856,2019-06-26,2019-06-26,4054,130254059.0
scats,1968,71832,2019-06-23,2019-06-23,4053,96968597.0
scats,1966,71832,2019-06-21,2019-06-21,4053,135408709.0
scats,1969,71832,2019-06-24,2019-06-24,4053,122268741.0
scats,1970,71832,2019-06-25,2019-06-25,4053,127861011.0
scats,1967,71832,2019-06-22,2019-06-22,4053,115210633.0
scats,1965,71797,2019-06-20,2019-06-20,4051,131373134.0
scats,1959,71770,2019-06-14,2019-06-14,4049,135771373.0
scats,1964,71767,2019-06-19,2019-06-19,4049,130023088.0
scats,1963,71757,2019-06-18,2019-06-18,4049,126850501.0
scats,1962,71755,2019-06-17,2019-06-17,4049,124563687.0
scats,1961,71755,2019-06-16,2019-06-16,4049,97515115.0
scats,1960,71755,2019-06-15,2019-06-15,4049,117601719.0
scats,1958,71746,2019-06-13,2019-06-13,4048,132662518.0
scats,1957,71714,2019-06-12,2019-06-12,4048,126866303.0
scats,1956,71700,2019-06-11,2019-06-11,4048,126652200.0
scats,1947,71700,2019-06-02,2019-06-02,4048,97181164.0
scats,1954,71700,2019-06-09,2019-06-09,4048,94273285.0
scats,1946,71700,2019-06-01,2019-06-01,4048,117188916.0
scats,1952,71700,2019-06-07,2019-06-07,4048,135976939.0
scats,1955,71700,2019-06-10,2019-06-10,4048,84678789.0
scats,1951,71700,2019-06-06,2019-06-06,4048,132433403.0
scats,1949,71700,2019-06-04,2019-06-04,4048,128143053.0
scats,1945,71700,2019-05-31,2019-05-31,4048,135961847.0
scats,1950,71700,2019-06-05,2019-06-05,4048,130481435.0
scats,1953,71700,2019-06-08,2019-06-08,4048,109441456.0
scats,1948,71700,2019-06-03,2019-06-03,4048,122165617.0
scats,1944,71658,2019-05-30,2019-05-30,4047,132560151.0
scats,1943,71657,2019-05-29,2019-05-29,4047,128114318.0
scats,1942,71645,2019-05-28,2019-05-28,4046,119228023.0
scats,1941,71641,2019-05-27,2019-05-27,4045,122724167.0
scats,1940,71617,2019-05-26,2019-05-26,4044,98764740.0
scats,1938,71617,2019-05-24,2019-05-24,4044,136307669.0
scats,1939,71617,2019-05-25,2019-05-25,4044,117512266.0
scats,1935,71541,2019-05-21,2019-05-21,4041,128713857.0
scats,1936,71541,2019-05-22,2019-05-22,4041,131808308.0
scats,1930,71538,2019-05-16,2019-05-16,4041,134725609.0
scats,1933,71538,2019-05-19,2019-05-19,4041,99577968.0
scats,1934,71538,2019-05-20,2019-05-20,4041,124142663.0
scats,1927,71538,2019-05-13,2019-05-13,4041,125213026.0
scats,1928,71538,2019-05-14,2019-05-14,4041,130217137.0
scats,1932,71538,2019-05-18,2019-05-18,4041,118752748.0
scats,1929,71538,2019-05-15,2019-05-15,4041,132840458.0
scats,1931,71538,2019-05-17,2019-05-17,4041,138543454.0
scats,1925,71514,2019-05-11,2019-05-11,4040,120329490.0
scats,1923,71514,2019-05-09,2019-05-09,4040,134580314.0
scats,1926,71514,2019-05-12,2019-05-12,4040,103070148.0
scats,1924,71514,2019-05-10,2019-05-10,4040,135834359.0
scats,1922,71490,2019-05-08,2019-05-08,4039,132423960.0
scats,1920,71490,2019-05-06,2019-05-06,4039,126662349.0
scats,1921,71490,2019-05-07,2019-05-07,4039,130608233.0
scats,1919,71489,2019-05-05,2019-05-05,4039,100295826.0
scats,1916,71489,2019-05-02,2019-05-02,4039,134252106.0
scats,1917,71489,2019-05-03,2019-05-03,4039,139124335.0
scats,1918,71489,2019-05-04,2019-05-04,4039,117328259.0
scats,1910,71465,2019-04-26,2019-04-26,4038,127973047.0
scats,1906,71465,2019-04-22,2019-04-22,4038,83855995.0
scats,1904,71465,2019-04-20,2019-04-20,4038,98369319.0
scats,1912,71465,2019-04-28,2019-04-28,4038,96340220.0
scats,1903,71465,2019-04-19,2019-04-19,4038,83260830.0
scats,1900,71465,2019-04-16,2019-04-16,4038,129487713.0
scats,1911,71465,2019-04-27,2019-04-27,4038,112715804.0
scats,1915,71465,2019-05-01,2019-05-01,4038,131978359.0
scats,1902,71465,2019-04-18,2019-04-18,4038,138888680.0
scats,1907,71465,2019-04-23,2019-04-23,4038,122074027.0
scats,1913,71465,2019-04-29,2019-04-29,4038,126241528.0
scats,1909,71465,2019-04-25,2019-04-25,4038,89015741.0
scats,1908,71465,2019-04-24,2019-04-24,4038,129649494.0
scats,1901,71465,2019-04-17,2019-04-17,4038,133140572.0
scats,1905,71465,2019-04-21,2019-04-21,4038,84934601.0
scats,1899,71441,2019-04-15,2019-04-15,4037,124324375.0
scats,1897,71434,2019-04-13,2019-04-13,4036,115823059.0
scats,1898,71434,2019-04-14,2019-04-14,4036,100203091.0
scats,1895,71410,2019-04-11,2019-04-11,4036,132550951.0
scats,1893,71386,2019-04-09,2019-04-09,4035,128085631.0
scats,1892,71386,2019-04-08,2019-04-08,4035,123548736.0
scats,1894,71386,2019-04-10,2019-04-10,4035,129751866.0
scats,1889,71362,2019-04-05,2019-04-05,4034,139086015.0
scats,1891,71362,2019-04-07,2019-04-07,4034,103852303.0
scats,1890,71362,2019-04-06,2019-04-06,4034,118107957.0
scats,1887,71338,2019-04-03,2019-04-03,4033,132742729.0
scats,1888,71338,2019-04-04,2019-04-04,4033,135847579.0
scats,1886,71314,2019-04-02,2019-04-02,4032,131014316.0
scats,1885,71293,2019-04-01,2019-04-01,4031,125566043.0
scats,1882,71269,2019-03-29,2019-03-29,4030,138774916.0
scats,1883,71269,2019-03-30,2019-03-30,4030,115766218.0
scats,1884,71269,2019-03-31,2019-03-31,4030,98088177.0
scats,1880,71261,2019-03-27,2019-03-27,4029,134084900.0
scats,1881,71245,2019-03-28,2019-03-28,4029,136630187.0
scats,1879,71237,2019-03-26,2019-03-26,4028,130998829.0
scats,1878,71176,2019-03-25,2019-03-25,4025,126397382.0
scats,1875,71176,2019-03-22,2019-03-22,4025,139614124.0
scats,1877,71176,2019-03-24,2019-03-24,4025,101974721.0
scats,1876,71176,2019-03-23,2019-03-23,4025,119805749.0
scats,1874,71128,2019-03-21,2019-03-21,4023,136550251.0
scats,1873,71080,2019-03-20,2019-03-20,4021,134745381.0
scats,33,71073,2014-02-02,2014-02-02,3472,85077081.0
scats,1871,71055,2019-03-18,2019-03-18,4019,128567702.0
scats,1872,71051,2019-03-19,2019-03-19,4019,132057511.0
scats,12,71050,2014-01-12,2014-01-12,3466,83552884.0
scats,26,71041,2014-01-26,2014-01-26,3470,83146396.0
scats,47,71035,2014-02-16,2014-02-16,3475,89297266.0
scats,1870,71031,2019-03-17,2019-03-17,4018,102715898.0
scats,1869,71023,2019-03-16,2019-03-16,4018,120706940.0
scats,1868,71023,2019-03-15,2019-03-15,4018,139847046.0
scats,40,71019,2014-02-09,2014-02-09,3471,85162409.0
scats,1867,71007,2019-03-14,2019-03-14,4018,136983909.0
scats,1865,70983,2019-03-12,2019-03-12,4017,129756227.0
scats,1866,70983,2019-03-13,2019-03-13,4017,133851425.0
scats,5,70981,2014-01-05,2014-01-05,3461,76796379.0
scats,19,70977,2014-01-19,2014-01-19,3461,86831334.0
scats,1860,70959,2019-03-07,2019-03-07,4016,137245284.0
scats,1862,70959,2019-03-09,2019-03-09,4016,111504868.0
scats,1864,70959,2019-03-11,2019-03-11,4016,91613986.0
scats,1861,70959,2019-03-08,2019-03-08,4016,140051513.0
scats,1863,70959,2019-03-10,2019-03-10,4016,96300714.0
scats,1858,70955,2019-03-05,2019-03-05,4015,132578051.0
scats,54,70944,2014-02-23,2014-02-23,3473,90941117.0
scats,1857,70941,2019-03-04,2019-03-04,4014,128628453.0
scats,1855,70941,2019-03-02,2019-03-02,4014,117687375.0
scats,1854,70941,2019-03-01,2019-03-01,4014,138978750.0
scats,1856,70941,2019-03-03,2019-03-03,4014,99360039.0
scats,1859,70935,2019-03-06,2019-03-06,4015,135443018.0
scats,1853,70935,2019-02-28,2019-02-28,4013,135705834.0
scats,75,70932,2014-03-16,2014-03-16,3483,89079629.0
scats,1851,70906,2019-02-26,2019-02-26,4012,131702865.0
scats,1850,70903,2019-02-25,2019-02-25,4012,126982489.0
scats,68,70895,2014-03-09,2014-03-09,3475,86484754.0
scats,1847,70885,2019-02-22,2019-02-22,4011,139713773.0
scats,1848,70885,2019-02-23,2019-02-23,4011,120379375.0
scats,1849,70885,2019-02-24,2019-02-24,4011,103143745.0
scats,1841,70868,2019-02-16,2019-02-16,4009,119360200.0
scats,1840,70868,2019-02-15,2019-02-15,4009,139366013.0
scats,1846,70868,2019-02-21,2019-02-21,4009,136172702.0
scats,1842,70868,2019-02-17,2019-02-17,4009,101112571.0
scats,1845,70868,2019-02-20,2019-02-20,4009,133376794.0
scats,1844,70868,2019-02-19,2019-02-19,4009,131344031.0
scats,96,70862,2014-04-06,2014-04-06,3509,92041494.0
scats,1831,70843,2019-02-06,2019-02-06,4004,131422637.0
scats,1839,70836,2019-02-14,2019-02-14,4008,138054320.0
scats,1830,70832,2019-02-05,2019-02-05,4003,130636654.0
scats,1829,70830,2019-02-04,2019-02-04,4003,127592959.0
scats,1832,70823,2019-02-07,2019-02-07,4004,134482750.0
scats,1828,70822,2019-02-03,2019-02-03,4003,95634265.0
scats,1825,70822,2019-01-31,2019-01-31,4003,133238967.0
scats,1826,70822,2019-02-01,2019-02-01,4003,137790716.0
scats,1827,70822,2019-02-02,2019-02-02,4003,116415186.0
scats,1816,70820,2019-01-22,2019-01-22,4002,125263516.0
scats,1817,70820,2019-01-23,2019-01-23,4002,129102683.0
scats,1818,70820,2019-01-24,2019-01-24,4002,129130444.0
scats,1815,70820,2019-01-21,2019-01-21,4002,121689973.0
scats,1838,70815,2019-02-13,2019-02-13,4006,133794393.0
scats,1837,70809,2019-02-12,2019-02-12,4005,129977445.0
scats,1836,70805,2019-02-11,2019-02-11,4004,126266552.0
scats,1835,70805,2019-02-10,2019-02-10,4004,100756084.0
scats,1833,70805,2019-02-08,2019-02-08,4004,138423116.0
scats,1834,70805,2019-02-09,2019-02-09,4004,116499404.0
scats,1824,70798,2019-01-30,2019-01-30,4002,127509257.0
scats,1823,70798,2019-01-29,2019-01-29,4002,126084789.0
scats,1814,70796,2019-01-20,2019-01-20,4001,97607786.0
scats,1821,70796,2019-01-27,2019-01-27,4001,93321191.0
scats,1820,70796,2019-01-26,2019-01-26,4001,104517868.0
scats,1822,70796,2019-01-28,2019-01-28,4001,89959100.0
scats,1812,70796,2019-01-18,2019-01-18,4001,128154160.0
scats,1819,70796,2019-01-25,2019-01-25,4001,122567523.0
scats,1813,70796,2019-01-19,2019-01-19,4001,111451972.0
scats,82,70787,2014-03-23,2014-03-23,3483,91110830.0
scats,103,70778,2014-04-13,2014-04-13,3509,89286680.0
scats,1811,70777,2019-01-17,2019-01-17,3994,126379962.0
scats,89,70769,2014-03-30,2014-03-30,3497,91774931.0
scats,1809,70754,2019-01-15,2019-01-15,3983,120343128.0
scats,24,70752,2014-01-24,2014-01-24,3445,118530528.0
scats,36,70748,2014-02-05,2014-02-05,3447,119236027.0
scats,52,70737,2014-02-21,2014-02-21,3450,124938173.0
scats,1810,70737,2019-01-16,2019-01-16,3984,123539095.0
scats,1808,70730,2019-01-14,2019-01-14,3982,117382197.0
scats,1807,70730,2019-01-13,2019-01-13,3982,94304101.0
scats,1802,70730,2019-01-08,2019-01-08,3982,113923513.0
scats,1804,70730,2019-01-10,2019-01-10,3982,120037972.0
scats,1805,70730,2019-01-11,2019-01-11,3982,122844323.0
scats,1806,70730,2019-01-12,2019-01-12,3982,104696390.0
scats,1803,70730,2019-01-09,2019-01-09,3982,117913396.0
scats,35,70729,2014-02-04,2014-02-04,3446,117825813.0
scats,39,70729,2014-02-08,2014-02-08,3448,101420494.0
scats,117,70728,2014-04-27,2014-04-27,3506,86399187.0
scats,110,70725,2014-04-20,2014-04-20,3506,76033919.0
scats,1795,70719,2019-01-01,2019-01-01,3981,77784941.0
scats,1801,70719,2019-01-07,2019-01-07,3981,110781096.0
scats,1797,70719,2019-01-03,2019-01-03,3981,106505810.0
scats,1796,70719,2019-01-02,2019-01-02,3981,100906689.0
scats,34,70719,2014-02-03,2014-02-03,3444,113046747.0
scats,1799,70719,2019-01-05,2019-01-05,3981,95954113.0
scats,1798,70719,2019-01-04,2019-01-04,3981,100059489.0
scats,1800,70719,2019-01-06,2019-01-06,3981,88979478.0
scats,30,70717,2014-01-30,2014-01-30,3445,120471944.0
scats,22,70716,2014-01-22,2014-01-22,3443,116329395.0
scats,48,70715,2014-02-17,2014-02-17,3452,115084519.0
scats,23,70715,2014-01-23,2014-01-23,3442,118359326.0
scats,38,70714,2014-02-07,2014-02-07,3445,124320256.0
scats,58,70713,2014-02-27,2014-02-27,3453,122842418.0
scats,49,70704,2014-02-18,2014-02-18,3451,118179081.0
scats,56,70700,2014-02-25,2014-02-25,3452,117353459.0
scats,42,70696,2014-02-11,2014-02-11,3449,118095530.0
scats,138,70695,2014-05-18,2014-05-18,3510,88902281.0
scats,32,70695,2014-02-01,2014-02-01,3443,103340574.0
scats,41,70694,2014-02-10,2014-02-10,3446,114024105.0
scats,50,70692,2014-02-19,2014-02-19,3451,119022010.0
scats,124,70687,2014-05-04,2014-05-04,3507,87364656.0
scats,37,70686,2014-02-06,2014-02-06,3446,120784290.0
scats,29,70680,2014-01-29,2014-01-29,3442,118057485.0
scats,44,70678,2014-02-13,2014-02-13,3446,122796542.0
scats,45,70677,2014-02-14,2014-02-14,3446,127842568.0
scats,25,70675,2014-01-25,2014-01-25,3442,96128426.0
scats,28,70674,2014-01-28,2014-01-28,3441,110767914.0
scats,21,70674,2014-01-21,2014-01-21,3442,113881800.0
scats,17,70672,2014-01-17,2014-01-17,3441,110216182.0
scats,43,70672,2014-02-12,2014-02-12,3446,120015263.0
scats,72,70669,2014-03-13,2014-03-13,3457,123120273.0
scats,27,70669,2014-01-27,2014-01-27,3441,78011431.0
scats,74,70668,2014-03-15,2014-03-15,3463,105092706.0
scats,31,70666,2014-01-31,2014-01-31,3441,124153907.0
scats,15,70661,2014-01-15,2014-01-15,3439,108474552.0
scats,4,70661,2014-01-04,2014-01-04,3438,84584417.0
scats,51,70659,2014-02-20,2014-02-20,3449,121646457.0
scats,131,70658,2014-05-11,2014-05-11,3511,92884652.0
scats,18,70658,2014-01-18,2014-01-18,3440,98965374.0
scats,59,70657,2014-02-28,2014-02-28,3450,126298284.0
scats,14,70654,2014-01-14,2014-01-14,3438,104900415.0
scats,66,70653,2014-03-07,2014-03-07,3454,126402109.0
scats,6,70650,2014-01-06,2014-01-06,3434,98207335.0
scats,16,70646,2014-01-16,2014-01-16,3437,108789020.0
scats,8,70645,2014-01-08,2014-01-08,3437,103218047.0
scats,7,70645,2014-01-07,2014-01-07,3436,100034945.0
scats,10,70644,2014-01-10,2014-01-10,3436,108218973.0
scats,53,70640,2014-02-22,2014-02-22,3445,105390745.0
scats,73,70640,2014-03-14,2014-03-14,3460,126331398.0
scats,77,70636,2014-03-18,2014-03-18,3462,118726949.0
scats,65,70635,2014-03-06,2014-03-06,3454,123379075.0
scats,46,70633,2014-02-15,2014-02-15,3445,105876034.0
scats,80,70631,2014-03-21,2014-03-21,3465,125529215.0
scats,55,70623,2014-02-24,2014-02-24,3445,113653381.0
scats,9,70618,2014-01-09,2014-01-09,3435,105509169.0
scats,11,70618,2014-01-11,2014-01-11,3437,93368290.0
scats,20,70614,2014-01-20,2014-01-20,3436,109558959.0
scats,69,70614,2014-03-10,2014-03-10,3451,80618541.0
scats,70,70611,2014-03-11,2014-03-11,3454,116666359.0
scats,2,70608,2014-01-02,2014-01-02,3433,89319498.0
scats,152,70607,2014-06-01,2014-06-01,3513,85281837.0
scats,1,70606,2014-01-01,2014-01-01,3436,64443470.0
scats,13,70606,2014-01-13,2014-01-13,3437,106482683.0
scats,64,70600,2014-03-05,2014-03-05,3454,120548180.0
scats,79,70594,2014-03-20,2014-03-20,3463,123166820.0
scats,3,70588,2014-01-03,2014-01-03,3431,95795852.0
scats,76,70587,2014-03-17,2014-03-17,3457,114970841.0
scats,57,70578,2014-02-26,2014-02-26,3445,120397680.0
scats,159,70577,2014-06-08,2014-06-08,3517,84114896.0
scats,63,70576,2014-03-04,2014-03-04,3449,118803082.0
scats,71,70576,2014-03-12,2014-03-12,3451,120549354.0
scats,67,70560,2014-03-08,2014-03-08,3446,100256964.0
scats,62,70558,2014-03-03,2014-03-03,3446,115035023.0
scats,84,70548,2014-03-25,2014-03-25,3461,118270485.0
scats,83,70540,2014-03-24,2014-03-24,3462,113203843.0
scats,95,70532,2014-04-05,2014-04-05,3483,105528160.0
scats,115,70531,2014-04-25,2014-04-25,3491,82652348.0
scats,78,70521,2014-03-19,2014-03-19,3457,121228154.0
scats,145,70517,2014-05-25,2014-05-25,3508,87851117.0
scats,88,70513,2014-03-29,2014-03-29,3476,107268815.0
scats,97,70507,2014-04-07,2014-04-07,3479,111131969.0
scats,92,70500,2014-04-02,2014-04-02,3481,119610722.0
scats,98,70490,2014-04-08,2014-04-08,3481,113929172.0
scats,94,70483,2014-04-04,2014-04-04,3480,125460612.0
scats,87,70481,2014-03-28,2014-03-28,3475,125607579.0
scats,86,70478,2014-03-27,2014-03-27,3461,122178311.0
scats,93,70465,2014-04-03,2014-04-03,3478,122491822.0
scats,91,70458,2014-04-01,2014-04-01,3478,117829545.0
scats,122,70456,2014-05-02,2014-05-02,3486,124351238.0
scats,90,70453,2014-03-31,2014-03-31,3476,114128665.0
scats,118,70452,2014-04-28,2014-04-28,3486,113092960.0
scats,99,70447,2014-04-09,2014-04-09,3483,114151362.0
scats,85,70446,2014-03-26,2014-03-26,3458,120456349.0
scats,119,70441,2014-04-29,2014-04-29,3485,115347035.0
scats,101,70439,2014-04-11,2014-04-11,3481,119077173.0
scats,112,70428,2014-04-22,2014-04-22,3485,107540474.0
scats,120,70427,2014-04-30,2014-04-30,3485,119232204.0
scats,105,70422,2014-04-15,2014-04-15,3480,116173972.0
scats,81,70419,2014-03-22,2014-03-22,3457,107099590.0
scats,109,70419,2014-04-19,2014-04-19,3480,86292709.0
scats,113,70413,2014-04-23,2014-04-23,3483,113903088.0
scats,108,70412,2014-04-18,2014-04-18,3480,69413116.0
scats,111,70411,2014-04-21,2014-04-21,3480,74286089.0
scats,102,70410,2014-04-12,2014-04-12,3479,102891013.0
scats,121,70410,2014-05-01,2014-05-01,3482,121520368.0
scats,142,70408,2014-05-22,2014-05-22,3489,121135034.0
scats,114,70408,2014-04-24,2014-04-24,3483,121351489.0
scats,106,70397,2014-04-16,2014-04-16,3483,118946068.0
scats,139,70386,2014-05-19,2014-05-19,3486,112078533.0
scats,125,70381,2014-05-05,2014-05-05,3483,112117281.0
scats,136,70377,2014-05-16,2014-05-16,3486,124077906.0
scats,173,70375,2014-06-22,2014-06-22,3507,87007729.0
scats,116,70374,2014-04-26,2014-04-26,3481,98106828.0
scats,107,70371,2014-04-17,2014-04-17,3479,124781429.0
scats,201,70368,2014-07-20,2014-07-20,3517,86601713.0
scats,128,70365,2014-05-08,2014-05-08,3487,121438205.0
scats,141,70363,2014-05-21,2014-05-21,3488,118776639.0
scats,150,70363,2014-05-30,2014-05-30,3491,124016873.0
scats,123,70362,2014-05-03,2014-05-03,3479,105054981.0
scats,126,70356,2014-05-06,2014-05-06,3484,116340313.0
scats,271,70352,2014-09-28,2014-09-28,3543,87318710.0
scats,208,70352,2014-07-27,2014-07-27,3519,88984477.0
scats,143,70350,2014-05-23,2014-05-23,3485,123091822.0
scats,257,70349,2014-09-14,2014-09-14,3536,89977195.0
scats,127,70348,2014-05-07,2014-05-07,3485,118384249.0
scats,215,70347,2014-08-03,2014-08-03,3517,89508027.0
scats,104,70344,2014-04-14,2014-04-14,3476,111650731.0
scats,100,70340,2014-04-10,2014-04-10,3476,116477509.0
scats,155,70336,2014-06-04,2014-06-04,3494,116100793.0
scats,134,70330,2014-05-14,2014-05-14,3485,118591504.0
scats,250,70329,2014-09-07,2014-09-07,3533,91646163.0
scats,166,70328,2014-06-15,2014-06-15,3502,85937807.0
scats,264,70327,2014-09-21,2014-09-21,3540,89540909.0
scats,132,70326,2014-05-12,2014-05-12,3484,112244310.0
scats,149,70326,2014-05-29,2014-05-29,3492,119919473.0
scats,135,70320,2014-05-15,2014-05-15,3483,120879816.0
scats,129,70320,2014-05-09,2014-05-09,3482,124789134.0
scats,153,70319,2014-06-02,2014-06-02,3489,110586141.0
scats,137,70312,2014-05-17,2014-05-17,3480,106077944.0
scats,151,70312,2014-05-31,2014-05-31,3489,105331975.0
scats,243,70310,2014-08-31,2014-08-31,3528,90044394.0
scats,147,70304,2014-05-27,2014-05-27,3489,114697001.0
scats,222,70303,2014-08-10,2014-08-10,3523,87687825.0
scats,292,70302,2014-10-19,2014-10-19,3545,91101329.0
scats,130,70300,2014-05-10,2014-05-10,3483,106363702.0
scats,144,70296,2014-05-24,2014-05-24,3484,105483423.0
scats,133,70295,2014-05-13,2014-05-13,3482,116441214.0
scats,236,70291,2014-08-24,2014-08-24,3527,88561841.0
scats,154,70284,2014-06-03,2014-06-03,3489,113417624.0
scats,146,70282,2014-05-26,2014-05-26,3486,110769080.0
scats,229,70281,2014-08-17,2014-08-17,3522,88186206.0
scats,285,70266,2014-10-12,2014-10-12,3542,91169721.0
scats,156,70262,2014-06-05,2014-06-05,3493,118844310.0
scats,140,70249,2014-05-20,2014-05-20,3485,115985059.0
scats,158,70240,2014-06-07,2014-06-07,3491,96210861.0
scats,157,70233,2014-06-06,2014-06-06,3490,121777570.0
scats,161,70219,2014-06-10,2014-06-10,3491,112845456.0
scats,160,70217,2014-06-09,2014-06-09,3488,76816513.0
scats,278,70198,2014-10-05,2014-10-05,3538,88148576.0
scats,1667,70163,2018-07-26,2018-07-26,3943,130606892.0
scats,163,70158,2014-06-12,2014-06-12,3488,118801439.0
scats,1665,70152,2018-07-24,2018-07-24,3942,124526828.0
scats,1666,70152,2018-07-25,2018-07-25,3942,128124645.0
scats,164,70149,2014-06-13,2014-06-13,3485,122264171.0
scats,1659,70140,2018-07-18,2018-07-18,3941,128276496.0
scats,1664,70137,2018-07-23,2018-07-23,3940,119605146.0
scats,162,70137,2014-06-11,2014-06-11,3485,116351188.0
scats,1661,70135,2018-07-20,2018-07-20,3940,132540568.0
scats,1662,70135,2018-07-21,2018-07-21,3940,113899100.0
scats,1660,70135,2018-07-19,2018-07-19,3940,129170053.0
scats,1663,70135,2018-07-22,2018-07-22,3940,96140991.0
scats,168,70126,2014-06-17,2014-06-17,3484,114207780.0
scats,348,70119,2014-12-14,2014-12-14,3554,97108184.0
scats,167,70110,2014-06-16,2014-06-16,3482,109891135.0
scats,172,70108,2014-06-21,2014-06-21,3484,103592171.0
scats,165,70101,2014-06-14,2014-06-14,3482,101945855.0
scats,174,70086,2014-06-23,2014-06-23,3483,107935702.0
scats,198,70080,2014-07-17,2014-07-17,3492,118770423.0
scats,197,70078,2014-07-16,2014-07-16,3492,116513812.0
scats,176,70077,2014-06-25,2014-06-25,3485,115554185.0
scats,199,70070,2014-07-18,2014-07-18,3491,121766400.0
scats,416,70067,2015-02-20,2015-02-20,3572,129178641.0
scats,212,70064,2014-07-31,2014-07-31,3495,117473679.0
scats,210,70062,2014-07-29,2014-07-29,3494,115156847.0
scats,180,70062,2014-06-29,2014-06-29,3484,82246699.0
scats,169,70062,2014-06-18,2014-06-18,3480,105662019.0
scats,211,70062,2014-07-30,2014-07-30,3494,117630520.0
scats,209,70058,2014-07-28,2014-07-28,3493,112418297.0
scats,203,70055,2014-07-22,2014-07-22,3491,114953381.0
scats,202,70054,2014-07-21,2014-07-21,3491,110377072.0
scats,205,70052,2014-07-24,2014-07-24,3493,118931708.0
scats,204,70052,2014-07-23,2014-07-23,3493,117374387.0
scats,206,70050,2014-07-25,2014-07-25,3492,122815686.0
scats,200,70047,2014-07-19,2014-07-19,3490,103001338.0
scats,417,70047,2015-02-21,2015-02-21,3571,108833078.0
scats,418,70044,2015-02-22,2015-02-22,3571,92848440.0
scats,207,70043,2014-07-26,2014-07-26,3491,103415527.0
scats,218,70036,2014-08-06,2014-08-06,3496,117468300.0
scats,216,70031,2014-08-04,2014-08-04,3493,111374095.0
scats,247,70031,2014-09-04,2014-09-04,3509,120836300.0
scats,175,70030,2014-06-24,2014-06-24,3479,109690748.0
scats,1658,70028,2018-07-17,2018-07-17,3933,124018123.0
scats,245,70023,2014-09-02,2014-09-02,3508,115577718.0
scats,213,70021,2014-08-01,2014-08-01,3493,120442510.0
scats,181,70021,2014-06-30,2014-06-30,3480,106501368.0
scats,177,70017,2014-06-26,2014-06-26,3482,118678194.0
scats,244,70016,2014-09-01,2014-09-01,3505,111174427.0
scats,178,70016,2014-06-27,2014-06-27,3479,121849580.0
scats,217,70015,2014-08-05,2014-08-05,3494,115472530.0
scats,239,70015,2014-08-27,2014-08-27,3503,118420440.0
scats,246,70007,2014-09-03,2014-09-03,3508,118271757.0
scats,179,70007,2014-06-28,2014-06-28,3477,100952166.0
scats,219,70007,2014-08-07,2014-08-07,3495,118955448.0
scats,251,70000,2014-09-08,2014-09-08,3508,111886656.0
scats,182,70000,2014-07-01,2014-07-01,3479,109269461.0
scats,248,70000,2014-09-05,2014-09-05,3508,125374103.0
scats,214,70000,2014-08-02,2014-08-02,3491,103854143.0
scats,230,69995,2014-08-18,2014-08-18,3499,110518246.0
scats,240,69993,2014-08-28,2014-08-28,3503,120882543.0
scats,252,69992,2014-09-09,2014-09-09,3508,114552641.0
scats,223,69990,2014-08-11,2014-08-11,3496,110800827.0
scats,241,69987,2014-08-29,2014-08-29,3502,124107801.0
scats,226,69987,2014-08-14,2014-08-14,3498,118756408.0
scats,249,69985,2014-09-06,2014-09-06,3506,107377229.0
scats,220,69982,2014-08-08,2014-08-08,3495,123185522.0
scats,233,69981,2014-08-21,2014-08-21,3502,120452638.0
scats,234,69979,2014-08-22,2014-08-22,3501,123924151.0
scats,404,69978,2015-02-08,2015-02-08,3562,91238190.0
scats,225,69978,2014-08-13,2014-08-13,3497,115365703.0
scats,231,69976,2014-08-19,2014-08-19,3500,115304668.0
scats,224,69976,2014-08-12,2014-08-12,3496,114971689.0
scats,221,69975,2014-08-09,2014-08-09,3494,104728623.0
scats,253,69974,2014-09-10,2014-09-10,3510,118365471.0
scats,259,69974,2014-09-16,2014-09-16,3510,115841603.0
scats,235,69972,2014-08-23,2014-08-23,3500,105964779.0
scats,258,69972,2014-09-15,2014-09-15,3509,112234125.0
scats,268,69970,2014-09-25,2014-09-25,3512,117370632.0
scats,227,69966,2014-08-15,2014-08-15,3497,123919200.0
scats,242,69965,2014-08-30,2014-08-30,3501,106137131.0
scats,232,69964,2014-08-20,2014-08-20,3500,117534617.0
scats,255,69964,2014-09-12,2014-09-12,3508,124226818.0
scats,148,69961,2014-05-28,2014-05-28,3461,116904388.0
scats,256,69957,2014-09-13,2014-09-13,3507,105951771.0
scats,269,69956,2014-09-26,2014-09-26,3513,120793087.0
scats,272,69956,2014-09-29,2014-09-29,3513,110308849.0
scats,185,69955,2014-07-04,2014-07-04,3475,116859458.0
scats,295,69954,2014-10-22,2014-10-22,3519,121337126.0
scats,299,69952,2014-10-26,2014-10-26,3520,92697617.0
scats,228,69950,2014-08-16,2014-08-16,3495,104546700.0
scats,254,69950,2014-09-11,2014-09-11,3509,120398969.0
scats,286,69949,2014-10-13,2014-10-13,3515,113628627.0
scats,282,69946,2014-10-09,2014-10-09,3515,122730310.0
scats,294,69945,2014-10-21,2014-10-21,3518,120300904.0
scats,183,69944,2014-07-02,2014-07-02,3475,111834832.0
scats,237,69941,2014-08-25,2014-08-25,3497,111229609.0
scats,270,69941,2014-09-27,2014-09-27,3511,92398798.0
scats,273,69940,2014-09-30,2014-09-30,3514,112988388.0
scats,287,69938,2014-10-14,2014-10-14,3516,118586872.0
scats,288,69938,2014-10-15,2014-10-15,3516,121080237.0
scats,184,69936,2014-07-03,2014-07-03,3475,114684001.0
scats,290,69936,2014-10-17,2014-10-17,3515,127203580.0
scats,266,69934,2014-09-23,2014-09-23,3510,114769779.0
scats,284,69934,2014-10-11,2014-10-11,3513,107320556.0
scats,195,69933,2014-07-14,2014-07-14,3477,108644605.0
scats,192,69930,2014-07-11,2014-07-11,3476,117820798.0
scats,260,69930,2014-09-17,2014-09-17,3509,118354413.0
scats,293,69928,2014-10-20,2014-10-20,3515,116113991.0
scats,267,69928,2014-09-24,2014-09-24,3508,115226015.0
scats,289,69926,2014-10-16,2014-10-16,3515,122871806.0
scats,189,69925,2014-07-08,2014-07-08,3476,110504462.0
scats,265,69924,2014-09-22,2014-09-22,3508,110812921.0
scats,188,69922,2014-07-07,2014-07-07,3474,105280406.0
scats,261,69922,2014-09-18,2014-09-18,3508,120678406.0
scats,187,69921,2014-07-06,2014-07-06,3476,81639616.0
scats,296,69920,2014-10-23,2014-10-23,3520,124540804.0
scats,191,69920,2014-07-10,2014-07-10,3475,113736188.0
scats,297,69918,2014-10-24,2014-10-24,3519,127875947.0
scats,275,69918,2014-10-02,2014-10-02,3514,119077118.0
scats,263,69917,2014-09-20,2014-09-20,3507,103451249.0
scats,281,69916,2014-10-08,2014-10-08,3514,120160692.0
scats,279,69916,2014-10-06,2014-10-06,3513,112724849.0
scats,276,69916,2014-10-03,2014-10-03,3513,122844604.0
scats,291,69913,2014-10-18,2014-10-18,3513,107566232.0
scats,262,69908,2014-09-19,2014-09-19,3508,123919863.0
scats,193,69902,2014-07-12,2014-07-12,3475,98540791.0
scats,283,69901,2014-10-10,2014-10-10,3513,126288457.0
scats,277,69901,2014-10-04,2014-10-04,3511,105816085.0
scats,170,69899,2014-06-19,2014-06-19,3466,117804943.0
scats,194,69897,2014-07-13,2014-07-13,3476,84634011.0
scats,171,69897,2014-06-20,2014-06-20,3467,122427925.0
scats,196,69897,2014-07-15,2014-07-15,3477,112711502.0
scats,298,69895,2014-10-25,2014-10-25,3515,108731423.0
scats,186,69894,2014-07-05,2014-07-05,3474,96931686.0
scats,190,69889,2014-07-09,2014-07-09,3475,111219671.0
scats,362,69877,2014-12-28,2014-12-28,3528,80231334.0
scats,345,69872,2014-12-11,2014-12-11,3530,127930609.0
scats,274,69870,2014-10-01,2014-10-01,3512,116502267.0
scats,300,69866,2014-10-27,2014-10-27,3514,112548214.0
scats,351,69863,2014-12-17,2014-12-17,3533,127608835.0
scats,350,69863,2014-12-16,2014-12-16,3533,123517008.0
scats,349,69860,2014-12-15,2014-12-15,3531,120428049.0
scats,1657,69860,2018-07-16,2018-07-16,3921,119852127.0
scats,346,69860,2014-12-12,2014-12-12,3531,132051790.0
scats,357,69858,2014-12-23,2014-12-23,3533,122017471.0
scats,302,69855,2014-10-29,2014-10-29,3515,121162967.0
scats,352,69855,2014-12-18,2014-12-18,3533,128431894.0
scats,356,69848,2014-12-22,2014-12-22,3532,120694137.0
scats,306,69847,2014-11-02,2014-11-02,3520,84088207.0
scats,347,69845,2014-12-13,2014-12-13,3529,112782032.0
scats,353,69844,2014-12-19,2014-12-19,3532,131398953.0
scats,1655,69837,2018-07-14,2018-07-14,3919,111721920.0
scats,1656,69837,2018-07-15,2018-07-15,3919,95621714.0
scats,1654,69837,2018-07-13,2018-07-13,3919,129181396.0
scats,369,69813,2015-01-04,2015-01-04,3529,78638573.0
scats,238,69811,2014-08-26,2014-08-26,3489,115759215.0
scats,303,69809,2014-10-30,2014-10-30,3515,124481254.0
scats,363,69807,2014-12-29,2014-12-29,3525,88793226.0
scats,364,69806,2014-12-30,2014-12-30,3525,92585983.0
scats,367,69791,2015-01-02,2015-01-02,3527,88004964.0
scats,313,69786,2014-11-09,2014-11-09,3515,91602812.0
scats,309,69784,2014-11-05,2014-11-05,3513,119385898.0
scats,358,69782,2014-12-24,2014-12-24,3526,112503656.0
scats,371,69782,2015-01-06,2015-01-06,3528,101373717.0
scats,341,69778,2014-12-07,2014-12-07,3519,93606883.0
scats,314,69772,2014-11-10,2014-11-10,3515,117259896.0
scats,344,69770,2014-12-10,2014-12-10,3519,125866607.0
scats,307,69768,2014-11-03,2014-11-03,3515,104906878.0
scats,360,69763,2014-12-26,2014-12-26,3526,81177316.0
scats,372,69762,2015-01-07,2015-01-07,3525,100277247.0
scats,312,69757,2014-11-08,2014-11-08,3512,106115078.0
scats,1653,69756,2018-07-12,2018-07-12,3911,125021102.0
scats,398,69755,2015-02-02,2015-02-02,3539,116438839.0
scats,365,69755,2014-12-31,2014-12-31,3524,92474097.0
scats,308,69753,2014-11-04,2014-11-04,3514,79203179.0
scats,305,69753,2014-11-01,2014-11-01,3514,98210148.0
scats,361,69752,2014-12-27,2014-12-27,3523,86260079.0
scats,359,69748,2014-12-25,2014-12-25,3523,72594446.0
scats,334,69746,2014-11-30,2014-11-30,3518,94300873.0
scats,311,69743,2014-11-07,2014-11-07,3513,127912268.0
scats,323,69741,2014-11-19,2014-11-19,3513,125316755.0
scats,327,69741,2014-11-23,2014-11-23,3514,95015135.0
scats,374,69740,2015-01-09,2015-01-09,3525,107648032.0
scats,304,69739,2014-10-31,2014-10-31,3514,127992857.0
scats,310,69738,2014-11-06,2014-11-06,3512,122752079.0
scats,336,69735,2014-12-02,2014-12-02,3517,122465549.0
scats,1652,69735,2018-07-11,2018-07-11,3905,122489061.0
scats,343,69734,2014-12-09,2014-12-09,3519,122966326.0
scats,329,69734,2014-11-25,2014-11-25,3515,121824509.0
scats,366,69732,2015-01-01,2015-01-01,3524,69823222.0
scats,339,69730,2014-12-05,2014-12-05,3517,131462319.0
scats,328,69730,2014-11-24,2014-11-24,3515,115571153.0
scats,340,69729,2014-12-06,2014-12-06,3517,111230047.0
scats,322,69722,2014-11-18,2014-11-18,3514,122254442.0
scats,324,69722,2014-11-20,2014-11-20,3515,126193553.0
scats,321,69720,2014-11-17,2014-11-17,3513,117821711.0
scats,325,69720,2014-11-21,2014-11-21,3513,130958343.0
scats,1626,69720,2018-06-15,2018-06-15,3899,131838850.0
scats,1651,69720,2018-07-10,2018-07-10,3905,120373585.0
scats,335,69717,2014-12-01,2014-12-01,3515,117935812.0
scats,1644,69717,2018-07-03,2018-07-03,3901,118839381.0
scats,1643,69717,2018-07-02,2018-07-02,3901,115243984.0
scats,338,69716,2014-12-04,2014-12-04,3518,127491269.0
scats,326,69714,2014-11-22,2014-11-22,3513,111366799.0
scats,333,69714,2014-11-29,2014-11-29,3513,111601562.0
scats,1650,69713,2018-07-09,2018-07-09,3903,114422406.0
scats,331,69713,2014-11-27,2014-11-27,3516,127440761.0
scats,318,69710,2014-11-14,2014-11-14,3512,129270133.0
scats,1649,69709,2018-07-08,2018-07-08,3902,89431995.0
scats,1647,69709,2018-07-06,2018-07-06,3902,126333205.0
scats,1646,69709,2018-07-05,2018-07-05,3902,123050955.0
scats,1648,69709,2018-07-07,2018-07-07,3902,104175787.0
scats,319,69707,2014-11-15,2014-11-15,3512,110222541.0
scats,332,69706,2014-11-28,2014-11-28,3514,131469532.0
scats,1645,69704,2018-07-04,2018-07-04,3900,120931298.0
scats,1629,69703,2018-06-18,2018-06-18,3899,120764580.0
scats,1627,69703,2018-06-16,2018-06-16,3899,112691006.0
scats,1628,69703,2018-06-17,2018-06-17,3899,88598630.0
scats,1630,69703,2018-06-19,2018-06-19,3899,124999084.0
scats,1631,69703,2018-06-20,2018-06-20,3899,127270669.0
scats,393,69700,2015-01-28,2015-01-28,3535,118921529.0
scats,1637,69699,2018-06-26,2018-06-26,3899,122783334.0
scats,1641,69699,2018-06-30,2018-06-30,3899,109147838.0
scats,1636,69699,2018-06-25,2018-06-25,3899,118106176.0
scats,400,69699,2015-02-04,2015-02-04,3539,121959521.0
scats,401,69699,2015-02-05,2015-02-05,3539,124543825.0
scats,405,69699,2015-02-09,2015-02-09,3539,116227294.0
scats,1642,69699,2018-07-01,2018-07-01,3899,93669551.0
scats,1639,69699,2018-06-28,2018-06-28,3899,127657496.0
scats,376,69699,2015-01-11,2015-01-11,3521,84115976.0
scats,1638,69699,2018-06-27,2018-06-27,3899,125608073.0
scats,1640,69699,2018-06-29,2018-06-29,3899,130899813.0
scats,1635,69698,2018-06-24,2018-06-24,3899,94752621.0
scats,407,69698,2015-02-11,2015-02-11,3539,122398913.0
scats,1633,69698,2018-06-22,2018-06-22,3899,133046846.0
scats,1632,69698,2018-06-21,2018-06-21,3899,129597591.0
scats,1634,69698,2018-06-23,2018-06-23,3899,112147472.0
scats,402,69697,2015-02-06,2015-02-06,3538,128037445.0
scats,1625,69696,2018-06-14,2018-06-14,3898,130014599.0
scats,414,69693,2015-02-18,2015-02-18,3539,123332754.0
scats,375,69693,2015-01-10,2015-01-10,3524,92409031.0
scats,330,69693,2014-11-26,2014-11-26,3515,124089334.0
scats,1623,69692,2018-06-12,2018-06-12,3897,122569765.0
scats,523,69691,2015-06-07,2015-06-07,3603,85619149.0
scats,415,69691,2015-02-19,2015-02-19,3540,122911769.0
scats,317,69689,2014-11-13,2014-11-13,3511,126158251.0
scats,396,69686,2015-01-31,2015-01-31,3532,105927459.0
scats,467,69686,2015-04-12,2015-04-12,3578,91504416.0
scats,508,69684,2015-05-23,2015-05-23,3594,108637826.0
scats,395,69683,2015-01-30,2015-01-30,3534,126190932.0
scats,320,69683,2014-11-16,2014-11-16,3515,90624817.0
scats,1617,69682,2018-06-06,2018-06-06,3896,128587026.0
scats,1618,69682,2018-06-07,2018-06-07,3896,130078400.0
scats,1622,69682,2018-06-11,2018-06-11,3896,84488596.0
scats,1616,69682,2018-06-05,2018-06-05,3896,125399516.0
scats,1620,69682,2018-06-09,2018-06-09,3896,105559043.0
scats,1621,69682,2018-06-10,2018-06-10,3896,92600709.0
scats,403,69682,2015-02-07,2015-02-07,3536,107393840.0
scats,1619,69682,2018-06-08,2018-06-08,3896,131020320.0
scats,413,69681,2015-02-17,2015-02-17,3539,121151683.0
scats,408,69680,2015-02-12,2015-02-12,3538,125670108.0
scats,315,69680,2014-11-11,2014-11-11,3507,121204354.0
scats,515,69679,2015-05-30,2015-05-30,3594,108731540.0
scats,1615,69678,2018-06-04,2018-06-04,3895,121731971.0
scats,406,69674,2015-02-10,2015-02-10,3538,121349735.0
scats,1624,69672,2018-06-13,2018-06-13,3897,120278279.0
scats,1612,69672,2018-06-01,2018-06-01,3894,133332358.0
scats,1611,69672,2018-05-31,2018-05-31,3894,129914079.0
scats,419,69670,2015-02-23,2015-02-23,3538,115313113.0
scats,377,69669,2015-01-12,2015-01-12,3522,107277853.0
scats,1608,69667,2018-05-28,2018-05-28,3893,119937623.0
scats,1609,69667,2018-05-29,2018-05-29,3893,124699701.0
scats,1606,69667,2018-05-26,2018-05-26,3893,115648132.0
scats,1607,69667,2018-05-27,2018-05-27,3893,96817870.0
scats,1603,69667,2018-05-23,2018-05-23,3893,127050623.0
scats,1605,69667,2018-05-25,2018-05-25,3893,133874843.0
scats,1610,69667,2018-05-30,2018-05-30,3893,127619502.0
scats,1604,69667,2018-05-24,2018-05-24,3893,130182288.0
scats,420,69665,2015-02-24,2015-02-24,3539,120812652.0
scats,1601,69664,2018-05-21,2018-05-21,3892,114180382.0
scats,1602,69664,2018-05-22,2018-05-22,3892,125085272.0
scats,460,69663,2015-04-05,2015-04-05,3570,79181959.0
scats,1614,69662,2018-06-03,2018-06-03,3894,95234895.0
scats,1613,69662,2018-06-02,2018-06-02,3894,113942012.0
scats,316,69659,2014-11-12,2014-11-12,3509,124118337.0
scats,379,69657,2015-01-14,2015-01-14,3521,111521195.0
scats,488,69652,2015-05-03,2015-05-03,3584,92150480.0
scats,481,69651,2015-04-26,2015-04-26,3584,89736361.0
scats,509,69649,2015-05-24,2015-05-24,3591,90799931.0
scats,378,69649,2015-01-13,2015-01-13,3521,107860360.0
scats,516,69646,2015-05-31,2015-05-31,3592,88753828.0
scats,342,69646,2014-12-08,2014-12-08,3511,118894024.0
scats,1598,69640,2018-05-18,2018-05-18,3891,133548095.0
scats,1600,69640,2018-05-20,2018-05-20,3891,94009204.0
scats,1599,69640,2018-05-19,2018-05-19,3891,114145463.0
scats,384,69637,2015-01-19,2015-01-19,3521,106057606.0
scats,530,69630,2015-06-14,2015-06-14,3601,90422960.0
scats,370,69626,2015-01-05,2015-01-05,3514,98490445.0
scats,368,69626,2015-01-03,2015-01-03,3514,75563421.0
scats,422,69623,2015-02-26,2015-02-26,3535,125280846.0
scats,381,69620,2015-01-16,2015-01-16,3520,117871723.0
scats,337,69620,2014-12-03,2014-12-03,3510,124698251.0
scats,355,69618,2014-12-21,2014-12-21,3513,95463644.0
scats,354,69618,2014-12-20,2014-12-20,3513,110157912.0
scats,1597,69616,2018-05-17,2018-05-17,3890,130224364.0
scats,474,69612,2015-04-19,2015-04-19,3576,88877854.0
scats,1577,69608,2018-04-27,2018-04-27,3888,135873187.0
scats,1528,69605,2018-03-09,2018-03-09,3881,138554037.0
scats,1527,69605,2018-03-08,2018-03-08,3881,135526520.0
scats,1531,69605,2018-03-12,2018-03-12,3881,90484594.0
scats,1529,69605,2018-03-10,2018-03-10,3881,111277103.0
scats,1530,69605,2018-03-11,2018-03-11,3881,96246845.0
scats,1532,69605,2018-03-13,2018-03-13,3881,128993966.0
scats,537,69604,2015-06-21,2015-06-21,3605,90776973.0
scats,385,69600,2015-01-20,2015-01-20,3518,114688599.0
scats,1584,69599,2018-05-04,2018-05-04,3889,131366540.0
scats,1586,69599,2018-05-06,2018-05-06,3889,98712036.0
scats,1590,69599,2018-05-10,2018-05-10,3889,129499099.0
scats,1589,69599,2018-05-09,2018-05-09,3889,129132207.0
scats,1583,69599,2018-05-03,2018-05-03,3889,131632691.0
scats,1587,69599,2018-05-07,2018-05-07,3889,122991872.0
scats,1588,69599,2018-05-08,2018-05-08,3889,127479563.0
scats,1576,69599,2018-04-26,2018-04-26,3886,132493838.0
scats,1585,69599,2018-05-05,2018-05-05,3889,115337584.0
scats,1580,69596,2018-04-30,2018-04-30,3888,124329764.0
scats,1579,69596,2018-04-29,2018-04-29,3888,97778105.0
scats,1578,69596,2018-04-28,2018-04-28,3888,116242296.0
scats,1574,69592,2018-04-24,2018-04-24,3885,133577028.0
scats,1569,69592,2018-04-19,2018-04-19,3885,133255100.0
scats,1568,69592,2018-04-18,2018-04-18,3885,131330467.0
scats,1571,69592,2018-04-21,2018-04-21,3885,117827472.0
scats,1572,69592,2018-04-22,2018-04-22,3885,99965954.0
scats,1596,69592,2018-05-16,2018-05-16,3889,128802078.0
scats,1573,69592,2018-04-23,2018-04-23,3885,125115024.0
scats,1575,69592,2018-04-25,2018-04-25,3885,88125103.0
scats,1570,69592,2018-04-20,2018-04-20,3885,136870629.0
scats,1567,69588,2018-04-17,2018-04-17,3885,128313543.0
scats,386,69586,2015-01-21,2015-01-21,3518,117425617.0
scats,388,69584,2015-01-23,2015-01-23,3517,121762910.0
scats,387,69583,2015-01-22,2015-01-22,3515,119391848.0
scats,1595,69582,2018-05-15,2018-05-15,3889,126401267.0
scats,1591,69582,2018-05-11,2018-05-11,3889,130200320.0
scats,1593,69582,2018-05-13,2018-05-13,3889,101005289.0
scats,1592,69582,2018-05-12,2018-05-12,3889,117213877.0
scats,1594,69582,2018-05-14,2018-05-14,3889,122315035.0
scats,1524,69581,2018-03-05,2018-03-05,3880,127261009.0
scats,1525,69581,2018-03-06,2018-03-06,3880,130913170.0
scats,1526,69581,2018-03-07,2018-03-07,3880,133138277.0
scats,380,69579,2015-01-15,2015-01-15,3514,114595713.0
scats,1566,69577,2018-04-16,2018-04-16,3884,122744378.0
scats,1555,69577,2018-04-05,2018-04-05,3883,127698767.0
scats,1556,69577,2018-04-06,2018-04-06,3883,130311283.0
scats,1581,69576,2018-05-01,2018-05-01,3888,128158541.0
scats,1582,69575,2018-05-02,2018-05-02,3888,129795318.0
scats,431,69574,2015-03-07,2015-03-07,3543,102480328.0
scats,1549,69565,2018-03-30,2018-03-30,3882,80742883.0
scats,1548,69565,2018-03-29,2018-03-29,3882,140808201.0
scats,1550,69565,2018-03-31,2018-03-31,3882,96680080.0
scats,1551,69565,2018-04-01,2018-04-01,3882,84688719.0
scats,1553,69565,2018-04-03,2018-04-03,3882,118959098.0
scats,1554,69565,2018-04-04,2018-04-04,3882,124116553.0
scats,1552,69565,2018-04-02,2018-04-02,3882,83873295.0
scats,1533,69561,2018-03-14,2018-03-14,3881,132350269.0
scats,383,69559,2015-01-18,2015-01-18,3514,88040671.0
scats,382,69559,2015-01-17,2015-01-17,3514,101921134.0
scats,1563,69558,2018-04-13,2018-04-13,3883,133162414.0
scats,392,69558,2015-01-27,2015-01-27,3516,114718826.0
scats,1564,69558,2018-04-14,2018-04-14,3883,108600432.0
scats,1522,69557,2018-03-03,2018-03-03,3879,119244549.0
scats,1520,69557,2018-03-01,2018-03-01,3879,134599564.0
scats,1523,69557,2018-03-04,2018-03-04,3879,100566999.0
scats,1521,69557,2018-03-02,2018-03-02,3879,138770974.0
scats,1565,69555,2018-04-15,2018-04-15,3883,93566083.0
scats,1519,69551,2018-02-28,2018-02-28,3879,132776237.0
scats,1518,69551,2018-02-27,2018-02-27,3879,131204566.0
scats,1535,69550,2018-03-16,2018-03-16,3882,138382717.0
scats,1538,69550,2018-03-19,2018-03-19,3882,126744690.0
scats,1536,69550,2018-03-17,2018-03-17,3882,117585451.0
scats,1539,69550,2018-03-20,2018-03-20,3882,130354499.0
scats,1537,69550,2018-03-18,2018-03-18,3882,98944055.0
scats,1542,69549,2018-03-23,2018-03-23,3882,138891120.0
scats,1544,69549,2018-03-25,2018-03-25,3882,98401561.0
scats,1543,69549,2018-03-24,2018-03-24,3882,115427371.0
scats,1545,69549,2018-03-26,2018-03-26,3882,125992661.0
scats,1547,69549,2018-03-28,2018-03-28,3882,135103625.0
scats,1546,69549,2018-03-27,2018-03-27,3882,131173283.0
scats,423,69549,2015-02-27,2015-02-27,3528,129835039.0
scats,1534,69547,2018-03-15,2018-03-15,3881,134725910.0
scats,1503,69547,2018-02-12,2018-02-12,3875,126391996.0
scats,544,69546,2015-06-28,2015-06-28,3605,88652006.0
scats,390,69544,2015-01-25,2015-01-25,3516,86488101.0
scats,1559,69542,2018-04-09,2018-04-09,3882,121356090.0
scats,1560,69542,2018-04-10,2018-04-10,3882,125772039.0
scats,1558,69542,2018-04-08,2018-04-08,3882,96741604.0
scats,1557,69542,2018-04-07,2018-04-07,3882,112424764.0
scats,1541,69540,2018-03-22,2018-03-22,3881,135318779.0
scats,1540,69540,2018-03-21,2018-03-21,3881,132964664.0
scats,427,69534,2015-03-03,2015-03-03,3530,130209579.0
scats,1562,69534,2018-04-12,2018-04-12,3882,130338696.0
scats,391,69531,2015-01-26,2015-01-26,3516,79156318.0
scats,1517,69529,2018-02-26,2018-02-26,3879,126468975.0
scats,1507,69527,2018-02-16,2018-02-16,3878,138309647.0
scats,1509,69527,2018-02-18,2018-02-18,3878,100845131.0
scats,1512,69527,2018-02-21,2018-02-21,3878,132517380.0
scats,1514,69527,2018-02-23,2018-02-23,3878,138573657.0
scats,1511,69527,2018-02-20,2018-02-20,3878,130902692.0
scats,426,69527,2015-03-02,2015-03-02,3530,108862708.0
scats,1513,69527,2018-02-22,2018-02-22,3878,134924009.0
scats,1516,69527,2018-02-25,2018-02-25,3878,100502962.0
scats,1515,69527,2018-02-24,2018-02-24,3878,117161797.0
scats,1510,69527,2018-02-19,2018-02-19,3878,126610102.0
scats,1508,69527,2018-02-17,2018-02-17,3878,117675504.0
scats,1561,69526,2018-04-11,2018-04-11,3882,127856347.0
scats,389,69524,2015-01-24,2015-01-24,3514,99194553.0
scats,1504,69507,2018-02-13,2018-02-13,3875,131778908.0
scats,428,69504,2015-03-04,2015-03-04,3529,124410143.0
scats,1505,69503,2018-02-14,2018-02-14,3877,134525997.0
scats,1506,69503,2018-02-15,2018-02-15,3877,135257599.0
scats,425,69499,2015-03-01,2015-03-01,3528,93988540.0
scats,1500,69492,2018-02-09,2018-02-09,3872,138206921.0
scats,433,69492,2015-03-09,2015-03-09,3535,83706800.0
scats,1499,69492,2018-02-08,2018-02-08,3872,134737051.0
scats,1502,69492,2018-02-11,2018-02-11,3872,99063109.0
scats,1501,69492,2018-02-10,2018-02-10,3872,116564684.0
scats,1498,69492,2018-02-07,2018-02-07,3872,132007280.0
scats,1497,69472,2018-02-06,2018-02-06,3872,130450785.0
scats,399,69471,2015-02-03,2015-02-03,3519,119872353.0
scats,1496,69461,2018-02-05,2018-02-05,3872,126113732.0
scats,397,69460,2015-02-01,2015-02-01,3515,87728129.0
scats,1492,69459,2018-02-01,2018-02-01,3871,132863056.0
scats,1495,69458,2018-02-04,2018-02-04,3871,99557128.0
scats,1494,69458,2018-02-03,2018-02-03,3871,116391146.0
scats,1493,69458,2018-02-02,2018-02-02,3871,137013533.0
scats,394,69457,2015-01-29,2015-01-29,3515,121608947.0
scats,424,69450,2015-02-28,2015-02-28,3524,109456403.0
scats,410,69448,2015-02-14,2015-02-14,3517,107566809.0
scats,409,69448,2015-02-13,2015-02-13,3517,126850457.0
scats,411,69448,2015-02-15,2015-02-15,3517,92991459.0
scats,1490,69441,2018-01-30,2018-01-30,3871,127477595.0
scats,1491,69441,2018-01-31,2018-01-31,3871,130396816.0
scats,440,69440,2015-03-16,2015-03-16,3534,118708420.0
scats,436,69434,2015-03-12,2015-03-12,3530,126273436.0
scats,435,69429,2015-03-11,2015-03-11,3530,124295742.0
scats,429,69428,2015-03-05,2015-03-05,3528,126448723.0
scats,1486,69424,2018-01-26,2018-01-26,3870,91258310.0
scats,1488,69424,2018-01-28,2018-01-28,3870,88352603.0
scats,1487,69424,2018-01-27,2018-01-27,3870,97209396.0
scats,1485,69424,2018-01-25,2018-01-25,3870,135013489.0
scats,1489,69424,2018-01-29,2018-01-29,3870,119992618.0
scats,421,69417,2015-02-25,2015-02-25,3518,123352663.0
scats,438,69416,2015-03-14,2015-03-14,3528,110565311.0
scats,441,69413,2015-03-17,2015-03-17,3532,121569157.0
scats,442,69408,2015-03-18,2015-03-18,3532,124437526.0
scats,628,69404,2015-09-20,2015-09-20,3623,92285556.0
scats,434,69404,2015-03-10,2015-03-10,3530,120767898.0
scats,437,69403,2015-03-13,2015-03-13,3529,129762991.0
scats,439,69402,2015-03-15,2015-03-15,3529,93141089.0
scats,1483,69400,2018-01-23,2018-01-23,3869,126057171.0
scats,1484,69400,2018-01-24,2018-01-24,3869,129870741.0
scats,456,69399,2015-04-01,2015-04-01,3546,122526668.0
scats,455,69392,2015-03-31,2015-03-31,3545,120553790.0
scats,1475,69380,2018-01-15,2018-01-15,3867,117314018.0
scats,1477,69377,2018-01-17,2018-01-17,3868,124948523.0
scats,463,69372,2015-04-08,2015-04-08,3549,115748513.0
scats,1474,69371,2018-01-14,2018-01-14,3868,92758842.0
scats,1472,69369,2018-01-12,2018-01-12,3867,121020372.0
scats,1473,69369,2018-01-13,2018-01-13,3867,103364430.0
scats,1476,69369,2018-01-16,2018-01-16,3867,122178643.0
scats,1481,69364,2018-01-21,2018-01-21,3869,96459541.0
scats,1482,69362,2018-01-22,2018-01-22,3868,122641572.0
scats,1479,69362,2018-01-19,2018-01-19,3868,124607471.0
scats,1480,69362,2018-01-20,2018-01-20,3868,110967136.0
scats,1478,69362,2018-01-18,2018-01-18,3868,124195332.0
scats,525,69359,2015-06-09,2015-06-09,3578,115265002.0
scats,432,69352,2015-03-08,2015-03-08,3524,88379032.0
scats,457,69352,2015-04-02,2015-04-02,3546,128081927.0
scats,524,69347,2015-06-08,2015-06-08,3576,78002367.0
scats,522,69344,2015-06-06,2015-06-06,3575,99282755.0
scats,464,69343,2015-04-09,2015-04-09,3549,119661982.0
scats,527,69342,2015-06-11,2015-06-11,3576,121784799.0
scats,443,69338,2015-03-19,2015-03-19,3530,125149095.0
scats,520,69338,2015-06-04,2015-06-04,3573,120227254.0
scats,458,69336,2015-04-03,2015-04-03,3545,74311088.0
scats,461,69336,2015-04-06,2015-04-06,3545,78565372.0
scats,465,69335,2015-04-10,2015-04-10,3548,123243082.0
scats,468,69335,2015-04-13,2015-04-13,3548,115878014.0
scats,462,69335,2015-04-07,2015-04-07,3545,109741411.0
scats,1453,69334,2017-12-24,2017-12-24,3866,96693566.0
scats,1460,69334,2017-12-31,2017-12-31,3866,83532920.0
scats,1467,69334,2018-01-07,2018-01-07,3866,88503601.0
scats,1459,69332,2017-12-30,2017-12-30,3865,91558681.0
scats,1461,69332,2018-01-01,2018-01-01,3865,76142988.0
scats,526,69332,2015-06-10,2015-06-10,3577,118658976.0
scats,1455,69332,2017-12-26,2017-12-26,3865,86124497.0
scats,1469,69332,2018-01-09,2018-01-09,3865,114712795.0
scats,1471,69332,2018-01-11,2018-01-11,3865,119767849.0
scats,1470,69332,2018-01-10,2018-01-10,3865,117947566.0
scats,1468,69332,2018-01-08,2018-01-08,3865,110257962.0
scats,1458,69332,2017-12-29,2017-12-29,3865,102712584.0
scats,1456,69332,2017-12-27,2017-12-27,3865,100298935.0
scats,1451,69332,2017-12-22,2017-12-22,3865,136335702.0
scats,1452,69332,2017-12-23,2017-12-23,3865,112195644.0
scats,1466,69332,2018-01-06,2018-01-06,3865,87916690.0
scats,1462,69332,2018-01-02,2018-01-02,3865,99960911.0
scats,1457,69332,2017-12-28,2017-12-28,3865,101243708.0
scats,1454,69332,2017-12-25,2017-12-25,3865,75734565.0
scats,1465,69332,2018-01-05,2018-01-05,3865,112327492.0
scats,1463,69332,2018-01-03,2018-01-03,3865,105300975.0
scats,1464,69332,2018-01-04,2018-01-04,3865,108453302.0
scats,1449,69332,2017-12-20,2017-12-20,3865,137643164.0
scats,1450,69332,2017-12-21,2017-12-21,3865,139396593.0
scats,445,69329,2015-03-21,2015-03-21,3535,111901689.0
scats,528,69326,2015-06-12,2015-06-12,3576,125416951.0
scats,635,69324,2015-09-27,2015-09-27,3615,91803735.0
scats,469,69322,2015-04-14,2015-04-14,3549,120099045.0
scats,412,69320,2015-02-16,2015-02-16,3511,99466833.0
scats,466,69320,2015-04-11,2015-04-11,3546,106660616.0
scats,532,69312,2015-06-16,2015-06-16,3578,116921872.0
scats,533,69312,2015-06-17,2015-06-17,3578,119532434.0
scats,531,69310,2015-06-15,2015-06-15,3575,113714974.0
scats,1444,69302,2017-12-15,2017-12-15,3863,143180251.0
scats,535,69302,2015-06-19,2015-06-19,3580,125543581.0
scats,534,69302,2015-06-18,2015-06-18,3580,121919938.0
scats,551,69297,2015-07-05,2015-07-05,3589,85739304.0
scats,1447,69296,2017-12-18,2017-12-18,3863,131336335.0
scats,1448,69296,2017-12-19,2017-12-19,3863,133249649.0
scats,518,69294,2015-06-02,2015-06-02,3564,116312891.0
scats,512,69293,2015-05-27,2015-05-27,3564,120313801.0
scats,517,69292,2015-06-01,2015-06-01,3563,113139245.0
scats,479,69290,2015-04-24,2015-04-24,3552,127903362.0
scats,444,69289,2015-03-20,2015-03-20,3528,129932676.0
scats,510,69282,2015-05-25,2015-05-25,3562,113627545.0
scats,540,69280,2015-06-24,2015-06-24,3584,119047074.0
scats,1446,69280,2017-12-17,2017-12-17,3863,105965612.0
scats,446,69278,2015-03-22,2015-03-22,3532,97403802.0
scats,1445,69278,2017-12-16,2017-12-16,3862,123305629.0
scats,477,69274,2015-04-22,2015-04-22,3551,121285012.0
scats,1439,69274,2017-12-10,2017-12-10,3864,106500591.0
scats,478,69274,2015-04-23,2015-04-23,3551,124210513.0
scats,471,69272,2015-04-16,2015-04-16,3549,124450589.0
scats,506,69270,2015-05-21,2015-05-21,3559,122111498.0
scats,449,69270,2015-03-25,2015-03-25,3529,124373239.0
scats,484,69269,2015-04-29,2015-04-29,3553,121716465.0
scats,511,69267,2015-05-26,2015-05-26,3562,117849544.0
scats,472,69266,2015-04-17,2015-04-17,3548,126336901.0
scats,492,69264,2015-05-07,2015-05-07,3555,122743067.0
scats,486,69264,2015-05-01,2015-05-01,3553,127293169.0
scats,485,69264,2015-04-30,2015-04-30,3553,124153532.0
scats,536,69263,2015-06-20,2015-06-20,3579,107499324.0
scats,541,69261,2015-06-25,2015-06-25,3584,121499400.0
scats,490,69260,2015-05-05,2015-05-05,3554,117507965.0
scats,476,69260,2015-04-21,2015-04-21,3550,119547066.0
scats,452,69260,2015-03-28,2015-03-28,3531,109472073.0
scats,542,69259,2015-06-26,2015-06-26,3583,124406700.0
scats,475,69258,2015-04-20,2015-04-20,3549,115573339.0
scats,489,69258,2015-05-04,2015-05-04,3553,115233166.0
scats,447,69256,2015-03-23,2015-03-23,3529,116618325.0
scats,480,69255,2015-04-25,2015-04-25,3550,93211141.0
scats,539,69255,2015-06-23,2015-06-23,3582,115565359.0
scats,1443,69254,2017-12-14,2017-12-14,3859,139715204.0
scats,482,69253,2015-04-27,2015-04-27,3552,113913517.0
scats,558,69248,2015-07-12,2015-07-12,3589,80121052.0
scats,483,69247,2015-04-28,2015-04-28,3553,119147678.0
scats,1432,69243,2017-12-03,2017-12-03,3863,95512254.0
scats,487,69243,2015-05-02,2015-05-02,3551,108652096.0
scats,543,69242,2015-06-27,2015-06-27,3582,104551043.0
scats,451,69241,2015-03-27,2015-03-27,3529,128400739.0
scats,1442,69238,2017-12-13,2017-12-13,3859,135304658.0
scats,454,69236,2015-03-30,2015-03-30,3529,115965941.0
scats,473,69230,2015-04-18,2015-04-18,3545,109508654.0
scats,448,69230,2015-03-24,2015-03-24,3525,110448850.0
scats,495,69227,2015-05-10,2015-05-10,3553,92288747.0
scats,450,69226,2015-03-26,2015-03-26,3529,124980874.0
scats,670,69225,2015-11-01,2015-11-01,3632,86775911.0
scats,632,69224,2015-09-24,2015-09-24,3611,120930314.0
scats,626,69224,2015-09-18,2015-09-18,3611,126219194.0
scats,630,69224,2015-09-22,2015-09-22,3611,115617108.0
scats,625,69224,2015-09-17,2015-09-17,3611,122830432.0
scats,627,69223,2015-09-19,2015-09-19,3611,106579387.0
scats,631,69222,2015-09-23,2015-09-23,3610,118140037.0
scats,642,69218,2015-10-04,2015-10-04,3607,87764121.0
scats,637,69218,2015-09-29,2015-09-29,3609,117365963.0
scats,639,69214,2015-10-01,2015-10-01,3608,127090983.0
scats,1441,69214,2017-12-12,2017-12-12,3858,135052695.0
scats,644,69213,2015-10-06,2015-10-06,3609,119454155.0
scats,641,69207,2015-10-03,2015-10-03,3608,90825945.0
scats,647,69206,2015-10-09,2015-10-09,3608,129539567.0
scats,652,69205,2015-10-14,2015-10-14,3607,124496653.0
scats,498,69204,2015-05-13,2015-05-13,3550,118091435.0
scats,499,69204,2015-05-14,2015-05-14,3549,121918951.0
scats,453,69203,2015-03-29,2015-03-29,3530,93217067.0
scats,624,69200,2015-09-16,2015-09-16,3610,120906624.0
scats,497,69200,2015-05-12,2015-05-12,3550,118073090.0
scats,629,69200,2015-09-21,2015-09-21,3610,111722083.0
scats,634,69199,2015-09-26,2015-09-26,3610,105197797.0
scats,633,69196,2015-09-25,2015-09-25,3609,123959480.0
scats,501,69196,2015-05-16,2015-05-16,3548,108518063.0
scats,546,69193,2015-06-30,2015-06-30,3581,113959943.0
scats,636,69193,2015-09-28,2015-09-28,3609,112943592.0
scats,545,69193,2015-06-29,2015-06-29,3580,108805724.0
scats,500,69190,2015-05-15,2015-05-15,3549,125695443.0
scats,650,69188,2015-10-12,2015-10-12,3608,117118930.0
scats,651,69187,2015-10-13,2015-10-13,3608,121915075.0
scats,552,69186,2015-07-06,2015-07-06,3582,106434990.0
scats,554,69181,2015-07-08,2015-07-08,3581,115151462.0
scats,640,69181,2015-10-02,2015-10-02,3607,96726375.0
scats,547,69180,2015-07-01,2015-07-01,3580,114913171.0
scats,555,69178,2015-07-09,2015-07-09,3583,116577347.0
scats,502,69177,2015-05-17,2015-05-17,3549,92631956.0
scats,549,69173,2015-07-03,2015-07-03,3581,119209773.0
scats,553,69173,2015-07-07,2015-07-07,3582,112164104.0
scats,645,69173,2015-10-07,2015-10-07,3608,123577421.0
scats,653,69171,2015-10-15,2015-10-15,3608,126379388.0
scats,494,69170,2015-05-09,2015-05-09,3549,110596106.0
scats,643,69170,2015-10-05,2015-10-05,3608,116145957.0
scats,646,69167,2015-10-08,2015-10-08,3608,126282243.0
scats,649,69167,2015-10-11,2015-10-11,3608,92485386.0
scats,648,69164,2015-10-10,2015-10-10,3607,110253025.0
scats,505,69164,2015-05-20,2015-05-20,3548,120338287.0
scats,1437,69161,2017-12-08,2017-12-08,3857,141993451.0
scats,1438,69161,2017-12-09,2017-12-09,3857,122237066.0
scats,1440,69161,2017-12-11,2017-12-11,3857,130360478.0
scats,529,69160,2015-06-13,2015-06-13,3563,107657506.0
scats,548,69155,2015-07-02,2015-07-02,3580,115942980.0
scats,556,69147,2015-07-10,2015-07-10,3581,119856230.0
scats,504,69146,2015-05-19,2015-05-19,3545,117656623.0
scats,572,69145,2015-07-26,2015-07-26,3584,88702466.0
scats,1436,69143,2017-12-07,2017-12-07,3857,137639052.0
scats,1435,69142,2017-12-06,2017-12-06,3857,135892293.0
scats,1434,69142,2017-12-05,2017-12-05,3857,133071382.0
scats,654,69139,2015-10-16,2015-10-16,3605,129702051.0
scats,550,69138,2015-07-04,2015-07-04,3577,97668493.0
scats,887,69138,2016-06-05,2016-06-05,3747,90210480.0
scats,657,69137,2015-10-19,2015-10-19,3606,118313541.0
scats,607,69129,2015-08-30,2015-08-30,3596,90372483.0
scats,1433,69126,2017-12-04,2017-12-04,3856,127689842.0
scats,1430,69126,2017-12-01,2017-12-01,3856,131257862.0
scats,1431,69126,2017-12-02,2017-12-02,3856,106414397.0
scats,579,69125,2015-08-02,2015-08-02,3584,90191401.0
scats,503,69122,2015-05-18,2015-05-18,3547,114811170.0
scats,1411,69122,2017-11-12,2017-11-12,3854,101339082.0
scats,656,69121,2015-10-18,2015-10-18,3605,94621668.0
scats,698,69120,2015-11-29,2015-11-29,3642,95956314.0
scats,600,69117,2015-08-23,2015-08-23,3594,91368279.0
scats,621,69113,2015-09-13,2015-09-13,3601,92963279.0
scats,606,69112,2015-08-29,2015-08-29,3594,106738296.0
scats,538,69110,2015-06-22,2015-06-22,3566,105042876.0
scats,1425,69108,2017-11-26,2017-11-26,3854,100510324.0
scats,557,69108,2015-07-11,2015-07-11,3580,99114775.0
scats,559,69107,2015-07-13,2015-07-13,3581,110512816.0
scats,605,69106,2015-08-28,2015-08-28,3594,126269313.0
scats,622,69106,2015-09-14,2015-09-14,3600,113950760.0
scats,560,69106,2015-07-14,2015-07-14,3582,115490307.0
scats,459,69106,2015-04-04,2015-04-04,3526,89451996.0
scats,602,69105,2015-08-25,2015-08-25,3594,117942558.0
scats,590,69102,2015-08-13,2015-08-13,3588,122594815.0
scats,1429,69102,2017-11-30,2017-11-30,3855,136589286.0
scats,609,69101,2015-09-01,2015-09-01,3597,118771244.0
scats,612,69100,2015-09-04,2015-09-04,3597,127938111.0
scats,611,69099,2015-09-03,2015-09-03,3598,122837064.0
scats,613,69098,2015-09-05,2015-09-05,3597,109163379.0
scats,513,69097,2015-05-28,2015-05-28,3545,122404868.0
scats,589,69096,2015-08-12,2015-08-12,3588,120191350.0
scats,562,69096,2015-07-16,2015-07-16,3581,121464265.0
scats,618,69095,2015-09-10,2015-09-10,3599,122961570.0
scats,581,69093,2015-08-04,2015-08-04,3586,118136645.0
scats,603,69093,2015-08-26,2015-08-26,3595,120387991.0
scats,616,69091,2015-09-08,2015-09-08,3599,117876212.0
scats,614,69089,2015-09-06,2015-09-06,3597,91586887.0
scats,565,69089,2015-07-19,2015-07-19,3580,90553404.0
scats,623,69088,2015-09-15,2015-09-15,3601,118068913.0
scats,598,69086,2015-08-21,2015-08-21,3592,125743730.0
scats,608,69083,2015-08-31,2015-08-31,3595,113945505.0
scats,593,69083,2015-08-16,2015-08-16,3588,90769766.0
scats,580,69079,2015-08-03,2015-08-03,3584,112805898.0
scats,610,69078,2015-09-02,2015-09-02,3598,119814864.0
scats,563,69076,2015-07-17,2015-07-17,3578,124113331.0
scats,566,69074,2015-07-20,2015-07-20,3577,113158841.0
scats,604,69070,2015-08-27,2015-08-27,3595,120913257.0
scats,583,69069,2015-08-06,2015-08-06,3586,121406705.0
scats,582,69069,2015-08-05,2015-08-05,3586,119304174.0
scats,617,69069,2015-09-09,2015-09-09,3597,120109301.0
scats,677,69068,2015-11-08,2015-11-08,3631,93869375.0
scats,705,69067,2015-12-06,2015-12-06,3645,99900286.0
scats,588,69067,2015-08-11,2015-08-11,3586,118172920.0
scats,564,69067,2015-07-18,2015-07-18,3577,106595293.0
scats,595,69066,2015-08-18,2015-08-18,3590,117967748.0
scats,591,69065,2015-08-14,2015-08-14,3587,125673617.0
scats,1428,69064,2017-11-29,2017-11-29,3853,134342593.0
scats,594,69062,2015-08-17,2015-08-17,3586,112895230.0
scats,567,69061,2015-07-21,2015-07-21,3579,117443800.0
scats,561,69060,2015-07-15,2015-07-15,3577,118602775.0
scats,615,69060,2015-09-07,2015-09-07,3597,113683271.0
scats,658,69059,2015-10-20,2015-10-20,3604,121956327.0
scats,587,69059,2015-08-10,2015-08-10,3587,114005849.0
scats,568,69058,2015-07-22,2015-07-22,3578,119813401.0
scats,470,69058,2015-04-15,2015-04-15,3527,122036174.0
scats,655,69057,2015-10-17,2015-10-17,3599,111257903.0
scats,620,69056,2015-09-12,2015-09-12,3597,107363051.0
scats,601,69055,2015-08-24,2015-08-24,3590,114090486.0
scats,1418,69054,2017-11-19,2017-11-19,3852,104768960.0
scats,493,69053,2015-05-08,2015-05-08,3537,127473408.0
scats,496,69053,2015-05-11,2015-05-11,3537,113657228.0
scats,578,69052,2015-08-01,2015-08-01,3582,105419546.0
scats,569,69047,2015-07-23,2015-07-23,3578,122658103.0
scats,1390,69041,2017-10-22,2017-10-22,3851,96997921.0
scats,584,69040,2015-08-07,2015-08-07,3583,125381422.0
scats,599,69039,2015-08-22,2015-08-22,3590,107789304.0
scats,894,69038,2016-06-12,2016-06-12,3748,89555054.0
scats,574,69037,2015-07-28,2015-07-28,3580,118292523.0
scats,661,69036,2015-10-23,2015-10-23,3602,130493517.0
scats,660,69035,2015-10-22,2015-10-22,3605,126642038.0
scats,586,69033,2015-08-09,2015-08-09,3584,90561059.0
scats,659,69032,2015-10-21,2015-10-21,3602,122917412.0
scats,684,69030,2015-11-15,2015-11-15,3624,95827124.0
scats,575,69028,2015-07-29,2015-07-29,3580,120638164.0
scats,596,69028,2015-08-19,2015-08-19,3589,120293531.0
scats,1369,69027,2017-10-01,2017-10-01,3851,88896604.0
scats,491,69026,2015-05-06,2015-05-06,3533,120477179.0
scats,573,69025,2015-07-27,2015-07-27,3580,113909761.0
scats,597,69024,2015-08-20,2015-08-20,3587,122764100.0
scats,859,69021,2016-05-08,2016-05-08,3727,94817253.0
scats,585,69017,2015-08-08,2015-08-08,3583,106655032.0
scats,571,69017,2015-07-25,2015-07-25,3579,107427226.0
scats,1427,69016,2017-11-28,2017-11-28,3851,132511813.0
scats,1404,69003,2017-11-05,2017-11-05,3848,92689608.0
scats,1426,69000,2017-11-27,2017-11-27,3848,128075943.0
scats,592,68999,2015-08-15,2015-08-15,3581,106825926.0
scats,576,68998,2015-07-30,2015-07-30,3579,121594939.0
scats,866,68995,2016-05-15,2016-05-15,3728,94755021.0
scats,1383,68989,2017-10-15,2017-10-15,3848,100225038.0
scats,671,68985,2015-11-02,2015-11-02,3613,106196815.0
scats,901,68984,2016-06-19,2016-06-19,3746,92038626.0
scats,669,68982,2015-10-31,2015-10-31,3612,102936066.0
scats,1422,68976,2017-11-23,2017-11-23,3847,136513321.0
scats,1423,68976,2017-11-24,2017-11-24,3847,140449646.0
scats,1424,68976,2017-11-25,2017-11-25,3847,120075296.0
scats,719,68975,2015-12-20,2015-12-20,3646,92951088.0
scats,1397,68973,2017-10-29,2017-10-29,3848,100371445.0
scats,789,68973,2016-02-28,2016-02-28,3706,96791323.0
scats,712,68971,2015-12-13,2015-12-13,3641,99635365.0
scats,664,68966,2015-10-26,2015-10-26,3604,117919740.0
scats,673,68964,2015-11-04,2015-11-04,3615,121358416.0
scats,662,68959,2015-10-24,2015-10-24,3603,112051443.0
scats,782,68951,2016-02-21,2016-02-21,3686,96625274.0
scats,663,68945,2015-10-25,2015-10-25,3603,94234599.0
scats,674,68944,2015-11-05,2015-11-05,3615,122773947.0
scats,1421,68943,2017-11-22,2017-11-22,3843,135269870.0
scats,672,68943,2015-11-03,2015-11-03,3613,82373068.0
scats,691,68936,2015-11-22,2015-11-22,3625,96673055.0
scats,1420,68933,2017-11-21,2017-11-21,3842,132129798.0
scats,1376,68929,2017-10-08,2017-10-08,3844,94902338.0
scats,1362,68924,2017-09-24,2017-09-24,3844,94820125.0
scats,817,68922,2016-03-27,2016-03-27,3708,80683238.0
scats,810,68913,2016-03-20,2016-03-20,3706,97747642.0
scats,1342,68911,2017-09-04,2017-09-04,3840,118766252.0
scats,803,68910,2016-03-13,2016-03-13,3707,91868267.0
scats,1419,68909,2017-11-20,2017-11-20,3841,127849075.0
scats,1348,68909,2017-09-10,2017-09-10,3842,95940789.0
scats,667,68902,2015-10-29,2015-10-29,3604,128130261.0
scats,1417,68898,2017-11-18,2017-11-18,3839,119773248.0
scats,1355,68898,2017-09-17,2017-09-17,3840,97504658.0
scats,775,68894,2016-02-14,2016-02-14,3666,96332968.0
scats,1416,68885,2017-11-17,2017-11-17,3840,139433210.0
scats,665,68884,2015-10-27,2015-10-27,3602,122848994.0
scats,884,68882,2016-06-02,2016-06-02,3724,124743431.0
scats,666,68873,2015-10-28,2015-10-28,3602,124808929.0
scats,668,68871,2015-10-30,2015-10-30,3601,131058208.0
scats,1414,68869,2017-11-15,2017-11-15,3838,132844420.0
scats,681,68864,2015-11-12,2015-11-12,3618,128248911.0
scats,1334,68863,2017-08-27,2017-08-27,3838,94295716.0
scats,1306,68861,2017-07-30,2017-07-30,3833,96153859.0
scats,1413,68861,2017-11-14,2017-11-14,3837,131598367.0
scats,676,68856,2015-11-07,2015-11-07,3615,109133783.0
scats,796,68856,2016-03-06,2016-03-06,3704,96139913.0
scats,679,68852,2015-11-10,2015-11-10,3616,122659635.0
scats,883,68852,2016-06-01,2016-06-01,3720,123698795.0
scats,687,68851,2015-11-18,2015-11-18,3618,127444053.0
scats,686,68851,2015-11-17,2015-11-17,3618,123834433.0
scats,1412,68847,2017-11-13,2017-11-13,3837,127736695.0
scats,824,68846,2016-04-03,2016-04-03,3695,93078509.0
scats,695,68846,2015-11-26,2015-11-26,3619,128721675.0
scats,1313,68845,2017-08-06,2017-08-06,3835,92994595.0
scats,852,68843,2016-05-01,2016-05-01,3707,91761150.0
scats,675,68842,2015-11-06,2015-11-06,3612,128492051.0
scats,682,68840,2015-11-13,2015-11-13,3617,132044004.0
scats,1409,68840,2017-11-10,2017-11-10,3836,137970774.0
scats,1410,68839,2017-11-11,2017-11-11,3836,118187618.0
scats,694,68837,2015-11-25,2015-11-25,3618,126287654.0
scats,1320,68836,2017-08-13,2017-08-13,3833,96546614.0
scats,1327,68834,2017-08-20,2017-08-20,3834,97703841.0
scats,689,68830,2015-11-20,2015-11-20,3619,131796227.0
scats,692,68830,2015-11-23,2015-11-23,3619,119997106.0
scats,690,68829,2015-11-21,2015-11-21,3619,112819621.0
scats,702,68829,2015-12-03,2015-12-03,3625,129943350.0
scats,700,68828,2015-12-01,2015-12-01,3621,123803694.0
scats,886,68827,2016-06-04,2016-06-04,3725,108428906.0
scats,696,68826,2015-11-27,2015-11-27,3620,132700623.0
scats,680,68826,2015-11-11,2015-11-11,3615,125430001.0
scats,688,68824,2015-11-19,2015-11-19,3618,129144711.0
scats,1408,68823,2017-11-09,2017-11-09,3834,133316609.0
scats,683,68821,2015-11-14,2015-11-14,3613,112459123.0
scats,693,68820,2015-11-24,2015-11-24,3619,124723753.0
scats,697,68817,2015-11-28,2015-11-28,3622,113602094.0
scats,885,68817,2016-06-03,2016-06-03,3723,129525710.0
scats,1415,68814,2017-11-16,2017-11-16,3836,135137832.0
scats,703,68813,2015-12-04,2015-12-04,3624,134707106.0
scats,678,68811,2015-11-09,2015-11-09,3613,119909642.0
scats,882,68809,2016-05-31,2016-05-31,3717,121914681.0
scats,888,68808,2016-06-06,2016-06-06,3723,116947171.0
scats,908,68807,2016-06-26,2016-06-26,3742,91819411.0
scats,685,68805,2015-11-16,2015-11-16,3613,120308513.0
scats,878,68797,2016-05-27,2016-05-27,3715,129844249.0
scats,1267,68794,2017-06-20,2017-06-20,3833,124363800.0
scats,879,68790,2016-05-28,2016-05-28,3715,110075604.0
scats,877,68784,2016-05-26,2016-05-26,3713,124295561.0
scats,880,68783,2016-05-29,2016-05-29,3716,93048873.0
scats,704,68782,2015-12-05,2015-12-05,3625,115708031.0
scats,873,68781,2016-05-22,2016-05-22,3711,93888763.0
scats,1406,68778,2017-11-07,2017-11-07,3832,86128356.0
scats,706,68777,2015-12-07,2015-12-07,3624,121572246.0
scats,701,68772,2015-12-02,2015-12-02,3621,127321292.0
scats,743,68763,2016-01-13,2016-01-13,3638,108398819.0
scats,868,68763,2016-05-17,2016-05-17,3710,122296106.0
scats,881,68762,2016-05-30,2016-05-30,3715,117687187.0
scats,856,68759,2016-05-05,2016-05-05,3707,128075878.0
scats,857,68759,2016-05-06,2016-05-06,3707,132155535.0
scats,876,68759,2016-05-25,2016-05-25,3713,123925320.0
scats,890,68758,2016-06-08,2016-06-08,3727,123324014.0
scats,858,68758,2016-05-07,2016-05-07,3707,115902223.0
scats,1399,68757,2017-10-31,2017-10-31,3833,128832769.0
scats,707,68756,2015-12-08,2015-12-08,3625,125703802.0
scats,872,68756,2016-05-21,2016-05-21,3709,112105324.0
scats,854,68756,2016-05-03,2016-05-03,3705,118870014.0
scats,889,68756,2016-06-07,2016-06-07,3726,120421907.0
scats,716,68755,2015-12-17,2015-12-17,3627,132460752.0
scats,1400,68755,2017-11-01,2017-11-01,3832,130117671.0
scats,708,68754,2015-12-09,2015-12-09,3625,128798718.0
scats,1402,68753,2017-11-03,2017-11-03,3830,130676633.0
scats,715,68752,2015-12-16,2015-12-16,3626,130058150.0
scats,892,68750,2016-06-10,2016-06-10,3728,129471817.0
scats,891,68750,2016-06-09,2016-06-09,3726,125846645.0
scats,855,68749,2016-05-04,2016-05-04,3706,125196749.0
scats,860,68748,2016-05-09,2016-05-09,3705,114790893.0
scats,714,68747,2015-12-15,2015-12-15,3625,127057435.0
scats,711,68746,2015-12-12,2015-12-12,3625,115159370.0
scats,853,68743,2016-05-02,2016-05-02,3702,118799216.0
scats,713,68743,2015-12-14,2015-12-14,3624,110884439.0
scats,874,68741,2016-05-23,2016-05-23,3708,117277867.0
scats,710,68740,2015-12-11,2015-12-11,3624,133465749.0
scats,831,68740,2016-04-10,2016-04-10,3693,92694031.0
scats,865,68738,2016-05-14,2016-05-14,3710,113261280.0
scats,1386,68737,2017-10-18,2017-10-18,3827,130900760.0
scats,893,68737,2016-06-11,2016-06-11,3729,101638901.0
scats,720,68736,2015-12-21,2015-12-21,3628,125118516.0
scats,896,68734,2016-06-14,2016-06-14,3728,120185433.0
scats,897,68734,2016-06-15,2016-06-15,3728,123713011.0
scats,862,68731,2016-05-11,2016-05-11,3706,123760303.0
scats,745,68731,2016-01-15,2016-01-15,3638,119885180.0
scats,709,68730,2015-12-10,2015-12-10,3624,131155347.0
scats,850,68728,2016-04-29,2016-04-29,3703,129553712.0
scats,1405,68727,2017-11-06,2017-11-06,3830,113094511.0
scats,871,68727,2016-05-20,2016-05-20,3706,130831407.0
scats,1395,68726,2017-10-27,2017-10-27,3830,137444487.0
scats,1398,68726,2017-10-30,2017-10-30,3830,123684099.0
scats,1392,68726,2017-10-24,2017-10-24,3830,127569893.0
scats,733,68723,2016-01-03,2016-01-03,3627,79034970.0
scats,875,68723,2016-05-24,2016-05-24,3713,122656145.0
scats,864,68722,2016-05-13,2016-05-13,3705,131136883.0
scats,867,68721,2016-05-16,2016-05-16,3709,118294334.0
scats,1276,68720,2017-06-29,2017-06-29,3797,124339297.0
scats,1394,68718,2017-10-26,2017-10-26,3829,132613550.0
scats,861,68717,2016-05-10,2016-05-10,3704,120755581.0
scats,904,68717,2016-06-22,2016-06-22,3728,122733442.0
scats,905,68717,2016-06-23,2016-06-23,3729,123720780.0
scats,898,68715,2016-06-16,2016-06-16,3728,126103756.0
scats,849,68713,2016-04-28,2016-04-28,3700,128031993.0
scats,1365,68712,2017-09-27,2017-09-27,3828,126801011.0
scats,1364,68712,2017-09-26,2017-09-26,3828,123665142.0
scats,726,68711,2015-12-27,2015-12-27,3625,82498533.0
scats,863,68710,2016-05-12,2016-05-12,3706,126498970.0
scats,895,68710,2016-06-13,2016-06-13,3727,82532795.0
scats,900,68710,2016-06-18,2016-06-18,3729,110084424.0
scats,869,68708,2016-05-18,2016-05-18,3706,124392689.0
scats,1393,68707,2017-10-25,2017-10-25,3827,129426213.0
scats,902,68707,2016-06-20,2016-06-20,3728,108236099.0
scats,851,68703,2016-04-30,2016-04-30,3702,112679852.0
scats,728,68703,2015-12-29,2015-12-29,3627,95148317.0
scats,1388,68702,2017-10-20,2017-10-20,3829,136680580.0
scats,1391,68702,2017-10-23,2017-10-23,3829,124717298.0
scats,1251,68701,2017-06-04,2017-06-04,3824,94868411.0
scats,1389,68699,2017-10-21,2017-10-21,3828,116091095.0
scats,899,68699,2016-06-17,2016-06-17,3727,128628246.0
scats,1244,68699,2017-05-28,2017-05-28,3822,93262041.0
scats,1368,68698,2017-09-30,2017-09-30,3828,91951306.0
scats,1401,68697,2017-11-02,2017-11-02,3827,128117429.0
scats,1375,68696,2017-10-07,2017-10-07,3828,112857138.0
scats,1371,68695,2017-10-03,2017-10-03,3828,123590230.0
scats,903,68695,2016-06-21,2016-06-21,3728,119846165.0
scats,1372,68695,2017-10-04,2017-10-04,3828,126798745.0
scats,1374,68695,2017-10-06,2017-10-06,3828,130940173.0
scats,1363,68694,2017-09-25,2017-09-25,3826,118680669.0
scats,721,68693,2015-12-22,2015-12-22,3624,127992103.0
scats,1377,68693,2017-10-09,2017-10-09,3827,122882942.0
scats,740,68693,2016-01-10,2016-01-10,3626,86401394.0
scats,1382,68691,2017-10-14,2017-10-14,3827,117102772.0
scats,1381,68690,2017-10-13,2017-10-13,3827,135281573.0
scats,1367,68690,2017-09-29,2017-09-29,3827,98052350.0
scats,1378,68688,2017-10-10,2017-10-10,3827,127638140.0
scats,1379,68687,2017-10-11,2017-10-11,3827,128372383.0
scats,1373,68684,2017-10-05,2017-10-05,3826,127186800.0
scats,780,68682,2016-02-19,2016-02-19,3667,130784846.0
scats,1396,68682,2017-10-28,2017-10-28,3826,117425631.0
scats,773,68680,2016-02-12,2016-02-12,3649,131866334.0
scats,906,68678,2016-06-24,2016-06-24,3727,126516748.0
scats,784,68677,2016-02-23,2016-02-23,3681,121033907.0
scats,787,68676,2016-02-26,2016-02-26,3686,132349756.0
scats,791,68676,2016-03-01,2016-03-01,3686,124844603.0
scats,1387,68676,2017-10-19,2017-10-19,3827,132091604.0
scats,785,68675,2016-02-24,2016-02-24,3686,125373552.0
scats,907,68674,2016-06-25,2016-06-25,3730,107862888.0
scats,727,68672,2015-12-28,2015-12-28,3622,81894493.0
scats,1230,68671,2017-05-14,2017-05-14,3818,99739925.0
scats,1370,68671,2017-10-02,2017-10-02,3826,117330358.0
scats,845,68670,2016-04-24,2016-04-24,3694,94867539.0
scats,1258,68670,2017-06-11,2017-06-11,3824,91509342.0
scats,910,68668,2016-06-28,2016-06-28,3728,117277156.0
scats,747,68664,2016-01-17,2016-01-17,3631,90123211.0
scats,909,68663,2016-06-27,2016-06-27,3728,111837058.0
scats,724,68662,2015-12-25,2015-12-25,3622,74926405.0
scats,735,68661,2016-01-05,2016-01-05,3626,101028812.0
scats,737,68661,2016-01-07,2016-01-07,3626,106984460.0
scats,1380,68661,2017-10-12,2017-10-12,3826,131433707.0
scats,741,68661,2016-01-11,2016-01-11,3626,105153355.0
scats,783,68658,2016-02-22,2016-02-22,3667,119058699.0
scats,792,68658,2016-03-02,2016-03-02,3686,126266748.0
scats,1349,68656,2017-09-11,2017-09-11,3823,119526879.0
scats,1361,68655,2017-09-23,2017-09-23,3825,111358467.0
scats,1358,68654,2017-09-20,2017-09-20,3825,127372314.0
scats,723,68654,2015-12-24,2015-12-24,3621,115296277.0
scats,786,68652,2016-02-25,2016-02-25,3685,128206385.0
scats,739,68652,2016-01-09,2016-01-09,3625,95570460.0
scats,790,68652,2016-02-29,2016-02-29,3685,121435935.0
scats,1350,68652,2017-09-12,2017-09-12,3822,123108200.0
scats,848,68648,2016-04-27,2016-04-27,3691,125666752.0
scats,776,68648,2016-02-15,2016-02-15,3649,120411687.0
scats,781,68648,2016-02-20,2016-02-20,3666,111412516.0
scats,846,68647,2016-04-25,2016-04-25,3692,82071659.0
scats,732,68647,2016-01-02,2016-01-02,3624,83182850.0
scats,1346,68647,2017-09-08,2017-09-08,3822,131308283.0
scats,1360,68647,2017-09-22,2017-09-22,3824,133307165.0
scats,1359,68647,2017-09-21,2017-09-21,3824,129031106.0
scats,1356,68647,2017-09-18,2017-09-18,3823,119276194.0
scats,774,68647,2016-02-13,2016-02-13,3649,113046129.0
scats,1347,68645,2017-09-09,2017-09-09,3821,111470179.0
scats,731,68644,2016-01-01,2016-01-01,3625,72013236.0
scats,779,68644,2016-02-18,2016-02-18,3653,127157850.0
scats,722,68643,2015-12-23,2015-12-23,3622,128504046.0
scats,736,68640,2016-01-06,2016-01-06,3625,104507877.0
scats,911,68640,2016-06-29,2016-06-29,3729,119877484.0
scats,825,68639,2016-04-04,2016-04-04,3689,115723611.0
scats,1352,68639,2017-09-14,2017-09-14,3824,128923607.0
scats,1357,68639,2017-09-19,2017-09-19,3822,124263691.0
scats,748,68639,2016-01-18,2016-01-18,3630,112962537.0
scats,771,68638,2016-02-10,2016-02-10,3641,125022711.0
scats,777,68636,2016-02-16,2016-02-16,3649,123201147.0
scats,843,68636,2016-04-22,2016-04-22,3690,130638349.0
scats,734,68636,2016-01-04,2016-01-04,3624,97526484.0
scats,778,68636,2016-02-17,2016-02-17,3649,124746708.0
scats,725,68633,2015-12-26,2015-12-26,3622,81768709.0
scats,1345,68632,2017-09-07,2017-09-07,3820,127962649.0
scats,841,68632,2016-04-20,2016-04-20,3690,126320021.0
scats,1344,68632,2017-09-06,2017-09-06,3820,124955903.0
scats,826,68628,2016-04-05,2016-04-05,3687,120362480.0
scats,1351,68627,2017-09-13,2017-09-13,3821,125889263.0
scats,1353,68626,2017-09-15,2017-09-15,3823,131513689.0
scats,742,68623,2016-01-12,2016-01-12,3625,111935638.0
scats,1403,68622,2017-11-04,2017-11-04,3820,108983206.0
scats,842,68622,2016-04-21,2016-04-21,3691,127358504.0
scats,1354,68622,2017-09-16,2017-09-16,3822,112777405.0
scats,797,68620,2016-03-07,2016-03-07,3686,121495597.0
scats,800,68620,2016-03-10,2016-03-10,3686,127686599.0
scats,798,68620,2016-03-08,2016-03-08,3686,124631512.0
scats,794,68620,2016-03-04,2016-03-04,3686,131795354.0
scats,793,68620,2016-03-03,2016-03-03,3686,129004629.0
scats,1339,68619,2017-09-01,2017-09-01,3820,132478559.0
scats,751,68619,2016-01-21,2016-01-21,3627,121690456.0
scats,840,68619,2016-04-19,2016-04-19,3687,123749289.0
scats,795,68619,2016-03-05,2016-03-05,3686,112823393.0
scats,738,68616,2016-01-08,2016-01-08,3625,109895339.0
scats,834,68615,2016-04-13,2016-04-13,3689,125638836.0
scats,828,68615,2016-04-07,2016-04-07,3689,124617732.0
scats,821,68615,2016-03-31,2016-03-31,3686,121717593.0
scats,820,68615,2016-03-30,2016-03-30,3686,117935406.0
scats,807,68615,2016-03-17,2016-03-17,3686,129761023.0
scats,815,68615,2016-03-25,2016-03-25,3686,76137790.0
scats,818,68615,2016-03-28,2016-03-28,3686,79869927.0
scats,819,68615,2016-03-29,2016-03-29,3686,112664007.0
scats,812,68615,2016-03-22,2016-03-22,3686,126583153.0
scats,811,68615,2016-03-21,2016-03-21,3686,122305821.0
scats,772,68615,2016-02-11,2016-02-11,3640,127654118.0
scats,822,68615,2016-04-01,2016-04-01,3686,124551891.0
scats,808,68615,2016-03-18,2016-03-18,3686,130416362.0
scats,814,68615,2016-03-24,2016-03-24,3686,135038183.0
scats,809,68614,2016-03-19,2016-03-19,3686,112863211.0
scats,823,68614,2016-04-02,2016-04-02,3686,105816685.0
scats,816,68614,2016-03-26,2016-03-26,3686,91397100.0
scats,813,68613,2016-03-23,2016-03-23,3685,129753321.0
scats,832,68613,2016-04-11,2016-04-11,3688,117686061.0
scats,827,68612,2016-04-06,2016-04-06,3688,119019278.0
scats,799,68612,2016-03-09,2016-03-09,3685,126438069.0
scats,1343,68611,2017-09-05,2017-09-05,3819,122881085.0
scats,750,68610,2016-01-20,2016-01-20,3627,119089361.0
scats,829,68609,2016-04-08,2016-04-08,3688,127642765.0
scats,806,68608,2016-03-16,2016-03-16,3686,127626943.0
scats,805,68608,2016-03-15,2016-03-15,3686,124059315.0
scats,804,68608,2016-03-14,2016-03-14,3686,86204953.0
scats,801,68608,2016-03-11,2016-03-11,3686,131942991.0
scats,802,68607,2016-03-12,2016-03-12,3686,105384332.0
scats,833,68606,2016-04-12,2016-04-12,3687,123078979.0
scats,836,68603,2016-04-15,2016-04-15,3687,131755096.0
scats,1329,68603,2017-08-22,2017-08-22,3819,124241172.0
scats,847,68601,2016-04-26,2016-04-26,3691,121696080.0
scats,1328,68599,2017-08-21,2017-08-21,3817,118499090.0
scats,835,68595,2016-04-14,2016-04-14,3686,127612090.0
scats,1322,68595,2017-08-15,2017-08-15,3818,123314003.0
scats,1323,68595,2017-08-16,2017-08-16,3818,126488802.0
scats,1321,68595,2017-08-14,2017-08-14,3818,120600490.0
scats,1324,68595,2017-08-17,2017-08-17,3818,127676565.0
scats,1331,68595,2017-08-24,2017-08-24,3818,128646817.0
scats,1338,68592,2017-08-31,2017-08-31,3817,129646661.0
scats,1318,68591,2017-08-11,2017-08-11,3816,132304539.0
scats,839,68589,2016-04-18,2016-04-18,3686,119996020.0
scats,1316,68585,2017-08-09,2017-08-09,3817,126990143.0
scats,838,68583,2016-04-17,2016-04-17,3687,96852238.0
scats,1314,68583,2017-08-07,2017-08-07,3815,118475285.0
scats,837,68583,2016-04-16,2016-04-16,3686,112536815.0
scats,1330,68579,2017-08-23,2017-08-23,3818,125409912.0
scats,1315,68578,2017-08-08,2017-08-08,3815,123970117.0
scats,1300,68576,2017-07-24,2017-07-24,3815,119088045.0
scats,1326,68572,2017-08-19,2017-08-19,3817,112460252.0
scats,1332,68572,2017-08-25,2017-08-25,3817,132407773.0
scats,1336,68571,2017-08-29,2017-08-29,3817,123897832.0
scats,1325,68571,2017-08-18,2017-08-18,3817,130640617.0
scats,1335,68571,2017-08-28,2017-08-28,3817,119878143.0
scats,1312,68565,2017-08-05,2017-08-05,3816,113036686.0
scats,1319,68564,2017-08-12,2017-08-12,3814,112265647.0
scats,1308,68564,2017-08-01,2017-08-01,3816,124569427.0
scats,754,68562,2016-01-24,2016-01-24,3625,87028544.0
scats,1216,68561,2017-04-30,2017-04-30,3808,97160947.0
scats,1305,68561,2017-07-29,2017-07-29,3815,111891210.0
scats,1317,68561,2017-08-10,2017-08-10,3816,128776240.0
scats,950,68561,2016-08-07,2016-08-07,3761,95468123.0
scats,1304,68560,2017-07-28,2017-07-28,3815,132289875.0
scats,1333,68556,2017-08-26,2017-08-26,3817,113039776.0
scats,1307,68556,2017-07-31,2017-07-31,3815,120096514.0
scats,788,68554,2016-02-27,2016-02-27,3673,113050538.0
scats,912,68554,2016-06-30,2016-06-30,3722,119976534.0
scats,749,68552,2016-01-19,2016-01-19,3621,116107799.0
scats,744,68552,2016-01-14,2016-01-14,3621,116164873.0
scats,746,68552,2016-01-16,2016-01-16,3621,102491301.0
scats,1293,68550,2017-07-16,2017-07-16,3814,92528186.0
scats,770,68546,2016-02-09,2016-02-09,3636,122786832.0
scats,1301,68544,2017-07-25,2017-07-25,3813,123588492.0
scats,964,68543,2016-08-21,2016-08-21,3762,93338136.0
scats,753,68540,2016-01-23,2016-01-23,3625,101181943.0
scats,957,68540,2016-08-14,2016-08-14,3761,95142479.0
scats,936,68539,2016-07-24,2016-07-24,3753,93446816.0
scats,755,68537,2016-01-25,2016-01-25,3624,109859756.0
scats,844,68535,2016-04-23,2016-04-23,3681,106278858.0
scats,1294,68531,2017-07-17,2017-07-17,3811,118002341.0
scats,1288,68526,2017-07-11,2017-07-11,3811,119534422.0
scats,766,68525,2016-02-05,2016-02-05,3632,130843707.0
scats,759,68522,2016-01-29,2016-01-29,3627,126157754.0
scats,768,68520,2016-02-07,2016-02-07,3632,94635848.0
scats,1167,68518,2017-03-12,2017-03-12,3800,93885198.0
scats,1290,68516,2017-07-13,2017-07-13,3811,124463048.0
scats,756,68513,2016-01-26,2016-01-26,3626,83024461.0
scats,1303,68512,2017-07-27,2017-07-27,3813,128798217.0
scats,1296,68511,2017-07-20,2017-07-20,3811,127052436.0
scats,1297,68506,2017-07-21,2017-07-21,3810,131760493.0
scats,769,68504,2016-02-08,2016-02-08,3632,118298768.0
scats,1160,68504,2017-03-05,2017-03-05,3800,98258015.0
scats,1302,68504,2017-07-26,2017-07-26,3812,126231936.0
scats,758,68504,2016-01-28,2016-01-28,3627,122872402.0
scats,1289,68501,2017-07-12,2017-07-12,3809,122497543.0
scats,767,68498,2016-02-06,2016-02-06,3630,111562113.0
scats,761,68498,2016-01-31,2016-01-31,3627,89740177.0
scats,1292,68495,2017-07-15,2017-07-15,3810,108586368.0
scats,757,68494,2016-01-27,2016-01-27,3626,120377321.0
scats,830,68493,2016-04-09,2016-04-09,3676,109045691.0
scats,1311,68491,2017-08-04,2017-08-04,3809,132009055.0
scats,1223,68489,2017-05-07,2017-05-07,3803,96057079.0
scats,1125,68489,2017-01-29,2017-01-29,3798,93078262.0
scats,1181,68485,2017-03-26,2017-03-26,3799,99154890.0
scats,1153,68485,2017-02-26,2017-02-26,3798,100200174.0
scats,1291,68483,2017-07-14,2017-07-14,3808,127003002.0
scats,760,68479,2016-01-30,2016-01-30,3626,107111747.0
scats,1174,68479,2017-03-19,2017-03-19,3798,100378973.0
scats,1268,68478,2017-06-21,2017-06-21,3807,125812367.0
scats,1295,68477,2017-07-19,2017-07-19,3809,124160613.0
scats,1048,68464,2016-11-13,2016-11-13,3783,96050217.0
scats,999,68462,2016-09-25,2016-09-25,3771,93546136.0
scats,762,68460,2016-02-01,2016-02-01,3626,119148539.0
scats,1341,68459,2017-09-03,2017-09-03,3807,94476342.0
scats,1340,68459,2017-09-02,2017-09-02,3807,113388058.0
scats,1111,68459,2017-01-15,2017-01-15,3795,92512280.0
scats,992,68458,2016-09-18,2016-09-18,3767,90724362.0
scats,1027,68455,2016-10-23,2016-10-23,3773,95536028.0
scats,1274,68452,2017-06-27,2017-06-27,3806,122052748.0
scats,1385,68450,2017-10-17,2017-10-17,3810,128802816.0
scats,1020,68448,2016-10-16,2016-10-16,3775,95478726.0
scats,1298,68448,2017-07-22,2017-07-22,3805,111861394.0
scats,764,68447,2016-02-03,2016-02-03,3625,122899950.0
scats,763,68446,2016-02-02,2016-02-02,3624,122054328.0
scats,1299,68441,2017-07-23,2017-07-23,3804,92996447.0
scats,1366,68440,2017-09-28,2017-09-28,3809,131657989.0
scats,985,68438,2016-09-11,2016-09-11,3766,94749413.0
scats,765,68430,2016-02-04,2016-02-04,3626,126015834.0
scats,1275,68430,2017-06-28,2017-06-28,3805,123686694.0
scats,1384,68426,2017-10-16,2017-10-16,3809,123584078.0
scats,1263,68426,2017-06-16,2017-06-16,3806,132175292.0
scats,1262,68426,2017-06-15,2017-06-15,3806,126543786.0
scats,1269,68424,2017-06-22,2017-06-22,3805,128491403.0
scats,1273,68410,2017-06-26,2017-06-26,3803,117653940.0
scats,1260,68405,2017-06-13,2017-06-13,3805,122226529.0
scats,971,68405,2016-08-28,2016-08-28,3759,96543066.0
scats,1310,68404,2017-08-03,2017-08-03,3803,127875243.0
scats,1309,68404,2017-08-02,2017-08-02,3803,126733943.0
scats,1076,68394,2016-12-11,2016-12-11,3785,103062949.0
scats,1240,68393,2017-05-24,2017-05-24,3800,126606190.0
scats,1243,68392,2017-05-27,2017-05-27,3801,114090230.0
scats,978,68391,2016-09-04,2016-09-04,3764,95812303.0
scats,1242,68391,2017-05-26,2017-05-26,3801,133080037.0
scats,1245,68391,2017-05-29,2017-05-29,3801,119849731.0
scats,1257,68383,2017-06-10,2017-06-10,3803,105623782.0
scats,1255,68382,2017-06-08,2017-06-08,3803,128253048.0
scats,1256,68374,2017-06-09,2017-06-09,3802,131091425.0
scats,1254,68374,2017-06-07,2017-06-07,3802,126577326.0
scats,1229,68369,2017-05-13,2017-05-13,3798,117077131.0
scats,1228,68368,2017-05-12,2017-05-12,3798,133466614.0
scats,1287,68367,2017-07-10,2017-07-10,3799,113987475.0
scats,1286,68367,2017-07-09,2017-07-09,3799,91717737.0
scats,1284,68367,2017-07-07,2017-07-07,3799,125820518.0
scats,1285,68367,2017-07-08,2017-07-08,3799,105706801.0
scats,1097,68366,2017-01-01,2017-01-01,3789,75428562.0
scats,1250,68366,2017-06-03,2017-06-03,3801,113408206.0
scats,1227,68366,2017-05-11,2017-05-11,3797,129804148.0
scats,1247,68365,2017-05-31,2017-05-31,3801,125252879.0
scats,1249,68365,2017-06-02,2017-06-02,3801,131617501.0
scats,1104,68364,2017-01-08,2017-01-08,3786,86174261.0
scats,1283,68364,2017-07-06,2017-07-06,3798,123392081.0
scats,1083,68361,2016-12-18,2016-12-18,3785,103009499.0
scats,1232,68360,2017-05-16,2017-05-16,3797,124850715.0
scats,1246,68357,2017-05-30,2017-05-30,3800,123094645.0
scats,1233,68356,2017-05-17,2017-05-17,3797,126001085.0
scats,1259,68352,2017-06-12,2017-06-12,3801,82153351.0
scats,1222,68350,2017-05-06,2017-05-06,3793,113996357.0
scats,1234,68348,2017-05-18,2017-05-18,3794,128680054.0
scats,1253,68345,2017-06-06,2017-06-06,3800,123043603.0
scats,1239,68345,2017-05-23,2017-05-23,3798,124311779.0
scats,1231,68344,2017-05-15,2017-05-15,3797,120344717.0
scats,1218,68343,2017-05-02,2017-05-02,3792,125816860.0
scats,1248,68341,2017-06-01,2017-06-01,3800,127437992.0
scats,1279,68340,2017-07-02,2017-07-02,3797,93298541.0
scats,1281,68340,2017-07-04,2017-07-04,3797,118016820.0
scats,1278,68340,2017-07-01,2017-07-01,3797,109778925.0
scats,1280,68340,2017-07-03,2017-07-03,3797,113093316.0
scats,1282,68340,2017-07-05,2017-07-05,3797,120459877.0
scats,1226,68340,2017-05-10,2017-05-10,3795,127488215.0
scats,1219,68338,2017-05-03,2017-05-03,3792,128230830.0
scats,1220,68338,2017-05-04,2017-05-04,3791,130983213.0
scats,1241,68337,2017-05-25,2017-05-25,3798,129231513.0
scats,1215,68328,2017-04-29,2017-04-29,3792,114698352.0
scats,1090,68327,2016-12-25,2016-12-25,3785,77240170.0
scats,1214,68327,2017-04-28,2017-04-28,3792,134059454.0
scats,1213,68327,2017-04-27,2017-04-27,3792,130386036.0
scats,915,68327,2016-07-03,2016-07-03,3722,89148114.0
scats,1221,68325,2017-05-05,2017-05-05,3792,134625550.0
scats,929,68324,2016-07-17,2016-07-17,3733,95297840.0
scats,1252,68321,2017-06-05,2017-06-05,3799,119487335.0
scats,1217,68319,2017-05-01,2017-05-01,3791,122429270.0
scats,1034,68318,2016-10-30,2016-10-30,3768,90803070.0
scats,1272,68317,2017-06-25,2017-06-25,3795,95061401.0
scats,1271,68317,2017-06-24,2017-06-24,3795,112674944.0
scats,927,68312,2016-07-15,2016-07-15,3731,129956758.0
scats,1225,68306,2017-05-09,2017-05-09,3793,124936555.0
scats,1235,68305,2017-05-19,2017-05-19,3795,132146257.0
scats,1224,68304,2017-05-08,2017-05-08,3792,120343539.0
scats,928,68303,2016-07-16,2016-07-16,3730,112005492.0
scats,1237,68303,2017-05-21,2017-05-21,3795,96901438.0
scats,1210,68298,2017-04-24,2017-04-24,3787,122113695.0
scats,1139,68295,2017-02-12,2017-02-12,3783,96166177.0
scats,1266,68295,2017-06-19,2017-06-19,3794,120031278.0
scats,1202,68295,2017-04-16,2017-04-16,3789,82827912.0
scats,1069,68291,2016-12-04,2016-12-04,3781,100333491.0
scats,925,68290,2016-07-13,2016-07-13,3731,122860272.0
scats,926,68287,2016-07-14,2016-07-14,3730,126578355.0
scats,917,68283,2016-07-05,2016-07-05,3723,114013097.0
scats,916,68283,2016-07-04,2016-07-04,3722,112622288.0
scats,932,68280,2016-07-20,2016-07-20,3733,124669331.0
scats,1188,68279,2017-04-02,2017-04-02,3785,97954937.0
scats,913,68274,2016-07-01,2016-07-01,3721,123396123.0
scats,1236,68273,2017-05-20,2017-05-20,3791,115054571.0
scats,930,68271,2016-07-18,2016-07-18,3728,118278374.0
scats,1006,68270,2016-10-02,2016-10-02,3761,89139831.0
scats,1204,68268,2017-04-18,2017-04-18,3786,121328915.0
scats,1132,68267,2017-02-05,2017-02-05,3780,94732439.0
scats,1206,68264,2017-04-20,2017-04-20,3785,129857026.0
scats,918,68263,2016-07-06,2016-07-06,3723,118390321.0
scats,943,68263,2016-07-31,2016-07-31,3739,95943885.0
scats,1211,68257,2017-04-25,2017-04-25,3786,80779406.0
scats,940,68256,2016-07-28,2016-07-28,3735,127665332.0
scats,939,68256,2016-07-27,2016-07-27,3735,124680009.0
scats,1209,68256,2017-04-23,2017-04-23,3788,96453284.0
scats,938,68256,2016-07-26,2016-07-26,3735,122597156.0
scats,1238,68255,2017-05-22,2017-05-22,3792,118488944.0
scats,1207,68253,2017-04-21,2017-04-21,3786,131814708.0
scats,919,68252,2016-07-07,2016-07-07,3722,121004977.0
scats,921,68252,2016-07-09,2016-07-09,3721,107596914.0
scats,955,68250,2016-08-12,2016-08-12,3739,130461580.0
scats,1187,68249,2017-04-01,2017-04-01,3783,112971373.0
scats,914,68249,2016-07-02,2016-07-02,3721,103884010.0
scats,1264,68247,2017-06-17,2017-06-17,3792,114135126.0
scats,1261,68247,2017-06-14,2017-06-14,3792,118227332.0
scats,1265,68247,2017-06-18,2017-06-18,3792,95204490.0
scats,960,68246,2016-08-17,2016-08-17,3739,125062013.0
scats,931,68245,2016-07-19,2016-07-19,3731,122653876.0
scats,1189,68245,2017-04-03,2017-04-03,3783,120491753.0
scats,920,68245,2016-07-08,2016-07-08,3723,124834059.0
scats,935,68242,2016-07-23,2016-07-23,3734,110704265.0
scats,1199,68242,2017-04-13,2017-04-13,3784,133896420.0
scats,1200,68240,2017-04-14,2017-04-14,3784,77412972.0
scats,959,68238,2016-08-16,2016-08-16,3739,123237721.0
scats,937,68236,2016-07-25,2016-07-25,3732,116765983.0
scats,963,68235,2016-08-20,2016-08-20,3740,111396004.0
scats,934,68235,2016-07-22,2016-07-22,3732,128976772.0
scats,922,68233,2016-07-10,2016-07-10,3722,89306590.0
scats,965,68232,2016-08-22,2016-08-22,3739,117126651.0
scats,962,68232,2016-08-19,2016-08-19,3739,128737549.0
scats,966,68231,2016-08-23,2016-08-23,3739,123191271.0
scats,1184,68231,2017-03-29,2017-03-29,3784,129818603.0
scats,1208,68230,2017-04-22,2017-04-22,3785,113346485.0
scats,1203,68229,2017-04-17,2017-04-17,3785,83246366.0
scats,956,68229,2016-08-13,2016-08-13,3739,110986664.0
scats,1062,68228,2016-11-27,2016-11-27,3775,100613865.0
scats,933,68228,2016-07-21,2016-07-21,3732,126783011.0
scats,952,68227,2016-08-09,2016-08-09,3737,122392600.0
scats,1179,68227,2017-03-24,2017-03-24,3781,136377126.0
scats,1185,68226,2017-03-30,2017-03-30,3782,131973287.0
scats,949,68224,2016-08-06,2016-08-06,3737,111486011.0
scats,1192,68223,2017-04-06,2017-04-06,3783,128432264.0
scats,948,68221,2016-08-05,2016-08-05,3736,131504871.0
scats,947,68221,2016-08-04,2016-08-04,3736,127574722.0
scats,951,68221,2016-08-08,2016-08-08,3736,117889357.0
scats,954,68218,2016-08-11,2016-08-11,3737,126926430.0
scats,1146,68218,2017-02-19,2017-02-19,3782,94444229.0
scats,1175,68217,2017-03-20,2017-03-20,3781,123717649.0
scats,953,68216,2016-08-10,2016-08-10,3737,124708287.0
scats,1168,68215,2017-03-13,2017-03-13,3781,90020963.0
scats,1165,68215,2017-03-10,2017-03-10,3781,136675842.0
scats,1163,68214,2017-03-08,2017-03-08,3781,132046074.0
scats,1201,68213,2017-04-15,2017-04-15,3783,94083463.0
scats,1212,68212,2017-04-26,2017-04-26,3786,126116576.0
scats,1191,68212,2017-04-05,2017-04-05,3781,126405782.0
scats,967,68212,2016-08-24,2016-08-24,3738,125042555.0
scats,1178,68211,2017-03-23,2017-03-23,3777,132779954.0
scats,1041,68211,2016-11-06,2016-11-06,3760,96883507.0
scats,1198,68210,2017-04-12,2017-04-12,3783,128272487.0
scats,924,68209,2016-07-12,2016-07-12,3719,119701049.0
scats,961,68208,2016-08-18,2016-08-18,3738,127512574.0
scats,1170,68207,2017-03-15,2017-03-15,3780,128593517.0
scats,1169,68207,2017-03-14,2017-03-14,3780,127598529.0
scats,1162,68206,2017-03-07,2017-03-07,3780,129065065.0
scats,1186,68206,2017-03-31,2017-03-31,3782,134904975.0
scats,1270,68205,2017-06-23,2017-06-23,3789,131782306.0
scats,1154,68205,2017-02-27,2017-02-27,3778,124651041.0
scats,1197,68204,2017-04-11,2017-04-11,3782,123991073.0
scats,1038,68202,2016-11-03,2016-11-03,3757,130648910.0
scats,1031,68201,2016-10-27,2016-10-27,3757,132330182.0
scats,1032,68201,2016-10-28,2016-10-28,3757,135445574.0
scats,968,68201,2016-08-25,2016-08-25,3739,127464605.0
scats,1001,68198,2016-09-27,2016-09-27,3752,121110822.0
scats,976,68198,2016-09-02,2016-09-02,3743,131722050.0
scats,1194,68196,2017-04-08,2017-04-08,3781,110153309.0
scats,1159,68195,2017-03-04,2017-03-04,3780,117640592.0
scats,941,68194,2016-07-29,2016-07-29,3733,130998822.0
scats,1182,68194,2017-03-27,2017-03-27,3781,121553038.0
scats,1035,68194,2016-10-31,2016-10-31,3756,113184170.0
scats,945,68194,2016-08-02,2016-08-02,3730,122342791.0
scats,1166,68192,2017-03-11,2017-03-11,3780,108497557.0
scats,972,68192,2016-08-29,2016-08-29,3741,119585494.0
scats,1173,68192,2017-03-18,2017-03-18,3780,117885586.0
scats,1152,68191,2017-02-25,2017-02-25,3780,117059715.0
scats,1055,68191,2016-11-20,2016-11-20,3769,102615138.0
scats,1176,68190,2017-03-21,2017-03-21,3779,125768669.0
scats,1029,68190,2016-10-25,2016-10-25,3756,126817111.0
scats,923,68190,2016-07-11,2016-07-11,3720,115646164.0
scats,1042,68190,2016-11-07,2016-11-07,3758,122025454.0
scats,1183,68190,2017-03-28,2017-03-28,3781,128068966.0
scats,1193,68189,2017-04-07,2017-04-07,3783,131296736.0
scats,1158,68188,2017-03-03,2017-03-03,3778,136540043.0
scats,975,68188,2016-09-01,2016-09-01,3742,127355861.0
scats,974,68188,2016-08-31,2016-08-31,3742,125015108.0
scats,1164,68187,2017-03-09,2017-03-09,3779,133847194.0
scats,944,68187,2016-08-01,2016-08-01,3732,116565322.0
scats,1150,68185,2017-02-23,2017-02-23,3778,132704681.0
scats,1195,68185,2017-04-09,2017-04-09,3781,90386913.0
scats,1205,68185,2017-04-19,2017-04-19,3780,126456936.0
scats,970,68183,2016-08-27,2016-08-27,3740,112855284.0
scats,1172,68183,2017-03-17,2017-03-17,3779,137547824.0
scats,1039,68182,2016-11-04,2016-11-04,3757,135078041.0
scats,1151,68182,2017-02-24,2017-02-24,3778,136193143.0
scats,1005,68181,2016-10-01,2016-10-01,3753,92408602.0
scats,973,68180,2016-08-30,2016-08-30,3742,122223684.0
scats,1033,68180,2016-10-29,2016-10-29,3757,109971400.0
scats,969,68180,2016-08-26,2016-08-26,3739,131359981.0
scats,1030,68179,2016-10-26,2016-10-26,3755,128212370.0
scats,1050,68178,2016-11-15,2016-11-15,3762,128597129.0
scats,1024,68178,2016-10-20,2016-10-20,3753,132482000.0
scats,1013,68177,2016-10-09,2016-10-09,3750,92152122.0
scats,1053,68177,2016-11-18,2016-11-18,3763,137559550.0
scats,1023,68177,2016-10-19,2016-10-19,3753,128778371.0
scats,1036,68177,2016-11-01,2016-11-01,3756,84695414.0
scats,1156,68176,2017-03-01,2017-03-01,3779,131354334.0
scats,1161,68176,2017-03-06,2017-03-06,3779,125462621.0
scats,1157,68176,2017-03-02,2017-03-02,3779,132982931.0
scats,998,68175,2016-09-24,2016-09-24,3750,108074517.0
scats,1155,68173,2017-02-28,2017-02-28,3778,128979521.0
scats,997,68172,2016-09-23,2016-09-23,3749,127698148.0
scats,994,68172,2016-09-20,2016-09-20,3749,117654601.0
scats,1051,68172,2016-11-16,2016-11-16,3760,131851715.0
scats,996,68172,2016-09-22,2016-09-22,3749,123802263.0
scats,995,68172,2016-09-21,2016-09-21,3749,121330028.0
scats,1002,68171,2016-09-28,2016-09-28,3751,125316487.0
scats,1037,68171,2016-11-02,2016-11-02,3754,125545847.0
scats,942,68170,2016-07-30,2016-07-30,3732,111831849.0
scats,1028,68170,2016-10-24,2016-10-24,3753,122431783.0
scats,1000,68168,2016-09-26,2016-09-26,3748,115907314.0
scats,1043,68166,2016-11-08,2016-11-08,3757,128592048.0
scats,946,68165,2016-08-03,2016-08-03,3728,124430229.0
scats,993,68164,2016-09-19,2016-09-19,3747,114952402.0
scats,1180,68163,2017-03-25,2017-03-25,3779,116336379.0
scats,1149,68163,2017-02-22,2017-02-22,3779,129852382.0
scats,1040,68162,2016-11-05,2016-11-05,3757,112492721.0
scats,1007,68161,2016-10-03,2016-10-03,3750,118473377.0
scats,1171,68160,2017-03-16,2017-03-16,3778,133370236.0
scats,1190,68155,2017-04-04,2017-04-04,3781,124461236.0
scats,1046,68154,2016-11-11,2016-11-11,3761,137291261.0
scats,1049,68154,2016-11-14,2016-11-14,3761,124105237.0
scats,1019,68154,2016-10-15,2016-10-15,3753,115264557.0
scats,990,68153,2016-09-16,2016-09-16,3746,129935347.0
scats,1022,68153,2016-10-18,2016-10-18,3752,125431998.0
scats,989,68151,2016-09-15,2016-09-15,3746,126119992.0
scats,1021,68151,2016-10-17,2016-10-17,3752,121744623.0
scats,991,68151,2016-09-17,2016-09-17,3746,109966086.0
scats,1018,68151,2016-10-14,2016-10-14,3752,135601928.0
scats,1124,68150,2017-01-28,2017-01-28,3773,103371998.0
scats,1123,68149,2017-01-27,2017-01-27,3773,119877113.0
scats,1129,68149,2017-02-02,2017-02-02,3775,130270516.0
scats,1177,68149,2017-03-22,2017-03-22,3776,129851316.0
scats,1126,68149,2017-01-30,2017-01-30,3773,120698297.0
scats,1026,68147,2016-10-22,2016-10-22,3752,110814506.0
scats,1117,68146,2017-01-21,2017-01-21,3774,107551510.0
scats,1025,68146,2016-10-21,2016-10-21,3752,131762532.0
scats,1052,68145,2016-11-17,2016-11-17,3761,134711290.0
scats,1196,68143,2017-04-10,2017-04-10,3778,117353911.0
scats,1122,68143,2017-01-26,2017-01-26,3773,89817835.0
scats,1116,68143,2017-01-20,2017-01-20,3773,126530692.0
scats,1119,68143,2017-01-23,2017-01-23,3773,118969027.0
scats,1008,68138,2016-10-04,2016-10-04,3751,122844934.0
scats,987,68137,2016-09-13,2016-09-13,3744,119792883.0
scats,986,68137,2016-09-12,2016-09-12,3744,117894307.0
scats,988,68137,2016-09-14,2016-09-14,3744,123541590.0
scats,1009,68133,2016-10-05,2016-10-05,3750,126871287.0
scats,1127,68133,2017-01-31,2017-01-31,3773,125755791.0
scats,1047,68133,2016-11-12,2016-11-12,3761,116383341.0
scats,1134,68131,2017-02-07,2017-02-07,3775,126746247.0
scats,1115,68131,2017-01-19,2017-01-19,3773,125644995.0
scats,1010,68131,2016-10-06,2016-10-06,3750,131581870.0
scats,1003,68130,2016-09-29,2016-09-29,3750,129708607.0
scats,1113,68129,2017-01-17,2017-01-17,3773,118267012.0
scats,1114,68129,2017-01-18,2017-01-18,3773,123891875.0
scats,984,68128,2016-09-10,2016-09-10,3744,110705731.0
scats,977,68128,2016-09-03,2016-09-03,3744,113550885.0
scats,1004,68125,2016-09-30,2016-09-30,3749,98485050.0
scats,1128,68125,2017-02-01,2017-02-01,3774,128004546.0
scats,1130,68125,2017-02-03,2017-02-03,3774,134813475.0
scats,980,68125,2016-09-06,2016-09-06,3743,123174365.0
scats,1107,68123,2017-01-11,2017-01-11,3771,117310879.0
scats,1108,68123,2017-01-12,2017-01-12,3772,120144448.0
scats,1109,68123,2017-01-13,2017-01-13,3772,121336054.0
scats,983,68122,2016-09-09,2016-09-09,3742,128955699.0
scats,979,68122,2016-09-05,2016-09-05,3742,118208371.0
scats,1131,68122,2017-02-04,2017-02-04,3773,114398553.0
scats,1014,68120,2016-10-10,2016-10-10,3747,121595443.0
scats,1060,68116,2016-11-25,2016-11-25,3763,137276375.0
scats,1011,68114,2016-10-07,2016-10-07,3750,133496911.0
scats,1015,68114,2016-10-11,2016-10-11,3747,126525745.0
scats,1135,68110,2017-02-08,2017-02-08,3774,129323453.0
scats,1012,68110,2016-10-08,2016-10-08,3749,116004361.0
scats,1059,68109,2016-11-24,2016-11-24,3763,133875074.0
scats,1044,68105,2016-11-09,2016-11-09,3757,129796151.0
scats,1133,68105,2017-02-06,2017-02-06,3771,121466073.0
scats,1057,68101,2016-11-22,2016-11-22,3762,126877273.0
scats,1017,68100,2016-10-13,2016-10-13,3748,131520647.0
scats,1106,68099,2017-01-10,2017-01-10,3770,113539170.0
scats,1079,68097,2016-12-14,2016-12-14,3766,129424510.0
scats,1073,68097,2016-12-08,2016-12-08,3766,133698645.0
scats,1147,68096,2017-02-20,2017-02-20,3774,115863525.0
scats,1143,68095,2017-02-16,2017-02-16,3773,131630266.0
scats,1016,68094,2016-10-12,2016-10-12,3746,127014052.0
scats,981,68093,2016-09-07,2016-09-07,3741,126144868.0
scats,982,68093,2016-09-08,2016-09-08,3741,128196220.0
scats,1077,68092,2016-12-12,2016-12-12,3766,127955803.0
scats,1075,68092,2016-12-10,2016-12-10,3766,119436873.0
scats,1112,68091,2017-01-16,2017-01-16,3770,116493210.0
scats,1120,68089,2017-01-24,2017-01-24,3770,124842021.0
scats,1074,68089,2016-12-09,2016-12-09,3765,138244184.0
scats,1054,68088,2016-11-19,2016-11-19,3763,118769869.0
scats,1110,68088,2017-01-14,2017-01-14,3770,104511975.0
scats,1045,68085,2016-11-10,2016-11-10,3757,133321706.0
scats,1082,68083,2016-12-17,2016-12-17,3767,119670401.0
scats,1072,68081,2016-12-07,2016-12-07,3765,134010783.0
scats,1056,68081,2016-11-21,2016-11-21,3761,122608641.0
scats,1084,68081,2016-12-19,2016-12-19,3766,128520833.0
scats,1080,68080,2016-12-15,2016-12-15,3766,137392235.0
scats,1058,68079,2016-11-23,2016-11-23,3760,130894831.0
scats,1105,68075,2017-01-09,2017-01-09,3769,109505544.0
scats,1145,68073,2017-02-18,2017-02-18,3772,114918460.0
scats,1071,68073,2016-12-06,2016-12-06,3765,131251439.0
scats,1081,68073,2016-12-16,2016-12-16,3765,139308014.0
scats,1087,68072,2016-12-22,2016-12-22,3767,133514764.0
scats,1078,68071,2016-12-13,2016-12-13,3765,130416728.0
scats,1136,68071,2017-02-09,2017-02-09,3773,129502640.0
scats,1148,68071,2017-02-21,2017-02-21,3771,127934908.0
scats,1144,68070,2017-02-17,2017-02-17,3772,134788125.0
scats,1065,68069,2016-11-30,2016-11-30,3765,131623386.0
scats,1137,68068,2017-02-10,2017-02-10,3772,135380111.0
scats,1103,68068,2017-01-07,2017-01-07,3769,95023252.0
scats,1102,68065,2017-01-06,2017-01-06,3768,111164895.0
scats,1141,68065,2017-02-14,2017-02-14,3770,130404096.0
scats,1138,68063,2017-02-11,2017-02-11,3772,115862324.0
scats,1061,68061,2016-11-26,2016-11-26,3764,118288058.0
scats,1142,68059,2017-02-15,2017-02-15,3773,130697863.0
scats,1101,68057,2017-01-05,2017-01-05,3767,106679018.0
scats,1066,68057,2016-12-01,2016-12-01,3765,133109995.0
scats,1085,68053,2016-12-20,2016-12-20,3766,131392995.0
scats,1068,68052,2016-12-03,2016-12-03,3766,119701147.0
scats,1089,68051,2016-12-24,2016-12-24,3767,101932556.0
scats,1063,68051,2016-11-28,2016-11-28,3762,124798785.0
scats,1096,68051,2016-12-31,2016-12-31,3767,87346924.0
scats,1067,68049,2016-12-02,2016-12-02,3765,138772078.0
scats,1070,68049,2016-12-05,2016-12-05,3765,125762337.0
scats,1099,68048,2017-01-03,2017-01-03,3766,100145429.0
scats,1100,68048,2017-01-04,2017-01-04,3766,104617587.0
scats,1092,68048,2016-12-27,2016-12-27,3766,84493733.0
scats,1091,68048,2016-12-26,2016-12-26,3766,82204038.0
scats,1086,68048,2016-12-21,2016-12-21,3766,133750266.0
scats,1093,68048,2016-12-28,2016-12-28,3766,96723461.0
scats,1095,68048,2016-12-30,2016-12-30,3766,101748285.0
scats,1088,68048,2016-12-23,2016-12-23,3766,128916243.0
scats,1121,68039,2017-01-25,2017-01-25,3768,132065247.0
scats,1094,68024,2016-12-29,2016-12-29,3765,95938445.0
scats,1064,68006,2016-11-29,2016-11-29,3760,129100382.0
scats,1118,67843,2017-01-22,2017-01-22,3753,95015411.0
scats,1098,67748,2017-01-02,2017-01-02,3746,76872651.0
scats,521,67678,2015-06-05,2015-06-05,3440,113188723.0
scats,507,67657,2015-05-22,2015-05-22,3432,122590289.0
scats,301,67181,2014-10-28,2014-10-28,3400,113724338.0
scats,514,67159,2015-05-29,2015-05-29,3477,121588883.0
scats,280,67048,2014-10-07,2014-10-07,3358,113950265.0
scats,619,66775,2015-09-11,2015-09-11,3458,124087830.0
scats,373,66456,2015-01-08,2015-01-08,3387,99436217.0
scats,577,66163,2015-07-31,2015-07-31,3405,122591040.0
scats,570,66126,2015-07-24,2015-07-24,3404,121180539.0
scats,519,65645,2015-06-03,2015-06-03,3313,111742686.0
scats,699,39445,2015-11-30,2015-11-30,2118,67984812.0
scats_continuation,1726,117851,2026-04-07,2026-04-07,4706,130709417.0
scats_continuation,1720,117851,2026-04-01,2026-04-01,4706,148342926.0
scats_continuation,1723,117851,2026-04-04,2026-04-04,4706,110088657.0
scats_continuation,1724,117851,2026-04-05,2026-04-05,4706,98005394.0
scats_continuation,1722,117851,2026-04-03,2026-04-03,4706,91185766.0
scats_continuation,1725,117851,2026-04-06,2026-04-06,4706,94262507.0
scats_continuation,1721,117851,2026-04-02,2026-04-02,4706,155369625.0
scats_continuation,1718,117843,2026-03-30,2026-03-30,4706,139043690.0
scats_continuation,1719,117843,2026-03-31,2026-03-31,4706,144434559.0
scats_continuation,1717,117835,2026-03-29,2026-03-29,4706,114963617.0
scats_continuation,1715,117835,2026-03-27,2026-03-27,4706,151690746.0
scats_continuation,1716,117835,2026-03-28,2026-03-28,4706,132175773.0
scats_continuation,1714,117797,2026-03-26,2026-03-26,4705,146965183.0
scats_continuation,1713,117765,2026-03-25,2026-03-25,4704,146286965.0
scats_continuation,1710,117757,2026-03-22,2026-03-22,4704,116101375.0
scats_continuation,1708,117757,2026-03-20,2026-03-20,4704,156382014.0
scats_continuation,1711,117757,2026-03-23,2026-03-23,4704,139401185.0
scats_continuation,1709,117757,2026-03-21,2026-03-21,4704,135048700.0
scats_continuation,1712,117757,2026-03-24,2026-03-24,4704,144166406.0
scats_continuation,1707,117749,2026-03-19,2026-03-19,4704,151758116.0
scats_continuation,1705,117741,2026-03-17,2026-03-17,4704,147077933.0
scats_continuation,1706,117733,2026-03-18,2026-03-18,4704,150695810.0
scats_continuation,1704,117717,2026-03-16,2026-03-16,4704,138491583.0
scats_continuation,1702,117693,2026-03-14,2026-03-14,4703,129217044.0
scats_continuation,1703,117693,2026-03-15,2026-03-15,4703,116776279.0
scats_continuation,1701,117693,2026-03-13,2026-03-13,4703,157164611.0
scats_continuation,1700,117629,2026-03-12,2026-03-12,4702,153674353.0
scats_continuation,1696,117621,2026-03-08,2026-03-08,4702,113830178.0
scats_continuation,1695,117621,2026-03-07,2026-03-07,4702,119383603.0
scats_continuation,1693,117621,2026-03-05,2026-03-05,4702,155317223.0
scats_continuation,1694,117621,2026-03-06,2026-03-06,4702,157620248.0
scats_continuation,1698,117621,2026-03-10,2026-03-10,4702,48876638.0
scats_continuation,1699,117621,2026-03-11,2026-03-11,4702,144883395.0
scats_continuation,1697,117621,2026-03-09,2026-03-09,4702,105964545.0
scats_continuation,1687,117605,2026-02-27,2026-02-27,4702,157813990.0
scats_continuation,1691,117605,2026-03-03,2026-03-03,4702,150757688.0
scats_continuation,1689,117605,2026-03-01,2026-03-01,4702,116737978.0
scats_continuation,1688,117605,2026-02-28,2026-02-28,4702,139827905.0
scats_continuation,1690,117605,2026-03-02,2026-03-02,4702,143277088.0
scats_continuation,1692,117605,2026-03-04,2026-03-04,4702,153183491.0
scats_continuation,1685,117597,2026-02-25,2026-02-25,4702,150761144.0
scats_continuation,1686,117597,2026-02-26,2026-02-26,4702,154952487.0
scats_continuation,1684,117589,2026-02-24,2026-02-24,4702,143566263.0
scats_continuation,1683,117573,2026-02-23,2026-02-23,4702,145178526.0
scats_continuation,1682,117565,2026-02-22,2026-02-22,4702,115320878.0
scats_continuation,1680,117565,2026-02-20,2026-02-20,4702,158747455.0
scats_continuation,1681,117565,2026-02-21,2026-02-21,4702,139690083.0
scats_continuation,1679,117533,2026-02-19,2026-02-19,4701,154413212.0
scats_continuation,1677,117525,2026-02-17,2026-02-17,4701,142173998.0
scats_continuation,1678,117525,2026-02-18,2026-02-18,4701,152505045.0
scats_continuation,1672,117517,2026-02-12,2026-02-12,4701,154799514.0
scats_continuation,1675,117517,2026-02-15,2026-02-15,4701,120142735.0
scats_continuation,1674,117517,2026-02-14,2026-02-14,4701,141384432.0
scats_continuation,1676,117517,2026-02-16,2026-02-16,4701,140626684.0
scats_continuation,1673,117517,2026-02-13,2026-02-13,4701,160250025.0
scats_continuation,1671,117501,2026-02-11,2026-02-11,4701,147468494.0
scats_continuation,1668,117456,2026-02-08,2026-02-08,4701,115879794.0
scats_continuation,1664,117456,2026-02-04,2026-02-04,4701,151533695.0
scats_continuation,1667,117456,2026-02-07,2026-02-07,4701,-41284.0
scats_continuation,1669,117456,2026-02-09,2026-02-09,4701,142856927.0
scats_continuation,1670,117456,2026-02-10,2026-02-10,4701,150085533.0
scats_continuation,1663,117456,2026-02-03,2026-02-03,4701,148978986.0
scats_continuation,1666,117456,2026-02-06,2026-02-06,4701,158797470.0
scats_continuation,1665,117456,2026-02-05,2026-02-05,4701,153929653.0
scats_continuation,1658,117424,2026-01-29,2026-01-29,4700,152410938.0
scats_continuation,1662,117424,2026-02-02,2026-02-02,4700,145114112.0
scats_continuation,1660,117424,2026-01-31,2026-01-31,4700,135268428.0
scats_continuation,1661,117424,2026-02-01,2026-02-01,4700,111415894.0
scats_continuation,1659,117424,2026-01-30,2026-01-30,4700,156578067.0
scats_continuation,1656,117384,2026-01-27,2026-01-27,4699,125353227.0
scats_continuation,1657,117384,2026-01-28,2026-01-28,4699,147698153.0
scats_continuation,1655,117376,2026-01-26,2026-01-26,4699,104444896.0
scats_continuation,1652,117376,2026-01-23,2026-01-23,4699,151119553.0
scats_continuation,1653,117376,2026-01-24,2026-01-24,4699,119426152.0
scats_continuation,1654,117376,2026-01-25,2026-01-25,4699,113040302.0
scats_continuation,1650,117360,2026-01-21,2026-01-21,4699,144674635.0
scats_continuation,1649,117360,2026-01-20,2026-01-20,4699,144559061.0
scats_continuation,1651,117360,2026-01-22,2026-01-22,4699,147350322.0
scats_continuation,1648,117320,2026-01-19,2026-01-19,4698,135930986.0
scats_continuation,1642,117312,2026-01-13,2026-01-13,4699,138150894.0
scats_continuation,1641,117312,2026-01-12,2026-01-12,4699,132038975.0
scats_continuation,1637,117304,2026-01-08,2026-01-08,4699,131364424.0
scats_continuation,1647,117304,2026-01-18,2026-01-18,4698,114127963.0
scats_continuation,1644,117296,2026-01-15,2026-01-15,4698,142825681.0
scats_continuation,1645,117296,2026-01-16,2026-01-16,4698,145955705.0
scats_continuation,1646,117296,2026-01-17,2026-01-17,4698,129039886.0
scats_continuation,1643,117288,2026-01-14,2026-01-14,4698,140228924.0
scats_continuation,1640,117280,2026-01-11,2026-01-11,4698,109108337.0
scats_continuation,1638,117280,2026-01-09,2026-01-09,4698,120894498.0
scats_continuation,1639,117280,2026-01-10,2026-01-10,4698,119421700.0
scats_continuation,1632,117272,2026-01-03,2026-01-03,4698,106338088.0
scats_continuation,1635,117272,2026-01-06,2026-01-06,4698,126746903.0
scats_continuation,1631,117272,2026-01-02,2026-01-02,4698,114841939.0
scats_continuation,1634,117272,2026-01-05,2026-01-05,4698,122104634.0
scats_continuation,1633,117272,2026-01-04,2026-01-04,4698,100943955.0
scats_continuation,1636,117272,2026-01-07,2026-01-07,4698,116891950.0
scats_continuation,1622,117264,2025-12-23,2025-12-23,4698,145344210.0
scats_continuation,1628,117264,2025-12-29,2025-12-29,4698,113137016.0
scats_continuation,1630,117264,2026-01-01,2026-01-01,4698,91764861.0
scats_continuation,1629,117264,2025-12-30,2025-12-30,4698,112586476.0
scats_continuation,1625,117264,2025-12-26,2025-12-26,4698,100099368.0
scats_continuation,1627,117264,2025-12-28,2025-12-28,4698,103574959.0
scats_continuation,1623,117264,2025-12-24,2025-12-24,4698,133540115.0
scats_continuation,1624,117264,2025-12-25,2025-12-25,4698,89797884.0
scats_continuation,1626,117264,2025-12-27,2025-12-27,4698,109282131.0
scats_continuation,1621,117264,2025-12-22,2025-12-22,4698,135258718.0
scats_continuation,1619,117240,2025-12-20,2025-12-20,4697,134452687.0
scats_continuation,1618,117240,2025-12-19,2025-12-19,4697,158253361.0
scats_continuation,1620,117240,2025-12-21,2025-12-21,4697,110775540.0
scats_continuation,1617,117222,2025-12-18,2025-12-18,4697,155864882.0
scats_continuation,1616,117190,2025-12-17,2025-12-17,4696,150800839.0
scats_continuation,1611,117190,2025-12-12,2025-12-12,4696,163211654.0
scats_continuation,1615,117190,2025-12-16,2025-12-16,4696,153913228.0
scats_continuation,1612,117190,2025-12-13,2025-12-13,4696,141422196.0
scats_continuation,1610,117190,2025-12-11,2025-12-11,4696,159491267.0
scats_continuation,1613,117190,2025-12-14,2025-12-14,4696,118060905.0
scats_continuation,1614,117190,2025-12-15,2025-12-15,4696,146851913.0
scats_continuation,1609,117182,2025-12-10,2025-12-10,4696,156561331.0
scats_continuation,1608,117182,2025-12-09,2025-12-09,4696,153387967.0
scats_continuation,1607,117086,2025-12-08,2025-12-08,4693,147106318.0
scats_continuation,1605,117078,2025-12-06,2025-12-06,4693,139201995.0
scats_continuation,1606,117078,2025-12-07,2025-12-07,4693,124196387.0
scats_continuation,1604,117078,2025-12-05,2025-12-05,4693,162909073.0
scats_continuation,1603,117062,2025-12-04,2025-12-04,4693,157637482.0
scats_continuation,1602,117054,2025-12-03,2025-12-03,4693,156140606.0
scats_continuation,1593,117038,2025-11-24,2025-11-24,4693,146174445.0
scats_continuation,1590,117038,2025-11-21,2025-11-21,4693,153868326.0
scats_continuation,1596,117038,2025-11-27,2025-11-27,4693,157088027.0
scats_continuation,1595,117038,2025-11-26,2025-11-26,4693,153643844.0
scats_continuation,1597,117038,2025-11-28,2025-11-28,4693,162954730.0
scats_continuation,1591,117038,2025-11-22,2025-11-22,4693,139953619.0
scats_continuation,1592,117038,2025-11-23,2025-11-23,4693,117688279.0
scats_continuation,1594,117038,2025-11-25,2025-11-25,4693,152447850.0
scats_continuation,1589,117030,2025-11-20,2025-11-20,4693,156122014.0
scats_continuation,1588,117022,2025-11-19,2025-11-19,4693,153438598.0
scats_continuation,1601,117022,2025-12-02,2025-12-02,4692,150981961.0
scats_continuation,1598,117014,2025-11-29,2025-11-29,4692,-45251.0
scats_continuation,1599,117014,2025-11-30,2025-11-30,4692,117133411.0
scats_continuation,1587,117014,2025-11-18,2025-11-18,4693,149666318.0
scats_continuation,1600,117014,2025-12-01,2025-12-01,4692,143482035.0
scats_continuation,1586,117014,2025-11-17,2025-11-17,4693,143490670.0
scats_continuation,1583,116966,2025-11-14,2025-11-14,4692,161020271.0
scats_continuation,1585,116966,2025-11-16,2025-11-16,4692,116483058.0
scats_continuation,1584,116966,2025-11-15,2025-11-15,4692,140930580.0
scats_continuation,1581,116886,2025-11-12,2025-11-12,4689,152685116.0
scats_continuation,1582,116886,2025-11-13,2025-11-13,4689,156805861.0
scats_continuation,1580,116878,2025-11-11,2025-11-11,4689,146955433.0
scats_continuation,1579,116846,2025-11-10,2025-11-10,4688,143380306.0
scats_continuation,1576,116838,2025-11-07,2025-11-07,4688,157336344.0
scats_continuation,1575,116838,2025-11-06,2025-11-06,4688,153222700.0
scats_continuation,1578,116838,2025-11-09,2025-11-09,4688,114768446.0
scats_continuation,1577,116838,2025-11-08,2025-11-08,4688,128733826.0
scats_continuation,1570,116830,2025-11-01,2025-11-01,4688,132362395.0
scats_continuation,1574,116830,2025-11-05,2025-11-05,4688,148402978.0
scats_continuation,1569,116830,2025-10-31,2025-10-31,4688,158063528.0
scats_continuation,1572,116830,2025-11-03,2025-11-03,4688,124415937.0
scats_continuation,1573,116830,2025-11-04,2025-11-04,4688,101494734.0
scats_continuation,1571,116830,2025-11-02,2025-11-02,4688,113690770.0
scats_continuation,1568,116810,2025-10-30,2025-10-30,4688,155175038.0
scats_continuation,1567,116770,2025-10-29,2025-10-29,4687,152288758.0
scats_continuation,1564,116746,2025-10-26,2025-10-26,4686,109245156.0
scats_continuation,1565,116746,2025-10-27,2025-10-27,4686,142343195.0
scats_continuation,1563,116746,2025-10-25,2025-10-25,4686,138306194.0
scats_continuation,1566,116746,2025-10-28,2025-10-28,4686,144333834.0
scats_continuation,1561,116746,2025-10-23,2025-10-23,4686,154508905.0
scats_continuation,1562,116746,2025-10-24,2025-10-24,4686,157596716.0
scats_continuation,1560,116746,2025-10-22,2025-10-22,4686,142961534.0
scats_continuation,1559,116736,2025-10-21,2025-10-21,4686,148628578.0
scats_continuation,1557,116728,2025-10-19,2025-10-19,4686,116334834.0
scats_continuation,1558,116728,2025-10-20,2025-10-20,4686,139312639.0
scats_continuation,1556,116720,2025-10-18,2025-10-18,4686,140317026.0
scats_continuation,1554,116720,2025-10-16,2025-10-16,4686,153590569.0
scats_continuation,1555,116720,2025-10-17,2025-10-17,4686,158067630.0
scats_continuation,1553,116688,2025-10-15,2025-10-15,4685,149039351.0
scats_continuation,1551,116680,2025-10-13,2025-10-13,4685,142712707.0
scats_continuation,1552,116680,2025-10-14,2025-10-14,4685,148616983.0
scats_continuation,1546,116656,2025-10-08,2025-10-08,4684,150196732.0
scats_continuation,1550,116656,2025-10-12,2025-10-12,4684,114319765.0
scats_continuation,1547,116656,2025-10-09,2025-10-09,4684,152106874.0
scats_continuation,1545,116656,2025-10-07,2025-10-07,4684,144549675.0
scats_continuation,1548,116656,2025-10-10,2025-10-10,4684,156443715.0
scats_continuation,1549,116656,2025-10-11,2025-10-11,4684,137051807.0
scats_continuation,1544,116619,2025-10-06,2025-10-06,4684,142196083.0
scats_continuation,1543,116571,2025-10-05,2025-10-05,4682,-45080.0
scats_continuation,1541,116571,2025-10-03,2025-10-03,4682,151475656.0
scats_continuation,1540,116571,2025-10-02,2025-10-02,4682,145993449.0
scats_continuation,1542,116571,2025-10-04,2025-10-04,4682,-45169.0
scats_continuation,1537,116563,2025-09-29,2025-09-29,4682,134219026.0
scats_continuation,1533,116563,2025-09-25,2025-09-25,4682,150567921.0
scats_continuation,1532,116563,2025-09-24,2025-09-24,4682,144705898.0
scats_continuation,1539,116563,2025-10-01,2025-10-01,4682,144897754.0
scats_continuation,1535,116563,2025-09-27,2025-09-27,4682,112157836.0
scats_continuation,1534,116563,2025-09-26,2025-09-26,4682,115290670.0
scats_continuation,1538,116563,2025-09-30,2025-09-30,4682,140639130.0
scats_continuation,1536,116563,2025-09-28,2025-09-28,4682,107895372.0
scats_continuation,1530,116555,2025-09-22,2025-09-22,4682,135531227.0
scats_continuation,1531,116555,2025-09-23,2025-09-23,4682,141328940.0
scats_continuation,1529,116547,2025-09-21,2025-09-21,4682,111307677.0
scats_continuation,1525,116539,2025-09-17,2025-09-17,4682,146841857.0
scats_continuation,1528,116539,2025-09-20,2025-09-20,4682,131854178.0
scats_continuation,1526,116539,2025-09-18,2025-09-18,4682,150281408.0
scats_continuation,1527,116539,2025-09-19,2025-09-19,4682,153818846.0
scats_continuation,1523,116531,2025-09-15,2025-09-15,4682,135716430.0
scats_continuation,1524,116531,2025-09-16,2025-09-16,4682,143852582.0
scats_continuation,1521,116523,2025-09-13,2025-09-13,4682,134633752.0
scats_continuation,1520,116523,2025-09-12,2025-09-12,4682,153726308.0
scats_continuation,1522,116523,2025-09-14,2025-09-14,4682,117420524.0
scats_continuation,1519,115867,2025-09-11,2025-09-11,4659,-45135.0
scats_continuation,1518,115792,2025-09-10,2025-09-10,4658,1128833.0
scats_continuation,1517,115752,2025-09-09,2025-09-09,4657,145170647.0
scats_continuation,1516,115744,2025-09-08,2025-09-08,4657,139144604.0
scats_continuation,1515,115736,2025-09-07,2025-09-07,4657,113326333.0
scats_continuation,1513,115736,2025-09-05,2025-09-05,4657,155347108.0
scats_continuation,1512,115736,2025-09-04,2025-09-04,4657,150229396.0
scats_continuation,1514,115736,2025-09-06,2025-09-06,4657,137813711.0
scats_continuation,1511,115728,2025-09-03,2025-09-03,4657,148025202.0
scats_continuation,1505,115688,2025-08-28,2025-08-28,4656,149412657.0
scats_continuation,1506,115688,2025-08-29,2025-08-29,4656,151068133.0
scats_continuation,1507,115688,2025-08-30,2025-08-30,4656,132092926.0
scats_continuation,1509,115688,2025-09-01,2025-09-01,4656,138407497.0
scats_continuation,1508,115688,2025-08-31,2025-08-31,4656,113061093.0
scats_continuation,1510,115688,2025-09-02,2025-09-02,4656,145275797.0
scats_continuation,1503,115680,2025-08-26,2025-08-26,4656,139262887.0
scats_continuation,1504,115680,2025-08-27,2025-08-27,4656,147025084.0
scats_continuation,1502,115640,2025-08-25,2025-08-25,4655,139248802.0
scats_continuation,1499,115608,2025-08-22,2025-08-22,4654,154304475.0
scats_continuation,1498,115608,2025-08-21,2025-08-21,4654,150264799.0
scats_continuation,1501,115608,2025-08-24,2025-08-24,4654,117404159.0
scats_continuation,1500,115608,2025-08-23,2025-08-23,4654,136340075.0
scats_continuation,1496,115576,2025-08-19,2025-08-19,4653,144793210.0
scats_continuation,1497,115576,2025-08-20,2025-08-20,4653,147226000.0
scats_continuation,1494,115520,2025-08-17,2025-08-17,4651,112824154.0
scats_continuation,1493,115520,2025-08-16,2025-08-16,4651,132985124.0
scats_continuation,1495,115520,2025-08-18,2025-08-18,4651,138162399.0
scats_continuation,1492,115520,2025-08-15,2025-08-15,4651,149716103.0
scats_continuation,1491,115520,2025-08-14,2025-08-14,4651,150095706.0
scats_continuation,1490,115488,2025-08-13,2025-08-13,4650,147210849.0
scats_continuation,1485,115456,2025-08-08,2025-08-08,4649,154425835.0
scats_continuation,1489,115456,2025-08-12,2025-08-12,4649,143312519.0
scats_continuation,1486,115456,2025-08-09,2025-08-09,4649,134347985.0
scats_continuation,1488,115456,2025-08-11,2025-08-11,4649,140102542.0
scats_continuation,1487,115456,2025-08-10,2025-08-10,4649,115469563.0
scats_continuation,1483,115432,2025-08-06,2025-08-06,4648,147576701.0
scats_continuation,1484,115432,2025-08-07,2025-08-07,4648,150373179.0
scats_continuation,1482,115416,2025-08-05,2025-08-05,4648,144188442.0
scats_continuation,1478,115408,2025-08-01,2025-08-01,4648,152989612.0
scats_continuation,1479,115408,2025-08-02,2025-08-02,4648,31088.0
scats_continuation,1481,115408,2025-08-04,2025-08-04,4648,137229407.0
scats_continuation,1480,115408,2025-08-03,2025-08-03,4648,116138432.0
scats_continuation,1477,115408,2025-07-31,2025-07-31,4648,149293334.0
scats_continuation,1468,115400,2025-07-22,2025-07-22,4648,140289763.0
scats_continuation,1469,115368,2025-07-23,2025-07-23,4647,145307636.0
scats_continuation,1465,115368,2025-07-19,2025-07-19,4647,129556321.0
scats_continuation,1475,115368,2025-07-29,2025-07-29,4647,143814830.0
scats_continuation,1470,115368,2025-07-24,2025-07-24,4647,149182250.0
scats_continuation,1473,115368,2025-07-27,2025-07-27,4647,110908035.0
scats_continuation,1474,115368,2025-07-28,2025-07-28,4647,138461861.0
scats_continuation,1476,115368,2025-07-30,2025-07-30,4647,146240904.0
scats_continuation,1466,115368,2025-07-20,2025-07-20,4647,111884965.0
scats_continuation,1467,115368,2025-07-21,2025-07-21,4647,135368361.0
scats_continuation,1471,115368,2025-07-25,2025-07-25,4647,149145202.0
scats_continuation,1472,115368,2025-07-26,2025-07-26,4647,130999350.0
scats_continuation,1464,115360,2025-07-18,2025-07-18,4647,148521909.0
scats_continuation,1463,115328,2025-07-17,2025-07-17,4646,142917445.0
scats_continuation,1462,115304,2025-07-16,2025-07-16,4645,141492949.0
scats_continuation,1461,115296,2025-07-15,2025-07-15,4645,136989277.0
scats_continuation,1460,115264,2025-07-14,2025-07-14,4644,132732097.0
scats_continuation,1458,115256,2025-07-12,2025-07-12,4644,125996110.0
scats_continuation,1457,115256,2025-07-11,2025-07-11,4644,145003773.0
scats_continuation,1459,115256,2025-07-13,2025-07-13,4644,105779182.0
scats_continuation,1452,115248,2025-07-06,2025-07-06,4644,109346756.0
scats_continuation,1454,115248,2025-07-08,2025-07-08,4644,136353551.0
scats_continuation,1449,115248,2025-07-03,2025-07-03,4644,145409003.0
scats_continuation,1450,115248,2025-07-04,2025-07-04,4644,149250850.0
scats_continuation,1453,115248,2025-07-07,2025-07-07,4644,132059267.0
scats_continuation,1456,115248,2025-07-10,2025-07-10,4644,141268301.0
scats_continuation,1451,115248,2025-07-05,2025-07-05,4644,129842740.0
scats_continuation,1455,115248,2025-07-09,2025-07-09,4644,141145696.0
scats_continuation,1448,115232,2025-07-02,2025-07-02,4643,140027623.0
scats_continuation,1447,115217,2025-07-01,2025-07-01,4643,140318457.0
scats_continuation,1446,115217,2025-06-30,2025-06-30,4643,136239575.0
scats_continuation,1441,115209,2025-06-25,2025-06-25,4643,141916761.0
scats_continuation,1444,115209,2025-06-28,2025-06-28,4643,132489305.0
scats_continuation,1442,115209,2025-06-26,2025-06-26,4643,147496496.0
scats_continuation,1445,115209,2025-06-29,2025-06-29,4643,110121594.0
scats_continuation,1443,115209,2025-06-27,2025-06-27,4643,151600088.0
scats_continuation,1436,115169,2025-06-20,2025-06-20,4642,152711115.0
scats_continuation,1440,115169,2025-06-24,2025-06-24,4642,140929483.0
scats_continuation,1437,115169,2025-06-21,2025-06-21,4642,134535472.0
scats_continuation,1439,115169,2025-06-23,2025-06-23,4642,132896300.0
scats_continuation,1438,115169,2025-06-22,2025-06-22,4642,111274699.0
scats_continuation,1435,115153,2025-06-19,2025-06-19,4642,147309622.0
scats_continuation,1434,115121,2025-06-18,2025-06-18,4642,145361843.0
scats_continuation,1433,115051,2025-06-17,2025-06-17,4641,142390668.0
scats_continuation,1432,115030,2025-06-16,2025-06-16,4641,136519615.0
scats_continuation,1431,115006,2025-06-15,2025-06-15,4641,110279099.0
scats_continuation,1429,115006,2025-06-13,2025-06-13,4641,151171176.0
scats_continuation,1430,115006,2025-06-14,2025-06-14,4641,-44810.0
scats_continuation,1428,114998,2025-06-12,2025-06-12,4641,145619075.0
scats_continuation,1427,114982,2025-06-11,2025-06-11,4641,142217028.0
scats_continuation,1426,114974,2025-06-10,2025-06-10,4641,138091606.0
scats_continuation,1425,114950,2025-06-09,2025-06-09,4640,95049736.0
scats_continuation,1422,114950,2025-06-06,2025-06-06,4640,149368223.0
scats_continuation,1424,114950,2025-06-08,2025-06-08,4640,105351138.0
scats_continuation,1423,114950,2025-06-07,2025-06-07,4640,121894168.0
scats_continuation,1421,114942,2025-06-05,2025-06-05,4640,148516705.0
scats_continuation,1420,114918,2025-06-04,2025-06-04,4640,144782735.0
scats_continuation,1419,114894,2025-06-03,2025-06-03,4640,141265103.0
scats_continuation,1418,114854,2025-06-02,2025-06-02,4639,137811525.0
scats_continuation,1417,114838,2025-06-01,2025-06-01,4639,113491074.0
scats_continuation,1415,114830,2025-05-30,2025-05-30,4639,152660431.0
scats_continuation,1416,114830,2025-05-31,2025-05-31,4639,134824432.0
scats_continuation,1414,114822,2025-05-29,2025-05-29,4639,148548774.0
scats_continuation,1413,114814,2025-05-28,2025-05-28,4639,145716273.0
scats_continuation,1411,114759,2025-05-26,2025-05-26,4638,137441576.0
scats_continuation,1410,114741,2025-05-25,2025-05-25,4638,113921018.0
scats_continuation,1408,114733,2025-05-23,2025-05-23,4638,152467729.0
scats_continuation,1409,114733,2025-05-24,2025-05-24,4638,134285879.0
scats_continuation,1407,114725,2025-05-22,2025-05-22,4638,148193480.0
scats_continuation,1406,114695,2025-05-21,2025-05-21,4638,146381262.0
scats_continuation,1405,114664,2025-05-20,2025-05-20,4638,144139714.0
scats_continuation,1404,114620,2025-05-19,2025-05-19,4637,138469416.0
scats_continuation,1403,114612,2025-05-18,2025-05-18,4637,114413193.0
scats_continuation,1401,114604,2025-05-16,2025-05-16,4637,153555215.0
scats_continuation,1402,114604,2025-05-17,2025-05-17,4637,131019458.0
scats_continuation,1400,114596,2025-05-15,2025-05-15,4637,150464823.0
scats_continuation,1398,114581,2025-05-13,2025-05-13,4637,145242424.0
scats_continuation,1397,114581,2025-05-12,2025-05-12,4637,139667556.0
scats_continuation,1399,114581,2025-05-14,2025-05-14,4637,147713876.0
scats_continuation,1394,114529,2025-05-09,2025-05-09,4635,155276281.0
scats_continuation,1395,114529,2025-05-10,2025-05-10,4635,139223369.0
scats_continuation,1396,114529,2025-05-11,2025-05-11,4635,120504339.0
scats_continuation,1393,114489,2025-05-08,2025-05-08,4634,150769687.0
scats_continuation,1392,114481,2025-05-07,2025-05-07,4634,147317955.0
scats_continuation,1391,114481,2025-05-06,2025-05-06,4634,145374749.0
scats_continuation,1390,114449,2025-05-05,2025-05-05,4633,137855182.0
scats_continuation,1389,114449,2025-05-04,2025-05-04,4633,113711352.0
scats_continuation,1386,114417,2025-05-01,2025-05-01,4632,150084693.0
scats_continuation,1387,114417,2025-05-02,2025-05-02,4632,155078459.0
scats_continuation,1388,114417,2025-05-03,2025-05-03,4632,135115800.0
scats_continuation,1385,114385,2025-04-30,2025-04-30,4631,148797607.0
scats_continuation,1384,114369,2025-04-29,2025-04-29,4631,129766946.0
scats_continuation,1383,114337,2025-04-28,2025-04-28,4630,140259060.0
scats_continuation,1380,114321,2025-04-25,2025-04-25,4630,102462739.0
scats_continuation,1379,114321,2025-04-24,2025-04-24,4630,149424398.0
scats_continuation,1381,114321,2025-04-26,2025-04-26,4630,124642609.0
scats_continuation,1382,114321,2025-04-27,2025-04-27,4630,109434212.0
scats_continuation,1378,114305,2025-04-23,2025-04-23,4630,141634729.0
scats_continuation,1377,114281,2025-04-22,2025-04-22,4630,135501455.0
scats_continuation,1376,114281,2025-04-21,2025-04-21,4630,97225958.0
scats_continuation,1375,114281,2025-04-20,2025-04-20,4630,97054613.0
scats_continuation,1374,114281,2025-04-19,2025-04-19,4630,111803907.0
scats_continuation,1373,114281,2025-04-18,2025-04-18,4630,96217735.0
scats_continuation,1372,114281,2025-04-17,2025-04-17,4630,153761267.0
scats_continuation,1371,114265,2025-04-16,2025-04-16,4630,146817510.0
scats_continuation,1370,114225,2025-04-15,2025-04-15,4629,143707318.0
scats_continuation,1369,114217,2025-04-14,2025-04-14,4629,136332137.0
scats_continuation,1368,114177,2025-04-13,2025-04-13,4628,112324008.0
scats_continuation,1366,114169,2025-04-11,2025-04-11,4628,148733470.0
scats_continuation,1365,114169,2025-04-10,2025-04-10,4628,146333649.0
scats_continuation,1367,114169,2025-04-12,2025-04-12,4628,130639077.0
scats_continuation,1364,114169,2025-04-09,2025-04-09,4628,143686907.0
scats_continuation,1363,114137,2025-04-08,2025-04-08,4627,141368072.0
scats_continuation,1362,114113,2025-04-07,2025-04-07,4627,135380325.0
scats_continuation,1361,114081,2025-04-06,2025-04-06,4627,114998350.0
scats_continuation,1359,114073,2025-04-04,2025-04-04,4627,153708902.0
scats_continuation,1360,114073,2025-04-05,2025-04-05,4627,133307703.0
scats_continuation,1358,114057,2025-04-03,2025-04-03,4627,150679475.0
scats_continuation,1356,114025,2025-04-01,2025-04-01,4627,145248588.0
scats_continuation,1357,114017,2025-04-02,2025-04-02,4626,147558307.0
scats_continuation,1351,114001,2025-03-27,2025-03-27,4626,152017958.0
scats_continuation,1349,114001,2025-03-25,2025-03-25,4626,144905018.0
scats_continuation,1353,114001,2025-03-29,2025-03-29,4626,134313019.0
scats_continuation,1352,114001,2025-03-28,2025-03-28,4626,156195428.0
scats_continuation,1348,114001,2025-03-24,2025-03-24,4626,140639099.0
scats_continuation,1350,114001,2025-03-26,2025-03-26,4626,147202906.0
scats_continuation,1354,114001,2025-03-30,2025-03-30,4626,114105977.0
scats_continuation,1355,114001,2025-03-31,2025-03-31,4626,139845409.0
scats_continuation,1346,113985,2025-03-22,2025-03-22,4626,136792178.0
scats_continuation,1345,113985,2025-03-21,2025-03-21,4626,155885898.0
scats_continuation,1347,113985,2025-03-23,2025-03-23,4626,117227163.0
scats_continuation,1343,113977,2025-03-19,2025-03-19,4626,150353331.0
scats_continuation,1342,113977,2025-03-18,2025-03-18,4626,147747511.0
scats_continuation,1344,113953,2025-03-20,2025-03-20,4625,150190741.0
scats_continuation,1337,113945,2025-03-13,2025-03-13,4625,152896295.0
scats_continuation,1341,113945,2025-03-17,2025-03-17,4625,142051638.0
scats_continuation,1339,113945,2025-03-15,2025-03-15,4625,135089235.0
scats_continuation,1338,113945,2025-03-14,2025-03-14,4625,156418019.0
scats_continuation,1336,113945,2025-03-12,2025-03-12,4625,148171450.0
scats_continuation,1340,113945,2025-03-16,2025-03-16,4625,107730393.0
scats_continuation,1331,113913,2025-03-07,2025-03-07,4624,154315538.0
scats_continuation,1335,113913,2025-03-11,2025-03-11,4624,144697770.0
scats_continuation,1332,113913,2025-03-08,2025-03-08,4624,126978624.0
scats_continuation,1334,113913,2025-03-10,2025-03-10,4624,102905861.0
scats_continuation,1333,113913,2025-03-09,2025-03-09,4624,110077411.0
scats_continuation,1328,113849,2025-03-04,2025-03-04,4622,146597834.0
scats_continuation,1325,113849,2025-03-01,2025-03-01,4622,136568358.0
scats_continuation,1329,113849,2025-03-05,2025-03-05,4622,149222184.0
scats_continuation,1327,113849,2025-03-03,2025-03-03,4622,141998339.0
scats_continuation,1326,113849,2025-03-02,2025-03-02,4622,115049146.0
scats_continuation,1330,113849,2025-03-06,2025-03-06,4622,152092670.0
scats_continuation,1324,113841,2025-02-27,2025-02-27,4622,151985072.0
scats_continuation,1323,113809,2025-02-26,2025-02-26,4621,149579522.0
scats_continuation,1322,113801,2025-02-25,2025-02-25,4621,147655331.0
scats_continuation,1321,113793,2025-02-24,2025-02-24,4621,140588409.0
scats_continuation,1320,113761,2025-02-23,2025-02-23,4620,113083067.0
scats_continuation,1318,113761,2025-02-21,2025-02-21,4620,155549443.0
scats_continuation,1319,113761,2025-02-22,2025-02-22,4620,133503531.0
scats_continuation,1312,113753,2025-02-15,2025-02-15,4620,132402915.0
scats_continuation,1316,113753,2025-02-19,2025-02-19,4620,148812717.0
scats_continuation,1314,113753,2025-02-17,2025-02-17,4620,141302376.0
scats_continuation,1310,113753,2025-02-13,2025-02-13,4620,148166531.0
scats_continuation,1317,113753,2025-02-20,2025-02-20,4620,151446181.0
scats_continuation,1313,113753,2025-02-16,2025-02-16,4620,112790189.0
scats_continuation,1315,113753,2025-02-18,2025-02-18,4620,146193958.0
scats_continuation,1311,113753,2025-02-14,2025-02-14,4620,156912346.0
scats_continuation,1309,113745,2025-02-12,2025-02-12,4620,148207884.0
scats_continuation,1308,113713,2025-02-11,2025-02-11,4619,146866733.0
scats_continuation,1307,113689,2025-02-10,2025-02-10,4618,140285478.0
scats_continuation,1306,113689,2025-02-09,2025-02-09,4618,113251252.0
scats_continuation,1305,113689,2025-02-08,2025-02-08,4618,134929829.0
scats_continuation,1303,113689,2025-02-06,2025-02-06,4618,149336226.0
scats_continuation,1304,113689,2025-02-07,2025-02-07,4618,154176615.0
scats_continuation,1302,113681,2025-02-05,2025-02-05,4618,147164481.0
scats_continuation,1300,113665,2025-02-03,2025-02-03,4618,136043112.0
scats_continuation,1301,113649,2025-02-04,2025-02-04,4617,142370926.0
scats_continuation,1297,113633,2025-01-31,2025-01-31,4617,152741173.0
scats_continuation,1299,113633,2025-02-02,2025-02-02,4617,107104342.0
scats_continuation,1298,113633,2025-02-01,2025-02-01,4617,132682660.0
scats_continuation,1292,113579,2025-01-26,2025-01-26,4616,108628751.0
scats_continuation,1294,113579,2025-01-28,2025-01-28,4616,140854035.0
scats_continuation,1295,113579,2025-01-29,2025-01-29,4616,145004097.0
scats_continuation,1290,113579,2025-01-24,2025-01-24,4616,146538229.0
scats_continuation,1296,113579,2025-01-30,2025-01-30,4616,147742719.0
scats_continuation,1291,113579,2025-01-25,2025-01-25,4616,123831885.0
scats_continuation,1293,113579,2025-01-27,2025-01-27,4616,94258122.0
scats_continuation,1289,113555,2025-01-23,2025-01-23,4615,143997998.0
scats_continuation,1288,113555,2025-01-22,2025-01-22,4615,142155908.0
scats_continuation,1285,113531,2025-01-19,2025-01-19,4614,109956895.0
scats_continuation,1284,113531,2025-01-18,2025-01-18,4614,125826717.0
scats_continuation,1283,113531,2025-01-17,2025-01-17,4614,143712012.0
scats_continuation,1286,113531,2025-01-20,2025-01-20,4614,134311104.0
scats_continuation,1287,113531,2025-01-21,2025-01-21,4614,138578500.0
scats_continuation,1281,113507,2025-01-15,2025-01-15,4613,134923102.0
scats_continuation,1282,113507,2025-01-16,2025-01-16,4613,140230646.0
scats_continuation,1280,113499,2025-01-14,2025-01-14,4613,135474741.0
scats_continuation,1275,113483,2025-01-09,2025-01-09,4613,128238854.0
scats_continuation,1278,113483,2025-01-12,2025-01-12,4613,98828926.0
scats_continuation,1279,113483,2025-01-13,2025-01-13,4613,128367178.0
scats_continuation,1277,113483,2025-01-11,2025-01-11,4613,116916976.0
scats_continuation,1276,113483,2025-01-10,2025-01-10,4613,132727366.0
scats_continuation,1274,113467,2025-01-08,2025-01-08,4613,126497686.0
scats_continuation,1273,113435,2025-01-07,2025-01-07,4612,122479230.0
scats_continuation,1272,113403,2025-01-06,2025-01-06,4611,115237123.0
scats_continuation,1271,113403,2025-01-05,2025-01-05,4611,92611488.0
scats_continuation,1270,113403,2025-01-04,2025-01-04,4611,102585989.0
scats_continuation,1268,113403,2025-01-02,2025-01-02,4611,111352092.0
scats_continuation,1269,113403,2025-01-03,2025-01-03,4611,116795565.0
scats_continuation,1266,113395,2024-12-31,2024-12-31,4611,111591315.0
scats_continuation,1264,113395,2024-12-29,2024-12-29,4611,98260794.0
scats_continuation,1267,113395,2025-01-01,2025-01-01,4611,89344528.0
scats_continuation,1265,113395,2024-12-30,2024-12-30,4611,110467524.0
scats_continuation,1260,113395,2024-12-25,2024-12-25,4611,90214157.0
scats_continuation,1262,113395,2024-12-27,2024-12-27,4611,115459332.0
scats_continuation,1259,113395,2024-12-24,2024-12-24,4611,127891568.0
scats_continuation,1258,113395,2024-12-23,2024-12-23,4611,136195088.0
scats_continuation,1263,113395,2024-12-28,2024-12-28,4611,103482915.0
scats_continuation,1261,113395,2024-12-26,2024-12-26,4611,92346056.0
scats_continuation,1257,113371,2024-12-22,2024-12-22,4610,115071823.0
scats_continuation,1256,113371,2024-12-21,2024-12-21,4610,132006561.0
scats_continuation,1255,113371,2024-12-20,2024-12-20,4610,154488318.0
scats_continuation,1253,113347,2024-12-18,2024-12-18,4609,154123465.0
scats_continuation,1254,113347,2024-12-19,2024-12-19,4609,156001834.0
scats_continuation,1252,113323,2024-12-17,2024-12-17,4608,149617622.0
scats_continuation,1249,113315,2024-12-14,2024-12-14,4608,140169860.0
scats_continuation,1251,113315,2024-12-16,2024-12-16,4608,135590877.0
scats_continuation,1250,113315,2024-12-15,2024-12-15,4608,120009612.0
scats_continuation,1248,113307,2024-12-13,2024-12-13,4608,159471998.0
scats_continuation,1247,113243,2024-12-12,2024-12-12,4606,156328218.0
scats_continuation,1246,113235,2024-12-11,2024-12-11,4606,152209542.0
scats_continuation,1245,113211,2024-12-10,2024-12-10,4605,146828879.0
scats_continuation,1242,113147,2024-12-07,2024-12-07,4603,137898365.0
scats_continuation,1241,113147,2024-12-06,2024-12-06,4603,141745546.0
scats_continuation,1243,113147,2024-12-08,2024-12-08,4603,119017666.0
scats_continuation,1244,113147,2024-12-09,2024-12-09,4603,128975705.0
scats_continuation,1239,113131,2024-12-04,2024-12-04,4603,152527491.0
scats_continuation,1238,113131,2024-12-03,2024-12-03,4603,147753052.0
scats_continuation,1240,113131,2024-12-05,2024-12-05,4603,154787473.0
scats_continuation,1237,113099,2024-12-02,2024-12-02,4602,143697327.0
scats_continuation,1234,113067,2024-11-29,2024-11-29,4601,159717914.0
scats_continuation,1235,113067,2024-11-30,2024-11-30,4601,135852552.0
scats_continuation,1236,113067,2024-12-01,2024-12-01,4601,118497952.0
scats_continuation,1232,113034,2024-11-27,2024-11-27,4601,147440276.0
scats_continuation,1233,113034,2024-11-28,2024-11-28,4601,153913509.0
scats_continuation,1231,113010,2024-11-26,2024-11-26,4600,144825852.0
scats_continuation,1228,113002,2024-11-23,2024-11-23,4600,128384584.0
scats_continuation,1227,112994,2024-11-22,2024-11-22,4600,155527950.0
scats_continuation,1230,112994,2024-11-25,2024-11-25,4600,141346142.0
scats_continuation,1226,112994,2024-11-21,2024-11-21,4600,152645810.0
scats_continuation,1229,112994,2024-11-24,2024-11-24,4600,113715655.0
scats_continuation,1225,112994,2024-11-20,2024-11-20,4600,150926302.0
scats_continuation,1222,112978,2024-11-17,2024-11-17,4600,112384811.0
scats_continuation,1224,112978,2024-11-19,2024-11-19,4600,146028411.0
scats_continuation,1220,112978,2024-11-15,2024-11-15,4600,155553454.0
scats_continuation,1223,112978,2024-11-18,2024-11-18,4600,140827965.0
scats_continuation,1221,112978,2024-11-16,2024-11-16,4600,134931420.0
scats_continuation,1219,112962,2024-11-14,2024-11-14,4600,152064238.0
scats_continuation,1218,112930,2024-11-13,2024-11-13,4599,147656506.0
scats_continuation,1215,112922,2024-11-10,2024-11-10,4599,113919204.0
scats_continuation,1213,112922,2024-11-08,2024-11-08,4599,154137572.0
scats_continuation,1214,112922,2024-11-09,2024-11-09,4599,133641988.0
scats_continuation,1216,112922,2024-11-11,2024-11-11,4599,141227803.0
scats_continuation,1217,112922,2024-11-12,2024-11-12,4599,145019144.0
scats_continuation,1211,112922,2024-11-06,2024-11-06,4599,141419609.0
scats_continuation,1212,112922,2024-11-07,2024-11-07,4599,149460348.0
scats_continuation,1209,112878,2024-11-04,2024-11-04,4598,127037242.0
scats_continuation,1210,112878,2024-11-05,2024-11-05,4598,103819912.0
scats_continuation,1206,112870,2024-11-01,2024-11-01,4598,153291650.0
scats_continuation,1205,112870,2024-10-31,2024-10-31,4598,150569968.0
scats_continuation,1207,112870,2024-11-02,2024-11-02,4598,126178849.0
scats_continuation,1208,112870,2024-11-03,2024-11-03,4598,107350546.0
scats_continuation,1204,112862,2024-10-30,2024-10-30,4598,148449694.0
scats_continuation,1203,112830,2024-10-29,2024-10-29,4597,145565898.0
scats_continuation,1202,112798,2024-10-28,2024-10-28,4596,139844319.0
scats_continuation,1200,112790,2024-10-26,2024-10-26,4596,126368939.0
scats_continuation,1199,112790,2024-10-25,2024-10-25,4596,144295259.0
scats_continuation,1198,112790,2024-10-24,2024-10-24,4596,150823850.0
scats_continuation,1201,112790,2024-10-27,2024-10-27,4596,113478244.0
scats_continuation,1197,112782,2024-10-23,2024-10-23,4596,147895876.0
scats_continuation,1196,112782,2024-10-22,2024-10-22,4596,145394461.0
scats_continuation,1194,112750,2024-10-20,2024-10-20,4595,113904959.0
scats_continuation,1192,112750,2024-10-18,2024-10-18,4595,147676422.0
scats_continuation,1189,112750,2024-10-15,2024-10-15,4595,144690962.0
scats_continuation,1186,112750,2024-10-12,2024-10-12,4595,134519384.0
scats_continuation,1187,112750,2024-10-13,2024-10-13,4595,114458265.0
scats_continuation,1193,112750,2024-10-19,2024-10-19,4595,134221999.0
scats_continuation,1185,112750,2024-10-11,2024-10-11,4595,153674006.0
scats_continuation,1188,112750,2024-10-14,2024-10-14,4595,139415431.0
scats_continuation,1195,112750,2024-10-21,2024-10-21,4595,139621523.0
scats_continuation,1190,112750,2024-10-16,2024-10-16,4595,147702621.0
scats_continuation,1191,112750,2024-10-17,2024-10-17,4595,148278689.0
scats_continuation,1183,112718,2024-10-09,2024-10-09,4594,147145593.0
scats_continuation,1184,112718,2024-10-10,2024-10-10,4594,148435330.0
scats_continuation,1178,112686,2024-10-04,2024-10-04,4593,145292491.0
scats_continuation,1180,112686,2024-10-06,2024-10-06,4593,-44147.0
scats_continuation,1179,112686,2024-10-05,2024-10-05,4593,126513630.0
scats_continuation,1181,112686,2024-10-07,2024-10-07,4593,134540854.0
scats_continuation,1182,112686,2024-10-08,2024-10-08,4593,142960117.0
scats_continuation,1177,112670,2024-10-03,2024-10-03,4593,144192191.0
scats_continuation,1176,112654,2024-10-02,2024-10-02,4593,141842573.0
scats_continuation,1175,112646,2024-10-01,2024-10-01,4593,137617335.0
scats_continuation,1174,112630,2024-09-29,2024-09-29,4593,99075603.0
scats_continuation,1173,112630,2024-09-28,2024-09-28,4593,109549321.0
scats_continuation,1171,112630,2024-09-26,2024-09-26,4593,146677358.0
scats_continuation,1172,112630,2024-09-27,2024-09-27,4593,112198116.0
scats_continuation,1169,112595,2024-09-24,2024-09-24,4593,136689420.0
scats_continuation,1168,112595,2024-09-23,2024-09-23,4593,125601169.0
scats_continuation,1170,112595,2024-09-25,2024-09-25,4593,136619484.0
scats_continuation,1165,112593,2024-09-20,2024-09-20,4592,147762134.0
scats_continuation,1166,112593,2024-09-21,2024-09-21,4592,126726361.0
scats_continuation,1167,112593,2024-09-22,2024-09-22,4592,108121847.0
scats_continuation,1164,112591,2024-09-19,2024-09-19,4591,144798453.0
scats_continuation,1163,112583,2024-09-18,2024-09-18,4591,143261347.0
scats_continuation,1161,112583,2024-09-16,2024-09-16,4591,133547458.0
scats_continuation,1162,112583,2024-09-17,2024-09-17,4591,140866378.0
scats_continuation,1160,112575,2024-09-15,2024-09-15,4591,109947359.0
scats_continuation,1157,112575,2024-09-12,2024-09-12,4591,146777196.0
scats_continuation,1158,112575,2024-09-13,2024-09-13,4591,150021385.0
scats_continuation,1159,112575,2024-09-14,2024-09-14,4591,126343665.0
scats_continuation,1156,112533,2024-09-11,2024-09-11,4590,136583753.0
scats_continuation,1155,112501,2024-09-10,2024-09-10,4589,141504525.0
scats_continuation,1154,112501,2024-09-09,2024-09-09,4589,135598765.0
scats_continuation,1153,112493,2024-09-08,2024-09-08,4589,109369052.0
scats_continuation,1150,112493,2024-09-05,2024-09-05,4589,142019984.0
scats_continuation,1151,112493,2024-09-06,2024-09-06,4589,147755561.0
scats_continuation,1152,112493,2024-09-07,2024-09-07,4589,131517251.0
scats_continuation,1149,112424,2024-09-04,2024-09-04,4589,143990346.0
scats_continuation,1146,112392,2024-09-01,2024-09-01,4588,110857787.0
scats_continuation,1144,112392,2024-08-30,2024-08-30,4588,149928412.0
scats_continuation,1145,112392,2024-08-31,2024-08-31,4588,131659193.0
scats_continuation,1148,112392,2024-09-03,2024-09-03,4588,140437665.0
scats_continuation,1147,112392,2024-09-02,2024-09-02,4588,124243541.0
scats_continuation,1143,112374,2024-08-29,2024-08-29,4588,146000160.0
scats_continuation,1142,112374,2024-08-28,2024-08-28,4588,138908451.0
scats_continuation,1141,112360,2024-08-27,2024-08-27,4588,138989757.0
scats_continuation,1136,112352,2024-08-22,2024-08-22,4588,145119546.0
scats_continuation,1137,112352,2024-08-23,2024-08-23,4588,143318291.0
scats_continuation,1138,112352,2024-08-24,2024-08-24,4588,130820690.0
scats_continuation,1139,112352,2024-08-25,2024-08-25,4588,107744194.0
scats_continuation,1140,112352,2024-08-26,2024-08-26,4588,135096866.0
scats_continuation,1135,112328,2024-08-21,2024-08-21,4587,143020018.0
scats_continuation,1134,112264,2024-08-20,2024-08-20,4585,139332818.0
scats_continuation,1130,112236,2024-08-16,2024-08-16,4585,147424852.0
scats_continuation,1131,112236,2024-08-17,2024-08-17,4585,128636870.0
scats_continuation,1129,112236,2024-08-15,2024-08-15,4585,145875312.0
scats_continuation,1133,112236,2024-08-19,2024-08-19,4585,132418098.0
scats_continuation,1132,112236,2024-08-18,2024-08-18,4585,110900585.0
scats_continuation,1128,112221,2024-08-14,2024-08-14,4585,143090312.0
scats_continuation,1127,112181,2024-08-13,2024-08-13,4584,140006911.0
scats_continuation,1126,112175,2024-08-12,2024-08-12,4584,134652638.0
scats_continuation,1125,112139,2024-08-11,2024-08-11,4584,112320223.0
scats_continuation,1123,112139,2024-08-09,2024-08-09,4584,148447682.0
scats_continuation,1124,112139,2024-08-10,2024-08-10,4584,130787514.0
scats_continuation,1122,112109,2024-08-08,2024-08-08,4584,144446089.0
scats_continuation,1120,112101,2024-08-06,2024-08-06,4584,139746401.0
scats_continuation,1121,112101,2024-08-07,2024-08-07,4584,141953412.0
scats_continuation,1119,112092,2024-08-05,2024-08-05,4584,131553208.0
scats_continuation,1118,111764,2024-08-04,2024-08-04,4572,110294606.0
scats_continuation,1116,111764,2024-08-02,2024-08-02,4572,147823810.0
scats_continuation,1117,111764,2024-08-03,2024-08-03,4572,128344799.0
scats_continuation,1114,111751,2024-07-31,2024-07-31,4572,142112794.0
scats_continuation,1115,111751,2024-08-01,2024-08-01,4572,143993772.0
scats_continuation,1111,111719,2024-07-28,2024-07-28,4571,-44034.0
scats_continuation,1109,111719,2024-07-26,2024-07-26,4571,149441337.0
scats_continuation,1110,111719,2024-07-27,2024-07-27,4571,124865459.0
scats_continuation,1108,111719,2024-07-25,2024-07-25,4571,143131042.0
scats_continuation,1112,111719,2024-07-29,2024-07-29,4571,133425926.0
scats_continuation,1113,111719,2024-07-30,2024-07-30,4571,139474580.0
scats_continuation,1107,111708,2024-07-24,2024-07-24,4571,142222671.0
scats_continuation,1106,111700,2024-07-23,2024-07-23,4571,133651372.0
scats_continuation,1105,111700,2024-07-22,2024-07-22,4571,133069933.0
scats_continuation,1098,111687,2024-07-15,2024-07-15,4572,129318426.0
scats_continuation,1099,111687,2024-07-16,2024-07-16,4572,134865818.0
scats_continuation,1100,111687,2024-07-17,2024-07-17,4572,139314526.0
scats_continuation,1094,111671,2024-07-11,2024-07-11,4572,136329996.0
scats_continuation,1096,111671,2024-07-13,2024-07-13,4572,123844610.0
scats_continuation,1104,111671,2024-07-21,2024-07-21,4571,107652589.0
scats_continuation,1097,111671,2024-07-14,2024-07-14,4572,104612614.0
scats_continuation,1095,111671,2024-07-12,2024-07-12,4572,141788542.0
scats_continuation,1103,111671,2024-07-20,2024-07-20,4571,124822655.0
scats_continuation,1102,111671,2024-07-19,2024-07-19,4571,146445258.0
scats_continuation,1101,111663,2024-07-18,2024-07-18,4571,143412241.0
scats_continuation,1093,111615,2024-07-10,2024-07-10,4570,134534463.0
scats_continuation,1091,111607,2024-07-08,2024-07-08,4570,122735005.0
scats_continuation,1092,111607,2024-07-09,2024-07-09,4570,125699185.0
scats_continuation,1088,111599,2024-07-05,2024-07-05,4570,140370451.0
scats_continuation,1090,111599,2024-07-07,2024-07-07,4570,103517279.0
scats_continuation,1089,111599,2024-07-06,2024-07-06,4570,120607433.0
scats_continuation,1087,111591,2024-07-04,2024-07-04,4570,137200875.0
scats_continuation,1081,111567,2024-06-28,2024-06-28,4569,146477119.0
scats_continuation,1084,111567,2024-07-01,2024-07-01,4569,126634379.0
scats_continuation,1082,111567,2024-06-29,2024-06-29,4569,121464119.0
scats_continuation,1083,111567,2024-06-30,2024-06-30,4569,104005240.0
scats_continuation,1086,111567,2024-07-03,2024-07-03,4569,135784751.0
scats_continuation,1085,111567,2024-07-02,2024-07-02,4569,132908766.0
scats_continuation,1080,111535,2024-06-27,2024-06-27,4568,142379309.0
scats_continuation,1074,111527,2024-06-21,2024-06-21,4568,148094491.0
scats_continuation,1079,111527,2024-06-26,2024-06-26,4568,140651982.0
scats_continuation,1076,111527,2024-06-23,2024-06-23,4568,109584631.0
scats_continuation,1073,111527,2024-06-20,2024-06-20,4568,143591828.0
scats_continuation,1078,111527,2024-06-25,2024-06-25,4568,137085752.0
scats_continuation,1075,111527,2024-06-22,2024-06-22,4568,129487889.0
scats_continuation,1077,111527,2024-06-24,2024-06-24,4568,128133375.0
scats_continuation,1072,111519,2024-06-19,2024-06-19,4568,142015216.0
scats_continuation,1071,111511,2024-06-18,2024-06-18,4568,138239437.0
scats_continuation,1070,111479,2024-06-17,2024-06-17,4567,133649642.0
scats_continuation,1068,111447,2024-06-15,2024-06-15,4566,129603847.0
scats_continuation,1067,111447,2024-06-14,2024-06-14,4566,146798991.0
scats_continuation,1069,111447,2024-06-16,2024-06-16,4566,108166340.0
scats_continuation,1066,111439,2024-06-13,2024-06-13,4566,142310574.0
scats_continuation,1064,111391,2024-06-11,2024-06-11,4564,132970914.0
scats_continuation,1065,111391,2024-06-12,2024-06-12,4564,139829614.0
scats_continuation,1061,111383,2024-06-08,2024-06-08,4564,119693604.0
scats_continuation,1063,111383,2024-06-10,2024-06-10,4564,95727854.0
scats_continuation,1058,111383,2024-06-05,2024-06-05,4564,140319967.0
scats_continuation,1060,111383,2024-06-07,2024-06-07,4564,146125591.0
scats_continuation,1059,111383,2024-06-06,2024-06-06,4564,143569635.0
scats_continuation,1062,111383,2024-06-09,2024-06-09,4564,103200571.0
scats_continuation,1057,111351,2024-06-04,2024-06-04,4563,137513955.0
scats_continuation,1056,111351,2024-06-03,2024-06-03,4563,131983248.0
scats_continuation,1051,111335,2024-05-29,2024-05-29,4563,141259072.0
scats_continuation,1053,111335,2024-05-31,2024-05-31,4563,145944936.0
scats_continuation,1050,111335,2024-05-28,2024-05-28,4563,138035993.0
scats_continuation,1054,111335,2024-06-01,2024-06-01,4563,126443124.0
scats_continuation,1055,111335,2024-06-02,2024-06-02,4563,106381766.0
scats_continuation,1052,111335,2024-05-30,2024-05-30,4563,141346100.0
scats_continuation,1046,111303,2024-05-24,2024-05-24,4562,147155343.0
scats_continuation,1048,111303,2024-05-26,2024-05-26,4562,110156234.0
scats_continuation,1049,111303,2024-05-27,2024-05-27,4562,133003767.0
scats_continuation,1047,111303,2024-05-25,2024-05-25,4562,129326193.0
scats_continuation,1045,111303,2024-05-23,2024-05-23,4562,141745202.0
scats_continuation,1044,111295,2024-05-22,2024-05-22,4562,140983430.0
scats_continuation,1043,111240,2024-05-21,2024-05-21,4561,138534798.0
scats_continuation,1042,111216,2024-05-20,2024-05-20,4560,131279373.0
scats_continuation,1040,111202,2024-05-18,2024-05-18,4560,129266341.0
scats_continuation,1041,111202,2024-05-19,2024-05-19,4560,106539897.0
scats_continuation,1039,111202,2024-05-17,2024-05-17,4560,146269018.0
scats_continuation,1038,111185,2024-05-16,2024-05-16,4560,143810858.0
scats_continuation,1037,111169,2024-05-15,2024-05-15,4560,141696889.0
scats_continuation,1036,111161,2024-05-14,2024-05-14,4560,138542928.0
scats_continuation,880,111098,2023-12-10,2023-12-10,4573,113706651.0
scats_continuation,878,111098,2023-12-08,2023-12-08,4573,142552603.0
scats_continuation,1034,111093,2024-05-12,2024-05-12,4558,118340973.0
scats_continuation,1033,111093,2024-05-11,2024-05-11,4558,134171602.0
scats_continuation,1035,111093,2024-05-13,2024-05-13,4558,134608737.0
scats_continuation,1032,111093,2024-05-10,2024-05-10,4558,148689027.0
scats_continuation,1031,111082,2024-05-09,2024-05-09,4558,145438091.0
scats_continuation,1030,111082,2024-05-08,2024-05-08,4558,143021627.0
scats_continuation,1028,111072,2024-05-06,2024-05-06,4558,129994209.0
scats_continuation,1029,111072,2024-05-07,2024-05-07,4558,141252816.0
scats_continuation,877,111066,2023-12-07,2023-12-07,4572,149937874.0
scats_continuation,1027,111048,2024-05-05,2024-05-05,4557,111124487.0
scats_continuation,1025,111048,2024-05-03,2024-05-03,4557,150040176.0
scats_continuation,1026,111048,2024-05-04,2024-05-04,4557,131717190.0
scats_continuation,1024,111040,2024-05-02,2024-05-02,4557,146431418.0
scats_continuation,876,111034,2023-12-06,2023-12-06,4571,148549675.0
scats_continuation,1023,111022,2024-05-01,2024-05-01,4557,144402299.0
scats_continuation,1022,111022,2024-04-30,2024-04-30,4557,141168473.0
scats_continuation,875,111002,2023-12-05,2023-12-05,4570,143235636.0
scats_continuation,1021,110996,2024-04-29,2024-04-29,4557,131536215.0
scats_continuation,874,110978,2023-12-04,2023-12-04,4569,136132988.0
scats_continuation,871,110970,2023-12-01,2023-12-01,4569,151557969.0
scats_continuation,872,110970,2023-12-02,2023-12-02,4569,127672782.0
scats_continuation,1015,110964,2024-04-23,2024-04-23,4556,141316782.0
scats_continuation,1018,110964,2024-04-26,2024-04-26,4556,139236144.0
scats_continuation,1017,110964,2024-04-25,2024-04-25,4556,99711567.0
scats_continuation,1019,110964,2024-04-27,2024-04-27,4556,125588826.0
scats_continuation,1020,110964,2024-04-28,2024-04-28,4556,109159180.0
scats_continuation,1014,110956,2024-04-22,2024-04-22,4556,136233626.0
scats_continuation,1012,110956,2024-04-20,2024-04-20,4556,131411509.0
scats_continuation,1013,110956,2024-04-21,2024-04-21,4556,111406364.0
scats_continuation,1011,110956,2024-04-19,2024-04-19,4556,149675626.0
scats_continuation,1010,110932,2024-04-18,2024-04-18,4555,145933922.0
scats_continuation,869,110930,2023-11-29,2023-11-29,4568,141475279.0
scats_continuation,1008,110924,2024-04-16,2024-04-16,4555,141621859.0
scats_continuation,1009,110924,2024-04-17,2024-04-17,4555,144294748.0
scats_continuation,1007,110924,2024-04-15,2024-04-15,4555,135048873.0
scats_continuation,885,110922,2023-12-15,2023-12-15,4566,151052298.0
scats_continuation,1000,110916,2024-04-08,2024-04-08,4555,130312411.0
scats_continuation,1003,110916,2024-04-11,2024-04-11,4555,141668847.0
scats_continuation,999,110916,2024-04-07,2024-04-07,4555,106253643.0
scats_continuation,1001,110916,2024-04-09,2024-04-09,4555,134846984.0
scats_continuation,996,110916,2024-04-04,2024-04-04,4555,137234414.0
scats_continuation,1002,110916,2024-04-10,2024-04-10,4555,139136307.0
scats_continuation,997,110916,2024-04-05,2024-04-05,4555,141201047.0
scats_continuation,1006,110916,2024-04-14,2024-04-14,4555,110456502.0
scats_continuation,998,110916,2024-04-06,2024-04-06,4555,122952777.0
scats_continuation,1005,110916,2024-04-13,2024-04-13,4555,127720886.0
scats_continuation,1004,110916,2024-04-12,2024-04-12,4555,144408989.0
scats_continuation,882,110914,2023-12-12,2023-12-12,4566,143096533.0
scats_continuation,991,110908,2024-03-30,2024-03-30,4555,108790727.0
scats_continuation,994,110908,2024-04-02,2024-04-02,4555,126522697.0
scats_continuation,995,110908,2024-04-03,2024-04-03,4555,132498095.0
scats_continuation,989,110908,2024-03-28,2024-03-28,4555,154221035.0
scats_continuation,992,110908,2024-03-31,2024-03-31,4555,96132230.0
scats_continuation,990,110908,2024-03-29,2024-03-29,4555,93646526.0
scats_continuation,993,110908,2024-04-01,2024-04-01,4555,89481366.0
scats_continuation,986,110900,2024-03-25,2024-03-25,4555,138535046.0
scats_continuation,987,110900,2024-03-26,2024-03-26,4555,141388144.0
scats_continuation,988,110900,2024-03-27,2024-03-27,4555,147859366.0
scats_continuation,983,110883,2024-03-22,2024-03-22,4555,132036615.0
scats_continuation,982,110883,2024-03-21,2024-03-21,4555,147852510.0
scats_continuation,985,110883,2024-03-24,2024-03-24,4555,112427226.0
scats_continuation,984,110883,2024-03-23,2024-03-23,4555,132911287.0
scats_continuation,980,110811,2024-03-19,2024-03-19,4553,142835987.0
scats_continuation,976,110811,2024-03-15,2024-03-15,4553,152135769.0
scats_continuation,977,110811,2024-03-16,2024-03-16,4553,132649138.0
scats_continuation,981,110811,2024-03-20,2024-03-20,4553,146263141.0
scats_continuation,979,110811,2024-03-18,2024-03-18,4553,138681680.0
scats_continuation,978,110811,2024-03-17,2024-03-17,4553,114664555.0
scats_continuation,873,110754,2023-12-03,2023-12-03,4561,113388989.0
scats_continuation,887,110749,2023-12-17,2023-12-17,4557,116703438.0
scats_continuation,972,110731,2024-03-11,2024-03-11,4550,97440381.0
scats_continuation,969,110731,2024-03-08,2024-03-08,4550,150630537.0
scats_continuation,975,110731,2024-03-14,2024-03-14,4550,147713976.0
scats_continuation,970,110731,2024-03-09,2024-03-09,4550,118088588.0
scats_continuation,971,110731,2024-03-10,2024-03-10,4550,103101375.0
scats_continuation,973,110731,2024-03-12,2024-03-12,4550,141002277.0
scats_continuation,968,110731,2024-03-07,2024-03-07,4550,149404569.0
scats_continuation,974,110731,2024-03-13,2024-03-13,4550,145744330.0
scats_continuation,870,110730,2023-11-30,2023-11-30,4560,139439529.0
scats_continuation,967,110723,2024-03-06,2024-03-06,4550,146288166.0
scats_continuation,964,110717,2024-03-03,2024-03-03,4550,111374709.0
scats_continuation,962,110717,2024-03-01,2024-03-01,4550,148011197.0
scats_continuation,960,110717,2024-02-28,2024-02-28,4550,142339197.0
scats_continuation,958,110717,2024-02-26,2024-02-26,4550,136897525.0
scats_continuation,959,110717,2024-02-27,2024-02-27,4550,143210600.0
scats_continuation,961,110717,2024-02-29,2024-02-29,4550,148882430.0
scats_continuation,965,110717,2024-03-04,2024-03-04,4550,138971017.0
scats_continuation,966,110717,2024-03-05,2024-03-05,4550,142999628.0
scats_continuation,963,110717,2024-03-02,2024-03-02,4550,132205611.0
scats_continuation,951,110709,2024-02-19,2024-02-19,4550,75516986.0
scats_continuation,952,110709,2024-02-20,2024-02-20,4550,119514533.0
scats_continuation,955,110709,2024-02-23,2024-02-23,4550,151712588.0
scats_continuation,948,110709,2024-02-16,2024-02-16,4550,150458542.0
scats_continuation,956,110709,2024-02-24,2024-02-24,4550,132254208.0
scats_continuation,953,110709,2024-02-21,2024-02-21,4550,144868185.0
scats_continuation,957,110709,2024-02-25,2024-02-25,4550,112318197.0
scats_continuation,954,110709,2024-02-22,2024-02-22,4550,142064800.0
scats_continuation,950,110709,2024-02-18,2024-02-18,4550,112909770.0
scats_continuation,949,110709,2024-02-17,2024-02-17,4550,132479413.0
scats_continuation,947,110693,2024-02-15,2024-02-15,4550,146190271.0
scats_continuation,868,110690,2023-11-28,2023-11-28,4559,142681810.0
scats_continuation,867,110670,2023-11-27,2023-11-27,4559,139148615.0
scats_continuation,946,110667,2024-02-14,2024-02-14,4550,139593465.0
scats_continuation,865,110662,2023-11-25,2023-11-25,4559,132667276.0
scats_continuation,864,110662,2023-11-24,2023-11-24,4559,152587086.0
scats_continuation,866,110662,2023-11-26,2023-11-26,4559,112911970.0
scats_continuation,945,110659,2024-02-13,2024-02-13,4550,115452945.0
scats_continuation,894,110651,2023-12-24,2023-12-24,4552,105760844.0
scats_continuation,862,110630,2023-11-22,2023-11-22,4558,145847560.0
scats_continuation,863,110630,2023-11-23,2023-11-23,4558,149201194.0
scats_continuation,861,110630,2023-11-21,2023-11-21,4558,142360715.0
scats_continuation,944,110627,2024-02-12,2024-02-12,4549,135043601.0
scats_continuation,839,110619,2023-10-30,2023-10-30,4559,134191491.0
scats_continuation,849,110619,2023-11-09,2023-11-09,4559,145046944.0
scats_continuation,848,110619,2023-11-08,2023-11-08,4559,137315364.0
scats_continuation,847,110619,2023-11-07,2023-11-07,4559,97349310.0
scats_continuation,841,110619,2023-11-01,2023-11-01,4559,142223409.0
scats_continuation,840,110619,2023-10-31,2023-10-31,4559,140972029.0
scats_continuation,844,110619,2023-11-04,2023-11-04,4559,70089320.0
scats_continuation,846,110619,2023-11-06,2023-11-06,4559,122528936.0
scats_continuation,842,110619,2023-11-02,2023-11-02,4559,144646692.0
scats_continuation,845,110619,2023-11-05,2023-11-05,4559,104709258.0
scats_continuation,843,110619,2023-11-03,2023-11-03,4559,7740543.0
scats_continuation,836,110611,2023-10-27,2023-10-27,4559,149238401.0
scats_continuation,837,110611,2023-10-28,2023-10-28,4559,130248655.0
scats_continuation,838,110611,2023-10-29,2023-10-29,4559,112220455.0
scats_continuation,835,110603,2023-10-26,2023-10-26,4559,130957033.0
scats_continuation,857,110598,2023-11-17,2023-11-17,4557,151397180.0
scats_continuation,856,110598,2023-11-16,2023-11-16,4557,146918426.0
scats_continuation,860,110598,2023-11-20,2023-11-20,4557,135822150.0
scats_continuation,858,110598,2023-11-18,2023-11-18,4557,132393270.0
scats_continuation,859,110598,2023-11-19,2023-11-19,4557,112923675.0
scats_continuation,939,110595,2024-02-07,2024-02-07,4548,145308209.0
scats_continuation,850,110595,2023-11-10,2023-11-10,4558,150646986.0
scats_continuation,942,110595,2024-02-10,2024-02-10,4548,131141744.0
scats_continuation,940,110595,2024-02-08,2024-02-08,4548,146825690.0
scats_continuation,941,110595,2024-02-09,2024-02-09,4548,151106520.0
scats_continuation,943,110595,2024-02-11,2024-02-11,4548,110798514.0
scats_continuation,853,110585,2023-11-13,2023-11-13,4557,137162144.0
scats_continuation,854,110585,2023-11-14,2023-11-14,4557,142671886.0
scats_continuation,855,110585,2023-11-15,2023-11-15,4557,144964503.0
scats_continuation,852,110571,2023-11-12,2023-11-12,4557,109332029.0
scats_continuation,851,110571,2023-11-11,2023-11-11,4557,129389240.0
scats_continuation,938,110555,2024-02-06,2024-02-06,4547,143019353.0
scats_continuation,834,110548,2023-10-25,2023-10-25,4558,140560830.0
scats_continuation,937,110547,2024-02-05,2024-02-05,4547,136909423.0
scats_continuation,935,110547,2024-02-03,2024-02-03,4547,130168823.0
scats_continuation,936,110547,2024-02-04,2024-02-04,4547,106349118.0
scats_continuation,934,110547,2024-02-02,2024-02-02,4547,150085065.0
scats_continuation,933,110539,2024-02-01,2024-02-01,4547,145810152.0
scats_continuation,932,110539,2024-01-31,2024-01-31,4547,143279342.0
scats_continuation,931,110539,2024-01-30,2024-01-30,4547,139381374.0
scats_continuation,886,110533,2023-12-16,2023-12-16,4549,134816271.0
scats_continuation,926,110531,2024-01-25,2024-01-25,4547,145463765.0
scats_continuation,928,110531,2024-01-27,2024-01-27,4547,114612248.0
scats_continuation,927,110531,2024-01-26,2024-01-26,4547,104396022.0
scats_continuation,924,110531,2024-01-23,2024-01-23,4547,136114914.0
scats_continuation,925,110531,2024-01-24,2024-01-24,4547,139103059.0
scats_continuation,930,110531,2024-01-29,2024-01-29,4547,133115909.0
scats_continuation,929,110531,2024-01-28,2024-01-28,4547,104623192.0
scats_continuation,833,110516,2023-10-24,2023-10-24,4557,139134145.0
scats_continuation,921,110475,2024-01-20,2024-01-20,4545,122052982.0
scats_continuation,923,110475,2024-01-22,2024-01-22,4545,89912626.0
scats_continuation,919,110475,2024-01-18,2024-01-18,4545,137747021.0
scats_continuation,920,110475,2024-01-19,2024-01-19,4545,140498626.0
scats_continuation,918,110475,2024-01-17,2024-01-17,4545,132096745.0
scats_continuation,922,110475,2024-01-21,2024-01-21,4545,105966615.0
scats_continuation,832,110468,2023-10-23,2023-10-23,4556,133742003.0
scats_continuation,831,110460,2023-10-22,2023-10-22,4556,104589388.0
scats_continuation,828,110460,2023-10-19,2023-10-19,4556,146157503.0
scats_continuation,829,110460,2023-10-20,2023-10-20,4556,148585667.0
scats_continuation,830,110460,2023-10-21,2023-10-21,4556,128840456.0
scats_continuation,913,110443,2024-01-12,2024-01-12,4544,133220942.0
scats_continuation,912,110443,2024-01-11,2024-01-11,4544,129675843.0
scats_continuation,914,110443,2024-01-13,2024-01-13,4544,115625202.0
scats_continuation,911,110443,2024-01-10,2024-01-10,4544,126346520.0
scats_continuation,915,110443,2024-01-14,2024-01-14,4544,102582873.0
scats_continuation,917,110443,2024-01-16,2024-01-16,4544,-43631.0
scats_continuation,897,110435,2023-12-27,2023-12-27,4544,107908697.0
scats_continuation,891,110435,2023-12-21,2023-12-21,4544,148830309.0
scats_continuation,903,110435,2024-01-02,2024-01-02,4544,99860135.0
scats_continuation,902,110435,2024-01-01,2024-01-01,4544,84985605.0
scats_continuation,896,110435,2023-12-26,2023-12-26,4544,90537674.0
scats_continuation,901,110435,2023-12-31,2023-12-31,4544,93747134.0
scats_continuation,900,110435,2023-12-30,2023-12-30,4544,99654358.0
scats_continuation,910,110435,2024-01-09,2024-01-09,4544,122002147.0
scats_continuation,907,110435,2024-01-06,2024-01-06,4544,107847174.0
scats_continuation,899,110435,2023-12-29,2023-12-29,4544,112655345.0
scats_continuation,906,110435,2024-01-05,2024-01-05,4544,118095374.0
scats_continuation,904,110435,2024-01-03,2024-01-03,4544,107613239.0
scats_continuation,905,110435,2024-01-04,2024-01-04,4544,113392555.0
scats_continuation,909,110435,2024-01-08,2024-01-08,4544,109348213.0
scats_continuation,908,110435,2024-01-07,2024-01-07,4544,90703433.0
scats_continuation,892,110435,2023-12-22,2023-12-22,4544,146139194.0
scats_continuation,898,110435,2023-12-28,2023-12-28,4544,109609143.0
scats_continuation,893,110435,2023-12-23,2023-12-23,4544,123711554.0
scats_continuation,827,110428,2023-10-18,2023-10-18,4555,66187661.0
scats_continuation,825,110408,2023-10-16,2023-10-16,4555,132131915.0
scats_continuation,822,110408,2023-10-13,2023-10-13,4555,146967536.0
scats_continuation,823,110408,2023-10-14,2023-10-14,4555,128090493.0
scats_continuation,824,110408,2023-10-15,2023-10-15,4555,106394964.0
scats_continuation,826,110408,2023-10-17,2023-10-17,4555,139336662.0
scats_continuation,821,110376,2023-10-12,2023-10-12,4554,141203146.0
scats_continuation,820,110344,2023-10-11,2023-10-11,4553,143251967.0
scats_continuation,805,110344,2023-09-26,2023-09-26,4553,126335726.0
scats_continuation,815,110344,2023-10-06,2023-10-06,4553,146945021.0
scats_continuation,816,110344,2023-10-07,2023-10-07,4553,128246550.0
scats_continuation,811,110344,2023-10-02,2023-10-02,4553,132002356.0
scats_continuation,808,110344,2023-09-29,2023-09-29,4553,112686190.0
scats_continuation,810,110344,2023-10-01,2023-10-01,4553,99287042.0
scats_continuation,817,110344,2023-10-08,2023-10-08,4553,108146927.0
scats_continuation,809,110344,2023-09-30,2023-09-30,4553,105795611.0
scats_continuation,812,110344,2023-10-03,2023-10-03,4553,133246344.0
scats_continuation,819,110344,2023-10-10,2023-10-10,4553,140053897.0
scats_continuation,818,110344,2023-10-09,2023-10-09,4553,133960725.0
scats_continuation,807,110344,2023-09-28,2023-09-28,4553,146300660.0
scats_continuation,806,110344,2023-09-27,2023-09-27,4553,138088379.0
scats_continuation,814,110344,2023-10-05,2023-10-05,4553,142962880.0
scats_continuation,813,110344,2023-10-04,2023-10-04,4553,138098112.0
scats_continuation,804,110320,2023-09-25,2023-09-25,4552,120163286.0
scats_continuation,803,110296,2023-09-24,2023-09-24,4551,106974165.0
scats_continuation,802,110296,2023-09-23,2023-09-23,4551,121549651.0
scats_continuation,801,110296,2023-09-22,2023-09-22,4551,140853559.0
scats_continuation,800,110280,2023-09-21,2023-09-21,4551,137528219.0
scats_continuation,799,110280,2023-09-20,2023-09-20,4551,134415574.0
scats_continuation,798,110248,2023-09-19,2023-09-19,4550,132754648.0
scats_continuation,797,110248,2023-09-18,2023-09-18,4550,125282794.0
scats_continuation,794,110240,2023-09-15,2023-09-15,4550,143243021.0
scats_continuation,795,110240,2023-09-16,2023-09-16,4550,125506133.0
scats_continuation,796,110240,2023-09-17,2023-09-17,4550,106733332.0
scats_continuation,792,110216,2023-09-13,2023-09-13,4549,138683718.0
scats_continuation,793,110216,2023-09-14,2023-09-14,4549,141536258.0
scats_continuation,791,110216,2023-09-12,2023-09-12,4549,135592688.0
scats_continuation,784,110194,2023-09-05,2023-09-05,4549,135924109.0
scats_continuation,787,110194,2023-09-08,2023-09-08,4549,139749416.0
scats_continuation,790,110194,2023-09-11,2023-09-11,4549,130110744.0
scats_continuation,786,110194,2023-09-07,2023-09-07,4549,138733091.0
scats_continuation,785,110194,2023-09-06,2023-09-06,4549,139130755.0
scats_continuation,788,110194,2023-09-09,2023-09-09,4549,124810531.0
scats_continuation,789,110194,2023-09-10,2023-09-10,4549,105328857.0
scats_continuation,783,110122,2023-09-04,2023-09-04,4547,128443579.0
scats_continuation,780,110090,2023-09-01,2023-09-01,4546,145526121.0
scats_continuation,781,110090,2023-09-02,2023-09-02,4546,129155768.0
scats_continuation,782,110090,2023-09-03,2023-09-03,4546,111171148.0
scats_continuation,779,110058,2023-08-31,2023-08-31,4545,141087658.0
scats_continuation,778,110034,2023-08-30,2023-08-30,4544,137721980.0
scats_continuation,777,110002,2023-08-29,2023-08-29,4543,135123462.0
scats_continuation,776,109970,2023-08-28,2023-08-28,4542,131119376.0
scats_continuation,771,109954,2023-08-23,2023-08-23,4542,138649419.0
scats_continuation,772,109930,2023-08-24,2023-08-24,4541,140454716.0
scats_continuation,774,109930,2023-08-26,2023-08-26,4541,126194462.0
scats_continuation,773,109930,2023-08-25,2023-08-25,4541,144613463.0
scats_continuation,775,109930,2023-08-27,2023-08-27,4541,107996934.0
scats_continuation,770,109922,2023-08-22,2023-08-22,4541,133702650.0
scats_continuation,762,109906,2023-08-14,2023-08-14,4541,128696713.0
scats_continuation,766,109906,2023-08-18,2023-08-18,4541,143295540.0
scats_continuation,763,109906,2023-08-15,2023-08-15,4541,135693839.0
scats_continuation,764,109906,2023-08-16,2023-08-16,4541,137830039.0
scats_continuation,769,109906,2023-08-21,2023-08-21,4541,128930525.0
scats_continuation,765,109906,2023-08-17,2023-08-17,4541,138472125.0
scats_continuation,767,109906,2023-08-19,2023-08-19,4541,123936299.0
scats_continuation,768,109906,2023-08-20,2023-08-20,4541,106928641.0
scats_continuation,760,109874,2023-08-12,2023-08-12,4540,124079406.0
scats_continuation,759,109874,2023-08-11,2023-08-11,4540,143845408.0
scats_continuation,761,109874,2023-08-13,2023-08-13,4540,106190224.0
scats_continuation,758,109826,2023-08-10,2023-08-10,4539,141357140.0
scats_continuation,752,109794,2023-08-04,2023-08-04,4538,141264959.0
scats_continuation,751,109794,2023-08-03,2023-08-03,4538,139919257.0
scats_continuation,755,109794,2023-08-07,2023-08-07,4538,129147419.0
scats_continuation,753,109794,2023-08-05,2023-08-05,4538,126055178.0
scats_continuation,756,109794,2023-08-08,2023-08-08,4538,136130180.0
scats_continuation,757,109794,2023-08-09,2023-08-09,4538,137834512.0
scats_continuation,754,109794,2023-08-06,2023-08-06,4538,106183678.0
scats_continuation,750,109778,2023-08-02,2023-08-02,4538,138111726.0
scats_continuation,749,109738,2023-08-01,2023-08-01,4537,135272920.0
scats_continuation,747,109722,2023-07-29,2023-07-29,4537,127561150.0
scats_continuation,746,109722,2023-07-28,2023-07-28,4537,144874367.0
scats_continuation,748,109722,2023-07-30,2023-07-30,4537,106623476.0
scats_continuation,745,109690,2023-07-27,2023-07-27,4536,140515318.0
scats_continuation,743,109658,2023-07-25,2023-07-25,4535,135134213.0
scats_continuation,744,109658,2023-07-26,2023-07-26,4535,138635690.0
scats_continuation,742,109594,2023-07-24,2023-07-24,4533,129561211.0
scats_continuation,740,109582,2023-07-22,2023-07-22,4533,125107103.0
scats_continuation,741,109582,2023-07-23,2023-07-23,4533,104106365.0
scats_continuation,739,109582,2023-07-21,2023-07-21,4533,144656293.0
scats_continuation,738,109558,2023-07-20,2023-07-20,4533,134903988.0
scats_continuation,737,109558,2023-07-19,2023-07-19,4533,138558225.0
scats_continuation,736,109502,2023-07-18,2023-07-18,4531,132932021.0
scats_continuation,735,109470,2023-07-17,2023-07-17,4530,131176785.0
scats_continuation,734,109470,2023-07-16,2023-07-16,4530,106144928.0
scats_continuation,733,109470,2023-07-15,2023-07-15,4530,124231972.0
scats_continuation,732,109470,2023-07-14,2023-07-14,4530,143629711.0
scats_continuation,731,109470,2023-07-13,2023-07-13,4530,138487090.0
scats_continuation,730,109438,2023-07-12,2023-07-12,4529,136709277.0
scats_continuation,729,109408,2023-07-11,2023-07-11,4529,131848907.0
scats_continuation,725,109400,2023-07-07,2023-07-07,4529,138486586.0
scats_continuation,726,109400,2023-07-08,2023-07-08,4529,118728872.0
scats_continuation,728,109400,2023-07-10,2023-07-10,4529,125900330.0
scats_continuation,727,109400,2023-07-09,2023-07-09,4529,101270812.0
scats_continuation,723,109328,2023-07-05,2023-07-05,4527,131122849.0
scats_continuation,724,109328,2023-07-06,2023-07-06,4527,135828992.0
scats_continuation,722,109296,2023-07-04,2023-07-04,4526,126942587.0
scats_continuation,721,109254,2023-07-03,2023-07-03,4525,124423944.0
scats_continuation,719,109230,2023-07-01,2023-07-01,4524,117970308.0
scats_continuation,718,109230,2023-06-30,2023-06-30,4524,137286088.0
scats_continuation,717,109230,2023-06-29,2023-06-29,4524,133850215.0
scats_continuation,720,109230,2023-07-02,2023-07-02,4524,100220776.0
scats_continuation,716,109214,2023-06-28,2023-06-28,4524,131747581.0
scats_continuation,715,109174,2023-06-27,2023-06-27,4523,130221020.0
scats_continuation,714,109166,2023-06-26,2023-06-26,4523,122659601.0
scats_continuation,710,109158,2023-06-22,2023-06-22,4523,138820545.0
scats_continuation,713,109158,2023-06-25,2023-06-25,4523,101453049.0
scats_continuation,709,109158,2023-06-21,2023-06-21,4523,137445353.0
scats_continuation,712,109158,2023-06-24,2023-06-24,4523,123681498.0
scats_continuation,711,109158,2023-06-23,2023-06-23,4523,141794673.0
scats_continuation,707,109150,2023-06-19,2023-06-19,4523,127811848.0
scats_continuation,708,109150,2023-06-20,2023-06-20,4523,129024276.0
scats_continuation,704,109142,2023-06-16,2023-06-16,4523,144942450.0
scats_continuation,706,109142,2023-06-18,2023-06-18,4523,105957313.0
scats_continuation,705,109142,2023-06-17,2023-06-17,4523,126386052.0
scats_continuation,703,109134,2023-06-15,2023-06-15,4523,138873360.0
scats_continuation,702,109126,2023-06-14,2023-06-14,4523,137582114.0
scats_continuation,701,109094,2023-06-13,2023-06-13,4522,131663303.0
scats_continuation,700,109062,2023-06-12,2023-06-12,4521,92673707.0
scats_continuation,699,109054,2023-06-11,2023-06-11,4521,103651092.0
scats_continuation,697,109046,2023-06-09,2023-06-09,4521,142637477.0
scats_continuation,698,109046,2023-06-10,2023-06-10,4521,117293963.0
scats_continuation,696,109030,2023-06-08,2023-06-08,4521,139336103.0
scats_continuation,690,108926,2023-06-02,2023-06-02,4518,143735212.0
scats_continuation,692,108926,2023-06-04,2023-06-04,4518,106168795.0
scats_continuation,693,108926,2023-06-05,2023-06-05,4518,129432762.0
scats_continuation,691,108926,2023-06-03,2023-06-03,4518,124445801.0
scats_continuation,695,108926,2023-06-07,2023-06-07,4518,135416941.0
scats_continuation,694,108926,2023-06-06,2023-06-06,4518,134458427.0
scats_continuation,689,108894,2023-06-01,2023-06-01,4517,139494503.0
scats_continuation,688,108862,2023-05-31,2023-05-31,4516,136959218.0
scats_continuation,687,108838,2023-05-30,2023-05-30,4515,128541664.0
scats_continuation,686,108830,2023-05-29,2023-05-29,4515,128875054.0
scats_continuation,685,108742,2023-05-28,2023-05-28,4512,98769060.0
scats_continuation,683,108734,2023-05-26,2023-05-26,4512,143949218.0
scats_continuation,684,108734,2023-05-27,2023-05-27,4512,126329435.0
scats_continuation,682,108692,2023-05-25,2023-05-25,4511,137781999.0
scats_continuation,883,108690,2023-12-13,2023-12-13,4471,141996718.0
scats_continuation,681,108668,2023-05-24,2023-05-24,4511,137951363.0
scats_continuation,680,108636,2023-05-23,2023-05-23,4511,134720744.0
scats_continuation,679,108596,2023-05-22,2023-05-22,4510,117323564.0
scats_continuation,676,108596,2023-05-19,2023-05-19,4510,143690042.0
scats_continuation,677,108596,2023-05-20,2023-05-20,4510,125131702.0
scats_continuation,678,108596,2023-05-21,2023-05-21,4510,105411739.0
scats_continuation,675,108564,2023-05-18,2023-05-18,4509,140602922.0
scats_continuation,674,108564,2023-05-17,2023-05-17,4509,138139052.0
scats_continuation,670,108532,2023-05-13,2023-05-13,4508,131074060.0
scats_continuation,672,108532,2023-05-15,2023-05-15,4508,130595155.0
scats_continuation,671,108532,2023-05-14,2023-05-14,4508,113055253.0
scats_continuation,669,108532,2023-05-12,2023-05-12,4508,146706134.0
scats_continuation,673,108532,2023-05-16,2023-05-16,4508,135027459.0
scats_continuation,668,108452,2023-05-11,2023-05-11,4505,141892402.0
scats_continuation,667,108452,2023-05-10,2023-05-10,4505,137847391.0
scats_continuation,666,108428,2023-05-09,2023-05-09,4504,134726050.0
scats_continuation,665,108396,2023-05-08,2023-05-08,4503,129847405.0
scats_continuation,661,108372,2023-05-04,2023-05-04,4502,141256317.0
scats_continuation,663,108372,2023-05-06,2023-05-06,4502,125091724.0
scats_continuation,662,108372,2023-05-05,2023-05-05,4502,145499542.0
scats_continuation,664,108372,2023-05-07,2023-05-07,4502,104845847.0
scats_continuation,660,108340,2023-05-03,2023-05-03,4501,138448163.0
scats_continuation,889,108317,2023-12-19,2023-12-19,4454,142700434.0
scats_continuation,659,108308,2023-05-02,2023-05-02,4500,136780460.0
scats_continuation,658,108276,2023-05-01,2023-05-01,4499,132221710.0
scats_continuation,657,108244,2023-04-30,2023-04-30,4498,107974015.0
scats_continuation,649,108244,2023-04-22,2023-04-22,4498,124003745.0
scats_continuation,653,108244,2023-04-26,2023-04-26,4498,138441931.0
scats_continuation,652,108244,2023-04-25,2023-04-25,4498,94549006.0
scats_continuation,656,108244,2023-04-29,2023-04-29,4498,127264897.0
scats_continuation,654,108244,2023-04-27,2023-04-27,4498,140720558.0
scats_continuation,655,108244,2023-04-28,2023-04-28,4498,144538196.0
scats_continuation,650,108244,2023-04-23,2023-04-23,4498,106053832.0
scats_continuation,648,108244,2023-04-21,2023-04-21,4498,141967689.0
scats_continuation,651,108244,2023-04-24,2023-04-24,4498,123582059.0
scats_continuation,647,108212,2023-04-20,2023-04-20,4497,101198386.0
scats_continuation,646,108212,2023-04-19,2023-04-19,4497,136640744.0
scats_continuation,645,108204,2023-04-18,2023-04-18,4497,134472398.0
scats_continuation,644,108180,2023-04-17,2023-04-17,4496,127180600.0
scats_continuation,635,108156,2023-04-08,2023-04-08,4495,103989914.0
scats_continuation,643,108156,2023-04-16,2023-04-16,4495,99845893.0
scats_continuation,640,108156,2023-04-13,2023-04-13,4495,134558405.0
scats_continuation,634,108156,2023-04-07,2023-04-07,4495,85104254.0
scats_continuation,631,108156,2023-04-04,2023-04-04,4496,139968211.0
scats_continuation,633,108156,2023-04-06,2023-04-06,4495,148879989.0
scats_continuation,641,108156,2023-04-14,2023-04-14,4495,137881304.0
scats_continuation,637,108156,2023-04-10,2023-04-10,4495,90450069.0
scats_continuation,642,108156,2023-04-15,2023-04-15,4495,118132396.0
scats_continuation,636,108156,2023-04-09,2023-04-09,4495,89515752.0
scats_continuation,638,108156,2023-04-11,2023-04-11,4495,126228194.0
scats_continuation,639,108156,2023-04-12,2023-04-12,4495,128523645.0
scats_continuation,632,108148,2023-04-05,2023-04-05,4495,143596338.0
scats_continuation,629,108132,2023-04-02,2023-04-02,4495,111253957.0
scats_continuation,630,108132,2023-04-03,2023-04-03,4495,134678670.0
scats_continuation,627,108132,2023-03-31,2023-03-31,4495,147253948.0
scats_continuation,628,108132,2023-04-01,2023-04-01,4495,127925190.0
scats_continuation,625,108124,2023-03-29,2023-03-29,4495,140231977.0
scats_continuation,626,108124,2023-03-30,2023-03-30,4495,144060834.0
scats_continuation,624,108076,2023-03-28,2023-03-28,4494,138383514.0
scats_continuation,623,108052,2023-03-27,2023-03-27,4493,131244384.0
scats_continuation,622,108044,2023-03-26,2023-03-26,4493,108353854.0
scats_continuation,621,108044,2023-03-25,2023-03-25,4493,127615265.0
scats_continuation,620,108044,2023-03-24,2023-03-24,4493,146063438.0
scats_continuation,895,108005,2023-12-25,2023-12-25,4438,74404029.0
scats_continuation,888,107966,2023-12-18,2023-12-18,4442,136415359.0
scats_continuation,619,107948,2023-03-23,2023-03-23,4490,140148513.0
scats_continuation,617,107916,2023-03-21,2023-03-21,4489,137665937.0
scats_continuation,618,107916,2023-03-22,2023-03-22,4489,140784697.0
scats_continuation,603,107884,2023-03-07,2023-03-07,4490,135653754.0
scats_continuation,616,107868,2023-03-20,2023-03-20,4488,134233777.0
scats_continuation,615,107860,2023-03-19,2023-03-19,4488,110378034.0
scats_continuation,614,107860,2023-03-18,2023-03-18,4488,125927530.0
scats_continuation,613,107860,2023-03-17,2023-03-17,4488,148006125.0
scats_continuation,881,107852,2023-12-11,2023-12-11,4440,132720225.0
scats_continuation,611,107844,2023-03-15,2023-03-15,4488,139726283.0
scats_continuation,612,107820,2023-03-16,2023-03-16,4487,143951235.0
scats_continuation,610,107820,2023-03-14,2023-03-14,4487,133380527.0
scats_continuation,602,107812,2023-03-06,2023-03-06,4487,130725216.0
scats_continuation,599,107812,2023-03-03,2023-03-03,4487,148836507.0
scats_continuation,601,107812,2023-03-05,2023-03-05,4487,109087489.0
scats_continuation,600,107812,2023-03-04,2023-03-04,4487,130093961.0
scats_continuation,598,107804,2023-03-02,2023-03-02,4487,143395329.0
scats_continuation,606,107796,2023-03-10,2023-03-10,4486,146323540.0
scats_continuation,609,107796,2023-03-13,2023-03-13,4486,98240329.0
scats_continuation,607,107796,2023-03-11,2023-03-11,4486,120045428.0
scats_continuation,608,107796,2023-03-12,2023-03-12,4486,102812797.0
scats_continuation,597,107788,2023-03-01,2023-03-01,4487,141806949.0
scats_continuation,604,107788,2023-03-08,2023-03-08,4486,142622506.0
scats_continuation,605,107788,2023-03-09,2023-03-09,4486,143323980.0
scats_continuation,596,107780,2023-02-28,2023-02-28,4487,138122185.0
scats_continuation,595,107772,2023-02-27,2023-02-27,4487,133197889.0
scats_continuation,594,107764,2023-02-26,2023-02-26,4487,110135347.0
scats_continuation,593,107764,2023-02-25,2023-02-25,4487,127828570.0
scats_continuation,592,107764,2023-02-24,2023-02-24,4487,147733302.0
scats_continuation,590,107756,2023-02-22,2023-02-22,4487,141717330.0
scats_continuation,591,107756,2023-02-23,2023-02-23,4487,143625942.0
scats_continuation,589,107684,2023-02-21,2023-02-21,4485,139585050.0
scats_continuation,588,107642,2023-02-20,2023-02-20,4484,133077451.0
scats_continuation,586,107610,2023-02-18,2023-02-18,4483,129254016.0
scats_continuation,587,107610,2023-02-19,2023-02-19,4483,110012559.0
scats_continuation,584,107610,2023-02-16,2023-02-16,4483,139998562.0
scats_continuation,585,107610,2023-02-17,2023-02-17,4483,142181798.0
scats_continuation,583,107586,2023-02-15,2023-02-15,4482,140467444.0
scats_continuation,582,107578,2023-02-14,2023-02-14,4482,141424175.0
scats_continuation,580,107530,2023-02-12,2023-02-12,4480,108621689.0
scats_continuation,581,107530,2023-02-13,2023-02-13,4480,133260447.0
scats_continuation,578,107530,2023-02-10,2023-02-10,4480,146929304.0
scats_continuation,579,107530,2023-02-11,2023-02-11,4480,128960784.0
scats_continuation,577,107530,2023-02-09,2023-02-09,4480,142031684.0
scats_continuation,576,107498,2023-02-08,2023-02-08,4479,135615658.0
scats_continuation,575,107498,2023-02-07,2023-02-07,4479,137923453.0
scats_continuation,890,107487,2023-12-20,2023-12-20,4423,142248945.0
scats_continuation,573,107466,2023-02-05,2023-02-05,4478,106611514.0
scats_continuation,571,107466,2023-02-03,2023-02-03,4478,142717617.0
scats_continuation,574,107466,2023-02-06,2023-02-06,4478,131630585.0
scats_continuation,570,107466,2023-02-02,2023-02-02,4478,137339575.0
scats_continuation,572,107466,2023-02-04,2023-02-04,4478,123409884.0
scats_continuation,565,107434,2023-01-28,2023-01-28,4477,110315181.0
scats_continuation,568,107434,2023-01-31,2023-01-31,4477,135592459.0
scats_continuation,564,107434,2023-01-27,2023-01-27,4477,131428483.0
scats_continuation,569,107434,2023-02-01,2023-02-01,4477,138424993.0
scats_continuation,566,107434,2023-01-29,2023-01-29,4477,102812033.0
scats_continuation,567,107434,2023-01-30,2023-01-30,4477,130716077.0
scats_continuation,556,107416,2023-01-19,2023-01-19,4477,135128989.0
scats_continuation,557,107416,2023-01-20,2023-01-20,4477,139869286.0
scats_continuation,560,107416,2023-01-23,2023-01-23,4477,128797086.0
scats_continuation,559,107416,2023-01-22,2023-01-22,4477,104757956.0
scats_continuation,554,107416,2023-01-17,2023-01-17,4477,126681251.0
scats_continuation,558,107416,2023-01-21,2023-01-21,4477,120900869.0
scats_continuation,561,107416,2023-01-24,2023-01-24,4477,132923097.0
scats_continuation,555,107416,2023-01-18,2023-01-18,4477,131277578.0
scats_continuation,563,107416,2023-01-26,2023-01-26,4477,101941141.0
scats_continuation,562,107416,2023-01-25,2023-01-25,4477,141300918.0
scats_continuation,553,107408,2023-01-16,2023-01-16,4477,126875326.0
scats_continuation,552,107408,2023-01-15,2023-01-15,4477,103389122.0
scats_continuation,551,107408,2023-01-14,2023-01-14,4477,112196034.0
scats_continuation,550,107408,2023-01-13,2023-01-13,4477,133608959.0
scats_continuation,549,107394,2023-01-12,2023-01-12,4477,130068016.0
scats_continuation,548,107394,2023-01-11,2023-01-11,4477,126419333.0
scats_continuation,547,107386,2023-01-10,2023-01-10,4477,122859562.0
scats_continuation,546,107386,2023-01-09,2023-01-09,4477,116787565.0
scats_continuation,545,107354,2023-01-08,2023-01-08,4476,96903828.0
scats_continuation,542,107354,2023-01-05,2023-01-05,4476,114296803.0
scats_continuation,884,107354,2023-12-14,2023-12-14,4426,144877482.0
scats_continuation,544,107354,2023-01-07,2023-01-07,4476,107018197.0
scats_continuation,543,107354,2023-01-06,2023-01-06,4476,118897461.0
scats_continuation,541,107346,2023-01-04,2023-01-04,4476,109887329.0
scats_continuation,536,107272,2022-12-29,2022-12-29,4475,108688182.0
scats_continuation,539,107272,2023-01-02,2023-01-02,4475,83658919.0
scats_continuation,540,107272,2023-01-03,2023-01-03,4475,107023450.0
scats_continuation,538,107272,2023-01-01,2023-01-01,4475,84170392.0
scats_continuation,537,107272,2022-12-30,2022-12-30,4475,112399366.0
scats_continuation,535,107264,2022-12-28,2022-12-28,4475,104552762.0
scats_continuation,530,107264,2022-12-23,2022-12-23,4475,138436068.0
scats_continuation,531,107264,2022-12-24,2022-12-24,4475,113355407.0
scats_continuation,532,107264,2022-12-25,2022-12-25,4475,84781153.0
scats_continuation,534,107264,2022-12-27,2022-12-27,4475,92574171.0
scats_continuation,533,107264,2022-12-26,2022-12-26,4475,91999940.0
scats_continuation,529,107230,2022-12-22,2022-12-22,4474,129888548.0
scats_continuation,527,107192,2022-12-20,2022-12-20,4473,140654001.0
scats_continuation,528,107192,2022-12-21,2022-12-21,4473,142967137.0
scats_continuation,526,107160,2022-12-19,2022-12-19,4472,136389274.0
scats_continuation,525,107152,2022-12-18,2022-12-18,4472,113693993.0
scats_continuation,524,107152,2022-12-17,2022-12-17,4472,132147798.0
scats_continuation,523,107152,2022-12-16,2022-12-16,4472,149917342.0
scats_continuation,522,107048,2022-12-15,2022-12-15,4468,144560972.0
scats_continuation,521,106976,2022-12-14,2022-12-14,4466,139676687.0
scats_continuation,520,106963,2022-12-13,2022-12-13,4466,132862343.0
scats_continuation,519,106931,2022-12-12,2022-12-12,4465,132443902.0
scats_continuation,516,106907,2022-12-09,2022-12-09,4464,149433505.0
scats_continuation,515,106907,2022-12-08,2022-12-08,4464,144157122.0
scats_continuation,518,106907,2022-12-11,2022-12-11,4464,109032323.0
scats_continuation,517,106907,2022-12-10,2022-12-10,4464,131788688.0
scats_continuation,514,106819,2022-12-07,2022-12-07,4463,142622666.0
scats_continuation,513,106795,2022-12-06,2022-12-06,4462,139068542.0
scats_continuation,512,106787,2022-12-05,2022-12-05,4462,132782240.0
scats_continuation,510,106778,2022-12-03,2022-12-03,4462,130686936.0
scats_continuation,509,106778,2022-12-02,2022-12-02,4462,148699309.0
scats_continuation,511,106778,2022-12-04,2022-12-04,4462,113048384.0
scats_continuation,508,106702,2022-12-01,2022-12-01,4460,143368466.0
scats_continuation,507,106614,2022-11-30,2022-11-30,4457,140616518.0
scats_continuation,506,106590,2022-11-29,2022-11-29,4456,134712660.0
scats_continuation,504,106534,2022-11-27,2022-11-27,4454,108332705.0
scats_continuation,505,106534,2022-11-28,2022-11-28,4454,131791547.0
scats_continuation,502,106534,2022-11-25,2022-11-25,4454,150371742.0
scats_continuation,503,106534,2022-11-26,2022-11-26,4454,128975963.0
scats_continuation,501,106438,2022-11-24,2022-11-24,4450,142199963.0
scats_continuation,500,106406,2022-11-23,2022-11-23,4449,139701736.0
scats_continuation,499,106350,2022-11-22,2022-11-22,4447,136736588.0
scats_continuation,498,106286,2022-11-21,2022-11-21,4445,129034609.0
scats_continuation,496,106278,2022-11-19,2022-11-19,4445,125440146.0
scats_continuation,495,106278,2022-11-18,2022-11-18,4445,148190423.0
scats_continuation,497,106278,2022-11-20,2022-11-20,4445,104702252.0
scats_continuation,494,106270,2022-11-17,2022-11-17,4445,137505367.0
scats_continuation,493,106238,2022-11-16,2022-11-16,4444,134820922.0
scats_continuation,489,106238,2022-11-12,2022-11-12,4444,128439580.0
scats_continuation,492,106238,2022-11-15,2022-11-15,4444,133330418.0
scats_continuation,490,106238,2022-11-13,2022-11-13,4444,106382277.0
scats_continuation,491,106238,2022-11-14,2022-11-14,4444,129166590.0
scats_continuation,488,106238,2022-11-11,2022-11-11,4444,144384640.0
scats_continuation,485,106226,2022-11-08,2022-11-08,4443,135946652.0
scats_continuation,484,106226,2022-11-07,2022-11-07,4443,131283239.0
scats_continuation,482,106226,2022-11-05,2022-11-05,4443,125622661.0
scats_continuation,486,106226,2022-11-09,2022-11-09,4443,139624935.0
scats_continuation,481,106226,2022-11-04,2022-11-04,4443,144647645.0
scats_continuation,487,106226,2022-11-10,2022-11-10,4443,140031714.0
scats_continuation,483,106226,2022-11-06,2022-11-06,4443,107498037.0
scats_continuation,480,106194,2022-11-03,2022-11-03,4442,138764710.0
scats_continuation,477,106162,2022-10-31,2022-10-31,4441,119725001.0
scats_continuation,476,106162,2022-10-30,2022-10-30,4441,102214840.0
scats_continuation,472,106162,2022-10-26,2022-10-26,4441,137925912.0
scats_continuation,475,106162,2022-10-29,2022-10-29,4441,119333288.0
scats_continuation,478,106162,2022-11-01,2022-11-01,4441,91530700.0
scats_continuation,474,106162,2022-10-28,2022-10-28,4441,139786062.0
scats_continuation,473,106162,2022-10-27,2022-10-27,4441,139297318.0
scats_continuation,479,106162,2022-11-02,2022-11-02,4441,134137851.0
scats_continuation,468,106154,2022-10-22,2022-10-22,4441,122256533.0
scats_continuation,467,106154,2022-10-21,2022-10-21,4441,142261919.0
scats_continuation,469,106154,2022-10-23,2022-10-23,4441,106069344.0
scats_continuation,470,106154,2022-10-24,2022-10-24,4441,129077384.0
scats_continuation,471,106154,2022-10-25,2022-10-25,4441,134332502.0
scats_continuation,466,106122,2022-10-20,2022-10-20,4440,142755448.0
scats_continuation,465,106090,2022-10-19,2022-10-19,4439,138904875.0
scats_continuation,461,106058,2022-10-15,2022-10-15,4438,127003173.0
scats_continuation,460,106058,2022-10-14,2022-10-14,4438,131693153.0
scats_continuation,462,106058,2022-10-16,2022-10-16,4438,107298936.0
scats_continuation,464,106058,2022-10-18,2022-10-18,4438,127660310.0
scats_continuation,459,106058,2022-10-13,2022-10-13,4438,127600689.0
scats_continuation,463,106058,2022-10-17,2022-10-17,4438,129523152.0
scats_continuation,458,106026,2022-10-12,2022-10-12,4437,135475198.0
scats_continuation,452,106010,2022-10-06,2022-10-06,4437,140112518.0
scats_continuation,456,106010,2022-10-10,2022-10-10,4437,131389772.0
scats_continuation,455,106010,2022-10-09,2022-10-09,4437,106498585.0
scats_continuation,453,106010,2022-10-07,2022-10-07,4437,141154716.0
scats_continuation,457,106010,2022-10-11,2022-10-11,4437,136420997.0
scats_continuation,454,106010,2022-10-08,2022-10-08,4437,127281394.0
scats_continuation,450,105986,2022-10-04,2022-10-04,4436,135020476.0
scats_continuation,449,105986,2022-10-03,2022-10-03,4436,128763839.0
scats_continuation,451,105986,2022-10-05,2022-10-05,4436,135416004.0
scats_continuation,448,105954,2022-10-02,2022-10-02,4435,105489634.0
scats_continuation,446,105954,2022-09-30,2022-09-30,4435,135387521.0
scats_continuation,447,105954,2022-10-01,2022-10-01,4435,110473816.0
scats_continuation,444,105922,2022-09-28,2022-09-28,4434,133183178.0
scats_continuation,445,105898,2022-09-29,2022-09-29,4433,135502941.0
scats_continuation,436,105882,2022-09-20,2022-09-20,4433,130499860.0
scats_continuation,439,105882,2022-09-23,2022-09-23,4433,102643029.0
scats_continuation,437,105882,2022-09-21,2022-09-21,4433,139728563.0
scats_continuation,440,105882,2022-09-24,2022-09-24,4433,103577822.0
scats_continuation,438,105882,2022-09-22,2022-09-22,4433,111037433.0
scats_continuation,441,105882,2022-09-25,2022-09-25,4433,100959097.0
scats_continuation,443,105882,2022-09-27,2022-09-27,4433,128183865.0
scats_continuation,442,105882,2022-09-26,2022-09-26,4433,122591056.0
scats_continuation,433,105810,2022-09-17,2022-09-17,4431,118699894.0
scats_continuation,434,105810,2022-09-18,2022-09-18,4431,100037522.0
scats_continuation,435,105810,2022-09-19,2022-09-19,4431,124056564.0
scats_continuation,432,105810,2022-09-16,2022-09-16,4431,141204572.0
scats_continuation,431,105778,2022-09-15,2022-09-15,4430,138598297.0
scats_continuation,430,105778,2022-09-14,2022-09-14,4430,135154046.0
scats_continuation,429,105765,2022-09-13,2022-09-13,4430,131076414.0
scats_continuation,425,105757,2022-09-09,2022-09-09,4430,142313848.0
scats_continuation,426,105757,2022-09-10,2022-09-10,4430,123818768.0
scats_continuation,427,105757,2022-09-11,2022-09-11,4430,103594563.0
scats_continuation,428,105757,2022-09-12,2022-09-12,4430,124625404.0
scats_continuation,424,105757,2022-09-08,2022-09-08,4430,136088877.0
scats_continuation,422,105749,2022-09-06,2022-09-06,4430,131796093.0
scats_continuation,423,105749,2022-09-07,2022-09-07,4430,134991617.0
scats_continuation,419,105709,2022-09-03,2022-09-03,4429,124572846.0
scats_continuation,417,105709,2022-09-01,2022-09-01,4429,136840375.0
scats_continuation,421,105709,2022-09-05,2022-09-05,4429,124440255.0
scats_continuation,418,105709,2022-09-02,2022-09-02,4429,142514830.0
scats_continuation,420,105709,2022-09-04,2022-09-04,4429,105624314.0
scats_continuation,412,105685,2022-08-27,2022-08-27,4428,125449816.0
scats_continuation,415,105685,2022-08-30,2022-08-30,4428,130571019.0
scats_continuation,416,105685,2022-08-31,2022-08-31,4428,135318460.0
scats_continuation,411,105685,2022-08-26,2022-08-26,4428,141767197.0
scats_continuation,413,105685,2022-08-28,2022-08-28,4428,106663255.0
scats_continuation,414,105685,2022-08-29,2022-08-29,4428,123677472.0
scats_continuation,410,105653,2022-08-25,2022-08-25,4427,136411421.0
scats_continuation,409,105613,2022-08-24,2022-08-24,4426,133375378.0
scats_continuation,408,105581,2022-08-23,2022-08-23,4425,130961232.0
scats_continuation,405,105573,2022-08-20,2022-08-20,4425,123661277.0
scats_continuation,404,105573,2022-08-19,2022-08-19,4425,140918654.0
scats_continuation,406,105573,2022-08-21,2022-08-21,4425,106165777.0
scats_continuation,407,105573,2022-08-22,2022-08-22,4425,121483571.0
scats_continuation,403,105557,2022-08-18,2022-08-18,4425,135809764.0
scats_continuation,401,105549,2022-08-16,2022-08-16,4425,131006906.0
scats_continuation,400,105549,2022-08-15,2022-08-15,4425,124264145.0
scats_continuation,402,105549,2022-08-17,2022-08-17,4425,133768319.0
scats_continuation,399,105549,2022-08-14,2022-08-14,4425,101980347.0
scats_continuation,398,105549,2022-08-13,2022-08-13,4425,122709343.0
scats_continuation,396,105549,2022-08-11,2022-08-11,4425,134798860.0
scats_continuation,397,105549,2022-08-12,2022-08-12,4425,138629828.0
scats_continuation,395,105541,2022-08-10,2022-08-10,4425,133205640.0
scats_continuation,394,105533,2022-08-09,2022-08-09,4425,129827548.0
scats_continuation,393,105508,2022-08-08,2022-08-08,4425,124509825.0
scats_continuation,392,105500,2022-08-07,2022-08-07,4425,103678527.0
scats_continuation,390,105500,2022-08-05,2022-08-05,4425,138347486.0
scats_continuation,391,105500,2022-08-06,2022-08-06,4425,121774531.0
scats_continuation,375,105444,2022-07-21,2022-07-21,4423,134547792.0
scats_continuation,374,105428,2022-07-20,2022-07-20,4422,130673924.0
scats_continuation,389,105420,2022-08-04,2022-08-04,4422,134351898.0
scats_continuation,386,105420,2022-08-01,2022-08-01,4422,121826956.0
scats_continuation,388,105420,2022-08-03,2022-08-03,4422,132760487.0
scats_continuation,387,105420,2022-08-02,2022-08-02,4422,129479685.0
scats_continuation,383,105412,2022-07-29,2022-07-29,4422,139070537.0
scats_continuation,382,105412,2022-07-28,2022-07-28,4422,134480764.0
scats_continuation,384,105412,2022-07-30,2022-07-30,4422,119390202.0
scats_continuation,385,105412,2022-07-31,2022-07-31,4422,100566409.0
scats_continuation,381,105388,2022-07-27,2022-07-27,4421,131321227.0
scats_continuation,378,105364,2022-07-24,2022-07-24,4420,104308614.0
scats_continuation,376,105364,2022-07-22,2022-07-22,4420,139014716.0
scats_continuation,379,105364,2022-07-25,2022-07-25,4420,122348837.0
scats_continuation,380,105364,2022-07-26,2022-07-26,4420,127847271.0
scats_continuation,377,105364,2022-07-23,2022-07-23,4420,119180756.0
scats_continuation,373,105310,2022-07-19,2022-07-19,4419,128464259.0
scats_continuation,372,105260,2022-07-18,2022-07-18,4417,123022893.0
scats_continuation,371,105252,2022-07-17,2022-07-17,4417,98885096.0
scats_continuation,370,105252,2022-07-16,2022-07-16,4417,118905987.0
scats_continuation,369,105252,2022-07-15,2022-07-15,4417,138441758.0
scats_continuation,368,105252,2022-07-14,2022-07-14,4417,133842575.0
scats_continuation,367,105252,2022-07-13,2022-07-13,4417,130164802.0
scats_continuation,353,105244,2022-06-29,2022-06-29,4418,127828972.0
scats_continuation,363,105220,2022-07-09,2022-07-09,4416,108368723.0
scats_continuation,366,105220,2022-07-12,2022-07-12,4416,126830789.0
scats_continuation,365,105220,2022-07-11,2022-07-11,4416,111459328.0
scats_continuation,362,105220,2022-07-08,2022-07-08,4416,131206111.0
scats_continuation,364,105220,2022-07-10,2022-07-10,4416,99864635.0
scats_continuation,361,105212,2022-07-07,2022-07-07,4416,129550384.0
scats_continuation,360,105196,2022-07-06,2022-07-06,4416,127677381.0
scats_continuation,358,105196,2022-07-04,2022-07-04,4416,120102443.0
scats_continuation,357,105196,2022-07-03,2022-07-03,4416,99086196.0
scats_continuation,356,105196,2022-07-02,2022-07-02,4416,115080555.0
scats_continuation,359,105196,2022-07-05,2022-07-05,4416,126048216.0
scats_continuation,355,105196,2022-07-01,2022-07-01,4416,132618095.0
scats_continuation,354,105172,2022-06-30,2022-06-30,4415,130092457.0
scats_continuation,352,105148,2022-06-28,2022-06-28,4415,125775970.0
scats_continuation,351,105140,2022-06-27,2022-06-27,4415,119563185.0
scats_continuation,348,105108,2022-06-24,2022-06-24,4414,138502580.0
scats_continuation,349,105108,2022-06-25,2022-06-25,4414,120632770.0
scats_continuation,350,105108,2022-06-26,2022-06-26,4414,98080082.0
scats_continuation,347,105084,2022-06-23,2022-06-23,4413,135604775.0
scats_continuation,346,105052,2022-06-22,2022-06-22,4412,132325156.0
scats_continuation,345,105044,2022-06-21,2022-06-21,4412,130534521.0
scats_continuation,344,105044,2022-06-20,2022-06-20,4412,125812910.0
scats_continuation,340,105012,2022-06-16,2022-06-16,4411,135122199.0
scats_continuation,341,105012,2022-06-17,2022-06-17,4411,139360918.0
scats_continuation,342,105012,2022-06-18,2022-06-18,4411,123123357.0
scats_continuation,339,105012,2022-06-15,2022-06-15,4411,132436760.0
scats_continuation,343,105012,2022-06-19,2022-06-19,4411,103233592.0
scats_continuation,334,105004,2022-06-10,2022-06-10,4411,138658541.0
scats_continuation,338,104980,2022-06-14,2022-06-14,4410,127669167.0
scats_continuation,337,104980,2022-06-13,2022-06-13,4410,89995312.0
scats_continuation,336,104980,2022-06-12,2022-06-12,4410,97844661.0
scats_continuation,335,104980,2022-06-11,2022-06-11,4410,113864122.0
scats_continuation,331,104961,2022-06-07,2022-06-07,4410,128108181.0
scats_continuation,332,104956,2022-06-08,2022-06-08,4409,132715642.0
scats_continuation,330,104956,2022-06-06,2022-06-06,4409,124958375.0
scats_continuation,333,104956,2022-06-09,2022-06-09,4409,134956056.0
scats_continuation,329,104924,2022-06-05,2022-06-05,4408,98646603.0
scats_continuation,328,104924,2022-06-04,2022-06-04,4408,122394036.0
scats_continuation,326,104924,2022-06-02,2022-06-02,4408,134691651.0
scats_continuation,327,104924,2022-06-03,2022-06-03,4408,139295935.0
scats_continuation,325,104916,2022-06-01,2022-06-01,4408,129164653.0
scats_continuation,320,104892,2022-05-27,2022-05-27,4408,137844106.0
scats_continuation,324,104892,2022-05-31,2022-05-31,4407,127612425.0
scats_continuation,323,104820,2022-05-30,2022-05-30,4405,123112384.0
scats_continuation,321,104820,2022-05-28,2022-05-28,4405,122770514.0
scats_continuation,319,104820,2022-05-26,2022-05-26,4405,132113756.0
scats_continuation,322,104820,2022-05-29,2022-05-29,4405,103016637.0
scats_continuation,879,104790,2023-12-09,2023-12-09,4321,121716180.0
scats_continuation,318,104784,2022-05-25,2022-05-25,4404,125533659.0
scats_continuation,317,104784,2022-05-24,2022-05-24,4404,130612333.0
scats_continuation,316,104784,2022-05-23,2022-05-23,4404,124605783.0
scats_continuation,313,104776,2022-05-20,2022-05-20,4404,140290302.0
scats_continuation,314,104776,2022-05-21,2022-05-21,4404,122469373.0
scats_continuation,312,104776,2022-05-19,2022-05-19,4404,134628407.0
scats_continuation,315,104776,2022-05-22,2022-05-22,4404,101973414.0
scats_continuation,311,104752,2022-05-18,2022-05-18,4403,130274352.0
scats_continuation,309,104752,2022-05-16,2022-05-16,4403,125483474.0
scats_continuation,310,104752,2022-05-17,2022-05-17,4403,127340159.0
scats_continuation,302,104728,2022-05-09,2022-05-09,4402,122653038.0
scats_continuation,299,104728,2022-05-06,2022-05-06,4402,141344363.0
scats_continuation,308,104728,2022-05-15,2022-05-15,4402,103533075.0
scats_continuation,306,104728,2022-05-13,2022-05-13,4402,139493423.0
scats_continuation,305,104728,2022-05-12,2022-05-12,4402,135372199.0
scats_continuation,300,104728,2022-05-07,2022-05-07,4402,123942848.0
scats_continuation,307,104728,2022-05-14,2022-05-14,4402,121024930.0
scats_continuation,298,104728,2022-05-05,2022-05-05,4402,136713204.0
scats_continuation,304,104704,2022-05-11,2022-05-11,4401,133566479.0
scats_continuation,303,104704,2022-05-10,2022-05-10,4401,130480773.0
scats_continuation,295,104512,2022-05-02,2022-05-02,4394,127652389.0
scats_continuation,296,104512,2022-05-03,2022-05-03,4394,132511999.0
scats_continuation,297,104512,2022-05-04,2022-05-04,4394,129500982.0
scats_continuation,291,104504,2022-04-28,2022-04-28,4394,137241060.0
scats_continuation,293,104480,2022-04-30,2022-04-30,4393,122502712.0
scats_continuation,294,104480,2022-05-01,2022-05-01,4393,104586549.0
scats_continuation,292,104480,2022-04-29,2022-04-29,4393,139747235.0
scats_continuation,290,104472,2022-04-27,2022-04-27,4393,133909702.0
scats_continuation,285,104464,2022-04-22,2022-04-22,4393,129000813.0
scats_continuation,284,104464,2022-04-21,2022-04-21,4393,123555176.0
scats_continuation,283,104464,2022-04-20,2022-04-20,4393,119633343.0
scats_continuation,287,104464,2022-04-24,2022-04-24,4393,102984218.0
scats_continuation,286,104464,2022-04-23,2022-04-23,4393,116521354.0
scats_continuation,289,104464,2022-04-26,2022-04-26,4393,127482457.0
scats_continuation,288,104464,2022-04-25,2022-04-25,4393,89879200.0
scats_continuation,282,104440,2022-04-19,2022-04-19,4392,114428646.0
scats_continuation,89,104419,2021-10-08,2021-10-08,4413,110583696.0
scats_continuation,101,104403,2021-10-20,2021-10-20,4410,108585551.0
scats_continuation,279,104376,2022-04-16,2022-04-16,4390,88313003.0
scats_continuation,277,104376,2022-04-14,2022-04-14,4390,135252729.0
scats_continuation,281,104376,2022-04-18,2022-04-18,4390,82208253.0
scats_continuation,280,104376,2022-04-17,2022-04-17,4390,89111607.0
scats_continuation,278,104376,2022-04-15,2022-04-15,4390,84535073.0
scats_continuation,276,104376,2022-04-13,2022-04-13,4390,129906607.0
scats_continuation,116,104369,2021-11-04,2021-11-04,4407,132471820.0
scats_continuation,94,104323,2021-10-13,2021-10-13,4407,104213632.0
scats_continuation,117,104321,2021-11-05,2021-11-05,4404,139693621.0
scats_continuation,275,104320,2022-04-12,2022-04-12,4388,125335059.0
scats_continuation,273,104320,2022-04-10,2022-04-10,4388,104762694.0
scats_continuation,271,104320,2022-04-08,2022-04-08,4388,137375347.0
scats_continuation,272,104320,2022-04-09,2022-04-09,4388,122101918.0
scats_continuation,274,104320,2022-04-11,2022-04-11,4388,117000436.0
scats_continuation,100,104307,2021-10-19,2021-10-19,4406,103926262.0
scats_continuation,99,104307,2021-10-18,2021-10-18,4406,99981598.0
scats_continuation,88,104303,2021-10-07,2021-10-07,4408,103677337.0
scats_continuation,96,104299,2021-10-15,2021-10-15,4406,107714860.0
scats_continuation,95,104299,2021-10-14,2021-10-14,4406,105882513.0
scats_continuation,98,104299,2021-10-17,2021-10-17,4406,74322890.0
scats_continuation,97,104299,2021-10-16,2021-10-16,4406,85670638.0
scats_continuation,270,104296,2022-04-07,2022-04-07,4387,134004904.0
scats_continuation,269,104272,2022-04-06,2022-04-06,4386,131334021.0
scats_continuation,93,104259,2021-10-12,2021-10-12,4405,104595475.0
scats_continuation,124,104257,2021-11-12,2021-11-12,4401,136204667.0
scats_continuation,268,104248,2022-04-05,2022-04-05,4385,127990475.0
scats_continuation,120,104233,2021-11-08,2021-11-08,4401,126136473.0
scats_continuation,123,104225,2021-11-11,2021-11-11,4400,136106061.0
scats_continuation,122,104217,2021-11-10,2021-11-10,4400,130946154.0
scats_continuation,264,104216,2022-04-01,2022-04-01,4384,137302447.0
scats_continuation,263,104216,2022-03-31,2022-03-31,4384,131428471.0
scats_continuation,266,104216,2022-04-03,2022-04-03,4384,104458357.0
scats_continuation,267,104216,2022-04-04,2022-04-04,4384,123988695.0
scats_continuation,262,104216,2022-03-30,2022-03-30,4384,131104053.0
scats_continuation,265,104216,2022-04-02,2022-04-02,4384,121650175.0
scats_continuation,109,104210,2021-10-28,2021-10-28,4405,120867329.0
scats_continuation,119,104209,2021-11-07,2021-11-07,4400,100955096.0
scats_continuation,121,104209,2021-11-09,2021-11-09,4400,130813994.0
scats_continuation,118,104209,2021-11-06,2021-11-06,4400,119723903.0
scats_continuation,92,104203,2021-10-11,2021-10-11,4403,98451358.0
scats_continuation,90,104203,2021-10-09,2021-10-09,4403,88370122.0
scats_continuation,91,104203,2021-10-10,2021-10-10,4403,71654496.0
scats_continuation,261,104192,2022-03-29,2022-03-29,4383,129311709.0
scats_continuation,260,104184,2022-03-28,2022-03-28,4383,123460791.0
scats_continuation,255,104184,2022-03-23,2022-03-23,4383,131157997.0
scats_continuation,259,104184,2022-03-27,2022-03-27,4383,106345830.0
scats_continuation,256,104184,2022-03-24,2022-03-24,4383,133442483.0
scats_continuation,257,104184,2022-03-25,2022-03-25,4383,138200408.0
scats_continuation,258,104184,2022-03-26,2022-03-26,4383,123808496.0
scats_continuation,253,104152,2022-03-21,2022-03-21,4382,124760765.0
scats_continuation,252,104152,2022-03-20,2022-03-20,4382,104983293.0
scats_continuation,250,104152,2022-03-18,2022-03-18,4382,139500161.0
scats_continuation,254,104152,2022-03-22,2022-03-22,4382,129046383.0
scats_continuation,251,104152,2022-03-19,2022-03-19,4382,124043026.0
scats_continuation,249,104152,2022-03-17,2022-03-17,4382,136846206.0
scats_continuation,248,104140,2022-03-16,2022-03-16,4382,131810640.0
scats_continuation,245,104140,2022-03-13,2022-03-13,4382,99648119.0
scats_continuation,246,104140,2022-03-14,2022-03-14,4382,93872341.0
scats_continuation,247,104140,2022-03-15,2022-03-15,4382,127440169.0
scats_continuation,244,104140,2022-03-12,2022-03-12,4382,114832073.0
scats_continuation,243,104140,2022-03-11,2022-03-11,4382,139905196.0
scats_continuation,242,104124,2022-03-10,2022-03-10,4382,138578093.0
scats_continuation,241,104100,2022-03-09,2022-03-09,4381,134325712.0
scats_continuation,240,104100,2022-03-08,2022-03-08,4381,132263277.0
scats_continuation,239,104092,2022-03-07,2022-03-07,4381,128420125.0
scats_continuation,237,104092,2022-03-05,2022-03-05,4381,119474160.0
scats_continuation,238,104092,2022-03-06,2022-03-06,4381,102786317.0
scats_continuation,236,104092,2022-03-04,2022-03-04,4381,141781955.0
scats_continuation,235,104060,2022-03-03,2022-03-03,4380,137357985.0
scats_continuation,234,104060,2022-03-02,2022-03-02,4380,134163203.0
scats_continuation,200,104045,2022-01-27,2022-01-27,4384,124134911.0
scats_continuation,233,104036,2022-03-01,2022-03-01,4379,131752531.0
scats_continuation,229,104028,2022-02-25,2022-02-25,4379,142929061.0
scats_continuation,230,104028,2022-02-26,2022-02-26,4379,126775215.0
scats_continuation,231,104028,2022-02-27,2022-02-27,4379,107618859.0
scats_continuation,232,104028,2022-02-28,2022-02-28,4379,128752812.0
scats_continuation,111,104025,2021-10-30,2021-10-30,4394,114911141.0
scats_continuation,112,104025,2021-10-31,2021-10-31,4394,100363053.0
scats_continuation,110,104025,2021-10-29,2021-10-29,4394,110976629.0
scats_continuation,114,104025,2021-11-02,2021-11-02,4394,99912427.0
scats_continuation,113,104025,2021-11-01,2021-11-01,4394,119491380.0
scats_continuation,115,104025,2021-11-03,2021-11-03,4394,123967663.0
scats_continuation,228,104020,2022-02-24,2022-02-24,4379,137838993.0
scats_continuation,227,104012,2022-02-23,2022-02-23,4379,134656879.0
scats_continuation,226,104012,2022-02-22,2022-02-22,4379,132468035.0
scats_continuation,220,103956,2022-02-16,2022-02-16,4377,133745909.0
scats_continuation,221,103956,2022-02-17,2022-02-17,4377,136342172.0
scats_continuation,224,103956,2022-02-20,2022-02-20,4377,107391951.0
scats_continuation,219,103956,2022-02-15,2022-02-15,4377,131903007.0
scats_continuation,225,103956,2022-02-21,2022-02-21,4377,127287398.0
scats_continuation,223,103956,2022-02-19,2022-02-19,4377,126491535.0
scats_continuation,222,103956,2022-02-18,2022-02-18,4377,142081158.0
scats_continuation,87,103955,2021-10-06,2021-10-06,4392,104518880.0
scats_continuation,218,103948,2022-02-14,2022-02-14,4377,131083046.0
scats_continuation,216,103940,2022-02-12,2022-02-12,4377,124126131.0
scats_continuation,217,103940,2022-02-13,2022-02-13,4377,104201312.0
scats_continuation,215,103940,2022-02-11,2022-02-11,4377,139912833.0
scats_continuation,214,103935,2022-02-10,2022-02-10,4378,134923013.0
scats_continuation,108,103915,2021-10-27,2021-10-27,4388,124493594.0
scats_continuation,213,103911,2022-02-09,2022-02-09,4377,133314139.0
scats_continuation,86,103891,2021-10-05,2021-10-05,4390,98933683.0
scats_continuation,85,103891,2021-10-04,2021-10-04,4390,90928790.0
scats_continuation,107,103883,2021-10-26,2021-10-26,4387,119026604.0
scats_continuation,106,103875,2021-10-25,2021-10-25,4387,112233593.0
scats_continuation,103,103867,2021-10-22,2021-10-22,4387,130599460.0
scats_continuation,104,103859,2021-10-23,2021-10-23,4387,107197017.0
scats_continuation,105,103859,2021-10-24,2021-10-24,4387,90543327.0
scats_continuation,102,103851,2021-10-21,2021-10-21,4387,109275723.0
scats_continuation,206,103815,2022-02-02,2022-02-02,4373,130158953.0
scats_continuation,204,103807,2022-01-31,2022-01-31,4373,126936839.0
scats_continuation,207,103807,2022-02-03,2022-02-03,4373,132231673.0
scats_continuation,211,103807,2022-02-07,2022-02-07,4373,125011942.0
scats_continuation,208,103807,2022-02-04,2022-02-04,4373,139187255.0
scats_continuation,202,103807,2022-01-29,2022-01-29,4373,115535296.0
scats_continuation,201,103807,2022-01-28,2022-01-28,4373,125226806.0
scats_continuation,210,103807,2022-02-06,2022-02-06,4373,104257253.0
scats_continuation,203,103807,2022-01-30,2022-01-30,4373,101192792.0
scats_continuation,205,103807,2022-02-01,2022-02-01,4373,128338127.0
scats_continuation,212,103807,2022-02-08,2022-02-08,4373,129433799.0
scats_continuation,209,103807,2022-02-05,2022-02-05,4373,-41321.0
scats_continuation,144,103796,2021-12-02,2021-12-02,4377,135089030.0
scats_continuation,197,103783,2022-01-24,2022-01-24,4372,117682008.0
scats_continuation,194,103783,2022-01-21,2022-01-21,4372,130188404.0
scats_continuation,198,103783,2022-01-25,2022-01-25,4372,125709031.0
scats_continuation,196,103783,2022-01-23,2022-01-23,4372,97744734.0
scats_continuation,195,103783,2022-01-22,2022-01-22,4372,113404430.0
scats_continuation,199,103783,2022-01-26,2022-01-26,4372,94409227.0
scats_continuation,193,103775,2022-01-20,2022-01-20,4372,125381354.0
scats_continuation,192,103775,2022-01-19,2022-01-19,4372,121262321.0
scats_continuation,191,103775,2022-01-18,2022-01-18,4372,110220475.0
scats_continuation,190,103775,2022-01-17,2022-01-17,4372,114897835.0
scats_continuation,183,103751,2022-01-10,2022-01-10,4371,103179369.0
scats_continuation,187,103751,2022-01-14,2022-01-14,4371,118022832.0
scats_continuation,172,103751,2021-12-30,2021-12-30,4371,106848289.0
scats_continuation,174,103751,2022-01-01,2022-01-01,4371,78344907.0
scats_continuation,186,103751,2022-01-13,2022-01-13,4371,114389850.0
scats_continuation,179,103751,2022-01-06,2022-01-06,4371,103200736.0
scats_continuation,176,103751,2022-01-03,2022-01-03,4371,86829869.0
scats_continuation,175,103751,2022-01-02,2022-01-02,4371,86979541.0
scats_continuation,171,103751,2021-12-29,2021-12-29,4371,106453779.0
scats_continuation,189,103751,2022-01-16,2022-01-16,4371,95359224.0
scats_continuation,177,103751,2022-01-04,2022-01-04,4371,104565426.0
scats_continuation,180,103751,2022-01-07,2022-01-07,4371,103371066.0
scats_continuation,181,103751,2022-01-08,2022-01-08,4371,93088767.0
scats_continuation,184,103751,2022-01-11,2022-01-11,4371,105594522.0
scats_continuation,182,103751,2022-01-09,2022-01-09,4371,85010481.0
scats_continuation,188,103751,2022-01-15,2022-01-15,4371,105879508.0
scats_continuation,178,103751,2022-01-05,2022-01-05,4371,102120735.0
scats_continuation,173,103751,2021-12-31,2021-12-31,4371,100110622.0
scats_continuation,185,103751,2022-01-12,2022-01-12,4371,113015677.0
scats_continuation,168,103727,2021-12-26,2021-12-26,4370,89547390.0
scats_continuation,165,103727,2021-12-23,2021-12-23,4370,140861079.0
scats_continuation,170,103727,2021-12-28,2021-12-28,4370,93669121.0
scats_continuation,166,103727,2021-12-24,2021-12-24,4370,125409253.0
scats_continuation,167,103727,2021-12-25,2021-12-25,4370,83312565.0
scats_continuation,169,103727,2021-12-27,2021-12-27,4370,91898549.0
scats_continuation,164,103727,2021-12-22,2021-12-22,4370,140480417.0
scats_continuation,162,103719,2021-12-20,2021-12-20,4370,134848741.0
scats_continuation,163,103719,2021-12-21,2021-12-21,4370,138548836.0
scats_continuation,160,103711,2021-12-18,2021-12-18,4370,128812594.0
scats_continuation,159,103711,2021-12-17,2021-12-17,4370,149594948.0
scats_continuation,161,103711,2021-12-19,2021-12-19,4370,106557593.0
scats_continuation,156,103687,2021-12-14,2021-12-14,4369,139415260.0
scats_continuation,157,103687,2021-12-15,2021-12-15,4369,142571513.0
scats_continuation,158,103687,2021-12-16,2021-12-16,4369,146400531.0
scats_continuation,155,103671,2021-12-13,2021-12-13,4369,132709959.0
scats_continuation,153,103639,2021-12-11,2021-12-11,4368,132202006.0
scats_continuation,154,103639,2021-12-12,2021-12-12,4368,115560311.0
scats_continuation,152,103639,2021-12-10,2021-12-10,4368,149361686.0
scats_continuation,151,103631,2021-12-09,2021-12-09,4368,141868339.0
scats_continuation,150,103599,2021-12-08,2021-12-08,4367,138550866.0
scats_continuation,149,103567,2021-12-07,2021-12-07,4366,135517581.0
scats_continuation,147,103567,2021-12-05,2021-12-05,4366,111265537.0
scats_continuation,148,103567,2021-12-06,2021-12-06,4366,131136398.0
scats_continuation,146,103567,2021-12-04,2021-12-04,4366,130114770.0
scats_continuation,145,103567,2021-12-03,2021-12-03,4366,147467561.0
scats_continuation,143,103551,2021-12-01,2021-12-01,4366,133864010.0
scats_continuation,142,103543,2021-11-30,2021-11-30,4366,130751447.0
scats_continuation,141,103531,2021-11-29,2021-11-29,4366,126482266.0
scats_continuation,137,103523,2021-11-25,2021-11-25,4366,139701357.0
scats_continuation,140,103523,2021-11-28,2021-11-28,4366,112361900.0
scats_continuation,139,103523,2021-11-27,2021-11-27,4366,129567744.0
scats_continuation,138,103523,2021-11-26,2021-11-26,4366,146519643.0
scats_continuation,135,103499,2021-11-23,2021-11-23,4365,133129638.0
scats_continuation,134,103499,2021-11-22,2021-11-22,4365,129483089.0
scats_continuation,131,103499,2021-11-19,2021-11-19,4365,142443648.0
scats_continuation,133,103499,2021-11-21,2021-11-21,4365,107865624.0
scats_continuation,132,103499,2021-11-20,2021-11-20,4365,126876385.0
scats_continuation,136,103499,2021-11-24,2021-11-24,4365,136834465.0
scats_continuation,130,103459,2021-11-18,2021-11-18,4364,135582514.0
scats_continuation,129,103459,2021-11-17,2021-11-17,4364,131327346.0
scats_continuation,128,103395,2021-11-16,2021-11-16,4362,130499575.0
scats_continuation,127,103395,2021-11-15,2021-11-15,4362,126069249.0
scats_continuation,125,103395,2021-11-13,2021-11-13,4362,119264727.0
scats_continuation,126,103395,2021-11-14,2021-11-14,4362,99539658.0
scats_continuation,916,103077,2024-01-15,2024-01-15,4242,119134220.0
scats_continuation,15,102695,2021-07-26,2021-07-26,4346,86050741.0
scats_continuation,84,102673,2021-10-03,2021-10-03,4336,67899913.0
scats_continuation,83,102673,2021-10-02,2021-10-02,4336,81292364.0
scats_continuation,82,102673,2021-10-01,2021-10-01,4336,100292290.0
scats_continuation,81,102673,2021-09-30,2021-09-30,4336,94073725.0
scats_continuation,50,102644,2021-08-30,2021-08-30,4339,88666877.0
scats_continuation,38,102643,2021-08-18,2021-08-18,4341,91959431.0
scats_continuation,65,102636,2021-09-14,2021-09-14,4337,95182856.0
scats_continuation,63,102636,2021-09-12,2021-09-12,4337,59025150.0
scats_continuation,12,102623,2021-07-23,2021-07-23,4343,95532131.0
scats_continuation,13,102623,2021-07-24,2021-07-24,4343,66187389.0
scats_continuation,14,102623,2021-07-25,2021-07-25,4343,52856232.0
scats_continuation,47,102615,2021-08-27,2021-08-27,4337,94890938.0
scats_continuation,49,102615,2021-08-29,2021-08-29,4337,51581563.0
scats_continuation,48,102615,2021-08-28,2021-08-28,4337,68606279.0
scats_continuation,46,102591,2021-08-26,2021-08-26,4336,90969402.0
scats_continuation,5,102567,2021-07-16,2021-07-16,4341,88420269.0
scats_continuation,7,102567,2021-07-18,2021-07-18,4341,48990692.0
scats_continuation,9,102567,2021-07-20,2021-07-20,4341,84775328.0
scats_continuation,11,102567,2021-07-22,2021-07-22,4341,91549202.0
scats_continuation,6,102567,2021-07-17,2021-07-17,4341,57562361.0
scats_continuation,37,102545,2021-08-17,2021-08-17,4337,90833739.0
scats_continuation,34,102545,2021-08-14,2021-08-14,4337,74534657.0
scats_continuation,32,102545,2021-08-12,2021-08-12,4337,97594331.0
scats_continuation,33,102545,2021-08-13,2021-08-13,4337,102542253.0
scats_continuation,36,102545,2021-08-16,2021-08-16,4337,92952311.0
scats_continuation,35,102545,2021-08-15,2021-08-15,4337,59981412.0
scats_continuation,41,102537,2021-08-21,2021-08-21,4336,67809322.0
scats_continuation,40,102537,2021-08-20,2021-08-20,4336,96548582.0
scats_continuation,43,102537,2021-08-23,2021-08-23,4336,83147187.0
scats_continuation,26,102531,2021-08-06,2021-08-06,4338,91462979.0
scats_continuation,25,102531,2021-08-05,2021-08-05,4338,131615224.0
scats_continuation,24,102531,2021-08-04,2021-08-04,4338,128503949.0
scats_continuation,27,102531,2021-08-07,2021-08-07,4338,63098883.0
scats_continuation,29,102531,2021-08-09,2021-08-09,4338,87863475.0
scats_continuation,23,102531,2021-08-03,2021-08-03,4338,125676029.0
scats_continuation,28,102531,2021-08-08,2021-08-08,4338,53276661.0
scats_continuation,39,102529,2021-08-19,2021-08-19,4336,93587474.0
scats_continuation,30,102521,2021-08-10,2021-08-10,4336,94155371.0
scats_continuation,31,102521,2021-08-11,2021-08-11,4336,95137162.0
scats_continuation,22,102507,2021-08-02,2021-08-02,4337,122878527.0
scats_continuation,4,102495,2021-07-15,2021-07-15,4338,139822999.0
scats_continuation,3,102495,2021-07-14,2021-07-14,4338,131775583.0
scats_continuation,53,102484,2021-09-02,2021-09-02,4331,95371378.0
scats_continuation,2,102472,2021-07-13,2021-07-13,4338,130376263.0
scats_continuation,1016,102105,2024-04-24,2024-04-24,4189,139659097.0
scats_continuation,1,102080,2021-07-12,2021-07-12,4323,124105422.0
scats_continuation,8,102015,2021-07-19,2021-07-19,4318,86731479.0
scats_continuation,10,102015,2021-07-21,2021-07-21,4318,91726287.0
scats_continuation,52,101957,2021-09-01,2021-09-01,4308,95814855.0
scats_continuation,51,101957,2021-08-31,2021-08-31,4308,92658057.0
scats_continuation,45,101925,2021-08-25,2021-08-25,4308,91449230.0
scats_continuation,21,101907,2021-08-01,2021-08-01,4312,99262195.0
scats_continuation,17,101907,2021-07-28,2021-07-28,4312,129192289.0
scats_continuation,20,101907,2021-07-31,2021-07-31,4312,120354583.0
scats_continuation,19,101907,2021-07-30,2021-07-30,4312,138913247.0
scats_continuation,18,101907,2021-07-29,2021-07-29,4312,132851870.0
scats_continuation,16,101899,2021-07-27,2021-07-27,4312,93874520.0
scats_continuation,44,101879,2021-08-24,2021-08-24,4308,89806206.0
scats_continuation,42,101871,2021-08-22,2021-08-22,4308,52397374.0
scats_continuation,66,101837,2021-09-15,2021-09-15,4302,99846976.0
scats_continuation,64,101821,2021-09-13,2021-09-13,4302,93754387.0
scats_continuation,61,101821,2021-09-10,2021-09-10,4302,104444174.0
scats_continuation,62,101821,2021-09-11,2021-09-11,4302,75084370.0
scats_continuation,59,101789,2021-09-08,2021-09-08,4301,97639502.0
scats_continuation,60,101789,2021-09-09,2021-09-09,4301,97924596.0
scats_continuation,77,101721,2021-09-26,2021-09-26,4295,65856483.0
scats_continuation,74,101721,2021-09-23,2021-09-23,4295,102090294.0
scats_continuation,75,101721,2021-09-24,2021-09-24,4295,74953093.0
scats_continuation,78,101721,2021-09-27,2021-09-27,4295,94232103.0
scats_continuation,76,101721,2021-09-25,2021-09-25,4295,73455439.0
scats_continuation,80,101721,2021-09-29,2021-09-29,4295,96730997.0
scats_continuation,79,101721,2021-09-28,2021-09-28,4295,97310242.0
scats_continuation,69,101697,2021-09-18,2021-09-18,4294,80559804.0
scats_continuation,70,101697,2021-09-19,2021-09-19,4294,65245441.0
scats_continuation,73,101697,2021-09-22,2021-09-22,4294,94241555.0
scats_continuation,68,101697,2021-09-17,2021-09-17,4294,104825321.0
scats_continuation,72,101697,2021-09-21,2021-09-21,4294,95555323.0
scats_continuation,71,101697,2021-09-20,2021-09-20,4294,94369296.0
scats_continuation,57,101669,2021-09-06,2021-09-06,4296,91961298.0
scats_continuation,56,101669,2021-09-05,2021-09-05,4296,57767670.0
scats_continuation,54,101669,2021-09-03,2021-09-03,4296,97594833.0
scats_continuation,55,101669,2021-09-04,2021-09-04,4296,72132474.0
scats_continuation,58,101669,2021-09-07,2021-09-07,4296,94147327.0
scats_continuation,67,101633,2021-09-16,2021-09-16,4292,100400144.0
scats_continuation,1412,6214,2025-05-27,2025-05-27,254,7323518.0
scats_recovery,156,104728,2022-05-08,2022-05-08,4402,106573826.0
scats_recovery,152,102567,2021-07-17,2021-07-17,4341,57562361.0
scats_recovery,151,102567,2021-07-16,2021-07-16,4341,88420269.0
scats_recovery,153,102567,2021-07-18,2021-07-18,4341,48990692.0
scats_recovery,155,102567,2021-07-20,2021-07-20,4341,84775328.0
scats_recovery,149,102495,2021-07-14,2021-07-14,4338,131775583.0
scats_recovery,150,102495,2021-07-15,2021-07-15,4338,139822999.0
scats_recovery,148,102472,2021-07-13,2021-07-13,4338,130376263.0
scats_recovery,147,102080,2021-07-12,2021-07-12,4323,124105422.0
scats_recovery,154,102015,2021-07-19,2021-07-19,4318,86731479.0
scats_recovery,146,101108,2021-02-08,2021-02-08,4271,127877137.0
scats_recovery,144,99071,2019-10-03,2019-10-03,4151,139355454.0
scats_recovery,143,71590,2019-05-23,2019-05-23,4043,133936006.0
scats_recovery,142,71465,2019-04-30,2019-04-30,4038,130554138.0
scats_recovery,141,71434,2019-04-12,2019-04-12,4036,135532690.0
scats_recovery,140,70953,2019-02-27,2019-02-27,4013,134247765.0
scats_recovery,1,70905,2014-03-02,2014-03-02,3472,91163572.0
scats_recovery,139,70868,2019-02-18,2019-02-18,4009,127213162.0
scats_recovery,137,70663,2018-11-29,2018-11-29,3978,137053461.0
scats_recovery,138,70663,2018-11-30,2018-11-30,3978,141550913.0
scats_recovery,135,70663,2018-11-27,2018-11-27,3978,131214499.0
scats_recovery,136,70663,2018-11-28,2018-11-28,3978,133947936.0
scats_recovery,132,70659,2018-11-24,2018-11-24,3978,118555015.0
scats_recovery,134,70659,2018-11-26,2018-11-26,3978,128167459.0
scats_recovery,133,70659,2018-11-25,2018-11-25,3978,101819212.0
scats_recovery,129,70642,2018-11-21,2018-11-21,3978,134601016.0
scats_recovery,131,70642,2018-11-23,2018-11-23,3978,138533628.0
scats_recovery,130,70642,2018-11-22,2018-11-22,3978,136531241.0
scats_recovery,128,70617,2018-11-20,2018-11-20,3977,129698141.0
scats_recovery,127,70593,2018-11-19,2018-11-19,3976,127792085.0
scats_recovery,125,70569,2018-11-17,2018-11-17,3975,120830205.0
scats_recovery,124,70569,2018-11-16,2018-11-16,3975,141109133.0
scats_recovery,126,70569,2018-11-18,2018-11-18,3975,103727600.0
scats_recovery,122,70563,2018-11-14,2018-11-14,3975,133548271.0
scats_recovery,123,70563,2018-11-15,2018-11-15,3975,137018059.0
scats_recovery,121,70563,2018-11-13,2018-11-13,3975,130787148.0
scats_recovery,120,70555,2018-11-12,2018-11-12,3975,127570094.0
scats_recovery,119,70555,2018-11-11,2018-11-11,3975,100995128.0
scats_recovery,118,70555,2018-11-10,2018-11-10,3975,117155734.0
scats_recovery,114,70555,2018-11-06,2018-11-06,3975,83989493.0
scats_recovery,115,70555,2018-11-07,2018-11-07,3975,130071735.0
scats_recovery,117,70555,2018-11-09,2018-11-09,3975,137415723.0
scats_recovery,116,70555,2018-11-08,2018-11-08,3975,133830673.0
scats_recovery,113,70555,2018-11-05,2018-11-05,3975,114051883.0
scats_recovery,111,70507,2018-11-03,2018-11-03,3973,109736105.0
scats_recovery,110,70507,2018-11-02,2018-11-02,3973,136153392.0
scats_recovery,112,70507,2018-11-04,2018-11-04,3973,93601527.0
scats_recovery,109,70489,2018-11-01,2018-11-01,3972,134161038.0
scats_recovery,103,70441,2018-10-26,2018-10-26,3970,137930017.0
scats_recovery,108,70441,2018-10-31,2018-10-31,3970,132159379.0
scats_recovery,105,70441,2018-10-28,2018-10-28,3970,100193938.0
scats_recovery,102,70441,2018-10-25,2018-10-25,3970,134404863.0
scats_recovery,104,70441,2018-10-27,2018-10-27,3970,117799988.0
scats_recovery,106,70441,2018-10-29,2018-10-29,3970,126431080.0
scats_recovery,107,70441,2018-10-30,2018-10-30,3970,130074375.0
scats_recovery,101,70431,2018-10-24,2018-10-24,3970,131096184.0
scats_recovery,99,70431,2018-10-22,2018-10-22,3970,125854545.0
scats_recovery,100,70431,2018-10-23,2018-10-23,3970,128583833.0
scats_recovery,95,70407,2018-10-18,2018-10-18,3969,133747928.0
scats_recovery,98,70407,2018-10-21,2018-10-21,3969,99700678.0
scats_recovery,96,70407,2018-10-19,2018-10-19,3969,138044128.0
scats_recovery,97,70407,2018-10-20,2018-10-20,3969,115038344.0
scats_recovery,92,70383,2018-10-15,2018-10-15,3968,124107907.0
scats_recovery,93,70383,2018-10-16,2018-10-16,3968,127459963.0
scats_recovery,90,70383,2018-10-13,2018-10-13,3968,118628037.0
scats_recovery,94,70383,2018-10-17,2018-10-17,3968,131005578.0
scats_recovery,91,70383,2018-10-14,2018-10-14,3968,100083125.0
scats_recovery,89,70383,2018-10-12,2018-10-12,3968,137150810.0
scats_recovery,88,70375,2018-10-11,2018-10-11,3968,133448967.0
scats_recovery,87,70375,2018-10-10,2018-10-10,3968,130963488.0
scats_recovery,80,70337,2018-10-03,2018-10-03,3964,125808804.0
scats_recovery,79,70337,2018-10-02,2018-10-02,3964,123417155.0
scats_recovery,78,70334,2018-10-01,2018-10-01,3963,117307194.0
scats_recovery,74,70334,2018-09-27,2018-09-27,3963,132021357.0
scats_recovery,77,70334,2018-09-30,2018-09-30,3963,91480131.0
scats_recovery,76,70334,2018-09-29,2018-09-29,3963,91942093.0
scats_recovery,75,70334,2018-09-28,2018-09-28,3963,95751531.0
scats_recovery,72,70334,2018-09-25,2018-09-25,3963,122729090.0
scats_recovery,73,70334,2018-09-26,2018-09-26,3963,126190148.0
scats_recovery,71,70331,2018-09-24,2018-09-24,3963,119231814.0
scats_recovery,68,70331,2018-09-21,2018-09-21,3963,133610479.0
scats_recovery,70,70331,2018-09-23,2018-09-23,3963,94743703.0
scats_recovery,69,70331,2018-09-22,2018-09-22,3963,112749546.0
scats_recovery,81,70328,2018-10-04,2018-10-04,3964,128591336.0
scats_recovery,86,70327,2018-10-09,2018-10-09,3966,126932464.0
scats_recovery,85,70323,2018-10-08,2018-10-08,3966,124022878.0
scats_recovery,82,70319,2018-10-05,2018-10-05,3964,133374179.0
scats_recovery,84,70319,2018-10-07,2018-10-07,3964,96005716.0
scats_recovery,83,70319,2018-10-06,2018-10-06,3964,114483950.0
scats_recovery,67,70302,2018-09-20,2018-09-20,3961,131232886.0
scats_recovery,51,70284,2018-09-04,2018-09-04,3954,126671407.0
scats_recovery,25,70283,2018-08-09,2018-08-09,3950,130897416.0
scats_recovery,66,70282,2018-09-19,2018-09-19,3958,128375231.0
scats_recovery,58,70279,2018-09-11,2018-09-11,3956,126261050.0
scats_recovery,61,70279,2018-09-14,2018-09-14,3956,135093172.0
scats_recovery,60,70279,2018-09-13,2018-09-13,3956,131452737.0
scats_recovery,59,70279,2018-09-12,2018-09-12,3956,128992646.0
scats_recovery,64,70272,2018-09-17,2018-09-17,3957,121617186.0
scats_recovery,49,70271,2018-09-02,2018-09-02,3954,97245440.0
scats_recovery,47,70271,2018-08-31,2018-08-31,3954,133498547.0
scats_recovery,50,70271,2018-09-03,2018-09-03,3954,122029229.0
scats_recovery,46,70271,2018-08-30,2018-08-30,3954,130063813.0
scats_recovery,48,70271,2018-09-01,2018-09-01,3954,114583452.0
scats_recovery,37,70268,2018-08-21,2018-08-21,3951,125681706.0
scats_recovery,38,70268,2018-08-22,2018-08-22,3951,127820650.0
scats_recovery,65,70267,2018-09-18,2018-09-18,3957,125824737.0
scats_recovery,33,70266,2018-08-17,2018-08-17,3950,134879404.0
scats_recovery,36,70266,2018-08-20,2018-08-20,3950,120866246.0
scats_recovery,35,70266,2018-08-19,2018-08-19,3950,92619609.0
scats_recovery,34,70266,2018-08-18,2018-08-18,3950,113411249.0
scats_recovery,31,70266,2018-08-15,2018-08-15,3950,128315334.0
scats_recovery,52,70266,2018-09-05,2018-09-05,3954,128692608.0
scats_recovery,53,70266,2018-09-06,2018-09-06,3954,130036004.0
scats_recovery,32,70266,2018-08-16,2018-08-16,3950,131303330.0
scats_recovery,63,70265,2018-09-16,2018-09-16,3956,96017840.0
scats_recovery,62,70265,2018-09-15,2018-09-15,3956,111747869.0
scats_recovery,27,70259,2018-08-11,2018-08-11,3949,111726858.0
scats_recovery,28,70259,2018-08-12,2018-08-12,3949,96975269.0
scats_recovery,29,70259,2018-08-13,2018-08-13,3949,121974682.0
scats_recovery,26,70259,2018-08-10,2018-08-10,3949,133909137.0
scats_recovery,43,70258,2018-08-27,2018-08-27,3954,122435902.0
scats_recovery,30,70258,2018-08-14,2018-08-14,3949,126839128.0
scats_recovery,45,70258,2018-08-29,2018-08-29,3954,129329031.0
scats_recovery,44,70258,2018-08-28,2018-08-28,3954,126524016.0
scats_recovery,40,70254,2018-08-24,2018-08-24,3953,134517444.0
scats_recovery,42,70254,2018-08-26,2018-08-26,3953,98507804.0
scats_recovery,39,70254,2018-08-23,2018-08-23,3953,130665955.0
scats_recovery,41,70254,2018-08-25,2018-08-25,3953,115872177.0
scats_recovery,57,70250,2018-09-10,2018-09-10,3954,121483256.0
scats_recovery,54,70250,2018-09-07,2018-09-07,3954,134261078.0
scats_recovery,55,70250,2018-09-08,2018-09-08,3954,114839641.0
scats_recovery,56,70250,2018-09-09,2018-09-09,3954,95631922.0
scats_recovery,23,70238,2018-08-07,2018-08-07,3948,125942298.0
scats_recovery,24,70235,2018-08-08,2018-08-08,3948,128039226.0
scats_recovery,19,70209,2018-08-03,2018-08-03,3946,132669892.0
scats_recovery,18,70209,2018-08-02,2018-08-02,3946,130508495.0
scats_recovery,17,70205,2018-08-01,2018-08-01,3945,128124073.0
scats_recovery,16,70205,2018-07-31,2018-07-31,3945,125059987.0
scats_recovery,22,70190,2018-08-06,2018-08-06,3946,120618850.0
scats_recovery,21,70190,2018-08-05,2018-08-05,3946,97498697.0
scats_recovery,15,70189,2018-07-30,2018-07-30,3944,121381581.0
scats_recovery,13,70189,2018-07-28,2018-07-28,3944,114670463.0
scats_recovery,14,70189,2018-07-29,2018-07-29,3944,94954198.0
scats_recovery,12,70189,2018-07-27,2018-07-27,3944,134298189.0
scats_recovery,20,70187,2018-08-04,2018-08-04,3946,114123847.0
scats_recovery,2,69196,2015-09-30,2015-09-30,3609,120532895.0
scats_recovery,11,68803,2017-11-08,2017-11-08,3833,129633970.0
scats_recovery,6,68763,2016-05-19,2016-05-19,3706,126408905.0
scats_recovery,3,68739,2015-12-19,2015-12-19,3628,107181689.0
scats_recovery,4,68655,2015-12-31,2015-12-31,3625,90756421.0
scats_recovery,10,68603,2017-08-30,2017-08-30,3819,126415342.0
scats_recovery,5,68591,2016-01-22,2016-01-22,3627,122106134.0
scats_recovery,9,68340,2017-06-30,2017-06-30,3797,130506672.0
scats_recovery,7,68244,2016-08-15,2016-08-15,3738,119059456.0
scats_recovery,8,68073,2017-02-13,2017-02-13,3773,124314128.0
