month_label,month_start,next_month_start,count_date,day_total_volume,month_elapsed_seconds,completed_at_epoch
2014-01,2014-01-01,2014-02-01,2014-01-01,64443470,613.989,1777284053.907
2014-01,2014-01-01,2014-02-01,2014-01-02,89319498,613.989,1777284053.907
2014-01,2014-01-01,2014-02-01,2014-01-03,95795852,613.989,1777284053.907
2014-01,2014-01-01,2014-02-01,2014-01-04,84584417,613.989,1777284053.907
2014-01,2014-01-01,2014-02-01,2014-01-05,76796379,613.989,1777284053.907
2014-01,2014-01-01,2014-02-01,2014-01-06,98207335,613.989,1777284053.907
2014-01,2014-01-01,2014-02-01,2014-01-07,100034945,613.989,1777284053.907
2014-01,2014-01-01,2014-02-01,2014-01-08,103218047,613.989,1777284053.907
2014-01,2014-01-01,2014-02-01,2014-01-09,105509169,613.989,1777284053.907
2014-01,2014-01-01,2014-02-01,2014-01-10,108218973,613.989,1777284053.907
2014-01,2014-01-01,2014-02-01,2014-01-11,93368290,613.989,1777284053.907
2014-01,2014-01-01,2014-02-01,2014-01-12,83552884,613.989,1777284053.907
2014-01,2014-01-01,2014-02-01,2014-01-13,106482683,613.989,1777284053.907
2014-01,2014-01-01,2014-02-01,2014-01-14,104900415,613.989,1777284053.907
2014-01,2014-01-01,2014-02-01,2014-01-15,108474552,613.989,1777284053.907
2014-01,2014-01-01,2014-02-01,2014-01-16,108789020,613.989,1777284053.907
2014-01,2014-01-01,2014-02-01,2014-01-17,110216182,613.989,1777284053.907
2014-01,2014-01-01,2014-02-01,2014-01-18,98965374,613.989,1777284053.907
2014-01,2014-01-01,2014-02-01,2014-01-19,86831334,613.989,1777284053.907
2014-01,2014-01-01,2014-02-01,2014-01-20,109558959,613.989,1777284053.907
2014-01,2014-01-01,2014-02-01,2014-01-21,113881800,613.989,1777284053.907
2014-01,2014-01-01,2014-02-01,2014-01-22,116329395,613.989,1777284053.907
2014-01,2014-01-01,2014-02-01,2014-01-23,118359326,613.989,1777284053.907
2014-01,2014-01-01,2014-02-01,2014-01-24,118530528,613.989,1777284053.907
2014-01,2014-01-01,2014-02-01,2014-01-25,96128426,613.989,1777284053.907
2014-01,2014-01-01,2014-02-01,2014-01-26,83146396,613.989,1777284053.907
2014-01,2014-01-01,2014-02-01,2014-01-27,78011431,613.989,1777284053.907
2014-01,2014-01-01,2014-02-01,2014-01-28,110767914,613.989,1777284053.907
2014-01,2014-01-01,2014-02-01,2014-01-29,118057485,613.989,1777284053.907
2014-01,2014-01-01,2014-02-01,2014-01-30,120471944,613.989,1777284053.907
2014-01,2014-01-01,2014-02-01,2014-01-31,124153907,613.989,1777284053.907
2014-02,2014-02-01,2014-03-01,2014-02-01,103340574,605.515,1777284733.152
2014-02,2014-02-01,2014-03-01,2014-02-02,85077081,605.515,1777284733.152
2014-02,2014-02-01,2014-03-01,2014-02-03,113046747,605.515,1777284733.152
2014-02,2014-02-01,2014-03-01,2014-02-04,117825813,605.515,1777284733.152
2014-02,2014-02-01,2014-03-01,2014-02-05,119236027,605.515,1777284733.152
2014-02,2014-02-01,2014-03-01,2014-02-06,120784290,605.515,1777284733.152
2014-02,2014-02-01,2014-03-01,2014-02-07,124320256,605.515,1777284733.152
2014-02,2014-02-01,2014-03-01,2014-02-08,101420494,605.515,1777284733.152
2014-02,2014-02-01,2014-03-01,2014-02-09,85162409,605.515,1777284733.152
2014-02,2014-02-01,2014-03-01,2014-02-10,114024105,605.515,1777284733.152
2014-02,2014-02-01,2014-03-01,2014-02-11,118095530,605.515,1777284733.152
2014-02,2014-02-01,2014-03-01,2014-02-12,120015263,605.515,1777284733.152
2014-02,2014-02-01,2014-03-01,2014-02-13,122796542,605.515,1777284733.152
2014-02,2014-02-01,2014-03-01,2014-02-14,127842568,605.515,1777284733.152
2014-02,2014-02-01,2014-03-01,2014-02-15,105876034,605.515,1777284733.152
2014-02,2014-02-01,2014-03-01,2014-02-16,89297266,605.515,1777284733.152
2014-02,2014-02-01,2014-03-01,2014-02-17,115084519,605.515,1777284733.152
2014-02,2014-02-01,2014-03-01,2014-02-18,118179081,605.515,1777284733.152
2014-02,2014-02-01,2014-03-01,2014-02-19,119022010,605.515,1777284733.152
2014-02,2014-02-01,2014-03-01,2014-02-20,121646457,605.515,1777284733.152
2014-02,2014-02-01,2014-03-01,2014-02-21,124938173,605.515,1777284733.152
2014-02,2014-02-01,2014-03-01,2014-02-22,105390745,605.515,1777284733.152
2014-02,2014-02-01,2014-03-01,2014-02-23,90941117,605.515,1777284733.152
2014-02,2014-02-01,2014-03-01,2014-02-24,113653381,605.515,1777284733.152
2014-02,2014-02-01,2014-03-01,2014-02-25,117353459,605.515,1777284733.152
2014-02,2014-02-01,2014-03-01,2014-02-26,120397680,605.515,1777284733.152
2014-02,2014-02-01,2014-03-01,2014-02-27,122842418,605.515,1777284733.152
2014-02,2014-02-01,2014-03-01,2014-02-28,126298284,605.515,1777284733.152
2014-03,2014-03-01,2014-04-01,2014-03-01,107332277,649.579,1777285456.646
2014-03,2014-03-01,2014-04-01,2014-03-02,91163572,649.579,1777285456.646
2014-03,2014-03-01,2014-04-01,2014-03-03,115035023,649.579,1777285456.646
2014-03,2014-03-01,2014-04-01,2014-03-04,118803082,649.579,1777285456.646
2014-03,2014-03-01,2014-04-01,2014-03-05,120548180,649.579,1777285456.646
2014-03,2014-03-01,2014-04-01,2014-03-06,123379075,649.579,1777285456.646
2014-03,2014-03-01,2014-04-01,2014-03-07,126402109,649.579,1777285456.646
2014-03,2014-03-01,2014-04-01,2014-03-08,100256964,649.579,1777285456.646
2014-03,2014-03-01,2014-04-01,2014-03-09,86484754,649.579,1777285456.646
2014-03,2014-03-01,2014-04-01,2014-03-10,80618541,649.579,1777285456.646
2014-03,2014-03-01,2014-04-01,2014-03-11,116666359,649.579,1777285456.646
2014-03,2014-03-01,2014-04-01,2014-03-12,120549354,649.579,1777285456.646
2014-03,2014-03-01,2014-04-01,2014-03-13,123120273,649.579,1777285456.646
2014-03,2014-03-01,2014-04-01,2014-03-14,126331398,649.579,1777285456.646
2014-03,2014-03-01,2014-04-01,2014-03-15,105092706,649.579,1777285456.646
2014-03,2014-03-01,2014-04-01,2014-03-16,89079629,649.579,1777285456.646
2014-03,2014-03-01,2014-04-01,2014-03-17,114970841,649.579,1777285456.646
2014-03,2014-03-01,2014-04-01,2014-03-18,118726949,649.579,1777285456.646
2014-03,2014-03-01,2014-04-01,2014-03-19,121228154,649.579,1777285456.646
2014-03,2014-03-01,2014-04-01,2014-03-20,123166820,649.579,1777285456.646
2014-03,2014-03-01,2014-04-01,2014-03-21,125529215,649.579,1777285456.646
2014-03,2014-03-01,2014-04-01,2014-03-22,107099590,649.579,1777285456.646
2014-03,2014-03-01,2014-04-01,2014-03-23,91110830,649.579,1777285456.646
2014-03,2014-03-01,2014-04-01,2014-03-24,113203843,649.579,1777285456.646
2014-03,2014-03-01,2014-04-01,2014-03-25,118270485,649.579,1777285456.646
2014-03,2014-03-01,2014-04-01,2014-03-26,120456349,649.579,1777285456.646
2014-03,2014-03-01,2014-04-01,2014-03-27,122178311,649.579,1777285456.646
2014-03,2014-03-01,2014-04-01,2014-03-28,125607579,649.579,1777285456.646
2014-03,2014-03-01,2014-04-01,2014-03-29,107268815,649.579,1777285456.646
2014-03,2014-03-01,2014-04-01,2014-03-30,91774931,649.579,1777285456.646
2014-03,2014-03-01,2014-04-01,2014-03-31,114128665,649.579,1777285456.646
2014-04,2014-04-01,2014-05-01,2014-04-01,117829545,634.769,1777286165.5
2014-04,2014-04-01,2014-05-01,2014-04-02,119610722,634.769,1777286165.5
2014-04,2014-04-01,2014-05-01,2014-04-03,122491822,634.769,1777286165.5
2014-04,2014-04-01,2014-05-01,2014-04-04,125460612,634.769,1777286165.5
2014-04,2014-04-01,2014-05-01,2014-04-05,105528160,634.769,1777286165.5
2014-04,2014-04-01,2014-05-01,2014-04-06,92041494,634.769,1777286165.5
2014-04,2014-04-01,2014-05-01,2014-04-07,111131969,634.769,1777286165.5
2014-04,2014-04-01,2014-05-01,2014-04-08,113929172,634.769,1777286165.5
2014-04,2014-04-01,2014-05-01,2014-04-09,114151362,634.769,1777286165.5
2014-04,2014-04-01,2014-05-01,2014-04-10,116477509,634.769,1777286165.5
2014-04,2014-04-01,2014-05-01,2014-04-11,119077173,634.769,1777286165.5
2014-04,2014-04-01,2014-05-01,2014-04-12,102891013,634.769,1777286165.5
2014-04,2014-04-01,2014-05-01,2014-04-13,89286680,634.769,1777286165.5
2014-04,2014-04-01,2014-05-01,2014-04-14,111650731,634.769,1777286165.5
2014-04,2014-04-01,2014-05-01,2014-04-15,116173972,634.769,1777286165.5
2014-04,2014-04-01,2014-05-01,2014-04-16,118946068,634.769,1777286165.5
2014-04,2014-04-01,2014-05-01,2014-04-17,124781429,634.769,1777286165.5
2014-04,2014-04-01,2014-05-01,2014-04-18,69413116,634.769,1777286165.5
2014-04,2014-04-01,2014-05-01,2014-04-19,86292709,634.769,1777286165.5
2014-04,2014-04-01,2014-05-01,2014-04-20,76033919,634.769,1777286165.5
2014-04,2014-04-01,2014-05-01,2014-04-21,74286089,634.769,1777286165.5
2014-04,2014-04-01,2014-05-01,2014-04-22,107540474,634.769,1777286165.5
2014-04,2014-04-01,2014-05-01,2014-04-23,113903088,634.769,1777286165.5
2014-04,2014-04-01,2014-05-01,2014-04-24,121351489,634.769,1777286165.5
2014-04,2014-04-01,2014-05-01,2014-04-25,82652348,634.769,1777286165.5
2014-04,2014-04-01,2014-05-01,2014-04-26,98106828,634.769,1777286165.5
2014-04,2014-04-01,2014-05-01,2014-04-27,86399187,634.769,1777286165.5
2014-04,2014-04-01,2014-05-01,2014-04-28,113092960,634.769,1777286165.5
2014-04,2014-04-01,2014-05-01,2014-04-29,115347035,634.769,1777286165.5
2014-04,2014-04-01,2014-05-01,2014-04-30,119232204,634.769,1777286165.5
2014-05,2014-05-01,2014-06-01,2014-05-01,121520368,605.449,1777286852.484
2014-05,2014-05-01,2014-06-01,2014-05-02,124351238,605.449,1777286852.484
2014-05,2014-05-01,2014-06-01,2014-05-03,105054981,605.449,1777286852.484
2014-05,2014-05-01,2014-06-01,2014-05-04,87364656,605.449,1777286852.484
2014-05,2014-05-01,2014-06-01,2014-05-05,112117281,605.449,1777286852.484
2014-05,2014-05-01,2014-06-01,2014-05-06,116340313,605.449,1777286852.484
2014-05,2014-05-01,2014-06-01,2014-05-07,118384249,605.449,1777286852.484
2014-05,2014-05-01,2014-06-01,2014-05-08,121438205,605.449,1777286852.484
2014-05,2014-05-01,2014-06-01,2014-05-09,124789134,605.449,1777286852.484
2014-05,2014-05-01,2014-06-01,2014-05-10,106363702,605.449,1777286852.484
2014-05,2014-05-01,2014-06-01,2014-05-11,92884652,605.449,1777286852.484
2014-05,2014-05-01,2014-06-01,2014-05-12,112244310,605.449,1777286852.484
2014-05,2014-05-01,2014-06-01,2014-05-13,116441214,605.449,1777286852.484
2014-05,2014-05-01,2014-06-01,2014-05-14,118591504,605.449,1777286852.484
2014-05,2014-05-01,2014-06-01,2014-05-15,120879816,605.449,1777286852.484
2014-05,2014-05-01,2014-06-01,2014-05-16,124077906,605.449,1777286852.484
2014-05,2014-05-01,2014-06-01,2014-05-17,106077944,605.449,1777286852.484
2014-05,2014-05-01,2014-06-01,2014-05-18,88902281,605.449,1777286852.484
2014-05,2014-05-01,2014-06-01,2014-05-19,112078533,605.449,1777286852.484
2014-05,2014-05-01,2014-06-01,2014-05-20,115985059,605.449,1777286852.484
2014-05,2014-05-01,2014-06-01,2014-05-21,118776639,605.449,1777286852.484
2014-05,2014-05-01,2014-06-01,2014-05-22,121135034,605.449,1777286852.484
2014-05,2014-05-01,2014-06-01,2014-05-23,123091822,605.449,1777286852.484
2014-05,2014-05-01,2014-06-01,2014-05-24,105483423,605.449,1777286852.484
2014-05,2014-05-01,2014-06-01,2014-05-25,87851117,605.449,1777286852.484
2014-05,2014-05-01,2014-06-01,2014-05-26,110769080,605.449,1777286852.484
2014-05,2014-05-01,2014-06-01,2014-05-27,114697001,605.449,1777286852.484
2014-05,2014-05-01,2014-06-01,2014-05-28,116904388,605.449,1777286852.484
2014-05,2014-05-01,2014-06-01,2014-05-29,119919473,605.449,1777286852.484
2014-05,2014-05-01,2014-06-01,2014-05-30,124016873,605.449,1777286852.484
2014-05,2014-05-01,2014-06-01,2014-05-31,105331975,605.449,1777286852.484
2014-06,2014-06-01,2014-07-01,2014-06-01,85281837,601.074,1777287527.395
2014-06,2014-06-01,2014-07-01,2014-06-02,110586141,601.074,1777287527.395
2014-06,2014-06-01,2014-07-01,2014-06-03,113417624,601.074,1777287527.395
2014-06,2014-06-01,2014-07-01,2014-06-04,116100793,601.074,1777287527.395
2014-06,2014-06-01,2014-07-01,2014-06-05,118844310,601.074,1777287527.395
2014-06,2014-06-01,2014-07-01,2014-06-06,121777570,601.074,1777287527.395
2014-06,2014-06-01,2014-07-01,2014-06-07,96210861,601.074,1777287527.395
2014-06,2014-06-01,2014-07-01,2014-06-08,84114896,601.074,1777287527.395
2014-06,2014-06-01,2014-07-01,2014-06-09,76816513,601.074,1777287527.395
2014-06,2014-06-01,2014-07-01,2014-06-10,112845456,601.074,1777287527.395
2014-06,2014-06-01,2014-07-01,2014-06-11,116351188,601.074,1777287527.395
2014-06,2014-06-01,2014-07-01,2014-06-12,118801439,601.074,1777287527.395
2014-06,2014-06-01,2014-07-01,2014-06-13,122264171,601.074,1777287527.395
2014-06,2014-06-01,2014-07-01,2014-06-14,101945855,601.074,1777287527.395
2014-06,2014-06-01,2014-07-01,2014-06-15,85937807,601.074,1777287527.395
2014-06,2014-06-01,2014-07-01,2014-06-16,109891135,601.074,1777287527.395
2014-06,2014-06-01,2014-07-01,2014-06-17,114207780,601.074,1777287527.395
2014-06,2014-06-01,2014-07-01,2014-06-18,105662019,601.074,1777287527.395
2014-06,2014-06-01,2014-07-01,2014-06-19,117804943,601.074,1777287527.395
2014-06,2014-06-01,2014-07-01,2014-06-20,122427925,601.074,1777287527.395
2014-06,2014-06-01,2014-07-01,2014-06-21,103592171,601.074,1777287527.395
2014-06,2014-06-01,2014-07-01,2014-06-22,87007729,601.074,1777287527.395
2014-06,2014-06-01,2014-07-01,2014-06-23,107935702,601.074,1777287527.395
2014-06,2014-06-01,2014-07-01,2014-06-24,109690748,601.074,1777287527.395
2014-06,2014-06-01,2014-07-01,2014-06-25,115554185,601.074,1777287527.395
2014-06,2014-06-01,2014-07-01,2014-06-26,118678194,601.074,1777287527.395
2014-06,2014-06-01,2014-07-01,2014-06-27,121849580,601.074,1777287527.395
2014-06,2014-06-01,2014-07-01,2014-06-28,100952166,601.074,1777287527.395
2014-06,2014-06-01,2014-07-01,2014-06-29,82246699,601.074,1777287527.395
2014-06,2014-06-01,2014-07-01,2014-06-30,106501368,601.074,1777287527.395
2014-07,2014-07-01,2014-08-01,2014-07-01,109269461,596.961,1777288197.121
2014-07,2014-07-01,2014-08-01,2014-07-02,111834832,596.961,1777288197.121
2014-07,2014-07-01,2014-08-01,2014-07-03,114684001,596.961,1777288197.121
2014-07,2014-07-01,2014-08-01,2014-07-04,116859458,596.961,1777288197.121
2014-07,2014-07-01,2014-08-01,2014-07-05,96931686,596.961,1777288197.121
2014-07,2014-07-01,2014-08-01,2014-07-06,81639616,596.961,1777288197.121
2014-07,2014-07-01,2014-08-01,2014-07-07,105280406,596.961,1777288197.121
2014-07,2014-07-01,2014-08-01,2014-07-08,110504462,596.961,1777288197.121
2014-07,2014-07-01,2014-08-01,2014-07-09,111219671,596.961,1777288197.121
2014-07,2014-07-01,2014-08-01,2014-07-10,113736188,596.961,1777288197.121
2014-07,2014-07-01,2014-08-01,2014-07-11,117820798,596.961,1777288197.121
2014-07,2014-07-01,2014-08-01,2014-07-12,98540791,596.961,1777288197.121
2014-07,2014-07-01,2014-08-01,2014-07-13,84634011,596.961,1777288197.121
2014-07,2014-07-01,2014-08-01,2014-07-14,108644605,596.961,1777288197.121
2014-07,2014-07-01,2014-08-01,2014-07-15,112711502,596.961,1777288197.121
2014-07,2014-07-01,2014-08-01,2014-07-16,116513812,596.961,1777288197.121
2014-07,2014-07-01,2014-08-01,2014-07-17,118770423,596.961,1777288197.121
2014-07,2014-07-01,2014-08-01,2014-07-18,121766400,596.961,1777288197.121
2014-07,2014-07-01,2014-08-01,2014-07-19,103001338,596.961,1777288197.121
2014-07,2014-07-01,2014-08-01,2014-07-20,86601713,596.961,1777288197.121
2014-07,2014-07-01,2014-08-01,2014-07-21,110377072,596.961,1777288197.121
2014-07,2014-07-01,2014-08-01,2014-07-22,114953381,596.961,1777288197.121
2014-07,2014-07-01,2014-08-01,2014-07-23,117374387,596.961,1777288197.121
2014-07,2014-07-01,2014-08-01,2014-07-24,118931708,596.961,1777288197.121
2014-07,2014-07-01,2014-08-01,2014-07-25,122815686,596.961,1777288197.121
2014-07,2014-07-01,2014-08-01,2014-07-26,103415527,596.961,1777288197.121
2014-07,2014-07-01,2014-08-01,2014-07-27,88984477,596.961,1777288197.121
2014-07,2014-07-01,2014-08-01,2014-07-28,112418297,596.961,1777288197.121
2014-07,2014-07-01,2014-08-01,2014-07-29,115156847,596.961,1777288197.121
2014-07,2014-07-01,2014-08-01,2014-07-30,117630520,596.961,1777288197.121
2014-07,2014-07-01,2014-08-01,2014-07-31,117473679,596.961,1777288197.121
2014-08,2014-08-01,2014-09-01,2014-08-01,120442510,627.674,1777288903.845
2014-08,2014-08-01,2014-09-01,2014-08-02,103854143,627.674,1777288903.845
2014-08,2014-08-01,2014-09-01,2014-08-03,89508027,627.674,1777288903.845
2014-08,2014-08-01,2014-09-01,2014-08-04,111374095,627.674,1777288903.845
2014-08,2014-08-01,2014-09-01,2014-08-05,115472530,627.674,1777288903.845
2014-08,2014-08-01,2014-09-01,2014-08-06,117468300,627.674,1777288903.845
2014-08,2014-08-01,2014-09-01,2014-08-07,118955448,627.674,1777288903.845
2014-08,2014-08-01,2014-09-01,2014-08-08,123185522,627.674,1777288903.845
2014-08,2014-08-01,2014-09-01,2014-08-09,104728623,627.674,1777288903.845
2014-08,2014-08-01,2014-09-01,2014-08-10,87687825,627.674,1777288903.845
2014-08,2014-08-01,2014-09-01,2014-08-11,110800827,627.674,1777288903.845
2014-08,2014-08-01,2014-09-01,2014-08-12,114971689,627.674,1777288903.845
2014-08,2014-08-01,2014-09-01,2014-08-13,115365703,627.674,1777288903.845
2014-08,2014-08-01,2014-09-01,2014-08-14,118756408,627.674,1777288903.845
2014-08,2014-08-01,2014-09-01,2014-08-15,123919200,627.674,1777288903.845
2014-08,2014-08-01,2014-09-01,2014-08-16,104546700,627.674,1777288903.845
2014-08,2014-08-01,2014-09-01,2014-08-17,88186206,627.674,1777288903.845
2014-08,2014-08-01,2014-09-01,2014-08-18,110518246,627.674,1777288903.845
2014-08,2014-08-01,2014-09-01,2014-08-19,115304668,627.674,1777288903.845
2014-08,2014-08-01,2014-09-01,2014-08-20,117534617,627.674,1777288903.845
2014-08,2014-08-01,2014-09-01,2014-08-21,120452638,627.674,1777288903.845
2014-08,2014-08-01,2014-09-01,2014-08-22,123924151,627.674,1777288903.845
2014-08,2014-08-01,2014-09-01,2014-08-23,105964779,627.674,1777288903.845
2014-08,2014-08-01,2014-09-01,2014-08-24,88561841,627.674,1777288903.845
2014-08,2014-08-01,2014-09-01,2014-08-25,111229609,627.674,1777288903.845
2014-08,2014-08-01,2014-09-01,2014-08-26,115759215,627.674,1777288903.845
2014-08,2014-08-01,2014-09-01,2014-08-27,118420440,627.674,1777288903.845
2014-08,2014-08-01,2014-09-01,2014-08-28,120882543,627.674,1777288903.845
2014-08,2014-08-01,2014-09-01,2014-08-29,124107801,627.674,1777288903.845
2014-08,2014-08-01,2014-09-01,2014-08-30,106137131,627.674,1777288903.845
2014-08,2014-08-01,2014-09-01,2014-08-31,90044394,627.674,1777288903.845
2014-09,2014-09-01,2014-10-01,2014-09-01,111174427,638.788,1777289618.092
2014-09,2014-09-01,2014-10-01,2014-09-02,115577718,638.788,1777289618.092
2014-09,2014-09-01,2014-10-01,2014-09-03,118271757,638.788,1777289618.092
2014-09,2014-09-01,2014-10-01,2014-09-04,120836300,638.788,1777289618.092
2014-09,2014-09-01,2014-10-01,2014-09-05,125374103,638.788,1777289618.092
2014-09,2014-09-01,2014-10-01,2014-09-06,107377229,638.788,1777289618.092
2014-09,2014-09-01,2014-10-01,2014-09-07,91646163,638.788,1777289618.092
2014-09,2014-09-01,2014-10-01,2014-09-08,111886656,638.788,1777289618.092
2014-09,2014-09-01,2014-10-01,2014-09-09,114552641,638.788,1777289618.092
2014-09,2014-09-01,2014-10-01,2014-09-10,118365471,638.788,1777289618.092
2014-09,2014-09-01,2014-10-01,2014-09-11,120398969,638.788,1777289618.092
2014-09,2014-09-01,2014-10-01,2014-09-12,124226818,638.788,1777289618.092
2014-09,2014-09-01,2014-10-01,2014-09-13,105951771,638.788,1777289618.092
2014-09,2014-09-01,2014-10-01,2014-09-14,89977195,638.788,1777289618.092
2014-09,2014-09-01,2014-10-01,2014-09-15,112234125,638.788,1777289618.092
2014-09,2014-09-01,2014-10-01,2014-09-16,115841603,638.788,1777289618.092
2014-09,2014-09-01,2014-10-01,2014-09-17,118354413,638.788,1777289618.092
2014-09,2014-09-01,2014-10-01,2014-09-18,120678406,638.788,1777289618.092
2014-09,2014-09-01,2014-10-01,2014-09-19,123919863,638.788,1777289618.092
2014-09,2014-09-01,2014-10-01,2014-09-20,103451249,638.788,1777289618.092
2014-09,2014-09-01,2014-10-01,2014-09-21,89540909,638.788,1777289618.092
2014-09,2014-09-01,2014-10-01,2014-09-22,110812921,638.788,1777289618.092
2014-09,2014-09-01,2014-10-01,2014-09-23,114769779,638.788,1777289618.092
2014-09,2014-09-01,2014-10-01,2014-09-24,115226015,638.788,1777289618.092
2014-09,2014-09-01,2014-10-01,2014-09-25,117370632,638.788,1777289618.092
2014-09,2014-09-01,2014-10-01,2014-09-26,120793087,638.788,1777289618.092
2014-09,2014-09-01,2014-10-01,2014-09-27,92398798,638.788,1777289618.092
2014-09,2014-09-01,2014-10-01,2014-09-28,87318710,638.788,1777289618.092
2014-09,2014-09-01,2014-10-01,2014-09-29,110308849,638.788,1777289618.092
2014-09,2014-09-01,2014-10-01,2014-09-30,112988388,638.788,1777289618.092
2014-10,2014-10-01,2014-11-01,2014-10-01,116502267,632.214,1777290325.428
2014-10,2014-10-01,2014-11-01,2014-10-02,119077118,632.214,1777290325.428
2014-10,2014-10-01,2014-11-01,2014-10-03,122844604,632.214,1777290325.428
2014-10,2014-10-01,2014-11-01,2014-10-04,105816085,632.214,1777290325.428
2014-10,2014-10-01,2014-11-01,2014-10-05,88148576,632.214,1777290325.428
2014-10,2014-10-01,2014-11-01,2014-10-06,112724849,632.214,1777290325.428
2014-10,2014-10-01,2014-11-01,2014-10-07,113950265,632.214,1777290325.428
2014-10,2014-10-01,2014-11-01,2014-10-08,120160692,632.214,1777290325.428
2014-10,2014-10-01,2014-11-01,2014-10-09,122730310,632.214,1777290325.428
2014-10,2014-10-01,2014-11-01,2014-10-10,126288457,632.214,1777290325.428
2014-10,2014-10-01,2014-11-01,2014-10-11,107320556,632.214,1777290325.428
2014-10,2014-10-01,2014-11-01,2014-10-12,91169721,632.214,1777290325.428
2014-10,2014-10-01,2014-11-01,2014-10-13,113628627,632.214,1777290325.428
2014-10,2014-10-01,2014-11-01,2014-10-14,118586872,632.214,1777290325.428
2014-10,2014-10-01,2014-11-01,2014-10-15,121080237,632.214,1777290325.428
2014-10,2014-10-01,2014-11-01,2014-10-16,122871806,632.214,1777290325.428
2014-10,2014-10-01,2014-11-01,2014-10-17,127203580,632.214,1777290325.428
2014-10,2014-10-01,2014-11-01,2014-10-18,107566232,632.214,1777290325.428
2014-10,2014-10-01,2014-11-01,2014-10-19,91101329,632.214,1777290325.428
2014-10,2014-10-01,2014-11-01,2014-10-20,116113991,632.214,1777290325.428
2014-10,2014-10-01,2014-11-01,2014-10-21,120300904,632.214,1777290325.428
2014-10,2014-10-01,2014-11-01,2014-10-22,121337126,632.214,1777290325.428
2014-10,2014-10-01,2014-11-01,2014-10-23,124540804,632.214,1777290325.428
2014-10,2014-10-01,2014-11-01,2014-10-24,127875947,632.214,1777290325.428
2014-10,2014-10-01,2014-11-01,2014-10-25,108731423,632.214,1777290325.428
2014-10,2014-10-01,2014-11-01,2014-10-26,92697617,632.214,1777290325.428
2014-10,2014-10-01,2014-11-01,2014-10-27,112548214,632.214,1777290325.428
2014-10,2014-10-01,2014-11-01,2014-10-28,113724338,632.214,1777290325.428
2014-10,2014-10-01,2014-11-01,2014-10-29,121162967,632.214,1777290325.428
2014-10,2014-10-01,2014-11-01,2014-10-30,124481254,632.214,1777290325.428
2014-10,2014-10-01,2014-11-01,2014-10-31,127992857,632.214,1777290325.428
2014-11,2014-11-01,2014-12-01,2014-11-01,98210148,601.506,1777291000.925
2014-11,2014-11-01,2014-12-01,2014-11-02,84088207,601.506,1777291000.925
2014-11,2014-11-01,2014-12-01,2014-11-03,104906878,601.506,1777291000.925
2014-11,2014-11-01,2014-12-01,2014-11-04,79203179,601.506,1777291000.925
2014-11,2014-11-01,2014-12-01,2014-11-05,119385898,601.506,1777291000.925
2014-11,2014-11-01,2014-12-01,2014-11-06,122752079,601.506,1777291000.925
2014-11,2014-11-01,2014-12-01,2014-11-07,127912268,601.506,1777291000.925
2014-11,2014-11-01,2014-12-01,2014-11-08,106115078,601.506,1777291000.925
2014-11,2014-11-01,2014-12-01,2014-11-09,91602812,601.506,1777291000.925
2014-11,2014-11-01,2014-12-01,2014-11-10,117259896,601.506,1777291000.925
2014-11,2014-11-01,2014-12-01,2014-11-11,121204354,601.506,1777291000.925
2014-11,2014-11-01,2014-12-01,2014-11-12,124118337,601.506,1777291000.925
2014-11,2014-11-01,2014-12-01,2014-11-13,126158251,601.506,1777291000.925
2014-11,2014-11-01,2014-12-01,2014-11-14,129270133,601.506,1777291000.925
2014-11,2014-11-01,2014-12-01,2014-11-15,110222541,601.506,1777291000.925
2014-11,2014-11-01,2014-12-01,2014-11-16,90624817,601.506,1777291000.925
2014-11,2014-11-01,2014-12-01,2014-11-17,117821711,601.506,1777291000.925
2014-11,2014-11-01,2014-12-01,2014-11-18,122254442,601.506,1777291000.925
2014-11,2014-11-01,2014-12-01,2014-11-19,125316755,601.506,1777291000.925
2014-11,2014-11-01,2014-12-01,2014-11-20,126193553,601.506,1777291000.925
2014-11,2014-11-01,2014-12-01,2014-11-21,130958343,601.506,1777291000.925
2014-11,2014-11-01,2014-12-01,2014-11-22,111366799,601.506,1777291000.925
2014-11,2014-11-01,2014-12-01,2014-11-23,95015135,601.506,1777291000.925
2014-11,2014-11-01,2014-12-01,2014-11-24,115571153,601.506,1777291000.925
2014-11,2014-11-01,2014-12-01,2014-11-25,121824509,601.506,1777291000.925
2014-11,2014-11-01,2014-12-01,2014-11-26,124089334,601.506,1777291000.925
2014-11,2014-11-01,2014-12-01,2014-11-27,127440761,601.506,1777291000.925
2014-11,2014-11-01,2014-12-01,2014-11-28,131469532,601.506,1777291000.925
2014-11,2014-11-01,2014-12-01,2014-11-29,111601562,601.506,1777291000.925
2014-11,2014-11-01,2014-12-01,2014-11-30,94300873,601.506,1777291000.925
2014-12,2014-12-01,2015-01-01,2014-12-01,117935812,617.274,1777291692.888
2014-12,2014-12-01,2015-01-01,2014-12-02,122465549,617.274,1777291692.888
2014-12,2014-12-01,2015-01-01,2014-12-03,124698251,617.274,1777291692.888
2014-12,2014-12-01,2015-01-01,2014-12-04,127491269,617.274,1777291692.888
2014-12,2014-12-01,2015-01-01,2014-12-05,131462319,617.274,1777291692.888
2014-12,2014-12-01,2015-01-01,2014-12-06,111230047,617.274,1777291692.888
2014-12,2014-12-01,2015-01-01,2014-12-07,93606883,617.274,1777291692.888
2014-12,2014-12-01,2015-01-01,2014-12-08,118894024,617.274,1777291692.888
2014-12,2014-12-01,2015-01-01,2014-12-09,122966326,617.274,1777291692.888
2014-12,2014-12-01,2015-01-01,2014-12-10,125866607,617.274,1777291692.888
2014-12,2014-12-01,2015-01-01,2014-12-11,127930609,617.274,1777291692.888
2014-12,2014-12-01,2015-01-01,2014-12-12,132051790,617.274,1777291692.888
2014-12,2014-12-01,2015-01-01,2014-12-13,112782032,617.274,1777291692.888
2014-12,2014-12-01,2015-01-01,2014-12-14,97108184,617.274,1777291692.888
2014-12,2014-12-01,2015-01-01,2014-12-15,120428049,617.274,1777291692.888
2014-12,2014-12-01,2015-01-01,2014-12-16,123517008,617.274,1777291692.888
2014-12,2014-12-01,2015-01-01,2014-12-17,127608835,617.274,1777291692.888
2014-12,2014-12-01,2015-01-01,2014-12-18,128431894,617.274,1777291692.888
2014-12,2014-12-01,2015-01-01,2014-12-19,131398953,617.274,1777291692.888
2014-12,2014-12-01,2015-01-01,2014-12-20,110157912,617.274,1777291692.888
2014-12,2014-12-01,2015-01-01,2014-12-21,95463644,617.274,1777291692.888
2014-12,2014-12-01,2015-01-01,2014-12-22,120694137,617.274,1777291692.888
2014-12,2014-12-01,2015-01-01,2014-12-23,122017471,617.274,1777291692.888
2014-12,2014-12-01,2015-01-01,2014-12-24,112503656,617.274,1777291692.888
2014-12,2014-12-01,2015-01-01,2014-12-25,72594446,617.274,1777291692.888
2014-12,2014-12-01,2015-01-01,2014-12-26,81177316,617.274,1777291692.888
2014-12,2014-12-01,2015-01-01,2014-12-27,86260079,617.274,1777291692.888
2014-12,2014-12-01,2015-01-01,2014-12-28,80231334,617.274,1777291692.888
2014-12,2014-12-01,2015-01-01,2014-12-29,88793226,617.274,1777291692.888
2014-12,2014-12-01,2015-01-01,2014-12-30,92585983,617.274,1777291692.888
2014-12,2014-12-01,2015-01-01,2014-12-31,92474097,617.274,1777291692.888
2015-01,2015-01-01,2015-02-01,2015-01-01,69823222,636.35,1777292408.196
2015-01,2015-01-01,2015-02-01,2015-01-02,88004964,636.35,1777292408.196
2015-01,2015-01-01,2015-02-01,2015-01-03,75563421,636.35,1777292408.196
2015-01,2015-01-01,2015-02-01,2015-01-04,78638573,636.35,1777292408.196
2015-01,2015-01-01,2015-02-01,2015-01-05,98490445,636.35,1777292408.196
2015-01,2015-01-01,2015-02-01,2015-01-06,101373717,636.35,1777292408.196
2015-01,2015-01-01,2015-02-01,2015-01-07,100277247,636.35,1777292408.196
2015-01,2015-01-01,2015-02-01,2015-01-08,99436217,636.35,1777292408.196
2015-01,2015-01-01,2015-02-01,2015-01-09,107648032,636.35,1777292408.196
2015-01,2015-01-01,2015-02-01,2015-01-10,92409031,636.35,1777292408.196
2015-01,2015-01-01,2015-02-01,2015-01-11,84115976,636.35,1777292408.196
2015-01,2015-01-01,2015-02-01,2015-01-12,107277853,636.35,1777292408.196
2015-01,2015-01-01,2015-02-01,2015-01-13,107860360,636.35,1777292408.196
2015-01,2015-01-01,2015-02-01,2015-01-14,111521195,636.35,1777292408.196
2015-01,2015-01-01,2015-02-01,2015-01-15,114595713,636.35,1777292408.196
2015-01,2015-01-01,2015-02-01,2015-01-16,117871723,636.35,1777292408.196
2015-01,2015-01-01,2015-02-01,2015-01-17,101921134,636.35,1777292408.196
2015-01,2015-01-01,2015-02-01,2015-01-18,88040671,636.35,1777292408.196
2015-01,2015-01-01,2015-02-01,2015-01-19,106057606,636.35,1777292408.196
2015-01,2015-01-01,2015-02-01,2015-01-20,114688599,636.35,1777292408.196
2015-01,2015-01-01,2015-02-01,2015-01-21,117425617,636.35,1777292408.196
2015-01,2015-01-01,2015-02-01,2015-01-22,119391848,636.35,1777292408.196
2015-01,2015-01-01,2015-02-01,2015-01-23,121762910,636.35,1777292408.196
2015-01,2015-01-01,2015-02-01,2015-01-24,99194553,636.35,1777292408.196
2015-01,2015-01-01,2015-02-01,2015-01-25,86488101,636.35,1777292408.196
2015-01,2015-01-01,2015-02-01,2015-01-26,79156318,636.35,1777292408.196
2015-01,2015-01-01,2015-02-01,2015-01-27,114718826,636.35,1777292408.196
2015-01,2015-01-01,2015-02-01,2015-01-28,118921529,636.35,1777292408.196
2015-01,2015-01-01,2015-02-01,2015-01-29,121608947,636.35,1777292408.196
2015-01,2015-01-01,2015-02-01,2015-01-30,126190932,636.35,1777292408.196
2015-01,2015-01-01,2015-02-01,2015-01-31,105927459,636.35,1777292408.196
2015-02,2015-02-01,2015-03-01,2015-02-01,87728129,614.653,1777293097.751
2015-02,2015-02-01,2015-03-01,2015-02-02,116438839,614.653,1777293097.751
2015-02,2015-02-01,2015-03-01,2015-02-03,119872353,614.653,1777293097.751
2015-02,2015-02-01,2015-03-01,2015-02-04,121959521,614.653,1777293097.751
2015-02,2015-02-01,2015-03-01,2015-02-05,124543825,614.653,1777293097.751
2015-02,2015-02-01,2015-03-01,2015-02-06,128037445,614.653,1777293097.751
2015-02,2015-02-01,2015-03-01,2015-02-07,107393840,614.653,1777293097.751
2015-02,2015-02-01,2015-03-01,2015-02-08,91238190,614.653,1777293097.751
2015-02,2015-02-01,2015-03-01,2015-02-09,116227294,614.653,1777293097.751
2015-02,2015-02-01,2015-03-01,2015-02-10,121349735,614.653,1777293097.751
2015-02,2015-02-01,2015-03-01,2015-02-11,122398913,614.653,1777293097.751
2015-02,2015-02-01,2015-03-01,2015-02-12,125670108,614.653,1777293097.751
2015-02,2015-02-01,2015-03-01,2015-02-13,126850457,614.653,1777293097.751
2015-02,2015-02-01,2015-03-01,2015-02-14,107566809,614.653,1777293097.751
2015-02,2015-02-01,2015-03-01,2015-02-15,92991459,614.653,1777293097.751
2015-02,2015-02-01,2015-03-01,2015-02-16,99466833,614.653,1777293097.751
2015-02,2015-02-01,2015-03-01,2015-02-17,121151683,614.653,1777293097.751
2015-02,2015-02-01,2015-03-01,2015-02-18,123332754,614.653,1777293097.751
2015-02,2015-02-01,2015-03-01,2015-02-19,122911769,614.653,1777293097.751
2015-02,2015-02-01,2015-03-01,2015-02-20,129178641,614.653,1777293097.751
2015-02,2015-02-01,2015-03-01,2015-02-21,108833078,614.653,1777293097.751
2015-02,2015-02-01,2015-03-01,2015-02-22,92848440,614.653,1777293097.751
2015-02,2015-02-01,2015-03-01,2015-02-23,115313113,614.653,1777293097.751
2015-02,2015-02-01,2015-03-01,2015-02-24,120812652,614.653,1777293097.751
2015-02,2015-02-01,2015-03-01,2015-02-25,123352663,614.653,1777293097.751
2015-02,2015-02-01,2015-03-01,2015-02-26,125280846,614.653,1777293097.751
2015-02,2015-02-01,2015-03-01,2015-02-27,129835039,614.653,1777293097.751
2015-02,2015-02-01,2015-03-01,2015-02-28,109456403,614.653,1777293097.751
2015-03,2015-03-01,2015-04-01,2015-03-01,93988540,641.636,1777293813.036
2015-03,2015-03-01,2015-04-01,2015-03-02,108862708,641.636,1777293813.036
2015-03,2015-03-01,2015-04-01,2015-03-03,130209579,641.636,1777293813.036
2015-03,2015-03-01,2015-04-01,2015-03-04,124410143,641.636,1777293813.036
2015-03,2015-03-01,2015-04-01,2015-03-05,126448723,641.636,1777293813.036
2015-03,2015-03-01,2015-04-01,2015-03-07,102480328,641.636,1777293813.036
2015-03,2015-03-01,2015-04-01,2015-03-08,88379032,641.636,1777293813.036
2015-03,2015-03-01,2015-04-01,2015-03-09,83706800,641.636,1777293813.036
2015-03,2015-03-01,2015-04-01,2015-03-10,120767898,641.636,1777293813.036
2015-03,2015-03-01,2015-04-01,2015-03-11,124295742,641.636,1777293813.036
2015-03,2015-03-01,2015-04-01,2015-03-12,126273436,641.636,1777293813.036
2015-03,2015-03-01,2015-04-01,2015-03-13,129762991,641.636,1777293813.036
2015-03,2015-03-01,2015-04-01,2015-03-14,110565311,641.636,1777293813.036
2015-03,2015-03-01,2015-04-01,2015-03-15,93141089,641.636,1777293813.036
2015-03,2015-03-01,2015-04-01,2015-03-16,118708420,641.636,1777293813.036
2015-03,2015-03-01,2015-04-01,2015-03-17,121569157,641.636,1777293813.036
2015-03,2015-03-01,2015-04-01,2015-03-18,124437526,641.636,1777293813.036
2015-03,2015-03-01,2015-04-01,2015-03-19,125149095,641.636,1777293813.036
2015-03,2015-03-01,2015-04-01,2015-03-20,129932676,641.636,1777293813.036
2015-03,2015-03-01,2015-04-01,2015-03-21,111901689,641.636,1777293813.036
2015-03,2015-03-01,2015-04-01,2015-03-22,97403802,641.636,1777293813.036
2015-03,2015-03-01,2015-04-01,2015-03-23,116618325,641.636,1777293813.036
2015-03,2015-03-01,2015-04-01,2015-03-24,110448850,641.636,1777293813.036
2015-03,2015-03-01,2015-04-01,2015-03-25,124373239,641.636,1777293813.036
2015-03,2015-03-01,2015-04-01,2015-03-26,124980874,641.636,1777293813.036
2015-03,2015-03-01,2015-04-01,2015-03-27,128400739,641.636,1777293813.036
2015-03,2015-03-01,2015-04-01,2015-03-28,109472073,641.636,1777293813.036
2015-03,2015-03-01,2015-04-01,2015-03-29,93217067,641.636,1777293813.036
2015-03,2015-03-01,2015-04-01,2015-03-30,115965941,641.636,1777293813.036
2015-03,2015-03-01,2015-04-01,2015-03-31,120553790,641.636,1777293813.036
2015-04,2015-04-01,2015-05-01,2015-04-01,122526668,630.672,1777294517.723
2015-04,2015-04-01,2015-05-01,2015-04-02,128081927,630.672,1777294517.723
2015-04,2015-04-01,2015-05-01,2015-04-03,74311088,630.672,1777294517.723
2015-04,2015-04-01,2015-05-01,2015-04-04,89451996,630.672,1777294517.723
2015-04,2015-04-01,2015-05-01,2015-04-05,79181959,630.672,1777294517.723
2015-04,2015-04-01,2015-05-01,2015-04-06,78565372,630.672,1777294517.723
2015-04,2015-04-01,2015-05-01,2015-04-07,109741411,630.672,1777294517.723
2015-04,2015-04-01,2015-05-01,2015-04-08,115748513,630.672,1777294517.723
2015-04,2015-04-01,2015-05-01,2015-04-09,119661982,630.672,1777294517.723
2015-04,2015-04-01,2015-05-01,2015-04-10,123243082,630.672,1777294517.723
2015-04,2015-04-01,2015-05-01,2015-04-11,106660616,630.672,1777294517.723
2015-04,2015-04-01,2015-05-01,2015-04-12,91504416,630.672,1777294517.723
2015-04,2015-04-01,2015-05-01,2015-04-13,115878014,630.672,1777294517.723
2015-04,2015-04-01,2015-05-01,2015-04-14,120099045,630.672,1777294517.723
2015-04,2015-04-01,2015-05-01,2015-04-15,122036174,630.672,1777294517.723
2015-04,2015-04-01,2015-05-01,2015-04-16,124450589,630.672,1777294517.723
2015-04,2015-04-01,2015-05-01,2015-04-17,126336901,630.672,1777294517.723
2015-04,2015-04-01,2015-05-01,2015-04-18,109508654,630.672,1777294517.723
2015-04,2015-04-01,2015-05-01,2015-04-19,88877854,630.672,1777294517.723
2015-04,2015-04-01,2015-05-01,2015-04-20,115573339,630.672,1777294517.723
2015-04,2015-04-01,2015-05-01,2015-04-21,119547066,630.672,1777294517.723
2015-04,2015-04-01,2015-05-01,2015-04-22,121285012,630.672,1777294517.723
2015-04,2015-04-01,2015-05-01,2015-04-23,124210513,630.672,1777294517.723
2015-04,2015-04-01,2015-05-01,2015-04-24,127903362,630.672,1777294517.723
2015-04,2015-04-01,2015-05-01,2015-04-25,93211141,630.672,1777294517.723
2015-04,2015-04-01,2015-05-01,2015-04-26,89736361,630.672,1777294517.723
2015-04,2015-04-01,2015-05-01,2015-04-27,113913517,630.672,1777294517.723
2015-04,2015-04-01,2015-05-01,2015-04-28,119147678,630.672,1777294517.723
2015-04,2015-04-01,2015-05-01,2015-04-29,121716465,630.672,1777294517.723
2015-04,2015-04-01,2015-05-01,2015-04-30,124153532,630.672,1777294517.723
2015-05,2015-05-01,2015-06-01,2015-05-01,127293169,630.232,1777295223.066
2015-05,2015-05-01,2015-06-01,2015-05-02,108652096,630.232,1777295223.066
2015-05,2015-05-01,2015-06-01,2015-05-03,92150480,630.232,1777295223.066
2015-05,2015-05-01,2015-06-01,2015-05-04,115233166,630.232,1777295223.066
2015-05,2015-05-01,2015-06-01,2015-05-05,117507965,630.232,1777295223.066
2015-05,2015-05-01,2015-06-01,2015-05-06,120477179,630.232,1777295223.066
2015-05,2015-05-01,2015-06-01,2015-05-07,122743067,630.232,1777295223.066
2015-05,2015-05-01,2015-06-01,2015-05-08,127473408,630.232,1777295223.066
2015-05,2015-05-01,2015-06-01,2015-05-09,110596106,630.232,1777295223.066
2015-05,2015-05-01,2015-06-01,2015-05-10,92288747,630.232,1777295223.066
2015-05,2015-05-01,2015-06-01,2015-05-11,113657228,630.232,1777295223.066
2015-05,2015-05-01,2015-06-01,2015-05-12,118073090,630.232,1777295223.066
2015-05,2015-05-01,2015-06-01,2015-05-13,118091435,630.232,1777295223.066
2015-05,2015-05-01,2015-06-01,2015-05-14,121918951,630.232,1777295223.066
2015-05,2015-05-01,2015-06-01,2015-05-15,125695443,630.232,1777295223.066
2015-05,2015-05-01,2015-06-01,2015-05-16,108518063,630.232,1777295223.066
2015-05,2015-05-01,2015-06-01,2015-05-17,92631956,630.232,1777295223.066
2015-05,2015-05-01,2015-06-01,2015-05-18,114811170,630.232,1777295223.066
2015-05,2015-05-01,2015-06-01,2015-05-19,117656623,630.232,1777295223.066
2015-05,2015-05-01,2015-06-01,2015-05-20,120338287,630.232,1777295223.066
2015-05,2015-05-01,2015-06-01,2015-05-21,122111498,630.232,1777295223.066
2015-05,2015-05-01,2015-06-01,2015-05-22,122590289,630.232,1777295223.066
2015-05,2015-05-01,2015-06-01,2015-05-23,108637826,630.232,1777295223.066
2015-05,2015-05-01,2015-06-01,2015-05-24,90799931,630.232,1777295223.066
2015-05,2015-05-01,2015-06-01,2015-05-25,113627545,630.232,1777295223.066
2015-05,2015-05-01,2015-06-01,2015-05-26,117849544,630.232,1777295223.066
2015-05,2015-05-01,2015-06-01,2015-05-27,120313801,630.232,1777295223.066
2015-05,2015-05-01,2015-06-01,2015-05-28,122404868,630.232,1777295223.066
2015-05,2015-05-01,2015-06-01,2015-05-29,121588883,630.232,1777295223.066
2015-05,2015-05-01,2015-06-01,2015-05-30,108731540,630.232,1777295223.066
2015-05,2015-05-01,2015-06-01,2015-05-31,88753828,630.232,1777295223.066
2015-06,2015-06-01,2015-07-01,2015-06-01,113139245,640.169,1777295937.803
2015-06,2015-06-01,2015-07-01,2015-06-02,116312891,640.169,1777295937.803
2015-06,2015-06-01,2015-07-01,2015-06-03,111742686,640.169,1777295937.803
2015-06,2015-06-01,2015-07-01,2015-06-04,120227254,640.169,1777295937.803
2015-06,2015-06-01,2015-07-01,2015-06-05,113188723,640.169,1777295937.803
2015-06,2015-06-01,2015-07-01,2015-06-06,99282755,640.169,1777295937.803
2015-06,2015-06-01,2015-07-01,2015-06-07,85619149,640.169,1777295937.803
2015-06,2015-06-01,2015-07-01,2015-06-08,78002367,640.169,1777295937.803
2015-06,2015-06-01,2015-07-01,2015-06-09,115265002,640.169,1777295937.803
2015-06,2015-06-01,2015-07-01,2015-06-10,118658976,640.169,1777295937.803
2015-06,2015-06-01,2015-07-01,2015-06-11,121784799,640.169,1777295937.803
2015-06,2015-06-01,2015-07-01,2015-06-12,125416951,640.169,1777295937.803
2015-06,2015-06-01,2015-07-01,2015-06-13,107657506,640.169,1777295937.803
2015-06,2015-06-01,2015-07-01,2015-06-14,90422960,640.169,1777295937.803
2015-06,2015-06-01,2015-07-01,2015-06-15,113714974,640.169,1777295937.803
2015-06,2015-06-01,2015-07-01,2015-06-16,116921872,640.169,1777295937.803
2015-06,2015-06-01,2015-07-01,2015-06-17,119532434,640.169,1777295937.803
2015-06,2015-06-01,2015-07-01,2015-06-18,121919938,640.169,1777295937.803
2015-06,2015-06-01,2015-07-01,2015-06-19,125543581,640.169,1777295937.803
2015-06,2015-06-01,2015-07-01,2015-06-20,107499324,640.169,1777295937.803
2015-06,2015-06-01,2015-07-01,2015-06-21,90776973,640.169,1777295937.803
2015-06,2015-06-01,2015-07-01,2015-06-22,105042876,640.169,1777295937.803
2015-06,2015-06-01,2015-07-01,2015-06-23,115565359,640.169,1777295937.803
2015-06,2015-06-01,2015-07-01,2015-06-24,119047074,640.169,1777295937.803
2015-06,2015-06-01,2015-07-01,2015-06-25,121499400,640.169,1777295937.803
2015-06,2015-06-01,2015-07-01,2015-06-26,124406700,640.169,1777295937.803
2015-06,2015-06-01,2015-07-01,2015-06-27,104551043,640.169,1777295937.803
2015-06,2015-06-01,2015-07-01,2015-06-28,88652006,640.169,1777295937.803
2015-06,2015-06-01,2015-07-01,2015-06-29,108805724,640.169,1777295937.803
2015-06,2015-06-01,2015-07-01,2015-06-30,113959943,640.169,1777295937.803
2015-07,2015-07-01,2015-08-01,2015-07-01,114913171,629.774,1777296642.71
2015-07,2015-07-01,2015-08-01,2015-07-02,115942980,629.774,1777296642.71
2015-07,2015-07-01,2015-08-01,2015-07-03,119209773,629.774,1777296642.71
2015-07,2015-07-01,2015-08-01,2015-07-04,97668493,629.774,1777296642.71
2015-07,2015-07-01,2015-08-01,2015-07-05,85739304,629.774,1777296642.71
2015-07,2015-07-01,2015-08-01,2015-07-06,106434990,629.774,1777296642.71
2015-07,2015-07-01,2015-08-01,2015-07-07,112164104,629.774,1777296642.71
2015-07,2015-07-01,2015-08-01,2015-07-08,115151462,629.774,1777296642.71
2015-07,2015-07-01,2015-08-01,2015-07-09,116577347,629.774,1777296642.71
2015-07,2015-07-01,2015-08-01,2015-07-10,119856230,629.774,1777296642.71
2015-07,2015-07-01,2015-08-01,2015-07-11,99114775,629.774,1777296642.71
2015-07,2015-07-01,2015-08-01,2015-07-12,80121052,629.774,1777296642.71
2015-07,2015-07-01,2015-08-01,2015-07-13,110512816,629.774,1777296642.71
2015-07,2015-07-01,2015-08-01,2015-07-14,115490307,629.774,1777296642.71
2015-07,2015-07-01,2015-08-01,2015-07-15,118602775,629.774,1777296642.71
2015-07,2015-07-01,2015-08-01,2015-07-16,121464265,629.774,1777296642.71
2015-07,2015-07-01,2015-08-01,2015-07-17,124113331,629.774,1777296642.71
2015-07,2015-07-01,2015-08-01,2015-07-18,106595293,629.774,1777296642.71
2015-07,2015-07-01,2015-08-01,2015-07-19,90553404,629.774,1777296642.71
2015-07,2015-07-01,2015-08-01,2015-07-20,113158841,629.774,1777296642.71
2015-07,2015-07-01,2015-08-01,2015-07-21,117443800,629.774,1777296642.71
2015-07,2015-07-01,2015-08-01,2015-07-22,119813401,629.774,1777296642.71
2015-07,2015-07-01,2015-08-01,2015-07-23,122658103,629.774,1777296642.71
2015-07,2015-07-01,2015-08-01,2015-07-24,121180539,629.774,1777296642.71
2015-07,2015-07-01,2015-08-01,2015-07-25,107427226,629.774,1777296642.71
2015-07,2015-07-01,2015-08-01,2015-07-26,88702466,629.774,1777296642.71
2015-07,2015-07-01,2015-08-01,2015-07-27,113909761,629.774,1777296642.71
2015-07,2015-07-01,2015-08-01,2015-07-28,118292523,629.774,1777296642.71
2015-07,2015-07-01,2015-08-01,2015-07-29,120638164,629.774,1777296642.71
2015-07,2015-07-01,2015-08-01,2015-07-30,121594939,629.774,1777296642.71
2015-07,2015-07-01,2015-08-01,2015-07-31,122591040,629.774,1777296642.71
2015-08,2015-08-01,2015-09-01,2015-08-01,105419546,651.548,1777297369.221
2015-08,2015-08-01,2015-09-01,2015-08-02,90191401,651.548,1777297369.221
2015-08,2015-08-01,2015-09-01,2015-08-03,112805898,651.548,1777297369.221
2015-08,2015-08-01,2015-09-01,2015-08-04,118136645,651.548,1777297369.221
2015-08,2015-08-01,2015-09-01,2015-08-05,119304174,651.548,1777297369.221
2015-08,2015-08-01,2015-09-01,2015-08-06,121406705,651.548,1777297369.221
2015-08,2015-08-01,2015-09-01,2015-08-07,125381422,651.548,1777297369.221
2015-08,2015-08-01,2015-09-01,2015-08-08,106655032,651.548,1777297369.221
2015-08,2015-08-01,2015-09-01,2015-08-09,90561059,651.548,1777297369.221
2015-08,2015-08-01,2015-09-01,2015-08-10,114005849,651.548,1777297369.221
2015-08,2015-08-01,2015-09-01,2015-08-11,118172920,651.548,1777297369.221
2015-08,2015-08-01,2015-09-01,2015-08-12,120191350,651.548,1777297369.221
2015-08,2015-08-01,2015-09-01,2015-08-13,122594815,651.548,1777297369.221
2015-08,2015-08-01,2015-09-01,2015-08-14,125673617,651.548,1777297369.221
2015-08,2015-08-01,2015-09-01,2015-08-15,106825926,651.548,1777297369.221
2015-08,2015-08-01,2015-09-01,2015-08-16,90769766,651.548,1777297369.221
2015-08,2015-08-01,2015-09-01,2015-08-17,112895230,651.548,1777297369.221
2015-08,2015-08-01,2015-09-01,2015-08-18,117967748,651.548,1777297369.221
2015-08,2015-08-01,2015-09-01,2015-08-19,120293531,651.548,1777297369.221
2015-08,2015-08-01,2015-09-01,2015-08-20,122764100,651.548,1777297369.221
2015-08,2015-08-01,2015-09-01,2015-08-21,125743730,651.548,1777297369.221
2015-08,2015-08-01,2015-09-01,2015-08-22,107789304,651.548,1777297369.221
2015-08,2015-08-01,2015-09-01,2015-08-23,91368279,651.548,1777297369.221
2015-08,2015-08-01,2015-09-01,2015-08-24,114090486,651.548,1777297369.221
2015-08,2015-08-01,2015-09-01,2015-08-25,117942558,651.548,1777297369.221
2015-08,2015-08-01,2015-09-01,2015-08-26,120387991,651.548,1777297369.221
2015-08,2015-08-01,2015-09-01,2015-08-27,120913257,651.548,1777297369.221
2015-08,2015-08-01,2015-09-01,2015-08-28,126269313,651.548,1777297369.221
2015-08,2015-08-01,2015-09-01,2015-08-29,106738296,651.548,1777297369.221
2015-08,2015-08-01,2015-09-01,2015-08-30,90372483,651.548,1777297369.221
2015-08,2015-08-01,2015-09-01,2015-08-31,113945505,651.548,1777297369.221
2015-09,2015-09-01,2015-10-01,2015-09-01,118771244,706.309,1777298150.537
2015-09,2015-09-01,2015-10-01,2015-09-02,119814864,706.309,1777298150.537
2015-09,2015-09-01,2015-10-01,2015-09-03,122837064,706.309,1777298150.537
2015-09,2015-09-01,2015-10-01,2015-09-04,127938111,706.309,1777298150.537
2015-09,2015-09-01,2015-10-01,2015-09-05,109163379,706.309,1777298150.537
2015-09,2015-09-01,2015-10-01,2015-09-06,91586887,706.309,1777298150.537
2015-09,2015-09-01,2015-10-01,2015-09-07,113683271,706.309,1777298150.537
2015-09,2015-09-01,2015-10-01,2015-09-08,117876212,706.309,1777298150.537
2015-09,2015-09-01,2015-10-01,2015-09-09,120109301,706.309,1777298150.537
2015-09,2015-09-01,2015-10-01,2015-09-10,122961570,706.309,1777298150.537
2015-09,2015-09-01,2015-10-01,2015-09-11,124087830,706.309,1777298150.537
2015-09,2015-09-01,2015-10-01,2015-09-12,107363051,706.309,1777298150.537
2015-09,2015-09-01,2015-10-01,2015-09-13,92963279,706.309,1777298150.537
2015-09,2015-09-01,2015-10-01,2015-09-14,113950760,706.309,1777298150.537
2015-09,2015-09-01,2015-10-01,2015-09-15,118068913,706.309,1777298150.537
2015-09,2015-09-01,2015-10-01,2015-09-16,120906624,706.309,1777298150.537
2015-09,2015-09-01,2015-10-01,2015-09-17,122830432,706.309,1777298150.537
2015-09,2015-09-01,2015-10-01,2015-09-18,126219194,706.309,1777298150.537
2015-09,2015-09-01,2015-10-01,2015-09-19,106579387,706.309,1777298150.537
2015-09,2015-09-01,2015-10-01,2015-09-20,92285556,706.309,1777298150.537
2015-09,2015-09-01,2015-10-01,2015-09-21,111722083,706.309,1777298150.537
2015-09,2015-09-01,2015-10-01,2015-09-22,115617108,706.309,1777298150.537
2015-09,2015-09-01,2015-10-01,2015-09-23,118140037,706.309,1777298150.537
2015-09,2015-09-01,2015-10-01,2015-09-24,120930314,706.309,1777298150.537
2015-09,2015-09-01,2015-10-01,2015-09-25,123959480,706.309,1777298150.537
2015-09,2015-09-01,2015-10-01,2015-09-26,105197797,706.309,1777298150.537
2015-09,2015-09-01,2015-10-01,2015-09-27,91803735,706.309,1777298150.537
2015-09,2015-09-01,2015-10-01,2015-09-28,112943592,706.309,1777298150.537
2015-09,2015-09-01,2015-10-01,2015-09-29,117365963,706.309,1777298150.537
2015-09,2015-09-01,2015-10-01,2015-09-30,120532895,706.309,1777298150.537
2015-10,2015-10-01,2015-11-01,2015-10-01,127090983,647.662,1777298872.252
2015-10,2015-10-01,2015-11-01,2015-10-02,96726375,647.662,1777298872.252
2015-10,2015-10-01,2015-11-01,2015-10-03,90825945,647.662,1777298872.252
2015-10,2015-10-01,2015-11-01,2015-10-04,87764121,647.662,1777298872.252
2015-10,2015-10-01,2015-11-01,2015-10-05,116145957,647.662,1777298872.252
2015-10,2015-10-01,2015-11-01,2015-10-06,119454155,647.662,1777298872.252
2015-10,2015-10-01,2015-11-01,2015-10-07,123577421,647.662,1777298872.252
2015-10,2015-10-01,2015-11-01,2015-10-08,126282243,647.662,1777298872.252
2015-10,2015-10-01,2015-11-01,2015-10-09,129539567,647.662,1777298872.252
2015-10,2015-10-01,2015-11-01,2015-10-10,110253025,647.662,1777298872.252
2015-10,2015-10-01,2015-11-01,2015-10-11,92485386,647.662,1777298872.252
2015-10,2015-10-01,2015-11-01,2015-10-12,117118930,647.662,1777298872.252
2015-10,2015-10-01,2015-11-01,2015-10-13,121915075,647.662,1777298872.252
2015-10,2015-10-01,2015-11-01,2015-10-14,124496653,647.662,1777298872.252
2015-10,2015-10-01,2015-11-01,2015-10-15,126379388,647.662,1777298872.252
2015-10,2015-10-01,2015-11-01,2015-10-16,129702051,647.662,1777298872.252
2015-10,2015-10-01,2015-11-01,2015-10-17,111257903,647.662,1777298872.252
2015-10,2015-10-01,2015-11-01,2015-10-18,94621668,647.662,1777298872.252
2015-10,2015-10-01,2015-11-01,2015-10-19,118313541,647.662,1777298872.252
2015-10,2015-10-01,2015-11-01,2015-10-20,121956327,647.662,1777298872.252
2015-10,2015-10-01,2015-11-01,2015-10-21,122917412,647.662,1777298872.252
2015-10,2015-10-01,2015-11-01,2015-10-22,126642038,647.662,1777298872.252
2015-10,2015-10-01,2015-11-01,2015-10-23,130493517,647.662,1777298872.252
2015-10,2015-10-01,2015-11-01,2015-10-24,112051443,647.662,1777298872.252
2015-10,2015-10-01,2015-11-01,2015-10-25,94234599,647.662,1777298872.252
2015-10,2015-10-01,2015-11-01,2015-10-26,117919740,647.662,1777298872.252
2015-10,2015-10-01,2015-11-01,2015-10-27,122848994,647.662,1777298872.252
2015-10,2015-10-01,2015-11-01,2015-10-28,124808929,647.662,1777298872.252
2015-10,2015-10-01,2015-11-01,2015-10-29,128130261,647.662,1777298872.252
2015-10,2015-10-01,2015-11-01,2015-10-30,131058208,647.662,1777298872.252
2015-10,2015-10-01,2015-11-01,2015-10-31,102936066,647.662,1777298872.252
2015-11,2015-11-01,2015-12-01,2015-11-01,86775911,645.454,1777299592.847
2015-11,2015-11-01,2015-12-01,2015-11-02,106196815,645.454,1777299592.847
2015-11,2015-11-01,2015-12-01,2015-11-03,82373068,645.454,1777299592.847
2015-11,2015-11-01,2015-12-01,2015-11-04,121358416,645.454,1777299592.847
2015-11,2015-11-01,2015-12-01,2015-11-05,122773947,645.454,1777299592.847
2015-11,2015-11-01,2015-12-01,2015-11-06,128492051,645.454,1777299592.847
2015-11,2015-11-01,2015-12-01,2015-11-07,109133783,645.454,1777299592.847
2015-11,2015-11-01,2015-12-01,2015-11-08,93869375,645.454,1777299592.847
2015-11,2015-11-01,2015-12-01,2015-11-09,119909642,645.454,1777299592.847
2015-11,2015-11-01,2015-12-01,2015-11-10,122659635,645.454,1777299592.847
2015-11,2015-11-01,2015-12-01,2015-11-11,125430001,645.454,1777299592.847
2015-11,2015-11-01,2015-12-01,2015-11-12,128248911,645.454,1777299592.847
2015-11,2015-11-01,2015-12-01,2015-11-13,132044004,645.454,1777299592.847
2015-11,2015-11-01,2015-12-01,2015-11-14,112459123,645.454,1777299592.847
2015-11,2015-11-01,2015-12-01,2015-11-15,95827124,645.454,1777299592.847
2015-11,2015-11-01,2015-12-01,2015-11-16,120308513,645.454,1777299592.847
2015-11,2015-11-01,2015-12-01,2015-11-17,123834433,645.454,1777299592.847
2015-11,2015-11-01,2015-12-01,2015-11-18,127444053,645.454,1777299592.847
2015-11,2015-11-01,2015-12-01,2015-11-19,129144711,645.454,1777299592.847
2015-11,2015-11-01,2015-12-01,2015-11-20,131796227,645.454,1777299592.847
2015-11,2015-11-01,2015-12-01,2015-11-21,112819621,645.454,1777299592.847
2015-11,2015-11-01,2015-12-01,2015-11-22,96673055,645.454,1777299592.847
2015-11,2015-11-01,2015-12-01,2015-11-23,119997106,645.454,1777299592.847
2015-11,2015-11-01,2015-12-01,2015-11-24,124723753,645.454,1777299592.847
2015-11,2015-11-01,2015-12-01,2015-11-25,126287654,645.454,1777299592.847
2015-11,2015-11-01,2015-12-01,2015-11-26,128721675,645.454,1777299592.847
2015-11,2015-11-01,2015-12-01,2015-11-27,132700623,645.454,1777299592.847
2015-11,2015-11-01,2015-12-01,2015-11-28,113602094,645.454,1777299592.847
2015-11,2015-11-01,2015-12-01,2015-11-29,95956314,645.454,1777299592.847
2015-11,2015-11-01,2015-12-01,2015-11-30,67984812,645.454,1777299592.847
2015-12,2015-12-01,2016-01-01,2015-12-01,123803694,742.88,1777300410.01
2015-12,2015-12-01,2016-01-01,2015-12-02,127321292,742.88,1777300410.01
2015-12,2015-12-01,2016-01-01,2015-12-03,129943350,742.88,1777300410.01
2015-12,2015-12-01,2016-01-01,2015-12-04,134707106,742.88,1777300410.01
2015-12,2015-12-01,2016-01-01,2015-12-05,115708031,742.88,1777300410.01
2015-12,2015-12-01,2016-01-01,2015-12-06,99900286,742.88,1777300410.01
2015-12,2015-12-01,2016-01-01,2015-12-07,121572246,742.88,1777300410.01
2015-12,2015-12-01,2016-01-01,2015-12-08,125703802,742.88,1777300410.01
2015-12,2015-12-01,2016-01-01,2015-12-09,128798718,742.88,1777300410.01
2015-12,2015-12-01,2016-01-01,2015-12-10,131155347,742.88,1777300410.01
2015-12,2015-12-01,2016-01-01,2015-12-11,133465749,742.88,1777300410.01
2015-12,2015-12-01,2016-01-01,2015-12-12,115159370,742.88,1777300410.01
2015-12,2015-12-01,2016-01-01,2015-12-13,99635365,742.88,1777300410.01
2015-12,2015-12-01,2016-01-01,2015-12-14,110884439,742.88,1777300410.01
2015-12,2015-12-01,2016-01-01,2015-12-15,127057435,742.88,1777300410.01
2015-12,2015-12-01,2016-01-01,2015-12-16,130058150,742.88,1777300410.01
2015-12,2015-12-01,2016-01-01,2015-12-17,132460752,742.88,1777300410.01
2015-12,2015-12-01,2016-01-01,2015-12-18,132942194,742.88,1777300410.01
2015-12,2015-12-01,2016-01-01,2015-12-19,107181689,742.88,1777300410.01
2015-12,2015-12-01,2016-01-01,2015-12-20,92951088,742.88,1777300410.01
2015-12,2015-12-01,2016-01-01,2015-12-21,125118516,742.88,1777300410.01
2015-12,2015-12-01,2016-01-01,2015-12-22,127992103,742.88,1777300410.01
2015-12,2015-12-01,2016-01-01,2015-12-23,128504046,742.88,1777300410.01
2015-12,2015-12-01,2016-01-01,2015-12-24,115296277,742.88,1777300410.01
2015-12,2015-12-01,2016-01-01,2015-12-25,74926405,742.88,1777300410.01
2015-12,2015-12-01,2016-01-01,2015-12-26,81768709,742.88,1777300410.01
2015-12,2015-12-01,2016-01-01,2015-12-27,82498533,742.88,1777300410.01
2015-12,2015-12-01,2016-01-01,2015-12-28,81894493,742.88,1777300410.01
2015-12,2015-12-01,2016-01-01,2015-12-29,95148317,742.88,1777300410.01
2015-12,2015-12-01,2016-01-01,2015-12-30,96198529,742.88,1777300410.01
2015-12,2015-12-01,2016-01-01,2015-12-31,90756421,742.88,1777300410.01
2016-01,2016-01-01,2016-02-01,2016-01-01,72013236,705.625,1777301191.93
2016-01,2016-01-01,2016-02-01,2016-01-02,83182850,705.625,1777301191.93
2016-01,2016-01-01,2016-02-01,2016-01-03,79034970,705.625,1777301191.93
2016-01,2016-01-01,2016-02-01,2016-01-04,97526484,705.625,1777301191.93
2016-01,2016-01-01,2016-02-01,2016-01-05,101028812,705.625,1777301191.93
2016-01,2016-01-01,2016-02-01,2016-01-06,104507877,705.625,1777301191.93
2016-01,2016-01-01,2016-02-01,2016-01-07,106984460,705.625,1777301191.93
2016-01,2016-01-01,2016-02-01,2016-01-08,109895339,705.625,1777301191.93
2016-01,2016-01-01,2016-02-01,2016-01-09,95570460,705.625,1777301191.93
2016-01,2016-01-01,2016-02-01,2016-01-10,86401394,705.625,1777301191.93
2016-01,2016-01-01,2016-02-01,2016-01-11,105153355,705.625,1777301191.93
2016-01,2016-01-01,2016-02-01,2016-01-12,111935638,705.625,1777301191.93
2016-01,2016-01-01,2016-02-01,2016-01-13,108398819,705.625,1777301191.93
2016-01,2016-01-01,2016-02-01,2016-01-14,116164873,705.625,1777301191.93
2016-01,2016-01-01,2016-02-01,2016-01-15,119885180,705.625,1777301191.93
2016-01,2016-01-01,2016-02-01,2016-01-16,102491301,705.625,1777301191.93
2016-01,2016-01-01,2016-02-01,2016-01-17,90123211,705.625,1777301191.93
2016-01,2016-01-01,2016-02-01,2016-01-18,112962537,705.625,1777301191.93
2016-01,2016-01-01,2016-02-01,2016-01-19,116107799,705.625,1777301191.93
2016-01,2016-01-01,2016-02-01,2016-01-20,119089361,705.625,1777301191.93
2016-01,2016-01-01,2016-02-01,2016-01-21,121690456,705.625,1777301191.93
2016-01,2016-01-01,2016-02-01,2016-01-22,122106134,705.625,1777301191.93
2016-01,2016-01-01,2016-02-01,2016-01-23,101181943,705.625,1777301191.93
2016-01,2016-01-01,2016-02-01,2016-01-24,87028544,705.625,1777301191.93
2016-01,2016-01-01,2016-02-01,2016-01-25,109859756,705.625,1777301191.93
2016-01,2016-01-01,2016-02-01,2016-01-26,83024461,705.625,1777301191.93
2016-01,2016-01-01,2016-02-01,2016-01-27,120377321,705.625,1777301191.93
2016-01,2016-01-01,2016-02-01,2016-01-28,122872402,705.625,1777301191.93
2016-01,2016-01-01,2016-02-01,2016-01-29,126157754,705.625,1777301191.93
2016-01,2016-01-01,2016-02-01,2016-01-30,107111747,705.625,1777301191.93
2016-01,2016-01-01,2016-02-01,2016-01-31,89740177,705.625,1777301191.93
2016-02,2016-02-01,2016-03-01,2016-02-01,119148539,627.929,1777301895.448
2016-02,2016-02-01,2016-03-01,2016-02-02,122054328,627.929,1777301895.448
2016-02,2016-02-01,2016-03-01,2016-02-03,122899950,627.929,1777301895.448
2016-02,2016-02-01,2016-03-01,2016-02-04,126015834,627.929,1777301895.448
2016-02,2016-02-01,2016-03-01,2016-02-05,130843707,627.929,1777301895.448
2016-02,2016-02-01,2016-03-01,2016-02-06,111562113,627.929,1777301895.448
2016-02,2016-02-01,2016-03-01,2016-02-07,94635848,627.929,1777301895.448
2016-02,2016-02-01,2016-03-01,2016-02-08,118298768,627.929,1777301895.448
2016-02,2016-02-01,2016-03-01,2016-02-09,122786832,627.929,1777301895.448
2016-02,2016-02-01,2016-03-01,2016-02-10,125022711,627.929,1777301895.448
2016-02,2016-02-01,2016-03-01,2016-02-11,127654118,627.929,1777301895.448
2016-02,2016-02-01,2016-03-01,2016-02-12,131866334,627.929,1777301895.448
2016-02,2016-02-01,2016-03-01,2016-02-13,113046129,627.929,1777301895.448
2016-02,2016-02-01,2016-03-01,2016-02-14,96332968,627.929,1777301895.448
2016-02,2016-02-01,2016-03-01,2016-02-15,120411687,627.929,1777301895.448
2016-02,2016-02-01,2016-03-01,2016-02-16,123201147,627.929,1777301895.448
2016-02,2016-02-01,2016-03-01,2016-02-17,124746708,627.929,1777301895.448
2016-02,2016-02-01,2016-03-01,2016-02-18,127157850,627.929,1777301895.448
2016-02,2016-02-01,2016-03-01,2016-02-19,130784846,627.929,1777301895.448
2016-02,2016-02-01,2016-03-01,2016-02-20,111412516,627.929,1777301895.448
2016-02,2016-02-01,2016-03-01,2016-02-21,96625274,627.929,1777301895.448
2016-02,2016-02-01,2016-03-01,2016-02-22,119058699,627.929,1777301895.448
2016-02,2016-02-01,2016-03-01,2016-02-23,121033907,627.929,1777301895.448
2016-02,2016-02-01,2016-03-01,2016-02-24,125373552,627.929,1777301895.448
2016-02,2016-02-01,2016-03-01,2016-02-25,128206385,627.929,1777301895.448
2016-02,2016-02-01,2016-03-01,2016-02-26,132349756,627.929,1777301895.448
2016-02,2016-02-01,2016-03-01,2016-02-27,113050538,627.929,1777301895.448
2016-02,2016-02-01,2016-03-01,2016-02-28,96791323,627.929,1777301895.448
2016-02,2016-02-01,2016-03-01,2016-02-29,121435935,627.929,1777301895.448
2016-03,2016-03-01,2016-04-01,2016-03-01,124844603,660.41,1777302631.484
2016-03,2016-03-01,2016-04-01,2016-03-02,126266748,660.41,1777302631.484
2016-03,2016-03-01,2016-04-01,2016-03-03,129004629,660.41,1777302631.484
2016-03,2016-03-01,2016-04-01,2016-03-04,131795354,660.41,1777302631.484
2016-03,2016-03-01,2016-04-01,2016-03-05,112823393,660.41,1777302631.484
2016-03,2016-03-01,2016-04-01,2016-03-06,96139913,660.41,1777302631.484
2016-03,2016-03-01,2016-04-01,2016-03-07,121495597,660.41,1777302631.484
2016-03,2016-03-01,2016-04-01,2016-03-08,124631512,660.41,1777302631.484
2016-03,2016-03-01,2016-04-01,2016-03-09,126438069,660.41,1777302631.484
2016-03,2016-03-01,2016-04-01,2016-03-10,127686599,660.41,1777302631.484
2016-03,2016-03-01,2016-04-01,2016-03-11,131942991,660.41,1777302631.484
2016-03,2016-03-01,2016-04-01,2016-03-12,105384332,660.41,1777302631.484
2016-03,2016-03-01,2016-04-01,2016-03-13,91868267,660.41,1777302631.484
2016-03,2016-03-01,2016-04-01,2016-03-14,86204953,660.41,1777302631.484
2016-03,2016-03-01,2016-04-01,2016-03-15,124059315,660.41,1777302631.484
2016-03,2016-03-01,2016-04-01,2016-03-16,127626943,660.41,1777302631.484
2016-03,2016-03-01,2016-04-01,2016-03-17,129761023,660.41,1777302631.484
2016-03,2016-03-01,2016-04-01,2016-03-18,130416362,660.41,1777302631.484
2016-03,2016-03-01,2016-04-01,2016-03-19,112863211,660.41,1777302631.484
2016-03,2016-03-01,2016-04-01,2016-03-20,97747642,660.41,1777302631.484
2016-03,2016-03-01,2016-04-01,2016-03-21,122305821,660.41,1777302631.484
2016-03,2016-03-01,2016-04-01,2016-03-22,126583153,660.41,1777302631.484
2016-03,2016-03-01,2016-04-01,2016-03-23,129753321,660.41,1777302631.484
2016-03,2016-03-01,2016-04-01,2016-03-24,135038183,660.41,1777302631.484
2016-03,2016-03-01,2016-04-01,2016-03-25,76137790,660.41,1777302631.484
2016-03,2016-03-01,2016-04-01,2016-03-26,91397100,660.41,1777302631.484
2016-03,2016-03-01,2016-04-01,2016-03-27,80683238,660.41,1777302631.484
2016-03,2016-03-01,2016-04-01,2016-03-28,79869927,660.41,1777302631.484
2016-03,2016-03-01,2016-04-01,2016-03-29,112664007,660.41,1777302631.484
2016-03,2016-03-01,2016-04-01,2016-03-30,117935406,660.41,1777302631.484
2016-03,2016-03-01,2016-04-01,2016-03-31,121717593,660.41,1777302631.484
2016-04,2016-04-01,2016-05-01,2016-04-01,124551891,641.22,1777303350.267
2016-04,2016-04-01,2016-05-01,2016-04-02,105816685,641.22,1777303350.267
2016-04,2016-04-01,2016-05-01,2016-04-03,93078509,641.22,1777303350.267
2016-04,2016-04-01,2016-05-01,2016-04-04,115723611,641.22,1777303350.267
2016-04,2016-04-01,2016-05-01,2016-04-05,120362480,641.22,1777303350.267
2016-04,2016-04-01,2016-05-01,2016-04-06,119019278,641.22,1777303350.267
2016-04,2016-04-01,2016-05-01,2016-04-07,124617732,641.22,1777303350.267
2016-04,2016-04-01,2016-05-01,2016-04-08,127642765,641.22,1777303350.267
2016-04,2016-04-01,2016-05-01,2016-04-09,109045691,641.22,1777303350.267
2016-04,2016-04-01,2016-05-01,2016-04-10,92694031,641.22,1777303350.267
2016-04,2016-04-01,2016-05-01,2016-04-11,117686061,641.22,1777303350.267
2016-04,2016-04-01,2016-05-01,2016-04-12,123078979,641.22,1777303350.267
2016-04,2016-04-01,2016-05-01,2016-04-13,125638836,641.22,1777303350.267
2016-04,2016-04-01,2016-05-01,2016-04-14,127612090,641.22,1777303350.267
2016-04,2016-04-01,2016-05-01,2016-04-15,131755096,641.22,1777303350.267
2016-04,2016-04-01,2016-05-01,2016-04-16,112536815,641.22,1777303350.267
2016-04,2016-04-01,2016-05-01,2016-04-17,96852238,641.22,1777303350.267
2016-04,2016-04-01,2016-05-01,2016-04-18,119996020,641.22,1777303350.267
2016-04,2016-04-01,2016-05-01,2016-04-19,123749289,641.22,1777303350.267
2016-04,2016-04-01,2016-05-01,2016-04-20,126320021,641.22,1777303350.267
2016-04,2016-04-01,2016-05-01,2016-04-21,127358504,641.22,1777303350.267
2016-04,2016-04-01,2016-05-01,2016-04-22,130638349,641.22,1777303350.267
2016-04,2016-04-01,2016-05-01,2016-04-23,106278858,641.22,1777303350.267
2016-04,2016-04-01,2016-05-01,2016-04-24,94867539,641.22,1777303350.267
2016-04,2016-04-01,2016-05-01,2016-04-25,82071659,641.22,1777303350.267
2016-04,2016-04-01,2016-05-01,2016-04-26,121696080,641.22,1777303350.267
2016-04,2016-04-01,2016-05-01,2016-04-27,125666752,641.22,1777303350.267
2016-04,2016-04-01,2016-05-01,2016-04-28,128031993,641.22,1777303350.267
2016-04,2016-04-01,2016-05-01,2016-04-29,129553712,641.22,1777303350.267
2016-04,2016-04-01,2016-05-01,2016-04-30,112679852,641.22,1777303350.267
2016-05,2016-05-01,2016-06-01,2016-05-01,91761150,735.252,1777304160.471
2016-05,2016-05-01,2016-06-01,2016-05-02,118799216,735.252,1777304160.471
2016-05,2016-05-01,2016-06-01,2016-05-03,118870014,735.252,1777304160.471
2016-05,2016-05-01,2016-06-01,2016-05-04,125196749,735.252,1777304160.471
2016-05,2016-05-01,2016-06-01,2016-05-05,128075878,735.252,1777304160.471
2016-05,2016-05-01,2016-06-01,2016-05-06,132155535,735.252,1777304160.471
2016-05,2016-05-01,2016-06-01,2016-05-07,115902223,735.252,1777304160.471
2016-05,2016-05-01,2016-06-01,2016-05-08,94817253,735.252,1777304160.471
2016-05,2016-05-01,2016-06-01,2016-05-09,114790893,735.252,1777304160.471
2016-05,2016-05-01,2016-06-01,2016-05-10,120755581,735.252,1777304160.471
2016-05,2016-05-01,2016-06-01,2016-05-11,123760303,735.252,1777304160.471
2016-05,2016-05-01,2016-06-01,2016-05-12,126498970,735.252,1777304160.471
2016-05,2016-05-01,2016-06-01,2016-05-13,131136883,735.252,1777304160.471
2016-05,2016-05-01,2016-06-01,2016-05-14,113261280,735.252,1777304160.471
2016-05,2016-05-01,2016-06-01,2016-05-15,94755021,735.252,1777304160.471
2016-05,2016-05-01,2016-06-01,2016-05-16,118294334,735.252,1777304160.471
2016-05,2016-05-01,2016-06-01,2016-05-17,122296106,735.252,1777304160.471
2016-05,2016-05-01,2016-06-01,2016-05-18,124392689,735.252,1777304160.471
2016-05,2016-05-01,2016-06-01,2016-05-19,126408905,735.252,1777304160.471
2016-05,2016-05-01,2016-06-01,2016-05-20,130831407,735.252,1777304160.471
2016-05,2016-05-01,2016-06-01,2016-05-21,112105324,735.252,1777304160.471
2016-05,2016-05-01,2016-06-01,2016-05-22,93888763,735.252,1777304160.471
2016-05,2016-05-01,2016-06-01,2016-05-23,117277867,735.252,1777304160.471
2016-05,2016-05-01,2016-06-01,2016-05-24,122656145,735.252,1777304160.471
2016-05,2016-05-01,2016-06-01,2016-05-25,123925320,735.252,1777304160.471
2016-05,2016-05-01,2016-06-01,2016-05-26,124295561,735.252,1777304160.471
2016-05,2016-05-01,2016-06-01,2016-05-27,129844249,735.252,1777304160.471
2016-05,2016-05-01,2016-06-01,2016-05-28,110075604,735.252,1777304160.471
2016-05,2016-05-01,2016-06-01,2016-05-29,93048873,735.252,1777304160.471
2016-05,2016-05-01,2016-06-01,2016-05-30,117687187,735.252,1777304160.471
2016-05,2016-05-01,2016-06-01,2016-05-31,121914681,735.252,1777304160.471
2016-06,2016-06-01,2016-07-01,2016-06-01,123698795,630.842,1777304866.832
2016-06,2016-06-01,2016-07-01,2016-06-02,124743431,630.842,1777304866.832
2016-06,2016-06-01,2016-07-01,2016-06-03,129525710,630.842,1777304866.832
2016-06,2016-06-01,2016-07-01,2016-06-04,108428906,630.842,1777304866.832
2016-06,2016-06-01,2016-07-01,2016-06-05,90210480,630.842,1777304866.832
2016-06,2016-06-01,2016-07-01,2016-06-06,116947171,630.842,1777304866.832
2016-06,2016-06-01,2016-07-01,2016-06-07,120421907,630.842,1777304866.832
2016-06,2016-06-01,2016-07-01,2016-06-08,123324014,630.842,1777304866.832
2016-06,2016-06-01,2016-07-01,2016-06-09,125846645,630.842,1777304866.832
2016-06,2016-06-01,2016-07-01,2016-06-10,129471817,630.842,1777304866.832
2016-06,2016-06-01,2016-07-01,2016-06-11,101638901,630.842,1777304866.832
2016-06,2016-06-01,2016-07-01,2016-06-12,89555054,630.842,1777304866.832
2016-06,2016-06-01,2016-07-01,2016-06-13,82532795,630.842,1777304866.832
2016-06,2016-06-01,2016-07-01,2016-06-14,120185433,630.842,1777304866.832
2016-06,2016-06-01,2016-07-01,2016-06-15,123713011,630.842,1777304866.832
2016-06,2016-06-01,2016-07-01,2016-06-16,126103756,630.842,1777304866.832
2016-06,2016-06-01,2016-07-01,2016-06-17,128628246,630.842,1777304866.832
2016-06,2016-06-01,2016-07-01,2016-06-18,110084424,630.842,1777304866.832
2016-06,2016-06-01,2016-07-01,2016-06-19,92038626,630.842,1777304866.832
2016-06,2016-06-01,2016-07-01,2016-06-20,108236099,630.842,1777304866.832
2016-06,2016-06-01,2016-07-01,2016-06-21,119846165,630.842,1777304866.832
2016-06,2016-06-01,2016-07-01,2016-06-22,122733442,630.842,1777304866.832
2016-06,2016-06-01,2016-07-01,2016-06-23,123720780,630.842,1777304866.832
2016-06,2016-06-01,2016-07-01,2016-06-24,126516748,630.842,1777304866.832
2016-06,2016-06-01,2016-07-01,2016-06-25,107862888,630.842,1777304866.832
2016-06,2016-06-01,2016-07-01,2016-06-26,91819411,630.842,1777304866.832
2016-06,2016-06-01,2016-07-01,2016-06-27,111837058,630.842,1777304866.832
2016-06,2016-06-01,2016-07-01,2016-06-28,117277156,630.842,1777304866.832
2016-06,2016-06-01,2016-07-01,2016-06-29,119877484,630.842,1777304866.832
2016-06,2016-06-01,2016-07-01,2016-06-30,119976534,630.842,1777304866.832
2016-07,2016-07-01,2016-08-01,2016-07-01,123396123,648.719,1777305591.261
2016-07,2016-07-01,2016-08-01,2016-07-02,103884010,648.719,1777305591.261
2016-07,2016-07-01,2016-08-01,2016-07-03,89148114,648.719,1777305591.261
2016-07,2016-07-01,2016-08-01,2016-07-04,112622288,648.719,1777305591.261
2016-07,2016-07-01,2016-08-01,2016-07-05,114013097,648.719,1777305591.261
2016-07,2016-07-01,2016-08-01,2016-07-06,118390321,648.719,1777305591.261
2016-07,2016-07-01,2016-08-01,2016-07-07,121004977,648.719,1777305591.261
2016-07,2016-07-01,2016-08-01,2016-07-08,124834059,648.719,1777305591.261
2016-07,2016-07-01,2016-08-01,2016-07-09,107596914,648.719,1777305591.261
2016-07,2016-07-01,2016-08-01,2016-07-10,89306590,648.719,1777305591.261
2016-07,2016-07-01,2016-08-01,2016-07-11,115646164,648.719,1777305591.261
2016-07,2016-07-01,2016-08-01,2016-07-12,119701049,648.719,1777305591.261
2016-07,2016-07-01,2016-08-01,2016-07-13,122860272,648.719,1777305591.261
2016-07,2016-07-01,2016-08-01,2016-07-14,126578355,648.719,1777305591.261
2016-07,2016-07-01,2016-08-01,2016-07-15,129956758,648.719,1777305591.261
2016-07,2016-07-01,2016-08-01,2016-07-16,112005492,648.719,1777305591.261
2016-07,2016-07-01,2016-08-01,2016-07-17,95297840,648.719,1777305591.261
2016-07,2016-07-01,2016-08-01,2016-07-18,118278374,648.719,1777305591.261
2016-07,2016-07-01,2016-08-01,2016-07-19,122653876,648.719,1777305591.261
2016-07,2016-07-01,2016-08-01,2016-07-20,124669331,648.719,1777305591.261
2016-07,2016-07-01,2016-08-01,2016-07-21,126783011,648.719,1777305591.261
2016-07,2016-07-01,2016-08-01,2016-07-22,128976772,648.719,1777305591.261
2016-07,2016-07-01,2016-08-01,2016-07-23,110704265,648.719,1777305591.261
2016-07,2016-07-01,2016-08-01,2016-07-24,93446816,648.719,1777305591.261
2016-07,2016-07-01,2016-08-01,2016-07-25,116765983,648.719,1777305591.261
2016-07,2016-07-01,2016-08-01,2016-07-26,122597156,648.719,1777305591.261
2016-07,2016-07-01,2016-08-01,2016-07-27,124680009,648.719,1777305591.261
2016-07,2016-07-01,2016-08-01,2016-07-28,127665332,648.719,1777305591.261
2016-07,2016-07-01,2016-08-01,2016-07-29,130998822,648.719,1777305591.261
2016-07,2016-07-01,2016-08-01,2016-07-30,111831849,648.719,1777305591.261
2016-07,2016-07-01,2016-08-01,2016-07-31,95943885,648.719,1777305591.261
2016-08,2016-08-01,2016-09-01,2016-08-01,116565322,731.479,1777306397.222
2016-08,2016-08-01,2016-09-01,2016-08-02,122342791,731.479,1777306397.222
2016-08,2016-08-01,2016-09-01,2016-08-03,124430229,731.479,1777306397.222
2016-08,2016-08-01,2016-09-01,2016-08-04,127574722,731.479,1777306397.222
2016-08,2016-08-01,2016-09-01,2016-08-05,131504871,731.479,1777306397.222
2016-08,2016-08-01,2016-09-01,2016-08-06,111486011,731.479,1777306397.222
2016-08,2016-08-01,2016-09-01,2016-08-07,95468123,731.479,1777306397.222
2016-08,2016-08-01,2016-09-01,2016-08-08,117889357,731.479,1777306397.222
2016-08,2016-08-01,2016-09-01,2016-08-09,122392600,731.479,1777306397.222
2016-08,2016-08-01,2016-09-01,2016-08-10,124708287,731.479,1777306397.222
2016-08,2016-08-01,2016-09-01,2016-08-11,126926430,731.479,1777306397.222
2016-08,2016-08-01,2016-09-01,2016-08-12,130461580,731.479,1777306397.222
2016-08,2016-08-01,2016-09-01,2016-08-13,110986664,731.479,1777306397.222
2016-08,2016-08-01,2016-09-01,2016-08-14,95142479,731.479,1777306397.222
2016-08,2016-08-01,2016-09-01,2016-08-15,119059456,731.479,1777306397.222
2016-08,2016-08-01,2016-09-01,2016-08-16,123237721,731.479,1777306397.222
2016-08,2016-08-01,2016-09-01,2016-08-17,125062013,731.479,1777306397.222
2016-08,2016-08-01,2016-09-01,2016-08-18,127512574,731.479,1777306397.222
2016-08,2016-08-01,2016-09-01,2016-08-19,128737549,731.479,1777306397.222
2016-08,2016-08-01,2016-09-01,2016-08-20,111396004,731.479,1777306397.222
2016-08,2016-08-01,2016-09-01,2016-08-21,93338136,731.479,1777306397.222
2016-08,2016-08-01,2016-09-01,2016-08-22,117126651,731.479,1777306397.222
2016-08,2016-08-01,2016-09-01,2016-08-23,123191271,731.479,1777306397.222
2016-08,2016-08-01,2016-09-01,2016-08-24,125042555,731.479,1777306397.222
2016-08,2016-08-01,2016-09-01,2016-08-25,127464605,731.479,1777306397.222
2016-08,2016-08-01,2016-09-01,2016-08-26,131359981,731.479,1777306397.222
2016-08,2016-08-01,2016-09-01,2016-08-27,112855284,731.479,1777306397.222
2016-08,2016-08-01,2016-09-01,2016-08-28,96543066,731.479,1777306397.222
2016-08,2016-08-01,2016-09-01,2016-08-29,119585494,731.479,1777306397.222
2016-08,2016-08-01,2016-09-01,2016-08-30,122223684,731.479,1777306397.222
2016-08,2016-08-01,2016-09-01,2016-08-31,125015108,731.479,1777306397.222
2016-09,2016-09-01,2016-10-01,2016-09-01,127355861,636.196,1777307109.242
2016-09,2016-09-01,2016-10-01,2016-09-02,131722050,636.196,1777307109.242
2016-09,2016-09-01,2016-10-01,2016-09-03,113550885,636.196,1777307109.242
2016-09,2016-09-01,2016-10-01,2016-09-04,95812303,636.196,1777307109.242
2016-09,2016-09-01,2016-10-01,2016-09-05,118208371,636.196,1777307109.242
2016-09,2016-09-01,2016-10-01,2016-09-06,123174365,636.196,1777307109.242
2016-09,2016-09-01,2016-10-01,2016-09-07,126144868,636.196,1777307109.242
2016-09,2016-09-01,2016-10-01,2016-09-08,128196220,636.196,1777307109.242
2016-09,2016-09-01,2016-10-01,2016-09-09,128955699,636.196,1777307109.242
2016-09,2016-09-01,2016-10-01,2016-09-10,110705731,636.196,1777307109.242
2016-09,2016-09-01,2016-10-01,2016-09-11,94749413,636.196,1777307109.242
2016-09,2016-09-01,2016-10-01,2016-09-12,117894307,636.196,1777307109.242
2016-09,2016-09-01,2016-10-01,2016-09-13,119792883,636.196,1777307109.242
2016-09,2016-09-01,2016-10-01,2016-09-14,123541590,636.196,1777307109.242
2016-09,2016-09-01,2016-10-01,2016-09-15,126119992,636.196,1777307109.242
2016-09,2016-09-01,2016-10-01,2016-09-16,129935347,636.196,1777307109.242
2016-09,2016-09-01,2016-10-01,2016-09-17,109966086,636.196,1777307109.242
2016-09,2016-09-01,2016-10-01,2016-09-18,90724362,636.196,1777307109.242
2016-09,2016-09-01,2016-10-01,2016-09-19,114952402,636.196,1777307109.242
2016-09,2016-09-01,2016-10-01,2016-09-20,117654601,636.196,1777307109.242
2016-09,2016-09-01,2016-10-01,2016-09-21,121330028,636.196,1777307109.242
2016-09,2016-09-01,2016-10-01,2016-09-22,123802263,636.196,1777307109.242
2016-09,2016-09-01,2016-10-01,2016-09-23,127698148,636.196,1777307109.242
2016-09,2016-09-01,2016-10-01,2016-09-24,108074517,636.196,1777307109.242
2016-09,2016-09-01,2016-10-01,2016-09-25,93546136,636.196,1777307109.242
2016-09,2016-09-01,2016-10-01,2016-09-26,115907314,636.196,1777307109.242
2016-09,2016-09-01,2016-10-01,2016-09-27,121110822,636.196,1777307109.242
2016-09,2016-09-01,2016-10-01,2016-09-28,125316487,636.196,1777307109.242
2016-09,2016-09-01,2016-10-01,2016-09-29,129708607,636.196,1777307109.242
2016-09,2016-09-01,2016-10-01,2016-09-30,98485050,636.196,1777307109.242
2016-10,2016-10-01,2016-11-01,2016-10-01,92408602,707.348,1777307892.595
2016-10,2016-10-01,2016-11-01,2016-10-02,89139831,707.348,1777307892.595
2016-10,2016-10-01,2016-11-01,2016-10-03,118473377,707.348,1777307892.595
2016-10,2016-10-01,2016-11-01,2016-10-04,122844934,707.348,1777307892.595
2016-10,2016-10-01,2016-11-01,2016-10-05,126871287,707.348,1777307892.595
2016-10,2016-10-01,2016-11-01,2016-10-06,131581870,707.348,1777307892.595
2016-10,2016-10-01,2016-11-01,2016-10-07,133496911,707.348,1777307892.595
2016-10,2016-10-01,2016-11-01,2016-10-08,116004361,707.348,1777307892.595
2016-10,2016-10-01,2016-11-01,2016-10-09,92152122,707.348,1777307892.595
2016-10,2016-10-01,2016-11-01,2016-10-10,121595443,707.348,1777307892.595
2016-10,2016-10-01,2016-11-01,2016-10-11,126525745,707.348,1777307892.595
2016-10,2016-10-01,2016-11-01,2016-10-12,127014052,707.348,1777307892.595
2016-10,2016-10-01,2016-11-01,2016-10-13,131520647,707.348,1777307892.595
2016-10,2016-10-01,2016-11-01,2016-10-14,135601928,707.348,1777307892.595
2016-10,2016-10-01,2016-11-01,2016-10-15,115264557,707.348,1777307892.595
2016-10,2016-10-01,2016-11-01,2016-10-16,95478726,707.348,1777307892.595
2016-10,2016-10-01,2016-11-01,2016-10-17,121744623,707.348,1777307892.595
2016-10,2016-10-01,2016-11-01,2016-10-18,125431998,707.348,1777307892.595
2016-10,2016-10-01,2016-11-01,2016-10-19,128778371,707.348,1777307892.595
2016-10,2016-10-01,2016-11-01,2016-10-20,132482000,707.348,1777307892.595
2016-10,2016-10-01,2016-11-01,2016-10-21,131762532,707.348,1777307892.595
2016-10,2016-10-01,2016-11-01,2016-10-22,110814506,707.348,1777307892.595
2016-10,2016-10-01,2016-11-01,2016-10-23,95536028,707.348,1777307892.595
2016-10,2016-10-01,2016-11-01,2016-10-24,122431783,707.348,1777307892.595
2016-10,2016-10-01,2016-11-01,2016-10-25,126817111,707.348,1777307892.595
2016-10,2016-10-01,2016-11-01,2016-10-26,128212370,707.348,1777307892.595
2016-10,2016-10-01,2016-11-01,2016-10-27,132330182,707.348,1777307892.595
2016-10,2016-10-01,2016-11-01,2016-10-28,135445574,707.348,1777307892.595
2016-10,2016-10-01,2016-11-01,2016-10-29,109971400,707.348,1777307892.595
2016-10,2016-10-01,2016-11-01,2016-10-30,90803070,707.348,1777307892.595
2016-10,2016-10-01,2016-11-01,2016-10-31,113184170,707.348,1777307892.595
2016-11,2016-11-01,2016-12-01,2016-11-01,84695414,683.027,1777308654.02
2016-11,2016-11-01,2016-12-01,2016-11-02,125545847,683.027,1777308654.02
2016-11,2016-11-01,2016-12-01,2016-11-03,130648910,683.027,1777308654.02
2016-11,2016-11-01,2016-12-01,2016-11-04,135078041,683.027,1777308654.02
2016-11,2016-11-01,2016-12-01,2016-11-05,112492721,683.027,1777308654.02
2016-11,2016-11-01,2016-12-01,2016-11-06,96883507,683.027,1777308654.02
2016-11,2016-11-01,2016-12-01,2016-11-07,122025454,683.027,1777308654.02
2016-11,2016-11-01,2016-12-01,2016-11-08,128592048,683.027,1777308654.02
2016-11,2016-11-01,2016-12-01,2016-11-09,129796151,683.027,1777308654.02
2016-11,2016-11-01,2016-12-01,2016-11-10,133321706,683.027,1777308654.02
2016-11,2016-11-01,2016-12-01,2016-11-11,137291261,683.027,1777308654.02
2016-11,2016-11-01,2016-12-01,2016-11-12,116383341,683.027,1777308654.02
2016-11,2016-11-01,2016-12-01,2016-11-13,96050217,683.027,1777308654.02
2016-11,2016-11-01,2016-12-01,2016-11-14,124105237,683.027,1777308654.02
2016-11,2016-11-01,2016-12-01,2016-11-15,128597129,683.027,1777308654.02
2016-11,2016-11-01,2016-12-01,2016-11-16,131851715,683.027,1777308654.02
2016-11,2016-11-01,2016-12-01,2016-11-17,134711290,683.027,1777308654.02
2016-11,2016-11-01,2016-12-01,2016-11-18,137559550,683.027,1777308654.02
2016-11,2016-11-01,2016-12-01,2016-11-19,118769869,683.027,1777308654.02
2016-11,2016-11-01,2016-12-01,2016-11-20,102615138,683.027,1777308654.02
2016-11,2016-11-01,2016-12-01,2016-11-21,122608641,683.027,1777308654.02
2016-11,2016-11-01,2016-12-01,2016-11-22,126877273,683.027,1777308654.02
2016-11,2016-11-01,2016-12-01,2016-11-23,130894831,683.027,1777308654.02
2016-11,2016-11-01,2016-12-01,2016-11-24,133875074,683.027,1777308654.02
2016-11,2016-11-01,2016-12-01,2016-11-25,137276375,683.027,1777308654.02
2016-11,2016-11-01,2016-12-01,2016-11-26,118288058,683.027,1777308654.02
2016-11,2016-11-01,2016-12-01,2016-11-27,100613865,683.027,1777308654.02
2016-11,2016-11-01,2016-12-01,2016-11-28,124798785,683.027,1777308654.02
2016-11,2016-11-01,2016-12-01,2016-11-29,129100382,683.027,1777308654.02
2016-11,2016-11-01,2016-12-01,2016-11-30,131623386,683.027,1777308654.02
2016-12,2016-12-01,2017-01-01,2016-12-01,133109995,713.498,1777309442.121
2016-12,2016-12-01,2017-01-01,2016-12-02,138772078,713.498,1777309442.121
2016-12,2016-12-01,2017-01-01,2016-12-03,119701147,713.498,1777309442.121
2016-12,2016-12-01,2017-01-01,2016-12-04,100333491,713.498,1777309442.121
2016-12,2016-12-01,2017-01-01,2016-12-05,125762337,713.498,1777309442.121
2016-12,2016-12-01,2017-01-01,2016-12-06,131251439,713.498,1777309442.121
2016-12,2016-12-01,2017-01-01,2016-12-07,134010783,713.498,1777309442.121
2016-12,2016-12-01,2017-01-01,2016-12-08,133698645,713.498,1777309442.121
2016-12,2016-12-01,2017-01-01,2016-12-09,138244184,713.498,1777309442.121
2016-12,2016-12-01,2017-01-01,2016-12-10,119436873,713.498,1777309442.121
2016-12,2016-12-01,2017-01-01,2016-12-11,103062949,713.498,1777309442.121
2016-12,2016-12-01,2017-01-01,2016-12-12,127955803,713.498,1777309442.121
2016-12,2016-12-01,2017-01-01,2016-12-13,130416728,713.498,1777309442.121
2016-12,2016-12-01,2017-01-01,2016-12-14,129424510,713.498,1777309442.121
2016-12,2016-12-01,2017-01-01,2016-12-15,137392235,713.498,1777309442.121
2016-12,2016-12-01,2017-01-01,2016-12-16,139308014,713.498,1777309442.121
2016-12,2016-12-01,2017-01-01,2016-12-17,119670401,713.498,1777309442.121
2016-12,2016-12-01,2017-01-01,2016-12-18,103009499,713.498,1777309442.121
2016-12,2016-12-01,2017-01-01,2016-12-19,128520833,713.498,1777309442.121
2016-12,2016-12-01,2017-01-01,2016-12-20,131392995,713.498,1777309442.121
2016-12,2016-12-01,2017-01-01,2016-12-21,133750266,713.498,1777309442.121
2016-12,2016-12-01,2017-01-01,2016-12-22,133514764,713.498,1777309442.121
2016-12,2016-12-01,2017-01-01,2016-12-23,128916243,713.498,1777309442.121
2016-12,2016-12-01,2017-01-01,2016-12-24,101932556,713.498,1777309442.121
2016-12,2016-12-01,2017-01-01,2016-12-25,77240170,713.498,1777309442.121
2016-12,2016-12-01,2017-01-01,2016-12-26,82204038,713.498,1777309442.121
2016-12,2016-12-01,2017-01-01,2016-12-27,84493733,713.498,1777309442.121
2016-12,2016-12-01,2017-01-01,2016-12-28,96723461,713.498,1777309442.121
2016-12,2016-12-01,2017-01-01,2016-12-29,95938445,713.498,1777309442.121
2016-12,2016-12-01,2017-01-01,2016-12-30,101748285,713.498,1777309442.121
2016-12,2016-12-01,2017-01-01,2016-12-31,87346924,713.498,1777309442.121
2017-01,2017-01-01,2017-02-01,2017-01-01,75428562,736.504,1777310256.734
2017-01,2017-01-01,2017-02-01,2017-01-02,76872651,736.504,1777310256.734
2017-01,2017-01-01,2017-02-01,2017-01-03,100145429,736.504,1777310256.734
2017-01,2017-01-01,2017-02-01,2017-01-04,104617587,736.504,1777310256.734
2017-01,2017-01-01,2017-02-01,2017-01-05,106679018,736.504,1777310256.734
2017-01,2017-01-01,2017-02-01,2017-01-06,111164895,736.504,1777310256.734
2017-01,2017-01-01,2017-02-01,2017-01-07,95023252,736.504,1777310256.734
2017-01,2017-01-01,2017-02-01,2017-01-08,86174261,736.504,1777310256.734
2017-01,2017-01-01,2017-02-01,2017-01-09,109505544,736.504,1777310256.734
2017-01,2017-01-01,2017-02-01,2017-01-10,113539170,736.504,1777310256.734
2017-01,2017-01-01,2017-02-01,2017-01-11,117310879,736.504,1777310256.734
2017-01,2017-01-01,2017-02-01,2017-01-12,120144448,736.504,1777310256.734
2017-01,2017-01-01,2017-02-01,2017-01-13,121336054,736.504,1777310256.734
2017-01,2017-01-01,2017-02-01,2017-01-14,104511975,736.504,1777310256.734
2017-01,2017-01-01,2017-02-01,2017-01-15,92512280,736.504,1777310256.734
2017-01,2017-01-01,2017-02-01,2017-01-16,116493210,736.504,1777310256.734
2017-01,2017-01-01,2017-02-01,2017-01-17,118267012,736.504,1777310256.734
2017-01,2017-01-01,2017-02-01,2017-01-18,123891875,736.504,1777310256.734
2017-01,2017-01-01,2017-02-01,2017-01-19,125644995,736.504,1777310256.734
2017-01,2017-01-01,2017-02-01,2017-01-20,126530692,736.504,1777310256.734
2017-01,2017-01-01,2017-02-01,2017-01-21,107551510,736.504,1777310256.734
2017-01,2017-01-01,2017-02-01,2017-01-22,95015411,736.504,1777310256.734
2017-01,2017-01-01,2017-02-01,2017-01-23,118969027,736.504,1777310256.734
2017-01,2017-01-01,2017-02-01,2017-01-24,124842021,736.504,1777310256.734
2017-01,2017-01-01,2017-02-01,2017-01-25,132065247,736.504,1777310256.734
2017-01,2017-01-01,2017-02-01,2017-01-26,89817835,736.504,1777310256.734
2017-01,2017-01-01,2017-02-01,2017-01-27,119877113,736.504,1777310256.734
2017-01,2017-01-01,2017-02-01,2017-01-28,103371998,736.504,1777310256.734
2017-01,2017-01-01,2017-02-01,2017-01-29,93078262,736.504,1777310256.734
2017-01,2017-01-01,2017-02-01,2017-01-30,120698297,736.504,1777310256.734
2017-01,2017-01-01,2017-02-01,2017-01-31,125755791,736.504,1777310256.734
2017-02,2017-02-01,2017-03-01,2017-02-01,128004546,711.068,1777311043.049
2017-02,2017-02-01,2017-03-01,2017-02-02,130270516,711.068,1777311043.049
2017-02,2017-02-01,2017-03-01,2017-02-03,134813475,711.068,1777311043.049
2017-02,2017-02-01,2017-03-01,2017-02-04,114398553,711.068,1777311043.049
2017-02,2017-02-01,2017-03-01,2017-02-05,94732439,711.068,1777311043.049
2017-02,2017-02-01,2017-03-01,2017-02-06,121466073,711.068,1777311043.049
2017-02,2017-02-01,2017-03-01,2017-02-07,126746247,711.068,1777311043.049
2017-02,2017-02-01,2017-03-01,2017-02-08,129323453,711.068,1777311043.049
2017-02,2017-02-01,2017-03-01,2017-02-09,129502640,711.068,1777311043.049
2017-02,2017-02-01,2017-03-01,2017-02-10,135380111,711.068,1777311043.049
2017-02,2017-02-01,2017-03-01,2017-02-11,115862324,711.068,1777311043.049
2017-02,2017-02-01,2017-03-01,2017-02-12,96166177,711.068,1777311043.049
2017-02,2017-02-01,2017-03-01,2017-02-13,124314128,711.068,1777311043.049
2017-02,2017-02-01,2017-03-01,2017-02-14,130404096,711.068,1777311043.049
2017-02,2017-02-01,2017-03-01,2017-02-15,130697863,711.068,1777311043.049
2017-02,2017-02-01,2017-03-01,2017-02-16,131630266,711.068,1777311043.049
2017-02,2017-02-01,2017-03-01,2017-02-17,134788125,711.068,1777311043.049
2017-02,2017-02-01,2017-03-01,2017-02-18,114918460,711.068,1777311043.049
2017-02,2017-02-01,2017-03-01,2017-02-19,94444229,711.068,1777311043.049
2017-02,2017-02-01,2017-03-01,2017-02-20,115863525,711.068,1777311043.049
2017-02,2017-02-01,2017-03-01,2017-02-21,127934908,711.068,1777311043.049
2017-02,2017-02-01,2017-03-01,2017-02-22,129852382,711.068,1777311043.049
2017-02,2017-02-01,2017-03-01,2017-02-23,132704681,711.068,1777311043.049
2017-02,2017-02-01,2017-03-01,2017-02-24,136193143,711.068,1777311043.049
2017-02,2017-02-01,2017-03-01,2017-02-25,117059715,711.068,1777311043.049
2017-02,2017-02-01,2017-03-01,2017-02-26,100200174,711.068,1777311043.049
2017-02,2017-02-01,2017-03-01,2017-02-27,124651041,711.068,1777311043.049
2017-02,2017-02-01,2017-03-01,2017-02-28,128979521,711.068,1777311043.049
2017-03,2017-03-01,2017-04-01,2017-03-01,131354334,678.489,1777311797.147
2017-03,2017-03-01,2017-04-01,2017-03-02,132982931,678.489,1777311797.147
2017-03,2017-03-01,2017-04-01,2017-03-03,136540043,678.489,1777311797.147
2017-03,2017-03-01,2017-04-01,2017-03-04,117640592,678.489,1777311797.147
2017-03,2017-03-01,2017-04-01,2017-03-05,98258015,678.489,1777311797.147
2017-03,2017-03-01,2017-04-01,2017-03-06,125462621,678.489,1777311797.147
2017-03,2017-03-01,2017-04-01,2017-03-07,129065065,678.489,1777311797.147
2017-03,2017-03-01,2017-04-01,2017-03-08,132046074,678.489,1777311797.147
2017-03,2017-03-01,2017-04-01,2017-03-09,133847194,678.489,1777311797.147
2017-03,2017-03-01,2017-04-01,2017-03-10,136675842,678.489,1777311797.147
2017-03,2017-03-01,2017-04-01,2017-03-11,108497557,678.489,1777311797.147
2017-03,2017-03-01,2017-04-01,2017-03-12,93885198,678.489,1777311797.147
2017-03,2017-03-01,2017-04-01,2017-03-13,90020963,678.489,1777311797.147
2017-03,2017-03-01,2017-04-01,2017-03-14,127598529,678.489,1777311797.147
2017-03,2017-03-01,2017-04-01,2017-03-15,128593517,678.489,1777311797.147
2017-03,2017-03-01,2017-04-01,2017-03-16,133370236,678.489,1777311797.147
2017-03,2017-03-01,2017-04-01,2017-03-17,137547824,678.489,1777311797.147
2017-03,2017-03-01,2017-04-01,2017-03-18,117885586,678.489,1777311797.147
2017-03,2017-03-01,2017-04-01,2017-03-19,100378973,678.489,1777311797.147
2017-03,2017-03-01,2017-04-01,2017-03-20,123717649,678.489,1777311797.147
2017-03,2017-03-01,2017-04-01,2017-03-21,125768669,678.489,1777311797.147
2017-03,2017-03-01,2017-04-01,2017-03-22,129851316,678.489,1777311797.147
2017-03,2017-03-01,2017-04-01,2017-03-23,132779954,678.489,1777311797.147
2017-03,2017-03-01,2017-04-01,2017-03-24,136377126,678.489,1777311797.147
2017-03,2017-03-01,2017-04-01,2017-03-25,116336379,678.489,1777311797.147
2017-03,2017-03-01,2017-04-01,2017-03-26,99154890,678.489,1777311797.147
2017-03,2017-03-01,2017-04-01,2017-03-27,121553038,678.489,1777311797.147
2017-03,2017-03-01,2017-04-01,2017-03-28,128068966,678.489,1777311797.147
2017-03,2017-03-01,2017-04-01,2017-03-29,129818603,678.489,1777311797.147
2017-03,2017-03-01,2017-04-01,2017-03-30,131973287,678.489,1777311797.147
2017-03,2017-03-01,2017-04-01,2017-03-31,134904975,678.489,1777311797.147
2017-04,2017-04-01,2017-05-01,2017-04-01,112971373,687.908,1777312560.763
2017-04,2017-04-01,2017-05-01,2017-04-02,97954937,687.908,1777312560.763
2017-04,2017-04-01,2017-05-01,2017-04-03,120491753,687.908,1777312560.763
2017-04,2017-04-01,2017-05-01,2017-04-04,124461236,687.908,1777312560.763
2017-04,2017-04-01,2017-05-01,2017-04-05,126405782,687.908,1777312560.763
2017-04,2017-04-01,2017-05-01,2017-04-06,128432264,687.908,1777312560.763
2017-04,2017-04-01,2017-05-01,2017-04-07,131296736,687.908,1777312560.763
2017-04,2017-04-01,2017-05-01,2017-04-08,110153309,687.908,1777312560.763
2017-04,2017-04-01,2017-05-01,2017-04-09,90386913,687.908,1777312560.763
2017-04,2017-04-01,2017-05-01,2017-04-10,117353911,687.908,1777312560.763
2017-04,2017-04-01,2017-05-01,2017-04-11,123991073,687.908,1777312560.763
2017-04,2017-04-01,2017-05-01,2017-04-12,128272487,687.908,1777312560.763
2017-04,2017-04-01,2017-05-01,2017-04-13,133896420,687.908,1777312560.763
2017-04,2017-04-01,2017-05-01,2017-04-14,77412972,687.908,1777312560.763
2017-04,2017-04-01,2017-05-01,2017-04-15,94083463,687.908,1777312560.763
2017-04,2017-04-01,2017-05-01,2017-04-16,82827912,687.908,1777312560.763
2017-04,2017-04-01,2017-05-01,2017-04-17,83246366,687.908,1777312560.763
2017-04,2017-04-01,2017-05-01,2017-04-18,121328915,687.908,1777312560.763
2017-04,2017-04-01,2017-05-01,2017-04-19,126456936,687.908,1777312560.763
2017-04,2017-04-01,2017-05-01,2017-04-20,129857026,687.908,1777312560.763
2017-04,2017-04-01,2017-05-01,2017-04-21,131814708,687.908,1777312560.763
2017-04,2017-04-01,2017-05-01,2017-04-22,113346485,687.908,1777312560.763
2017-04,2017-04-01,2017-05-01,2017-04-23,96453284,687.908,1777312560.763
2017-04,2017-04-01,2017-05-01,2017-04-24,122113695,687.908,1777312560.763
2017-04,2017-04-01,2017-05-01,2017-04-25,80779406,687.908,1777312560.763
2017-04,2017-04-01,2017-05-01,2017-04-26,126116576,687.908,1777312560.763
2017-04,2017-04-01,2017-05-01,2017-04-27,130386036,687.908,1777312560.763
2017-04,2017-04-01,2017-05-01,2017-04-28,134059454,687.908,1777312560.763
2017-04,2017-04-01,2017-05-01,2017-04-29,114698352,687.908,1777312560.763
2017-04,2017-04-01,2017-05-01,2017-04-30,97160947,687.908,1777312560.763
2017-05,2017-05-01,2017-06-01,2017-05-01,122429270,646.448,1777313281.888
2017-05,2017-05-01,2017-06-01,2017-05-02,125816860,646.448,1777313281.888
2017-05,2017-05-01,2017-06-01,2017-05-03,128230830,646.448,1777313281.888
2017-05,2017-05-01,2017-06-01,2017-05-04,130983213,646.448,1777313281.888
2017-05,2017-05-01,2017-06-01,2017-05-05,134625550,646.448,1777313281.888
2017-05,2017-05-01,2017-06-01,2017-05-06,113996357,646.448,1777313281.888
2017-05,2017-05-01,2017-06-01,2017-05-07,96057079,646.448,1777313281.888
2017-05,2017-05-01,2017-06-01,2017-05-08,120343539,646.448,1777313281.888
2017-05,2017-05-01,2017-06-01,2017-05-09,124936555,646.448,1777313281.888
2017-05,2017-05-01,2017-06-01,2017-05-10,127488215,646.448,1777313281.888
2017-05,2017-05-01,2017-06-01,2017-05-11,129804148,646.448,1777313281.888
2017-05,2017-05-01,2017-06-01,2017-05-12,133466614,646.448,1777313281.888
2017-05,2017-05-01,2017-06-01,2017-05-13,117077131,646.448,1777313281.888
2017-05,2017-05-01,2017-06-01,2017-05-14,99739925,646.448,1777313281.888
2017-05,2017-05-01,2017-06-01,2017-05-15,120344717,646.448,1777313281.888
2017-05,2017-05-01,2017-06-01,2017-05-16,124850715,646.448,1777313281.888
2017-05,2017-05-01,2017-06-01,2017-05-17,126001085,646.448,1777313281.888
2017-05,2017-05-01,2017-06-01,2017-05-18,128680054,646.448,1777313281.888
2017-05,2017-05-01,2017-06-01,2017-05-19,132146257,646.448,1777313281.888
2017-05,2017-05-01,2017-06-01,2017-05-20,115054571,646.448,1777313281.888
2017-05,2017-05-01,2017-06-01,2017-05-21,96901438,646.448,1777313281.888
2017-05,2017-05-01,2017-06-01,2017-05-22,118488944,646.448,1777313281.888
2017-05,2017-05-01,2017-06-01,2017-05-23,124311779,646.448,1777313281.888
2017-05,2017-05-01,2017-06-01,2017-05-24,126606190,646.448,1777313281.888
2017-05,2017-05-01,2017-06-01,2017-05-25,129231513,646.448,1777313281.888
2017-05,2017-05-01,2017-06-01,2017-05-26,133080037,646.448,1777313281.888
2017-05,2017-05-01,2017-06-01,2017-05-27,114090230,646.448,1777313281.888
2017-05,2017-05-01,2017-06-01,2017-05-28,93262041,646.448,1777313281.888
2017-05,2017-05-01,2017-06-01,2017-05-29,119849731,646.448,1777313281.888
2017-05,2017-05-01,2017-06-01,2017-05-30,123094645,646.448,1777313281.888
2017-05,2017-05-01,2017-06-01,2017-05-31,125252879,646.448,1777313281.888
2017-06,2017-06-01,2017-07-01,2017-06-01,127437992,710.278,1777314067.229
2017-06,2017-06-01,2017-07-01,2017-06-02,131617501,710.278,1777314067.229
2017-06,2017-06-01,2017-07-01,2017-06-03,113408206,710.278,1777314067.229
2017-06,2017-06-01,2017-07-01,2017-06-04,94868411,710.278,1777314067.229
2017-06,2017-06-01,2017-07-01,2017-06-05,119487335,710.278,1777314067.229
2017-06,2017-06-01,2017-07-01,2017-06-06,123043603,710.278,1777314067.229
2017-06,2017-06-01,2017-07-01,2017-06-07,126577326,710.278,1777314067.229
2017-06,2017-06-01,2017-07-01,2017-06-08,128253048,710.278,1777314067.229
2017-06,2017-06-01,2017-07-01,2017-06-09,131091425,710.278,1777314067.229
2017-06,2017-06-01,2017-07-01,2017-06-10,105623782,710.278,1777314067.229
2017-06,2017-06-01,2017-07-01,2017-06-11,91509342,710.278,1777314067.229
2017-06,2017-06-01,2017-07-01,2017-06-12,82153351,710.278,1777314067.229
2017-06,2017-06-01,2017-07-01,2017-06-13,122226529,710.278,1777314067.229
2017-06,2017-06-01,2017-07-01,2017-06-14,118227332,710.278,1777314067.229
2017-06,2017-06-01,2017-07-01,2017-06-15,126543786,710.278,1777314067.229
2017-06,2017-06-01,2017-07-01,2017-06-16,132175292,710.278,1777314067.229
2017-06,2017-06-01,2017-07-01,2017-06-17,114135126,710.278,1777314067.229
2017-06,2017-06-01,2017-07-01,2017-06-18,95204490,710.278,1777314067.229
2017-06,2017-06-01,2017-07-01,2017-06-19,120031278,710.278,1777314067.229
2017-06,2017-06-01,2017-07-01,2017-06-20,124363800,710.278,1777314067.229
2017-06,2017-06-01,2017-07-01,2017-06-21,125812367,710.278,1777314067.229
2017-06,2017-06-01,2017-07-01,2017-06-22,128491403,710.278,1777314067.229
2017-06,2017-06-01,2017-07-01,2017-06-23,131782306,710.278,1777314067.229
2017-06,2017-06-01,2017-07-01,2017-06-24,112674944,710.278,1777314067.229
2017-06,2017-06-01,2017-07-01,2017-06-25,95061401,710.278,1777314067.229
2017-06,2017-06-01,2017-07-01,2017-06-26,117653940,710.278,1777314067.229
2017-06,2017-06-01,2017-07-01,2017-06-27,122052748,710.278,1777314067.229
2017-06,2017-06-01,2017-07-01,2017-06-28,123686694,710.278,1777314067.229
2017-06,2017-06-01,2017-07-01,2017-06-29,124339297,710.278,1777314067.229
2017-06,2017-06-01,2017-07-01,2017-06-30,130506672,710.278,1777314067.229
2017-07,2017-07-01,2017-08-01,2017-07-01,109778925,622.458,1777314763.97
2017-07,2017-07-01,2017-08-01,2017-07-02,93298541,622.458,1777314763.97
2017-07,2017-07-01,2017-08-01,2017-07-03,113093316,622.458,1777314763.97
2017-07,2017-07-01,2017-08-01,2017-07-04,118016820,622.458,1777314763.97
2017-07,2017-07-01,2017-08-01,2017-07-05,120459877,622.458,1777314763.97
2017-07,2017-07-01,2017-08-01,2017-07-06,123392081,622.458,1777314763.97
2017-07,2017-07-01,2017-08-01,2017-07-07,125820518,622.458,1777314763.97
2017-07,2017-07-01,2017-08-01,2017-07-08,105706801,622.458,1777314763.97
2017-07,2017-07-01,2017-08-01,2017-07-09,91717737,622.458,1777314763.97
2017-07,2017-07-01,2017-08-01,2017-07-10,113987475,622.458,1777314763.97
2017-07,2017-07-01,2017-08-01,2017-07-11,119534422,622.458,1777314763.97
2017-07,2017-07-01,2017-08-01,2017-07-12,122497543,622.458,1777314763.97
2017-07,2017-07-01,2017-08-01,2017-07-13,124463048,622.458,1777314763.97
2017-07,2017-07-01,2017-08-01,2017-07-14,127003002,622.458,1777314763.97
2017-07,2017-07-01,2017-08-01,2017-07-15,108586368,622.458,1777314763.97
2017-07,2017-07-01,2017-08-01,2017-07-16,92528186,622.458,1777314763.97
2017-07,2017-07-01,2017-08-01,2017-07-17,118002341,622.458,1777314763.97
2017-07,2017-07-01,2017-08-01,2017-07-19,124160613,622.458,1777314763.97
2017-07,2017-07-01,2017-08-01,2017-07-20,127052436,622.458,1777314763.97
2017-07,2017-07-01,2017-08-01,2017-07-21,131760493,622.458,1777314763.97
2017-07,2017-07-01,2017-08-01,2017-07-22,111861394,622.458,1777314763.97
2017-07,2017-07-01,2017-08-01,2017-07-23,92996447,622.458,1777314763.97
2017-07,2017-07-01,2017-08-01,2017-07-24,119088045,622.458,1777314763.97
2017-07,2017-07-01,2017-08-01,2017-07-25,123588492,622.458,1777314763.97
2017-07,2017-07-01,2017-08-01,2017-07-26,126231936,622.458,1777314763.97
2017-07,2017-07-01,2017-08-01,2017-07-27,128798217,622.458,1777314763.97
2017-07,2017-07-01,2017-08-01,2017-07-28,132289875,622.458,1777314763.97
2017-07,2017-07-01,2017-08-01,2017-07-29,111891210,622.458,1777314763.97
2017-07,2017-07-01,2017-08-01,2017-07-30,96153859,622.458,1777314763.97
2017-07,2017-07-01,2017-08-01,2017-07-31,120096514,622.458,1777314763.97
2017-08,2017-08-01,2017-09-01,2017-08-01,124569427,711.243,1777315548.995
2017-08,2017-08-01,2017-09-01,2017-08-02,126733943,711.243,1777315548.995
2017-08,2017-08-01,2017-09-01,2017-08-03,127875243,711.243,1777315548.995
2017-08,2017-08-01,2017-09-01,2017-08-04,132009055,711.243,1777315548.995
2017-08,2017-08-01,2017-09-01,2017-08-05,113036686,711.243,1777315548.995
2017-08,2017-08-01,2017-09-01,2017-08-06,92994595,711.243,1777315548.995
2017-08,2017-08-01,2017-09-01,2017-08-07,118475285,711.243,1777315548.995
2017-08,2017-08-01,2017-09-01,2017-08-08,123970117,711.243,1777315548.995
2017-08,2017-08-01,2017-09-01,2017-08-09,126990143,711.243,1777315548.995
2017-08,2017-08-01,2017-09-01,2017-08-10,128776240,711.243,1777315548.995
2017-08,2017-08-01,2017-09-01,2017-08-11,132304539,711.243,1777315548.995
2017-08,2017-08-01,2017-09-01,2017-08-12,112265647,711.243,1777315548.995
2017-08,2017-08-01,2017-09-01,2017-08-13,96546614,711.243,1777315548.995
2017-08,2017-08-01,2017-09-01,2017-08-14,120600490,711.243,1777315548.995
2017-08,2017-08-01,2017-09-01,2017-08-15,123314003,711.243,1777315548.995
2017-08,2017-08-01,2017-09-01,2017-08-16,126488802,711.243,1777315548.995
2017-08,2017-08-01,2017-09-01,2017-08-17,127676565,711.243,1777315548.995
2017-08,2017-08-01,2017-09-01,2017-08-18,130640617,711.243,1777315548.995
2017-08,2017-08-01,2017-09-01,2017-08-19,112460252,711.243,1777315548.995
2017-08,2017-08-01,2017-09-01,2017-08-20,97703841,711.243,1777315548.995
2017-08,2017-08-01,2017-09-01,2017-08-21,118499090,711.243,1777315548.995
2017-08,2017-08-01,2017-09-01,2017-08-22,124241172,711.243,1777315548.995
2017-08,2017-08-01,2017-09-01,2017-08-23,125409912,711.243,1777315548.995
2017-08,2017-08-01,2017-09-01,2017-08-24,128646817,711.243,1777315548.995
2017-08,2017-08-01,2017-09-01,2017-08-25,132407773,711.243,1777315548.995
2017-08,2017-08-01,2017-09-01,2017-08-26,113039776,711.243,1777315548.995
2017-08,2017-08-01,2017-09-01,2017-08-27,94295716,711.243,1777315548.995
2017-08,2017-08-01,2017-09-01,2017-08-28,119878143,711.243,1777315548.995
2017-08,2017-08-01,2017-09-01,2017-08-29,123897832,711.243,1777315548.995
2017-08,2017-08-01,2017-09-01,2017-08-30,126415342,711.243,1777315548.995
2017-08,2017-08-01,2017-09-01,2017-08-31,129646661,711.243,1777315548.995
2017-09,2017-09-01,2017-10-01,2017-09-01,132478559,617.659,1777316243.423
2017-09,2017-09-01,2017-10-01,2017-09-02,113388058,617.659,1777316243.423
2017-09,2017-09-01,2017-10-01,2017-09-03,94476342,617.659,1777316243.423
2017-09,2017-09-01,2017-10-01,2017-09-04,118766252,617.659,1777316243.423
2017-09,2017-09-01,2017-10-01,2017-09-05,122881085,617.659,1777316243.423
2017-09,2017-09-01,2017-10-01,2017-09-06,124955903,617.659,1777316243.423
2017-09,2017-09-01,2017-10-01,2017-09-07,127962649,617.659,1777316243.423
2017-09,2017-09-01,2017-10-01,2017-09-08,131308283,617.659,1777316243.423
2017-09,2017-09-01,2017-10-01,2017-09-09,111470179,617.659,1777316243.423
2017-09,2017-09-01,2017-10-01,2017-09-10,95940789,617.659,1777316243.423
2017-09,2017-09-01,2017-10-01,2017-09-11,119526879,617.659,1777316243.423
2017-09,2017-09-01,2017-10-01,2017-09-12,123108200,617.659,1777316243.423
2017-09,2017-09-01,2017-10-01,2017-09-13,125889263,617.659,1777316243.423
2017-09,2017-09-01,2017-10-01,2017-09-14,128923607,617.659,1777316243.423
2017-09,2017-09-01,2017-10-01,2017-09-15,131513689,617.659,1777316243.423
2017-09,2017-09-01,2017-10-01,2017-09-16,112777405,617.659,1777316243.423
2017-09,2017-09-01,2017-10-01,2017-09-17,97504658,617.659,1777316243.423
2017-09,2017-09-01,2017-10-01,2017-09-18,119276194,617.659,1777316243.423
2017-09,2017-09-01,2017-10-01,2017-09-19,124263691,617.659,1777316243.423
2017-09,2017-09-01,2017-10-01,2017-09-20,127372314,617.659,1777316243.423
2017-09,2017-09-01,2017-10-01,2017-09-21,129031106,617.659,1777316243.423
2017-09,2017-09-01,2017-10-01,2017-09-22,133307165,617.659,1777316243.423
2017-09,2017-09-01,2017-10-01,2017-09-23,111358467,617.659,1777316243.423
2017-09,2017-09-01,2017-10-01,2017-09-24,94820125,617.659,1777316243.423
2017-09,2017-09-01,2017-10-01,2017-09-25,118680669,617.659,1777316243.423
2017-09,2017-09-01,2017-10-01,2017-09-26,123665142,617.659,1777316243.423
2017-09,2017-09-01,2017-10-01,2017-09-27,126801011,617.659,1777316243.423
2017-09,2017-09-01,2017-10-01,2017-09-28,131657989,617.659,1777316243.423
2017-09,2017-09-01,2017-10-01,2017-09-29,98052350,617.659,1777316243.423
2017-09,2017-09-01,2017-10-01,2017-09-30,91951306,617.659,1777316243.423
2017-10,2017-10-01,2017-11-01,2017-10-01,88896604,659.378,1777316977.82
2017-10,2017-10-01,2017-11-01,2017-10-02,117330358,659.378,1777316977.82
2017-10,2017-10-01,2017-11-01,2017-10-03,123590230,659.378,1777316977.82
2017-10,2017-10-01,2017-11-01,2017-10-04,126798745,659.378,1777316977.82
2017-10,2017-10-01,2017-11-01,2017-10-05,127186800,659.378,1777316977.82
2017-10,2017-10-01,2017-11-01,2017-10-06,130940173,659.378,1777316977.82
2017-10,2017-10-01,2017-11-01,2017-10-07,112857138,659.378,1777316977.82
2017-10,2017-10-01,2017-11-01,2017-10-08,94902338,659.378,1777316977.82
2017-10,2017-10-01,2017-11-01,2017-10-09,122882942,659.378,1777316977.82
2017-10,2017-10-01,2017-11-01,2017-10-10,127638140,659.378,1777316977.82
2017-10,2017-10-01,2017-11-01,2017-10-11,128372383,659.378,1777316977.82
2017-10,2017-10-01,2017-11-01,2017-10-12,131433707,659.378,1777316977.82
2017-10,2017-10-01,2017-11-01,2017-10-13,135281573,659.378,1777316977.82
2017-10,2017-10-01,2017-11-01,2017-10-14,117102772,659.378,1777316977.82
2017-10,2017-10-01,2017-11-01,2017-10-15,100225038,659.378,1777316977.82
2017-10,2017-10-01,2017-11-01,2017-10-16,123584078,659.378,1777316977.82
2017-10,2017-10-01,2017-11-01,2017-10-17,128802816,659.378,1777316977.82
2017-10,2017-10-01,2017-11-01,2017-10-18,130900760,659.378,1777316977.82
2017-10,2017-10-01,2017-11-01,2017-10-19,132091604,659.378,1777316977.82
2017-10,2017-10-01,2017-11-01,2017-10-20,136680580,659.378,1777316977.82
2017-10,2017-10-01,2017-11-01,2017-10-21,116091095,659.378,1777316977.82
2017-10,2017-10-01,2017-11-01,2017-10-22,96997921,659.378,1777316977.82
2017-10,2017-10-01,2017-11-01,2017-10-23,124717298,659.378,1777316977.82
2017-10,2017-10-01,2017-11-01,2017-10-24,127569893,659.378,1777316977.82
2017-10,2017-10-01,2017-11-01,2017-10-25,129426213,659.378,1777316977.82
2017-10,2017-10-01,2017-11-01,2017-10-26,132613550,659.378,1777316977.82
2017-10,2017-10-01,2017-11-01,2017-10-27,137444487,659.378,1777316977.82
2017-10,2017-10-01,2017-11-01,2017-10-28,117425631,659.378,1777316977.82
2017-10,2017-10-01,2017-11-01,2017-10-29,100371445,659.378,1777316977.82
2017-10,2017-10-01,2017-11-01,2017-10-30,123684099,659.378,1777316977.82
2017-10,2017-10-01,2017-11-01,2017-10-31,128832769,659.378,1777316977.82
2017-11,2017-11-01,2017-12-01,2017-11-01,130117671,848.17,1777317905.403
2017-11,2017-11-01,2017-12-01,2017-11-02,128117429,848.17,1777317905.403
2017-11,2017-11-01,2017-12-01,2017-11-03,130676633,848.17,1777317905.403
2017-11,2017-11-01,2017-12-01,2017-11-04,108983206,848.17,1777317905.403
2017-11,2017-11-01,2017-12-01,2017-11-05,92689608,848.17,1777317905.403
2017-11,2017-11-01,2017-12-01,2017-11-06,113094511,848.17,1777317905.403
2017-11,2017-11-01,2017-12-01,2017-11-07,86128356,848.17,1777317905.403
2017-11,2017-11-01,2017-12-01,2017-11-08,129633970,848.17,1777317905.403
2017-11,2017-11-01,2017-12-01,2017-11-09,133316609,848.17,1777317905.403
2017-11,2017-11-01,2017-12-01,2017-11-10,137970774,848.17,1777317905.403
2017-11,2017-11-01,2017-12-01,2017-11-11,118187618,848.17,1777317905.403
2017-11,2017-11-01,2017-12-01,2017-11-12,101339082,848.17,1777317905.403
2017-11,2017-11-01,2017-12-01,2017-11-13,127736695,848.17,1777317905.403
2017-11,2017-11-01,2017-12-01,2017-11-14,131598367,848.17,1777317905.403
2017-11,2017-11-01,2017-12-01,2017-11-15,132844420,848.17,1777317905.403
2017-11,2017-11-01,2017-12-01,2017-11-16,135137832,848.17,1777317905.403
2017-11,2017-11-01,2017-12-01,2017-11-17,139433210,848.17,1777317905.403
2017-11,2017-11-01,2017-12-01,2017-11-18,119773248,848.17,1777317905.403
2017-11,2017-11-01,2017-12-01,2017-11-19,104768960,848.17,1777317905.403
2017-11,2017-11-01,2017-12-01,2017-11-20,127849075,848.17,1777317905.403
2017-11,2017-11-01,2017-12-01,2017-11-21,132129798,848.17,1777317905.403
2017-11,2017-11-01,2017-12-01,2017-11-22,135269870,848.17,1777317905.403
2017-11,2017-11-01,2017-12-01,2017-11-23,136513321,848.17,1777317905.403
2017-11,2017-11-01,2017-12-01,2017-11-24,140449646,848.17,1777317905.403
2017-11,2017-11-01,2017-12-01,2017-11-25,120075296,848.17,1777317905.403
2017-11,2017-11-01,2017-12-01,2017-11-26,100510324,848.17,1777317905.403
2017-11,2017-11-01,2017-12-01,2017-11-27,128075943,848.17,1777317905.403
2017-11,2017-11-01,2017-12-01,2017-11-28,132511813,848.17,1777317905.403
2017-11,2017-11-01,2017-12-01,2017-11-29,134342593,848.17,1777317905.403
2017-11,2017-11-01,2017-12-01,2017-11-30,136589286,848.17,1777317905.403
2017-12,2017-12-01,2018-01-01,2017-12-01,131257862,646.011,1777318628.535
2017-12,2017-12-01,2018-01-01,2017-12-02,106414397,646.011,1777318628.535
2017-12,2017-12-01,2018-01-01,2017-12-03,95512254,646.011,1777318628.535
2017-12,2017-12-01,2018-01-01,2017-12-04,127689842,646.011,1777318628.535
2017-12,2017-12-01,2018-01-01,2017-12-05,133071382,646.011,1777318628.535
2017-12,2017-12-01,2018-01-01,2017-12-06,135892293,646.011,1777318628.535
2017-12,2017-12-01,2018-01-01,2017-12-07,137639052,646.011,1777318628.535
2017-12,2017-12-01,2018-01-01,2017-12-08,141993451,646.011,1777318628.535
2017-12,2017-12-01,2018-01-01,2017-12-09,122237066,646.011,1777318628.535
2017-12,2017-12-01,2018-01-01,2017-12-10,106500591,646.011,1777318628.535
2017-12,2017-12-01,2018-01-01,2017-12-11,130360478,646.011,1777318628.535
2017-12,2017-12-01,2018-01-01,2017-12-12,135052695,646.011,1777318628.535
2017-12,2017-12-01,2018-01-01,2017-12-13,135304658,646.011,1777318628.535
2017-12,2017-12-01,2018-01-01,2017-12-14,139715204,646.011,1777318628.535
2017-12,2017-12-01,2018-01-01,2017-12-15,143180251,646.011,1777318628.535
2017-12,2017-12-01,2018-01-01,2017-12-16,123305629,646.011,1777318628.535
2017-12,2017-12-01,2018-01-01,2017-12-17,105965612,646.011,1777318628.535
2017-12,2017-12-01,2018-01-01,2017-12-18,131336335,646.011,1777318628.535
2017-12,2017-12-01,2018-01-01,2017-12-19,133249649,646.011,1777318628.535
2017-12,2017-12-01,2018-01-01,2017-12-20,137643164,646.011,1777318628.535
2017-12,2017-12-01,2018-01-01,2017-12-21,139396593,646.011,1777318628.535
2017-12,2017-12-01,2018-01-01,2017-12-22,136335702,646.011,1777318628.535
2017-12,2017-12-01,2018-01-01,2017-12-23,112195644,646.011,1777318628.535
2017-12,2017-12-01,2018-01-01,2017-12-24,96693566,646.011,1777318628.535
2017-12,2017-12-01,2018-01-01,2017-12-25,75734565,646.011,1777318628.535
2017-12,2017-12-01,2018-01-01,2017-12-26,86124497,646.011,1777318628.535
2017-12,2017-12-01,2018-01-01,2017-12-27,100298935,646.011,1777318628.535
2017-12,2017-12-01,2018-01-01,2017-12-28,101243708,646.011,1777318628.535
2017-12,2017-12-01,2018-01-01,2017-12-29,102712584,646.011,1777318628.535
2017-12,2017-12-01,2018-01-01,2017-12-30,91558681,646.011,1777318628.535
2017-12,2017-12-01,2018-01-01,2017-12-31,83532920,646.011,1777318628.535
2018-01,2018-01-01,2018-02-01,2018-01-01,76142988,697.617,1777319401.578
2018-01,2018-01-01,2018-02-01,2018-01-02,99960911,697.617,1777319401.578
2018-01,2018-01-01,2018-02-01,2018-01-03,105300975,697.617,1777319401.578
2018-01,2018-01-01,2018-02-01,2018-01-04,108453302,697.617,1777319401.578
2018-01,2018-01-01,2018-02-01,2018-01-05,112327492,697.617,1777319401.578
2018-01,2018-01-01,2018-02-01,2018-01-06,87916690,697.617,1777319401.578
2018-01,2018-01-01,2018-02-01,2018-01-07,88503601,697.617,1777319401.578
2018-01,2018-01-01,2018-02-01,2018-01-08,110257962,697.617,1777319401.578
2018-01,2018-01-01,2018-02-01,2018-01-09,114712795,697.617,1777319401.578
2018-01,2018-01-01,2018-02-01,2018-01-10,117947566,697.617,1777319401.578
2018-01,2018-01-01,2018-02-01,2018-01-11,119767849,697.617,1777319401.578
2018-01,2018-01-01,2018-02-01,2018-01-12,121020372,697.617,1777319401.578
2018-01,2018-01-01,2018-02-01,2018-01-13,103364430,697.617,1777319401.578
2018-01,2018-01-01,2018-02-01,2018-01-14,92758842,697.617,1777319401.578
2018-01,2018-01-01,2018-02-01,2018-01-15,117314018,697.617,1777319401.578
2018-01,2018-01-01,2018-02-01,2018-01-16,122178643,697.617,1777319401.578
2018-01,2018-01-01,2018-02-01,2018-01-17,124948523,697.617,1777319401.578
2018-01,2018-01-01,2018-02-01,2018-01-18,124195332,697.617,1777319401.578
2018-01,2018-01-01,2018-02-01,2018-01-19,124607471,697.617,1777319401.578
2018-01,2018-01-01,2018-02-01,2018-01-20,110967136,697.617,1777319401.578
2018-01,2018-01-01,2018-02-01,2018-01-21,96459541,697.617,1777319401.578
2018-01,2018-01-01,2018-02-01,2018-01-22,122641572,697.617,1777319401.578
2018-01,2018-01-01,2018-02-01,2018-01-23,126057171,697.617,1777319401.578
2018-01,2018-01-01,2018-02-01,2018-01-24,129870741,697.617,1777319401.578
2018-01,2018-01-01,2018-02-01,2018-01-25,135013489,697.617,1777319401.578
2018-01,2018-01-01,2018-02-01,2018-01-26,91258310,697.617,1777319401.578
2018-01,2018-01-01,2018-02-01,2018-01-27,97209396,697.617,1777319401.578
2018-01,2018-01-01,2018-02-01,2018-01-28,88352603,697.617,1777319401.578
2018-01,2018-01-01,2018-02-01,2018-01-29,119992618,697.617,1777319401.578
2018-01,2018-01-01,2018-02-01,2018-01-30,127477595,697.617,1777319401.578
2018-01,2018-01-01,2018-02-01,2018-01-31,130396816,697.617,1777319401.578
2018-02,2018-02-01,2018-03-01,2018-02-01,132863056,630.763,1777320107.787
2018-02,2018-02-01,2018-03-01,2018-02-02,137013533,630.763,1777320107.787
2018-02,2018-02-01,2018-03-01,2018-02-03,116391146,630.763,1777320107.787
2018-02,2018-02-01,2018-03-01,2018-02-04,99557128,630.763,1777320107.787
2018-02,2018-02-01,2018-03-01,2018-02-05,126113732,630.763,1777320107.787
2018-02,2018-02-01,2018-03-01,2018-02-06,130450785,630.763,1777320107.787
2018-02,2018-02-01,2018-03-01,2018-02-07,132007280,630.763,1777320107.787
2018-02,2018-02-01,2018-03-01,2018-02-08,134737051,630.763,1777320107.787
2018-02,2018-02-01,2018-03-01,2018-02-09,138206921,630.763,1777320107.787
2018-02,2018-02-01,2018-03-01,2018-02-10,116564684,630.763,1777320107.787
2018-02,2018-02-01,2018-03-01,2018-02-11,99063109,630.763,1777320107.787
2018-02,2018-02-01,2018-03-01,2018-02-12,126391996,630.763,1777320107.787
2018-02,2018-02-01,2018-03-01,2018-02-13,131778908,630.763,1777320107.787
2018-02,2018-02-01,2018-03-01,2018-02-14,134525997,630.763,1777320107.787
2018-02,2018-02-01,2018-03-01,2018-02-15,135257599,630.763,1777320107.787
2018-02,2018-02-01,2018-03-01,2018-02-16,138309647,630.763,1777320107.787
2018-02,2018-02-01,2018-03-01,2018-02-17,117675504,630.763,1777320107.787
2018-02,2018-02-01,2018-03-01,2018-02-18,100845131,630.763,1777320107.787
2018-02,2018-02-01,2018-03-01,2018-02-19,126610102,630.763,1777320107.787
2018-02,2018-02-01,2018-03-01,2018-02-20,130902692,630.763,1777320107.787
2018-02,2018-02-01,2018-03-01,2018-02-21,132517380,630.763,1777320107.787
2018-02,2018-02-01,2018-03-01,2018-02-22,134924009,630.763,1777320107.787
2018-02,2018-02-01,2018-03-01,2018-02-23,138573657,630.763,1777320107.787
2018-02,2018-02-01,2018-03-01,2018-02-24,117161797,630.763,1777320107.787
2018-02,2018-02-01,2018-03-01,2018-02-25,100502962,630.763,1777320107.787
2018-02,2018-02-01,2018-03-01,2018-02-26,126468975,630.763,1777320107.787
2018-02,2018-02-01,2018-03-01,2018-02-27,131204566,630.763,1777320107.787
2018-02,2018-02-01,2018-03-01,2018-02-28,132776237,630.763,1777320107.787
2018-03,2018-03-01,2018-04-01,2018-03-01,134599564,657.193,1777320840.092
2018-03,2018-03-01,2018-04-01,2018-03-02,138770974,657.193,1777320840.092
2018-03,2018-03-01,2018-04-01,2018-03-03,119244549,657.193,1777320840.092
2018-03,2018-03-01,2018-04-01,2018-03-04,100566999,657.193,1777320840.092
2018-03,2018-03-01,2018-04-01,2018-03-05,127261009,657.193,1777320840.092
2018-03,2018-03-01,2018-04-01,2018-03-06,130913170,657.193,1777320840.092
2018-03,2018-03-01,2018-04-01,2018-03-07,133138277,657.193,1777320840.092
2018-03,2018-03-01,2018-04-01,2018-03-08,135526520,657.193,1777320840.092
2018-03,2018-03-01,2018-04-01,2018-03-09,138554037,657.193,1777320840.092
2018-03,2018-03-01,2018-04-01,2018-03-10,111277103,657.193,1777320840.092
2018-03,2018-03-01,2018-04-01,2018-03-11,96246845,657.193,1777320840.092
2018-03,2018-03-01,2018-04-01,2018-03-12,90484594,657.193,1777320840.092
2018-03,2018-03-01,2018-04-01,2018-03-13,128993966,657.193,1777320840.092
2018-03,2018-03-01,2018-04-01,2018-03-14,132350269,657.193,1777320840.092
2018-03,2018-03-01,2018-04-01,2018-03-15,134725910,657.193,1777320840.092
2018-03,2018-03-01,2018-04-01,2018-03-16,138382717,657.193,1777320840.092
2018-03,2018-03-01,2018-04-01,2018-03-17,117585451,657.193,1777320840.092
2018-03,2018-03-01,2018-04-01,2018-03-18,98944055,657.193,1777320840.092
2018-03,2018-03-01,2018-04-01,2018-03-19,126744690,657.193,1777320840.092
2018-03,2018-03-01,2018-04-01,2018-03-20,130354499,657.193,1777320840.092
2018-03,2018-03-01,2018-04-01,2018-03-21,132964664,657.193,1777320840.092
2018-03,2018-03-01,2018-04-01,2018-03-22,135318779,657.193,1777320840.092
2018-03,2018-03-01,2018-04-01,2018-03-23,138891120,657.193,1777320840.092
2018-03,2018-03-01,2018-04-01,2018-03-24,115427371,657.193,1777320840.092
2018-03,2018-03-01,2018-04-01,2018-03-25,98401561,657.193,1777320840.092
2018-03,2018-03-01,2018-04-01,2018-03-26,125992661,657.193,1777320840.092
2018-03,2018-03-01,2018-04-01,2018-03-27,131173283,657.193,1777320840.092
2018-03,2018-03-01,2018-04-01,2018-03-28,135103625,657.193,1777320840.092
2018-03,2018-03-01,2018-04-01,2018-03-29,140808201,657.193,1777320840.092
2018-03,2018-03-01,2018-04-01,2018-03-30,80742883,657.193,1777320840.092
2018-03,2018-03-01,2018-04-01,2018-03-31,96680080,657.193,1777320840.092
2018-04,2018-04-01,2018-05-01,2018-04-01,84688719,642.148,1777321557.756
2018-04,2018-04-01,2018-05-01,2018-04-02,83873295,642.148,1777321557.756
2018-04,2018-04-01,2018-05-01,2018-04-03,118959098,642.148,1777321557.756
2018-04,2018-04-01,2018-05-01,2018-04-04,124116553,642.148,1777321557.756
2018-04,2018-04-01,2018-05-01,2018-04-05,127698767,642.148,1777321557.756
2018-04,2018-04-01,2018-05-01,2018-04-06,130311283,642.148,1777321557.756
2018-04,2018-04-01,2018-05-01,2018-04-07,112424764,642.148,1777321557.756
2018-04,2018-04-01,2018-05-01,2018-04-08,96741604,642.148,1777321557.756
2018-04,2018-04-01,2018-05-01,2018-04-09,121356090,642.148,1777321557.756
2018-04,2018-04-01,2018-05-01,2018-04-10,125772039,642.148,1777321557.756
2018-04,2018-04-01,2018-05-01,2018-04-11,127856347,642.148,1777321557.756
2018-04,2018-04-01,2018-05-01,2018-04-12,130338696,642.148,1777321557.756
2018-04,2018-04-01,2018-05-01,2018-04-13,133162414,642.148,1777321557.756
2018-04,2018-04-01,2018-05-01,2018-04-14,108600432,642.148,1777321557.756
2018-04,2018-04-01,2018-05-01,2018-04-15,93566083,642.148,1777321557.756
2018-04,2018-04-01,2018-05-01,2018-04-16,122744378,642.148,1777321557.756
2018-04,2018-04-01,2018-05-01,2018-04-17,128313543,642.148,1777321557.756
2018-04,2018-04-01,2018-05-01,2018-04-18,131330467,642.148,1777321557.756
2018-04,2018-04-01,2018-05-01,2018-04-19,133255100,642.148,1777321557.756
2018-04,2018-04-01,2018-05-01,2018-04-20,136870629,642.148,1777321557.756
2018-04,2018-04-01,2018-05-01,2018-04-21,117827472,642.148,1777321557.756
2018-04,2018-04-01,2018-05-01,2018-04-22,99965954,642.148,1777321557.756
2018-04,2018-04-01,2018-05-01,2018-04-23,125115024,642.148,1777321557.756
2018-04,2018-04-01,2018-05-01,2018-04-24,133577028,642.148,1777321557.756
2018-04,2018-04-01,2018-05-01,2018-04-25,88125103,642.148,1777321557.756
2018-04,2018-04-01,2018-05-01,2018-04-26,132493838,642.148,1777321557.756
2018-04,2018-04-01,2018-05-01,2018-04-27,135873187,642.148,1777321557.756
2018-04,2018-04-01,2018-05-01,2018-04-28,116242296,642.148,1777321557.756
2018-04,2018-04-01,2018-05-01,2018-04-29,97778105,642.148,1777321557.756
2018-04,2018-04-01,2018-05-01,2018-04-30,124329764,642.148,1777321557.756
2018-05,2018-05-01,2018-06-01,2018-05-01,128158541,649.633,1777322283.283
2018-05,2018-05-01,2018-06-01,2018-05-02,129795318,649.633,1777322283.283
2018-05,2018-05-01,2018-06-01,2018-05-03,131632691,649.633,1777322283.283
2018-05,2018-05-01,2018-06-01,2018-05-04,131366540,649.633,1777322283.283
2018-05,2018-05-01,2018-06-01,2018-05-05,115337584,649.633,1777322283.283
2018-05,2018-05-01,2018-06-01,2018-05-06,98712036,649.633,1777322283.283
2018-05,2018-05-01,2018-06-01,2018-05-07,122991872,649.633,1777322283.283
2018-05,2018-05-01,2018-06-01,2018-05-08,127479563,649.633,1777322283.283
2018-05,2018-05-01,2018-06-01,2018-05-09,129132207,649.633,1777322283.283
2018-05,2018-05-01,2018-06-01,2018-05-10,129499099,649.633,1777322283.283
2018-05,2018-05-01,2018-06-01,2018-05-11,130200320,649.633,1777322283.283
2018-05,2018-05-01,2018-06-01,2018-05-12,117213877,649.633,1777322283.283
2018-05,2018-05-01,2018-06-01,2018-05-13,101005289,649.633,1777322283.283
2018-05,2018-05-01,2018-06-01,2018-05-14,122315035,649.633,1777322283.283
2018-05,2018-05-01,2018-06-01,2018-05-15,126401267,649.633,1777322283.283
2018-05,2018-05-01,2018-06-01,2018-05-16,128802078,649.633,1777322283.283
2018-05,2018-05-01,2018-06-01,2018-05-17,130224364,649.633,1777322283.283
2018-05,2018-05-01,2018-06-01,2018-05-18,133548095,649.633,1777322283.283
2018-05,2018-05-01,2018-06-01,2018-05-19,114145463,649.633,1777322283.283
2018-05,2018-05-01,2018-06-01,2018-05-20,94009204,649.633,1777322283.283
2018-05,2018-05-01,2018-06-01,2018-05-21,114180382,649.633,1777322283.283
2018-05,2018-05-01,2018-06-01,2018-05-22,125085272,649.633,1777322283.283
2018-05,2018-05-01,2018-06-01,2018-05-23,127050623,649.633,1777322283.283
2018-05,2018-05-01,2018-06-01,2018-05-24,130182288,649.633,1777322283.283
2018-05,2018-05-01,2018-06-01,2018-05-25,133874843,649.633,1777322283.283
2018-05,2018-05-01,2018-06-01,2018-05-26,115648132,649.633,1777322283.283
2018-05,2018-05-01,2018-06-01,2018-05-27,96817870,649.633,1777322283.283
2018-05,2018-05-01,2018-06-01,2018-05-28,119937623,649.633,1777322283.283
2018-05,2018-05-01,2018-06-01,2018-05-29,124699701,649.633,1777322283.283
2018-05,2018-05-01,2018-06-01,2018-05-30,127619502,649.633,1777322283.283
2018-05,2018-05-01,2018-06-01,2018-05-31,129914079,649.633,1777322283.283
2018-06,2018-06-01,2018-07-01,2018-06-01,133332358,637.508,1777322995.746
2018-06,2018-06-01,2018-07-01,2018-06-02,113942012,637.508,1777322995.746
2018-06,2018-06-01,2018-07-01,2018-06-03,95234895,637.508,1777322995.746
2018-06,2018-06-01,2018-07-01,2018-06-04,121731971,637.508,1777322995.746
2018-06,2018-06-01,2018-07-01,2018-06-05,125399516,637.508,1777322995.746
2018-06,2018-06-01,2018-07-01,2018-06-06,128587026,637.508,1777322995.746
2018-06,2018-06-01,2018-07-01,2018-06-07,130078400,637.508,1777322995.746
2018-06,2018-06-01,2018-07-01,2018-06-08,131020320,637.508,1777322995.746
2018-06,2018-06-01,2018-07-01,2018-06-09,105559043,637.508,1777322995.746
2018-06,2018-06-01,2018-07-01,2018-06-10,92600709,637.508,1777322995.746
2018-06,2018-06-01,2018-07-01,2018-06-11,84488596,637.508,1777322995.746
2018-06,2018-06-01,2018-07-01,2018-06-12,122569765,637.508,1777322995.746
2018-06,2018-06-01,2018-07-01,2018-06-13,120278279,637.508,1777322995.746
2018-06,2018-06-01,2018-07-01,2018-06-14,130014599,637.508,1777322995.746
2018-06,2018-06-01,2018-07-01,2018-06-15,131838850,637.508,1777322995.746
2018-06,2018-06-01,2018-07-01,2018-06-16,112691006,637.508,1777322995.746
2018-06,2018-06-01,2018-07-01,2018-06-17,88598630,637.508,1777322995.746
2018-06,2018-06-01,2018-07-01,2018-06-18,120764580,637.508,1777322995.746
2018-06,2018-06-01,2018-07-01,2018-06-19,124999084,637.508,1777322995.746
2018-06,2018-06-01,2018-07-01,2018-06-20,127270669,637.508,1777322995.746
2018-06,2018-06-01,2018-07-01,2018-06-21,129597591,637.508,1777322995.746
2018-06,2018-06-01,2018-07-01,2018-06-22,133046846,637.508,1777322995.746
2018-06,2018-06-01,2018-07-01,2018-06-23,112147472,637.508,1777322995.746
2018-06,2018-06-01,2018-07-01,2018-06-24,94752621,637.508,1777322995.746
2018-06,2018-06-01,2018-07-01,2018-06-25,118106176,637.508,1777322995.746
2018-06,2018-06-01,2018-07-01,2018-06-26,122783334,637.508,1777322995.746
2018-06,2018-06-01,2018-07-01,2018-06-27,125608073,637.508,1777322995.746
2018-06,2018-06-01,2018-07-01,2018-06-28,127657496,637.508,1777322995.746
2018-06,2018-06-01,2018-07-01,2018-06-29,130899813,637.508,1777322995.746
2018-06,2018-06-01,2018-07-01,2018-06-30,109147838,637.508,1777322995.746
2018-07,2018-07-01,2018-08-01,2018-07-01,93669551,851.743,1777323922.147
2018-07,2018-07-01,2018-08-01,2018-07-02,115243984,851.743,1777323922.147
2018-07,2018-07-01,2018-08-01,2018-07-03,118839381,851.743,1777323922.147
2018-07,2018-07-01,2018-08-01,2018-07-04,120931298,851.743,1777323922.147
2018-07,2018-07-01,2018-08-01,2018-07-05,123050955,851.743,1777323922.147
2018-07,2018-07-01,2018-08-01,2018-07-06,126333205,851.743,1777323922.147
2018-07,2018-07-01,2018-08-01,2018-07-07,104175787,851.743,1777323922.147
2018-07,2018-07-01,2018-08-01,2018-07-08,89431995,851.743,1777323922.147
2018-07,2018-07-01,2018-08-01,2018-07-09,114422406,851.743,1777323922.147
2018-07,2018-07-01,2018-08-01,2018-07-10,120373585,851.743,1777323922.147
2018-07,2018-07-01,2018-08-01,2018-07-11,122489061,851.743,1777323922.147
2018-07,2018-07-01,2018-08-01,2018-07-12,125021102,851.743,1777323922.147
2018-07,2018-07-01,2018-08-01,2018-07-13,129181396,851.743,1777323922.147
2018-07,2018-07-01,2018-08-01,2018-07-14,111721920,851.743,1777323922.147
2018-07,2018-07-01,2018-08-01,2018-07-15,95621714,851.743,1777323922.147
2018-07,2018-07-01,2018-08-01,2018-07-16,119852127,851.743,1777323922.147
2018-07,2018-07-01,2018-08-01,2018-07-17,124018123,851.743,1777323922.147
2018-07,2018-07-01,2018-08-01,2018-07-18,128276496,851.743,1777323922.147
2018-07,2018-07-01,2018-08-01,2018-07-19,129170053,851.743,1777323922.147
2018-07,2018-07-01,2018-08-01,2018-07-20,132540568,851.743,1777323922.147
2018-07,2018-07-01,2018-08-01,2018-07-21,113899100,851.743,1777323922.147
2018-07,2018-07-01,2018-08-01,2018-07-22,96140991,851.743,1777323922.147
2018-07,2018-07-01,2018-08-01,2018-07-23,119605146,851.743,1777323922.147
2018-07,2018-07-01,2018-08-01,2018-07-24,124526828,851.743,1777323922.147
2018-07,2018-07-01,2018-08-01,2018-07-25,128124645,851.743,1777323922.147
2018-07,2018-07-01,2018-08-01,2018-07-26,130606892,851.743,1777323922.147
2018-07,2018-07-01,2018-08-01,2018-07-27,134298189,851.743,1777323922.147
2018-07,2018-07-01,2018-08-01,2018-07-28,114670463,851.743,1777323922.147
2018-07,2018-07-01,2018-08-01,2018-07-29,94954198,851.743,1777323922.147
2018-07,2018-07-01,2018-08-01,2018-07-30,121381581,851.743,1777323922.147
2018-07,2018-07-01,2018-08-01,2018-07-31,125059987,851.743,1777323922.147
2018-08,2018-08-01,2018-09-01,2018-08-01,128124073,713.586,1777324715.117
2018-08,2018-08-01,2018-09-01,2018-08-02,130508495,713.586,1777324715.117
2018-08,2018-08-01,2018-09-01,2018-08-03,132669892,713.586,1777324715.117
2018-08,2018-08-01,2018-09-01,2018-08-04,114123847,713.586,1777324715.117
2018-08,2018-08-01,2018-09-01,2018-08-05,97498697,713.586,1777324715.117
2018-08,2018-08-01,2018-09-01,2018-08-06,120618850,713.586,1777324715.117
2018-08,2018-08-01,2018-09-01,2018-08-07,125942298,713.586,1777324715.117
2018-08,2018-08-01,2018-09-01,2018-08-08,128039226,713.586,1777324715.117
2018-08,2018-08-01,2018-09-01,2018-08-09,130897416,713.586,1777324715.117
2018-08,2018-08-01,2018-09-01,2018-08-10,133909137,713.586,1777324715.117
2018-08,2018-08-01,2018-09-01,2018-08-11,111726858,713.586,1777324715.117
2018-08,2018-08-01,2018-09-01,2018-08-12,96975269,713.586,1777324715.117
2018-08,2018-08-01,2018-09-01,2018-08-13,121974682,713.586,1777324715.117
2018-08,2018-08-01,2018-09-01,2018-08-14,126839128,713.586,1777324715.117
2018-08,2018-08-01,2018-09-01,2018-08-15,128315334,713.586,1777324715.117
2018-08,2018-08-01,2018-09-01,2018-08-16,131303330,713.586,1777324715.117
2018-08,2018-08-01,2018-09-01,2018-08-17,134879404,713.586,1777324715.117
2018-08,2018-08-01,2018-09-01,2018-08-18,113411249,713.586,1777324715.117
2018-08,2018-08-01,2018-09-01,2018-08-19,92619609,713.586,1777324715.117
2018-08,2018-08-01,2018-09-01,2018-08-20,120866246,713.586,1777324715.117
2018-08,2018-08-01,2018-09-01,2018-08-21,125681706,713.586,1777324715.117
2018-08,2018-08-01,2018-09-01,2018-08-22,127820650,713.586,1777324715.117
2018-08,2018-08-01,2018-09-01,2018-08-23,130665955,713.586,1777324715.117
2018-08,2018-08-01,2018-09-01,2018-08-24,134517444,713.586,1777324715.117
2018-08,2018-08-01,2018-09-01,2018-08-25,115872177,713.586,1777324715.117
2018-08,2018-08-01,2018-09-01,2018-08-26,98507804,713.586,1777324715.117
2018-08,2018-08-01,2018-09-01,2018-08-27,122435902,713.586,1777324715.117
2018-08,2018-08-01,2018-09-01,2018-08-28,126524016,713.586,1777324715.117
2018-08,2018-08-01,2018-09-01,2018-08-29,129329031,713.586,1777324715.117
2018-08,2018-08-01,2018-09-01,2018-08-30,130063813,713.586,1777324715.117
2018-08,2018-08-01,2018-09-01,2018-08-31,133498547,713.586,1777324715.117
2018-09,2018-09-01,2018-10-01,2018-09-01,114583452,669.077,1777325461.061
2018-09,2018-09-01,2018-10-01,2018-09-02,97245440,669.077,1777325461.061
2018-09,2018-09-01,2018-10-01,2018-09-03,122029229,669.077,1777325461.061
2018-09,2018-09-01,2018-10-01,2018-09-04,126671407,669.077,1777325461.061
2018-09,2018-09-01,2018-10-01,2018-09-05,128692608,669.077,1777325461.061
2018-09,2018-09-01,2018-10-01,2018-09-06,130036004,669.077,1777325461.061
2018-09,2018-09-01,2018-10-01,2018-09-07,134261078,669.077,1777325461.061
2018-09,2018-09-01,2018-10-01,2018-09-08,114839641,669.077,1777325461.061
2018-09,2018-09-01,2018-10-01,2018-09-09,95631922,669.077,1777325461.061
2018-09,2018-09-01,2018-10-01,2018-09-10,121483256,669.077,1777325461.061
2018-09,2018-09-01,2018-10-01,2018-09-11,126261050,669.077,1777325461.061
2018-09,2018-09-01,2018-10-01,2018-09-12,128992646,669.077,1777325461.061
2018-09,2018-09-01,2018-10-01,2018-09-13,131452737,669.077,1777325461.061
2018-09,2018-09-01,2018-10-01,2018-09-14,135093172,669.077,1777325461.061
2018-09,2018-09-01,2018-10-01,2018-09-15,111747869,669.077,1777325461.061
2018-09,2018-09-01,2018-10-01,2018-09-16,96017840,669.077,1777325461.061
2018-09,2018-09-01,2018-10-01,2018-09-17,121617186,669.077,1777325461.061
2018-09,2018-09-01,2018-10-01,2018-09-18,125824737,669.077,1777325461.061
2018-09,2018-09-01,2018-10-01,2018-09-19,128375231,669.077,1777325461.061
2018-09,2018-09-01,2018-10-01,2018-09-20,131232886,669.077,1777325461.061
2018-09,2018-09-01,2018-10-01,2018-09-21,133610479,669.077,1777325461.061
2018-09,2018-09-01,2018-10-01,2018-09-22,112749546,669.077,1777325461.061
2018-09,2018-09-01,2018-10-01,2018-09-23,94743703,669.077,1777325461.061
2018-09,2018-09-01,2018-10-01,2018-09-24,119231814,669.077,1777325461.061
2018-09,2018-09-01,2018-10-01,2018-09-25,122729090,669.077,1777325461.061
2018-09,2018-09-01,2018-10-01,2018-09-26,126190148,669.077,1777325461.061
2018-09,2018-09-01,2018-10-01,2018-09-27,132021357,669.077,1777325461.061
2018-09,2018-09-01,2018-10-01,2018-09-28,95751531,669.077,1777325461.061
2018-09,2018-09-01,2018-10-01,2018-09-29,91942093,669.077,1777325461.061
2018-09,2018-09-01,2018-10-01,2018-09-30,91480131,669.077,1777325461.061
2018-10,2018-10-01,2018-11-01,2018-10-01,117307194,695.466,1777326234.304
2018-10,2018-10-01,2018-11-01,2018-10-02,123417155,695.466,1777326234.304
2018-10,2018-10-01,2018-11-01,2018-10-03,125808804,695.466,1777326234.304
2018-10,2018-10-01,2018-11-01,2018-10-04,128591336,695.466,1777326234.304
2018-10,2018-10-01,2018-11-01,2018-10-05,133374179,695.466,1777326234.304
2018-10,2018-10-01,2018-11-01,2018-10-06,114483950,695.466,1777326234.304
2018-10,2018-10-01,2018-11-01,2018-10-07,96005716,695.466,1777326234.304
2018-10,2018-10-01,2018-11-01,2018-10-08,124022878,695.466,1777326234.304
2018-10,2018-10-01,2018-11-01,2018-10-09,126932464,695.466,1777326234.304
2018-10,2018-10-01,2018-11-01,2018-10-10,130963488,695.466,1777326234.304
2018-10,2018-10-01,2018-11-01,2018-10-11,133448967,695.466,1777326234.304
2018-10,2018-10-01,2018-11-01,2018-10-12,137150810,695.466,1777326234.304
2018-10,2018-10-01,2018-11-01,2018-10-13,118628037,695.466,1777326234.304
2018-10,2018-10-01,2018-11-01,2018-10-14,100083125,695.466,1777326234.304
2018-10,2018-10-01,2018-11-01,2018-10-15,124107907,695.466,1777326234.304
2018-10,2018-10-01,2018-11-01,2018-10-16,127459963,695.466,1777326234.304
2018-10,2018-10-01,2018-11-01,2018-10-17,131005578,695.466,1777326234.304
2018-10,2018-10-01,2018-11-01,2018-10-18,133747928,695.466,1777326234.304
2018-10,2018-10-01,2018-11-01,2018-10-19,138044128,695.466,1777326234.304
2018-10,2018-10-01,2018-11-01,2018-10-20,115038344,695.466,1777326234.304
2018-10,2018-10-01,2018-11-01,2018-10-21,99700678,695.466,1777326234.304
2018-10,2018-10-01,2018-11-01,2018-10-22,125854545,695.466,1777326234.304
2018-10,2018-10-01,2018-11-01,2018-10-23,128583833,695.466,1777326234.304
2018-10,2018-10-01,2018-11-01,2018-10-24,131096184,695.466,1777326234.304
2018-10,2018-10-01,2018-11-01,2018-10-25,134404863,695.466,1777326234.304
2018-10,2018-10-01,2018-11-01,2018-10-26,137930017,695.466,1777326234.304
2018-10,2018-10-01,2018-11-01,2018-10-27,117799988,695.466,1777326234.304
2018-10,2018-10-01,2018-11-01,2018-10-28,100193938,695.466,1777326234.304
2018-10,2018-10-01,2018-11-01,2018-10-29,126431080,695.466,1777326234.304
2018-10,2018-10-01,2018-11-01,2018-10-30,130074375,695.466,1777326234.304
2018-10,2018-10-01,2018-11-01,2018-10-31,132159379,695.466,1777326234.304
2018-11,2018-11-01,2018-12-01,2018-11-01,134161038,668.297,1777326980.539
2018-11,2018-11-01,2018-12-01,2018-11-02,136153392,668.297,1777326980.539
2018-11,2018-11-01,2018-12-01,2018-11-03,109736105,668.297,1777326980.539
2018-11,2018-11-01,2018-12-01,2018-11-04,93601527,668.297,1777326980.539
2018-11,2018-11-01,2018-12-01,2018-11-05,114051883,668.297,1777326980.539
2018-11,2018-11-01,2018-12-01,2018-11-06,83989493,668.297,1777326980.539
2018-11,2018-11-01,2018-12-01,2018-11-07,130071735,668.297,1777326980.539
2018-11,2018-11-01,2018-12-01,2018-11-08,133830673,668.297,1777326980.539
2018-11,2018-11-01,2018-12-01,2018-11-09,137415723,668.297,1777326980.539
2018-11,2018-11-01,2018-12-01,2018-11-10,117155734,668.297,1777326980.539
2018-11,2018-11-01,2018-12-01,2018-11-11,100995128,668.297,1777326980.539
2018-11,2018-11-01,2018-12-01,2018-11-12,127570094,668.297,1777326980.539
2018-11,2018-11-01,2018-12-01,2018-11-13,130787148,668.297,1777326980.539
2018-11,2018-11-01,2018-12-01,2018-11-14,133548271,668.297,1777326980.539
2018-11,2018-11-01,2018-12-01,2018-11-15,137018059,668.297,1777326980.539
2018-11,2018-11-01,2018-12-01,2018-11-16,141109133,668.297,1777326980.539
2018-11,2018-11-01,2018-12-01,2018-11-17,120830205,668.297,1777326980.539
2018-11,2018-11-01,2018-12-01,2018-11-18,103727600,668.297,1777326980.539
2018-11,2018-11-01,2018-12-01,2018-11-19,127792085,668.297,1777326980.539
2018-11,2018-11-01,2018-12-01,2018-11-20,129698141,668.297,1777326980.539
2018-11,2018-11-01,2018-12-01,2018-11-21,134601016,668.297,1777326980.539
2018-11,2018-11-01,2018-12-01,2018-11-22,136531241,668.297,1777326980.539
2018-11,2018-11-01,2018-12-01,2018-11-23,138533628,668.297,1777326980.539
2018-11,2018-11-01,2018-12-01,2018-11-24,118555015,668.297,1777326980.539
2018-11,2018-11-01,2018-12-01,2018-11-25,101819212,668.297,1777326980.539
2018-11,2018-11-01,2018-12-01,2018-11-26,128167459,668.297,1777326980.539
2018-11,2018-11-01,2018-12-01,2018-11-27,131214499,668.297,1777326980.539
2018-11,2018-11-01,2018-12-01,2018-11-28,133947936,668.297,1777326980.539
2018-11,2018-11-01,2018-12-01,2018-11-29,137053461,668.297,1777326980.539
2018-11,2018-11-01,2018-12-01,2018-11-30,141550913,668.297,1777326980.539
2018-12,2018-12-01,2019-01-01,,,0.259,1777327057.713
2019-01,2019-01-01,2019-02-01,2019-01-01,77784941,656.108,1777327799.25
2019-01,2019-01-01,2019-02-01,2019-01-02,100906689,656.108,1777327799.25
2019-01,2019-01-01,2019-02-01,2019-01-03,106505810,656.108,1777327799.25
2019-01,2019-01-01,2019-02-01,2019-01-04,100059489,656.108,1777327799.25
2019-01,2019-01-01,2019-02-01,2019-01-05,95954113,656.108,1777327799.25
2019-01,2019-01-01,2019-02-01,2019-01-06,88979478,656.108,1777327799.25
2019-01,2019-01-01,2019-02-01,2019-01-07,110781096,656.108,1777327799.25
2019-01,2019-01-01,2019-02-01,2019-01-08,113923513,656.108,1777327799.25
2019-01,2019-01-01,2019-02-01,2019-01-09,117913396,656.108,1777327799.25
2019-01,2019-01-01,2019-02-01,2019-01-10,120037972,656.108,1777327799.25
2019-01,2019-01-01,2019-02-01,2019-01-11,122844323,656.108,1777327799.25
2019-01,2019-01-01,2019-02-01,2019-01-12,104696390,656.108,1777327799.25
2019-01,2019-01-01,2019-02-01,2019-01-13,94304101,656.108,1777327799.25
2019-01,2019-01-01,2019-02-01,2019-01-14,117382197,656.108,1777327799.25
2019-01,2019-01-01,2019-02-01,2019-01-15,120343128,656.108,1777327799.25
2019-01,2019-01-01,2019-02-01,2019-01-16,123539095,656.108,1777327799.25
2019-01,2019-01-01,2019-02-01,2019-01-17,126379962,656.108,1777327799.25
2019-01,2019-01-01,2019-02-01,2019-01-18,128154160,656.108,1777327799.25
2019-01,2019-01-01,2019-02-01,2019-01-19,111451972,656.108,1777327799.25
2019-01,2019-01-01,2019-02-01,2019-01-20,97607786,656.108,1777327799.25
2019-01,2019-01-01,2019-02-01,2019-01-21,121689973,656.108,1777327799.25
2019-01,2019-01-01,2019-02-01,2019-01-22,125263516,656.108,1777327799.25
2019-01,2019-01-01,2019-02-01,2019-01-23,129102683,656.108,1777327799.25
2019-01,2019-01-01,2019-02-01,2019-01-24,129130444,656.108,1777327799.25
2019-01,2019-01-01,2019-02-01,2019-01-25,122567523,656.108,1777327799.25
2019-01,2019-01-01,2019-02-01,2019-01-26,104517868,656.108,1777327799.25
2019-01,2019-01-01,2019-02-01,2019-01-27,93321191,656.108,1777327799.25
2019-01,2019-01-01,2019-02-01,2019-01-28,89959100,656.108,1777327799.25
2019-01,2019-01-01,2019-02-01,2019-01-29,126084789,656.108,1777327799.25
2019-01,2019-01-01,2019-02-01,2019-01-30,127509257,656.108,1777327799.25
2019-01,2019-01-01,2019-02-01,2019-01-31,133238967,656.108,1777327799.25
2019-02,2019-02-01,2019-03-01,2019-02-01,137790716,785.52,1777328666.573
2019-02,2019-02-01,2019-03-01,2019-02-02,116415186,785.52,1777328666.573
2019-02,2019-02-01,2019-03-01,2019-02-03,95634265,785.52,1777328666.573
2019-02,2019-02-01,2019-03-01,2019-02-04,127592959,785.52,1777328666.573
2019-02,2019-02-01,2019-03-01,2019-02-05,130636654,785.52,1777328666.573
2019-02,2019-02-01,2019-03-01,2019-02-06,131422637,785.52,1777328666.573
2019-02,2019-02-01,2019-03-01,2019-02-07,134482750,785.52,1777328666.573
2019-02,2019-02-01,2019-03-01,2019-02-08,138423116,785.52,1777328666.573
2019-02,2019-02-01,2019-03-01,2019-02-09,116499404,785.52,1777328666.573
2019-02,2019-02-01,2019-03-01,2019-02-10,100756084,785.52,1777328666.573
2019-02,2019-02-01,2019-03-01,2019-02-11,126266552,785.52,1777328666.573
2019-02,2019-02-01,2019-03-01,2019-02-12,129977445,785.52,1777328666.573
2019-02,2019-02-01,2019-03-01,2019-02-13,133794393,785.52,1777328666.573
2019-02,2019-02-01,2019-03-01,2019-02-14,138054320,785.52,1777328666.573
2019-02,2019-02-01,2019-03-01,2019-02-15,139366013,785.52,1777328666.573
2019-02,2019-02-01,2019-03-01,2019-02-16,119360200,785.52,1777328666.573
2019-02,2019-02-01,2019-03-01,2019-02-17,101112571,785.52,1777328666.573
2019-02,2019-02-01,2019-03-01,2019-02-18,127213162,785.52,1777328666.573
2019-02,2019-02-01,2019-03-01,2019-02-19,131344031,785.52,1777328666.573
2019-02,2019-02-01,2019-03-01,2019-02-20,133376794,785.52,1777328666.573
2019-02,2019-02-01,2019-03-01,2019-02-21,136172702,785.52,1777328666.573
2019-02,2019-02-01,2019-03-01,2019-02-22,139713773,785.52,1777328666.573
2019-02,2019-02-01,2019-03-01,2019-02-23,120379375,785.52,1777328666.573
2019-02,2019-02-01,2019-03-01,2019-02-24,103143745,785.52,1777328666.573
2019-02,2019-02-01,2019-03-01,2019-02-25,126982489,785.52,1777328666.573
2019-02,2019-02-01,2019-03-01,2019-02-26,131702865,785.52,1777328666.573
2019-02,2019-02-01,2019-03-01,2019-02-27,134247765,785.52,1777328666.573
2019-02,2019-02-01,2019-03-01,2019-02-28,135705834,785.52,1777328666.573
2019-03,2019-03-01,2019-04-01,2019-03-01,138978750,663.069,1777329408.667
2019-03,2019-03-01,2019-04-01,2019-03-02,117687375,663.069,1777329408.667
2019-03,2019-03-01,2019-04-01,2019-03-03,99360039,663.069,1777329408.667
2019-03,2019-03-01,2019-04-01,2019-03-04,128628453,663.069,1777329408.667
2019-03,2019-03-01,2019-04-01,2019-03-05,132578051,663.069,1777329408.667
2019-03,2019-03-01,2019-04-01,2019-03-06,135443018,663.069,1777329408.667
2019-03,2019-03-01,2019-04-01,2019-03-07,137245284,663.069,1777329408.667
2019-03,2019-03-01,2019-04-01,2019-03-08,140051513,663.069,1777329408.667
2019-03,2019-03-01,2019-04-01,2019-03-09,111504868,663.069,1777329408.667
2019-03,2019-03-01,2019-04-01,2019-03-10,96300714,663.069,1777329408.667
2019-03,2019-03-01,2019-04-01,2019-03-11,91613986,663.069,1777329408.667
2019-03,2019-03-01,2019-04-01,2019-03-12,129756227,663.069,1777329408.667
2019-03,2019-03-01,2019-04-01,2019-03-13,133851425,663.069,1777329408.667
2019-03,2019-03-01,2019-04-01,2019-03-14,136983909,663.069,1777329408.667
2019-03,2019-03-01,2019-04-01,2019-03-15,139847046,663.069,1777329408.667
2019-03,2019-03-01,2019-04-01,2019-03-16,120706940,663.069,1777329408.667
2019-03,2019-03-01,2019-04-01,2019-03-17,102715898,663.069,1777329408.667
2019-03,2019-03-01,2019-04-01,2019-03-18,128567702,663.069,1777329408.667
2019-03,2019-03-01,2019-04-01,2019-03-19,132057511,663.069,1777329408.667
2019-03,2019-03-01,2019-04-01,2019-03-20,134745381,663.069,1777329408.667
2019-03,2019-03-01,2019-04-01,2019-03-21,136550251,663.069,1777329408.667
2019-03,2019-03-01,2019-04-01,2019-03-22,139614124,663.069,1777329408.667
2019-03,2019-03-01,2019-04-01,2019-03-23,119805749,663.069,1777329408.667
2019-03,2019-03-01,2019-04-01,2019-03-24,101974721,663.069,1777329408.667
2019-03,2019-03-01,2019-04-01,2019-03-25,126397382,663.069,1777329408.667
2019-03,2019-03-01,2019-04-01,2019-03-26,130998829,663.069,1777329408.667
2019-03,2019-03-01,2019-04-01,2019-03-27,134084900,663.069,1777329408.667
2019-03,2019-03-01,2019-04-01,2019-03-28,136630187,663.069,1777329408.667
2019-03,2019-03-01,2019-04-01,2019-03-29,138774916,663.069,1777329408.667
2019-03,2019-03-01,2019-04-01,2019-03-30,115766218,663.069,1777329408.667
2019-03,2019-03-01,2019-04-01,2019-03-31,98088177,663.069,1777329408.667
2019-04,2019-04-01,2019-05-01,2019-04-01,125566043,769.407,1777330255.006
2019-04,2019-04-01,2019-05-01,2019-04-02,131014316,769.407,1777330255.006
2019-04,2019-04-01,2019-05-01,2019-04-03,132742729,769.407,1777330255.006
2019-04,2019-04-01,2019-05-01,2019-04-04,135847579,769.407,1777330255.006
2019-04,2019-04-01,2019-05-01,2019-04-05,139086015,769.407,1777330255.006
2019-04,2019-04-01,2019-05-01,2019-04-06,118107957,769.407,1777330255.006
2019-04,2019-04-01,2019-05-01,2019-04-07,103852303,769.407,1777330255.006
2019-04,2019-04-01,2019-05-01,2019-04-08,123548736,769.407,1777330255.006
2019-04,2019-04-01,2019-05-01,2019-04-09,128085631,769.407,1777330255.006
2019-04,2019-04-01,2019-05-01,2019-04-10,129751866,769.407,1777330255.006
2019-04,2019-04-01,2019-05-01,2019-04-11,132550951,769.407,1777330255.006
2019-04,2019-04-01,2019-05-01,2019-04-12,135532690,769.407,1777330255.006
2019-04,2019-04-01,2019-05-01,2019-04-13,115823059,769.407,1777330255.006
2019-04,2019-04-01,2019-05-01,2019-04-14,100203091,769.407,1777330255.006
2019-04,2019-04-01,2019-05-01,2019-04-15,124324375,769.407,1777330255.006
2019-04,2019-04-01,2019-05-01,2019-04-16,129487713,769.407,1777330255.006
2019-04,2019-04-01,2019-05-01,2019-04-17,133140572,769.407,1777330255.006
2019-04,2019-04-01,2019-05-01,2019-04-18,138888680,769.407,1777330255.006
2019-04,2019-04-01,2019-05-01,2019-04-19,83260830,769.407,1777330255.006
2019-04,2019-04-01,2019-05-01,2019-04-20,98369319,769.407,1777330255.006
2019-04,2019-04-01,2019-05-01,2019-04-21,84934601,769.407,1777330255.006
2019-04,2019-04-01,2019-05-01,2019-04-22,83855995,769.407,1777330255.006
2019-04,2019-04-01,2019-05-01,2019-04-23,122074027,769.407,1777330255.006
2019-04,2019-04-01,2019-05-01,2019-04-24,129649494,769.407,1777330255.006
2019-04,2019-04-01,2019-05-01,2019-04-25,89015741,769.407,1777330255.006
2019-04,2019-04-01,2019-05-01,2019-04-26,127973047,769.407,1777330255.006
2019-04,2019-04-01,2019-05-01,2019-04-27,112715804,769.407,1777330255.006
2019-04,2019-04-01,2019-05-01,2019-04-28,96340220,769.407,1777330255.006
2019-04,2019-04-01,2019-05-01,2019-04-29,126241528,769.407,1777330255.006
2019-04,2019-04-01,2019-05-01,2019-04-30,130554138,769.407,1777330255.006
2019-05,2019-05-01,2019-06-01,2019-05-01,131978359,721.245,1777331055.446
2019-05,2019-05-01,2019-06-01,2019-05-02,134252106,721.245,1777331055.446
2019-05,2019-05-01,2019-06-01,2019-05-03,139124335,721.245,1777331055.446
2019-05,2019-05-01,2019-06-01,2019-05-04,117328259,721.245,1777331055.446
2019-05,2019-05-01,2019-06-01,2019-05-05,100295826,721.245,1777331055.446
2019-05,2019-05-01,2019-06-01,2019-05-06,126662349,721.245,1777331055.446
2019-05,2019-05-01,2019-06-01,2019-05-07,130608233,721.245,1777331055.446
2019-05,2019-05-01,2019-06-01,2019-05-08,132423960,721.245,1777331055.446
2019-05,2019-05-01,2019-06-01,2019-05-09,134580314,721.245,1777331055.446
2019-05,2019-05-01,2019-06-01,2019-05-10,135834359,721.245,1777331055.446
2019-05,2019-05-01,2019-06-01,2019-05-11,120329490,721.245,1777331055.446
2019-05,2019-05-01,2019-06-01,2019-05-12,103070148,721.245,1777331055.446
2019-05,2019-05-01,2019-06-01,2019-05-13,125213026,721.245,1777331055.446
2019-05,2019-05-01,2019-06-01,2019-05-14,130217137,721.245,1777331055.446
2019-05,2019-05-01,2019-06-01,2019-05-15,132840458,721.245,1777331055.446
2019-05,2019-05-01,2019-06-01,2019-05-16,134725609,721.245,1777331055.446
2019-05,2019-05-01,2019-06-01,2019-05-17,138543454,721.245,1777331055.446
2019-05,2019-05-01,2019-06-01,2019-05-18,118752748,721.245,1777331055.446
2019-05,2019-05-01,2019-06-01,2019-05-19,99577968,721.245,1777331055.446
2019-05,2019-05-01,2019-06-01,2019-05-20,124142663,721.245,1777331055.446
2019-05,2019-05-01,2019-06-01,2019-05-21,128713857,721.245,1777331055.446
2019-05,2019-05-01,2019-06-01,2019-05-22,131808308,721.245,1777331055.446
2019-05,2019-05-01,2019-06-01,2019-05-23,133936006,721.245,1777331055.446
2019-05,2019-05-01,2019-06-01,2019-05-24,136307669,721.245,1777331055.446
2019-05,2019-05-01,2019-06-01,2019-05-25,117512266,721.245,1777331055.446
2019-05,2019-05-01,2019-06-01,2019-05-26,98764740,721.245,1777331055.446
2019-05,2019-05-01,2019-06-01,2019-05-27,122724167,721.245,1777331055.446
2019-05,2019-05-01,2019-06-01,2019-05-28,119228023,721.245,1777331055.446
2019-05,2019-05-01,2019-06-01,2019-05-29,128114318,721.245,1777331055.446
2019-05,2019-05-01,2019-06-01,2019-05-30,132560151,721.245,1777331055.446
2019-05,2019-05-01,2019-06-01,2019-05-31,135961847,721.245,1777331055.446
2019-06,2019-06-01,2019-07-01,2019-06-01,117188916,706.743,1777331839.108
2019-06,2019-06-01,2019-07-01,2019-06-02,97181164,706.743,1777331839.108
2019-06,2019-06-01,2019-07-01,2019-06-03,122165617,706.743,1777331839.108
2019-06,2019-06-01,2019-07-01,2019-06-04,128143053,706.743,1777331839.108
2019-06,2019-06-01,2019-07-01,2019-06-05,130481435,706.743,1777331839.108
2019-06,2019-06-01,2019-07-01,2019-06-06,132433403,706.743,1777331839.108
2019-06,2019-06-01,2019-07-01,2019-06-07,135976939,706.743,1777331839.108
2019-06,2019-06-01,2019-07-01,2019-06-08,109441456,706.743,1777331839.108
2019-06,2019-06-01,2019-07-01,2019-06-09,94273285,706.743,1777331839.108
2019-06,2019-06-01,2019-07-01,2019-06-10,84678789,706.743,1777331839.108
2019-06,2019-06-01,2019-07-01,2019-06-11,126652200,706.743,1777331839.108
2019-06,2019-06-01,2019-07-01,2019-06-12,126866303,706.743,1777331839.108
2019-06,2019-06-01,2019-07-01,2019-06-13,132662518,706.743,1777331839.108
2019-06,2019-06-01,2019-07-01,2019-06-14,135771373,706.743,1777331839.108
2019-06,2019-06-01,2019-07-01,2019-06-15,117601719,706.743,1777331839.108
2019-06,2019-06-01,2019-07-01,2019-06-16,97515115,706.743,1777331839.108
2019-06,2019-06-01,2019-07-01,2019-06-17,124563687,706.743,1777331839.108
2019-06,2019-06-01,2019-07-01,2019-06-18,126850501,706.743,1777331839.108
2019-06,2019-06-01,2019-07-01,2019-06-19,130023088,706.743,1777331839.108
2019-06,2019-06-01,2019-07-01,2019-06-20,131373134,706.743,1777331839.108
2019-06,2019-06-01,2019-07-01,2019-06-21,135408709,706.743,1777331839.108
2019-06,2019-06-01,2019-07-01,2019-06-22,115210633,706.743,1777331839.108
2019-06,2019-06-01,2019-07-01,2019-06-23,96968597,706.743,1777331839.108
2019-06,2019-06-01,2019-07-01,2019-06-24,122268741,706.743,1777331839.108
2019-06,2019-06-01,2019-07-01,2019-06-25,127861011,706.743,1777331839.108
2019-06,2019-06-01,2019-07-01,2019-06-26,130254059,706.743,1777331839.108
2019-06,2019-06-01,2019-07-01,2019-06-27,132505381,706.743,1777331839.108
2019-06,2019-06-01,2019-07-01,2019-06-28,136159886,706.743,1777331839.108
2019-06,2019-06-01,2019-07-01,2019-06-29,110408796,706.743,1777331839.108
2019-06,2019-06-01,2019-07-01,2019-06-30,97589903,706.743,1777331839.108
2019-07,2019-07-01,2019-08-01,2019-07-01,119486499,758.651,1777332675.449
2019-07,2019-07-01,2019-08-01,2019-07-02,122751270,758.651,1777332675.449
2019-07,2019-07-01,2019-08-01,2019-07-03,125446323,758.651,1777332675.449
2019-07,2019-07-01,2019-08-01,2019-07-04,118119577,758.651,1777332675.449
2019-07,2019-07-01,2019-08-01,2019-07-05,131095380,758.651,1777332675.449
2019-07,2019-07-01,2019-08-01,2019-07-06,111816902,758.651,1777332675.449
2019-07,2019-07-01,2019-08-01,2019-07-07,93269181,758.651,1777332675.449
2019-07,2019-07-01,2019-08-01,2019-07-08,118760636,758.651,1777332675.449
2019-07,2019-07-01,2019-08-01,2019-07-09,124219038,758.651,1777332675.449
2019-07,2019-07-01,2019-08-01,2019-07-10,126662351,758.651,1777332675.449
2019-07,2019-07-01,2019-08-01,2019-07-11,128246159,758.651,1777332675.449
2019-07,2019-07-01,2019-08-01,2019-07-12,130799116,758.651,1777332675.449
2019-07,2019-07-01,2019-08-01,2019-07-13,110847732,758.651,1777332675.449
2019-07,2019-07-01,2019-08-01,2019-07-14,94472278,758.651,1777332675.449
2019-07,2019-07-01,2019-08-01,2019-07-15,123295102,758.651,1777332675.449
2019-07,2019-07-01,2019-08-01,2019-07-16,128494861,758.651,1777332675.449
2019-07,2019-07-01,2019-08-01,2019-07-17,130888305,758.651,1777332675.449
2019-07,2019-07-01,2019-08-01,2019-07-18,133539317,758.651,1777332675.449
2019-07,2019-07-01,2019-08-01,2019-07-19,137540434,758.651,1777332675.449
2019-07,2019-07-01,2019-08-01,2019-07-20,118589413,758.651,1777332675.449
2019-07,2019-07-01,2019-08-01,2019-07-21,98904987,758.651,1777332675.449
2019-07,2019-07-01,2019-08-01,2019-07-22,125938060,758.651,1777332675.449
2019-07,2019-07-01,2019-08-01,2019-07-23,132213177,758.651,1777332675.449
2019-07,2019-07-01,2019-08-01,2019-07-24,135795423,758.651,1777332675.449
2019-07,2019-07-01,2019-08-01,2019-07-25,138769516,758.651,1777332675.449
2019-07,2019-07-01,2019-08-01,2019-07-26,141453277,758.651,1777332675.449
2019-07,2019-07-01,2019-08-01,2019-07-27,122568610,758.651,1777332675.449
2019-07,2019-07-01,2019-08-01,2019-07-28,104021841,758.651,1777332675.449
2019-07,2019-07-01,2019-08-01,2019-07-29,129075423,758.651,1777332675.449
2019-07,2019-07-01,2019-08-01,2019-07-30,133938807,758.651,1777332675.449
2019-07,2019-07-01,2019-08-01,2019-07-31,136669506,758.651,1777332675.449
2019-08,2019-08-01,2019-09-01,2019-08-01,138592806,835.011,1777333586.54
2019-08,2019-08-01,2019-09-01,2019-08-02,142472323,835.011,1777333586.54
2019-08,2019-08-01,2019-09-01,2019-08-03,122242327,835.011,1777333586.54
2019-08,2019-08-01,2019-09-01,2019-08-04,103191322,835.011,1777333586.54
2019-08,2019-08-01,2019-09-01,2019-08-05,128919613,835.011,1777333586.54
2019-08,2019-08-01,2019-09-01,2019-08-06,133609525,835.011,1777333586.54
2019-08,2019-08-01,2019-09-01,2019-08-07,136629893,835.011,1777333586.54
2019-08,2019-08-01,2019-09-01,2019-08-08,138291182,835.011,1777333586.54
2019-08,2019-08-01,2019-09-01,2019-08-09,139349159,835.011,1777333586.54
2019-08,2019-08-01,2019-09-01,2019-08-10,117843409,835.011,1777333586.54
2019-08,2019-08-01,2019-09-01,2019-08-11,100724812,835.011,1777333586.54
2019-08,2019-08-01,2019-09-01,2019-08-12,129325347,835.011,1777333586.54
2019-08,2019-08-01,2019-09-01,2019-08-13,133721178,835.011,1777333586.54
2019-08,2019-08-01,2019-09-01,2019-08-14,136593152,835.011,1777333586.54
2019-08,2019-08-01,2019-09-01,2019-08-15,139121833,835.011,1777333586.54
2019-08,2019-08-01,2019-09-01,2019-08-16,142174555,835.011,1777333586.54
2019-08,2019-08-01,2019-09-01,2019-08-17,125400648,835.011,1777333586.54
2019-08,2019-08-01,2019-09-01,2019-08-18,103830906,835.011,1777333586.54
2019-08,2019-08-01,2019-09-01,2019-08-19,128943274,835.011,1777333586.54
2019-08,2019-08-01,2019-09-01,2019-08-20,134274250,835.011,1777333586.54
2019-08,2019-08-01,2019-09-01,2019-08-21,136961609,835.011,1777333586.54
2019-08,2019-08-01,2019-09-01,2019-08-22,140018399,835.011,1777333586.54
2019-08,2019-08-01,2019-09-01,2019-08-23,144302239,835.011,1777333586.54
2019-08,2019-08-01,2019-09-01,2019-08-24,123100663,835.011,1777333586.54
2019-08,2019-08-01,2019-09-01,2019-08-25,105131891,835.011,1777333586.54
2019-08,2019-08-01,2019-09-01,2019-08-26,130454119,835.011,1777333586.54
2019-08,2019-08-01,2019-09-01,2019-08-27,135002799,835.011,1777333586.54
2019-08,2019-08-01,2019-09-01,2019-08-28,136287610,835.011,1777333586.54
2019-08,2019-08-01,2019-09-01,2019-08-29,139717997,835.011,1777333586.54
2019-08,2019-08-01,2019-09-01,2019-08-30,145003631,835.011,1777333586.54
2019-08,2019-08-01,2019-09-01,2019-08-31,127447538,835.011,1777333586.54
2019-09,2019-09-01,2019-10-01,2019-09-01,105411704,827.651,1777334490.164
2019-09,2019-09-01,2019-10-01,2019-09-02,130796716,827.651,1777334490.164
2019-09,2019-09-01,2019-10-01,2019-09-03,134264452,827.651,1777334490.164
2019-09,2019-09-01,2019-10-01,2019-09-04,137174451,827.651,1777334490.164
2019-09,2019-09-01,2019-10-01,2019-09-05,139616029,827.651,1777334490.164
2019-09,2019-09-01,2019-10-01,2019-09-06,141999275,827.651,1777334490.164
2019-09,2019-09-01,2019-10-01,2019-09-07,120533524,827.651,1777334490.164
2019-09,2019-09-01,2019-10-01,2019-09-08,100624138,827.651,1777334490.164
2019-09,2019-09-01,2019-10-01,2019-09-09,129052722,827.651,1777334490.164
2019-09,2019-09-01,2019-10-01,2019-09-10,134717411,827.651,1777334490.164
2019-09,2019-09-01,2019-10-01,2019-09-11,138126030,827.651,1777334490.164
2019-09,2019-09-01,2019-10-01,2019-09-12,139727543,827.651,1777334490.164
2019-09,2019-09-01,2019-10-01,2019-09-13,143910008,827.651,1777334490.164
2019-09,2019-09-01,2019-10-01,2019-09-14,124567849,827.651,1777334490.164
2019-09,2019-09-01,2019-10-01,2019-09-15,101260953,827.651,1777334490.164
2019-09,2019-09-01,2019-10-01,2019-09-16,130428110,827.651,1777334490.164
2019-09,2019-09-01,2019-10-01,2019-09-17,135346817,827.651,1777334490.164
2019-09,2019-09-01,2019-10-01,2019-09-18,138263213,827.651,1777334490.164
2019-09,2019-09-01,2019-10-01,2019-09-19,140378588,827.651,1777334490.164
2019-09,2019-09-01,2019-10-01,2019-09-20,142175737,827.651,1777334490.164
2019-09,2019-09-01,2019-10-01,2019-09-21,118949291,827.651,1777334490.164
2019-09,2019-09-01,2019-10-01,2019-09-22,102413492,827.651,1777334490.164
2019-09,2019-09-01,2019-10-01,2019-09-23,127231328,827.651,1777334490.164
2019-09,2019-09-01,2019-10-01,2019-09-24,131931084,827.651,1777334490.164
2019-09,2019-09-01,2019-10-01,2019-09-25,135517749,827.651,1777334490.164
2019-09,2019-09-01,2019-10-01,2019-09-26,141507276,827.651,1777334490.164
2019-09,2019-09-01,2019-10-01,2019-09-27,104024939,827.651,1777334490.164
2019-09,2019-09-01,2019-10-01,2019-09-28,100615230,827.651,1777334490.164
2019-09,2019-09-01,2019-10-01,2019-09-29,98243972,827.651,1777334490.164
2019-09,2019-09-01,2019-10-01,2019-09-30,125326679,827.651,1777334490.164
2019-10,2019-10-01,2019-11-01,2019-10-01,132843620,908.273,1777335476.399
2019-10,2019-10-01,2019-11-01,2019-10-02,135932806,908.273,1777335476.399
2019-10,2019-10-01,2019-11-01,2019-10-03,139355454,908.273,1777335476.399
2019-10,2019-10-01,2019-11-01,2019-10-04,140873782,908.273,1777335476.399
2019-10,2019-10-01,2019-11-01,2019-10-05,122157717,908.273,1777335476.399
2019-10,2019-10-01,2019-11-01,2019-10-06,103346990,908.273,1777335476.399
2019-10,2019-10-01,2019-11-01,2019-10-07,132598781,908.273,1777335476.399
2019-10,2019-10-01,2019-11-01,2019-10-08,136475984,908.273,1777335476.399
2019-10,2019-10-01,2019-11-01,2019-10-09,139047832,908.273,1777335476.399
2019-10,2019-10-01,2019-11-01,2019-10-10,142157329,908.273,1777335476.399
2019-10,2019-10-01,2019-11-01,2019-10-11,145839873,908.273,1777335476.399
2019-10,2019-10-01,2019-11-01,2019-10-12,126373451,908.273,1777335476.399
2019-10,2019-10-01,2019-11-01,2019-10-13,106121094,908.273,1777335476.399
2019-10,2019-10-01,2019-11-01,2019-10-14,132243439,908.273,1777335476.399
2019-10,2019-10-01,2019-11-01,2019-10-15,137736566,908.273,1777335476.399
2019-10,2019-10-01,2019-11-01,2019-10-16,139369703,908.273,1777335476.399
2019-10,2019-10-01,2019-11-01,2019-10-17,141368328,908.273,1777335476.399
2019-10,2019-10-01,2019-11-01,2019-10-18,146353863,908.273,1777335476.399
2019-10,2019-10-01,2019-11-01,2019-10-19,124989478,908.273,1777335476.399
2019-10,2019-10-01,2019-11-01,2019-10-20,106247325,908.273,1777335476.399
2019-10,2019-10-01,2019-11-01,2019-10-21,133768236,908.273,1777335476.399
2019-10,2019-10-01,2019-11-01,2019-10-22,138603528,908.273,1777335476.399
2019-10,2019-10-01,2019-11-01,2019-10-23,141283238,908.273,1777335476.399
2019-10,2019-10-01,2019-11-01,2019-10-24,143905446,908.273,1777335476.399
2019-10,2019-10-01,2019-11-01,2019-10-25,146260241,908.273,1777335476.399
2019-10,2019-10-01,2019-11-01,2019-10-26,123923898,908.273,1777335476.399
2019-10,2019-10-01,2019-11-01,2019-10-27,105430686,908.273,1777335476.399
2019-10,2019-10-01,2019-11-01,2019-10-28,134337094,908.273,1777335476.399
2019-10,2019-10-01,2019-11-01,2019-10-29,139458054,908.273,1777335476.399
2019-10,2019-10-01,2019-11-01,2019-10-30,141627036,908.273,1777335476.399
2019-10,2019-10-01,2019-11-01,2019-10-31,144105572,908.273,1777335476.399
2019-11,2019-11-01,2019-12-01,2019-11-01,145641926,833.763,1777336389.225
2019-11,2019-11-01,2019-12-01,2019-11-02,112357564,833.763,1777336389.225
2019-11,2019-11-01,2019-12-01,2019-11-03,98039486,833.763,1777336389.225
2019-11,2019-11-01,2019-12-01,2019-11-04,119732196,833.763,1777336389.225
2019-11,2019-11-01,2019-12-01,2019-11-05,96028624,833.763,1777336389.225
2019-11,2019-11-01,2019-12-01,2019-11-06,137440041,833.763,1777336389.225
2019-11,2019-11-01,2019-12-01,2019-11-07,140413383,833.763,1777336389.225
2019-11,2019-11-01,2019-12-01,2019-11-08,144344458,833.763,1777336389.225
2019-11,2019-11-01,2019-12-01,2019-11-09,122563463,833.763,1777336389.225
2019-11,2019-11-01,2019-12-01,2019-11-10,105069939,833.763,1777336389.225
2019-11,2019-11-01,2019-12-01,2019-11-11,135803482,833.763,1777336389.225
2019-11,2019-11-01,2019-12-01,2019-11-12,138942788,833.763,1777336389.225
2019-11,2019-11-01,2019-12-01,2019-11-13,141407470,833.763,1777336389.225
2019-11,2019-11-01,2019-12-01,2019-11-14,144386568,833.763,1777336389.225
2019-11,2019-11-01,2019-12-01,2019-11-15,148301692,833.763,1777336389.225
2019-11,2019-11-01,2019-12-01,2019-11-16,128931709,833.763,1777336389.225
2019-11,2019-11-01,2019-12-01,2019-11-17,108878371,833.763,1777336389.225
2019-11,2019-11-01,2019-12-01,2019-11-18,135510771,833.763,1777336389.225
2019-11,2019-11-01,2019-12-01,2019-11-19,140471476,833.763,1777336389.225
2019-11,2019-11-01,2019-12-01,2019-11-20,144407709,833.763,1777336389.225
2019-11,2019-11-01,2019-12-01,2019-11-21,140750290,833.763,1777336389.225
2019-11,2019-11-01,2019-12-01,2019-11-22,151248598,833.763,1777336389.225
2019-11,2019-11-01,2019-12-01,2019-11-23,129808882,833.763,1777336389.225
2019-11,2019-11-01,2019-12-01,2019-11-24,112818570,833.763,1777336389.225
2019-11,2019-11-01,2019-12-01,2019-11-25,136366501,833.763,1777336389.225
2019-11,2019-11-01,2019-12-01,2019-11-26,139591801,833.763,1777336389.225
2019-11,2019-11-01,2019-12-01,2019-11-27,143828525,833.763,1777336389.225
2019-11,2019-11-01,2019-12-01,2019-11-28,146353603,833.763,1777336389.225
2019-11,2019-11-01,2019-12-01,2019-11-29,151706950,833.763,1777336389.225
2019-11,2019-11-01,2019-12-01,2019-11-30,130267853,833.763,1777336389.225
2019-12,2019-12-01,2020-01-01,2019-12-01,108180430,808.384,1777337274.141
2019-12,2019-12-01,2020-01-01,2019-12-02,135125765,808.384,1777337274.141
2019-12,2019-12-01,2020-01-01,2019-12-03,140221266,808.384,1777337274.141
2019-12,2019-12-01,2020-01-01,2019-12-04,144297888,808.384,1777337274.141
2019-12,2019-12-01,2020-01-01,2019-12-05,147265752,808.384,1777337274.141
2019-12,2019-12-01,2020-01-01,2019-12-06,151430915,808.384,1777337274.141
2019-12,2019-12-01,2020-01-01,2019-12-07,132239956,808.384,1777337274.141
2019-12,2019-12-01,2020-01-01,2019-12-08,81745571,808.384,1777337274.141
2019-12,2019-12-01,2020-01-01,2019-12-09,136990424,808.384,1777337274.141
2019-12,2019-12-01,2020-01-01,2019-12-10,143568050,808.384,1777337274.141
2019-12,2019-12-01,2020-01-01,2019-12-11,145894828,808.384,1777337274.141
2019-12,2019-12-01,2020-01-01,2019-12-13,151916062,808.384,1777337274.141
2019-12,2019-12-01,2020-01-01,2019-12-14,131946567,808.384,1777337274.141
2019-12,2019-12-01,2020-01-01,2019-12-15,112970137,808.384,1777337274.141
2019-12,2019-12-01,2020-01-01,2019-12-16,140539224,808.384,1777337274.141
2019-12,2019-12-01,2020-01-01,2019-12-17,144580387,808.384,1777337274.141
2019-12,2019-12-01,2020-01-01,2019-12-18,144920989,808.384,1777337274.141
2019-12,2019-12-01,2020-01-01,2019-12-19,151646758,808.384,1777337274.141
2019-12,2019-12-01,2020-01-01,2019-12-20,141631991,808.384,1777337274.141
2019-12,2019-12-01,2020-01-01,2019-12-21,125634162,808.384,1777337274.141
2019-12,2019-12-01,2020-01-01,2019-12-22,111008485,808.384,1777337274.141
2019-12,2019-12-01,2020-01-01,2019-12-23,132671785,808.384,1777337274.141
2019-12,2019-12-01,2020-01-01,2019-12-24,124618500,808.384,1777337274.141
2019-12,2019-12-01,2020-01-01,2019-12-25,84202430,808.384,1777337274.141
2019-12,2019-12-01,2020-01-01,2019-12-26,93823021,808.384,1777337274.141
2019-12,2019-12-01,2020-01-01,2019-12-27,110815533,808.384,1777337274.141
2019-12,2019-12-01,2020-01-01,2019-12-28,98769320,808.384,1777337274.141
2019-12,2019-12-01,2020-01-01,2019-12-29,92808989,808.384,1777337274.141
2019-12,2019-12-01,2020-01-01,2019-12-30,97579281,808.384,1777337274.141
2019-12,2019-12-01,2020-01-01,2019-12-31,107400265,808.384,1777337274.141
2020-01,2020-01-01,2020-02-01,2020-01-01,85031290,816.072,1777338167.165
2020-01,2020-01-01,2020-02-01,2020-01-02,108169775,816.072,1777338167.165
2020-01,2020-01-01,2020-02-01,2020-01-03,112574834,816.072,1777338167.165
2020-01,2020-01-01,2020-02-01,2020-01-04,100286801,816.072,1777338167.165
2020-01,2020-01-01,2020-02-01,2020-01-05,89976910,816.072,1777338167.165
2020-01,2020-01-01,2020-02-01,2020-01-06,114131689,816.072,1777338167.165
2020-01,2020-01-01,2020-02-01,2020-01-07,117943480,816.072,1777338167.165
2020-01,2020-01-01,2020-02-01,2020-01-08,122410860,816.072,1777338167.165
2020-01,2020-01-01,2020-02-01,2020-01-09,125353406,816.072,1777338167.165
2020-01,2020-01-01,2020-02-01,2020-01-10,125966797,816.072,1777338167.165
2020-01,2020-01-01,2020-02-01,2020-01-11,111277695,816.072,1777338167.165
2020-01,2020-01-01,2020-02-01,2020-01-12,99951809,816.072,1777338167.165
2020-01,2020-01-01,2020-02-01,2020-01-13,125755643,816.072,1777338167.165
2020-01,2020-01-01,2020-02-01,2020-01-14,128875333,816.072,1777338167.165
2020-01,2020-01-01,2020-02-01,2020-01-15,127679955,816.072,1777338167.165
2020-01,2020-01-01,2020-02-01,2020-01-16,135131977,816.072,1777338167.165
2020-01,2020-01-01,2020-02-01,2020-01-17,138857593,816.072,1777338167.165
2020-01,2020-01-01,2020-02-01,2020-01-18,119257741,816.072,1777338167.165
2020-01,2020-01-01,2020-02-01,2020-01-19,101559625,816.072,1777338167.165
2020-01,2020-01-01,2020-02-01,2020-01-20,127238975,816.072,1777338167.165
2020-01,2020-01-01,2020-02-01,2020-01-21,134034013,816.072,1777338167.165
2020-01,2020-01-01,2020-02-01,2020-01-22,134858951,816.072,1777338167.165
2020-01,2020-01-01,2020-02-01,2020-01-23,138410430,816.072,1777338167.165
2020-01,2020-01-01,2020-02-01,2020-01-24,141624908,816.072,1777338167.165
2020-01,2020-01-01,2020-02-01,2020-01-25,115348505,816.072,1777338167.165
2020-01,2020-01-01,2020-02-01,2020-01-26,99516474,816.072,1777338167.165
2020-01,2020-01-01,2020-02-01,2020-01-27,94075508,816.072,1777338167.165
2020-01,2020-01-01,2020-02-01,2020-01-28,132921767,816.072,1777338167.165
2020-01,2020-01-01,2020-02-01,2020-01-29,137157559,816.072,1777338167.165
2020-01,2020-01-01,2020-02-01,2020-01-30,138962867,816.072,1777338167.165
2020-01,2020-01-01,2020-02-01,2020-01-31,138862033,816.072,1777338167.165
2020-02,2020-02-01,2020-03-01,2020-02-01,115893376,817.403,1777339060.798
2020-02,2020-02-01,2020-03-01,2020-02-02,103518358,817.403,1777339060.798
2020-02,2020-02-01,2020-03-01,2020-02-03,133463753,817.403,1777339060.798
2020-02,2020-02-01,2020-03-01,2020-02-04,137267619,817.403,1777339060.798
2020-02,2020-02-01,2020-03-01,2020-02-05,139420762,817.403,1777339060.798
2020-02,2020-02-01,2020-03-01,2020-02-06,141953731,817.403,1777339060.798
2020-02,2020-02-01,2020-03-01,2020-02-07,146038551,817.403,1777339060.798
2020-02,2020-02-01,2020-03-01,2020-02-08,124277235,817.403,1777339060.798
2020-02,2020-02-01,2020-03-01,2020-02-09,104192928,817.403,1777339060.798
2020-02,2020-02-01,2020-03-01,2020-02-10,133016860,817.403,1777339060.798
2020-02,2020-02-01,2020-03-01,2020-02-11,137900933,817.403,1777339060.798
2020-02,2020-02-01,2020-03-01,2020-02-12,140645677,817.403,1777339060.798
2020-02,2020-02-01,2020-03-01,2020-02-13,144254284,817.403,1777339060.798
2020-02,2020-02-01,2020-03-01,2020-02-14,146063259,817.403,1777339060.798
2020-02,2020-02-01,2020-03-01,2020-02-15,122536274,817.403,1777339060.798
2020-02,2020-02-01,2020-03-01,2020-02-16,106115603,817.403,1777339060.798
2020-02,2020-02-01,2020-03-01,2020-02-17,134927589,817.403,1777339060.798
2020-02,2020-02-01,2020-03-01,2020-02-18,135913864,817.403,1777339060.798
2020-02,2020-02-01,2020-03-01,2020-02-19,137084439,817.403,1777339060.798
2020-02,2020-02-01,2020-03-01,2020-02-20,139033897,817.403,1777339060.798
2020-02,2020-02-01,2020-03-01,2020-02-21,147072534,817.403,1777339060.798
2020-02,2020-02-01,2020-03-01,2020-02-22,127766427,817.403,1777339060.798
2020-02,2020-02-01,2020-03-01,2020-02-23,109645092,817.403,1777339060.798
2020-02,2020-02-01,2020-03-01,2020-02-24,133269232,817.403,1777339060.798
2020-02,2020-02-01,2020-03-01,2020-02-25,137596721,817.403,1777339060.798
2020-02,2020-02-01,2020-03-01,2020-02-26,140059374,817.403,1777339060.798
2020-02,2020-02-01,2020-03-01,2020-02-27,142736443,817.403,1777339060.798
2020-02,2020-02-01,2020-03-01,2020-02-28,146395684,817.403,1777339060.798
2020-02,2020-02-01,2020-03-01,2020-02-29,127758100,817.403,1777339060.798
2020-03,2020-03-01,2020-04-01,2020-03-01,107876488,831.807,1777339968.431
2020-03,2020-03-01,2020-04-01,2020-03-02,134876024,831.807,1777339968.431
2020-03,2020-03-01,2020-04-01,2020-03-03,138662254,831.807,1777339968.431
2020-03,2020-03-01,2020-04-01,2020-03-04,141464014,831.807,1777339968.431
2020-03,2020-03-01,2020-04-01,2020-03-05,141207709,831.807,1777339968.431
2020-03,2020-03-01,2020-04-01,2020-03-06,145501925,831.807,1777339968.431
2020-03,2020-03-01,2020-04-01,2020-03-07,116929969,831.807,1777339968.431
2020-03,2020-03-01,2020-04-01,2020-03-08,102192858,831.807,1777339968.431
2020-03,2020-03-01,2020-04-01,2020-03-09,95484218,831.807,1777339968.431
2020-03,2020-03-01,2020-04-01,2020-03-10,136019435,831.807,1777339968.431
2020-03,2020-03-01,2020-04-01,2020-03-11,140403413,831.807,1777339968.431
2020-03,2020-03-01,2020-04-01,2020-03-12,142605327,831.807,1777339968.431
2020-03,2020-03-01,2020-04-01,2020-03-13,142265481,831.807,1777339968.431
2020-03,2020-03-01,2020-04-01,2020-03-14,117708198,831.807,1777339968.431
2020-03,2020-03-01,2020-04-01,2020-03-15,98299836,831.807,1777339968.431
2020-03,2020-03-01,2020-04-01,2020-03-16,130661390,831.807,1777339968.431
2020-03,2020-03-01,2020-04-01,2020-03-17,130226336,831.807,1777339968.431
2020-03,2020-03-01,2020-04-01,2020-03-18,128204473,831.807,1777339968.431
2020-03,2020-03-01,2020-04-01,2020-03-19,127111569,831.807,1777339968.431
2020-03,2020-03-01,2020-04-01,2020-03-20,129211861,831.807,1777339968.431
2020-03,2020-03-01,2020-04-01,2020-03-21,100479620,831.807,1777339968.431
2020-03,2020-03-01,2020-04-01,2020-03-22,81279140,831.807,1777339968.431
2020-03,2020-03-01,2020-04-01,2020-03-23,114970705,831.807,1777339968.431
2020-03,2020-03-01,2020-04-01,2020-03-24,102276967,831.807,1777339968.431
2020-03,2020-03-01,2020-04-01,2020-03-25,99976692,831.807,1777339968.431
2020-03,2020-03-01,2020-04-01,2020-03-26,98327879,831.807,1777339968.431
2020-03,2020-03-01,2020-04-01,2020-03-27,100306881,831.807,1777339968.431
2020-03,2020-03-01,2020-04-01,2020-03-28,73371915,831.807,1777339968.431
2020-03,2020-03-01,2020-04-01,2020-03-29,54876049,831.807,1777339968.431
2020-03,2020-03-01,2020-04-01,2020-03-30,86901152,831.807,1777339968.431
2020-03,2020-03-01,2020-04-01,2020-03-31,85261070,831.807,1777339968.431
2020-04,2020-04-01,2020-05-01,2020-04-01,86340737,780.807,1777340826.591
2020-04,2020-04-01,2020-05-01,2020-04-02,85105480,780.807,1777340826.591
2020-04,2020-04-01,2020-05-01,2020-04-03,90294920,780.807,1777340826.591
2020-04,2020-04-01,2020-05-01,2020-04-04,62852101,780.807,1777340826.591
2020-04,2020-04-01,2020-05-01,2020-04-05,49935958,780.807,1777340826.591
2020-04,2020-04-01,2020-05-01,2020-04-06,83580834,780.807,1777340826.591
2020-04,2020-04-01,2020-05-01,2020-04-07,84624833,780.807,1777340826.591
2020-04,2020-04-01,2020-05-01,2020-04-08,88024837,780.807,1777340826.591
2020-04,2020-04-01,2020-05-01,2020-04-09,95006703,780.807,1777340826.591
2020-04,2020-04-01,2020-05-01,2020-04-10,40210106,780.807,1777340826.591
2020-04,2020-04-01,2020-05-01,2020-04-11,57837882,780.807,1777340826.591
2020-04,2020-04-01,2020-05-01,2020-04-12,41621250,780.807,1777340826.591
2020-04,2020-04-01,2020-05-01,2020-04-13,48447058,780.807,1777340826.591
2020-04,2020-04-01,2020-05-01,2020-04-14,83829232,780.807,1777340826.591
2020-04,2020-04-01,2020-05-01,2020-04-15,85508787,780.807,1777340826.591
2020-04,2020-04-01,2020-05-01,2020-04-16,88248031,780.807,1777340826.591
2020-04,2020-04-01,2020-05-01,2020-04-17,92297823,780.807,1777340826.591
2020-04,2020-04-01,2020-05-01,2020-04-18,64956351,780.807,1777340826.591
2020-04,2020-04-01,2020-05-01,2020-04-19,53631464,780.807,1777340826.591
2020-04,2020-04-01,2020-05-01,2020-04-20,84867502,780.807,1777340826.591
2020-04,2020-04-01,2020-05-01,2020-04-21,88699974,780.807,1777340826.591
2020-04,2020-04-01,2020-05-01,2020-04-22,90582155,780.807,1777340826.591
2020-04,2020-04-01,2020-05-01,2020-04-23,92351716,780.807,1777340826.591
2020-04,2020-04-01,2020-05-01,2020-04-24,96656373,780.807,1777340826.591
2020-04,2020-04-01,2020-05-01,2020-04-25,65020842,780.807,1777340826.591
2020-04,2020-04-01,2020-05-01,2020-04-26,57217917,780.807,1777340826.591
2020-04,2020-04-01,2020-05-01,2020-04-27,87317637,780.807,1777340826.591
2020-04,2020-04-01,2020-05-01,2020-04-28,91389623,780.807,1777340826.591
2020-04,2020-04-01,2020-05-01,2020-04-29,90479554,780.807,1777340826.591
2020-05,2020-05-01,2020-06-01,2020-05-01,95293523,845.737,1777341750.313
2020-05,2020-05-01,2020-06-01,2020-05-02,73142076,845.737,1777341750.313
2020-05,2020-05-01,2020-06-01,2020-05-03,60219731,845.737,1777341750.313
2020-05,2020-05-01,2020-06-01,2020-05-04,90958183,845.737,1777341750.313
2020-05,2020-05-01,2020-06-01,2020-05-05,95097700,845.737,1777341750.313
2020-05,2020-05-01,2020-06-01,2020-05-06,96490005,845.737,1777341750.313
2020-05,2020-05-01,2020-06-01,2020-05-07,97756645,845.737,1777341750.313
2020-05,2020-05-01,2020-06-01,2020-05-08,103786803,845.737,1777341750.313
2020-05,2020-05-01,2020-06-01,2020-05-09,78284594,845.737,1777341750.313
2020-05,2020-05-01,2020-06-01,2020-05-10,65718958,845.737,1777341750.313
2020-05,2020-05-01,2020-06-01,2020-05-11,91411800,845.737,1777341750.313
2020-05,2020-05-01,2020-06-01,2020-05-12,96523448,845.737,1777341750.313
2020-05,2020-05-01,2020-06-01,2020-05-13,101662335,845.737,1777341750.313
2020-05,2020-05-01,2020-06-01,2020-05-14,103883769,845.737,1777341750.313
2020-05,2020-05-01,2020-06-01,2020-05-15,111412125,845.737,1777341750.313
2020-05,2020-05-01,2020-06-01,2020-05-16,94978913,845.737,1777341750.313
2020-05,2020-05-01,2020-06-01,2020-05-17,78233681,845.737,1777341750.313
2020-05,2020-05-01,2020-06-01,2020-05-18,100752397,845.737,1777341750.313
2020-05,2020-05-01,2020-06-01,2020-05-19,102530565,845.737,1777341750.313
2020-05,2020-05-01,2020-06-01,2020-05-20,104591378,845.737,1777341750.313
2020-05,2020-05-01,2020-06-01,2020-05-21,105317349,845.737,1777341750.313
2020-05,2020-05-01,2020-06-01,2020-05-22,113126809,845.737,1777341750.313
2020-05,2020-05-01,2020-06-01,2020-05-23,93714889,845.737,1777341750.313
2020-05,2020-05-01,2020-06-01,2020-05-24,78461714,845.737,1777341750.313
2020-05,2020-05-01,2020-06-01,2020-05-25,104454186,845.737,1777341750.313
2020-05,2020-05-01,2020-06-01,2020-05-26,109863986,845.737,1777341750.313
2020-05,2020-05-01,2020-06-01,2020-05-27,111356289,845.737,1777341750.313
2020-05,2020-05-01,2020-06-01,2020-05-28,113667400,845.737,1777341750.313
2020-05,2020-05-01,2020-06-01,2020-05-29,120481540,845.737,1777341750.313
2020-05,2020-05-01,2020-06-01,2020-05-30,101021411,845.737,1777341750.313
2020-05,2020-05-01,2020-06-01,2020-05-31,79457659,845.737,1777341750.313
2020-06,2020-06-01,2020-07-01,2020-06-01,105463195,830.693,1777342659.657
2020-06,2020-06-01,2020-07-01,2020-06-02,111553711,830.693,1777342659.657
2020-06,2020-06-01,2020-07-01,2020-06-04,118811601,830.693,1777342659.657
2020-06,2020-06-01,2020-07-01,2020-06-05,124961066,830.693,1777342659.657
2020-06,2020-06-01,2020-07-01,2020-06-06,98528597,830.693,1777342659.657
2020-06,2020-06-01,2020-07-01,2020-06-07,82665319,830.693,1777342659.657
2020-06,2020-06-01,2020-07-01,2020-06-08,81353325,830.693,1777342659.657
2020-06,2020-06-01,2020-07-01,2020-06-09,115098820,830.693,1777342659.657
2020-06,2020-06-01,2020-07-01,2020-06-10,119253755,830.693,1777342659.657
2020-06,2020-06-01,2020-07-01,2020-06-11,121635662,830.693,1777342659.657
2020-06,2020-06-01,2020-07-01,2020-06-12,127667243,830.693,1777342659.657
2020-06,2020-06-01,2020-07-01,2020-06-13,104799319,830.693,1777342659.657
2020-06,2020-06-01,2020-07-01,2020-06-14,85408253,830.693,1777342659.657
2020-06,2020-06-01,2020-07-01,2020-06-15,112783668,830.693,1777342659.657
2020-06,2020-06-01,2020-07-01,2020-06-16,117099547,830.693,1777342659.657
2020-06,2020-06-01,2020-07-01,2020-06-17,120242362,830.693,1777342659.657
2020-06,2020-06-01,2020-07-01,2020-06-18,123293265,830.693,1777342659.657
2020-06,2020-06-01,2020-07-01,2020-06-19,128692346,830.693,1777342659.657
2020-06,2020-06-01,2020-07-01,2020-06-20,105874150,830.693,1777342659.657
2020-06,2020-06-01,2020-07-01,2020-06-21,83333308,830.693,1777342659.657
2020-06,2020-06-01,2020-07-01,2020-06-22,110486920,830.693,1777342659.657
2020-06,2020-06-01,2020-07-01,2020-06-23,116177838,830.693,1777342659.657
2020-06,2020-06-01,2020-07-01,2020-06-24,118396080,830.693,1777342659.657
2020-06,2020-06-01,2020-07-01,2020-06-25,120956112,830.693,1777342659.657
2020-06,2020-06-01,2020-07-01,2020-06-26,125639544,830.693,1777342659.657
2020-06,2020-06-01,2020-07-01,2020-06-27,101942957,830.693,1777342659.657
2020-06,2020-06-01,2020-07-01,2020-06-28,84596449,830.693,1777342659.657
2020-06,2020-06-01,2020-07-01,2020-06-29,110231979,830.693,1777342659.657
2020-06,2020-06-01,2020-07-01,2020-06-30,113320819,830.693,1777342659.657
2020-07,2020-07-01,2020-08-01,2020-07-01,116169627,800.723,1777343536.872
2020-07,2020-07-01,2020-08-01,2020-07-02,112604066,800.723,1777343536.872
2020-07,2020-07-01,2020-08-01,2020-07-03,113999567,800.723,1777343536.872
2020-07,2020-07-01,2020-08-01,2020-07-04,92388155,800.723,1777343536.872
2020-07,2020-07-01,2020-08-01,2020-07-05,74882216,800.723,1777343536.872
2020-07,2020-07-01,2020-08-01,2020-07-06,103518969,800.723,1777343536.872
2020-07,2020-07-01,2020-08-01,2020-07-07,111210920,800.723,1777343536.872
2020-07,2020-07-01,2020-08-01,2020-07-08,124019909,800.723,1777343536.872
2020-07,2020-07-01,2020-08-01,2020-07-09,95023134,800.723,1777343536.872
2020-07,2020-07-01,2020-08-01,2020-07-10,99034248,800.723,1777343536.872
2020-07,2020-07-01,2020-08-01,2020-07-11,68873150,800.723,1777343536.872
2020-07,2020-07-01,2020-08-01,2020-07-12,55025136,800.723,1777343536.872
2020-07,2020-07-01,2020-08-01,2020-07-13,94890603,800.723,1777343536.872
2020-07,2020-07-01,2020-08-01,2020-07-14,98863048,800.723,1777343536.872
2020-07,2020-07-01,2020-08-01,2020-07-15,101835741,800.723,1777343536.872
2020-07,2020-07-01,2020-08-01,2020-07-16,101985680,800.723,1777343536.872
2020-07,2020-07-01,2020-08-01,2020-07-17,105240191,800.723,1777343536.872
2020-07,2020-07-01,2020-08-01,2020-07-18,72513525,800.723,1777343536.872
2020-07,2020-07-01,2020-08-01,2020-07-19,54585425,800.723,1777343536.872
2020-07,2020-07-01,2020-08-01,2020-07-20,93060749,800.723,1777343536.872
2020-07,2020-07-01,2020-08-01,2020-07-21,96297866,800.723,1777343536.872
2020-07,2020-07-01,2020-08-01,2020-07-22,98292460,800.723,1777343536.872
2020-07,2020-07-01,2020-08-01,2020-07-23,96149200,800.723,1777343536.872
2020-07,2020-07-01,2020-08-01,2020-07-24,100799324,800.723,1777343536.872
2020-07,2020-07-01,2020-08-01,2020-07-25,71508285,800.723,1777343536.872
2020-07,2020-07-01,2020-08-01,2020-07-26,54734368,800.723,1777343536.872
2020-07,2020-07-01,2020-08-01,2020-07-27,92257873,800.723,1777343536.872
2020-07,2020-07-01,2020-08-01,2020-07-28,95153170,800.723,1777343536.872
2020-07,2020-07-01,2020-08-01,2020-07-29,97314176,800.723,1777343536.872
2020-07,2020-07-01,2020-08-01,2020-07-30,98390061,800.723,1777343536.872
2020-07,2020-07-01,2020-08-01,2020-07-31,101885263,800.723,1777343536.872
2020-08,2020-08-01,2020-09-01,2020-08-01,74466377,809.335,1777344422.438
2020-08,2020-08-01,2020-09-01,2020-08-02,62906083,809.335,1777344422.438
2020-08,2020-08-01,2020-09-01,2020-08-03,85085405,809.335,1777344422.438
2020-08,2020-08-01,2020-09-01,2020-08-04,87162615,809.335,1777344422.438
2020-08,2020-08-01,2020-09-01,2020-08-05,89103783,809.335,1777344422.438
2020-08,2020-08-01,2020-09-01,2020-08-06,70848003,809.335,1777344422.438
2020-08,2020-08-01,2020-09-01,2020-08-08,45858809,809.335,1777344422.438
2020-08,2020-08-01,2020-09-01,2020-08-09,37292786,809.335,1777344422.438
2020-08,2020-08-01,2020-09-01,2020-08-10,69066317,809.335,1777344422.438
2020-08,2020-08-01,2020-09-01,2020-08-11,70689930,809.335,1777344422.438
2020-08,2020-08-01,2020-09-01,2020-08-12,72215326,809.335,1777344422.438
2020-08,2020-08-01,2020-09-01,2020-08-13,73393523,809.335,1777344422.438
2020-08,2020-08-01,2020-09-01,2020-08-14,76633205,809.335,1777344422.438
2020-08,2020-08-01,2020-09-01,2020-08-15,51850363,809.335,1777344422.438
2020-08,2020-08-01,2020-09-01,2020-08-16,39706127,809.335,1777344422.438
2020-08,2020-08-01,2020-09-01,2020-08-17,70333919,809.335,1777344422.438
2020-08,2020-08-01,2020-09-01,2020-08-18,72982372,809.335,1777344422.438
2020-08,2020-08-01,2020-09-01,2020-08-19,73344524,809.335,1777344422.438
2020-08,2020-08-01,2020-09-01,2020-08-20,74876462,809.335,1777344422.438
2020-08,2020-08-01,2020-09-01,2020-08-21,78851333,809.335,1777344422.438
2020-08,2020-08-01,2020-09-01,2020-08-22,50414656,809.335,1777344422.438
2020-08,2020-08-01,2020-09-01,2020-08-23,41090426,809.335,1777344422.438
2020-08,2020-08-01,2020-09-01,2020-08-24,72743985,809.335,1777344422.438
2020-08,2020-08-01,2020-09-01,2020-08-25,74927084,809.335,1777344422.438
2020-08,2020-08-01,2020-09-01,2020-08-26,77098933,809.335,1777344422.438
2020-08,2020-08-01,2020-09-01,2020-08-27,77042441,809.335,1777344422.438
2020-08,2020-08-01,2020-09-01,2020-08-28,82739171,809.335,1777344422.438
2020-08,2020-08-01,2020-09-01,2020-08-29,57498297,809.335,1777344422.438
2020-08,2020-08-01,2020-09-01,2020-08-30,43273397,809.335,1777344422.438
2020-08,2020-08-01,2020-09-01,2020-08-31,74022498,809.335,1777344422.438
2020-09,2020-09-01,2020-10-01,2020-09-01,77530028,793.635,1777345293.246
2020-09,2020-09-01,2020-10-01,2020-09-02,78844399,793.635,1777345293.246
2020-09,2020-09-01,2020-10-01,2020-09-03,79934629,793.635,1777345293.246
2020-09,2020-09-01,2020-10-01,2020-09-04,84375807,793.635,1777345293.246
2020-09,2020-09-01,2020-10-01,2020-09-05,60030915,793.635,1777345293.246
2020-09,2020-09-01,2020-10-01,2020-09-06,47577686,793.635,1777345293.246
2020-09,2020-09-01,2020-10-01,2020-09-07,76351962,793.635,1777345293.246
2020-09,2020-09-01,2020-10-01,2020-09-08,77435657,793.635,1777345293.246
2020-09,2020-09-01,2020-10-01,2020-09-09,80600198,793.635,1777345293.246
2020-09,2020-09-01,2020-10-01,2020-09-10,81953864,793.635,1777345293.246
2020-09,2020-09-01,2020-10-01,2020-09-11,85600144,793.635,1777345293.246
2020-09,2020-09-01,2020-10-01,2020-09-12,55839492,793.635,1777345293.246
2020-09,2020-09-01,2020-10-01,2020-09-13,47446308,793.635,1777345293.246
2020-09,2020-09-01,2020-10-01,2020-09-14,78740222,793.635,1777345293.246
2020-09,2020-09-01,2020-10-01,2020-09-15,82645416,793.635,1777345293.246
2020-09,2020-09-01,2020-10-01,2020-09-16,84819777,793.635,1777345293.246
2020-09,2020-09-01,2020-10-01,2020-09-17,84734593,793.635,1777345293.246
2020-09,2020-09-01,2020-10-01,2020-09-18,89615524,793.635,1777345293.246
2020-09,2020-09-01,2020-10-01,2020-09-19,63956197,793.635,1777345293.246
2020-09,2020-09-01,2020-10-01,2020-09-20,50926545,793.635,1777345293.246
2020-09,2020-09-01,2020-10-01,2020-09-21,81651521,793.635,1777345293.246
2020-09,2020-09-01,2020-10-01,2020-09-22,83689027,793.635,1777345293.246
2020-09,2020-09-01,2020-10-01,2020-09-23,85389765,793.635,1777345293.246
2020-09,2020-09-01,2020-10-01,2020-09-24,86703309,793.635,1777345293.246
2020-09,2020-09-01,2020-10-01,2020-09-26,62879961,793.635,1777345293.246
2020-09,2020-09-01,2020-10-01,2020-09-27,51708579,793.635,1777345293.246
2020-09,2020-09-01,2020-10-01,2020-09-28,85272114,793.635,1777345293.246
2020-09,2020-09-01,2020-10-01,2020-09-29,90437226,793.635,1777345293.246
2020-09,2020-09-01,2020-10-01,2020-09-30,91088960,793.635,1777345293.246
2020-10,2020-10-01,2020-11-01,2020-10-01,94495685,826.875,1777346196.104
2020-10,2020-10-01,2020-11-01,2020-10-02,98280682,826.875,1777346196.104
2020-10,2020-10-01,2020-11-01,2020-10-03,70571305,826.875,1777346196.104
2020-10,2020-10-01,2020-11-01,2020-10-04,54186909,826.875,1777346196.104
2020-10,2020-10-01,2020-11-01,2020-10-05,87211346,826.875,1777346196.104
2020-10,2020-10-01,2020-11-01,2020-10-06,90940696,826.875,1777346196.104
2020-10,2020-10-01,2020-11-01,2020-10-07,93487142,826.875,1777346196.104
2020-10,2020-10-01,2020-11-01,2020-10-08,92809932,826.875,1777346196.104
2020-10,2020-10-01,2020-11-01,2020-10-09,99151758,826.875,1777346196.104
2020-10,2020-10-01,2020-11-01,2020-10-10,72547903,826.875,1777346196.104
2020-10,2020-10-01,2020-11-01,2020-10-11,57814458,826.875,1777346196.104
2020-10,2020-10-01,2020-11-01,2020-10-12,95684233,826.875,1777346196.104
2020-10,2020-10-01,2020-11-01,2020-10-13,98921061,826.875,1777346196.104
2020-10,2020-10-01,2020-11-01,2020-10-14,102033969,826.875,1777346196.104
2020-10,2020-10-01,2020-11-01,2020-10-15,101044730,826.875,1777346196.104
2020-10,2020-10-01,2020-11-01,2020-10-16,106305540,826.875,1777346196.104
2020-10,2020-10-01,2020-11-01,2020-10-17,67250834,826.875,1777346196.104
2020-10,2020-10-01,2020-11-01,2020-10-18,57589324,826.875,1777346196.104
2020-10,2020-10-01,2020-11-01,2020-10-19,107881334,826.875,1777346196.104
2020-10,2020-10-01,2020-11-01,2020-10-20,110897912,826.875,1777346196.104
2020-10,2020-10-01,2020-11-01,2020-10-21,112096217,826.875,1777346196.104
2020-10,2020-10-01,2020-11-01,2020-10-22,118683673,826.875,1777346196.104
2020-10,2020-10-01,2020-11-01,2020-10-23,86767059,826.875,1777346196.104
2020-10,2020-10-01,2020-11-01,2020-10-24,78391031,826.875,1777346196.104
2020-10,2020-10-01,2020-11-01,2020-10-25,69339801,826.875,1777346196.104
2020-10,2020-10-01,2020-11-01,2020-10-26,106287927,826.875,1777346196.104
2020-10,2020-10-01,2020-11-01,2020-10-27,109835908,826.875,1777346196.104
2020-10,2020-10-01,2020-11-01,2020-10-28,122859636,826.875,1777346196.104
2020-10,2020-10-01,2020-11-01,2020-10-29,123146962,826.875,1777346196.104
2020-10,2020-10-01,2020-11-01,2020-10-30,130059745,826.875,1777346196.104
2020-10,2020-10-01,2020-11-01,2020-10-31,104807881,826.875,1777346196.104
2020-11,2020-11-01,2020-12-01,2020-11-01,90052782,778.372,1777347052.614
2020-11,2020-11-01,2020-12-01,2020-11-02,116782826,778.372,1777347052.614
2020-11,2020-11-01,2020-12-01,2020-11-03,91593003,778.372,1777347052.614
2020-11,2020-11-01,2020-12-01,2020-11-04,118088887,778.372,1777347052.614
2020-11,2020-11-01,2020-12-01,2020-11-05,123275789,778.372,1777347052.614
2020-11,2020-11-01,2020-12-01,2020-11-06,130123208,778.372,1777347052.614
2020-11,2020-11-01,2020-12-01,2020-11-07,108723847,778.372,1777347052.614
2020-11,2020-11-01,2020-12-01,2020-11-08,92432254,778.372,1777347052.614
2020-11,2020-11-01,2020-12-01,2020-11-09,125233351,778.372,1777347052.614
2020-11,2020-11-01,2020-12-01,2020-11-10,128172366,778.372,1777347052.614
2020-11,2020-11-01,2020-12-01,2020-11-11,125563750,778.372,1777347052.614
2020-11,2020-11-01,2020-12-01,2020-11-12,131271231,778.372,1777347052.614
2020-11,2020-11-01,2020-12-01,2020-11-13,138113325,778.372,1777347052.614
2020-11,2020-11-01,2020-12-01,2020-11-14,116971579,778.372,1777347052.614
2020-11,2020-11-01,2020-12-01,2020-11-15,96565229,778.372,1777347052.614
2020-11,2020-11-01,2020-12-01,2020-11-16,122084112,778.372,1777347052.614
2020-11,2020-11-01,2020-12-01,2020-11-17,127600240,778.372,1777347052.614
2020-11,2020-11-01,2020-12-01,2020-11-18,131413599,778.372,1777347052.614
2020-11,2020-11-01,2020-12-01,2020-11-19,133806290,778.372,1777347052.614
2020-11,2020-11-01,2020-12-01,2020-11-20,139865855,778.372,1777347052.614
2020-11,2020-11-01,2020-12-01,2020-11-21,119037622,778.372,1777347052.614
2020-11,2020-11-01,2020-12-01,2020-11-22,96610450,778.372,1777347052.614
2020-11,2020-11-01,2020-12-01,2020-11-23,123718019,778.372,1777347052.614
2020-11,2020-11-01,2020-12-01,2020-11-24,129387885,778.372,1777347052.614
2020-11,2020-11-01,2020-12-01,2020-11-25,134328205,778.372,1777347052.614
2020-11,2020-11-01,2020-12-01,2020-11-26,137189784,778.372,1777347052.614
2020-11,2020-11-01,2020-12-01,2020-11-27,144532425,778.372,1777347052.614
2020-11,2020-11-01,2020-12-01,2020-11-28,121627949,778.372,1777347052.614
2020-11,2020-11-01,2020-12-01,2020-11-29,101051040,778.372,1777347052.614
2020-11,2020-11-01,2020-12-01,2020-11-30,128797637,778.372,1777347052.614
2020-12,2020-12-01,2021-01-01,2020-12-01,130509379,852.545,1777347981.013
2020-12,2020-12-01,2021-01-01,2020-12-02,135275575,852.545,1777347981.013
2020-12,2020-12-01,2021-01-01,2020-12-03,138507033,852.545,1777347981.013
2020-12,2020-12-01,2021-01-01,2020-12-04,144827961,852.545,1777347981.013
2020-12,2020-12-01,2021-01-01,2020-12-05,120573315,852.545,1777347981.013
2020-12,2020-12-01,2021-01-01,2020-12-06,102100898,852.545,1777347981.013
2020-12,2020-12-01,2021-01-01,2020-12-07,126327767,852.545,1777347981.013
2020-12,2020-12-01,2021-01-01,2020-12-08,132818715,852.545,1777347981.013
2020-12,2020-12-01,2021-01-01,2020-12-09,137452845,852.545,1777347981.013
2020-12,2020-12-01,2021-01-01,2020-12-10,141002415,852.545,1777347981.013
2020-12,2020-12-01,2021-01-01,2020-12-11,147125277,852.545,1777347981.013
2020-12,2020-12-01,2021-01-01,2020-12-12,127569252,852.545,1777347981.013
2020-12,2020-12-01,2021-01-01,2020-12-13,108613318,852.545,1777347981.013
2020-12,2020-12-01,2021-01-01,2020-12-14,132620130,852.545,1777347981.013
2020-12,2020-12-01,2021-01-01,2020-12-15,136832884,852.545,1777347981.013
2020-12,2020-12-01,2021-01-01,2020-12-16,141272811,852.545,1777347981.013
2020-12,2020-12-01,2021-01-01,2020-12-17,143610808,852.545,1777347981.013
2020-12,2020-12-01,2021-01-01,2020-12-18,148658715,852.545,1777347981.013
2020-12,2020-12-01,2021-01-01,2020-12-19,127626432,852.545,1777347981.013
2020-12,2020-12-01,2021-01-01,2020-12-20,109582835,852.545,1777347981.013
2020-12,2020-12-01,2021-01-01,2020-12-21,133664626,852.545,1777347981.013
2020-12,2020-12-01,2021-01-01,2020-12-22,134923674,852.545,1777347981.013
2020-12,2020-12-01,2021-01-01,2020-12-23,140691173,852.545,1777347981.013
2020-12,2020-12-01,2021-01-01,2020-12-24,127708023,852.545,1777347981.013
2020-12,2020-12-01,2021-01-01,2020-12-25,83373372,852.545,1777347981.013
2020-12,2020-12-01,2021-01-01,2020-12-26,95219314,852.545,1777347981.013
2020-12,2020-12-01,2021-01-01,2020-12-27,89181829,852.545,1777347981.013
2020-12,2020-12-01,2021-01-01,2020-12-28,93100985,852.545,1777347981.013
2020-12,2020-12-01,2021-01-01,2020-12-29,108599279,852.545,1777347981.013
2020-12,2020-12-01,2021-01-01,2020-12-30,110420934,852.545,1777347981.013
2020-12,2020-12-01,2021-01-01,2020-12-31,106412984,852.545,1777347981.013
2021-01,2021-01-01,2021-02-01,2021-01-01,80526877,836.818,1777348896.199
2021-01,2021-01-01,2021-02-01,2021-01-02,91499122,836.818,1777348896.199
2021-01,2021-01-01,2021-02-01,2021-01-03,84451374,836.818,1777348896.199
2021-01,2021-01-01,2021-02-01,2021-01-04,103013374,836.818,1777348896.199
2021-01,2021-01-01,2021-02-01,2021-01-05,105703404,836.818,1777348896.199
2021-01,2021-01-01,2021-02-01,2021-01-06,111243235,836.818,1777348896.199
2021-01,2021-01-01,2021-02-01,2021-01-07,115461036,836.818,1777348896.199
2021-01,2021-01-01,2021-02-01,2021-01-08,121026853,836.818,1777348896.199
2021-01,2021-01-01,2021-02-01,2021-01-09,109339095,836.818,1777348896.199
2021-01,2021-01-01,2021-02-01,2021-01-10,97614133,836.818,1777348896.199
2021-01,2021-01-01,2021-02-01,2021-01-11,112948718,836.818,1777348896.199
2021-01,2021-01-01,2021-02-01,2021-01-12,121041372,836.818,1777348896.199
2021-01,2021-01-01,2021-02-01,2021-01-13,123800122,836.818,1777348896.199
2021-01,2021-01-01,2021-02-01,2021-01-14,127598225,836.818,1777348896.199
2021-01,2021-01-01,2021-02-01,2021-01-15,130520666,836.818,1777348896.199
2021-01,2021-01-01,2021-02-01,2021-01-16,113160460,836.818,1777348896.199
2021-01,2021-01-01,2021-02-01,2021-01-17,100430088,836.818,1777348896.199
2021-01,2021-01-01,2021-02-01,2021-01-18,122487291,836.818,1777348896.199
2021-01,2021-01-01,2021-02-01,2021-01-19,127373408,836.818,1777348896.199
2021-01,2021-01-01,2021-02-01,2021-01-20,131448099,836.818,1777348896.199
2021-01,2021-01-01,2021-02-01,2021-01-21,134125330,836.818,1777348896.199
2021-01,2021-01-01,2021-02-01,2021-01-22,138260833,836.818,1777348896.199
2021-01,2021-01-01,2021-02-01,2021-01-23,117469715,836.818,1777348896.199
2021-01,2021-01-01,2021-02-01,2021-01-24,97587020,836.818,1777348896.199
2021-01,2021-01-01,2021-02-01,2021-01-25,112238773,836.818,1777348896.199
2021-01,2021-01-01,2021-02-01,2021-01-26,92325475,836.818,1777348896.199
2021-01,2021-01-01,2021-02-01,2021-01-27,132171689,836.818,1777348896.199
2021-01,2021-01-01,2021-02-01,2021-01-28,134586157,836.818,1777348896.199
2021-01,2021-01-01,2021-02-01,2021-01-29,134515983,836.818,1777348896.199
2021-01,2021-01-01,2021-02-01,2021-01-30,121612836,836.818,1777348896.199
2021-01,2021-01-01,2021-02-01,2021-01-31,104374906,836.818,1777348896.199
2021-02,2021-02-01,2021-03-01,2021-02-01,129376713,856.797,1777349830.66
2021-02,2021-02-01,2021-03-01,2021-02-02,133175939,856.797,1777349830.66
2021-02,2021-02-01,2021-03-01,2021-02-03,136908021,856.797,1777349830.66
2021-02,2021-02-01,2021-03-01,2021-02-04,137806398,856.797,1777349830.66
2021-02,2021-02-01,2021-03-01,2021-02-05,139337171,856.797,1777349830.66
2021-02,2021-02-01,2021-03-01,2021-02-06,123822657,856.797,1777349830.66
2021-02,2021-02-01,2021-03-01,2021-02-07,102678061,856.797,1777349830.66
2021-02,2021-02-01,2021-03-01,2021-02-08,127877137,856.797,1777349830.66
2021-02,2021-02-01,2021-03-01,2021-02-09,134362132,856.797,1777349830.66
2021-02,2021-02-01,2021-03-01,2021-02-10,137909969,856.797,1777349830.66
2021-02,2021-02-01,2021-03-01,2021-02-11,139137196,856.797,1777349830.66
2021-02,2021-02-01,2021-03-01,2021-02-12,151500359,856.797,1777349830.66
2021-02,2021-02-01,2021-03-01,2021-02-13,51173714,856.797,1777349830.66
2021-02,2021-02-01,2021-03-01,2021-02-14,45418017,856.797,1777349830.66
2021-02,2021-02-01,2021-03-01,2021-02-15,71395034,856.797,1777349830.66
2021-02,2021-02-01,2021-03-01,2021-02-16,73879561,856.797,1777349830.66
2021-02,2021-02-01,2021-03-01,2021-02-17,77478169,856.797,1777349830.66
2021-02,2021-02-01,2021-03-01,2021-02-18,140211032,856.797,1777349830.66
2021-02,2021-02-01,2021-03-01,2021-02-19,143966006,856.797,1777349830.66
2021-02,2021-02-01,2021-03-01,2021-02-20,126567124,856.797,1777349830.66
2021-02,2021-02-01,2021-03-01,2021-02-21,106264423,856.797,1777349830.66
2021-02,2021-02-01,2021-03-01,2021-02-22,128918126,856.797,1777349830.66
2021-02,2021-02-01,2021-03-01,2021-02-23,133926540,856.797,1777349830.66
2021-02,2021-02-01,2021-03-01,2021-02-24,136976217,856.797,1777349830.66
2021-02,2021-02-01,2021-03-01,2021-02-25,139454841,856.797,1777349830.66
2021-02,2021-02-01,2021-03-01,2021-02-26,144967138,856.797,1777349830.66
2021-02,2021-02-01,2021-03-01,2021-02-27,127816838,856.797,1777349830.66
2021-02,2021-02-01,2021-03-01,2021-02-28,109525698,856.797,1777349830.66
2021-03,2021-03-01,2021-04-01,2021-03-01,130678263,824.505,1777350731.467
2021-03,2021-03-01,2021-04-01,2021-03-02,134335582,824.505,1777350731.467
2021-03,2021-03-01,2021-04-01,2021-03-03,137178868,824.505,1777350731.467
2021-03,2021-03-01,2021-04-01,2021-03-04,139938190,824.505,1777350731.467
2021-03,2021-03-01,2021-04-01,2021-03-05,144544239,824.505,1777350731.467
2021-03,2021-03-01,2021-04-01,2021-03-06,119092333,824.505,1777350731.467
2021-03,2021-03-01,2021-04-01,2021-03-07,103141364,824.505,1777350731.467
2021-03,2021-03-01,2021-04-01,2021-03-08,92619033,824.505,1777350731.467
2021-03,2021-03-01,2021-04-01,2021-03-09,131237975,824.505,1777350731.467
2021-03,2021-03-01,2021-04-01,2021-03-10,136724070,824.505,1777350731.467
2021-03,2021-03-01,2021-04-01,2021-03-11,138917530,824.505,1777350731.467
2021-03,2021-03-01,2021-04-01,2021-03-12,144958477,824.505,1777350731.467
2021-03,2021-03-01,2021-04-01,2021-03-13,121325406,824.505,1777350731.467
2021-03,2021-03-01,2021-04-01,2021-03-14,105988042,824.505,1777350731.467
2021-03,2021-03-01,2021-04-01,2021-03-15,129525852,824.505,1777350731.467
2021-03,2021-03-01,2021-04-01,2021-03-16,134772427,824.505,1777350731.467
2021-03,2021-03-01,2021-04-01,2021-03-17,137847917,824.505,1777350731.467
2021-03,2021-03-01,2021-04-01,2021-03-18,140207027,824.505,1777350731.467
2021-03,2021-03-01,2021-04-01,2021-03-19,145205808,824.505,1777350731.467
2021-03,2021-03-01,2021-04-01,2021-03-20,126534397,824.505,1777350731.467
2021-03,2021-03-01,2021-04-01,2021-03-21,101630973,824.505,1777350731.467
2021-03,2021-03-01,2021-04-01,2021-03-22,127464137,824.505,1777350731.467
2021-03,2021-03-01,2021-04-01,2021-03-23,133235441,824.505,1777350731.467
2021-03,2021-03-01,2021-04-01,2021-03-24,136137112,824.505,1777350731.467
2021-03,2021-03-01,2021-04-01,2021-03-25,140041019,824.505,1777350731.467
2021-03,2021-03-01,2021-04-01,2021-03-26,145682907,824.505,1777350731.467
2021-03,2021-03-01,2021-04-01,2021-03-27,125268585,824.505,1777350731.467
2021-03,2021-03-01,2021-04-01,2021-03-28,106359820,824.505,1777350731.467
2021-03,2021-03-01,2021-04-01,2021-03-29,130201561,824.505,1777350731.467
2021-03,2021-03-01,2021-04-01,2021-03-30,136867367,824.505,1777350731.467
2021-03,2021-03-01,2021-04-01,2021-03-31,141889269,824.505,1777350731.467
2021-04,2021-04-01,2021-05-01,2021-04-01,148831647,817.819,1777351625.526
2021-04,2021-04-01,2021-05-01,2021-04-02,90582944,817.819,1777351625.526
2021-04,2021-04-01,2021-05-01,2021-04-03,105681664,817.819,1777351625.526
2021-04,2021-04-01,2021-05-01,2021-04-04,93373896,817.819,1777351625.526
2021-04,2021-04-01,2021-05-01,2021-04-05,91645741,817.819,1777351625.526
2021-04,2021-04-01,2021-05-01,2021-04-06,123299165,817.819,1777351625.526
2021-04,2021-04-01,2021-05-01,2021-04-07,129188339,817.819,1777351625.526
2021-04,2021-04-01,2021-05-01,2021-04-08,133941644,817.819,1777351625.526
2021-04,2021-04-01,2021-05-01,2021-04-09,137141692,817.819,1777351625.526
2021-04,2021-04-01,2021-05-01,2021-04-10,118823993,817.819,1777351625.526
2021-04,2021-04-01,2021-05-01,2021-04-11,97213108,817.819,1777351625.526
2021-04,2021-04-01,2021-05-01,2021-04-12,125457062,817.819,1777351625.526
2021-04,2021-04-01,2021-05-01,2021-04-13,130391132,817.819,1777351625.526
2021-04,2021-04-01,2021-05-01,2021-04-14,133147477,817.819,1777351625.526
2021-04,2021-04-01,2021-05-01,2021-04-15,136113764,817.819,1777351625.526
2021-04,2021-04-01,2021-05-01,2021-04-16,140121513,817.819,1777351625.526
2021-04,2021-04-01,2021-05-01,2021-04-17,123693020,817.819,1777351625.526
2021-04,2021-04-01,2021-05-01,2021-04-18,104539358,817.819,1777351625.526
2021-04,2021-04-01,2021-05-01,2021-04-19,128487340,817.819,1777351625.526
2021-04,2021-04-01,2021-05-01,2021-04-20,131686625,817.819,1777351625.526
2021-04,2021-04-01,2021-05-01,2021-04-21,137443755,817.819,1777351625.526
2021-04,2021-04-01,2021-05-01,2021-04-22,139512076,817.819,1777351625.526
2021-04,2021-04-01,2021-05-01,2021-04-23,144288293,817.819,1777351625.526
2021-04,2021-04-01,2021-05-01,2021-04-24,124126053,817.819,1777351625.526
2021-04,2021-04-01,2021-05-01,2021-04-25,100482517,817.819,1777351625.526
2021-04,2021-04-01,2021-05-01,2021-04-26,127839096,817.819,1777351625.526
2021-04,2021-04-01,2021-05-01,2021-04-27,134868344,817.819,1777351625.526
2021-04,2021-04-01,2021-05-01,2021-04-28,138378593,817.819,1777351625.526
2021-04,2021-04-01,2021-05-01,2021-04-29,141011664,817.819,1777351625.526
2021-04,2021-04-01,2021-05-01,2021-04-30,145687304,817.819,1777351625.526
2021-05,2021-05-01,2021-06-01,2021-05-01,127631247,848.386,1777352549.404
2021-05,2021-05-01,2021-06-01,2021-05-02,106713101,848.386,1777352549.404
2021-05,2021-05-01,2021-06-01,2021-05-03,128692401,848.386,1777352549.404
2021-05,2021-05-01,2021-06-01,2021-05-04,132511579,848.386,1777352549.404
2021-05,2021-05-01,2021-06-01,2021-05-05,137503595,848.386,1777352549.404
2021-05,2021-05-01,2021-06-01,2021-05-06,140942070,848.386,1777352549.404
2021-05,2021-05-01,2021-06-01,2021-05-07,146930608,848.386,1777352549.404
2021-05,2021-05-01,2021-06-01,2021-05-08,130074153,848.386,1777352549.404
2021-05,2021-05-01,2021-06-01,2021-05-09,111423651,848.386,1777352549.404
2021-05,2021-05-01,2021-06-01,2021-05-10,127585420,848.386,1777352549.404
2021-05,2021-05-01,2021-06-01,2021-05-11,133779369,848.386,1777352549.404
2021-05,2021-05-01,2021-06-01,2021-05-12,138019840,848.386,1777352549.404
2021-05,2021-05-01,2021-06-01,2021-05-13,138603216,848.386,1777352549.404
2021-05,2021-05-01,2021-06-01,2021-05-14,143398674,848.386,1777352549.404
2021-05,2021-05-01,2021-06-01,2021-05-15,123845427,848.386,1777352549.404
2021-05,2021-05-01,2021-06-01,2021-05-16,104089166,848.386,1777352549.404
2021-05,2021-05-01,2021-06-01,2021-05-17,128792184,848.386,1777352549.404
2021-05,2021-05-01,2021-06-01,2021-05-18,134214537,848.386,1777352549.404
2021-05,2021-05-01,2021-06-01,2021-05-19,137835715,848.386,1777352549.404
2021-05,2021-05-01,2021-06-01,2021-05-20,139565106,848.386,1777352549.404
2021-05,2021-05-01,2021-06-01,2021-05-21,145252496,848.386,1777352549.404
2021-05,2021-05-01,2021-06-01,2021-05-22,128946887,848.386,1777352549.404
2021-05,2021-05-01,2021-06-01,2021-05-23,108480592,848.386,1777352549.404
2021-05,2021-05-01,2021-06-01,2021-05-24,128332859,848.386,1777352549.404
2021-05,2021-05-01,2021-06-01,2021-05-25,130939343,848.386,1777352549.404
2021-05,2021-05-01,2021-06-01,2021-05-26,131315639,848.386,1777352549.404
2021-05,2021-05-01,2021-06-01,2021-05-27,139742070,848.386,1777352549.404
2021-05,2021-05-01,2021-06-01,2021-05-28,82773457,848.386,1777352549.404
2021-05,2021-05-01,2021-06-01,2021-05-29,55061324,848.386,1777352549.404
2021-05,2021-05-01,2021-06-01,2021-05-30,46547102,848.386,1777352549.404
2021-05,2021-05-01,2021-06-01,2021-05-31,82805570,848.386,1777352549.404
2021-06,2021-06-01,2021-07-01,2021-06-01,84666617,815.445,1777353441.22
2021-06,2021-06-01,2021-07-01,2021-06-02,87466510,815.445,1777353441.22
2021-06,2021-06-01,2021-07-01,2021-06-03,90180603,815.445,1777353441.22
2021-06,2021-06-01,2021-07-01,2021-06-04,100192380,815.445,1777353441.22
2021-06,2021-06-01,2021-07-01,2021-06-05,71357227,815.445,1777353441.22
2021-06,2021-06-01,2021-07-01,2021-06-06,57559667,815.445,1777353441.22
2021-06,2021-06-01,2021-07-01,2021-06-07,93633432,815.445,1777353441.22
2021-06,2021-06-01,2021-07-01,2021-06-08,93006547,815.445,1777353441.22
2021-06,2021-06-01,2021-07-01,2021-06-09,92712616,815.445,1777353441.22
2021-06,2021-06-01,2021-07-01,2021-06-10,94996311,815.445,1777353441.22
2021-06,2021-06-01,2021-07-01,2021-06-11,128693350,815.445,1777353441.22
2021-06,2021-06-01,2021-07-01,2021-06-12,103806777,815.445,1777353441.22
2021-06,2021-06-01,2021-07-01,2021-06-13,88688405,815.445,1777353441.22
2021-06,2021-06-01,2021-07-01,2021-06-14,82713500,815.445,1777353441.22
2021-06,2021-06-01,2021-07-01,2021-06-15,120660237,815.445,1777353441.22
2021-06,2021-06-01,2021-07-01,2021-06-16,123358222,815.445,1777353441.22
2021-06,2021-06-01,2021-07-01,2021-06-17,127090696,815.445,1777353441.22
2021-06,2021-06-01,2021-07-01,2021-06-18,136971980,815.445,1777353441.22
2021-06,2021-06-01,2021-07-01,2021-06-19,118692508,815.445,1777353441.22
2021-06,2021-06-01,2021-07-01,2021-06-20,99271423,815.445,1777353441.22
2021-06,2021-06-01,2021-07-01,2021-06-21,125350306,815.445,1777353441.22
2021-06,2021-06-01,2021-07-01,2021-06-22,129073900,815.445,1777353441.22
2021-06,2021-06-01,2021-07-01,2021-06-23,131135031,815.445,1777353441.22
2021-06,2021-06-01,2021-07-01,2021-06-24,134975587,815.445,1777353441.22
2021-06,2021-06-01,2021-07-01,2021-06-25,138968341,815.445,1777353441.22
2021-06,2021-06-01,2021-07-01,2021-06-26,121186861,815.445,1777353441.22
2021-06,2021-06-01,2021-07-01,2021-06-27,101448923,815.445,1777353441.22
2021-06,2021-06-01,2021-07-01,2021-06-28,123139598,815.445,1777353441.22
2021-06,2021-06-01,2021-07-01,2021-06-29,129084174,815.445,1777353441.22
2021-06,2021-06-01,2021-07-01,2021-06-30,131636861,815.445,1777353441.22
2021-07,2021-07-01,2021-08-01,2021-07-01,133398177,3438.823,1777356956.524
2021-07,2021-07-01,2021-08-01,2021-07-02,135902026,3438.823,1777356956.524
2021-07,2021-07-01,2021-08-01,2021-07-03,117548296,3438.823,1777356956.524
2021-07,2021-07-01,2021-08-01,2021-07-04,97585903,3438.823,1777356956.524
2021-07,2021-07-01,2021-08-01,2021-07-05,122106623,3438.823,1777356956.524
2021-07,2021-07-01,2021-08-01,2021-07-06,128156325,3438.823,1777356956.524
2021-07,2021-07-01,2021-08-01,2021-07-07,131371999,3438.823,1777356956.524
2021-07,2021-07-01,2021-08-01,2021-07-08,134178342,3438.823,1777356956.524
2021-07,2021-07-01,2021-08-01,2021-07-09,139193363,3438.823,1777356956.524
2021-07,2021-07-01,2021-08-01,2021-07-10,121169613,3438.823,1777356956.524
2021-07,2021-07-01,2021-08-01,2021-07-11,103191170,3438.823,1777356956.524
2021-07,2021-07-01,2021-08-01,2021-07-12,126079343,3438.823,1777356956.524
2021-07,2021-07-01,2021-08-01,2021-07-13,133081330,3438.823,1777356956.524
2021-07,2021-07-01,2021-08-01,2021-07-14,135170805,3438.823,1777356956.524
2021-07,2021-07-01,2021-08-01,2021-07-15,143245306,3438.823,1777356956.524
2021-07,2021-07-01,2021-08-01,2021-07-16,90166172,3438.823,1777356956.524
2021-07,2021-07-01,2021-08-01,2021-07-17,58664258,3438.823,1777356956.524
2021-07,2021-07-01,2021-08-01,2021-07-18,49500968,3438.823,1777356956.524
2021-07,2021-07-01,2021-08-01,2021-07-19,86731479,3438.823,1777356956.524
2021-07,2021-07-01,2021-08-01,2021-07-20,87017882,3438.823,1777356956.524
2021-07,2021-07-01,2021-08-01,2021-07-21,91726287,3438.823,1777356956.524
2021-07,2021-07-01,2021-08-01,2021-07-22,93564151,3438.823,1777356956.524
2021-07,2021-07-01,2021-08-01,2021-07-23,97466104,3438.823,1777356956.524
2021-07,2021-07-01,2021-08-01,2021-07-24,67183010,3438.823,1777356956.524
2021-07,2021-07-01,2021-08-01,2021-07-25,53603809,3438.823,1777356956.524
2021-07,2021-07-01,2021-08-01,2021-07-26,88850783,3438.823,1777356956.524
2021-07,2021-07-01,2021-08-01,2021-07-27,93874520,3438.823,1777356956.524
2021-07,2021-07-01,2021-08-01,2021-07-28,129192289,3438.823,1777356956.524
2021-07,2021-07-01,2021-08-01,2021-07-29,132851870,3438.823,1777356956.524
2021-07,2021-07-01,2021-08-01,2021-07-30,138913247,3438.823,1777356956.524
2021-07,2021-07-01,2021-08-01,2021-07-31,120354583,3438.823,1777356956.524
2021-08,2021-08-01,2021-09-01,2021-08-01,99262195,853.534,1777357938.153
2021-08,2021-08-01,2021-09-01,2021-08-02,125478918,853.534,1777357938.153
2021-08,2021-08-01,2021-09-01,2021-08-03,128900499,853.534,1777357938.153
2021-08,2021-08-01,2021-09-01,2021-08-04,131559451,853.534,1777357938.153
2021-08,2021-08-01,2021-09-01,2021-08-05,134515410,853.534,1777357938.153
2021-08,2021-08-01,2021-09-01,2021-08-06,93336264,853.534,1777357938.153
2021-08,2021-08-01,2021-09-01,2021-08-07,64036017,853.534,1777357938.153
2021-08,2021-08-01,2021-09-01,2021-08-08,53944757,853.534,1777357938.153
2021-08,2021-08-01,2021-09-01,2021-08-09,89330575,853.534,1777357938.153
2021-08,2021-08-01,2021-09-01,2021-08-10,96559550,853.534,1777357938.153
2021-08,2021-08-01,2021-09-01,2021-08-11,97388163,853.534,1777357938.153
2021-08,2021-08-01,2021-09-01,2021-08-12,99807787,853.534,1777357938.153
2021-08,2021-08-01,2021-09-01,2021-08-13,105081224,853.534,1777357938.153
2021-08,2021-08-01,2021-09-01,2021-08-14,76713652,853.534,1777357938.153
2021-08,2021-08-01,2021-09-01,2021-08-15,61855459,853.534,1777357938.153
2021-08,2021-08-01,2021-09-01,2021-08-16,95186007,853.534,1777357938.153
2021-08,2021-08-01,2021-09-01,2021-08-17,92995730,853.534,1777357938.153
2021-08,2021-08-01,2021-09-01,2021-08-18,93985904,853.534,1777357938.153
2021-08,2021-08-01,2021-09-01,2021-08-19,95873302,853.534,1777357938.153
2021-08,2021-08-01,2021-09-01,2021-08-20,99167760,853.534,1777357938.153
2021-08,2021-08-01,2021-09-01,2021-08-21,68804846,853.534,1777357938.153
2021-08,2021-08-01,2021-09-01,2021-08-22,52397374,853.534,1777357938.153
2021-08,2021-08-01,2021-09-01,2021-08-23,85560009,853.534,1777357938.153
2021-08,2021-08-01,2021-09-01,2021-08-24,89806206,853.534,1777357938.153
2021-08,2021-08-01,2021-09-01,2021-08-25,91449230,853.534,1777357938.153
2021-08,2021-08-01,2021-09-01,2021-08-26,93167051,853.534,1777357938.153
2021-08,2021-08-01,2021-09-01,2021-08-27,97257649,853.534,1777357938.153
2021-08,2021-08-01,2021-09-01,2021-08-28,69939212,853.534,1777357938.153
2021-08,2021-08-01,2021-09-01,2021-08-29,52515700,853.534,1777357938.153
2021-08,2021-08-01,2021-09-01,2021-08-30,90421524,853.534,1777357938.153
2021-08,2021-08-01,2021-09-01,2021-08-31,92658057,853.534,1777357938.153
2021-09,2021-09-01,2021-10-01,2021-09-01,95814855,858.059,1777358875.227
2021-09,2021-09-01,2021-10-01,2021-09-02,97466078,858.059,1777358875.227
2021-09,2021-09-01,2021-10-01,2021-09-03,97594833,858.059,1777358875.227
2021-09,2021-09-01,2021-10-01,2021-09-04,72132474,858.059,1777358875.227
2021-09,2021-09-01,2021-10-01,2021-09-05,57767670,858.059,1777358875.227
2021-09,2021-09-01,2021-10-01,2021-09-06,91961298,858.059,1777358875.227
2021-09,2021-09-01,2021-10-01,2021-09-07,94147327,858.059,1777358875.227
2021-09,2021-09-01,2021-10-01,2021-09-08,97639502,858.059,1777358875.227
2021-09,2021-09-01,2021-10-01,2021-09-09,97924596,858.059,1777358875.227
2021-09,2021-09-01,2021-10-01,2021-09-10,104444174,858.059,1777358875.227
2021-09,2021-09-01,2021-10-01,2021-09-11,75084370,858.059,1777358875.227
2021-09,2021-09-01,2021-10-01,2021-09-12,59897552,858.059,1777358875.227
2021-09,2021-09-01,2021-10-01,2021-09-13,93754387,858.059,1777358875.227
2021-09,2021-09-01,2021-10-01,2021-09-14,97911470,858.059,1777358875.227
2021-09,2021-09-01,2021-10-01,2021-09-15,99846976,858.059,1777358875.227
2021-09,2021-09-01,2021-10-01,2021-09-16,100400144,858.059,1777358875.227
2021-09,2021-09-01,2021-10-01,2021-09-17,104825321,858.059,1777358875.227
2021-09,2021-09-01,2021-10-01,2021-09-18,80559804,858.059,1777358875.227
2021-09,2021-09-01,2021-10-01,2021-09-19,65245441,858.059,1777358875.227
2021-09,2021-09-01,2021-10-01,2021-09-20,94369296,858.059,1777358875.227
2021-09,2021-09-01,2021-10-01,2021-09-21,95555323,858.059,1777358875.227
2021-09,2021-09-01,2021-10-01,2021-09-22,94241555,858.059,1777358875.227
2021-09,2021-09-01,2021-10-01,2021-09-23,102090294,858.059,1777358875.227
2021-09,2021-09-01,2021-10-01,2021-09-24,74953093,858.059,1777358875.227
2021-09,2021-09-01,2021-10-01,2021-09-25,73455439,858.059,1777358875.227
2021-09,2021-09-01,2021-10-01,2021-09-26,65856483,858.059,1777358875.227
2021-09,2021-09-01,2021-10-01,2021-09-27,94232103,858.059,1777358875.227
2021-09,2021-09-01,2021-10-01,2021-09-28,97310242,858.059,1777358875.227
2021-09,2021-09-01,2021-10-01,2021-09-29,96730997,858.059,1777358875.227
2021-09,2021-09-01,2021-10-01,2021-09-30,96236616,858.059,1777358875.227
2021-10,2021-10-01,2021-11-01,2021-10-01,102422583,868.911,1777359825.412
2021-10,2021-10-01,2021-11-01,2021-10-02,82582086,868.911,1777359825.412
2021-10,2021-10-01,2021-11-01,2021-10-03,68789966,868.911,1777359825.412
2021-10,2021-10-01,2021-11-01,2021-10-04,92797252,868.911,1777359825.412
2021-10,2021-10-01,2021-11-01,2021-10-05,100538370,868.911,1777359825.412
2021-10,2021-10-01,2021-11-01,2021-10-06,106586960,868.911,1777359825.412
2021-10,2021-10-01,2021-11-01,2021-10-07,106440748,868.911,1777359825.412
2021-10,2021-10-01,2021-11-01,2021-10-08,113394390,868.911,1777359825.412
2021-10,2021-10-01,2021-11-01,2021-10-09,90158080,868.911,1777359825.412
2021-10,2021-10-01,2021-11-01,2021-10-10,72617080,868.911,1777359825.412
2021-10,2021-10-01,2021-11-01,2021-10-11,100261921,868.911,1777359825.412
2021-10,2021-10-01,2021-11-01,2021-10-12,106642057,868.911,1777359825.412
2021-10,2021-10-01,2021-11-01,2021-10-13,106573588,868.911,1777359825.412
2021-10,2021-10-01,2021-11-01,2021-10-14,108544340,868.911,1777359825.412
2021-10,2021-10-01,2021-11-01,2021-10-15,110124630,868.911,1777359825.412
2021-10,2021-10-01,2021-11-01,2021-10-16,86771846,868.911,1777359825.412
2021-10,2021-10-01,2021-11-01,2021-10-17,75612275,868.911,1777359825.412
2021-10,2021-10-01,2021-11-01,2021-10-18,102440266,868.911,1777359825.412
2021-10,2021-10-01,2021-11-01,2021-10-19,106591169,868.911,1777359825.412
2021-10,2021-10-01,2021-11-01,2021-10-20,111528357,868.911,1777359825.412
2021-10,2021-10-01,2021-11-01,2021-10-21,111562310,868.911,1777359825.412
2021-10,2021-10-01,2021-11-01,2021-10-22,133804832,868.911,1777359825.412
2021-10,2021-10-01,2021-11-01,2021-10-23,108363925,868.911,1777359825.412
2021-10,2021-10-01,2021-11-01,2021-10-24,91335101,868.911,1777359825.412
2021-10,2021-10-01,2021-11-01,2021-10-25,114411564,868.911,1777359825.412
2021-10,2021-10-01,2021-11-01,2021-10-26,121620179,868.911,1777359825.412
2021-10,2021-10-01,2021-11-01,2021-10-27,127148046,868.911,1777359825.412
2021-10,2021-10-01,2021-11-01,2021-10-28,124194607,868.911,1777359825.412
2021-10,2021-10-01,2021-11-01,2021-10-29,126393247,868.911,1777359825.412
2021-10,2021-10-01,2021-11-01,2021-10-30,117882406,868.911,1777359825.412
2021-10,2021-10-01,2021-11-01,2021-10-31,102303861,868.911,1777359825.412
2021-11,2021-11-01,2021-12-01,2021-11-01,122302113,803.736,1777360705.845
2021-11,2021-11-01,2021-12-01,2021-11-02,102546195,803.736,1777360705.845
2021-11,2021-11-01,2021-12-01,2021-11-03,127288528,803.736,1777360705.845
2021-11,2021-11-01,2021-12-01,2021-11-04,135678708,803.736,1777360705.845
2021-11,2021-11-01,2021-12-01,2021-11-05,143237718,803.736,1777360705.845
2021-11,2021-11-01,2021-12-01,2021-11-06,121674706,803.736,1777360705.845
2021-11,2021-11-01,2021-12-01,2021-11-07,101920688,803.736,1777360705.845
2021-11,2021-11-01,2021-12-01,2021-11-08,129220554,803.736,1777360705.845
2021-11,2021-11-01,2021-12-01,2021-11-09,133508076,803.736,1777360705.845
2021-11,2021-11-01,2021-12-01,2021-11-10,133673430,803.736,1777360705.845
2021-11,2021-11-01,2021-12-01,2021-11-11,139011319,803.736,1777360705.845
2021-11,2021-11-01,2021-12-01,2021-11-12,139047859,803.736,1777360705.845
2021-11,2021-11-01,2021-12-01,2021-11-13,120923144,803.736,1777360705.845
2021-11,2021-11-01,2021-12-01,2021-11-14,101275976,803.736,1777360705.845
2021-11,2021-11-01,2021-12-01,2021-11-15,128693717,803.736,1777360705.845
2021-11,2021-11-01,2021-12-01,2021-11-16,133552888,803.736,1777360705.845
2021-11,2021-11-01,2021-12-01,2021-11-17,138218043,803.736,1777360705.845
2021-11,2021-11-01,2021-12-01,2021-11-18,140435230,803.736,1777360705.845
2021-11,2021-11-01,2021-12-01,2021-11-19,147128351,803.736,1777360705.845
2021-11,2021-11-01,2021-12-01,2021-11-20,128826363,803.736,1777360705.845
2021-11,2021-11-01,2021-12-01,2021-11-21,108987674,803.736,1777360705.845
2021-11,2021-11-01,2021-12-01,2021-11-22,132192087,803.736,1777360705.845
2021-11,2021-11-01,2021-12-01,2021-11-23,136299433,803.736,1777360705.845
2021-11,2021-11-01,2021-12-01,2021-11-24,139579162,803.736,1777360705.845
2021-11,2021-11-01,2021-12-01,2021-11-25,142625705,803.736,1777360705.845
2021-11,2021-11-01,2021-12-01,2021-11-26,149774314,803.736,1777360705.845
2021-11,2021-11-01,2021-12-01,2021-11-27,131726155,803.736,1777360705.845
2021-11,2021-11-01,2021-12-01,2021-11-28,113835645,803.736,1777360705.845
2021-11,2021-11-01,2021-12-01,2021-11-29,134484624,803.736,1777360705.845
2021-11,2021-11-01,2021-12-01,2021-11-30,139073298,803.736,1777360705.845
2021-12,2021-12-01,2022-01-01,2021-12-01,138468552,824.041,1777361605.74
2021-12,2021-12-01,2022-01-01,2021-12-02,141017883,824.041,1777361605.74
2021-12,2021-12-01,2022-01-01,2021-12-03,150470760,824.041,1777361605.74
2021-12,2021-12-01,2022-01-01,2021-12-04,131933179,824.041,1777361605.74
2021-12,2021-12-01,2022-01-01,2021-12-05,112982120,824.041,1777361605.74
2021-12,2021-12-01,2022-01-01,2021-12-06,133966348,824.041,1777361605.74
2021-12,2021-12-01,2022-01-01,2021-12-07,138116977,824.041,1777361605.74
2021-12,2021-12-01,2022-01-01,2021-12-08,142117033,824.041,1777361605.74
2021-12,2021-12-01,2022-01-01,2021-12-09,145060116,824.041,1777361605.74
2021-12,2021-12-01,2022-01-01,2021-12-10,152601950,824.041,1777361605.74
2021-12,2021-12-01,2022-01-01,2021-12-11,133864893,824.041,1777361605.74
2021-12,2021-12-01,2022-01-01,2021-12-12,116840372,824.041,1777361605.74
2021-12,2021-12-01,2022-01-01,2021-12-13,137293555,824.041,1777361605.74
2021-12,2021-12-01,2022-01-01,2021-12-14,142243173,824.041,1777361605.74
2021-12,2021-12-01,2022-01-01,2021-12-15,145453969,824.041,1777361605.74
2021-12,2021-12-01,2022-01-01,2021-12-16,149509819,824.041,1777361605.74
2021-12,2021-12-01,2022-01-01,2021-12-17,152959237,824.041,1777361605.74
2021-12,2021-12-01,2022-01-01,2021-12-18,130562518,824.041,1777361605.74
2021-12,2021-12-01,2022-01-01,2021-12-19,109041644,824.041,1777361605.74
2021-12,2021-12-01,2022-01-01,2021-12-20,138531161,824.041,1777361605.74
2021-12,2021-12-01,2022-01-01,2021-12-21,142326242,824.041,1777361605.74
2021-12,2021-12-01,2022-01-01,2021-12-22,143634728,824.041,1777361605.74
2021-12,2021-12-01,2022-01-01,2021-12-23,142755933,824.041,1777361605.74
2021-12,2021-12-01,2022-01-01,2021-12-24,128800048,824.041,1777361605.74
2021-12,2021-12-01,2022-01-01,2021-12-25,84476726,824.041,1777361605.74
2021-12,2021-12-01,2022-01-01,2021-12-26,90684426,824.041,1777361605.74
2021-12,2021-12-01,2022-01-01,2021-12-27,93454269,824.041,1777361605.74
2021-12,2021-12-01,2022-01-01,2021-12-28,95545968,824.041,1777361605.74
2021-12,2021-12-01,2022-01-01,2021-12-29,108602059,824.041,1777361605.74
2021-12,2021-12-01,2022-01-01,2021-12-30,109455430,824.041,1777361605.74
2021-12,2021-12-01,2022-01-01,2021-12-31,102913273,824.041,1777361605.74
2022-01,2022-01-01,2022-02-01,2022-01-01,79668381,821.25,1777362503.509
2022-01,2022-01-01,2022-02-01,2022-01-02,88021414,821.25,1777362503.509
2022-01,2022-01-01,2022-02-01,2022-01-03,88831013,821.25,1777362503.509
2022-01,2022-01-01,2022-02-01,2022-01-04,106574012,821.25,1777362503.509
2022-01,2022-01-01,2022-02-01,2022-01-05,104723056,821.25,1777362503.509
2022-01,2022-01-01,2022-02-01,2022-01-06,105483372,821.25,1777362503.509
2022-01,2022-01-01,2022-02-01,2022-01-07,105981508,821.25,1777362503.509
2022-01,2022-01-01,2022-02-01,2022-01-08,94810916,821.25,1777362503.509
2022-01,2022-01-01,2022-02-01,2022-01-09,86290551,821.25,1777362503.509
2022-01,2022-01-01,2022-02-01,2022-01-10,108167474,821.25,1777362503.509
2022-01,2022-01-01,2022-02-01,2022-01-11,111001984,821.25,1777362503.509
2022-01,2022-01-01,2022-02-01,2022-01-12,115704424,821.25,1777362503.509
2022-01,2022-01-01,2022-02-01,2022-01-13,117211215,821.25,1777362503.509
2022-01,2022-01-01,2022-02-01,2022-01-14,121063867,821.25,1777362503.509
2022-01,2022-01-01,2022-02-01,2022-01-15,107573637,821.25,1777362503.509
2022-01,2022-01-01,2022-02-01,2022-01-16,96561470,821.25,1777362503.509
2022-01,2022-01-01,2022-02-01,2022-01-17,117475615,821.25,1777362503.509
2022-01,2022-01-01,2022-02-01,2022-01-18,121226858,821.25,1777362503.509
2022-01,2022-01-01,2022-02-01,2022-01-19,124819777,821.25,1777362503.509
2022-01,2022-01-01,2022-02-01,2022-01-20,128193730,821.25,1777362503.509
2022-01,2022-01-01,2022-02-01,2022-01-21,132803198,821.25,1777362503.509
2022-01,2022-01-01,2022-02-01,2022-01-22,115195507,821.25,1777362503.509
2022-01,2022-01-01,2022-02-01,2022-01-23,99113375,821.25,1777362503.509
2022-01,2022-01-01,2022-02-01,2022-01-24,120691078,821.25,1777362503.509
2022-01,2022-01-01,2022-02-01,2022-01-25,128995164,821.25,1777362503.509
2022-01,2022-01-01,2022-02-01,2022-01-26,97230415,821.25,1777362503.509
2022-01,2022-01-01,2022-02-01,2022-01-27,128501563,821.25,1777362503.509
2022-01,2022-01-01,2022-02-01,2022-01-28,129890789,821.25,1777362503.509
2022-01,2022-01-01,2022-02-01,2022-01-29,118276205,821.25,1777362503.509
2022-01,2022-01-01,2022-02-01,2022-01-30,102713786,821.25,1777362503.509
2022-01,2022-01-01,2022-02-01,2022-01-31,129878059,821.25,1777362503.509
2022-02,2022-02-01,2022-03-01,2022-02-01,131366159,824.739,1777363409.068
2022-02,2022-02-01,2022-03-01,2022-02-02,133659603,824.739,1777363409.068
2022-02,2022-02-01,2022-03-01,2022-02-03,135666803,824.739,1777363409.068
2022-02,2022-02-01,2022-03-01,2022-02-04,142300535,824.739,1777363409.068
2022-02,2022-02-01,2022-03-01,2022-02-05,120340967,824.739,1777363409.068
2022-02,2022-02-01,2022-03-01,2022-02-06,105951371,824.739,1777363409.068
2022-02,2022-02-01,2022-03-01,2022-02-07,128363943,824.739,1777363409.068
2022-02,2022-02-01,2022-03-01,2022-02-08,133507880,824.739,1777363409.068
2022-02,2022-02-01,2022-03-01,2022-02-09,135268987,824.739,1777363409.068
2022-02,2022-02-01,2022-03-01,2022-02-10,138397639,824.739,1777363409.068
2022-02,2022-02-01,2022-03-01,2022-02-11,143871689,824.739,1777363409.068
2022-02,2022-02-01,2022-03-01,2022-02-12,126268180,824.739,1777363409.068
2022-02,2022-02-01,2022-03-01,2022-02-13,105621862,824.739,1777363409.068
2022-02,2022-02-01,2022-03-01,2022-02-14,133860640,824.739,1777363409.068
2022-02,2022-02-01,2022-03-01,2022-02-15,134733359,824.739,1777363409.068
2022-02,2022-02-01,2022-03-01,2022-02-16,136716785,824.739,1777363409.068
2022-02,2022-02-01,2022-03-01,2022-02-17,139832575,824.739,1777363409.068
2022-02,2022-02-01,2022-03-01,2022-02-18,144894885,824.739,1777363409.068
2022-02,2022-02-01,2022-03-01,2022-02-19,128754913,824.739,1777363409.068
2022-02,2022-02-01,2022-03-01,2022-02-20,108556579,824.739,1777363409.068
2022-02,2022-02-01,2022-03-01,2022-02-21,130093185,824.739,1777363409.068
2022-02,2022-02-01,2022-03-01,2022-02-22,135608344,824.739,1777363409.068
2022-02,2022-02-01,2022-03-01,2022-02-23,138682645,824.739,1777363409.068
2022-02,2022-02-01,2022-03-01,2022-02-24,141584306,824.739,1777363409.068
2022-02,2022-02-01,2022-03-01,2022-02-25,146234182,824.739,1777363409.068
2022-02,2022-02-01,2022-03-01,2022-02-26,128630356,824.739,1777363409.068
2022-02,2022-02-01,2022-03-01,2022-02-27,108873298,824.739,1777363409.068
2022-02,2022-02-01,2022-03-01,2022-02-28,131228906,824.739,1777363409.068
2022-03,2022-03-01,2022-04-01,2022-03-01,134988611,868.972,1777364357.507
2022-03,2022-03-01,2022-04-01,2022-03-02,137638826,868.972,1777364357.507
2022-03,2022-03-01,2022-04-01,2022-03-03,141109107,868.972,1777364357.507
2022-03,2022-03-01,2022-04-01,2022-03-04,145416603,868.972,1777364357.507
2022-03,2022-03-01,2022-04-01,2022-03-05,123929180,868.972,1777364357.507
2022-03,2022-03-01,2022-04-01,2022-03-06,104233289,868.972,1777364357.507
2022-03,2022-03-01,2022-04-01,2022-03-07,131038990,868.972,1777364357.507
2022-03,2022-03-01,2022-04-01,2022-03-08,136082200,868.972,1777364357.507
2022-03,2022-03-01,2022-04-01,2022-03-09,138892306,868.972,1777364357.507
2022-03,2022-03-01,2022-04-01,2022-03-10,141739093,868.972,1777364357.507
2022-03,2022-03-01,2022-04-01,2022-03-11,144115126,868.972,1777364357.507
2022-03,2022-03-01,2022-04-01,2022-03-12,117679279,868.972,1777364357.507
2022-03,2022-03-01,2022-04-01,2022-03-13,101989753,868.972,1777364357.507
2022-03,2022-03-01,2022-04-01,2022-03-14,95814869,868.972,1777364357.507
2022-03,2022-03-01,2022-04-01,2022-03-15,132075462,868.972,1777364357.507
2022-03,2022-03-01,2022-04-01,2022-03-16,136799155,868.972,1777364357.507
2022-03,2022-03-01,2022-04-01,2022-03-17,140219639,868.972,1777364357.507
2022-03,2022-03-01,2022-04-01,2022-03-18,144262438,868.972,1777364357.507
2022-03,2022-03-01,2022-04-01,2022-03-19,126047864,868.972,1777364357.507
2022-03,2022-03-01,2022-04-01,2022-03-20,106463916,868.972,1777364357.507
2022-03,2022-03-01,2022-04-01,2022-03-21,130386062,868.972,1777364357.507
2022-03,2022-03-01,2022-04-01,2022-03-22,134182967,868.972,1777364357.507
2022-03,2022-03-01,2022-04-01,2022-03-23,136806374,868.972,1777364357.507
2022-03,2022-03-01,2022-04-01,2022-03-24,139599998,868.972,1777364357.507
2022-03,2022-03-01,2022-04-01,2022-03-25,143557462,868.972,1777364357.507
2022-03,2022-03-01,2022-04-01,2022-03-26,126257782,868.972,1777364357.507
2022-03,2022-03-01,2022-04-01,2022-03-27,107874171,868.972,1777364357.507
2022-03,2022-03-01,2022-04-01,2022-03-28,127979863,868.972,1777364357.507
2022-03,2022-03-01,2022-04-01,2022-03-29,133949119,868.972,1777364357.507
2022-03,2022-03-01,2022-04-01,2022-03-30,136778879,868.972,1777364357.507
2022-03,2022-03-01,2022-04-01,2022-03-31,139065959,868.972,1777364357.507
2022-04,2022-04-01,2022-05-01,2022-04-01,143753697,824.903,1777365262.139
2022-04,2022-04-01,2022-05-01,2022-04-02,123113891,824.903,1777365262.139
2022-04,2022-04-01,2022-05-01,2022-04-03,105834478,824.903,1777365262.139
2022-04,2022-04-01,2022-05-01,2022-04-04,128579836,824.903,1777365262.139
2022-04,2022-04-01,2022-05-01,2022-04-05,133667408,824.903,1777365262.139
2022-04,2022-04-01,2022-05-01,2022-04-06,136532318,824.903,1777365262.139
2022-04,2022-04-01,2022-05-01,2022-04-07,139212967,824.903,1777365262.139
2022-04,2022-04-01,2022-05-01,2022-04-08,143216067,824.903,1777365262.139
2022-04,2022-04-01,2022-05-01,2022-04-09,123942024,824.903,1777365262.139
2022-04,2022-04-01,2022-05-01,2022-04-10,105783917,824.903,1777365262.139
2022-04,2022-04-01,2022-05-01,2022-04-11,126039417,824.903,1777365262.139
2022-04,2022-04-01,2022-05-01,2022-04-12,131388201,824.903,1777365262.139
2022-04,2022-04-01,2022-05-01,2022-04-13,135611480,824.903,1777365262.139
2022-04,2022-04-01,2022-05-01,2022-04-14,141421964,824.903,1777365262.139
2022-04,2022-04-01,2022-05-01,2022-04-15,85906663,824.903,1777365262.139
2022-04,2022-04-01,2022-05-01,2022-04-16,103164467,824.903,1777365262.139
2022-04,2022-04-01,2022-05-01,2022-04-17,90234824,824.903,1777365262.139
2022-04,2022-04-01,2022-05-01,2022-04-18,86228588,824.903,1777365262.139
2022-04,2022-04-01,2022-05-01,2022-04-19,119339355,824.903,1777365262.139
2022-04,2022-04-01,2022-05-01,2022-04-20,125079855,824.903,1777365262.139
2022-04,2022-04-01,2022-05-01,2022-04-21,129163199,824.903,1777365262.139
2022-04,2022-04-01,2022-05-01,2022-04-22,134275906,824.903,1777365262.139
2022-04,2022-04-01,2022-05-01,2022-04-23,117697108,824.903,1777365262.139
2022-04,2022-04-01,2022-05-01,2022-04-24,103868886,824.903,1777365262.139
2022-04,2022-04-01,2022-05-01,2022-04-25,91349532,824.903,1777365262.139
2022-04,2022-04-01,2022-05-01,2022-04-26,132252258,824.903,1777365262.139
2022-04,2022-04-01,2022-05-01,2022-04-27,136303694,824.903,1777365262.139
2022-04,2022-04-01,2022-05-01,2022-04-28,139296505,824.903,1777365262.139
2022-04,2022-04-01,2022-05-01,2022-04-29,142031431,824.903,1777365262.139
2022-04,2022-04-01,2022-05-01,2022-04-30,124119492,824.903,1777365262.139
2022-05,2022-05-01,2022-06-01,2022-05-01,105668287,837.148,1777366179.463
2022-05,2022-05-01,2022-06-01,2022-05-02,129446737,837.148,1777366179.463
2022-05,2022-05-01,2022-06-01,2022-05-03,134605169,837.148,1777366179.463
2022-05,2022-05-01,2022-06-01,2022-05-04,136007383,837.148,1777366179.463
2022-05,2022-05-01,2022-06-01,2022-05-05,138572097,837.148,1777366179.463
2022-05,2022-05-01,2022-06-01,2022-05-06,143473898,837.148,1777366179.463
2022-05,2022-05-01,2022-06-01,2022-05-07,125127879,837.148,1777366179.463
2022-05,2022-05-01,2022-06-01,2022-05-08,108164326,837.148,1777366179.463
2022-05,2022-05-01,2022-06-01,2022-05-09,126996877,837.148,1777366179.463
2022-05,2022-05-01,2022-06-01,2022-05-10,133329965,837.148,1777366179.463
2022-05,2022-05-01,2022-06-01,2022-05-11,135149041,837.148,1777366179.463
2022-05,2022-05-01,2022-06-01,2022-05-12,137625446,837.148,1777366179.463
2022-05,2022-05-01,2022-06-01,2022-05-13,141401573,837.148,1777366179.463
2022-05,2022-05-01,2022-06-01,2022-05-14,122220235,837.148,1777366179.463
2022-05,2022-05-01,2022-06-01,2022-05-15,105046989,837.148,1777366179.463
2022-05,2022-05-01,2022-06-01,2022-05-16,127349542,837.148,1777366179.463
2022-05,2022-05-01,2022-06-01,2022-05-17,133115381,837.148,1777366179.463
2022-05,2022-05-01,2022-06-01,2022-05-18,135285114,837.148,1777366179.463
2022-05,2022-05-01,2022-06-01,2022-05-19,138008284,837.148,1777366179.463
2022-05,2022-05-01,2022-06-01,2022-05-20,142465863,837.148,1777366179.463
2022-05,2022-05-01,2022-06-01,2022-05-21,124129463,837.148,1777366179.463
2022-05,2022-05-01,2022-06-01,2022-05-22,103038476,837.148,1777366179.463
2022-05,2022-05-01,2022-06-01,2022-05-23,126253200,837.148,1777366179.463
2022-05,2022-05-01,2022-06-01,2022-05-24,132659655,837.148,1777366179.463
2022-05,2022-05-01,2022-06-01,2022-05-25,134707035,837.148,1777366179.463
2022-05,2022-05-01,2022-06-01,2022-05-26,136698258,837.148,1777366179.463
2022-05,2022-05-01,2022-06-01,2022-05-27,140847454,837.148,1777366179.463
2022-05,2022-05-01,2022-06-01,2022-05-28,123978734,837.148,1777366179.463
2022-05,2022-05-01,2022-06-01,2022-05-29,104204651,837.148,1777366179.463
2022-05,2022-05-01,2022-06-01,2022-05-30,124824097,837.148,1777366179.463
2022-05,2022-05-01,2022-06-01,2022-05-31,129854481,837.148,1777366179.463
2022-06,2022-06-01,2022-07-01,2022-06-01,131195968,835.558,1777367091.122
2022-06,2022-06-01,2022-07-01,2022-06-02,137238004,835.558,1777367091.122
2022-06,2022-06-01,2022-07-01,2022-06-03,141527134,835.558,1777367091.122
2022-06,2022-06-01,2022-07-01,2022-06-04,123491114,835.558,1777367091.122
2022-06,2022-06-01,2022-07-01,2022-06-05,99793119,835.558,1777367091.122
2022-06,2022-06-01,2022-07-01,2022-06-06,126588411,835.558,1777367091.122
2022-06,2022-06-01,2022-07-01,2022-06-07,130650792,835.558,1777367091.122
2022-06,2022-06-01,2022-07-01,2022-06-08,134584520,835.558,1777367091.122
2022-06,2022-06-01,2022-07-01,2022-06-09,137203570,835.558,1777367091.122
2022-06,2022-06-01,2022-07-01,2022-06-10,140117649,835.558,1777367091.122
2022-06,2022-06-01,2022-07-01,2022-06-11,114981870,835.558,1777367091.122
2022-06,2022-06-01,2022-07-01,2022-06-12,98910203,835.558,1777367091.122
2022-06,2022-06-01,2022-07-01,2022-06-13,91240300,835.558,1777367091.122
2022-06,2022-06-01,2022-07-01,2022-06-14,129853348,835.558,1777367091.122
2022-06,2022-06-01,2022-07-01,2022-06-15,134663147,835.558,1777367091.122
2022-06,2022-06-01,2022-07-01,2022-06-16,136815889,835.558,1777367091.122
2022-06,2022-06-01,2022-07-01,2022-06-17,142130602,835.558,1777367091.122
2022-06,2022-06-01,2022-07-01,2022-06-18,124321787,835.558,1777367091.122
2022-06,2022-06-01,2022-07-01,2022-06-19,104288461,835.558,1777367091.122
2022-06,2022-06-01,2022-07-01,2022-06-20,127204516,835.558,1777367091.122
2022-06,2022-06-01,2022-07-01,2022-06-21,132262515,835.558,1777367091.122
2022-06,2022-06-01,2022-07-01,2022-06-22,134925757,835.558,1777367091.122
2022-06,2022-06-01,2022-07-01,2022-06-23,137634701,835.558,1777367091.122
2022-06,2022-06-01,2022-07-01,2022-06-24,140768821,835.558,1777367091.122
2022-06,2022-06-01,2022-07-01,2022-06-25,121927561,835.558,1777367091.122
2022-06,2022-06-01,2022-07-01,2022-06-26,99213090,835.558,1777367091.122
2022-06,2022-06-01,2022-07-01,2022-06-27,121110844,835.558,1777367091.122
2022-06,2022-06-01,2022-07-01,2022-06-28,127387759,835.558,1777367091.122
2022-06,2022-06-01,2022-07-01,2022-06-29,129561703,835.558,1777367091.122
2022-06,2022-06-01,2022-07-01,2022-06-30,132176088,835.558,1777367091.122
2022-07,2022-07-01,2022-08-01,2022-07-01,134168219,819.76,1777367988.518
2022-07,2022-07-01,2022-08-01,2022-07-02,116470647,819.76,1777367988.518
2022-07,2022-07-01,2022-08-01,2022-07-03,100151564,819.76,1777367988.518
2022-07,2022-07-01,2022-08-01,2022-07-04,121740411,819.76,1777367988.518
2022-07,2022-07-01,2022-08-01,2022-07-05,127078172,819.76,1777367988.518
2022-07,2022-07-01,2022-08-01,2022-07-06,129930479,819.76,1777367988.518
2022-07,2022-07-01,2022-08-01,2022-07-07,131395569,819.76,1777367988.518
2022-07,2022-07-01,2022-08-01,2022-07-08,132501930,819.76,1777367988.518
2022-07,2022-07-01,2022-08-01,2022-07-09,116046433,819.76,1777367988.518
2022-07,2022-07-01,2022-08-01,2022-07-10,100988777,819.76,1777367988.518
2022-07,2022-07-01,2022-08-01,2022-07-11,122820147,819.76,1777367988.518
2022-07,2022-07-01,2022-08-01,2022-07-12,128495129,819.76,1777367988.518
2022-07,2022-07-01,2022-08-01,2022-07-13,132058257,819.76,1777367988.518
2022-07,2022-07-01,2022-08-01,2022-07-14,135322121,819.76,1777367988.518
2022-07,2022-07-01,2022-08-01,2022-07-15,140237427,819.76,1777367988.518
2022-07,2022-07-01,2022-08-01,2022-07-16,120639153,819.76,1777367988.518
2022-07,2022-07-01,2022-08-01,2022-07-17,99782199,819.76,1777367988.518
2022-07,2022-07-01,2022-08-01,2022-07-18,125423881,819.76,1777367988.518
2022-07,2022-07-01,2022-08-01,2022-07-19,131984542,819.76,1777367988.518
2022-07,2022-07-01,2022-08-01,2022-07-20,134139309,819.76,1777367988.518
2022-07,2022-07-01,2022-08-01,2022-07-21,136141036,819.76,1777367988.518
2022-07,2022-07-01,2022-08-01,2022-07-22,140730506,819.76,1777367988.518
2022-07,2022-07-01,2022-08-01,2022-07-23,120681868,819.76,1777367988.518
2022-07,2022-07-01,2022-08-01,2022-07-24,105272088,819.76,1777367988.518
2022-07,2022-07-01,2022-08-01,2022-07-25,123890099,819.76,1777367988.518
2022-07,2022-07-01,2022-08-01,2022-07-26,129654244,819.76,1777367988.518
2022-07,2022-07-01,2022-08-01,2022-07-27,133072699,819.76,1777367988.518
2022-07,2022-07-01,2022-08-01,2022-07-28,135677427,819.76,1777367988.518
2022-07,2022-07-01,2022-08-01,2022-07-29,141161945,819.76,1777367988.518
2022-07,2022-07-01,2022-08-01,2022-07-30,124095326,819.76,1777367988.518
2022-07,2022-07-01,2022-08-01,2022-07-31,101327991,819.76,1777367988.518
2022-08,2022-08-01,2022-09-01,2022-08-01,126197794,796.201,1777368864.18
2022-08,2022-08-01,2022-09-01,2022-08-02,131285227,796.201,1777368864.18
2022-08,2022-08-01,2022-09-01,2022-08-03,134569555,796.201,1777368864.18
2022-08,2022-08-01,2022-09-01,2022-08-04,136860501,796.201,1777368864.18
2022-08,2022-08-01,2022-09-01,2022-08-05,140235665,796.201,1777368864.18
2022-08,2022-08-01,2022-09-01,2022-08-06,122905303,796.201,1777368864.18
2022-08,2022-08-01,2022-09-01,2022-08-07,104394193,796.201,1777368864.18
2022-08,2022-08-01,2022-09-01,2022-08-08,126540710,796.201,1777368864.18
2022-08,2022-08-01,2022-09-01,2022-08-09,132679158,796.201,1777368864.18
2022-08,2022-08-01,2022-09-01,2022-08-10,134843569,796.201,1777368864.18
2022-08,2022-08-01,2022-09-01,2022-08-11,136558439,796.201,1777368864.18
2022-08,2022-08-01,2022-09-01,2022-08-12,141201886,796.201,1777368864.18
2022-08,2022-08-01,2022-09-01,2022-08-13,124146905,796.201,1777368864.18
2022-08,2022-08-01,2022-09-01,2022-08-14,102885449,796.201,1777368864.18
2022-08,2022-08-01,2022-09-01,2022-08-15,127199359,796.201,1777368864.18
2022-08,2022-08-01,2022-09-01,2022-08-16,132720229,796.201,1777368864.18
2022-08,2022-08-01,2022-09-01,2022-08-17,135776681,796.201,1777368864.18
2022-08,2022-08-01,2022-09-01,2022-08-18,137144834,796.201,1777368864.18
2022-08,2022-08-01,2022-09-01,2022-08-19,143325519,796.201,1777368864.18
2022-08,2022-08-01,2022-09-01,2022-08-20,124800835,796.201,1777368864.18
2022-08,2022-08-01,2022-09-01,2022-08-21,107067898,796.201,1777368864.18
2022-08,2022-08-01,2022-09-01,2022-08-22,125830721,796.201,1777368864.18
2022-08,2022-08-01,2022-09-01,2022-08-23,132963124,796.201,1777368864.18
2022-08,2022-08-01,2022-09-01,2022-08-24,135087634,796.201,1777368864.18
2022-08,2022-08-01,2022-09-01,2022-08-25,138486898,796.201,1777368864.18
2022-08,2022-08-01,2022-09-01,2022-08-26,143510714,796.201,1777368864.18
2022-08,2022-08-01,2022-09-01,2022-08-27,126724164,796.201,1777368864.18
2022-08,2022-08-01,2022-09-01,2022-08-28,108199180,796.201,1777368864.18
2022-08,2022-08-01,2022-09-01,2022-08-29,126808641,796.201,1777368864.18
2022-08,2022-08-01,2022-09-01,2022-08-30,132070687,796.201,1777368864.18
2022-08,2022-08-01,2022-09-01,2022-08-31,137552956,796.201,1777368864.18
2022-09,2022-09-01,2022-10-01,2022-09-01,138646587,812.745,1777369754.362
2022-09,2022-09-01,2022-10-01,2022-09-02,144227105,812.745,1777369754.362
2022-09,2022-09-01,2022-10-01,2022-09-03,125928974,812.745,1777369754.362
2022-09,2022-09-01,2022-10-01,2022-09-04,106560251,812.745,1777369754.362
2022-09,2022-09-01,2022-10-01,2022-09-05,128601892,812.745,1777369754.362
2022-09,2022-09-01,2022-10-01,2022-09-06,134346689,812.745,1777369754.362
2022-09,2022-09-01,2022-10-01,2022-09-07,137060604,812.745,1777369754.362
2022-09,2022-09-01,2022-10-01,2022-09-08,138403705,812.745,1777369754.362
2022-09,2022-09-01,2022-10-01,2022-09-09,144192463,812.745,1777369754.362
2022-09,2022-09-01,2022-10-01,2022-09-10,125114975,812.745,1777369754.362
2022-09,2022-09-01,2022-10-01,2022-09-11,104425234,812.745,1777369754.362
2022-09,2022-09-01,2022-10-01,2022-09-12,127305755,812.745,1777369754.362
2022-09,2022-09-01,2022-10-01,2022-09-13,134365505,812.745,1777369754.362
2022-09,2022-09-01,2022-10-01,2022-09-14,138184705,812.745,1777369754.362
2022-09,2022-09-01,2022-10-01,2022-09-15,140284360,812.745,1777369754.362
2022-09,2022-09-01,2022-10-01,2022-09-16,143468106,812.745,1777369754.362
2022-09,2022-09-01,2022-10-01,2022-09-17,120017970,812.745,1777369754.362
2022-09,2022-09-01,2022-10-01,2022-09-18,100849077,812.745,1777369754.362
2022-09,2022-09-01,2022-10-01,2022-09-19,126635233,812.745,1777369754.362
2022-09,2022-09-01,2022-10-01,2022-09-20,133705854,812.745,1777369754.362
2022-09,2022-09-01,2022-10-01,2022-09-21,141451190,812.745,1777369754.362
2022-09,2022-09-01,2022-10-01,2022-09-22,112326909,812.745,1777369754.362
2022-09,2022-09-01,2022-10-01,2022-09-23,103627200,812.745,1777369754.362
2022-09,2022-09-01,2022-10-01,2022-09-24,104488562,812.745,1777369754.362
2022-09,2022-09-01,2022-10-01,2022-09-25,102010176,812.745,1777369754.362
2022-09,2022-09-01,2022-10-01,2022-09-26,123984444,812.745,1777369754.362
2022-09,2022-09-01,2022-10-01,2022-09-27,129905002,812.745,1777369754.362
2022-09,2022-09-01,2022-10-01,2022-09-28,135151600,812.745,1777369754.362
2022-09,2022-09-01,2022-10-01,2022-09-29,137896260,812.745,1777369754.362
2022-09,2022-09-01,2022-10-01,2022-09-30,141858408,812.745,1777369754.362
2022-10,2022-10-01,2022-11-01,2022-10-01,125288224,825.806,1777370656.381
2022-10,2022-10-01,2022-11-01,2022-10-02,106425358,825.806,1777370656.381
2022-10,2022-10-01,2022-11-01,2022-10-03,130807876,825.806,1777370656.381
2022-10,2022-10-01,2022-11-01,2022-10-04,136859472,825.806,1777370656.381
2022-10,2022-10-01,2022-11-01,2022-10-05,137244951,825.806,1777370656.381
2022-10,2022-10-01,2022-11-01,2022-10-06,141829172,825.806,1777370656.381
2022-10,2022-10-01,2022-11-01,2022-10-07,143213841,825.806,1777370656.381
2022-10,2022-10-01,2022-11-01,2022-10-08,128203079,825.806,1777370656.381
2022-10,2022-10-01,2022-11-01,2022-10-09,107821866,825.806,1777370656.381
2022-10,2022-10-01,2022-11-01,2022-10-10,133553626,825.806,1777370656.381
2022-10,2022-10-01,2022-11-01,2022-10-11,138452582,825.806,1777370656.381
2022-10,2022-10-01,2022-11-01,2022-10-12,137784362,825.806,1777370656.381
2022-10,2022-10-01,2022-11-01,2022-10-13,129313783,825.806,1777370656.381
2022-10,2022-10-01,2022-11-01,2022-10-14,143518676,825.806,1777370656.381
2022-10,2022-10-01,2022-11-01,2022-10-15,128538594,825.806,1777370656.381
2022-10,2022-10-01,2022-11-01,2022-10-16,108224905,825.806,1777370656.381
2022-10,2022-10-01,2022-11-01,2022-10-17,133058663,825.806,1777370656.381
2022-10,2022-10-01,2022-11-01,2022-10-18,138072865,825.806,1777370656.381
2022-10,2022-10-01,2022-11-01,2022-10-19,141874831,825.806,1777370656.381
2022-10,2022-10-01,2022-11-01,2022-10-20,144844204,825.806,1777370656.381
2022-10,2022-10-01,2022-11-01,2022-10-21,146657375,825.806,1777370656.381
2022-10,2022-10-01,2022-11-01,2022-10-22,124365882,825.806,1777370656.381
2022-10,2022-10-01,2022-11-01,2022-10-23,107190076,825.806,1777370656.381
2022-10,2022-10-01,2022-11-01,2022-10-24,132153876,825.806,1777370656.381
2022-10,2022-10-01,2022-11-01,2022-10-25,136996324,825.806,1777370656.381
2022-10,2022-10-01,2022-11-01,2022-10-26,140363753,825.806,1777370656.381
2022-10,2022-10-01,2022-11-01,2022-10-27,141318963,825.806,1777370656.381
2022-10,2022-10-01,2022-11-01,2022-10-28,143789371,825.806,1777370656.381
2022-10,2022-10-01,2022-11-01,2022-10-29,120596900,825.806,1777370656.381
2022-10,2022-10-01,2022-11-01,2022-10-30,103887713,825.806,1777370656.381
2022-10,2022-10-01,2022-11-01,2022-10-31,121812271,825.806,1777370656.381
2022-11,2022-11-01,2022-12-01,2022-11-01,92959051,807.725,1777371541.737
2022-11,2022-11-01,2022-12-01,2022-11-02,136211705,807.725,1777371541.737
2022-11,2022-11-01,2022-12-01,2022-11-03,140719180,807.725,1777371541.737
2022-11,2022-11-01,2022-12-01,2022-11-04,146821713,807.725,1777371541.737
2022-11,2022-11-01,2022-12-01,2022-11-05,126925804,807.725,1777371541.737
2022-11,2022-11-01,2022-12-01,2022-11-06,108757729,807.725,1777371541.737
2022-11,2022-11-01,2022-12-01,2022-11-07,134155388,807.725,1777371541.737
2022-11,2022-11-01,2022-12-01,2022-11-08,139191285,807.725,1777371541.737
2022-11,2022-11-01,2022-12-01,2022-11-09,142733421,807.725,1777371541.737
2022-11,2022-11-01,2022-12-01,2022-11-10,142449766,807.725,1777371541.737
2022-11,2022-11-01,2022-12-01,2022-11-11,147723724,807.725,1777371541.737
2022-11,2022-11-01,2022-12-01,2022-11-12,129897381,807.725,1777371541.737
2022-11,2022-11-01,2022-12-01,2022-11-13,107394091,807.725,1777371541.737
2022-11,2022-11-01,2022-12-01,2022-11-14,131363526,807.725,1777371541.737
2022-11,2022-11-01,2022-12-01,2022-11-15,138321185,807.725,1777371541.737
2022-11,2022-11-01,2022-12-01,2022-11-16,141287490,807.725,1777371541.737
2022-11,2022-11-01,2022-12-01,2022-11-17,144619221,807.725,1777371541.737
2022-11,2022-11-01,2022-12-01,2022-11-18,150472653,807.725,1777371541.737
2022-11,2022-11-01,2022-12-01,2022-11-19,128073839,807.725,1777371541.737
2022-11,2022-11-01,2022-12-01,2022-11-20,106746168,807.725,1777371541.737
2022-11,2022-11-01,2022-12-01,2022-11-21,132007384,807.725,1777371541.737
2022-11,2022-11-01,2022-12-01,2022-11-22,138891049,807.725,1777371541.737
2022-11,2022-11-01,2022-12-01,2022-11-23,142240193,807.725,1777371541.737
2022-11,2022-11-01,2022-12-01,2022-11-24,146086619,807.725,1777371541.737
2022-11,2022-11-01,2022-12-01,2022-11-25,152536841,807.725,1777371541.737
2022-11,2022-11-01,2022-12-01,2022-11-26,130700374,807.725,1777371541.737
2022-11,2022-11-01,2022-12-01,2022-11-27,110154706,807.725,1777371541.737
2022-11,2022-11-01,2022-12-01,2022-11-28,134955290,807.725,1777371541.737
2022-11,2022-11-01,2022-12-01,2022-11-29,139789664,807.725,1777371541.737
2022-11,2022-11-01,2022-12-01,2022-11-30,142907255,807.725,1777371541.737
2022-12,2022-12-01,2023-01-01,2022-12-01,145714288,810.439,1777372428.36
2022-12,2022-12-01,2023-01-01,2022-12-02,151698306,810.439,1777372428.36
2022-12,2022-12-01,2023-01-01,2022-12-03,132750478,810.439,1777372428.36
2022-12,2022-12-01,2023-01-01,2022-12-04,114323377,810.439,1777372428.36
2022-12,2022-12-01,2023-01-01,2022-12-05,134775378,810.439,1777372428.36
2022-12,2022-12-01,2023-01-01,2022-12-06,141611865,810.439,1777372428.36
2022-12,2022-12-01,2023-01-01,2022-12-07,144812527,810.439,1777372428.36
2022-12,2022-12-01,2023-01-01,2022-12-08,147392996,810.439,1777372428.36
2022-12,2022-12-01,2023-01-01,2022-12-09,151702036,810.439,1777372428.36
2022-12,2022-12-01,2023-01-01,2022-12-10,133504971,810.439,1777372428.36
2022-12,2022-12-01,2023-01-01,2022-12-11,111032305,810.439,1777372428.36
2022-12,2022-12-01,2023-01-01,2022-12-12,135250417,810.439,1777372428.36
2022-12,2022-12-01,2023-01-01,2022-12-13,140747691,810.439,1777372428.36
2022-12,2022-12-01,2023-01-01,2022-12-14,143600711,810.439,1777372428.36
2022-12,2022-12-01,2023-01-01,2022-12-15,147788294,810.439,1777372428.36
2022-12,2022-12-01,2023-01-01,2022-12-16,152036371,810.439,1777372428.36
2022-12,2022-12-01,2023-01-01,2022-12-17,133366838,810.439,1777372428.36
2022-12,2022-12-01,2023-01-01,2022-12-18,114632233,810.439,1777372428.36
2022-12,2022-12-01,2023-01-01,2022-12-19,138630847,810.439,1777372428.36
2022-12,2022-12-01,2023-01-01,2022-12-20,143344615,810.439,1777372428.36
2022-12,2022-12-01,2023-01-01,2022-12-21,145275440,810.439,1777372428.36
2022-12,2022-12-01,2023-01-01,2022-12-22,141578535,810.439,1777372428.36
2022-12,2022-12-01,2023-01-01,2022-12-23,140570659,810.439,1777372428.36
2022-12,2022-12-01,2023-01-01,2022-12-24,114338059,810.439,1777372428.36
2022-12,2022-12-01,2023-01-01,2022-12-25,86047048,810.439,1777372428.36
2022-12,2022-12-01,2023-01-01,2022-12-26,93240828,810.439,1777372428.36
2022-12,2022-12-01,2023-01-01,2022-12-27,94182053,810.439,1777372428.36
2022-12,2022-12-01,2023-01-01,2022-12-28,105999622,810.439,1777372428.36
2022-12,2022-12-01,2023-01-01,2022-12-29,110281449,810.439,1777372428.36
2022-12,2022-12-01,2023-01-01,2022-12-30,113543908,810.439,1777372428.36
2023-01,2023-01-01,2023-02-01,2023-01-01,85309401,808.925,1777373313.8
2023-01,2023-01-01,2023-02-01,2023-01-02,84967441,808.925,1777373313.8
2023-01,2023-01-01,2023-02-01,2023-01-03,108654574,808.925,1777373313.8
2023-01,2023-01-01,2023-02-01,2023-01-04,111343226,808.925,1777373313.8
2023-01,2023-01-01,2023-02-01,2023-01-05,116089502,808.925,1777373313.8
2023-01,2023-01-01,2023-02-01,2023-01-06,120842521,808.925,1777373313.8
2023-01,2023-01-01,2023-02-01,2023-01-07,108513799,808.925,1777373313.8
2023-01,2023-01-01,2023-02-01,2023-01-08,98231257,808.925,1777373313.8
2023-01,2023-01-01,2023-02-01,2023-01-09,118344071,808.925,1777373313.8
2023-01,2023-01-01,2023-02-01,2023-01-10,124359488,808.925,1777373313.8
2023-01,2023-01-01,2023-02-01,2023-01-11,129127809,808.925,1777373313.8
2023-01,2023-01-01,2023-02-01,2023-01-12,131979562,808.925,1777373313.8
2023-01,2023-01-01,2023-02-01,2023-01-13,135748137,808.925,1777373313.8
2023-01,2023-01-01,2023-02-01,2023-01-14,114176385,808.925,1777373313.8
2023-01,2023-01-01,2023-02-01,2023-01-15,104501508,808.925,1777373313.8
2023-01,2023-01-01,2023-02-01,2023-01-16,128828608,808.925,1777373313.8
2023-01,2023-01-01,2023-02-01,2023-01-17,130399978,808.925,1777373313.8
2023-01,2023-01-01,2023-02-01,2023-01-18,134025247,808.925,1777373313.8
2023-01,2023-01-01,2023-02-01,2023-01-19,137846398,808.925,1777373313.8
2023-01,2023-01-01,2023-02-01,2023-01-20,141918459,808.925,1777373313.8
2023-01,2023-01-01,2023-02-01,2023-01-21,122170724,808.925,1777373313.8
2023-01,2023-01-01,2023-02-01,2023-01-22,105978757,808.925,1777373313.8
2023-01,2023-01-01,2023-02-01,2023-01-23,131180113,808.925,1777373313.8
2023-01,2023-01-01,2023-02-01,2023-01-24,135336881,808.925,1777373313.8
2023-01,2023-01-01,2023-02-01,2023-01-25,143999638,808.925,1777373313.8
2023-01,2023-01-01,2023-02-01,2023-01-26,103379175,808.925,1777373313.8
2023-01,2023-01-01,2023-02-01,2023-01-27,133235069,808.925,1777373313.8
2023-01,2023-01-01,2023-02-01,2023-01-28,114448072,808.925,1777373313.8
2023-01,2023-01-01,2023-02-01,2023-01-29,103687598,808.925,1777373313.8
2023-01,2023-01-01,2023-02-01,2023-01-30,132818286,808.925,1777373313.8
2023-01,2023-01-01,2023-02-01,2023-01-31,138037781,808.925,1777373313.8
2023-02,2023-02-01,2023-03-01,2023-02-01,140412162,780.978,1777374172.643
2023-02,2023-02-01,2023-03-01,2023-02-02,140367888,780.978,1777374172.643
2023-02,2023-02-01,2023-03-01,2023-02-03,144969288,780.978,1777374172.643
2023-02,2023-02-01,2023-03-01,2023-02-04,124871130,780.978,1777374172.643
2023-02,2023-02-01,2023-03-01,2023-02-05,107460610,780.978,1777374172.643
2023-02,2023-02-01,2023-03-01,2023-02-06,133604777,780.978,1777374172.643
2023-02,2023-02-01,2023-03-01,2023-02-07,139838188,780.978,1777374172.643
2023-02,2023-02-01,2023-03-01,2023-02-08,142323015,780.978,1777374172.643
2023-02,2023-02-01,2023-03-01,2023-02-09,144284814,780.978,1777374172.643
2023-02,2023-02-01,2023-03-01,2023-02-10,148937193,780.978,1777374172.643
2023-02,2023-02-01,2023-03-01,2023-02-11,130003876,780.978,1777374172.643
2023-02,2023-02-01,2023-03-01,2023-02-12,109365757,780.978,1777374172.643
2023-02,2023-02-01,2023-03-01,2023-02-13,134890215,780.978,1777374172.643
2023-02,2023-02-01,2023-03-01,2023-02-14,144113765,780.978,1777374172.643
2023-02,2023-02-01,2023-03-01,2023-02-15,143192888,780.978,1777374172.643
2023-02,2023-02-01,2023-03-01,2023-02-16,143444100,780.978,1777374172.643
2023-02,2023-02-01,2023-03-01,2023-02-17,145260584,780.978,1777374172.643
2023-02,2023-02-01,2023-03-01,2023-02-18,130641999,780.978,1777374172.643
2023-02,2023-02-01,2023-03-01,2023-02-19,110879546,780.978,1777374172.643
2023-02,2023-02-01,2023-03-01,2023-02-20,135337885,780.978,1777374172.643
2023-02,2023-02-01,2023-03-01,2023-02-21,141303345,780.978,1777374172.643
2023-02,2023-02-01,2023-03-01,2023-02-22,143874232,780.978,1777374172.643
2023-02,2023-02-01,2023-03-01,2023-02-23,146101304,780.978,1777374172.643
2023-02,2023-02-01,2023-03-01,2023-02-24,150322779,780.978,1777374172.643
2023-02,2023-02-01,2023-03-01,2023-02-25,129346513,780.978,1777374172.643
2023-02,2023-02-01,2023-03-01,2023-02-26,111205354,780.978,1777374172.643
2023-02,2023-02-01,2023-03-01,2023-02-27,135870986,780.978,1777374172.643
2023-02,2023-02-01,2023-03-01,2023-02-28,140632079,780.978,1777374172.643
2023-03,2023-03-01,2023-04-01,2023-03-01,143742149,794.485,1777375043.347
2023-03,2023-03-01,2023-04-01,2023-03-02,145928853,794.485,1777375043.347
2023-03,2023-03-01,2023-04-01,2023-03-03,150809323,794.485,1777375043.347
2023-03,2023-03-01,2023-04-01,2023-03-04,131488775,794.485,1777375043.347
2023-03,2023-03-01,2023-04-01,2023-03-05,110180378,794.485,1777375043.347
2023-03,2023-03-01,2023-04-01,2023-03-06,136611246,794.485,1777375043.347
2023-03,2023-03-01,2023-04-01,2023-03-07,140795152,794.485,1777375043.347
2023-03,2023-03-01,2023-04-01,2023-03-08,144674510,794.485,1777375043.347
2023-03,2023-03-01,2023-04-01,2023-03-09,145876678,794.485,1777375043.347
2023-03,2023-03-01,2023-04-01,2023-03-10,148470409,794.485,1777375043.347
2023-03,2023-03-01,2023-04-01,2023-03-11,121155636,794.485,1777375043.347
2023-03,2023-03-01,2023-04-01,2023-03-12,104109265,794.485,1777375043.347
2023-03,2023-03-01,2023-04-01,2023-03-13,99578765,794.485,1777375043.347
2023-03,2023-03-01,2023-04-01,2023-03-14,138774457,794.485,1777375043.347
2023-03,2023-03-01,2023-04-01,2023-03-15,144029935,794.485,1777375043.347
2023-03,2023-03-01,2023-04-01,2023-03-16,146489528,794.485,1777375043.347
2023-03,2023-03-01,2023-04-01,2023-03-17,150535999,794.485,1777375043.347
2023-03,2023-03-01,2023-04-01,2023-03-18,128130431,794.485,1777375043.347
2023-03,2023-03-01,2023-04-01,2023-03-19,111204336,794.485,1777375043.347
2023-03,2023-03-01,2023-04-01,2023-03-20,136197737,794.485,1777375043.347
2023-03,2023-03-01,2023-04-01,2023-03-21,139958322,794.485,1777375043.347
2023-03,2023-03-01,2023-04-01,2023-03-22,143681110,794.485,1777375043.347
2023-03,2023-03-01,2023-04-01,2023-03-23,144009081,794.485,1777375043.347
2023-03,2023-03-01,2023-04-01,2023-03-24,148926374,794.485,1777375043.347
2023-03,2023-03-01,2023-04-01,2023-03-25,129850116,794.485,1777375043.347
2023-03,2023-03-01,2023-04-01,2023-03-26,109416071,794.485,1777375043.347
2023-03,2023-03-01,2023-04-01,2023-03-27,132700641,794.485,1777375043.347
2023-03,2023-03-01,2023-04-01,2023-03-28,140672134,794.485,1777375043.347
2023-03,2023-03-01,2023-04-01,2023-03-29,142129251,794.485,1777375043.347
2023-03,2023-03-01,2023-04-01,2023-03-30,145974250,794.485,1777375043.347
2023-03,2023-03-01,2023-04-01,2023-03-31,149458036,794.485,1777375043.347
2023-04,2023-04-01,2023-05-01,2023-04-01,129140316,886.99,1777376013.677
2023-04,2023-04-01,2023-05-01,2023-04-02,112282679,886.99,1777376013.677
2023-04,2023-04-01,2023-05-01,2023-04-03,136857834,886.99,1777376013.677
2023-04,2023-04-01,2023-05-01,2023-04-04,142860940,886.99,1777376013.677
2023-04,2023-04-01,2023-05-01,2023-04-05,145914750,886.99,1777376013.677
2023-04,2023-04-01,2023-05-01,2023-04-06,151116645,886.99,1777376013.677
2023-04,2023-04-01,2023-05-01,2023-04-07,86221943,886.99,1777376013.677
2023-04,2023-04-01,2023-05-01,2023-04-08,105116282,886.99,1777376013.677
2023-04,2023-04-01,2023-05-01,2023-04-09,90408043,886.99,1777376013.677
2023-04,2023-04-01,2023-05-01,2023-04-10,91399483,886.99,1777376013.677
2023-04,2023-04-01,2023-05-01,2023-04-11,128579490,886.99,1777376013.677
2023-04,2023-04-01,2023-05-01,2023-04-12,131643767,886.99,1777376013.677
2023-04,2023-04-01,2023-05-01,2023-04-13,136957397,886.99,1777376013.677
2023-04,2023-04-01,2023-05-01,2023-04-14,140937663,886.99,1777376013.677
2023-04,2023-04-01,2023-05-01,2023-04-15,120202831,886.99,1777376013.677
2023-04,2023-04-01,2023-05-01,2023-04-16,101126346,886.99,1777376013.677
2023-04,2023-04-01,2023-05-01,2023-04-17,129260029,886.99,1777376013.677
2023-04,2023-04-01,2023-05-01,2023-04-18,136115694,886.99,1777376013.677
2023-04,2023-04-01,2023-05-01,2023-04-19,138588150,886.99,1777376013.677
2023-04,2023-04-01,2023-05-01,2023-04-20,138177941,886.99,1777376013.677
2023-04,2023-04-01,2023-05-01,2023-04-21,143894202,886.99,1777376013.677
2023-04,2023-04-01,2023-05-01,2023-04-22,125151094,886.99,1777376013.677
2023-04,2023-04-01,2023-05-01,2023-04-23,106883608,886.99,1777376013.677
2023-04,2023-04-01,2023-05-01,2023-04-24,130719070,886.99,1777376013.677
2023-04,2023-04-01,2023-05-01,2023-04-25,96052775,886.99,1777376013.677
2023-04,2023-04-01,2023-05-01,2023-04-26,141059981,886.99,1777376013.677
2023-04,2023-04-01,2023-05-01,2023-04-27,143418030,886.99,1777376013.677
2023-04,2023-04-01,2023-05-01,2023-04-28,147052601,886.99,1777376013.677
2023-04,2023-04-01,2023-05-01,2023-04-29,128785979,886.99,1777376013.677
2023-04,2023-04-01,2023-05-01,2023-04-30,109242574,886.99,1777376013.677
2023-05,2023-05-01,2023-06-01,2023-05-01,134018895,809.807,1777376900.599
2023-05,2023-05-01,2023-06-01,2023-05-02,138480724,809.807,1777376900.599
2023-05,2023-05-01,2023-06-01,2023-05-03,140538638,809.807,1777376900.599
2023-05,2023-05-01,2023-06-01,2023-05-04,143855823,809.807,1777376900.599
2023-05,2023-05-01,2023-06-01,2023-05-05,147646591,809.807,1777376900.599
2023-05,2023-05-01,2023-06-01,2023-05-06,126450975,809.807,1777376900.599
2023-05,2023-05-01,2023-06-01,2023-05-07,106201529,809.807,1777376900.599
2023-05,2023-05-01,2023-06-01,2023-05-08,131308001,809.807,1777376900.599
2023-05,2023-05-01,2023-06-01,2023-05-09,137456341,809.807,1777376900.599
2023-05,2023-05-01,2023-06-01,2023-05-10,140362901,809.807,1777376900.599
2023-05,2023-05-01,2023-06-01,2023-05-11,144010283,809.807,1777376900.599
2023-05,2023-05-01,2023-06-01,2023-05-12,148392971,809.807,1777376900.599
2023-05,2023-05-01,2023-06-01,2023-05-13,132430738,809.807,1777376900.599
2023-05,2023-05-01,2023-06-01,2023-05-14,114111356,809.807,1777376900.599
2023-05,2023-05-01,2023-06-01,2023-05-15,132946500,809.807,1777376900.599
2023-05,2023-05-01,2023-06-01,2023-05-16,136786532,809.807,1777376900.599
2023-05,2023-05-01,2023-06-01,2023-05-17,140064303,809.807,1777376900.599
2023-05,2023-05-01,2023-06-01,2023-05-18,142722131,809.807,1777376900.599
2023-05,2023-05-01,2023-06-01,2023-05-19,145802007,809.807,1777376900.599
2023-05,2023-05-01,2023-06-01,2023-05-20,126139279,809.807,1777376900.599
2023-05,2023-05-01,2023-06-01,2023-05-21,106330028,809.807,1777376900.599
2023-05,2023-05-01,2023-06-01,2023-05-22,130646381,809.807,1777376900.599
2023-05,2023-05-01,2023-06-01,2023-05-23,137200761,809.807,1777376900.599
2023-05,2023-05-01,2023-06-01,2023-05-24,139973336,809.807,1777376900.599
2023-05,2023-05-01,2023-06-01,2023-05-25,140101800,809.807,1777376900.599
2023-05,2023-05-01,2023-06-01,2023-05-26,145774650,809.807,1777376900.599
2023-05,2023-05-01,2023-06-01,2023-05-27,127892720,809.807,1777376900.599
2023-05,2023-05-01,2023-06-01,2023-05-28,102808875,809.807,1777376900.599
2023-05,2023-05-01,2023-06-01,2023-05-29,130741177,809.807,1777376900.599
2023-05,2023-05-01,2023-06-01,2023-05-30,136117070,809.807,1777376900.599
2023-05,2023-05-01,2023-06-01,2023-05-31,139378405,809.807,1777376900.599
2023-06,2023-06-01,2023-07-01,2023-06-01,141630743,789.118,1777377778.673
2023-06,2023-06-01,2023-07-01,2023-06-02,145898311,789.118,1777377778.673
2023-06,2023-06-01,2023-07-01,2023-06-03,126145149,789.118,1777377778.673
2023-06,2023-06-01,2023-07-01,2023-06-04,107484413,789.118,1777377778.673
2023-06,2023-06-01,2023-07-01,2023-06-05,131287807,789.118,1777377778.673
2023-06,2023-06-01,2023-07-01,2023-06-06,136185328,789.118,1777377778.673
2023-06,2023-06-01,2023-07-01,2023-06-07,137438992,789.118,1777377778.673
2023-06,2023-06-01,2023-07-01,2023-06-08,141336337,789.118,1777377778.673
2023-06,2023-06-01,2023-07-01,2023-06-09,144564667,789.118,1777377778.673
2023-06,2023-06-01,2023-07-01,2023-06-10,118552225,789.118,1777377778.673
2023-06,2023-06-01,2023-07-01,2023-06-11,104268432,789.118,1777377778.673
2023-06,2023-06-01,2023-07-01,2023-06-12,93669983,789.118,1777377778.673
2023-06,2023-06-01,2023-07-01,2023-06-13,133270200,789.118,1777377778.673
2023-06,2023-06-01,2023-07-01,2023-06-14,138988584,789.118,1777377778.673
2023-06,2023-06-01,2023-07-01,2023-06-15,141166810,789.118,1777377778.673
2023-06,2023-06-01,2023-07-01,2023-06-16,146504734,789.118,1777377778.673
2023-06,2023-06-01,2023-07-01,2023-06-17,127566356,789.118,1777377778.673
2023-06,2023-06-01,2023-07-01,2023-06-18,106751963,789.118,1777377778.673
2023-06,2023-06-01,2023-07-01,2023-06-19,129798962,789.118,1777377778.673
2023-06,2023-06-01,2023-07-01,2023-06-20,136139813,789.118,1777377778.673
2023-06,2023-06-01,2023-07-01,2023-06-21,139172780,789.118,1777377778.673
2023-06,2023-06-01,2023-07-01,2023-06-22,141030421,789.118,1777377778.673
2023-06,2023-06-01,2023-07-01,2023-06-23,143354723,789.118,1777377778.673
2023-06,2023-06-01,2023-07-01,2023-06-24,124572671,789.118,1777377778.673
2023-06,2023-06-01,2023-07-01,2023-06-25,102423875,789.118,1777377778.673
2023-06,2023-06-01,2023-07-01,2023-06-26,124655488,789.118,1777377778.673
2023-06,2023-06-01,2023-07-01,2023-06-27,131686553,789.118,1777377778.673
2023-06,2023-06-01,2023-07-01,2023-06-28,133139298,789.118,1777377778.673
2023-06,2023-06-01,2023-07-01,2023-06-29,135770454,789.118,1777377778.673
2023-06,2023-06-01,2023-07-01,2023-06-30,138888342,789.118,1777377778.673
2023-07,2023-07-01,2023-08-01,2023-07-01,119243324,802.086,1777378657.437
2023-07,2023-07-01,2023-08-01,2023-07-02,101136986,802.086,1777378657.437
2023-07,2023-07-01,2023-08-01,2023-07-03,125547336,802.086,1777378657.437
2023-07,2023-07-01,2023-08-01,2023-07-04,130051448,802.086,1777378657.437
2023-07,2023-07-01,2023-08-01,2023-07-05,134312591,802.086,1777378657.437
2023-07,2023-07-01,2023-08-01,2023-07-06,137241166,802.086,1777378657.437
2023-07,2023-07-01,2023-08-01,2023-07-07,140121133,802.086,1777378657.437
2023-07,2023-07-01,2023-08-01,2023-07-08,120196172,802.086,1777378657.437
2023-07,2023-07-01,2023-08-01,2023-07-09,102228078,802.086,1777378657.437
2023-07,2023-07-01,2023-08-01,2023-07-10,127812524,802.086,1777378657.437
2023-07,2023-07-01,2023-08-01,2023-07-11,135738432,802.086,1777378657.437
2023-07,2023-07-01,2023-08-01,2023-07-12,138940462,802.086,1777378657.437
2023-07,2023-07-01,2023-08-01,2023-07-13,140789343,802.086,1777378657.437
2023-07,2023-07-01,2023-08-01,2023-07-14,145481762,802.086,1777378657.437
2023-07,2023-07-01,2023-08-01,2023-07-15,125427417,802.086,1777378657.437
2023-07,2023-07-01,2023-08-01,2023-07-16,106991991,802.086,1777378657.437
2023-07,2023-07-01,2023-08-01,2023-07-17,132578206,802.086,1777378657.437
2023-07,2023-07-01,2023-08-01,2023-07-18,136644300,802.086,1777378657.437
2023-07,2023-07-01,2023-08-01,2023-07-19,140370399,802.086,1777378657.437
2023-07,2023-07-01,2023-08-01,2023-07-20,140996443,802.086,1777378657.437
2023-07,2023-07-01,2023-08-01,2023-07-21,146438702,802.086,1777378657.437
2023-07,2023-07-01,2023-08-01,2023-07-22,127459583,802.086,1777378657.437
2023-07,2023-07-01,2023-08-01,2023-07-23,104831437,802.086,1777378657.437
2023-07,2023-07-01,2023-08-01,2023-07-24,130829261,802.086,1777378657.437
2023-07,2023-07-01,2023-08-01,2023-07-25,137370124,802.086,1777378657.437
2023-07,2023-07-01,2023-08-01,2023-07-26,140714201,802.086,1777378657.437
2023-07,2023-07-01,2023-08-01,2023-07-27,142960557,802.086,1777378657.437
2023-07,2023-07-01,2023-08-01,2023-07-28,147118684,802.086,1777378657.437
2023-07,2023-07-01,2023-08-01,2023-07-29,128753910,802.086,1777378657.437
2023-07,2023-07-01,2023-08-01,2023-07-30,108000720,802.086,1777378657.437
2023-08,2023-08-01,2023-09-01,2023-08-01,137407554,821.651,1777379561.289
2023-08,2023-08-01,2023-09-01,2023-08-02,140574646,821.651,1777379561.289
2023-08,2023-08-01,2023-09-01,2023-08-03,142448112,821.651,1777379561.289
2023-08,2023-08-01,2023-09-01,2023-08-04,144296614,821.651,1777379561.289
2023-08,2023-08-01,2023-09-01,2023-08-05,127219856,821.651,1777379561.289
2023-08,2023-08-01,2023-09-01,2023-08-06,106829457,821.651,1777379561.289
2023-08,2023-08-01,2023-09-01,2023-08-07,130578130,821.651,1777379561.289
2023-08,2023-08-01,2023-09-01,2023-08-08,138035363,821.651,1777379561.289
2023-08,2023-08-01,2023-09-01,2023-08-09,140303519,821.651,1777379561.289
2023-08,2023-08-01,2023-09-01,2023-08-10,143580221,821.651,1777379561.289
2023-08,2023-08-01,2023-09-01,2023-08-11,146027568,821.651,1777379561.289
2023-08,2023-08-01,2023-09-01,2023-08-12,125305108,821.651,1777379561.289
2023-08,2023-08-01,2023-09-01,2023-08-13,107207152,821.651,1777379561.289
2023-08,2023-08-01,2023-09-01,2023-08-14,132217652,821.651,1777379561.289
2023-08,2023-08-01,2023-09-01,2023-08-15,137955846,821.651,1777379561.289
2023-08,2023-08-01,2023-09-01,2023-08-16,140509077,821.651,1777379561.289
2023-08,2023-08-01,2023-09-01,2023-08-17,140932809,821.651,1777379561.289
2023-08,2023-08-01,2023-09-01,2023-08-18,144801321,821.651,1777379561.289
2023-08,2023-08-01,2023-09-01,2023-08-19,125625053,821.651,1777379561.289
2023-08,2023-08-01,2023-09-01,2023-08-20,108083169,821.651,1777379561.289
2023-08,2023-08-01,2023-09-01,2023-08-21,130687787,821.651,1777379561.289
2023-08,2023-08-01,2023-09-01,2023-08-22,135559233,821.651,1777379561.289
2023-08,2023-08-01,2023-09-01,2023-08-23,140545331,821.651,1777379561.289
2023-08,2023-08-01,2023-09-01,2023-08-24,142834525,821.651,1777379561.289
2023-08,2023-08-01,2023-09-01,2023-08-25,147208470,821.651,1777379561.289
2023-08,2023-08-01,2023-09-01,2023-08-26,127566885,821.651,1777379561.289
2023-08,2023-08-01,2023-09-01,2023-08-27,108953625,821.651,1777379561.289
2023-08,2023-08-01,2023-09-01,2023-08-28,133000147,821.651,1777379561.289
2023-08,2023-08-01,2023-09-01,2023-08-29,137150937,821.651,1777379561.289
2023-08,2023-08-01,2023-09-01,2023-08-30,139490471,821.651,1777379561.289
2023-08,2023-08-01,2023-09-01,2023-08-31,143000914,821.651,1777379561.289
2023-09,2023-09-01,2023-10-01,2023-09-01,147454847,822.206,1777380460.607
2023-09,2023-09-01,2023-10-01,2023-09-02,130541254,822.206,1777380460.607
2023-09,2023-09-01,2023-10-01,2023-09-03,112001403,822.206,1777380460.607
2023-09,2023-09-01,2023-10-01,2023-09-04,130225293,822.206,1777380460.607
2023-09,2023-09-01,2023-10-01,2023-09-05,137495062,822.206,1777380460.607
2023-09,2023-09-01,2023-10-01,2023-09-06,141159016,822.206,1777380460.607
2023-09,2023-09-01,2023-10-01,2023-09-07,142443949,822.206,1777380460.607
2023-09,2023-09-01,2023-10-01,2023-09-08,142528193,822.206,1777380460.607
2023-09,2023-09-01,2023-10-01,2023-09-09,126137663,822.206,1777380460.607
2023-09,2023-09-01,2023-10-01,2023-09-10,106531763,822.206,1777380460.607
2023-09,2023-09-01,2023-10-01,2023-09-11,132176574,822.206,1777380460.607
2023-09,2023-09-01,2023-10-01,2023-09-12,137858260,822.206,1777380460.607
2023-09,2023-09-01,2023-10-01,2023-09-13,141050704,822.206,1777380460.607
2023-09,2023-09-01,2023-10-01,2023-09-14,143460518,822.206,1777380460.607
2023-09,2023-09-01,2023-10-01,2023-09-15,147142511,822.206,1777380460.607
2023-09,2023-09-01,2023-10-01,2023-09-16,126674430,822.206,1777380460.607
2023-09,2023-09-01,2023-10-01,2023-09-17,107793479,822.206,1777380460.607
2023-09,2023-09-01,2023-10-01,2023-09-18,128166637,822.206,1777380460.607
2023-09,2023-09-01,2023-10-01,2023-09-19,135282794,822.206,1777380460.607
2023-09,2023-09-01,2023-10-01,2023-09-20,136367647,822.206,1777380460.607
2023-09,2023-09-01,2023-10-01,2023-09-21,139545858,822.206,1777380460.607
2023-09,2023-09-01,2023-10-01,2023-09-22,142755530,822.206,1777380460.607
2023-09,2023-09-01,2023-10-01,2023-09-23,122824110,822.206,1777380460.607
2023-09,2023-09-01,2023-10-01,2023-09-24,108206235,822.206,1777380460.607
2023-09,2023-09-01,2023-10-01,2023-09-25,129421879,822.206,1777380460.607
2023-09,2023-09-01,2023-10-01,2023-09-26,136538135,822.206,1777380460.607
2023-09,2023-09-01,2023-10-01,2023-09-27,140339525,822.206,1777380460.607
2023-09,2023-09-01,2023-10-01,2023-09-28,147517207,822.206,1777380460.607
2023-09,2023-09-01,2023-10-01,2023-09-29,113949839,822.206,1777380460.607
2023-09,2023-09-01,2023-10-01,2023-09-30,106855214,822.206,1777380460.607
2023-10,2023-10-01,2023-11-01,2023-10-01,100607123,819.54,1777381355.157
2023-10,2023-10-01,2023-11-01,2023-10-02,133639070,819.54,1777381355.157
2023-10,2023-10-01,2023-11-01,2023-10-03,135473378,819.54,1777381355.157
2023-10,2023-10-01,2023-11-01,2023-10-04,140527318,819.54,1777381355.157
2023-10,2023-10-01,2023-11-01,2023-10-05,144738721,819.54,1777381355.157
2023-10,2023-10-01,2023-11-01,2023-10-06,149443935,819.54,1777381355.157
2023-10,2023-10-01,2023-11-01,2023-10-07,129529374,819.54,1777381355.157
2023-10,2023-10-01,2023-11-01,2023-10-08,109233841,819.54,1777381355.157
2023-10,2023-10-01,2023-11-01,2023-10-09,136272292,819.54,1777381355.157
2023-10,2023-10-01,2023-11-01,2023-10-10,141753921,819.54,1777381355.157
2023-10,2023-10-01,2023-11-01,2023-10-11,145316216,819.54,1777381355.157
2023-10,2023-10-01,2023-11-01,2023-10-12,143445836,819.54,1777381355.157
2023-10,2023-10-01,2023-11-01,2023-10-13,149222188,819.54,1777381355.157
2023-10,2023-10-01,2023-11-01,2023-10-14,129722153,819.54,1777381355.157
2023-10,2023-10-01,2023-11-01,2023-10-15,107240962,819.54,1777381355.157
2023-10,2023-10-01,2023-11-01,2023-10-16,133672393,819.54,1777381355.157
2023-10,2023-10-01,2023-11-01,2023-10-17,141531609,819.54,1777381355.157
2023-10,2023-10-01,2023-11-01,2023-10-18,144799962,819.54,1777381355.157
2023-10,2023-10-01,2023-11-01,2023-10-19,147956242,819.54,1777381355.157
2023-10,2023-10-01,2023-11-01,2023-10-20,151334544,819.54,1777381355.157
2023-10,2023-10-01,2023-11-01,2023-10-21,130299850,819.54,1777381355.157
2023-10,2023-10-01,2023-11-01,2023-10-22,105843402,819.54,1777381355.157
2023-10,2023-10-01,2023-11-01,2023-10-23,136256119,819.54,1777381355.157
2023-10,2023-10-01,2023-11-01,2023-10-24,141606786,819.54,1777381355.157
2023-10,2023-10-01,2023-11-01,2023-10-25,142892874,819.54,1777381355.157
2023-10,2023-10-01,2023-11-01,2023-10-26,145983842,819.54,1777381355.157
2023-10,2023-10-01,2023-11-01,2023-10-27,151762953,819.54,1777381355.157
2023-10,2023-10-01,2023-11-01,2023-10-28,131853471,819.54,1777381355.157
2023-10,2023-10-01,2023-11-01,2023-10-29,113238395,819.54,1777381355.157
2023-10,2023-10-01,2023-11-01,2023-10-30,136045157,819.54,1777381355.157
2023-10,2023-10-01,2023-11-01,2023-10-31,143016460,819.54,1777381355.157
2023-11,2023-11-01,2023-12-01,2023-11-01,143860459,790.741,1777382222.047
2023-11,2023-11-01,2023-12-01,2023-11-02,146512767,790.741,1777382222.047
2023-11,2023-11-01,2023-12-01,2023-11-03,148781077,790.741,1777382222.047
2023-11,2023-11-01,2023-12-01,2023-11-04,122276322,790.741,1777382222.047
2023-11,2023-11-01,2023-12-01,2023-11-05,105656452,790.741,1777382222.047
2023-11,2023-11-01,2023-12-01,2023-11-06,124437785,790.741,1777382222.047
2023-11,2023-11-01,2023-12-01,2023-11-07,99355021,790.741,1777382222.047
2023-11,2023-11-01,2023-12-01,2023-11-08,141301577,790.741,1777382222.047
2023-11,2023-11-01,2023-12-01,2023-11-09,147437587,790.741,1777382222.047
2023-11,2023-11-01,2023-12-01,2023-11-10,153171387,790.741,1777382222.047
2023-11,2023-11-01,2023-12-01,2023-11-11,131334384,790.741,1777382222.047
2023-11,2023-11-01,2023-12-01,2023-11-12,112286613,790.741,1777382222.047
2023-11,2023-11-01,2023-12-01,2023-11-13,139320944,790.741,1777382222.047
2023-11,2023-11-01,2023-12-01,2023-11-14,144274660,790.741,1777382222.047
2023-11,2023-11-01,2023-12-01,2023-11-15,146799923,790.741,1777382222.047
2023-11,2023-11-01,2023-12-01,2023-11-16,149199033,790.741,1777382222.047
2023-11,2023-11-01,2023-12-01,2023-11-17,153360569,790.741,1777382222.047
2023-11,2023-11-01,2023-12-01,2023-11-18,134170221,790.741,1777382222.047
2023-11,2023-11-01,2023-12-01,2023-11-19,113884448,790.741,1777382222.047
2023-11,2023-11-01,2023-12-01,2023-11-20,137590174,790.741,1777382222.047
2023-11,2023-11-01,2023-12-01,2023-11-21,144340416,790.741,1777382222.047
2023-11,2023-11-01,2023-12-01,2023-11-22,148134486,790.741,1777382222.047
2023-11,2023-11-01,2023-12-01,2023-11-23,151506833,790.741,1777382222.047
2023-11,2023-11-01,2023-12-01,2023-11-24,155092991,790.741,1777382222.047
2023-11,2023-11-01,2023-12-01,2023-11-25,134401695,790.741,1777382222.047
2023-11,2023-11-01,2023-12-01,2023-11-26,114135516,790.741,1777382222.047
2023-11,2023-11-01,2023-12-01,2023-11-27,140766834,790.741,1777382222.047
2023-11,2023-11-01,2023-12-01,2023-11-28,145055092,790.741,1777382222.047
2023-11,2023-11-01,2023-12-01,2023-11-29,143678799,790.741,1777382222.047
2023-11,2023-11-01,2023-12-01,2023-11-30,149748143,790.741,1777382222.047
2023-12,2023-12-01,2024-01-01,2023-12-01,154075883,812.445,1777383110.71
2023-12,2023-12-01,2024-01-01,2023-12-02,129319953,812.445,1777383110.71
2023-12,2023-12-01,2024-01-01,2023-12-03,115647677,812.445,1777383110.71
2023-12,2023-12-01,2024-01-01,2023-12-04,140970313,812.445,1777383110.71
2023-12,2023-12-01,2024-01-01,2023-12-05,146882353,812.445,1777383110.71
2023-12,2023-12-01,2024-01-01,2023-12-06,150465806,812.445,1777383110.71
2023-12,2023-12-01,2024-01-01,2023-12-07,152653012,812.445,1777383110.71
2023-12,2023-12-01,2024-01-01,2023-12-08,154837732,812.445,1777383110.71
2023-12,2023-12-01,2024-01-01,2023-12-09,123403984,812.445,1777383110.71
2023-12,2023-12-01,2024-01-01,2023-12-10,114866212,812.445,1777383110.71
2023-12,2023-12-01,2024-01-01,2023-12-11,134954752,812.445,1777383110.71
2023-12,2023-12-01,2024-01-01,2023-12-12,147333190,812.445,1777383110.71
2023-12,2023-12-01,2024-01-01,2023-12-13,146303401,812.445,1777383110.71
2023-12,2023-12-01,2024-01-01,2023-12-14,146946741,812.445,1777383110.71
2023-12,2023-12-01,2024-01-01,2023-12-15,157265385,812.445,1777383110.71
2023-12,2023-12-01,2024-01-01,2023-12-16,136105164,812.445,1777383110.71
2023-12,2023-12-01,2024-01-01,2023-12-17,118122150,812.445,1777383110.71
2023-12,2023-12-01,2024-01-01,2023-12-18,138858137,812.445,1777383110.71
2023-12,2023-12-01,2024-01-01,2023-12-19,144898371,812.445,1777383110.71
2023-12,2023-12-01,2024-01-01,2023-12-20,145108422,812.445,1777383110.71
2023-12,2023-12-01,2024-01-01,2023-12-21,150845557,812.445,1777383110.71
2023-12,2023-12-01,2024-01-01,2023-12-22,147886135,812.445,1777383110.71
2023-12,2023-12-01,2024-01-01,2023-12-23,125475934,812.445,1777383110.71
2023-12,2023-12-01,2024-01-01,2023-12-24,107457696,812.445,1777383110.71
2023-12,2023-12-01,2024-01-01,2023-12-25,78973165,812.445,1777383110.71
2023-12,2023-12-01,2024-01-01,2023-12-26,92176898,812.445,1777383110.71
2023-12,2023-12-01,2024-01-01,2023-12-27,109947502,812.445,1777383110.71
2023-12,2023-12-01,2024-01-01,2023-12-28,111102482,812.445,1777383110.71
2023-12,2023-12-01,2024-01-01,2023-12-29,114128556,812.445,1777383110.71
2023-12,2023-12-01,2024-01-01,2023-12-30,100929008,812.445,1777383110.71
2023-12,2023-12-01,2024-01-01,2023-12-31,94837696,812.445,1777383110.71
2024-01,2024-01-01,2024-02-01,2024-01-01,86730229,821.06,1777384007.417
2024-01,2024-01-01,2024-02-01,2024-01-02,102656290,821.06,1777384007.417
2024-01,2024-01-01,2024-02-01,2024-01-03,109813404,821.06,1777384007.417
2024-01,2024-01-01,2024-02-01,2024-01-04,115323473,821.06,1777384007.417
2024-01,2024-01-01,2024-02-01,2024-01-05,119963872,821.06,1777384007.417
2024-01,2024-01-01,2024-02-01,2024-01-06,109296052,821.06,1777384007.417
2024-01,2024-01-01,2024-02-01,2024-01-07,91801954,821.06,1777384007.417
2024-01,2024-01-01,2024-02-01,2024-01-08,112800022,821.06,1777384007.417
2024-01,2024-01-01,2024-02-01,2024-01-09,124512543,821.06,1777384007.417
2024-01,2024-01-01,2024-02-01,2024-01-10,128718189,821.06,1777384007.417
2024-01,2024-01-01,2024-02-01,2024-01-11,132152569,821.06,1777384007.417
2024-01,2024-01-01,2024-02-01,2024-01-12,136074495,821.06,1777384007.417
2024-01,2024-01-01,2024-02-01,2024-01-13,117476612,821.06,1777384007.417
2024-01,2024-01-01,2024-02-01,2024-01-14,104421379,821.06,1777384007.417
2024-01,2024-01-01,2024-02-01,2024-01-15,121602594,821.06,1777384007.417
2024-01,2024-01-01,2024-02-01,2024-01-16,131130810,821.06,1777384007.417
2024-01,2024-01-01,2024-02-01,2024-01-17,134375682,821.06,1777384007.417
2024-01,2024-01-01,2024-02-01,2024-01-18,140036538,821.06,1777384007.417
2024-01,2024-01-01,2024-02-01,2024-01-19,143055155,821.06,1777384007.417
2024-01,2024-01-01,2024-02-01,2024-01-20,123897633,821.06,1777384007.417
2024-01,2024-01-01,2024-02-01,2024-01-21,107132261,821.06,1777384007.417
2024-01,2024-01-01,2024-02-01,2024-01-22,131663742,821.06,1777384007.417
2024-01,2024-01-01,2024-02-01,2024-01-23,139545539,821.06,1777384007.417
2024-01,2024-01-01,2024-02-01,2024-01-24,142413270,821.06,1777384007.417
2024-01,2024-01-01,2024-02-01,2024-01-25,147558128,821.06,1777384007.417
2024-01,2024-01-01,2024-02-01,2024-01-26,105938236,821.06,1777384007.417
2024-01,2024-01-01,2024-02-01,2024-01-27,115839905,821.06,1777384007.417
2024-01,2024-01-01,2024-02-01,2024-01-28,106175455,821.06,1777384007.417
2024-01,2024-01-01,2024-02-01,2024-01-29,135280689,821.06,1777384007.417
2024-01,2024-01-01,2024-02-01,2024-01-30,142113845,821.06,1777384007.417
2024-01,2024-01-01,2024-02-01,2024-01-31,145396001,821.06,1777384007.417
2024-02,2024-02-01,2024-03-01,2024-02-01,147956156,830.34,1777384913.805
2024-02,2024-02-01,2024-03-01,2024-02-02,152376341,830.34,1777384913.805
2024-02,2024-02-01,2024-03-01,2024-02-03,132397641,830.34,1777384913.805
2024-02,2024-02-01,2024-03-01,2024-02-04,108621654,830.34,1777384913.805
2024-02,2024-02-01,2024-03-01,2024-02-05,139411036,830.34,1777384913.805
2024-02,2024-02-01,2024-03-01,2024-02-06,145022310,830.34,1777384913.805
2024-02,2024-02-01,2024-03-01,2024-02-07,148044910,830.34,1777384913.805
2024-02,2024-02-01,2024-03-01,2024-02-08,149866861,830.34,1777384913.805
2024-02,2024-02-01,2024-03-01,2024-02-09,153641327,830.34,1777384913.805
2024-02,2024-02-01,2024-03-01,2024-02-10,132926395,830.34,1777384913.805
2024-02,2024-02-01,2024-03-01,2024-02-11,112382769,830.34,1777384913.805
2024-02,2024-02-01,2024-03-01,2024-02-12,137579019,830.34,1777384913.805
2024-02,2024-02-01,2024-03-01,2024-02-13,135893077,830.34,1777384913.805
2024-02,2024-02-01,2024-03-01,2024-02-14,149148701,830.34,1777384913.805
2024-02,2024-02-01,2024-03-01,2024-02-15,149979895,830.34,1777384913.805
2024-02,2024-02-01,2024-03-01,2024-02-16,153634503,830.34,1777384913.805
2024-02,2024-02-01,2024-03-01,2024-02-17,134799866,830.34,1777384913.805
2024-02,2024-02-01,2024-03-01,2024-02-18,114730205,830.34,1777384913.805
2024-02,2024-02-01,2024-03-01,2024-02-19,139676309,830.34,1777384913.805
2024-02,2024-02-01,2024-03-01,2024-02-20,145276644,830.34,1777384913.805
2024-02,2024-02-01,2024-03-01,2024-02-21,147997422,830.34,1777384913.805
2024-02,2024-02-01,2024-03-01,2024-02-22,145690998,830.34,1777384913.805
2024-02,2024-02-01,2024-03-01,2024-02-23,154466985,830.34,1777384913.805
2024-02,2024-02-01,2024-03-01,2024-02-24,134177459,830.34,1777384913.805
2024-02,2024-02-01,2024-03-01,2024-02-25,113935338,830.34,1777384913.805
2024-02,2024-02-01,2024-03-01,2024-02-26,139636923,830.34,1777384913.805
2024-02,2024-02-01,2024-03-01,2024-02-27,146125470,830.34,1777384913.805
2024-02,2024-02-01,2024-03-01,2024-02-28,145092210,830.34,1777384913.805
2024-02,2024-02-01,2024-03-01,2024-02-29,151067880,830.34,1777384913.805
2024-03,2024-03-01,2024-04-01,2024-03-01,154596280,805.507,1777385797.304
2024-03,2024-03-01,2024-04-01,2024-03-02,134352800,805.507,1777385797.304
2024-03,2024-03-01,2024-04-01,2024-03-03,113115456,805.507,1777385797.304
2024-03,2024-03-01,2024-04-01,2024-03-04,141280434,805.507,1777385797.304
2024-03,2024-03-01,2024-04-01,2024-03-05,146440282,805.507,1777385797.304
2024-03,2024-03-01,2024-04-01,2024-03-06,149218966,805.507,1777385797.304
2024-03,2024-03-01,2024-04-01,2024-03-07,152168341,805.507,1777385797.304
2024-03,2024-03-01,2024-04-01,2024-03-08,154808647,805.507,1777385797.304
2024-03,2024-03-01,2024-04-01,2024-03-09,120073892,805.507,1777385797.304
2024-03,2024-03-01,2024-04-01,2024-03-10,104696921,805.507,1777385797.304
2024-03,2024-03-01,2024-04-01,2024-03-11,99098068,805.507,1777385797.304
2024-03,2024-03-01,2024-04-01,2024-03-12,143053620,805.507,1777385797.304
2024-03,2024-03-01,2024-04-01,2024-03-13,148089917,805.507,1777385797.304
2024-03,2024-03-01,2024-04-01,2024-03-14,150640936,805.507,1777385797.304
2024-03,2024-03-01,2024-04-01,2024-03-15,155148752,805.507,1777385797.304
2024-03,2024-03-01,2024-04-01,2024-03-16,135666157,805.507,1777385797.304
2024-03,2024-03-01,2024-04-01,2024-03-17,116242602,805.507,1777385797.304
2024-03,2024-03-01,2024-04-01,2024-03-18,141214028,805.507,1777385797.304
2024-03,2024-03-01,2024-04-01,2024-03-19,145313666,805.507,1777385797.304
2024-03,2024-03-01,2024-04-01,2024-03-20,149766014,805.507,1777385797.304
2024-03,2024-03-01,2024-04-01,2024-03-21,151964550,805.507,1777385797.304
2024-03,2024-03-01,2024-04-01,2024-03-22,155318066,805.507,1777385797.304
2024-03,2024-03-01,2024-04-01,2024-03-23,134292053,805.507,1777385797.304
2024-03,2024-03-01,2024-04-01,2024-03-24,113855327,805.507,1777385797.304
2024-03,2024-03-01,2024-04-01,2024-03-25,140689645,805.507,1777385797.304
2024-03,2024-03-01,2024-04-01,2024-03-26,146394380,805.507,1777385797.304
2024-03,2024-03-01,2024-04-01,2024-03-27,150425760,805.507,1777385797.304
2024-03,2024-03-01,2024-04-01,2024-03-28,156611069,805.507,1777385797.304
2024-03,2024-03-01,2024-04-01,2024-03-29,94922149,805.507,1777385797.304
2024-03,2024-03-01,2024-04-01,2024-03-30,110136216,805.507,1777385797.304
2024-03,2024-03-01,2024-04-01,2024-03-31,97195332,805.507,1777385797.304
2024-04,2024-04-01,2024-05-01,2024-04-01,92293550,815.418,1777386690.252
2024-04,2024-04-01,2024-05-01,2024-04-02,129196068,815.418,1777386690.252
2024-04,2024-04-01,2024-05-01,2024-04-03,134637881,815.418,1777386690.252
2024-04,2024-04-01,2024-05-01,2024-04-04,140052228,815.418,1777386690.252
2024-04,2024-04-01,2024-05-01,2024-04-05,143678522,815.418,1777386690.252
2024-04,2024-04-01,2024-05-01,2024-04-06,124349190,815.418,1777386690.252
2024-04,2024-04-01,2024-05-01,2024-04-07,107679205,815.418,1777386690.252
2024-04,2024-04-01,2024-05-01,2024-04-08,133278783,815.418,1777386690.252
2024-04,2024-04-01,2024-05-01,2024-04-09,139319142,815.418,1777386690.252
2024-04,2024-04-01,2024-05-01,2024-04-10,142181471,815.418,1777386690.252
2024-04,2024-04-01,2024-05-01,2024-04-11,144611358,815.418,1777386690.252
2024-04,2024-04-01,2024-05-01,2024-04-12,147356622,815.418,1777386690.252
2024-04,2024-04-01,2024-05-01,2024-04-13,130113434,815.418,1777386690.252
2024-04,2024-04-01,2024-05-01,2024-04-14,111525369,815.418,1777386690.252
2024-04,2024-04-01,2024-05-01,2024-04-15,137781463,815.418,1777386690.252
2024-04,2024-04-01,2024-05-01,2024-04-16,143735445,815.418,1777386690.252
2024-04,2024-04-01,2024-05-01,2024-04-17,146547156,815.418,1777386690.252
2024-04,2024-04-01,2024-05-01,2024-04-18,148490105,815.418,1777386690.252
2024-04,2024-04-01,2024-05-01,2024-04-19,152259645,815.418,1777386690.252
2024-04,2024-04-01,2024-05-01,2024-04-20,133328765,815.418,1777386690.252
2024-04,2024-04-01,2024-05-01,2024-04-21,112993068,815.418,1777386690.252
2024-04,2024-04-01,2024-05-01,2024-04-22,139142973,815.418,1777386690.252
2024-04,2024-04-01,2024-05-01,2024-04-23,145312109,815.418,1777386690.252
2024-04,2024-04-01,2024-05-01,2024-04-24,142918272,815.418,1777386690.252
2024-04,2024-04-01,2024-05-01,2024-04-25,100947394,815.418,1777386690.252
2024-04,2024-04-01,2024-05-01,2024-04-26,141172831,815.418,1777386690.252
2024-04,2024-04-01,2024-05-01,2024-04-27,126957159,815.418,1777386690.252
2024-04,2024-04-01,2024-05-01,2024-04-28,110506829,815.418,1777386690.252
2024-04,2024-04-01,2024-05-01,2024-04-29,136707240,815.418,1777386690.252
2024-04,2024-04-01,2024-05-01,2024-04-30,143139191,815.418,1777386690.252
2024-05,2024-05-01,2024-06-01,2024-05-01,146562121,813.954,1777387581.665
2024-05,2024-05-01,2024-06-01,2024-05-02,148054003,813.954,1777387581.665
2024-05,2024-05-01,2024-06-01,2024-05-03,152507932,813.954,1777387581.665
2024-05,2024-05-01,2024-06-01,2024-05-04,133517236,813.954,1777387581.665
2024-05,2024-05-01,2024-06-01,2024-05-05,112436403,813.954,1777387581.665
2024-05,2024-05-01,2024-06-01,2024-05-06,136084422,813.954,1777387581.665
2024-05,2024-05-01,2024-06-01,2024-05-07,142923008,813.954,1777387581.665
2024-05,2024-05-01,2024-06-01,2024-05-08,145214682,813.954,1777387581.665
2024-05,2024-05-01,2024-06-01,2024-05-09,147910574,813.954,1777387581.665
2024-05,2024-05-01,2024-06-01,2024-05-10,150627029,813.954,1777387581.665
2024-05,2024-05-01,2024-06-01,2024-05-11,135802901,813.954,1777387581.665
2024-05,2024-05-01,2024-06-01,2024-05-12,119820794,813.954,1777387581.665
2024-05,2024-05-01,2024-06-01,2024-05-13,136715336,813.954,1777387581.665
2024-05,2024-05-01,2024-06-01,2024-05-14,141443892,813.954,1777387581.665
2024-05,2024-05-01,2024-06-01,2024-05-15,144374646,813.954,1777387581.665
2024-05,2024-05-01,2024-06-01,2024-05-16,146551566,813.954,1777387581.665
2024-05,2024-05-01,2024-06-01,2024-05-17,148668909,813.954,1777387581.665
2024-05,2024-05-01,2024-06-01,2024-05-18,131017684,813.954,1777387581.665
2024-05,2024-05-01,2024-06-01,2024-05-19,107695409,813.954,1777387581.665
2024-05,2024-05-01,2024-06-01,2024-05-20,133951114,813.954,1777387581.665
2024-05,2024-05-01,2024-06-01,2024-05-21,141007811,813.954,1777387581.665
2024-05,2024-05-01,2024-06-01,2024-05-22,144240483,813.954,1777387581.665
2024-05,2024-05-01,2024-06-01,2024-05-23,145984608,813.954,1777387581.665
2024-05,2024-05-01,2024-06-01,2024-05-24,149511947,813.954,1777387581.665
2024-05,2024-05-01,2024-06-01,2024-05-25,130988815,813.954,1777387581.665
2024-05,2024-05-01,2024-06-01,2024-05-26,111218469,813.954,1777387581.665
2024-05,2024-05-01,2024-06-01,2024-05-27,135247453,813.954,1777387581.665
2024-05,2024-05-01,2024-06-01,2024-05-28,140796363,813.954,1777387581.665
2024-05,2024-05-01,2024-06-01,2024-05-29,143488532,813.954,1777387581.665
2024-05,2024-05-01,2024-06-01,2024-05-30,143528635,813.954,1777387581.665
2024-05,2024-05-01,2024-06-01,2024-05-31,148859708,813.954,1777387581.665
2024-06,2024-06-01,2024-07-01,2024-06-01,129757042,813.651,1777388471.27
2024-06,2024-06-01,2024-07-01,2024-06-02,107621417,813.651,1777388471.27
2024-06,2024-06-01,2024-07-01,2024-06-03,134242611,813.651,1777388471.27
2024-06,2024-06-01,2024-07-01,2024-06-04,139470543,813.651,1777388471.27
2024-06,2024-06-01,2024-07-01,2024-06-05,142551895,813.651,1777388471.27
2024-06,2024-06-01,2024-07-01,2024-06-06,145613337,813.651,1777388471.27
2024-06,2024-06-01,2024-07-01,2024-06-07,148082796,813.651,1777388471.27
2024-06,2024-06-01,2024-07-01,2024-06-08,120906471,813.651,1777388471.27
2024-06,2024-06-01,2024-07-01,2024-06-09,104273842,813.651,1777388471.27
2024-06,2024-06-01,2024-07-01,2024-06-10,96886872,813.651,1777388471.27
2024-06,2024-06-01,2024-07-01,2024-06-11,134656753,813.651,1777388471.27
2024-06,2024-06-01,2024-07-01,2024-06-12,141944468,813.651,1777388471.27
2024-06,2024-06-01,2024-07-01,2024-06-13,144420474,813.651,1777388471.27
2024-06,2024-06-01,2024-07-01,2024-06-14,148986250,813.651,1777388471.27
2024-06,2024-06-01,2024-07-01,2024-06-15,130981551,813.651,1777388471.27
2024-06,2024-06-01,2024-07-01,2024-06-16,109416316,813.651,1777388471.27
2024-06,2024-06-01,2024-07-01,2024-06-17,135194588,813.651,1777388471.27
2024-06,2024-06-01,2024-07-01,2024-06-18,140667870,813.651,1777388471.27
2024-06,2024-06-01,2024-07-01,2024-06-19,144263462,813.651,1777388471.27
2024-06,2024-06-01,2024-07-01,2024-06-20,145779483,813.651,1777388471.27
2024-06,2024-06-01,2024-07-01,2024-06-21,149975170,813.651,1777388471.27
2024-06,2024-06-01,2024-07-01,2024-06-22,130777586,813.651,1777388471.27
2024-06,2024-06-01,2024-07-01,2024-06-23,110744516,813.651,1777388471.27
2024-06,2024-06-01,2024-07-01,2024-06-24,132976016,813.651,1777388471.27
2024-06,2024-06-01,2024-07-01,2024-06-25,139506233,813.651,1777388471.27
2024-06,2024-06-01,2024-07-01,2024-06-26,142324065,813.651,1777388471.27
2024-06,2024-06-01,2024-07-01,2024-06-27,144556102,813.651,1777388471.27
2024-06,2024-06-01,2024-07-01,2024-06-28,148336154,813.651,1777388471.27
2024-06,2024-06-01,2024-07-01,2024-06-29,122605889,813.651,1777388471.27
2024-06,2024-06-01,2024-07-01,2024-06-30,105235546,813.651,1777388471.27
2024-07,2024-07-01,2024-08-01,2024-07-01,128505600,809.644,1777389356.765
2024-07,2024-07-01,2024-08-01,2024-07-02,134653559,809.644,1777389356.765
2024-07,2024-07-01,2024-08-01,2024-07-03,137599657,809.644,1777389356.765
2024-07,2024-07-01,2024-08-01,2024-07-04,139043992,809.644,1777389356.765
2024-07,2024-07-01,2024-08-01,2024-07-05,141987752,809.644,1777389356.765
2024-07,2024-07-01,2024-08-01,2024-07-06,121890571,809.644,1777389356.765
2024-07,2024-07-01,2024-08-01,2024-07-07,105475495,809.644,1777389356.765
2024-07,2024-07-01,2024-08-01,2024-07-08,127154600,809.644,1777389356.765
2024-07,2024-07-01,2024-08-01,2024-07-09,132267579,809.644,1777389356.765
2024-07,2024-07-01,2024-08-01,2024-07-10,137991067,809.644,1777389356.765
2024-07,2024-07-01,2024-08-01,2024-07-11,139870029,809.644,1777389356.765
2024-07,2024-07-01,2024-08-01,2024-07-12,144421815,809.644,1777389356.765
2024-07,2024-07-01,2024-08-01,2024-07-13,125390812,809.644,1777389356.765
2024-07,2024-07-01,2024-08-01,2024-07-14,105810901,809.644,1777389356.765
2024-07,2024-07-01,2024-08-01,2024-07-15,131938210,809.644,1777389356.765
2024-07,2024-07-01,2024-08-01,2024-07-16,138994730,809.644,1777389356.765
2024-07,2024-07-01,2024-08-01,2024-07-17,142627925,809.644,1777389356.765
2024-07,2024-07-01,2024-08-01,2024-07-18,145688569,809.644,1777389356.765
2024-07,2024-07-01,2024-08-01,2024-07-19,148580803,809.644,1777389356.765
2024-07,2024-07-01,2024-08-01,2024-07-20,126135978,809.644,1777389356.765
2024-07,2024-07-01,2024-08-01,2024-07-21,109285303,809.644,1777389356.765
2024-07,2024-07-01,2024-08-01,2024-07-22,134989967,809.644,1777389356.765
2024-07,2024-07-01,2024-08-01,2024-07-23,142354650,809.644,1777389356.765
2024-07,2024-07-01,2024-08-01,2024-07-24,144391688,809.644,1777389356.765
2024-07,2024-07-01,2024-08-01,2024-07-25,145247526,809.644,1777389356.765
2024-07,2024-07-01,2024-08-01,2024-07-26,151674106,809.644,1777389356.765
2024-07,2024-07-01,2024-08-01,2024-07-27,127739356,809.644,1777389356.765
2024-07,2024-07-01,2024-08-01,2024-07-28,107557931,809.644,1777389356.765
2024-07,2024-07-01,2024-08-01,2024-07-29,135176213,809.644,1777389356.765
2024-07,2024-07-01,2024-08-01,2024-07-30,142211150,809.644,1777389356.765
2024-07,2024-07-01,2024-08-01,2024-07-31,144834616,809.644,1777389356.765
2024-08,2024-08-01,2024-09-01,2024-08-01,146522944,913.926,1777390347.217
2024-08,2024-08-01,2024-09-01,2024-08-02,150140827,913.926,1777390347.217
2024-08,2024-08-01,2024-09-01,2024-08-03,129942555,913.926,1777390347.217
2024-08,2024-08-01,2024-09-01,2024-08-04,111330862,913.926,1777390347.217
2024-08,2024-08-01,2024-09-01,2024-08-05,134579388,913.926,1777390347.217
2024-08,2024-08-01,2024-09-01,2024-08-06,141648816,913.926,1777390347.217
2024-08,2024-08-01,2024-09-01,2024-08-07,144334171,913.926,1777390347.217
2024-08,2024-08-01,2024-09-01,2024-08-08,146116146,913.926,1777390347.217
2024-08,2024-08-01,2024-09-01,2024-08-09,150517128,913.926,1777390347.217
2024-08,2024-08-01,2024-09-01,2024-08-10,132202577,913.926,1777390347.217
2024-08,2024-08-01,2024-09-01,2024-08-11,113534407,913.926,1777390347.217
2024-08,2024-08-01,2024-09-01,2024-08-12,136982159,913.926,1777390347.217
2024-08,2024-08-01,2024-09-01,2024-08-13,142449049,913.926,1777390347.217
2024-08,2024-08-01,2024-09-01,2024-08-14,145310960,913.926,1777390347.217
2024-08,2024-08-01,2024-09-01,2024-08-15,147527072,913.926,1777390347.217
2024-08,2024-08-01,2024-09-01,2024-08-16,150053799,913.926,1777390347.217
2024-08,2024-08-01,2024-09-01,2024-08-17,130298093,913.926,1777390347.217
2024-08,2024-08-01,2024-09-01,2024-08-18,112345971,913.926,1777390347.217
2024-08,2024-08-01,2024-09-01,2024-08-19,135968559,913.926,1777390347.217
2024-08,2024-08-01,2024-09-01,2024-08-20,141270999,913.926,1777390347.217
2024-08,2024-08-01,2024-09-01,2024-08-21,144907968,913.926,1777390347.217
2024-08,2024-08-01,2024-09-01,2024-08-22,147403437,913.926,1777390347.217
2024-08,2024-08-01,2024-09-01,2024-08-23,150452187,913.926,1777390347.217
2024-08,2024-08-01,2024-09-01,2024-08-24,132904024,913.926,1777390347.217
2024-08,2024-08-01,2024-09-01,2024-08-25,109695357,913.926,1777390347.217
2024-08,2024-08-01,2024-09-01,2024-08-26,136877341,913.926,1777390347.217
2024-08,2024-08-01,2024-09-01,2024-08-27,141943952,913.926,1777390347.217
2024-08,2024-08-01,2024-09-01,2024-08-28,143815041,913.926,1777390347.217
2024-08,2024-08-01,2024-09-01,2024-08-29,148406232,913.926,1777390347.217
2024-08,2024-08-01,2024-09-01,2024-08-30,152506374,913.926,1777390347.217
2024-08,2024-08-01,2024-09-01,2024-08-31,133537538,913.926,1777390347.217
2024-09,2024-09-01,2024-10-01,2024-09-01,112265081,795.671,1777391219.131
2024-09,2024-09-01,2024-10-01,2024-09-02,129392332,795.671,1777391219.131
2024-09,2024-09-01,2024-10-01,2024-09-03,143033072,795.671,1777391219.131
2024-09,2024-09-01,2024-10-01,2024-09-04,145901005,795.671,1777391219.131
2024-09,2024-09-01,2024-10-01,2024-09-05,145866028,795.671,1777391219.131
2024-09,2024-09-01,2024-10-01,2024-09-06,150035445,795.671,1777391219.131
2024-09,2024-09-01,2024-10-01,2024-09-07,133054238,795.671,1777391219.131
2024-09,2024-09-01,2024-10-01,2024-09-08,110500365,795.671,1777391219.131
2024-09,2024-09-01,2024-10-01,2024-09-09,137399112,795.671,1777391219.131
2024-09,2024-09-01,2024-10-01,2024-09-10,143429324,795.671,1777391219.131
2024-09,2024-09-01,2024-10-01,2024-09-11,143794304,795.671,1777391219.131
2024-09,2024-09-01,2024-10-01,2024-09-12,148544665,795.671,1777391219.131
2024-09,2024-09-01,2024-10-01,2024-09-13,151709781,795.671,1777391219.131
2024-09,2024-09-01,2024-10-01,2024-09-14,127366775,795.671,1777391219.131
2024-09,2024-09-01,2024-10-01,2024-09-15,110983513,795.671,1777391219.131
2024-09,2024-09-01,2024-10-01,2024-09-16,135243912,795.671,1777391219.131
2024-09,2024-09-01,2024-10-01,2024-09-17,142953654,795.671,1777391219.131
2024-09,2024-09-01,2024-10-01,2024-09-18,145574764,795.671,1777391219.131
2024-09,2024-09-01,2024-10-01,2024-09-19,146958938,795.671,1777391219.131
2024-09,2024-09-01,2024-10-01,2024-09-20,149866039,795.671,1777391219.131
2024-09,2024-09-01,2024-10-01,2024-09-21,128204426,795.671,1777391219.131
2024-09,2024-09-01,2024-10-01,2024-09-22,109824126,795.671,1777391219.131
2024-09,2024-09-01,2024-10-01,2024-09-23,132824255,795.671,1777391219.131
2024-09,2024-09-01,2024-10-01,2024-09-24,139889882,795.671,1777391219.131
2024-09,2024-09-01,2024-10-01,2024-09-25,139420224,795.671,1777391219.131
2024-09,2024-09-01,2024-10-01,2024-09-26,148503410,795.671,1777391219.131
2024-09,2024-09-01,2024-10-01,2024-09-27,115383152,795.671,1777391219.131
2024-09,2024-09-01,2024-10-01,2024-09-28,110521407,795.671,1777391219.131
2024-09,2024-09-01,2024-10-01,2024-09-29,100143669,795.671,1777391219.131
2024-10,2024-10-01,2024-11-01,2024-10-01,139560454,794.926,1777392090.486
2024-10,2024-10-01,2024-11-01,2024-10-02,143991265,794.926,1777392090.486
2024-10,2024-10-01,2024-11-01,2024-10-03,147157526,794.926,1777392090.486
2024-10,2024-10-01,2024-11-01,2024-10-04,147460797,794.926,1777392090.486
2024-10,2024-10-01,2024-11-01,2024-10-05,128521481,794.926,1777392090.486
2024-10,2024-10-01,2024-11-01,2024-10-06,109325376,794.926,1777392090.486
2024-10,2024-10-01,2024-11-01,2024-10-07,136742749,794.926,1777392090.486
2024-10,2024-10-01,2024-11-01,2024-10-08,145146902,794.926,1777392090.486
2024-10,2024-10-01,2024-11-01,2024-10-09,149423230,794.926,1777392090.486
2024-10,2024-10-01,2024-11-01,2024-10-10,151616893,794.926,1777392090.486
2024-10,2024-10-01,2024-11-01,2024-10-11,156141004,794.926,1777392090.486
2024-10,2024-10-01,2024-11-01,2024-10-12,136214255,794.926,1777392090.486
2024-10,2024-10-01,2024-11-01,2024-10-13,115641906,794.926,1777392090.486
2024-10,2024-10-01,2024-11-01,2024-10-14,141421933,794.926,1777392090.486
2024-10,2024-10-01,2024-11-01,2024-10-15,147649589,794.926,1777392090.486
2024-10,2024-10-01,2024-11-01,2024-10-16,149821656,794.926,1777392090.486
2024-10,2024-10-01,2024-11-01,2024-10-17,150713303,794.926,1777392090.486
2024-10,2024-10-01,2024-11-01,2024-10-18,149884781,794.926,1777392090.486
2024-10,2024-10-01,2024-11-01,2024-10-19,135736258,794.926,1777392090.486
2024-10,2024-10-01,2024-11-01,2024-10-20,114905476,794.926,1777392090.486
2024-10,2024-10-01,2024-11-01,2024-10-21,141849704,794.926,1777392090.486
2024-10,2024-10-01,2024-11-01,2024-10-22,148216053,794.926,1777392090.486
2024-10,2024-10-01,2024-11-01,2024-10-23,150407022,794.926,1777392090.486
2024-10,2024-10-01,2024-11-01,2024-10-24,152932425,794.926,1777392090.486
2024-10,2024-10-01,2024-11-01,2024-10-25,157370007,794.926,1777392090.486
2024-10,2024-10-01,2024-11-01,2024-10-26,137919034,794.926,1777392090.486
2024-10,2024-10-01,2024-11-01,2024-10-27,115468097,794.926,1777392090.486
2024-10,2024-10-01,2024-11-01,2024-10-28,141856503,794.926,1777392090.486
2024-10,2024-10-01,2024-11-01,2024-10-29,147625375,794.926,1777392090.486
2024-10,2024-10-01,2024-11-01,2024-10-30,150645423,794.926,1777392090.486
2024-10,2024-10-01,2024-11-01,2024-10-31,153860441,794.926,1777392090.486
2024-11,2024-11-01,2024-12-01,2024-11-01,155451287,806.992,1777392973.535
2024-11,2024-11-01,2024-12-01,2024-11-02,127297257,806.992,1777392973.535
2024-11,2024-11-01,2024-12-01,2024-11-03,108770721,806.992,1777392973.535
2024-11,2024-11-01,2024-12-01,2024-11-04,128527858,806.992,1777392973.535
2024-11,2024-11-01,2024-12-01,2024-11-05,105076225,806.992,1777392973.535
2024-11,2024-11-01,2024-12-01,2024-11-06,144923393,806.992,1777392973.535
2024-11,2024-11-01,2024-12-01,2024-11-07,151722932,806.992,1777392973.535
2024-11,2024-11-01,2024-12-01,2024-11-08,155995283,806.992,1777392973.535
2024-11,2024-11-01,2024-12-01,2024-11-09,135270896,806.992,1777392973.535
2024-11,2024-11-01,2024-12-01,2024-11-10,115482875,806.992,1777392973.535
2024-11,2024-11-01,2024-12-01,2024-11-11,143546936,806.992,1777392973.535
2024-11,2024-11-01,2024-12-01,2024-11-12,148559905,806.992,1777392973.535
2024-11,2024-11-01,2024-12-01,2024-11-13,150822924,806.992,1777392973.535
2024-11,2024-11-01,2024-12-01,2024-11-14,154632638,806.992,1777392973.535
2024-11,2024-11-01,2024-12-01,2024-11-15,158866213,806.992,1777392973.535
2024-11,2024-11-01,2024-12-01,2024-11-16,137078186,806.992,1777392973.535
2024-11,2024-11-01,2024-12-01,2024-11-17,114056730,806.992,1777392973.535
2024-11,2024-11-01,2024-12-01,2024-11-18,143081004,806.992,1777392973.535
2024-11,2024-11-01,2024-12-01,2024-11-19,149532267,806.992,1777392973.535
2024-11,2024-11-01,2024-12-01,2024-11-20,153314762,806.992,1777392973.535
2024-11,2024-11-01,2024-12-01,2024-11-21,156265085,806.992,1777392973.535
2024-11,2024-11-01,2024-12-01,2024-11-22,159448777,806.992,1777392973.535
2024-11,2024-11-01,2024-12-01,2024-11-23,135474010,806.992,1777392973.535
2024-11,2024-11-01,2024-12-01,2024-11-24,115097111,806.992,1777392973.535
2024-11,2024-11-01,2024-12-01,2024-11-25,143173189,806.992,1777392973.535
2024-11,2024-11-01,2024-12-01,2024-11-26,149149320,806.992,1777392973.535
2024-11,2024-11-01,2024-12-01,2024-11-27,150264065,806.992,1777392973.535
2024-11,2024-11-01,2024-12-01,2024-11-28,157080616,806.992,1777392973.535
2024-11,2024-11-01,2024-12-01,2024-11-29,162766167,806.992,1777392973.535
2024-11,2024-11-01,2024-12-01,2024-11-30,136889678,806.992,1777392973.535
2024-12,2024-12-01,2025-01-01,2024-12-01,119851476,861.51,1777393912.259
2024-12,2024-12-01,2025-01-01,2024-12-02,145767311,861.51,1777393912.259
2024-12,2024-12-01,2025-01-01,2024-12-03,150092802,861.51,1777393912.259
2024-12,2024-12-01,2025-01-01,2024-12-04,155578222,861.51,1777393912.259
2024-12,2024-12-01,2025-01-01,2024-12-05,158254630,861.51,1777393912.259
2024-12,2024-12-01,2025-01-01,2024-12-06,159885776,861.51,1777393912.259
2024-12,2024-12-01,2025-01-01,2024-12-07,139457735,861.51,1777393912.259
2024-12,2024-12-01,2025-01-01,2024-12-08,121591911,861.51,1777393912.259
2024-12,2024-12-01,2025-01-01,2024-12-09,146574934,861.51,1777393912.259
2024-12,2024-12-01,2025-01-01,2024-12-10,151869131,861.51,1777393912.259
2024-12,2024-12-01,2025-01-01,2024-12-11,155461423,861.51,1777393912.259
2024-12,2024-12-01,2025-01-01,2024-12-12,158558501,861.51,1777393912.259
2024-12,2024-12-01,2025-01-01,2024-12-13,162314859,861.51,1777393912.259
2024-12,2024-12-01,2025-01-01,2024-12-14,142333123,861.51,1777393912.259
2024-12,2024-12-01,2025-01-01,2024-12-15,122265561,861.51,1777393912.259
2024-12,2024-12-01,2025-01-01,2024-12-16,140037070,861.51,1777393912.259
2024-12,2024-12-01,2025-01-01,2024-12-17,152963722,861.51,1777393912.259
2024-12,2024-12-01,2025-01-01,2024-12-18,156356318,861.51,1777393912.259
2024-12,2024-12-01,2025-01-01,2024-12-19,158983603,861.51,1777393912.259
2024-12,2024-12-01,2025-01-01,2024-12-20,156952395,861.51,1777393912.259
2024-12,2024-12-01,2025-01-01,2024-12-21,133444060,861.51,1777393912.259
2024-12,2024-12-01,2025-01-01,2024-12-22,116750528,861.51,1777393912.259
2024-12,2024-12-01,2025-01-01,2024-12-23,138081721,861.51,1777393912.259
2024-12,2024-12-01,2025-01-01,2024-12-24,130145926,861.51,1777393912.259
2024-12,2024-12-01,2025-01-01,2024-12-25,91494986,861.51,1777393912.259
2024-12,2024-12-01,2025-01-01,2024-12-26,93934930,861.51,1777393912.259
2024-12,2024-12-01,2025-01-01,2024-12-27,116643351,861.51,1777393912.259
2024-12,2024-12-01,2025-01-01,2024-12-28,104717809,861.51,1777393912.259
2024-12,2024-12-01,2025-01-01,2024-12-29,99122413,861.51,1777393912.259
2024-12,2024-12-01,2025-01-01,2024-12-30,111890184,861.51,1777393912.259
2024-12,2024-12-01,2025-01-01,2024-12-31,113127811,861.51,1777393912.259
2025-01,2025-01-01,2025-02-01,2025-01-01,90330279,779.801,1777394768.797
2025-01,2025-01-01,2025-02-01,2025-01-02,112522151,779.801,1777394768.797
2025-01,2025-01-01,2025-02-01,2025-01-03,118423928,779.801,1777394768.797
2025-01,2025-01-01,2025-02-01,2025-01-04,104023106,779.801,1777394768.797
2025-01,2025-01-01,2025-02-01,2025-01-05,94344352,779.801,1777394768.797
2025-01,2025-01-01,2025-02-01,2025-01-06,117176705,779.801,1777394768.797
2025-01,2025-01-01,2025-02-01,2025-01-07,125492138,779.801,1777394768.797
2025-01,2025-01-01,2025-02-01,2025-01-08,128141173,779.801,1777394768.797
2025-01,2025-01-01,2025-02-01,2025-01-09,130402646,779.801,1777394768.797
2025-01,2025-01-01,2025-02-01,2025-01-10,134828423,779.801,1777394768.797
2025-01,2025-01-01,2025-02-01,2025-01-11,118792332,779.801,1777394768.797
2025-01,2025-01-01,2025-02-01,2025-01-12,101124371,779.801,1777394768.797
2025-01,2025-01-01,2025-02-01,2025-01-13,130197401,779.801,1777394768.797
2025-01,2025-01-01,2025-02-01,2025-01-14,137161617,779.801,1777394768.797
2025-01,2025-01-01,2025-02-01,2025-01-15,137314126,779.801,1777394768.797
2025-01,2025-01-01,2025-02-01,2025-01-16,142309936,779.801,1777394768.797
2025-01,2025-01-01,2025-02-01,2025-01-17,145760282,779.801,1777394768.797
2025-01,2025-01-01,2025-02-01,2025-01-18,127450915,779.801,1777394768.797
2025-01,2025-01-01,2025-02-01,2025-01-19,111118707,779.801,1777394768.797
2025-01,2025-01-01,2025-02-01,2025-01-20,136304162,779.801,1777394768.797
2025-01,2025-01-01,2025-02-01,2025-01-21,141043179,779.801,1777394768.797
2025-01,2025-01-01,2025-02-01,2025-01-22,144421545,779.801,1777394768.797
2025-01,2025-01-01,2025-02-01,2025-01-23,146095121,779.801,1777394768.797
2025-01,2025-01-01,2025-02-01,2025-01-24,149302159,779.801,1777394768.797
2025-01,2025-01-01,2025-02-01,2025-01-25,124994128,779.801,1777394768.797
2025-01,2025-01-01,2025-02-01,2025-01-26,109487447,779.801,1777394768.797
2025-01,2025-01-01,2025-02-01,2025-01-27,96205034,779.801,1777394768.797
2025-01,2025-01-01,2025-02-01,2025-01-28,142960739,779.801,1777394768.797
2025-01,2025-01-01,2025-02-01,2025-01-29,146742570,779.801,1777394768.797
2025-01,2025-01-01,2025-02-01,2025-01-30,149467357,779.801,1777394768.797
2025-01,2025-01-01,2025-02-01,2025-01-31,155054441,779.801,1777394768.797
2025-02,2025-02-01,2025-03-01,2025-02-01,134372577,798.131,1777395646.098
2025-02,2025-02-01,2025-03-01,2025-02-02,109581619,798.131,1777395646.098
2025-02,2025-02-01,2025-03-01,2025-02-03,140459531,798.131,1777395646.098
2025-02,2025-02-01,2025-03-01,2025-02-04,145550665,798.131,1777395646.098
2025-02,2025-02-01,2025-03-01,2025-02-05,150881789,798.131,1777395646.098
2025-02,2025-02-01,2025-03-01,2025-02-06,152539250,798.131,1777395646.098
2025-02,2025-02-01,2025-03-01,2025-02-07,156956951,798.131,1777395646.098
2025-02,2025-02-01,2025-03-01,2025-02-08,136656284,798.131,1777395646.098
2025-02,2025-02-01,2025-03-01,2025-02-09,114751642,798.131,1777395646.098
2025-02,2025-02-01,2025-03-01,2025-02-10,142164621,798.131,1777395646.098
2025-02,2025-02-01,2025-03-01,2025-02-11,149103686,798.131,1777395646.098
2025-02,2025-02-01,2025-03-01,2025-02-12,151624334,798.131,1777395646.098
2025-02,2025-02-01,2025-03-01,2025-02-13,151615829,798.131,1777395646.098
2025-02,2025-02-01,2025-03-01,2025-02-14,159656194,798.131,1777395646.098
2025-02,2025-02-01,2025-03-01,2025-02-15,134364217,798.131,1777395646.098
2025-02,2025-02-01,2025-03-01,2025-02-16,113737464,798.131,1777395646.098
2025-02,2025-02-01,2025-03-01,2025-02-17,143178248,798.131,1777395646.098
2025-02,2025-02-01,2025-03-01,2025-02-18,148102407,798.131,1777395646.098
2025-02,2025-02-01,2025-03-01,2025-02-19,150506304,798.131,1777395646.098
2025-02,2025-02-01,2025-03-01,2025-02-20,153463716,798.131,1777395646.098
2025-02,2025-02-01,2025-03-01,2025-02-21,157895967,798.131,1777395646.098
2025-02,2025-02-01,2025-03-01,2025-02-22,135167613,798.131,1777395646.098
2025-02,2025-02-01,2025-03-01,2025-02-23,115202196,798.131,1777395646.098
2025-02,2025-02-01,2025-03-01,2025-02-24,142993458,798.131,1777395646.098
2025-02,2025-02-01,2025-03-01,2025-02-25,149965420,798.131,1777395646.098
2025-02,2025-02-01,2025-03-01,2025-02-26,152109183,798.131,1777395646.098
2025-02,2025-02-01,2025-03-01,2025-02-27,155219201,798.131,1777395646.098
2025-03,2025-03-01,2025-04-01,2025-03-01,138524753,822.381,1777396545.783
2025-03,2025-03-01,2025-04-01,2025-03-02,116146565,822.381,1777396545.783
2025-03,2025-03-01,2025-04-01,2025-03-03,144525811,822.381,1777396545.783
2025-03,2025-03-01,2025-04-01,2025-03-04,149348167,822.381,1777396545.783
2025-03,2025-03-01,2025-04-01,2025-03-05,152050897,822.381,1777396545.783
2025-03,2025-03-01,2025-04-01,2025-03-06,154736966,822.381,1777396545.783
2025-03,2025-03-01,2025-04-01,2025-03-07,157197364,822.381,1777396545.783
2025-03,2025-03-01,2025-04-01,2025-03-08,128524460,822.381,1777396545.783
2025-03,2025-03-01,2025-04-01,2025-03-09,111288717,822.381,1777396545.783
2025-03,2025-03-01,2025-04-01,2025-03-10,104462372,822.381,1777396545.783
2025-03,2025-03-01,2025-04-01,2025-03-11,147249805,822.381,1777396545.783
2025-03,2025-03-01,2025-04-01,2025-03-12,151623666,822.381,1777396545.783
2025-03,2025-03-01,2025-04-01,2025-03-13,155767192,822.381,1777396545.783
2025-03,2025-03-01,2025-04-01,2025-03-14,159284135,822.381,1777396545.783
2025-03,2025-03-01,2025-04-01,2025-03-15,136980124,822.381,1777396545.783
2025-03,2025-03-01,2025-04-01,2025-03-16,109948371,822.381,1777396545.783
2025-03,2025-03-01,2025-04-01,2025-03-17,144899559,822.381,1777396545.783
2025-03,2025-03-01,2025-04-01,2025-03-18,150074375,822.381,1777396545.783
2025-03,2025-03-01,2025-04-01,2025-03-19,153055322,822.381,1777396545.783
2025-03,2025-03-01,2025-04-01,2025-03-20,152872024,822.381,1777396545.783
2025-03,2025-03-01,2025-04-01,2025-03-21,157615683,822.381,1777396545.783
2025-03,2025-03-01,2025-04-01,2025-03-22,138549870,822.381,1777396545.783
2025-03,2025-03-01,2025-04-01,2025-03-23,118611053,822.381,1777396545.783
2025-03,2025-03-01,2025-04-01,2025-03-24,143739372,822.381,1777396545.783
2025-03,2025-03-01,2025-04-01,2025-03-25,149026583,822.381,1777396545.783
2025-03,2025-03-01,2025-04-01,2025-03-26,151538616,822.381,1777396545.783
2025-03,2025-03-01,2025-04-01,2025-03-27,154759723,822.381,1777396545.783
2025-03,2025-03-01,2025-04-01,2025-03-28,158457442,822.381,1777396545.783
2025-03,2025-03-01,2025-04-01,2025-03-29,135957923,822.381,1777396545.783
2025-03,2025-03-01,2025-04-01,2025-03-30,115845997,822.381,1777396545.783
2025-03,2025-03-01,2025-04-01,2025-03-31,141835539,822.381,1777396545.783
2025-04,2025-04-01,2025-05-01,2025-04-01,147668783,831.594,1777397455.221
2025-04,2025-04-01,2025-05-01,2025-04-02,150245594,831.594,1777397455.221
2025-04,2025-04-01,2025-05-01,2025-04-03,152908893,831.594,1777397455.221
2025-04,2025-04-01,2025-05-01,2025-04-04,155797458,831.594,1777397455.221
2025-04,2025-04-01,2025-05-01,2025-04-05,135185148,831.594,1777397455.221
2025-04,2025-04-01,2025-05-01,2025-04-06,116522100,831.594,1777397455.221
2025-04,2025-04-01,2025-05-01,2025-04-07,137342818,831.594,1777397455.221
2025-04,2025-04-01,2025-05-01,2025-04-08,143594948,831.594,1777397455.221
2025-04,2025-04-01,2025-05-01,2025-04-09,146098492,831.594,1777397455.221
2025-04,2025-04-01,2025-05-01,2025-04-10,148942716,831.594,1777397455.221
2025-04,2025-04-01,2025-05-01,2025-04-11,151017095,831.594,1777397455.221
2025-04,2025-04-01,2025-05-01,2025-04-12,132677175,831.594,1777397455.221
2025-04,2025-04-01,2025-05-01,2025-04-13,114024046,831.594,1777397455.221
2025-04,2025-04-01,2025-05-01,2025-04-14,138410992,831.594,1777397455.221
2025-04,2025-04-01,2025-05-01,2025-04-15,146136919,831.594,1777397455.221
2025-04,2025-04-01,2025-05-01,2025-04-16,149173575,831.594,1777397455.221
2025-04,2025-04-01,2025-05-01,2025-04-17,156493623,831.594,1777397455.221
2025-04,2025-04-01,2025-05-01,2025-04-18,97344394,831.594,1777397455.221
2025-04,2025-04-01,2025-05-01,2025-04-19,112712055,831.594,1777397455.221
2025-04,2025-04-01,2025-05-01,2025-04-20,98061349,831.594,1777397455.221
2025-04,2025-04-01,2025-05-01,2025-04-21,98792556,831.594,1777397455.221
2025-04,2025-04-01,2025-05-01,2025-04-22,137497227,831.594,1777397455.221
2025-04,2025-04-01,2025-05-01,2025-04-23,143409204,831.594,1777397455.221
2025-04,2025-04-01,2025-05-01,2025-04-24,151865525,831.594,1777397455.221
2025-04,2025-04-01,2025-05-01,2025-04-25,104217573,831.594,1777397455.221
2025-04,2025-04-01,2025-05-01,2025-04-26,125819513,831.594,1777397455.221
2025-04,2025-04-01,2025-05-01,2025-04-27,110462952,831.594,1777397455.221
2025-04,2025-04-01,2025-05-01,2025-04-28,142334929,831.594,1777397455.221
2025-04,2025-04-01,2025-05-01,2025-04-29,147217622,831.594,1777397455.221
2025-04,2025-04-01,2025-05-01,2025-04-30,150995057,831.594,1777397455.221
2025-05,2025-05-01,2025-06-01,2025-05-01,153311309,805.944,1777398337.684
2025-05,2025-05-01,2025-06-01,2025-05-02,157701612,805.944,1777398337.684
2025-05,2025-05-01,2025-06-01,2025-05-03,136932791,805.944,1777398337.684
2025-05,2025-05-01,2025-06-01,2025-05-04,115796009,805.944,1777398337.684
2025-05,2025-05-01,2025-06-01,2025-05-05,140732519,805.944,1777398337.684
2025-05,2025-05-01,2025-06-01,2025-05-06,148228881,805.944,1777398337.684
2025-05,2025-05-01,2025-06-01,2025-05-07,149654352,805.944,1777398337.684
2025-05,2025-05-01,2025-06-01,2025-05-08,153574075,805.944,1777398337.684
2025-05,2025-05-01,2025-06-01,2025-05-09,157590834,805.944,1777398337.684
2025-05,2025-05-01,2025-06-01,2025-05-10,140964786,805.944,1777398337.684
2025-05,2025-05-01,2025-06-01,2025-05-11,121619397,805.944,1777398337.684
2025-05,2025-05-01,2025-06-01,2025-05-12,141953637,805.944,1777398337.684
2025-05,2025-05-01,2025-06-01,2025-05-13,147713485,805.944,1777398337.684
2025-05,2025-05-01,2025-06-01,2025-05-14,149837975,805.944,1777398337.684
2025-05,2025-05-01,2025-06-01,2025-05-15,152556933,805.944,1777398337.684
2025-05,2025-05-01,2025-06-01,2025-05-16,155858955,805.944,1777398337.684
2025-05,2025-05-01,2025-06-01,2025-05-17,132600101,805.944,1777398337.684
2025-05,2025-05-01,2025-06-01,2025-05-18,115705664,805.944,1777398337.684
2025-05,2025-05-01,2025-06-01,2025-05-19,140360304,805.944,1777398337.684
2025-05,2025-05-01,2025-06-01,2025-05-20,147129883,805.944,1777398337.684
2025-05,2025-05-01,2025-06-01,2025-05-21,149406022,805.944,1777398337.684
2025-05,2025-05-01,2025-06-01,2025-05-22,151384844,805.944,1777398337.684
2025-05,2025-05-01,2025-06-01,2025-05-23,154180821,805.944,1777398337.684
2025-05,2025-05-01,2025-06-01,2025-05-24,136105979,805.944,1777398337.684
2025-05,2025-05-01,2025-06-01,2025-05-25,115597658,805.944,1777398337.684
2025-05,2025-05-01,2025-06-01,2025-05-26,140194675,805.944,1777398337.684
2025-05,2025-05-01,2025-06-01,2025-05-27,7556689,805.944,1777398337.684
2025-05,2025-05-01,2025-06-01,2025-05-28,147835751,805.944,1777398337.684
2025-05,2025-05-01,2025-06-01,2025-05-29,150909117,805.944,1777398337.684
2025-05,2025-05-01,2025-06-01,2025-05-30,154944432,805.944,1777398337.684
2025-05,2025-05-01,2025-06-01,2025-05-31,136294749,805.944,1777398337.684
2025-06,2025-06-01,2025-07-01,2025-06-01,114941812,807.742,1777399222.813
2025-06,2025-06-01,2025-07-01,2025-06-02,139838685,807.742,1777399222.813
2025-06,2025-06-01,2025-07-01,2025-06-03,143561164,807.742,1777399222.813
2025-06,2025-06-01,2025-07-01,2025-06-04,147567674,807.742,1777399222.813
2025-06,2025-06-01,2025-07-01,2025-06-05,151077646,807.742,1777399222.813
2025-06,2025-06-01,2025-07-01,2025-06-06,151424734,807.742,1777399222.813
2025-06,2025-06-01,2025-07-01,2025-06-07,122864974,807.742,1777399222.813
2025-06,2025-06-01,2025-07-01,2025-06-08,106701653,807.742,1777399222.813
2025-06,2025-06-01,2025-07-01,2025-06-09,96491600,807.742,1777399222.813
2025-06,2025-06-01,2025-07-01,2025-06-10,141332743,807.742,1777399222.813
2025-06,2025-06-01,2025-07-01,2025-06-11,146629166,807.742,1777399222.813
2025-06,2025-06-01,2025-07-01,2025-06-12,150055132,807.742,1777399222.813
2025-06,2025-06-01,2025-07-01,2025-06-13,153777223,807.742,1777399222.813
2025-06,2025-06-01,2025-07-01,2025-06-14,133273731,807.742,1777399222.813
2025-06,2025-06-01,2025-07-01,2025-06-15,111490778,807.742,1777399222.813
2025-06,2025-06-01,2025-07-01,2025-06-16,138863884,807.742,1777399222.813
2025-06,2025-06-01,2025-07-01,2025-06-17,144069526,807.742,1777399222.813
2025-06,2025-06-01,2025-07-01,2025-06-18,147202764,807.742,1777399222.813
2025-06,2025-06-01,2025-07-01,2025-06-19,150114614,807.742,1777399222.813
2025-06,2025-06-01,2025-07-01,2025-06-20,154919510,807.742,1777399222.813
2025-06,2025-06-01,2025-07-01,2025-06-21,135825760,807.742,1777399222.813
2025-06,2025-06-01,2025-07-01,2025-06-22,112566619,807.742,1777399222.813
2025-06,2025-06-01,2025-07-01,2025-06-23,137491164,807.742,1777399222.813
2025-06,2025-06-01,2025-07-01,2025-06-24,143523656,807.742,1777399222.813
2025-06,2025-06-01,2025-07-01,2025-06-25,143433105,807.742,1777399222.813
2025-06,2025-06-01,2025-07-01,2025-06-26,149382920,807.742,1777399222.813
2025-06,2025-06-01,2025-07-01,2025-06-27,153751550,807.742,1777399222.813
2025-06,2025-06-01,2025-07-01,2025-06-28,133773557,807.742,1777399222.813
2025-06,2025-06-01,2025-07-01,2025-06-29,111147484,807.742,1777399222.813
2025-06,2025-06-01,2025-07-01,2025-06-30,138142289,807.742,1777399222.813
2025-07,2025-07-01,2025-08-01,2025-07-01,142191631,797.451,1777400096.441
2025-07,2025-07-01,2025-08-01,2025-07-02,141997543,797.451,1777400096.441
2025-07,2025-07-01,2025-08-01,2025-07-03,147289811,797.451,1777400096.441
2025-07,2025-07-01,2025-08-01,2025-07-04,151916468,797.451,1777400096.441
2025-07,2025-07-01,2025-08-01,2025-07-05,131427353,797.451,1777400096.441
2025-07,2025-07-01,2025-08-01,2025-07-06,110292827,797.451,1777400096.441
2025-07,2025-07-01,2025-08-01,2025-07-07,134124763,797.451,1777400096.441
2025-07,2025-07-01,2025-08-01,2025-07-08,138170729,797.451,1777400096.441
2025-07,2025-07-01,2025-08-01,2025-07-09,142708128,797.451,1777400096.441
2025-07,2025-07-01,2025-08-01,2025-07-10,143158099,797.451,1777400096.441
2025-07,2025-07-01,2025-08-01,2025-07-11,146485245,797.451,1777400096.441
2025-07,2025-07-01,2025-08-01,2025-07-12,127048055,797.451,1777400096.441
2025-07,2025-07-01,2025-08-01,2025-07-13,106777848,797.451,1777400096.441
2025-07,2025-07-01,2025-08-01,2025-07-14,134747222,797.451,1777400096.441
2025-07,2025-07-01,2025-08-01,2025-07-15,140937279,797.451,1777400096.441
2025-07,2025-07-01,2025-08-01,2025-07-16,143975852,797.451,1777400096.441
2025-07,2025-07-01,2025-08-01,2025-07-17,145657082,797.451,1777400096.441
2025-07,2025-07-01,2025-08-01,2025-07-18,150354419,797.451,1777400096.441
2025-07,2025-07-01,2025-08-01,2025-07-19,131063553,797.451,1777400096.441
2025-07,2025-07-01,2025-08-01,2025-07-20,112918027,797.451,1777400096.441
2025-07,2025-07-01,2025-08-01,2025-07-21,137265377,797.451,1777400096.441
2025-07,2025-07-01,2025-08-01,2025-07-22,142418775,797.451,1777400096.441
2025-07,2025-07-01,2025-08-01,2025-07-23,147276222,797.451,1777400096.441
2025-07,2025-07-01,2025-08-01,2025-07-24,151292415,797.451,1777400096.441
2025-07,2025-07-01,2025-08-01,2025-07-25,153691048,797.451,1777400096.441
2025-07,2025-07-01,2025-08-01,2025-07-26,132046074,797.451,1777400096.441
2025-07,2025-07-01,2025-08-01,2025-07-27,111934947,797.451,1777400096.441
2025-07,2025-07-01,2025-08-01,2025-07-28,140166603,797.451,1777400096.441
2025-07,2025-07-01,2025-08-01,2025-07-29,146129232,797.451,1777400096.441
2025-07,2025-07-01,2025-08-01,2025-07-30,148922989,797.451,1777400096.441
2025-07,2025-07-01,2025-08-01,2025-07-31,151415634,797.451,1777400096.441
2025-08,2025-08-01,2025-09-01,2025-08-01,155124467,842.578,1777401014.169
2025-08,2025-08-01,2025-09-01,2025-08-02,134167553,842.578,1777401014.169
2025-08,2025-08-01,2025-09-01,2025-08-03,117247942,842.578,1777401014.169
2025-08,2025-08-01,2025-09-01,2025-08-04,139353595,842.578,1777401014.169
2025-08,2025-08-01,2025-09-01,2025-08-05,146831126,842.578,1777401014.169
2025-08,2025-08-01,2025-09-01,2025-08-06,149248697,842.578,1777401014.169
2025-08,2025-08-01,2025-09-01,2025-08-07,152348256,842.578,1777401014.169
2025-08,2025-08-01,2025-09-01,2025-08-08,156138554,842.578,1777401014.169
2025-08,2025-08-01,2025-09-01,2025-08-09,136567468,842.578,1777401014.169
2025-08,2025-08-01,2025-09-01,2025-08-10,116752738,842.578,1777401014.169
2025-08,2025-08-01,2025-09-01,2025-08-11,142118616,842.578,1777401014.169
2025-08,2025-08-01,2025-09-01,2025-08-12,146150065,842.578,1777401014.169
2025-08,2025-08-01,2025-09-01,2025-08-13,149699818,842.578,1777401014.169
2025-08,2025-08-01,2025-09-01,2025-08-14,152732722,842.578,1777401014.169
2025-08,2025-08-01,2025-09-01,2025-08-15,153718652,842.578,1777401014.169
2025-08,2025-08-01,2025-09-01,2025-08-16,134596388,842.578,1777401014.169
2025-08,2025-08-01,2025-09-01,2025-08-17,114147691,842.578,1777401014.169
2025-08,2025-08-01,2025-09-01,2025-08-18,139529166,842.578,1777401014.169
2025-08,2025-08-01,2025-09-01,2025-08-19,147427229,842.578,1777401014.169
2025-08,2025-08-01,2025-09-01,2025-08-20,150543255,842.578,1777401014.169
2025-08,2025-08-01,2025-09-01,2025-08-21,153100788,842.578,1777401014.169
2025-08,2025-08-01,2025-09-01,2025-08-22,155863343,842.578,1777401014.169
2025-08,2025-08-01,2025-09-01,2025-08-23,137704554,842.578,1777401014.169
2025-08,2025-08-01,2025-09-01,2025-08-24,118456764,842.578,1777401014.169
2025-08,2025-08-01,2025-09-01,2025-08-25,141633874,842.578,1777401014.169
2025-08,2025-08-01,2025-09-01,2025-08-26,144475174,842.578,1777401014.169
2025-08,2025-08-01,2025-09-01,2025-08-27,148515197,842.578,1777401014.169
2025-08,2025-08-01,2025-09-01,2025-08-28,151344372,842.578,1777401014.169
2025-08,2025-08-01,2025-09-01,2025-08-29,153877492,842.578,1777401014.169
2025-08,2025-08-01,2025-09-01,2025-08-30,133722753,842.578,1777401014.169
2025-08,2025-08-01,2025-09-01,2025-08-31,114047827,842.578,1777401014.169
2025-09,2025-09-01,2025-10-01,2025-09-01,140355638,816.394,1777401906.996
2025-09,2025-09-01,2025-10-01,2025-09-02,147505500,816.394,1777401906.996
2025-09,2025-09-01,2025-10-01,2025-09-03,149915169,816.394,1777401906.996
2025-09,2025-09-01,2025-10-01,2025-09-04,152080633,816.394,1777401906.996
2025-09,2025-09-01,2025-10-01,2025-09-05,157170447,816.394,1777401906.996
2025-09,2025-09-01,2025-10-01,2025-09-06,139020518,816.394,1777401906.996
2025-09,2025-09-01,2025-10-01,2025-09-07,114648210,816.394,1777401906.996
2025-09,2025-09-01,2025-10-01,2025-09-08,141703917,816.394,1777401906.996
2025-09,2025-09-01,2025-10-01,2025-09-09,147342780,816.394,1777401906.996
2025-09,2025-09-01,2025-10-01,2025-09-10,149058897,816.394,1777401906.996
2025-09,2025-09-01,2025-10-01,2025-09-11,151809154,816.394,1777401906.996
2025-09,2025-09-01,2025-10-01,2025-09-12,156023233,816.394,1777401906.996
2025-09,2025-09-01,2025-10-01,2025-09-13,135751874,816.394,1777401906.996
2025-09,2025-09-01,2025-10-01,2025-09-14,118507261,816.394,1777401906.996
2025-09,2025-09-01,2025-10-01,2025-09-15,139897180,816.394,1777401906.996
2025-09,2025-09-01,2025-10-01,2025-09-16,146147236,816.394,1777401906.996
2025-09,2025-09-01,2025-10-01,2025-09-17,149858532,816.394,1777401906.996
2025-09,2025-09-01,2025-10-01,2025-09-18,152715019,816.394,1777401906.996
2025-09,2025-09-01,2025-10-01,2025-09-19,155953527,816.394,1777401906.996
2025-09,2025-09-01,2025-10-01,2025-09-20,133460393,816.394,1777401906.996
2025-09,2025-09-01,2025-10-01,2025-09-21,112523939,816.394,1777401906.996
2025-09,2025-09-01,2025-10-01,2025-09-22,137358632,816.394,1777401906.996
2025-09,2025-09-01,2025-10-01,2025-09-23,143131386,816.394,1777401906.996
2025-09,2025-09-01,2025-10-01,2025-09-24,146549321,816.394,1777401906.996
2025-09,2025-09-01,2025-10-01,2025-09-25,152496211,816.394,1777401906.996
2025-09,2025-09-01,2025-10-01,2025-09-26,116500273,816.394,1777401906.996
2025-09,2025-09-01,2025-10-01,2025-09-27,113149538,816.394,1777401906.996
2025-09,2025-09-01,2025-10-01,2025-09-28,108817519,816.394,1777401906.996
2025-09,2025-09-01,2025-10-01,2025-09-29,135988950,816.394,1777401906.996
2025-09,2025-09-01,2025-10-01,2025-09-30,142840688,816.394,1777401906.996
2025-10,2025-10-01,2025-11-01,2025-10-01,146736616,835.399,1777402817.849
2025-10,2025-10-01,2025-11-01,2025-10-02,147685842,835.399,1777402817.849
2025-10,2025-10-01,2025-11-01,2025-10-03,153227755,835.399,1777402817.849
2025-10,2025-10-01,2025-11-01,2025-10-04,136354956,835.399,1777402817.849
2025-10,2025-10-01,2025-11-01,2025-10-05,111950945,835.399,1777402817.849
2025-10,2025-10-01,2025-11-01,2025-10-06,143534148,835.399,1777402817.849
2025-10,2025-10-01,2025-11-01,2025-10-07,149607586,835.399,1777402817.849
2025-10,2025-10-01,2025-11-01,2025-10-08,152160131,835.399,1777402817.849
2025-10,2025-10-01,2025-11-01,2025-10-09,155177335,835.399,1777402817.849
2025-10,2025-10-01,2025-11-01,2025-10-10,158721837,835.399,1777402817.849
2025-10,2025-10-01,2025-11-01,2025-10-11,138458908,835.399,1777402817.849
2025-10,2025-10-01,2025-11-01,2025-10-12,115249368,835.399,1777402817.849
2025-10,2025-10-01,2025-11-01,2025-10-13,144184393,835.399,1777402817.849
2025-10,2025-10-01,2025-11-01,2025-10-14,150621605,835.399,1777402817.849
2025-10,2025-10-01,2025-11-01,2025-10-15,154662647,835.399,1777402817.849
2025-10,2025-10-01,2025-11-01,2025-10-16,156321521,835.399,1777402817.849
2025-10,2025-10-01,2025-11-01,2025-10-17,160043034,835.399,1777402817.849
2025-10,2025-10-01,2025-11-01,2025-10-18,141194952,835.399,1777402817.849
2025-10,2025-10-01,2025-11-01,2025-10-19,117180700,835.399,1777402817.849
2025-10,2025-10-01,2025-11-01,2025-10-20,145399991,835.399,1777402817.849
2025-10,2025-10-01,2025-11-01,2025-10-21,150838290,835.399,1777402817.849
2025-10,2025-10-01,2025-11-01,2025-10-22,146678800,835.399,1777402817.849
2025-10,2025-10-01,2025-11-01,2025-10-23,156765301,835.399,1777402817.849
2025-10,2025-10-01,2025-11-01,2025-10-24,160474110,835.399,1777402817.849
2025-10,2025-10-01,2025-11-01,2025-10-25,139312437,835.399,1777402817.849
2025-10,2025-10-01,2025-11-01,2025-10-26,111918459,835.399,1777402817.849
2025-10,2025-10-01,2025-11-01,2025-10-27,143965153,835.399,1777402817.849
2025-10,2025-10-01,2025-11-01,2025-10-28,152420976,835.399,1777402817.849
2025-10,2025-10-01,2025-11-01,2025-10-29,154557549,835.399,1777402817.849
2025-10,2025-10-01,2025-11-01,2025-10-30,158038550,835.399,1777402817.849
2025-10,2025-10-01,2025-11-01,2025-10-31,159959023,835.399,1777402817.849
2025-11,2025-11-01,2025-12-01,2025-11-01,133531390,825.153,1777403718.979
2025-11,2025-11-01,2025-12-01,2025-11-02,114822761,825.153,1777403718.979
2025-11,2025-11-01,2025-12-01,2025-11-03,125985427,825.153,1777403718.979
2025-11,2025-11-01,2025-12-01,2025-11-04,102781741,825.153,1777403718.979
2025-11,2025-11-01,2025-12-01,2025-11-05,150367265,825.153,1777403718.979
2025-11,2025-11-01,2025-12-01,2025-11-06,155700235,825.153,1777403718.979
2025-11,2025-11-01,2025-12-01,2025-11-07,159417982,825.153,1777403718.979
2025-11,2025-11-01,2025-12-01,2025-11-08,132588109,825.153,1777403718.979
2025-11,2025-11-01,2025-12-01,2025-11-09,116571330,825.153,1777403718.979
2025-11,2025-11-01,2025-12-01,2025-11-10,146011809,825.153,1777403718.979
2025-11,2025-11-01,2025-12-01,2025-11-11,149741009,825.153,1777403718.979
2025-11,2025-11-01,2025-12-01,2025-11-12,155650337,825.153,1777403718.979
2025-11,2025-11-01,2025-12-01,2025-11-13,158877219,825.153,1777403718.979
2025-11,2025-11-01,2025-12-01,2025-11-14,163377630,825.153,1777403718.979
2025-11,2025-11-01,2025-12-01,2025-11-15,142071257,825.153,1777403718.979
2025-11,2025-11-01,2025-12-01,2025-11-16,117814873,825.153,1777403718.979
2025-11,2025-11-01,2025-12-01,2025-11-17,145330974,825.153,1777403718.979
2025-11,2025-11-01,2025-12-01,2025-11-18,152327426,825.153,1777403718.979
2025-11,2025-11-01,2025-12-01,2025-11-19,156354834,825.153,1777403718.979
2025-11,2025-11-01,2025-12-01,2025-11-20,159221941,825.153,1777403718.979
2025-11,2025-11-01,2025-12-01,2025-11-21,162975898,825.153,1777403718.979
2025-11,2025-11-01,2025-12-01,2025-11-22,141792021,825.153,1777403718.979
2025-11,2025-11-01,2025-12-01,2025-11-23,119060370,825.153,1777403718.979
2025-11,2025-11-01,2025-12-01,2025-11-24,148838784,825.153,1777403718.979
2025-11,2025-11-01,2025-12-01,2025-11-25,154831718,825.153,1777403718.979
2025-11,2025-11-01,2025-12-01,2025-11-26,155728634,825.153,1777403718.979
2025-11,2025-11-01,2025-12-01,2025-11-27,160108929,825.153,1777403718.979
2025-11,2025-11-01,2025-12-01,2025-11-28,165193216,825.153,1777403718.979
2025-11,2025-11-01,2025-12-01,2025-11-29,140035916,825.153,1777403718.979
2025-11,2025-11-01,2025-12-01,2025-11-30,119816807,825.153,1777403718.979
2025-12,2025-12-01,2026-01-01,2025-12-01,146005419,847.231,1777404642.131
2025-12,2025-12-01,2026-01-01,2025-12-02,153381952,847.231,1777404642.131
2025-12,2025-12-01,2026-01-01,2025-12-03,158887181,847.231,1777404642.131
2025-12,2025-12-01,2026-01-01,2025-12-04,160742624,847.231,1777404642.131
2025-12,2025-12-01,2026-01-01,2025-12-05,165491991,847.231,1777404642.131
2025-12,2025-12-01,2026-01-01,2025-12-06,140540353,847.231,1777404642.131
2025-12,2025-12-01,2026-01-01,2025-12-07,125500147,847.231,1777404642.131
2025-12,2025-12-01,2026-01-01,2025-12-08,149284286,847.231,1777404642.131
2025-12,2025-12-01,2026-01-01,2025-12-09,155720288,847.231,1777404642.131
2025-12,2025-12-01,2026-01-01,2025-12-10,158699319,847.231,1777404642.131
2025-12,2025-12-01,2026-01-01,2025-12-11,161713728,847.231,1777404642.131
2025-12,2025-12-01,2026-01-01,2025-12-12,166208622,847.231,1777404642.131
2025-12,2025-12-01,2026-01-01,2025-12-13,143207346,847.231,1777404642.131
2025-12,2025-12-01,2026-01-01,2025-12-14,122568144,847.231,1777404642.131
2025-12,2025-12-01,2026-01-01,2025-12-15,149457568,847.231,1777404642.131
2025-12,2025-12-01,2026-01-01,2025-12-16,156111617,847.231,1777404642.131
2025-12,2025-12-01,2026-01-01,2025-12-17,158344789,847.231,1777404642.131
2025-12,2025-12-01,2026-01-01,2025-12-18,158985917,847.231,1777404642.131
2025-12,2025-12-01,2026-01-01,2025-12-19,160460054,847.231,1777404642.131
2025-12,2025-12-01,2026-01-01,2025-12-20,136953136,847.231,1777404642.131
2025-12,2025-12-01,2026-01-01,2025-12-21,114102394,847.231,1777404642.131
2025-12,2025-12-01,2026-01-01,2025-12-22,143673267,847.231,1777404642.131
2025-12,2025-12-01,2026-01-01,2025-12-23,147446917,847.231,1777404642.131
2025-12,2025-12-01,2026-01-01,2025-12-24,135243874,847.231,1777404642.131
2025-12,2025-12-01,2026-01-01,2025-12-25,91194524,847.231,1777404642.131
2025-12,2025-12-01,2026-01-01,2025-12-26,101235845,847.231,1777404642.131
2025-12,2025-12-01,2026-01-01,2025-12-27,110475231,847.231,1777404642.131
2025-12,2025-12-01,2026-01-01,2025-12-28,104640844,847.231,1777404642.131
2025-12,2025-12-01,2026-01-01,2025-12-29,115361390,847.231,1777404642.131
2025-12,2025-12-01,2026-01-01,2025-12-30,115533045,847.231,1777404642.131
2026-01,2026-01-01,2026-02-01,2026-01-01,93268066,895.576,1777405613.824
2026-01,2026-01-01,2026-02-01,2026-01-02,116568795,895.576,1777405613.824
2026-01,2026-01-01,2026-02-01,2026-01-03,107953659,895.576,1777405613.824
2026-01,2026-01-01,2026-02-01,2026-01-04,101618763,895.576,1777405613.824
2026-01,2026-01-01,2026-02-01,2026-01-05,123716077,895.576,1777405613.824
2026-01,2026-01-01,2026-02-01,2026-01-06,128597766,895.576,1777405613.824
2026-01,2026-01-01,2026-02-01,2026-01-07,119791356,895.576,1777405613.824
2026-01,2026-01-01,2026-02-01,2026-01-08,133523234,895.576,1777405613.824
2026-01,2026-01-01,2026-02-01,2026-01-09,125447531,895.576,1777405613.824
2026-01,2026-01-01,2026-02-01,2026-01-10,123157097,895.576,1777405613.824
2026-01,2026-01-01,2026-02-01,2026-01-11,110818569,895.576,1777405613.824
2026-01,2026-01-01,2026-02-01,2026-01-12,134305290,895.576,1777405613.824
2026-01,2026-01-01,2026-02-01,2026-01-13,140882251,895.576,1777405613.824
2026-01,2026-01-01,2026-02-01,2026-01-14,142940969,895.576,1777405613.824
2026-01,2026-01-01,2026-02-01,2026-01-15,145376081,895.576,1777405613.824
2026-01,2026-01-01,2026-02-01,2026-01-16,149158833,895.576,1777405613.824
2026-01,2026-01-01,2026-02-01,2026-01-17,130922768,895.576,1777405613.824
2026-01,2026-01-01,2026-02-01,2026-01-18,115612586,895.576,1777405613.824
2026-01,2026-01-01,2026-02-01,2026-01-19,140476907,895.576,1777405613.824
2026-01,2026-01-01,2026-02-01,2026-01-20,146868303,895.576,1777405613.824
2026-01,2026-01-01,2026-02-01,2026-01-21,148662414,895.576,1777405613.824
2026-01,2026-01-01,2026-02-01,2026-01-22,151430169,895.576,1777405613.824
2026-01,2026-01-01,2026-02-01,2026-01-23,154663912,895.576,1777405613.824
2026-01,2026-01-01,2026-02-01,2026-01-24,122068040,895.576,1777405613.824
2026-01,2026-01-01,2026-02-01,2026-01-25,114444145,895.576,1777405613.824
2026-01,2026-01-01,2026-02-01,2026-01-26,106307435,895.576,1777405613.824
2026-01,2026-01-01,2026-02-01,2026-01-27,132300906,895.576,1777405613.824
2026-01,2026-01-01,2026-02-01,2026-01-28,151553092,895.576,1777405613.824
2026-01,2026-01-01,2026-02-01,2026-01-29,154518441,895.576,1777405613.824
2026-01,2026-01-01,2026-02-01,2026-01-30,158979957,895.576,1777405613.824
2026-01,2026-01-01,2026-02-01,2026-01-31,137123962,895.576,1777405613.824
2026-02,2026-02-01,2026-03-01,2026-02-01,116259701,810.521,1777406503.441
2026-02,2026-02-01,2026-03-01,2026-02-02,147593067,810.521,1777406503.441
2026-02,2026-02-01,2026-03-01,2026-02-03,152341725,810.521,1777406503.441
2026-02,2026-02-01,2026-03-01,2026-02-04,153854107,810.521,1777406503.441
2026-02,2026-02-01,2026-03-01,2026-02-05,156829677,810.521,1777406503.441
2026-02,2026-02-01,2026-03-01,2026-02-06,161230671,810.521,1777406503.441
2026-02,2026-02-01,2026-03-01,2026-02-07,141618627,810.521,1777406503.441
2026-02,2026-02-01,2026-03-01,2026-02-08,118107615,810.521,1777406503.441
2026-02,2026-02-01,2026-03-01,2026-02-09,145271937,810.521,1777406503.441
2026-02,2026-02-01,2026-03-01,2026-02-10,152632198,810.521,1777406503.441
2026-02,2026-02-01,2026-03-01,2026-02-11,153003626,810.521,1777406503.441
2026-02,2026-02-01,2026-03-01,2026-02-12,157558546,810.521,1777406503.441
2026-02,2026-02-01,2026-03-01,2026-02-13,162114953,810.521,1777406503.441
2026-02,2026-02-01,2026-03-01,2026-02-14,143106968,810.521,1777406503.441
2026-02,2026-02-01,2026-03-01,2026-02-15,121686199,810.521,1777406503.441
2026-02,2026-02-01,2026-03-01,2026-02-16,148358055,810.521,1777406503.441
2026-02,2026-02-01,2026-03-01,2026-02-17,149942490,810.521,1777406503.441
2026-02,2026-02-01,2026-03-01,2026-02-18,155945340,810.521,1777406503.441
2026-02,2026-02-01,2026-03-01,2026-02-19,157335885,810.521,1777406503.441
2026-02,2026-02-01,2026-03-01,2026-02-20,162167735,810.521,1777406503.441
2026-02,2026-02-01,2026-03-01,2026-02-21,141808643,810.521,1777406503.441
2026-02,2026-02-01,2026-03-01,2026-02-22,116691188,810.521,1777406503.441
2026-02,2026-02-01,2026-03-01,2026-02-23,147177535,810.521,1777406503.441
2026-02,2026-02-01,2026-03-01,2026-02-24,148396069,810.521,1777406503.441
2026-02,2026-02-01,2026-03-01,2026-02-25,155047903,810.521,1777406503.441
2026-02,2026-02-01,2026-03-01,2026-02-26,158057933,810.521,1777406503.441
2026-02,2026-02-01,2026-03-01,2026-02-27,161442365,810.521,1777406503.441
2026-02,2026-02-01,2026-03-01,2026-02-28,141725398,810.521,1777406503.441
2026-03,2026-03-01,2026-04-01,2026-03-01,118432189,847.008,1777407424.849
2026-03,2026-03-01,2026-04-01,2026-03-02,145451047,847.008,1777407424.849
2026-03,2026-03-01,2026-04-01,2026-03-03,153600831,847.008,1777407424.849
2026-03,2026-03-01,2026-04-01,2026-03-04,155789507,847.008,1777407424.849
2026-03,2026-03-01,2026-04-01,2026-03-05,158446390,847.008,1777407424.849
2026-03,2026-03-01,2026-04-01,2026-03-06,159721979,847.008,1777407424.849
2026-03,2026-03-01,2026-04-01,2026-03-07,130066340,847.008,1777407424.849
2026-03,2026-03-01,2026-04-01,2026-03-08,115331238,847.008,1777407424.849
2026-03,2026-03-01,2026-04-01,2026-03-09,107708233,847.008,1777407424.849
2026-03,2026-03-01,2026-04-01,2026-03-10,144843168,847.008,1777407424.849
2026-03,2026-03-01,2026-04-01,2026-03-11,151197235,847.008,1777407424.849
2026-03,2026-03-01,2026-04-01,2026-03-12,155846860,847.008,1777407424.849
2026-03,2026-03-01,2026-04-01,2026-03-13,159707972,847.008,1777407424.849
2026-03,2026-03-01,2026-04-01,2026-03-14,139035963,847.008,1777407424.849
2026-03,2026-03-01,2026-04-01,2026-03-15,118238087,847.008,1777407424.849
2026-03,2026-03-01,2026-04-01,2026-03-16,144769804,847.008,1777407424.849
2026-03,2026-03-01,2026-04-01,2026-03-17,149585936,847.008,1777407424.849
2026-03,2026-03-01,2026-04-01,2026-03-18,153044026,847.008,1777407424.849
2026-03,2026-03-01,2026-04-01,2026-03-19,154848049,847.008,1777407424.849
2026-03,2026-03-01,2026-04-01,2026-03-20,158787568,847.008,1777407424.849
2026-03,2026-03-01,2026-04-01,2026-03-21,136719773,847.008,1777407424.849
2026-03,2026-03-01,2026-04-01,2026-03-22,117398369,847.008,1777407424.849
2026-03,2026-03-01,2026-04-01,2026-03-23,143067429,847.008,1777407424.849
2026-03,2026-03-01,2026-04-01,2026-03-24,146978270,847.008,1777407424.849
2026-03,2026-03-01,2026-04-01,2026-03-25,149945378,847.008,1777407424.849
2026-03,2026-03-01,2026-04-01,2026-03-26,150537970,847.008,1777407424.849
2026-03,2026-03-01,2026-04-01,2026-03-27,155176819,847.008,1777407424.849
2026-03,2026-03-01,2026-04-01,2026-03-28,134175526,847.008,1777407424.849
2026-03,2026-03-01,2026-04-01,2026-03-29,116598043,847.008,1777407424.849
2026-03,2026-03-01,2026-04-01,2026-03-30,141925443,847.008,1777407424.849
2026-03,2026-03-01,2026-04-01,2026-03-31,147561529,847.008,1777407424.849
2026-04,2026-04-01,2026-05-01,2026-04-01,150798981,558.313,1777408060.585
2026-04,2026-04-01,2026-05-01,2026-04-02,157794601,558.313,1777408060.585
2026-04,2026-04-01,2026-05-01,2026-04-03,92632489,558.313,1777408060.585
2026-04,2026-04-01,2026-05-01,2026-04-04,111444770,558.313,1777408060.585
2026-04,2026-04-01,2026-05-01,2026-04-05,99327012,558.313,1777408060.585
2026-04,2026-04-01,2026-05-01,2026-04-06,95685621,558.313,1777408060.585
2026-04,2026-04-01,2026-05-01,2026-04-07,132809298,558.313,1777408060.585
