month_label,month_start,next_month_start,count_date,day_total_volume,month_elapsed_seconds,completed_at_epoch
2014-01,2014-01-01,2014-02-01,2014-01-01,64443470,85.217,1777493694.989
2014-01,2014-01-01,2014-02-01,2014-01-02,89319498,85.217,1777493694.989
2014-01,2014-01-01,2014-02-01,2014-01-03,95795852,85.217,1777493694.989
2014-01,2014-01-01,2014-02-01,2014-01-04,84584417,85.217,1777493694.989
2014-01,2014-01-01,2014-02-01,2014-01-05,76796379,85.217,1777493694.989
2014-01,2014-01-01,2014-02-01,2014-01-06,98207335,85.217,1777493694.989
2014-01,2014-01-01,2014-02-01,2014-01-07,100034945,85.217,1777493694.989
2014-01,2014-01-01,2014-02-01,2014-01-08,103218047,85.217,1777493694.989
2014-01,2014-01-01,2014-02-01,2014-01-09,105509169,85.217,1777493694.989
2014-01,2014-01-01,2014-02-01,2014-01-10,108218973,85.217,1777493694.989
2014-01,2014-01-01,2014-02-01,2014-01-11,93368290,85.217,1777493694.989
2014-01,2014-01-01,2014-02-01,2014-01-12,83552884,85.217,1777493694.989
2014-01,2014-01-01,2014-02-01,2014-01-13,106482683,85.217,1777493694.989
2014-01,2014-01-01,2014-02-01,2014-01-14,104900415,85.217,1777493694.989
2014-01,2014-01-01,2014-02-01,2014-01-15,108474552,85.217,1777493694.989
2014-01,2014-01-01,2014-02-01,2014-01-16,108789020,85.217,1777493694.989
2014-01,2014-01-01,2014-02-01,2014-01-17,110216182,85.217,1777493694.989
2014-01,2014-01-01,2014-02-01,2014-01-18,98965374,85.217,1777493694.989
2014-01,2014-01-01,2014-02-01,2014-01-19,86831334,85.217,1777493694.989
2014-01,2014-01-01,2014-02-01,2014-01-20,109558959,85.217,1777493694.989
2014-01,2014-01-01,2014-02-01,2014-01-21,113881800,85.217,1777493694.989
2014-01,2014-01-01,2014-02-01,2014-01-22,116329395,85.217,1777493694.989
2014-01,2014-01-01,2014-02-01,2014-01-23,118359326,85.217,1777493694.989
2014-01,2014-01-01,2014-02-01,2014-01-24,118530528,85.217,1777493694.989
2014-01,2014-01-01,2014-02-01,2014-01-25,96128426,85.217,1777493694.989
2014-01,2014-01-01,2014-02-01,2014-01-26,83146396,85.217,1777493694.989
2014-01,2014-01-01,2014-02-01,2014-01-27,78011431,85.217,1777493694.989
2014-01,2014-01-01,2014-02-01,2014-01-28,110767914,85.217,1777493694.989
2014-01,2014-01-01,2014-02-01,2014-01-29,118057485,85.217,1777493694.989
2014-01,2014-01-01,2014-02-01,2014-01-30,120471944,85.217,1777493694.989
2014-01,2014-01-01,2014-02-01,2014-01-31,124153907,85.217,1777493694.989
2014-02,2014-02-01,2014-03-01,2014-02-01,103340574,67.253,1777493973.563
2014-02,2014-02-01,2014-03-01,2014-02-02,85077081,67.253,1777493973.563
2014-02,2014-02-01,2014-03-01,2014-02-03,113046747,67.253,1777493973.563
2014-02,2014-02-01,2014-03-01,2014-02-04,117825813,67.253,1777493973.563
2014-02,2014-02-01,2014-03-01,2014-02-05,119236027,67.253,1777493973.563
2014-02,2014-02-01,2014-03-01,2014-02-06,120784290,67.253,1777493973.563
2014-02,2014-02-01,2014-03-01,2014-02-07,124320256,67.253,1777493973.563
2014-02,2014-02-01,2014-03-01,2014-02-08,101420494,67.253,1777493973.563
2014-02,2014-02-01,2014-03-01,2014-02-09,85162409,67.253,1777493973.563
2014-02,2014-02-01,2014-03-01,2014-02-10,114024105,67.253,1777493973.563
2014-02,2014-02-01,2014-03-01,2014-02-11,118095530,67.253,1777493973.563
2014-02,2014-02-01,2014-03-01,2014-02-12,120015263,67.253,1777493973.563
2014-02,2014-02-01,2014-03-01,2014-02-13,122796542,67.253,1777493973.563
2014-02,2014-02-01,2014-03-01,2014-02-14,127842568,67.253,1777493973.563
2014-02,2014-02-01,2014-03-01,2014-02-15,105876034,67.253,1777493973.563
2014-02,2014-02-01,2014-03-01,2014-02-16,89297266,67.253,1777493973.563
2014-02,2014-02-01,2014-03-01,2014-02-17,115084519,67.253,1777493973.563
2014-02,2014-02-01,2014-03-01,2014-02-18,118179081,67.253,1777493973.563
2014-02,2014-02-01,2014-03-01,2014-02-19,119022010,67.253,1777493973.563
2014-02,2014-02-01,2014-03-01,2014-02-20,121646457,67.253,1777493973.563
2014-02,2014-02-01,2014-03-01,2014-02-21,124938173,67.253,1777493973.563
2014-02,2014-02-01,2014-03-01,2014-02-22,105390745,67.253,1777493973.563
2014-02,2014-02-01,2014-03-01,2014-02-23,90941117,67.253,1777493973.563
2014-02,2014-02-01,2014-03-01,2014-02-24,113653381,67.253,1777493973.563
2014-02,2014-02-01,2014-03-01,2014-02-25,117353459,67.253,1777493973.563
2014-02,2014-02-01,2014-03-01,2014-02-26,120397680,67.253,1777493973.563
2014-02,2014-02-01,2014-03-01,2014-02-27,122842418,67.253,1777493973.563
2014-02,2014-02-01,2014-03-01,2014-02-28,126298284,67.253,1777493973.563
2014-03,2014-03-01,2014-04-01,2014-03-01,107332277,96.569,1777494274.668
2014-03,2014-03-01,2014-04-01,2014-03-02,91163572,96.569,1777494274.668
2014-03,2014-03-01,2014-04-01,2014-03-03,115035023,96.569,1777494274.668
2014-03,2014-03-01,2014-04-01,2014-03-04,118803082,96.569,1777494274.668
2014-03,2014-03-01,2014-04-01,2014-03-05,120548180,96.569,1777494274.668
2014-03,2014-03-01,2014-04-01,2014-03-06,123379075,96.569,1777494274.668
2014-03,2014-03-01,2014-04-01,2014-03-07,126402109,96.569,1777494274.668
2014-03,2014-03-01,2014-04-01,2014-03-08,100256964,96.569,1777494274.668
2014-03,2014-03-01,2014-04-01,2014-03-09,86484754,96.569,1777494274.668
2014-03,2014-03-01,2014-04-01,2014-03-10,80618541,96.569,1777494274.668
2014-03,2014-03-01,2014-04-01,2014-03-11,116666359,96.569,1777494274.668
2014-03,2014-03-01,2014-04-01,2014-03-12,120549354,96.569,1777494274.668
2014-03,2014-03-01,2014-04-01,2014-03-13,123120273,96.569,1777494274.668
2014-03,2014-03-01,2014-04-01,2014-03-14,126331398,96.569,1777494274.668
2014-03,2014-03-01,2014-04-01,2014-03-15,105092706,96.569,1777494274.668
2014-03,2014-03-01,2014-04-01,2014-03-16,89079629,96.569,1777494274.668
2014-03,2014-03-01,2014-04-01,2014-03-17,114970841,96.569,1777494274.668
2014-03,2014-03-01,2014-04-01,2014-03-18,118726949,96.569,1777494274.668
2014-03,2014-03-01,2014-04-01,2014-03-19,121228154,96.569,1777494274.668
2014-03,2014-03-01,2014-04-01,2014-03-20,123166820,96.569,1777494274.668
2014-03,2014-03-01,2014-04-01,2014-03-21,125529215,96.569,1777494274.668
2014-03,2014-03-01,2014-04-01,2014-03-22,107099590,96.569,1777494274.668
2014-03,2014-03-01,2014-04-01,2014-03-23,91110830,96.569,1777494274.668
2014-03,2014-03-01,2014-04-01,2014-03-24,113203843,96.569,1777494274.668
2014-03,2014-03-01,2014-04-01,2014-03-25,118270485,96.569,1777494274.668
2014-03,2014-03-01,2014-04-01,2014-03-26,120456349,96.569,1777494274.668
2014-03,2014-03-01,2014-04-01,2014-03-27,122178311,96.569,1777494274.668
2014-03,2014-03-01,2014-04-01,2014-03-28,125607579,96.569,1777494274.668
2014-03,2014-03-01,2014-04-01,2014-03-29,107268815,96.569,1777494274.668
2014-03,2014-03-01,2014-04-01,2014-03-30,91774931,96.569,1777494274.668
2014-03,2014-03-01,2014-04-01,2014-03-31,114128665,96.569,1777494274.668
2014-04,2014-04-01,2014-05-01,2014-04-01,117829545,70.554,1777494628.222
2014-04,2014-04-01,2014-05-01,2014-04-02,119610722,70.554,1777494628.222
2014-04,2014-04-01,2014-05-01,2014-04-03,122491822,70.554,1777494628.222
2014-04,2014-04-01,2014-05-01,2014-04-04,125460612,70.554,1777494628.222
2014-04,2014-04-01,2014-05-01,2014-04-05,105528160,70.554,1777494628.222
2014-04,2014-04-01,2014-05-01,2014-04-06,92041494,70.554,1777494628.222
2014-04,2014-04-01,2014-05-01,2014-04-07,111131969,70.554,1777494628.222
2014-04,2014-04-01,2014-05-01,2014-04-08,113929172,70.554,1777494628.222
2014-04,2014-04-01,2014-05-01,2014-04-09,114151362,70.554,1777494628.222
2014-04,2014-04-01,2014-05-01,2014-04-10,116477509,70.554,1777494628.222
2014-04,2014-04-01,2014-05-01,2014-04-11,119077173,70.554,1777494628.222
2014-04,2014-04-01,2014-05-01,2014-04-12,102891013,70.554,1777494628.222
2014-04,2014-04-01,2014-05-01,2014-04-13,89286680,70.554,1777494628.222
2014-04,2014-04-01,2014-05-01,2014-04-14,111650731,70.554,1777494628.222
2014-04,2014-04-01,2014-05-01,2014-04-15,116173972,70.554,1777494628.222
2014-04,2014-04-01,2014-05-01,2014-04-16,118946068,70.554,1777494628.222
2014-04,2014-04-01,2014-05-01,2014-04-17,124781429,70.554,1777494628.222
2014-04,2014-04-01,2014-05-01,2014-04-18,69413116,70.554,1777494628.222
2014-04,2014-04-01,2014-05-01,2014-04-19,86292709,70.554,1777494628.222
2014-04,2014-04-01,2014-05-01,2014-04-20,76033919,70.554,1777494628.222
2014-04,2014-04-01,2014-05-01,2014-04-21,74286089,70.554,1777494628.222
2014-04,2014-04-01,2014-05-01,2014-04-22,107540474,70.554,1777494628.222
2014-04,2014-04-01,2014-05-01,2014-04-23,113903088,70.554,1777494628.222
2014-04,2014-04-01,2014-05-01,2014-04-24,121351489,70.554,1777494628.222
2014-04,2014-04-01,2014-05-01,2014-04-25,82652348,70.554,1777494628.222
2014-04,2014-04-01,2014-05-01,2014-04-26,98106828,70.554,1777494628.222
2014-04,2014-04-01,2014-05-01,2014-04-27,86399187,70.554,1777494628.222
2014-04,2014-04-01,2014-05-01,2014-04-28,113092960,70.554,1777494628.222
2014-04,2014-04-01,2014-05-01,2014-04-29,115347035,70.554,1777494628.222
2014-04,2014-04-01,2014-05-01,2014-04-30,119232204,70.554,1777494628.222
2014-05,2014-05-01,2014-06-01,2014-05-01,121520368,94.333,1777494930.52
2014-05,2014-05-01,2014-06-01,2014-05-02,124351238,94.333,1777494930.52
2014-05,2014-05-01,2014-06-01,2014-05-03,105054981,94.333,1777494930.52
2014-05,2014-05-01,2014-06-01,2014-05-04,87364656,94.333,1777494930.52
2014-05,2014-05-01,2014-06-01,2014-05-05,112117281,94.333,1777494930.52
2014-05,2014-05-01,2014-06-01,2014-05-06,116340313,94.333,1777494930.52
2014-05,2014-05-01,2014-06-01,2014-05-07,118384249,94.333,1777494930.52
2014-05,2014-05-01,2014-06-01,2014-05-08,121438205,94.333,1777494930.52
2014-05,2014-05-01,2014-06-01,2014-05-09,124789134,94.333,1777494930.52
2014-05,2014-05-01,2014-06-01,2014-05-10,106363702,94.333,1777494930.52
2014-05,2014-05-01,2014-06-01,2014-05-11,92884652,94.333,1777494930.52
2014-05,2014-05-01,2014-06-01,2014-05-12,112244310,94.333,1777494930.52
2014-05,2014-05-01,2014-06-01,2014-05-13,116441214,94.333,1777494930.52
2014-05,2014-05-01,2014-06-01,2014-05-14,118591504,94.333,1777494930.52
2014-05,2014-05-01,2014-06-01,2014-05-15,120879816,94.333,1777494930.52
2014-05,2014-05-01,2014-06-01,2014-05-16,124077906,94.333,1777494930.52
2014-05,2014-05-01,2014-06-01,2014-05-17,106077944,94.333,1777494930.52
2014-05,2014-05-01,2014-06-01,2014-05-18,88902281,94.333,1777494930.52
2014-05,2014-05-01,2014-06-01,2014-05-19,112078533,94.333,1777494930.52
2014-05,2014-05-01,2014-06-01,2014-05-20,115985059,94.333,1777494930.52
2014-05,2014-05-01,2014-06-01,2014-05-21,118776639,94.333,1777494930.52
2014-05,2014-05-01,2014-06-01,2014-05-22,121135034,94.333,1777494930.52
2014-05,2014-05-01,2014-06-01,2014-05-23,123091822,94.333,1777494930.52
2014-05,2014-05-01,2014-06-01,2014-05-24,105483423,94.333,1777494930.52
2014-05,2014-05-01,2014-06-01,2014-05-25,87851117,94.333,1777494930.52
2014-05,2014-05-01,2014-06-01,2014-05-26,110769080,94.333,1777494930.52
2014-05,2014-05-01,2014-06-01,2014-05-27,114697001,94.333,1777494930.52
2014-05,2014-05-01,2014-06-01,2014-05-28,116904388,94.333,1777494930.52
2014-05,2014-05-01,2014-06-01,2014-05-29,119919473,94.333,1777494930.52
2014-05,2014-05-01,2014-06-01,2014-05-30,124016873,94.333,1777494930.52
2014-05,2014-05-01,2014-06-01,2014-05-31,105331975,94.333,1777494930.52
2014-06,2014-06-01,2014-07-01,2014-06-01,85281837,85.748,1777495276.569
2014-06,2014-06-01,2014-07-01,2014-06-02,110586141,85.748,1777495276.569
2014-06,2014-06-01,2014-07-01,2014-06-03,113417624,85.748,1777495276.569
2014-06,2014-06-01,2014-07-01,2014-06-04,116100793,85.748,1777495276.569
2014-06,2014-06-01,2014-07-01,2014-06-05,118844310,85.748,1777495276.569
2014-06,2014-06-01,2014-07-01,2014-06-06,121777570,85.748,1777495276.569
2014-06,2014-06-01,2014-07-01,2014-06-07,96210861,85.748,1777495276.569
2014-06,2014-06-01,2014-07-01,2014-06-08,84114896,85.748,1777495276.569
2014-06,2014-06-01,2014-07-01,2014-06-09,76816513,85.748,1777495276.569
2014-06,2014-06-01,2014-07-01,2014-06-10,112845456,85.748,1777495276.569
2014-06,2014-06-01,2014-07-01,2014-06-11,116351188,85.748,1777495276.569
2014-06,2014-06-01,2014-07-01,2014-06-12,118801439,85.748,1777495276.569
2014-06,2014-06-01,2014-07-01,2014-06-13,122264171,85.748,1777495276.569
2014-06,2014-06-01,2014-07-01,2014-06-14,101945855,85.748,1777495276.569
2014-06,2014-06-01,2014-07-01,2014-06-15,85937807,85.748,1777495276.569
2014-06,2014-06-01,2014-07-01,2014-06-16,109891135,85.748,1777495276.569
2014-06,2014-06-01,2014-07-01,2014-06-17,114207780,85.748,1777495276.569
2014-06,2014-06-01,2014-07-01,2014-06-18,105662019,85.748,1777495276.569
2014-06,2014-06-01,2014-07-01,2014-06-19,117804943,85.748,1777495276.569
2014-06,2014-06-01,2014-07-01,2014-06-20,122427925,85.748,1777495276.569
2014-06,2014-06-01,2014-07-01,2014-06-21,103592171,85.748,1777495276.569
2014-06,2014-06-01,2014-07-01,2014-06-22,87007729,85.748,1777495276.569
2014-06,2014-06-01,2014-07-01,2014-06-23,107935702,85.748,1777495276.569
2014-06,2014-06-01,2014-07-01,2014-06-24,109690748,85.748,1777495276.569
2014-06,2014-06-01,2014-07-01,2014-06-25,115554185,85.748,1777495276.569
2014-06,2014-06-01,2014-07-01,2014-06-26,118678194,85.748,1777495276.569
2014-06,2014-06-01,2014-07-01,2014-06-27,121849580,85.748,1777495276.569
2014-06,2014-06-01,2014-07-01,2014-06-28,100952166,85.748,1777495276.569
2014-06,2014-06-01,2014-07-01,2014-06-29,82246699,85.748,1777495276.569
2014-06,2014-06-01,2014-07-01,2014-06-30,106501368,85.748,1777495276.569
2014-07,2014-07-01,2014-08-01,2014-07-01,109269461,73.654,1777495572.904
2014-07,2014-07-01,2014-08-01,2014-07-02,111834832,73.654,1777495572.904
2014-07,2014-07-01,2014-08-01,2014-07-03,114684001,73.654,1777495572.904
2014-07,2014-07-01,2014-08-01,2014-07-04,116859458,73.654,1777495572.904
2014-07,2014-07-01,2014-08-01,2014-07-05,96931686,73.654,1777495572.904
2014-07,2014-07-01,2014-08-01,2014-07-06,81639616,73.654,1777495572.904
2014-07,2014-07-01,2014-08-01,2014-07-07,105280406,73.654,1777495572.904
2014-07,2014-07-01,2014-08-01,2014-07-08,110504462,73.654,1777495572.904
2014-07,2014-07-01,2014-08-01,2014-07-09,111219671,73.654,1777495572.904
2014-07,2014-07-01,2014-08-01,2014-07-10,113736188,73.654,1777495572.904
2014-07,2014-07-01,2014-08-01,2014-07-11,117820798,73.654,1777495572.904
2014-07,2014-07-01,2014-08-01,2014-07-12,98540791,73.654,1777495572.904
2014-07,2014-07-01,2014-08-01,2014-07-13,84634011,73.654,1777495572.904
2014-07,2014-07-01,2014-08-01,2014-07-14,108644605,73.654,1777495572.904
2014-07,2014-07-01,2014-08-01,2014-07-15,112711502,73.654,1777495572.904
2014-07,2014-07-01,2014-08-01,2014-07-16,116513812,73.654,1777495572.904
2014-07,2014-07-01,2014-08-01,2014-07-17,118770423,73.654,1777495572.904
2014-07,2014-07-01,2014-08-01,2014-07-18,121766400,73.654,1777495572.904
2014-07,2014-07-01,2014-08-01,2014-07-19,103001338,73.654,1777495572.904
2014-07,2014-07-01,2014-08-01,2014-07-20,86601713,73.654,1777495572.904
2014-07,2014-07-01,2014-08-01,2014-07-21,110377072,73.654,1777495572.904
2014-07,2014-07-01,2014-08-01,2014-07-22,114953381,73.654,1777495572.904
2014-07,2014-07-01,2014-08-01,2014-07-23,117374387,73.654,1777495572.904
2014-07,2014-07-01,2014-08-01,2014-07-24,118931708,73.654,1777495572.904
2014-07,2014-07-01,2014-08-01,2014-07-25,122815686,73.654,1777495572.904
2014-07,2014-07-01,2014-08-01,2014-07-26,103415527,73.654,1777495572.904
2014-07,2014-07-01,2014-08-01,2014-07-27,88984477,73.654,1777495572.904
2014-07,2014-07-01,2014-08-01,2014-07-28,112418297,73.654,1777495572.904
2014-07,2014-07-01,2014-08-01,2014-07-29,115156847,73.654,1777495572.904
2014-07,2014-07-01,2014-08-01,2014-07-30,117630520,73.654,1777495572.904
2014-07,2014-07-01,2014-08-01,2014-07-31,117473679,73.654,1777495572.904
2014-08,2014-08-01,2014-09-01,2014-08-01,120442510,82.564,1777495857.625
2014-08,2014-08-01,2014-09-01,2014-08-02,103854143,82.564,1777495857.625
2014-08,2014-08-01,2014-09-01,2014-08-03,89508027,82.564,1777495857.625
2014-08,2014-08-01,2014-09-01,2014-08-04,111374095,82.564,1777495857.625
2014-08,2014-08-01,2014-09-01,2014-08-05,115472530,82.564,1777495857.625
2014-08,2014-08-01,2014-09-01,2014-08-06,117468300,82.564,1777495857.625
2014-08,2014-08-01,2014-09-01,2014-08-07,118955448,82.564,1777495857.625
2014-08,2014-08-01,2014-09-01,2014-08-08,123185522,82.564,1777495857.625
2014-08,2014-08-01,2014-09-01,2014-08-09,104728623,82.564,1777495857.625
2014-08,2014-08-01,2014-09-01,2014-08-10,87687825,82.564,1777495857.625
2014-08,2014-08-01,2014-09-01,2014-08-11,110800827,82.564,1777495857.625
2014-08,2014-08-01,2014-09-01,2014-08-12,114971689,82.564,1777495857.625
2014-08,2014-08-01,2014-09-01,2014-08-13,115365703,82.564,1777495857.625
2014-08,2014-08-01,2014-09-01,2014-08-14,118756408,82.564,1777495857.625
2014-08,2014-08-01,2014-09-01,2014-08-15,123919200,82.564,1777495857.625
2014-08,2014-08-01,2014-09-01,2014-08-16,104546700,82.564,1777495857.625
2014-08,2014-08-01,2014-09-01,2014-08-17,88186206,82.564,1777495857.625
2014-08,2014-08-01,2014-09-01,2014-08-18,110518246,82.564,1777495857.625
2014-08,2014-08-01,2014-09-01,2014-08-19,115304668,82.564,1777495857.625
2014-08,2014-08-01,2014-09-01,2014-08-20,117534617,82.564,1777495857.625
2014-08,2014-08-01,2014-09-01,2014-08-21,120452638,82.564,1777495857.625
2014-08,2014-08-01,2014-09-01,2014-08-22,123924151,82.564,1777495857.625
2014-08,2014-08-01,2014-09-01,2014-08-23,105964779,82.564,1777495857.625
2014-08,2014-08-01,2014-09-01,2014-08-24,88561841,82.564,1777495857.625
2014-08,2014-08-01,2014-09-01,2014-08-25,111229609,82.564,1777495857.625
2014-08,2014-08-01,2014-09-01,2014-08-26,115759215,82.564,1777495857.625
2014-08,2014-08-01,2014-09-01,2014-08-27,118420440,82.564,1777495857.625
2014-08,2014-08-01,2014-09-01,2014-08-28,120882543,82.564,1777495857.625
2014-08,2014-08-01,2014-09-01,2014-08-29,124107801,82.564,1777495857.625
2014-08,2014-08-01,2014-09-01,2014-08-30,106137131,82.564,1777495857.625
2014-08,2014-08-01,2014-09-01,2014-08-31,90044394,82.564,1777495857.625
2014-09,2014-09-01,2014-10-01,2014-09-01,111174427,84.006,1777496192.337
2014-09,2014-09-01,2014-10-01,2014-09-02,115577718,84.006,1777496192.337
2014-09,2014-09-01,2014-10-01,2014-09-03,118271757,84.006,1777496192.337
2014-09,2014-09-01,2014-10-01,2014-09-04,120836300,84.006,1777496192.337
2014-09,2014-09-01,2014-10-01,2014-09-05,125374103,84.006,1777496192.337
2014-09,2014-09-01,2014-10-01,2014-09-06,107377229,84.006,1777496192.337
2014-09,2014-09-01,2014-10-01,2014-09-07,91646163,84.006,1777496192.337
2014-09,2014-09-01,2014-10-01,2014-09-08,111886656,84.006,1777496192.337
2014-09,2014-09-01,2014-10-01,2014-09-09,114552641,84.006,1777496192.337
2014-09,2014-09-01,2014-10-01,2014-09-10,118365471,84.006,1777496192.337
2014-09,2014-09-01,2014-10-01,2014-09-11,120398969,84.006,1777496192.337
2014-09,2014-09-01,2014-10-01,2014-09-12,124226818,84.006,1777496192.337
2014-09,2014-09-01,2014-10-01,2014-09-13,105951771,84.006,1777496192.337
2014-09,2014-09-01,2014-10-01,2014-09-14,89977195,84.006,1777496192.337
2014-09,2014-09-01,2014-10-01,2014-09-15,112234125,84.006,1777496192.337
2014-09,2014-09-01,2014-10-01,2014-09-16,115841603,84.006,1777496192.337
2014-09,2014-09-01,2014-10-01,2014-09-17,118354413,84.006,1777496192.337
2014-09,2014-09-01,2014-10-01,2014-09-18,120678406,84.006,1777496192.337
2014-09,2014-09-01,2014-10-01,2014-09-19,123919863,84.006,1777496192.337
2014-09,2014-09-01,2014-10-01,2014-09-20,103451249,84.006,1777496192.337
2014-09,2014-09-01,2014-10-01,2014-09-21,89540909,84.006,1777496192.337
2014-09,2014-09-01,2014-10-01,2014-09-22,110812921,84.006,1777496192.337
2014-09,2014-09-01,2014-10-01,2014-09-23,114769779,84.006,1777496192.337
2014-09,2014-09-01,2014-10-01,2014-09-24,115226015,84.006,1777496192.337
2014-09,2014-09-01,2014-10-01,2014-09-25,117370632,84.006,1777496192.337
2014-09,2014-09-01,2014-10-01,2014-09-26,120793087,84.006,1777496192.337
2014-09,2014-09-01,2014-10-01,2014-09-27,92398798,84.006,1777496192.337
2014-09,2014-09-01,2014-10-01,2014-09-28,87318710,84.006,1777496192.337
2014-09,2014-09-01,2014-10-01,2014-09-29,110308849,84.006,1777496192.337
2014-09,2014-09-01,2014-10-01,2014-09-30,112988388,84.006,1777496192.337
2014-10,2014-10-01,2014-11-01,2014-10-01,116502267,95.233,1777496574.333
2014-10,2014-10-01,2014-11-01,2014-10-02,119077118,95.233,1777496574.333
2014-10,2014-10-01,2014-11-01,2014-10-03,122844604,95.233,1777496574.333
2014-10,2014-10-01,2014-11-01,2014-10-04,105816085,95.233,1777496574.333
2014-10,2014-10-01,2014-11-01,2014-10-05,88148576,95.233,1777496574.333
2014-10,2014-10-01,2014-11-01,2014-10-06,112724849,95.233,1777496574.333
2014-10,2014-10-01,2014-11-01,2014-10-07,113950265,95.233,1777496574.333
2014-10,2014-10-01,2014-11-01,2014-10-08,120160692,95.233,1777496574.333
2014-10,2014-10-01,2014-11-01,2014-10-09,122730310,95.233,1777496574.333
2014-10,2014-10-01,2014-11-01,2014-10-10,126288457,95.233,1777496574.333
2014-10,2014-10-01,2014-11-01,2014-10-11,107320556,95.233,1777496574.333
2014-10,2014-10-01,2014-11-01,2014-10-12,91169721,95.233,1777496574.333
2014-10,2014-10-01,2014-11-01,2014-10-13,113628627,95.233,1777496574.333
2014-10,2014-10-01,2014-11-01,2014-10-14,118586872,95.233,1777496574.333
2014-10,2014-10-01,2014-11-01,2014-10-15,121080237,95.233,1777496574.333
2014-10,2014-10-01,2014-11-01,2014-10-16,122871806,95.233,1777496574.333
2014-10,2014-10-01,2014-11-01,2014-10-17,127203580,95.233,1777496574.333
2014-10,2014-10-01,2014-11-01,2014-10-18,107566232,95.233,1777496574.333
2014-10,2014-10-01,2014-11-01,2014-10-19,91101329,95.233,1777496574.333
2014-10,2014-10-01,2014-11-01,2014-10-20,116113991,95.233,1777496574.333
2014-10,2014-10-01,2014-11-01,2014-10-21,120300904,95.233,1777496574.333
2014-10,2014-10-01,2014-11-01,2014-10-22,121337126,95.233,1777496574.333
2014-10,2014-10-01,2014-11-01,2014-10-23,124540804,95.233,1777496574.333
2014-10,2014-10-01,2014-11-01,2014-10-24,127875947,95.233,1777496574.333
2014-10,2014-10-01,2014-11-01,2014-10-25,108731423,95.233,1777496574.333
2014-10,2014-10-01,2014-11-01,2014-10-26,92697617,95.233,1777496574.333
2014-10,2014-10-01,2014-11-01,2014-10-27,112548214,95.233,1777496574.333
2014-10,2014-10-01,2014-11-01,2014-10-28,113724338,95.233,1777496574.333
2014-10,2014-10-01,2014-11-01,2014-10-29,121162967,95.233,1777496574.333
2014-10,2014-10-01,2014-11-01,2014-10-30,124481254,95.233,1777496574.333
2014-10,2014-10-01,2014-11-01,2014-10-31,127992857,95.233,1777496574.333
2014-11,2014-11-01,2014-12-01,2014-11-01,98210148,88.252,1777496915.412
2014-11,2014-11-01,2014-12-01,2014-11-02,84088207,88.252,1777496915.412
2014-11,2014-11-01,2014-12-01,2014-11-03,104906878,88.252,1777496915.412
2014-11,2014-11-01,2014-12-01,2014-11-04,79203179,88.252,1777496915.412
2014-11,2014-11-01,2014-12-01,2014-11-05,119385898,88.252,1777496915.412
2014-11,2014-11-01,2014-12-01,2014-11-06,122752079,88.252,1777496915.412
2014-11,2014-11-01,2014-12-01,2014-11-07,127912268,88.252,1777496915.412
2014-11,2014-11-01,2014-12-01,2014-11-08,106115078,88.252,1777496915.412
2014-11,2014-11-01,2014-12-01,2014-11-09,91602812,88.252,1777496915.412
2014-11,2014-11-01,2014-12-01,2014-11-10,117259896,88.252,1777496915.412
2014-11,2014-11-01,2014-12-01,2014-11-11,121204354,88.252,1777496915.412
2014-11,2014-11-01,2014-12-01,2014-11-12,124118337,88.252,1777496915.412
2014-11,2014-11-01,2014-12-01,2014-11-13,126158251,88.252,1777496915.412
2014-11,2014-11-01,2014-12-01,2014-11-14,129270133,88.252,1777496915.412
2014-11,2014-11-01,2014-12-01,2014-11-15,110222541,88.252,1777496915.412
2014-11,2014-11-01,2014-12-01,2014-11-16,90624817,88.252,1777496915.412
2014-11,2014-11-01,2014-12-01,2014-11-17,117821711,88.252,1777496915.412
2014-11,2014-11-01,2014-12-01,2014-11-18,122254442,88.252,1777496915.412
2014-11,2014-11-01,2014-12-01,2014-11-19,125316755,88.252,1777496915.412
2014-11,2014-11-01,2014-12-01,2014-11-20,126193553,88.252,1777496915.412
2014-11,2014-11-01,2014-12-01,2014-11-21,130958343,88.252,1777496915.412
2014-11,2014-11-01,2014-12-01,2014-11-22,111366799,88.252,1777496915.412
2014-11,2014-11-01,2014-12-01,2014-11-23,95015135,88.252,1777496915.412
2014-11,2014-11-01,2014-12-01,2014-11-24,115571153,88.252,1777496915.412
2014-11,2014-11-01,2014-12-01,2014-11-25,121824509,88.252,1777496915.412
2014-11,2014-11-01,2014-12-01,2014-11-26,124089334,88.252,1777496915.412
2014-11,2014-11-01,2014-12-01,2014-11-27,127440761,88.252,1777496915.412
2014-11,2014-11-01,2014-12-01,2014-11-28,131469532,88.252,1777496915.412
2014-11,2014-11-01,2014-12-01,2014-11-29,111601562,88.252,1777496915.412
2014-11,2014-11-01,2014-12-01,2014-11-30,94300873,88.252,1777496915.412
2014-12,2014-12-01,2015-01-01,2014-12-01,117935812,85.54,1777497257.175
2014-12,2014-12-01,2015-01-01,2014-12-02,122465549,85.54,1777497257.175
2014-12,2014-12-01,2015-01-01,2014-12-03,124698251,85.54,1777497257.175
2014-12,2014-12-01,2015-01-01,2014-12-04,127491269,85.54,1777497257.175
2014-12,2014-12-01,2015-01-01,2014-12-05,131462319,85.54,1777497257.175
2014-12,2014-12-01,2015-01-01,2014-12-06,111230047,85.54,1777497257.175
2014-12,2014-12-01,2015-01-01,2014-12-07,93606883,85.54,1777497257.175
2014-12,2014-12-01,2015-01-01,2014-12-08,118894024,85.54,1777497257.175
2014-12,2014-12-01,2015-01-01,2014-12-09,122966326,85.54,1777497257.175
2014-12,2014-12-01,2015-01-01,2014-12-10,125866607,85.54,1777497257.175
2014-12,2014-12-01,2015-01-01,2014-12-11,127930609,85.54,1777497257.175
2014-12,2014-12-01,2015-01-01,2014-12-12,132051790,85.54,1777497257.175
2014-12,2014-12-01,2015-01-01,2014-12-13,112782032,85.54,1777497257.175
2014-12,2014-12-01,2015-01-01,2014-12-14,97108184,85.54,1777497257.175
2014-12,2014-12-01,2015-01-01,2014-12-15,120428049,85.54,1777497257.175
2014-12,2014-12-01,2015-01-01,2014-12-16,123517008,85.54,1777497257.175
2014-12,2014-12-01,2015-01-01,2014-12-17,127608835,85.54,1777497257.175
2014-12,2014-12-01,2015-01-01,2014-12-18,128431894,85.54,1777497257.175
2014-12,2014-12-01,2015-01-01,2014-12-19,131398953,85.54,1777497257.175
2014-12,2014-12-01,2015-01-01,2014-12-20,110157912,85.54,1777497257.175
2014-12,2014-12-01,2015-01-01,2014-12-21,95463644,85.54,1777497257.175
2014-12,2014-12-01,2015-01-01,2014-12-22,120694137,85.54,1777497257.175
2014-12,2014-12-01,2015-01-01,2014-12-23,122017471,85.54,1777497257.175
2014-12,2014-12-01,2015-01-01,2014-12-24,112503656,85.54,1777497257.175
2014-12,2014-12-01,2015-01-01,2014-12-25,72594446,85.54,1777497257.175
2014-12,2014-12-01,2015-01-01,2014-12-26,81177316,85.54,1777497257.175
2014-12,2014-12-01,2015-01-01,2014-12-27,86260079,85.54,1777497257.175
2014-12,2014-12-01,2015-01-01,2014-12-28,80231334,85.54,1777497257.175
2014-12,2014-12-01,2015-01-01,2014-12-29,88793226,85.54,1777497257.175
2014-12,2014-12-01,2015-01-01,2014-12-30,92585983,85.54,1777497257.175
2014-12,2014-12-01,2015-01-01,2014-12-31,92474097,85.54,1777497257.175
2015-01,2015-01-01,2015-02-01,2015-01-01,69823222,81.237,1777497574.6
2015-01,2015-01-01,2015-02-01,2015-01-02,88004964,81.237,1777497574.6
2015-01,2015-01-01,2015-02-01,2015-01-03,75563421,81.237,1777497574.6
2015-01,2015-01-01,2015-02-01,2015-01-04,78638573,81.237,1777497574.6
2015-01,2015-01-01,2015-02-01,2015-01-05,98490445,81.237,1777497574.6
2015-01,2015-01-01,2015-02-01,2015-01-06,101373717,81.237,1777497574.6
2015-01,2015-01-01,2015-02-01,2015-01-07,100277247,81.237,1777497574.6
2015-01,2015-01-01,2015-02-01,2015-01-08,99436217,81.237,1777497574.6
2015-01,2015-01-01,2015-02-01,2015-01-09,107648032,81.237,1777497574.6
2015-01,2015-01-01,2015-02-01,2015-01-10,92409031,81.237,1777497574.6
2015-01,2015-01-01,2015-02-01,2015-01-11,84115976,81.237,1777497574.6
2015-01,2015-01-01,2015-02-01,2015-01-12,107277853,81.237,1777497574.6
2015-01,2015-01-01,2015-02-01,2015-01-13,107860360,81.237,1777497574.6
2015-01,2015-01-01,2015-02-01,2015-01-14,111521195,81.237,1777497574.6
2015-01,2015-01-01,2015-02-01,2015-01-15,114595713,81.237,1777497574.6
2015-01,2015-01-01,2015-02-01,2015-01-16,117871723,81.237,1777497574.6
2015-01,2015-01-01,2015-02-01,2015-01-17,101921134,81.237,1777497574.6
2015-01,2015-01-01,2015-02-01,2015-01-18,88040671,81.237,1777497574.6
2015-01,2015-01-01,2015-02-01,2015-01-19,106057606,81.237,1777497574.6
2015-01,2015-01-01,2015-02-01,2015-01-20,114688599,81.237,1777497574.6
2015-01,2015-01-01,2015-02-01,2015-01-21,117425617,81.237,1777497574.6
2015-01,2015-01-01,2015-02-01,2015-01-22,119391848,81.237,1777497574.6
2015-01,2015-01-01,2015-02-01,2015-01-23,121762910,81.237,1777497574.6
2015-01,2015-01-01,2015-02-01,2015-01-24,99194553,81.237,1777497574.6
2015-01,2015-01-01,2015-02-01,2015-01-25,86488101,81.237,1777497574.6
2015-01,2015-01-01,2015-02-01,2015-01-26,79156318,81.237,1777497574.6
2015-01,2015-01-01,2015-02-01,2015-01-27,114718826,81.237,1777497574.6
2015-01,2015-01-01,2015-02-01,2015-01-28,118921529,81.237,1777497574.6
2015-01,2015-01-01,2015-02-01,2015-01-29,121608947,81.237,1777497574.6
2015-01,2015-01-01,2015-02-01,2015-01-30,126190932,81.237,1777497574.6
2015-01,2015-01-01,2015-02-01,2015-01-31,105927459,81.237,1777497574.6
2015-02,2015-02-01,2015-03-01,2015-02-01,87728129,77.139,1777497905.301
2015-02,2015-02-01,2015-03-01,2015-02-02,116438839,77.139,1777497905.301
2015-02,2015-02-01,2015-03-01,2015-02-03,119872353,77.139,1777497905.301
2015-02,2015-02-01,2015-03-01,2015-02-04,121959521,77.139,1777497905.301
2015-02,2015-02-01,2015-03-01,2015-02-05,124543825,77.139,1777497905.301
2015-02,2015-02-01,2015-03-01,2015-02-06,128037445,77.139,1777497905.301
2015-02,2015-02-01,2015-03-01,2015-02-07,107393840,77.139,1777497905.301
2015-02,2015-02-01,2015-03-01,2015-02-08,91238190,77.139,1777497905.301
2015-02,2015-02-01,2015-03-01,2015-02-09,116227294,77.139,1777497905.301
2015-02,2015-02-01,2015-03-01,2015-02-10,121349735,77.139,1777497905.301
2015-02,2015-02-01,2015-03-01,2015-02-11,122398913,77.139,1777497905.301
2015-02,2015-02-01,2015-03-01,2015-02-12,125670108,77.139,1777497905.301
2015-02,2015-02-01,2015-03-01,2015-02-13,126850457,77.139,1777497905.301
2015-02,2015-02-01,2015-03-01,2015-02-14,107566809,77.139,1777497905.301
2015-02,2015-02-01,2015-03-01,2015-02-15,92991459,77.139,1777497905.301
2015-02,2015-02-01,2015-03-01,2015-02-16,99466833,77.139,1777497905.301
2015-02,2015-02-01,2015-03-01,2015-02-17,121151683,77.139,1777497905.301
2015-02,2015-02-01,2015-03-01,2015-02-18,123332754,77.139,1777497905.301
2015-02,2015-02-01,2015-03-01,2015-02-19,122911769,77.139,1777497905.301
2015-02,2015-02-01,2015-03-01,2015-02-20,129178641,77.139,1777497905.301
2015-02,2015-02-01,2015-03-01,2015-02-21,108833078,77.139,1777497905.301
2015-02,2015-02-01,2015-03-01,2015-02-22,92848440,77.139,1777497905.301
2015-02,2015-02-01,2015-03-01,2015-02-23,115313113,77.139,1777497905.301
2015-02,2015-02-01,2015-03-01,2015-02-24,120812652,77.139,1777497905.301
2015-02,2015-02-01,2015-03-01,2015-02-25,123352663,77.139,1777497905.301
2015-02,2015-02-01,2015-03-01,2015-02-26,125280846,77.139,1777497905.301
2015-02,2015-02-01,2015-03-01,2015-02-27,129835039,77.139,1777497905.301
2015-02,2015-02-01,2015-03-01,2015-02-28,109456403,77.139,1777497905.301
2015-03,2015-03-01,2015-04-01,2015-03-01,93988540,77.905,1777498222.776
2015-03,2015-03-01,2015-04-01,2015-03-02,108862708,77.905,1777498222.776
2015-03,2015-03-01,2015-04-01,2015-03-03,130209579,77.905,1777498222.776
2015-03,2015-03-01,2015-04-01,2015-03-04,124410143,77.905,1777498222.776
2015-03,2015-03-01,2015-04-01,2015-03-05,126448723,77.905,1777498222.776
2015-03,2015-03-01,2015-04-01,2015-03-07,102480328,77.905,1777498222.776
2015-03,2015-03-01,2015-04-01,2015-03-08,88379032,77.905,1777498222.776
2015-03,2015-03-01,2015-04-01,2015-03-09,83706800,77.905,1777498222.776
2015-03,2015-03-01,2015-04-01,2015-03-10,120767898,77.905,1777498222.776
2015-03,2015-03-01,2015-04-01,2015-03-11,124295742,77.905,1777498222.776
2015-03,2015-03-01,2015-04-01,2015-03-12,126273436,77.905,1777498222.776
2015-03,2015-03-01,2015-04-01,2015-03-13,129762991,77.905,1777498222.776
2015-03,2015-03-01,2015-04-01,2015-03-14,110565311,77.905,1777498222.776
2015-03,2015-03-01,2015-04-01,2015-03-15,93141089,77.905,1777498222.776
2015-03,2015-03-01,2015-04-01,2015-03-16,118708420,77.905,1777498222.776
2015-03,2015-03-01,2015-04-01,2015-03-17,121569157,77.905,1777498222.776
2015-03,2015-03-01,2015-04-01,2015-03-18,124437526,77.905,1777498222.776
2015-03,2015-03-01,2015-04-01,2015-03-19,125149095,77.905,1777498222.776
2015-03,2015-03-01,2015-04-01,2015-03-20,129932676,77.905,1777498222.776
2015-03,2015-03-01,2015-04-01,2015-03-21,111901689,77.905,1777498222.776
2015-03,2015-03-01,2015-04-01,2015-03-22,97403802,77.905,1777498222.776
2015-03,2015-03-01,2015-04-01,2015-03-23,116618325,77.905,1777498222.776
2015-03,2015-03-01,2015-04-01,2015-03-24,110448850,77.905,1777498222.776
2015-03,2015-03-01,2015-04-01,2015-03-25,124373239,77.905,1777498222.776
2015-03,2015-03-01,2015-04-01,2015-03-26,124980874,77.905,1777498222.776
2015-03,2015-03-01,2015-04-01,2015-03-27,128400739,77.905,1777498222.776
2015-03,2015-03-01,2015-04-01,2015-03-28,109472073,77.905,1777498222.776
2015-03,2015-03-01,2015-04-01,2015-03-29,93217067,77.905,1777498222.776
2015-03,2015-03-01,2015-04-01,2015-03-30,115965941,77.905,1777498222.776
2015-03,2015-03-01,2015-04-01,2015-03-31,120553790,77.905,1777498222.776
2015-04,2015-04-01,2015-05-01,2015-04-01,122526668,85.654,1777498565.012
2015-04,2015-04-01,2015-05-01,2015-04-02,128081927,85.654,1777498565.012
2015-04,2015-04-01,2015-05-01,2015-04-03,74311088,85.654,1777498565.012
2015-04,2015-04-01,2015-05-01,2015-04-04,89451996,85.654,1777498565.012
2015-04,2015-04-01,2015-05-01,2015-04-05,79181959,85.654,1777498565.012
2015-04,2015-04-01,2015-05-01,2015-04-06,78565372,85.654,1777498565.012
2015-04,2015-04-01,2015-05-01,2015-04-07,109741411,85.654,1777498565.012
2015-04,2015-04-01,2015-05-01,2015-04-08,115748513,85.654,1777498565.012
2015-04,2015-04-01,2015-05-01,2015-04-09,119661982,85.654,1777498565.012
2015-04,2015-04-01,2015-05-01,2015-04-10,123243082,85.654,1777498565.012
2015-04,2015-04-01,2015-05-01,2015-04-11,106660616,85.654,1777498565.012
2015-04,2015-04-01,2015-05-01,2015-04-12,91504416,85.654,1777498565.012
2015-04,2015-04-01,2015-05-01,2015-04-13,115878014,85.654,1777498565.012
2015-04,2015-04-01,2015-05-01,2015-04-14,120099045,85.654,1777498565.012
2015-04,2015-04-01,2015-05-01,2015-04-15,122036174,85.654,1777498565.012
2015-04,2015-04-01,2015-05-01,2015-04-16,124450589,85.654,1777498565.012
2015-04,2015-04-01,2015-05-01,2015-04-17,126336901,85.654,1777498565.012
2015-04,2015-04-01,2015-05-01,2015-04-18,109508654,85.654,1777498565.012
2015-04,2015-04-01,2015-05-01,2015-04-19,88877854,85.654,1777498565.012
2015-04,2015-04-01,2015-05-01,2015-04-20,115573339,85.654,1777498565.012
2015-04,2015-04-01,2015-05-01,2015-04-21,119547066,85.654,1777498565.012
2015-04,2015-04-01,2015-05-01,2015-04-22,121285012,85.654,1777498565.012
2015-04,2015-04-01,2015-05-01,2015-04-23,124210513,85.654,1777498565.012
2015-04,2015-04-01,2015-05-01,2015-04-24,127903362,85.654,1777498565.012
2015-04,2015-04-01,2015-05-01,2015-04-25,93211141,85.654,1777498565.012
2015-04,2015-04-01,2015-05-01,2015-04-26,89736361,85.654,1777498565.012
2015-04,2015-04-01,2015-05-01,2015-04-27,113913517,85.654,1777498565.012
2015-04,2015-04-01,2015-05-01,2015-04-28,119147678,85.654,1777498565.012
2015-04,2015-04-01,2015-05-01,2015-04-29,121716465,85.654,1777498565.012
2015-04,2015-04-01,2015-05-01,2015-04-30,124153532,85.654,1777498565.012
2015-05,2015-05-01,2015-06-01,2015-05-01,127293169,77.274,1777498932.498
2015-05,2015-05-01,2015-06-01,2015-05-02,108652096,77.274,1777498932.498
2015-05,2015-05-01,2015-06-01,2015-05-03,92150480,77.274,1777498932.498
2015-05,2015-05-01,2015-06-01,2015-05-04,115233166,77.274,1777498932.498
2015-05,2015-05-01,2015-06-01,2015-05-05,117507965,77.274,1777498932.498
2015-05,2015-05-01,2015-06-01,2015-05-06,120477179,77.274,1777498932.498
2015-05,2015-05-01,2015-06-01,2015-05-07,122743067,77.274,1777498932.498
2015-05,2015-05-01,2015-06-01,2015-05-08,127473408,77.274,1777498932.498
2015-05,2015-05-01,2015-06-01,2015-05-09,110596106,77.274,1777498932.498
2015-05,2015-05-01,2015-06-01,2015-05-10,92288747,77.274,1777498932.498
2015-05,2015-05-01,2015-06-01,2015-05-11,113657228,77.274,1777498932.498
2015-05,2015-05-01,2015-06-01,2015-05-12,118073090,77.274,1777498932.498
2015-05,2015-05-01,2015-06-01,2015-05-13,118091435,77.274,1777498932.498
2015-05,2015-05-01,2015-06-01,2015-05-14,121918951,77.274,1777498932.498
2015-05,2015-05-01,2015-06-01,2015-05-15,125695443,77.274,1777498932.498
2015-05,2015-05-01,2015-06-01,2015-05-16,108518063,77.274,1777498932.498
2015-05,2015-05-01,2015-06-01,2015-05-17,92631956,77.274,1777498932.498
2015-05,2015-05-01,2015-06-01,2015-05-18,114811170,77.274,1777498932.498
2015-05,2015-05-01,2015-06-01,2015-05-19,117656623,77.274,1777498932.498
2015-05,2015-05-01,2015-06-01,2015-05-20,120338287,77.274,1777498932.498
2015-05,2015-05-01,2015-06-01,2015-05-21,122111498,77.274,1777498932.498
2015-05,2015-05-01,2015-06-01,2015-05-22,122590289,77.274,1777498932.498
2015-05,2015-05-01,2015-06-01,2015-05-23,108637826,77.274,1777498932.498
2015-05,2015-05-01,2015-06-01,2015-05-24,90799931,77.274,1777498932.498
2015-05,2015-05-01,2015-06-01,2015-05-25,113627545,77.274,1777498932.498
2015-05,2015-05-01,2015-06-01,2015-05-26,117849544,77.274,1777498932.498
2015-05,2015-05-01,2015-06-01,2015-05-27,120313801,77.274,1777498932.498
2015-05,2015-05-01,2015-06-01,2015-05-28,122404868,77.274,1777498932.498
2015-05,2015-05-01,2015-06-01,2015-05-29,121588883,77.274,1777498932.498
2015-05,2015-05-01,2015-06-01,2015-05-30,108731540,77.274,1777498932.498
2015-05,2015-05-01,2015-06-01,2015-05-31,88753828,77.274,1777498932.498
2015-06,2015-06-01,2015-07-01,2015-06-01,113139245,81.081,1777499269.927
2015-06,2015-06-01,2015-07-01,2015-06-02,116312891,81.081,1777499269.927
2015-06,2015-06-01,2015-07-01,2015-06-03,111742686,81.081,1777499269.927
2015-06,2015-06-01,2015-07-01,2015-06-04,120227254,81.081,1777499269.927
2015-06,2015-06-01,2015-07-01,2015-06-05,113188723,81.081,1777499269.927
2015-06,2015-06-01,2015-07-01,2015-06-06,99282755,81.081,1777499269.927
2015-06,2015-06-01,2015-07-01,2015-06-07,85619149,81.081,1777499269.927
2015-06,2015-06-01,2015-07-01,2015-06-08,78002367,81.081,1777499269.927
2015-06,2015-06-01,2015-07-01,2015-06-09,115265002,81.081,1777499269.927
2015-06,2015-06-01,2015-07-01,2015-06-10,118658976,81.081,1777499269.927
2015-06,2015-06-01,2015-07-01,2015-06-11,121784799,81.081,1777499269.927
2015-06,2015-06-01,2015-07-01,2015-06-12,125416951,81.081,1777499269.927
2015-06,2015-06-01,2015-07-01,2015-06-13,107657506,81.081,1777499269.927
2015-06,2015-06-01,2015-07-01,2015-06-14,90422960,81.081,1777499269.927
2015-06,2015-06-01,2015-07-01,2015-06-15,113714974,81.081,1777499269.927
2015-06,2015-06-01,2015-07-01,2015-06-16,116921872,81.081,1777499269.927
2015-06,2015-06-01,2015-07-01,2015-06-17,119532434,81.081,1777499269.927
2015-06,2015-06-01,2015-07-01,2015-06-18,121919938,81.081,1777499269.927
2015-06,2015-06-01,2015-07-01,2015-06-19,125543581,81.081,1777499269.927
2015-06,2015-06-01,2015-07-01,2015-06-20,107499324,81.081,1777499269.927
2015-06,2015-06-01,2015-07-01,2015-06-21,90776973,81.081,1777499269.927
2015-06,2015-06-01,2015-07-01,2015-06-22,105042876,81.081,1777499269.927
2015-06,2015-06-01,2015-07-01,2015-06-23,115565359,81.081,1777499269.927
2015-06,2015-06-01,2015-07-01,2015-06-24,119047074,81.081,1777499269.927
2015-06,2015-06-01,2015-07-01,2015-06-25,121499400,81.081,1777499269.927
2015-06,2015-06-01,2015-07-01,2015-06-26,124406700,81.081,1777499269.927
2015-06,2015-06-01,2015-07-01,2015-06-27,104551043,81.081,1777499269.927
2015-06,2015-06-01,2015-07-01,2015-06-28,88652006,81.081,1777499269.927
2015-06,2015-06-01,2015-07-01,2015-06-29,108805724,81.081,1777499269.927
2015-06,2015-06-01,2015-07-01,2015-06-30,113959943,81.081,1777499269.927
2015-07,2015-07-01,2015-08-01,2015-07-01,114913171,97.826,1777499620.788
2015-07,2015-07-01,2015-08-01,2015-07-02,115942980,97.826,1777499620.788
2015-07,2015-07-01,2015-08-01,2015-07-03,119209773,97.826,1777499620.788
2015-07,2015-07-01,2015-08-01,2015-07-04,97668493,97.826,1777499620.788
2015-07,2015-07-01,2015-08-01,2015-07-05,85739304,97.826,1777499620.788
2015-07,2015-07-01,2015-08-01,2015-07-06,106434990,97.826,1777499620.788
2015-07,2015-07-01,2015-08-01,2015-07-07,112164104,97.826,1777499620.788
2015-07,2015-07-01,2015-08-01,2015-07-08,115151462,97.826,1777499620.788
2015-07,2015-07-01,2015-08-01,2015-07-09,116577347,97.826,1777499620.788
2015-07,2015-07-01,2015-08-01,2015-07-10,119856230,97.826,1777499620.788
2015-07,2015-07-01,2015-08-01,2015-07-11,99114775,97.826,1777499620.788
2015-07,2015-07-01,2015-08-01,2015-07-12,80121052,97.826,1777499620.788
2015-07,2015-07-01,2015-08-01,2015-07-13,110512816,97.826,1777499620.788
2015-07,2015-07-01,2015-08-01,2015-07-14,115490307,97.826,1777499620.788
2015-07,2015-07-01,2015-08-01,2015-07-15,118602775,97.826,1777499620.788
2015-07,2015-07-01,2015-08-01,2015-07-16,121464265,97.826,1777499620.788
2015-07,2015-07-01,2015-08-01,2015-07-17,124113331,97.826,1777499620.788
2015-07,2015-07-01,2015-08-01,2015-07-18,106595293,97.826,1777499620.788
2015-07,2015-07-01,2015-08-01,2015-07-19,90553404,97.826,1777499620.788
2015-07,2015-07-01,2015-08-01,2015-07-20,113158841,97.826,1777499620.788
2015-07,2015-07-01,2015-08-01,2015-07-21,117443800,97.826,1777499620.788
2015-07,2015-07-01,2015-08-01,2015-07-22,119813401,97.826,1777499620.788
2015-07,2015-07-01,2015-08-01,2015-07-23,122658103,97.826,1777499620.788
2015-07,2015-07-01,2015-08-01,2015-07-24,121180539,97.826,1777499620.788
2015-07,2015-07-01,2015-08-01,2015-07-25,107427226,97.826,1777499620.788
2015-07,2015-07-01,2015-08-01,2015-07-26,88702466,97.826,1777499620.788
2015-07,2015-07-01,2015-08-01,2015-07-27,113909761,97.826,1777499620.788
2015-07,2015-07-01,2015-08-01,2015-07-28,118292523,97.826,1777499620.788
2015-07,2015-07-01,2015-08-01,2015-07-29,120638164,97.826,1777499620.788
2015-07,2015-07-01,2015-08-01,2015-07-30,121594939,97.826,1777499620.788
2015-07,2015-07-01,2015-08-01,2015-07-31,122591040,97.826,1777499620.788
2015-08,2015-08-01,2015-09-01,2015-08-01,105419546,87.305,1777500005.06
2015-08,2015-08-01,2015-09-01,2015-08-02,90191401,87.305,1777500005.06
2015-08,2015-08-01,2015-09-01,2015-08-03,112805898,87.305,1777500005.06
2015-08,2015-08-01,2015-09-01,2015-08-04,118136645,87.305,1777500005.06
2015-08,2015-08-01,2015-09-01,2015-08-05,119304174,87.305,1777500005.06
2015-08,2015-08-01,2015-09-01,2015-08-06,121406705,87.305,1777500005.06
2015-08,2015-08-01,2015-09-01,2015-08-07,125381422,87.305,1777500005.06
2015-08,2015-08-01,2015-09-01,2015-08-08,106655032,87.305,1777500005.06
2015-08,2015-08-01,2015-09-01,2015-08-09,90561059,87.305,1777500005.06
2015-08,2015-08-01,2015-09-01,2015-08-10,114005849,87.305,1777500005.06
2015-08,2015-08-01,2015-09-01,2015-08-11,118172920,87.305,1777500005.06
2015-08,2015-08-01,2015-09-01,2015-08-12,120191350,87.305,1777500005.06
2015-08,2015-08-01,2015-09-01,2015-08-13,122594815,87.305,1777500005.06
2015-08,2015-08-01,2015-09-01,2015-08-14,125673617,87.305,1777500005.06
2015-08,2015-08-01,2015-09-01,2015-08-15,106825926,87.305,1777500005.06
2015-08,2015-08-01,2015-09-01,2015-08-16,90769766,87.305,1777500005.06
2015-08,2015-08-01,2015-09-01,2015-08-17,112895230,87.305,1777500005.06
2015-08,2015-08-01,2015-09-01,2015-08-18,117967748,87.305,1777500005.06
2015-08,2015-08-01,2015-09-01,2015-08-19,120293531,87.305,1777500005.06
2015-08,2015-08-01,2015-09-01,2015-08-20,122764100,87.305,1777500005.06
2015-08,2015-08-01,2015-09-01,2015-08-21,125743730,87.305,1777500005.06
2015-08,2015-08-01,2015-09-01,2015-08-22,107789304,87.305,1777500005.06
2015-08,2015-08-01,2015-09-01,2015-08-23,91368279,87.305,1777500005.06
2015-08,2015-08-01,2015-09-01,2015-08-24,114090486,87.305,1777500005.06
2015-08,2015-08-01,2015-09-01,2015-08-25,117942558,87.305,1777500005.06
2015-08,2015-08-01,2015-09-01,2015-08-26,120387991,87.305,1777500005.06
2015-08,2015-08-01,2015-09-01,2015-08-27,120913257,87.305,1777500005.06
2015-08,2015-08-01,2015-09-01,2015-08-28,126269313,87.305,1777500005.06
2015-08,2015-08-01,2015-09-01,2015-08-29,106738296,87.305,1777500005.06
2015-08,2015-08-01,2015-09-01,2015-08-30,90372483,87.305,1777500005.06
2015-08,2015-08-01,2015-09-01,2015-08-31,113945505,87.305,1777500005.06
2015-09,2015-09-01,2015-10-01,2015-09-01,118771244,98.702,1777500354.572
2015-09,2015-09-01,2015-10-01,2015-09-02,119814864,98.702,1777500354.572
2015-09,2015-09-01,2015-10-01,2015-09-03,122837064,98.702,1777500354.572
2015-09,2015-09-01,2015-10-01,2015-09-04,127938111,98.702,1777500354.572
2015-09,2015-09-01,2015-10-01,2015-09-05,109163379,98.702,1777500354.572
2015-09,2015-09-01,2015-10-01,2015-09-06,91586887,98.702,1777500354.572
2015-09,2015-09-01,2015-10-01,2015-09-07,113683271,98.702,1777500354.572
2015-09,2015-09-01,2015-10-01,2015-09-08,117876212,98.702,1777500354.572
2015-09,2015-09-01,2015-10-01,2015-09-09,120109301,98.702,1777500354.572
2015-09,2015-09-01,2015-10-01,2015-09-10,122961570,98.702,1777500354.572
2015-09,2015-09-01,2015-10-01,2015-09-11,124087830,98.702,1777500354.572
2015-09,2015-09-01,2015-10-01,2015-09-12,107363051,98.702,1777500354.572
2015-09,2015-09-01,2015-10-01,2015-09-13,92963279,98.702,1777500354.572
2015-09,2015-09-01,2015-10-01,2015-09-14,113950760,98.702,1777500354.572
2015-09,2015-09-01,2015-10-01,2015-09-15,118068913,98.702,1777500354.572
2015-09,2015-09-01,2015-10-01,2015-09-16,120906624,98.702,1777500354.572
2015-09,2015-09-01,2015-10-01,2015-09-17,122830432,98.702,1777500354.572
2015-09,2015-09-01,2015-10-01,2015-09-18,126219194,98.702,1777500354.572
2015-09,2015-09-01,2015-10-01,2015-09-19,106579387,98.702,1777500354.572
2015-09,2015-09-01,2015-10-01,2015-09-20,92285556,98.702,1777500354.572
2015-09,2015-09-01,2015-10-01,2015-09-21,111722083,98.702,1777500354.572
2015-09,2015-09-01,2015-10-01,2015-09-22,115617108,98.702,1777500354.572
2015-09,2015-09-01,2015-10-01,2015-09-23,118140037,98.702,1777500354.572
2015-09,2015-09-01,2015-10-01,2015-09-24,120930314,98.702,1777500354.572
2015-09,2015-09-01,2015-10-01,2015-09-25,123959480,98.702,1777500354.572
2015-09,2015-09-01,2015-10-01,2015-09-26,105197797,98.702,1777500354.572
2015-09,2015-09-01,2015-10-01,2015-09-27,91803735,98.702,1777500354.572
2015-09,2015-09-01,2015-10-01,2015-09-28,112943592,98.702,1777500354.572
2015-09,2015-09-01,2015-10-01,2015-09-29,117365963,98.702,1777500354.572
2015-09,2015-09-01,2015-10-01,2015-09-30,120532895,98.702,1777500354.572
2015-10,2015-10-01,2015-11-01,2015-10-01,127090983,90.23,1777500705.978
2015-10,2015-10-01,2015-11-01,2015-10-02,96726375,90.23,1777500705.978
2015-10,2015-10-01,2015-11-01,2015-10-03,90825945,90.23,1777500705.978
2015-10,2015-10-01,2015-11-01,2015-10-04,87764121,90.23,1777500705.978
2015-10,2015-10-01,2015-11-01,2015-10-05,116145957,90.23,1777500705.978
2015-10,2015-10-01,2015-11-01,2015-10-06,119454155,90.23,1777500705.978
2015-10,2015-10-01,2015-11-01,2015-10-07,123577421,90.23,1777500705.978
2015-10,2015-10-01,2015-11-01,2015-10-08,126282243,90.23,1777500705.978
2015-10,2015-10-01,2015-11-01,2015-10-09,129539567,90.23,1777500705.978
2015-10,2015-10-01,2015-11-01,2015-10-10,110253025,90.23,1777500705.978
2015-10,2015-10-01,2015-11-01,2015-10-11,92485386,90.23,1777500705.978
2015-10,2015-10-01,2015-11-01,2015-10-12,117118930,90.23,1777500705.978
2015-10,2015-10-01,2015-11-01,2015-10-13,121915075,90.23,1777500705.978
2015-10,2015-10-01,2015-11-01,2015-10-14,124496653,90.23,1777500705.978
2015-10,2015-10-01,2015-11-01,2015-10-15,126379388,90.23,1777500705.978
2015-10,2015-10-01,2015-11-01,2015-10-16,129702051,90.23,1777500705.978
2015-10,2015-10-01,2015-11-01,2015-10-17,111257903,90.23,1777500705.978
2015-10,2015-10-01,2015-11-01,2015-10-18,94621668,90.23,1777500705.978
2015-10,2015-10-01,2015-11-01,2015-10-19,118313541,90.23,1777500705.978
2015-10,2015-10-01,2015-11-01,2015-10-20,121956327,90.23,1777500705.978
2015-10,2015-10-01,2015-11-01,2015-10-21,122917412,90.23,1777500705.978
2015-10,2015-10-01,2015-11-01,2015-10-22,126642038,90.23,1777500705.978
2015-10,2015-10-01,2015-11-01,2015-10-23,130493517,90.23,1777500705.978
2015-10,2015-10-01,2015-11-01,2015-10-24,112051443,90.23,1777500705.978
2015-10,2015-10-01,2015-11-01,2015-10-25,94234599,90.23,1777500705.978
2015-10,2015-10-01,2015-11-01,2015-10-26,117919740,90.23,1777500705.978
2015-10,2015-10-01,2015-11-01,2015-10-27,122848994,90.23,1777500705.978
2015-10,2015-10-01,2015-11-01,2015-10-28,124808929,90.23,1777500705.978
2015-10,2015-10-01,2015-11-01,2015-10-29,128130261,90.23,1777500705.978
2015-10,2015-10-01,2015-11-01,2015-10-30,131058208,90.23,1777500705.978
2015-10,2015-10-01,2015-11-01,2015-10-31,102936066,90.23,1777500705.978
2015-11,2015-11-01,2015-12-01,2015-11-01,86775911,78.125,1777500990.017
2015-11,2015-11-01,2015-12-01,2015-11-02,106196815,78.125,1777500990.017
2015-11,2015-11-01,2015-12-01,2015-11-03,82373068,78.125,1777500990.017
2015-11,2015-11-01,2015-12-01,2015-11-04,121358416,78.125,1777500990.017
2015-11,2015-11-01,2015-12-01,2015-11-05,122773947,78.125,1777500990.017
2015-11,2015-11-01,2015-12-01,2015-11-06,128492051,78.125,1777500990.017
2015-11,2015-11-01,2015-12-01,2015-11-07,109133783,78.125,1777500990.017
2015-11,2015-11-01,2015-12-01,2015-11-08,93869375,78.125,1777500990.017
2015-11,2015-11-01,2015-12-01,2015-11-09,119909642,78.125,1777500990.017
2015-11,2015-11-01,2015-12-01,2015-11-10,122659635,78.125,1777500990.017
2015-11,2015-11-01,2015-12-01,2015-11-11,125430001,78.125,1777500990.017
2015-11,2015-11-01,2015-12-01,2015-11-12,128248911,78.125,1777500990.017
2015-11,2015-11-01,2015-12-01,2015-11-13,132044004,78.125,1777500990.017
2015-11,2015-11-01,2015-12-01,2015-11-14,112459123,78.125,1777500990.017
2015-11,2015-11-01,2015-12-01,2015-11-15,95827124,78.125,1777500990.017
2015-11,2015-11-01,2015-12-01,2015-11-16,120308513,78.125,1777500990.017
2015-11,2015-11-01,2015-12-01,2015-11-17,123834433,78.125,1777500990.017
2015-11,2015-11-01,2015-12-01,2015-11-18,127444053,78.125,1777500990.017
2015-11,2015-11-01,2015-12-01,2015-11-19,129144711,78.125,1777500990.017
2015-11,2015-11-01,2015-12-01,2015-11-20,131796227,78.125,1777500990.017
2015-11,2015-11-01,2015-12-01,2015-11-21,112819621,78.125,1777500990.017
2015-11,2015-11-01,2015-12-01,2015-11-22,96673055,78.125,1777500990.017
2015-11,2015-11-01,2015-12-01,2015-11-23,119997106,78.125,1777500990.017
2015-11,2015-11-01,2015-12-01,2015-11-24,124723753,78.125,1777500990.017
2015-11,2015-11-01,2015-12-01,2015-11-25,126287654,78.125,1777500990.017
2015-11,2015-11-01,2015-12-01,2015-11-26,128721675,78.125,1777500990.017
2015-11,2015-11-01,2015-12-01,2015-11-27,132700623,78.125,1777500990.017
2015-11,2015-11-01,2015-12-01,2015-11-28,113602094,78.125,1777500990.017
2015-11,2015-11-01,2015-12-01,2015-11-29,95956314,78.125,1777500990.017
2015-11,2015-11-01,2015-12-01,2015-11-30,67984812,78.125,1777500990.017
2015-12,2015-12-01,2016-01-01,2015-12-01,123803694,101.578,1777501341.377
2015-12,2015-12-01,2016-01-01,2015-12-02,127321292,101.578,1777501341.377
2015-12,2015-12-01,2016-01-01,2015-12-03,129943350,101.578,1777501341.377
2015-12,2015-12-01,2016-01-01,2015-12-04,134707106,101.578,1777501341.377
2015-12,2015-12-01,2016-01-01,2015-12-05,115708031,101.578,1777501341.377
2015-12,2015-12-01,2016-01-01,2015-12-06,99900286,101.578,1777501341.377
2015-12,2015-12-01,2016-01-01,2015-12-07,121572246,101.578,1777501341.377
2015-12,2015-12-01,2016-01-01,2015-12-08,125703802,101.578,1777501341.377
2015-12,2015-12-01,2016-01-01,2015-12-09,128798718,101.578,1777501341.377
2015-12,2015-12-01,2016-01-01,2015-12-10,131155347,101.578,1777501341.377
2015-12,2015-12-01,2016-01-01,2015-12-11,133465749,101.578,1777501341.377
2015-12,2015-12-01,2016-01-01,2015-12-12,115159370,101.578,1777501341.377
2015-12,2015-12-01,2016-01-01,2015-12-13,99635365,101.578,1777501341.377
2015-12,2015-12-01,2016-01-01,2015-12-14,110884439,101.578,1777501341.377
2015-12,2015-12-01,2016-01-01,2015-12-15,127057435,101.578,1777501341.377
2015-12,2015-12-01,2016-01-01,2015-12-16,130058150,101.578,1777501341.377
2015-12,2015-12-01,2016-01-01,2015-12-17,132460752,101.578,1777501341.377
2015-12,2015-12-01,2016-01-01,2015-12-18,132942194,101.578,1777501341.377
2015-12,2015-12-01,2016-01-01,2015-12-19,107181689,101.578,1777501341.377
2015-12,2015-12-01,2016-01-01,2015-12-20,92951088,101.578,1777501341.377
2015-12,2015-12-01,2016-01-01,2015-12-21,125118516,101.578,1777501341.377
2015-12,2015-12-01,2016-01-01,2015-12-22,127992103,101.578,1777501341.377
2015-12,2015-12-01,2016-01-01,2015-12-23,128504046,101.578,1777501341.377
2015-12,2015-12-01,2016-01-01,2015-12-24,115296277,101.578,1777501341.377
2015-12,2015-12-01,2016-01-01,2015-12-25,74926405,101.578,1777501341.377
2015-12,2015-12-01,2016-01-01,2015-12-26,81768709,101.578,1777501341.377
2015-12,2015-12-01,2016-01-01,2015-12-27,82498533,101.578,1777501341.377
2015-12,2015-12-01,2016-01-01,2015-12-28,81894493,101.578,1777501341.377
2015-12,2015-12-01,2016-01-01,2015-12-29,95148317,101.578,1777501341.377
2015-12,2015-12-01,2016-01-01,2015-12-30,96198529,101.578,1777501341.377
2015-12,2015-12-01,2016-01-01,2015-12-31,90756421,101.578,1777501341.377
2016-01,2016-01-01,2016-02-01,2016-01-01,72013236,87.625,1777501728.781
2016-01,2016-01-01,2016-02-01,2016-01-02,83182850,87.625,1777501728.781
2016-01,2016-01-01,2016-02-01,2016-01-03,79034970,87.625,1777501728.781
2016-01,2016-01-01,2016-02-01,2016-01-04,97526484,87.625,1777501728.781
2016-01,2016-01-01,2016-02-01,2016-01-05,101028812,87.625,1777501728.781
2016-01,2016-01-01,2016-02-01,2016-01-06,104507877,87.625,1777501728.781
2016-01,2016-01-01,2016-02-01,2016-01-07,106984460,87.625,1777501728.781
2016-01,2016-01-01,2016-02-01,2016-01-08,109895339,87.625,1777501728.781
2016-01,2016-01-01,2016-02-01,2016-01-09,95570460,87.625,1777501728.781
2016-01,2016-01-01,2016-02-01,2016-01-10,86401394,87.625,1777501728.781
2016-01,2016-01-01,2016-02-01,2016-01-11,105153355,87.625,1777501728.781
2016-01,2016-01-01,2016-02-01,2016-01-12,111935638,87.625,1777501728.781
2016-01,2016-01-01,2016-02-01,2016-01-13,108398819,87.625,1777501728.781
2016-01,2016-01-01,2016-02-01,2016-01-14,116164873,87.625,1777501728.781
2016-01,2016-01-01,2016-02-01,2016-01-15,119885180,87.625,1777501728.781
2016-01,2016-01-01,2016-02-01,2016-01-16,102491301,87.625,1777501728.781
2016-01,2016-01-01,2016-02-01,2016-01-17,90123211,87.625,1777501728.781
2016-01,2016-01-01,2016-02-01,2016-01-18,112962537,87.625,1777501728.781
2016-01,2016-01-01,2016-02-01,2016-01-19,116107799,87.625,1777501728.781
2016-01,2016-01-01,2016-02-01,2016-01-20,119089361,87.625,1777501728.781
2016-01,2016-01-01,2016-02-01,2016-01-21,121690456,87.625,1777501728.781
2016-01,2016-01-01,2016-02-01,2016-01-22,122106134,87.625,1777501728.781
2016-01,2016-01-01,2016-02-01,2016-01-23,101181943,87.625,1777501728.781
2016-01,2016-01-01,2016-02-01,2016-01-24,87028544,87.625,1777501728.781
2016-01,2016-01-01,2016-02-01,2016-01-25,109859756,87.625,1777501728.781
2016-01,2016-01-01,2016-02-01,2016-01-26,83024461,87.625,1777501728.781
2016-01,2016-01-01,2016-02-01,2016-01-27,120377321,87.625,1777501728.781
2016-01,2016-01-01,2016-02-01,2016-01-28,122872402,87.625,1777501728.781
2016-01,2016-01-01,2016-02-01,2016-01-29,126157754,87.625,1777501728.781
2016-01,2016-01-01,2016-02-01,2016-01-30,107111747,87.625,1777501728.781
2016-01,2016-01-01,2016-02-01,2016-01-31,89740177,87.625,1777501728.781
2016-02,2016-02-01,2016-03-01,2016-02-01,119148539,78.939,1777502059.734
2016-02,2016-02-01,2016-03-01,2016-02-02,122054328,78.939,1777502059.734
2016-02,2016-02-01,2016-03-01,2016-02-03,122899950,78.939,1777502059.734
2016-02,2016-02-01,2016-03-01,2016-02-04,126015834,78.939,1777502059.734
2016-02,2016-02-01,2016-03-01,2016-02-05,130843707,78.939,1777502059.734
2016-02,2016-02-01,2016-03-01,2016-02-06,111562113,78.939,1777502059.734
2016-02,2016-02-01,2016-03-01,2016-02-07,94635848,78.939,1777502059.734
2016-02,2016-02-01,2016-03-01,2016-02-08,118298768,78.939,1777502059.734
2016-02,2016-02-01,2016-03-01,2016-02-09,122786832,78.939,1777502059.734
2016-02,2016-02-01,2016-03-01,2016-02-10,125022711,78.939,1777502059.734
2016-02,2016-02-01,2016-03-01,2016-02-11,127654118,78.939,1777502059.734
2016-02,2016-02-01,2016-03-01,2016-02-12,131866334,78.939,1777502059.734
2016-02,2016-02-01,2016-03-01,2016-02-13,113046129,78.939,1777502059.734
2016-02,2016-02-01,2016-03-01,2016-02-14,96332968,78.939,1777502059.734
2016-02,2016-02-01,2016-03-01,2016-02-15,120411687,78.939,1777502059.734
2016-02,2016-02-01,2016-03-01,2016-02-16,123201147,78.939,1777502059.734
2016-02,2016-02-01,2016-03-01,2016-02-17,124746708,78.939,1777502059.734
2016-02,2016-02-01,2016-03-01,2016-02-18,127157850,78.939,1777502059.734
2016-02,2016-02-01,2016-03-01,2016-02-19,130784846,78.939,1777502059.734
2016-02,2016-02-01,2016-03-01,2016-02-20,111412516,78.939,1777502059.734
2016-02,2016-02-01,2016-03-01,2016-02-21,96625274,78.939,1777502059.734
2016-02,2016-02-01,2016-03-01,2016-02-22,119058699,78.939,1777502059.734
2016-02,2016-02-01,2016-03-01,2016-02-23,121033907,78.939,1777502059.734
2016-02,2016-02-01,2016-03-01,2016-02-24,125373552,78.939,1777502059.734
2016-02,2016-02-01,2016-03-01,2016-02-25,128206385,78.939,1777502059.734
2016-02,2016-02-01,2016-03-01,2016-02-26,132349756,78.939,1777502059.734
2016-02,2016-02-01,2016-03-01,2016-02-27,113050538,78.939,1777502059.734
2016-02,2016-02-01,2016-03-01,2016-02-28,96791323,78.939,1777502059.734
2016-02,2016-02-01,2016-03-01,2016-02-29,121435935,78.939,1777502059.734
2016-03,2016-03-01,2016-04-01,2016-03-01,124844603,96.829,1777502437.494
2016-03,2016-03-01,2016-04-01,2016-03-02,126266748,96.829,1777502437.494
2016-03,2016-03-01,2016-04-01,2016-03-03,129004629,96.829,1777502437.494
2016-03,2016-03-01,2016-04-01,2016-03-04,131795354,96.829,1777502437.494
2016-03,2016-03-01,2016-04-01,2016-03-05,112823393,96.829,1777502437.494
2016-03,2016-03-01,2016-04-01,2016-03-06,96139913,96.829,1777502437.494
2016-03,2016-03-01,2016-04-01,2016-03-07,121495597,96.829,1777502437.494
2016-03,2016-03-01,2016-04-01,2016-03-08,124631512,96.829,1777502437.494
2016-03,2016-03-01,2016-04-01,2016-03-09,126438069,96.829,1777502437.494
2016-03,2016-03-01,2016-04-01,2016-03-10,127686599,96.829,1777502437.494
2016-03,2016-03-01,2016-04-01,2016-03-11,131942991,96.829,1777502437.494
2016-03,2016-03-01,2016-04-01,2016-03-12,105384332,96.829,1777502437.494
2016-03,2016-03-01,2016-04-01,2016-03-13,91868267,96.829,1777502437.494
2016-03,2016-03-01,2016-04-01,2016-03-14,86204953,96.829,1777502437.494
2016-03,2016-03-01,2016-04-01,2016-03-15,124059315,96.829,1777502437.494
2016-03,2016-03-01,2016-04-01,2016-03-16,127626943,96.829,1777502437.494
2016-03,2016-03-01,2016-04-01,2016-03-17,129761023,96.829,1777502437.494
2016-03,2016-03-01,2016-04-01,2016-03-18,130416362,96.829,1777502437.494
2016-03,2016-03-01,2016-04-01,2016-03-19,112863211,96.829,1777502437.494
2016-03,2016-03-01,2016-04-01,2016-03-20,97747642,96.829,1777502437.494
2016-03,2016-03-01,2016-04-01,2016-03-21,122305821,96.829,1777502437.494
2016-03,2016-03-01,2016-04-01,2016-03-22,126583153,96.829,1777502437.494
2016-03,2016-03-01,2016-04-01,2016-03-23,129753321,96.829,1777502437.494
2016-03,2016-03-01,2016-04-01,2016-03-24,135038183,96.829,1777502437.494
2016-03,2016-03-01,2016-04-01,2016-03-25,76137790,96.829,1777502437.494
2016-03,2016-03-01,2016-04-01,2016-03-26,91397100,96.829,1777502437.494
2016-03,2016-03-01,2016-04-01,2016-03-27,80683238,96.829,1777502437.494
2016-03,2016-03-01,2016-04-01,2016-03-28,79869927,96.829,1777502437.494
2016-03,2016-03-01,2016-04-01,2016-03-29,112664007,96.829,1777502437.494
2016-03,2016-03-01,2016-04-01,2016-03-30,117935406,96.829,1777502437.494
2016-03,2016-03-01,2016-04-01,2016-03-31,121717593,96.829,1777502437.494
2016-04,2016-04-01,2016-05-01,2016-04-01,124551891,74.956,1777502780.403
2016-04,2016-04-01,2016-05-01,2016-04-02,105816685,74.956,1777502780.403
2016-04,2016-04-01,2016-05-01,2016-04-03,93078509,74.956,1777502780.403
2016-04,2016-04-01,2016-05-01,2016-04-04,115723611,74.956,1777502780.403
2016-04,2016-04-01,2016-05-01,2016-04-05,120362480,74.956,1777502780.403
2016-04,2016-04-01,2016-05-01,2016-04-06,119019278,74.956,1777502780.403
2016-04,2016-04-01,2016-05-01,2016-04-07,124617732,74.956,1777502780.403
2016-04,2016-04-01,2016-05-01,2016-04-08,127642765,74.956,1777502780.403
2016-04,2016-04-01,2016-05-01,2016-04-09,109045691,74.956,1777502780.403
2016-04,2016-04-01,2016-05-01,2016-04-10,92694031,74.956,1777502780.403
2016-04,2016-04-01,2016-05-01,2016-04-11,117686061,74.956,1777502780.403
2016-04,2016-04-01,2016-05-01,2016-04-12,123078979,74.956,1777502780.403
2016-04,2016-04-01,2016-05-01,2016-04-13,125638836,74.956,1777502780.403
2016-04,2016-04-01,2016-05-01,2016-04-14,127612090,74.956,1777502780.403
2016-04,2016-04-01,2016-05-01,2016-04-15,131755096,74.956,1777502780.403
2016-04,2016-04-01,2016-05-01,2016-04-16,112536815,74.956,1777502780.403
2016-04,2016-04-01,2016-05-01,2016-04-17,96852238,74.956,1777502780.403
2016-04,2016-04-01,2016-05-01,2016-04-18,119996020,74.956,1777502780.403
2016-04,2016-04-01,2016-05-01,2016-04-19,123749289,74.956,1777502780.403
2016-04,2016-04-01,2016-05-01,2016-04-20,126320021,74.956,1777502780.403
2016-04,2016-04-01,2016-05-01,2016-04-21,127358504,74.956,1777502780.403
2016-04,2016-04-01,2016-05-01,2016-04-22,130638349,74.956,1777502780.403
2016-04,2016-04-01,2016-05-01,2016-04-23,106278858,74.956,1777502780.403
2016-04,2016-04-01,2016-05-01,2016-04-24,94867539,74.956,1777502780.403
2016-04,2016-04-01,2016-05-01,2016-04-25,82071659,74.956,1777502780.403
2016-04,2016-04-01,2016-05-01,2016-04-26,121696080,74.956,1777502780.403
2016-04,2016-04-01,2016-05-01,2016-04-27,125666752,74.956,1777502780.403
2016-04,2016-04-01,2016-05-01,2016-04-28,128031993,74.956,1777502780.403
2016-04,2016-04-01,2016-05-01,2016-04-29,129553712,74.956,1777502780.403
2016-04,2016-04-01,2016-05-01,2016-04-30,112679852,74.956,1777502780.403
2016-05,2016-05-01,2016-06-01,2016-05-01,91761150,100.4,1777503124.805
2016-05,2016-05-01,2016-06-01,2016-05-02,118799216,100.4,1777503124.805
2016-05,2016-05-01,2016-06-01,2016-05-03,118870014,100.4,1777503124.805
2016-05,2016-05-01,2016-06-01,2016-05-04,125196749,100.4,1777503124.805
2016-05,2016-05-01,2016-06-01,2016-05-05,128075878,100.4,1777503124.805
2016-05,2016-05-01,2016-06-01,2016-05-06,132155535,100.4,1777503124.805
2016-05,2016-05-01,2016-06-01,2016-05-07,115902223,100.4,1777503124.805
2016-05,2016-05-01,2016-06-01,2016-05-08,94817253,100.4,1777503124.805
2016-05,2016-05-01,2016-06-01,2016-05-09,114790893,100.4,1777503124.805
2016-05,2016-05-01,2016-06-01,2016-05-10,120755581,100.4,1777503124.805
2016-05,2016-05-01,2016-06-01,2016-05-11,123760303,100.4,1777503124.805
2016-05,2016-05-01,2016-06-01,2016-05-12,126498970,100.4,1777503124.805
2016-05,2016-05-01,2016-06-01,2016-05-13,131136883,100.4,1777503124.805
2016-05,2016-05-01,2016-06-01,2016-05-14,113261280,100.4,1777503124.805
2016-05,2016-05-01,2016-06-01,2016-05-15,94755021,100.4,1777503124.805
2016-05,2016-05-01,2016-06-01,2016-05-16,118294334,100.4,1777503124.805
2016-05,2016-05-01,2016-06-01,2016-05-17,122296106,100.4,1777503124.805
2016-05,2016-05-01,2016-06-01,2016-05-18,124392689,100.4,1777503124.805
2016-05,2016-05-01,2016-06-01,2016-05-19,126408905,100.4,1777503124.805
2016-05,2016-05-01,2016-06-01,2016-05-20,130831407,100.4,1777503124.805
2016-05,2016-05-01,2016-06-01,2016-05-21,112105324,100.4,1777503124.805
2016-05,2016-05-01,2016-06-01,2016-05-22,93888763,100.4,1777503124.805
2016-05,2016-05-01,2016-06-01,2016-05-23,117277867,100.4,1777503124.805
2016-05,2016-05-01,2016-06-01,2016-05-24,122656145,100.4,1777503124.805
2016-05,2016-05-01,2016-06-01,2016-05-25,123925320,100.4,1777503124.805
2016-05,2016-05-01,2016-06-01,2016-05-26,124295561,100.4,1777503124.805
2016-05,2016-05-01,2016-06-01,2016-05-27,129844249,100.4,1777503124.805
2016-05,2016-05-01,2016-06-01,2016-05-28,110075604,100.4,1777503124.805
2016-05,2016-05-01,2016-06-01,2016-05-29,93048873,100.4,1777503124.805
2016-05,2016-05-01,2016-06-01,2016-05-30,117687187,100.4,1777503124.805
2016-05,2016-05-01,2016-06-01,2016-05-31,121914681,100.4,1777503124.805
2016-06,2016-06-01,2016-07-01,2016-06-01,123698795,72.32,1777503458.991
2016-06,2016-06-01,2016-07-01,2016-06-02,124743431,72.32,1777503458.991
2016-06,2016-06-01,2016-07-01,2016-06-03,129525710,72.32,1777503458.991
2016-06,2016-06-01,2016-07-01,2016-06-04,108428906,72.32,1777503458.991
2016-06,2016-06-01,2016-07-01,2016-06-05,90210480,72.32,1777503458.991
2016-06,2016-06-01,2016-07-01,2016-06-06,116947171,72.32,1777503458.991
2016-06,2016-06-01,2016-07-01,2016-06-07,120421907,72.32,1777503458.991
2016-06,2016-06-01,2016-07-01,2016-06-08,123324014,72.32,1777503458.991
2016-06,2016-06-01,2016-07-01,2016-06-09,125846645,72.32,1777503458.991
2016-06,2016-06-01,2016-07-01,2016-06-10,129471817,72.32,1777503458.991
2016-06,2016-06-01,2016-07-01,2016-06-11,101638901,72.32,1777503458.991
2016-06,2016-06-01,2016-07-01,2016-06-12,89555054,72.32,1777503458.991
2016-06,2016-06-01,2016-07-01,2016-06-13,82532795,72.32,1777503458.991
2016-06,2016-06-01,2016-07-01,2016-06-14,120185433,72.32,1777503458.991
2016-06,2016-06-01,2016-07-01,2016-06-15,123713011,72.32,1777503458.991
2016-06,2016-06-01,2016-07-01,2016-06-16,126103756,72.32,1777503458.991
2016-06,2016-06-01,2016-07-01,2016-06-17,128628246,72.32,1777503458.991
2016-06,2016-06-01,2016-07-01,2016-06-18,110084424,72.32,1777503458.991
2016-06,2016-06-01,2016-07-01,2016-06-19,92038626,72.32,1777503458.991
2016-06,2016-06-01,2016-07-01,2016-06-20,108236099,72.32,1777503458.991
2016-06,2016-06-01,2016-07-01,2016-06-21,119846165,72.32,1777503458.991
2016-06,2016-06-01,2016-07-01,2016-06-22,122733442,72.32,1777503458.991
2016-06,2016-06-01,2016-07-01,2016-06-23,123720780,72.32,1777503458.991
2016-06,2016-06-01,2016-07-01,2016-06-24,126516748,72.32,1777503458.991
2016-06,2016-06-01,2016-07-01,2016-06-25,107862888,72.32,1777503458.991
2016-06,2016-06-01,2016-07-01,2016-06-26,91819411,72.32,1777503458.991
2016-06,2016-06-01,2016-07-01,2016-06-27,111837058,72.32,1777503458.991
2016-06,2016-06-01,2016-07-01,2016-06-28,117277156,72.32,1777503458.991
2016-06,2016-06-01,2016-07-01,2016-06-29,119877484,72.32,1777503458.991
2016-06,2016-06-01,2016-07-01,2016-06-30,119976534,72.32,1777503458.991
2016-07,2016-07-01,2016-08-01,2016-07-01,123396123,87.247,1777503761.556
2016-07,2016-07-01,2016-08-01,2016-07-02,103884010,87.247,1777503761.556
2016-07,2016-07-01,2016-08-01,2016-07-03,89148114,87.247,1777503761.556
2016-07,2016-07-01,2016-08-01,2016-07-04,112622288,87.247,1777503761.556
2016-07,2016-07-01,2016-08-01,2016-07-05,114013097,87.247,1777503761.556
2016-07,2016-07-01,2016-08-01,2016-07-06,118390321,87.247,1777503761.556
2016-07,2016-07-01,2016-08-01,2016-07-07,121004977,87.247,1777503761.556
2016-07,2016-07-01,2016-08-01,2016-07-08,124834059,87.247,1777503761.556
2016-07,2016-07-01,2016-08-01,2016-07-09,107596914,87.247,1777503761.556
2016-07,2016-07-01,2016-08-01,2016-07-10,89306590,87.247,1777503761.556
2016-07,2016-07-01,2016-08-01,2016-07-11,115646164,87.247,1777503761.556
2016-07,2016-07-01,2016-08-01,2016-07-12,119701049,87.247,1777503761.556
2016-07,2016-07-01,2016-08-01,2016-07-13,122860272,87.247,1777503761.556
2016-07,2016-07-01,2016-08-01,2016-07-14,126578355,87.247,1777503761.556
2016-07,2016-07-01,2016-08-01,2016-07-15,129956758,87.247,1777503761.556
2016-07,2016-07-01,2016-08-01,2016-07-16,112005492,87.247,1777503761.556
2016-07,2016-07-01,2016-08-01,2016-07-17,95297840,87.247,1777503761.556
2016-07,2016-07-01,2016-08-01,2016-07-18,118278374,87.247,1777503761.556
2016-07,2016-07-01,2016-08-01,2016-07-19,122653876,87.247,1777503761.556
2016-07,2016-07-01,2016-08-01,2016-07-20,124669331,87.247,1777503761.556
2016-07,2016-07-01,2016-08-01,2016-07-21,126783011,87.247,1777503761.556
2016-07,2016-07-01,2016-08-01,2016-07-22,128976772,87.247,1777503761.556
2016-07,2016-07-01,2016-08-01,2016-07-23,110704265,87.247,1777503761.556
2016-07,2016-07-01,2016-08-01,2016-07-24,93446816,87.247,1777503761.556
2016-07,2016-07-01,2016-08-01,2016-07-25,116765983,87.247,1777503761.556
2016-07,2016-07-01,2016-08-01,2016-07-26,122597156,87.247,1777503761.556
2016-07,2016-07-01,2016-08-01,2016-07-27,124680009,87.247,1777503761.556
2016-07,2016-07-01,2016-08-01,2016-07-28,127665332,87.247,1777503761.556
2016-07,2016-07-01,2016-08-01,2016-07-29,130998822,87.247,1777503761.556
2016-07,2016-07-01,2016-08-01,2016-07-30,111831849,87.247,1777503761.556
2016-07,2016-07-01,2016-08-01,2016-07-31,95943885,87.247,1777503761.556
2016-08,2016-08-01,2016-09-01,2016-08-01,116565322,97.737,1777504157.687
2016-08,2016-08-01,2016-09-01,2016-08-02,122342791,97.737,1777504157.687
2016-08,2016-08-01,2016-09-01,2016-08-03,124430229,97.737,1777504157.687
2016-08,2016-08-01,2016-09-01,2016-08-04,127574722,97.737,1777504157.687
2016-08,2016-08-01,2016-09-01,2016-08-05,131504871,97.737,1777504157.687
2016-08,2016-08-01,2016-09-01,2016-08-06,111486011,97.737,1777504157.687
2016-08,2016-08-01,2016-09-01,2016-08-07,95468123,97.737,1777504157.687
2016-08,2016-08-01,2016-09-01,2016-08-08,117889357,97.737,1777504157.687
2016-08,2016-08-01,2016-09-01,2016-08-09,122392600,97.737,1777504157.687
2016-08,2016-08-01,2016-09-01,2016-08-10,124708287,97.737,1777504157.687
2016-08,2016-08-01,2016-09-01,2016-08-11,126926430,97.737,1777504157.687
2016-08,2016-08-01,2016-09-01,2016-08-12,130461580,97.737,1777504157.687
2016-08,2016-08-01,2016-09-01,2016-08-13,110986664,97.737,1777504157.687
2016-08,2016-08-01,2016-09-01,2016-08-14,95142479,97.737,1777504157.687
2016-08,2016-08-01,2016-09-01,2016-08-15,119059456,97.737,1777504157.687
2016-08,2016-08-01,2016-09-01,2016-08-16,123237721,97.737,1777504157.687
2016-08,2016-08-01,2016-09-01,2016-08-17,125062013,97.737,1777504157.687
2016-08,2016-08-01,2016-09-01,2016-08-18,127512574,97.737,1777504157.687
2016-08,2016-08-01,2016-09-01,2016-08-19,128737549,97.737,1777504157.687
2016-08,2016-08-01,2016-09-01,2016-08-20,111396004,97.737,1777504157.687
2016-08,2016-08-01,2016-09-01,2016-08-21,93338136,97.737,1777504157.687
2016-08,2016-08-01,2016-09-01,2016-08-22,117126651,97.737,1777504157.687
2016-08,2016-08-01,2016-09-01,2016-08-23,123191271,97.737,1777504157.687
2016-08,2016-08-01,2016-09-01,2016-08-24,125042555,97.737,1777504157.687
2016-08,2016-08-01,2016-09-01,2016-08-25,127464605,97.737,1777504157.687
2016-08,2016-08-01,2016-09-01,2016-08-26,131359981,97.737,1777504157.687
2016-08,2016-08-01,2016-09-01,2016-08-27,112855284,97.737,1777504157.687
2016-08,2016-08-01,2016-09-01,2016-08-28,96543066,97.737,1777504157.687
2016-08,2016-08-01,2016-09-01,2016-08-29,119585494,97.737,1777504157.687
2016-08,2016-08-01,2016-09-01,2016-08-30,122223684,97.737,1777504157.687
2016-08,2016-08-01,2016-09-01,2016-08-31,125015108,97.737,1777504157.687
2016-09,2016-09-01,2016-10-01,2016-09-01,127355861,78.383,1777504490.566
2016-09,2016-09-01,2016-10-01,2016-09-02,131722050,78.383,1777504490.566
2016-09,2016-09-01,2016-10-01,2016-09-03,113550885,78.383,1777504490.566
2016-09,2016-09-01,2016-10-01,2016-09-04,95812303,78.383,1777504490.566
2016-09,2016-09-01,2016-10-01,2016-09-05,118208371,78.383,1777504490.566
2016-09,2016-09-01,2016-10-01,2016-09-06,123174365,78.383,1777504490.566
2016-09,2016-09-01,2016-10-01,2016-09-07,126144868,78.383,1777504490.566
2016-09,2016-09-01,2016-10-01,2016-09-08,128196220,78.383,1777504490.566
2016-09,2016-09-01,2016-10-01,2016-09-09,128955699,78.383,1777504490.566
2016-09,2016-09-01,2016-10-01,2016-09-10,110705731,78.383,1777504490.566
2016-09,2016-09-01,2016-10-01,2016-09-11,94749413,78.383,1777504490.566
2016-09,2016-09-01,2016-10-01,2016-09-12,117894307,78.383,1777504490.566
2016-09,2016-09-01,2016-10-01,2016-09-13,119792883,78.383,1777504490.566
2016-09,2016-09-01,2016-10-01,2016-09-14,123541590,78.383,1777504490.566
2016-09,2016-09-01,2016-10-01,2016-09-15,126119992,78.383,1777504490.566
2016-09,2016-09-01,2016-10-01,2016-09-16,129935347,78.383,1777504490.566
2016-09,2016-09-01,2016-10-01,2016-09-17,109966086,78.383,1777504490.566
2016-09,2016-09-01,2016-10-01,2016-09-18,90724362,78.383,1777504490.566
2016-09,2016-09-01,2016-10-01,2016-09-19,114952402,78.383,1777504490.566
2016-09,2016-09-01,2016-10-01,2016-09-20,117654601,78.383,1777504490.566
2016-09,2016-09-01,2016-10-01,2016-09-21,121330028,78.383,1777504490.566
2016-09,2016-09-01,2016-10-01,2016-09-22,123802263,78.383,1777504490.566
2016-09,2016-09-01,2016-10-01,2016-09-23,127698148,78.383,1777504490.566
2016-09,2016-09-01,2016-10-01,2016-09-24,108074517,78.383,1777504490.566
2016-09,2016-09-01,2016-10-01,2016-09-25,93546136,78.383,1777504490.566
2016-09,2016-09-01,2016-10-01,2016-09-26,115907314,78.383,1777504490.566
2016-09,2016-09-01,2016-10-01,2016-09-27,121110822,78.383,1777504490.566
2016-09,2016-09-01,2016-10-01,2016-09-28,125316487,78.383,1777504490.566
2016-09,2016-09-01,2016-10-01,2016-09-29,129708607,78.383,1777504490.566
2016-09,2016-09-01,2016-10-01,2016-09-30,98485050,78.383,1777504490.566
2016-10,2016-10-01,2016-11-01,2016-10-01,92408602,84.79,1777504808.138
2016-10,2016-10-01,2016-11-01,2016-10-02,89139831,84.79,1777504808.138
2016-10,2016-10-01,2016-11-01,2016-10-03,118473377,84.79,1777504808.138
2016-10,2016-10-01,2016-11-01,2016-10-04,122844934,84.79,1777504808.138
2016-10,2016-10-01,2016-11-01,2016-10-05,126871287,84.79,1777504808.138
2016-10,2016-10-01,2016-11-01,2016-10-06,131581870,84.79,1777504808.138
2016-10,2016-10-01,2016-11-01,2016-10-07,133496911,84.79,1777504808.138
2016-10,2016-10-01,2016-11-01,2016-10-08,116004361,84.79,1777504808.138
2016-10,2016-10-01,2016-11-01,2016-10-09,92152122,84.79,1777504808.138
2016-10,2016-10-01,2016-11-01,2016-10-10,121595443,84.79,1777504808.138
2016-10,2016-10-01,2016-11-01,2016-10-11,126525745,84.79,1777504808.138
2016-10,2016-10-01,2016-11-01,2016-10-12,127014052,84.79,1777504808.138
2016-10,2016-10-01,2016-11-01,2016-10-13,131520647,84.79,1777504808.138
2016-10,2016-10-01,2016-11-01,2016-10-14,135601928,84.79,1777504808.138
2016-10,2016-10-01,2016-11-01,2016-10-15,115264557,84.79,1777504808.138
2016-10,2016-10-01,2016-11-01,2016-10-16,95478726,84.79,1777504808.138
2016-10,2016-10-01,2016-11-01,2016-10-17,121744623,84.79,1777504808.138
2016-10,2016-10-01,2016-11-01,2016-10-18,125431998,84.79,1777504808.138
2016-10,2016-10-01,2016-11-01,2016-10-19,128778371,84.79,1777504808.138
2016-10,2016-10-01,2016-11-01,2016-10-20,132482000,84.79,1777504808.138
2016-10,2016-10-01,2016-11-01,2016-10-21,131762532,84.79,1777504808.138
2016-10,2016-10-01,2016-11-01,2016-10-22,110814506,84.79,1777504808.138
2016-10,2016-10-01,2016-11-01,2016-10-23,95536028,84.79,1777504808.138
2016-10,2016-10-01,2016-11-01,2016-10-24,122431783,84.79,1777504808.138
2016-10,2016-10-01,2016-11-01,2016-10-25,126817111,84.79,1777504808.138
2016-10,2016-10-01,2016-11-01,2016-10-26,128212370,84.79,1777504808.138
2016-10,2016-10-01,2016-11-01,2016-10-27,132330182,84.79,1777504808.138
2016-10,2016-10-01,2016-11-01,2016-10-28,135445574,84.79,1777504808.138
2016-10,2016-10-01,2016-11-01,2016-10-29,109971400,84.79,1777504808.138
2016-10,2016-10-01,2016-11-01,2016-10-30,90803070,84.79,1777504808.138
2016-10,2016-10-01,2016-11-01,2016-10-31,113184170,84.79,1777504808.138
2016-11,2016-11-01,2016-12-01,2016-11-01,84695414,92.249,1777505167.415
2016-11,2016-11-01,2016-12-01,2016-11-02,125545847,92.249,1777505167.415
2016-11,2016-11-01,2016-12-01,2016-11-03,130648910,92.249,1777505167.415
2016-11,2016-11-01,2016-12-01,2016-11-04,135078041,92.249,1777505167.415
2016-11,2016-11-01,2016-12-01,2016-11-05,112492721,92.249,1777505167.415
2016-11,2016-11-01,2016-12-01,2016-11-06,96883507,92.249,1777505167.415
2016-11,2016-11-01,2016-12-01,2016-11-07,122025454,92.249,1777505167.415
2016-11,2016-11-01,2016-12-01,2016-11-08,128592048,92.249,1777505167.415
2016-11,2016-11-01,2016-12-01,2016-11-09,129796151,92.249,1777505167.415
2016-11,2016-11-01,2016-12-01,2016-11-10,133321706,92.249,1777505167.415
2016-11,2016-11-01,2016-12-01,2016-11-11,137291261,92.249,1777505167.415
2016-11,2016-11-01,2016-12-01,2016-11-12,116383341,92.249,1777505167.415
2016-11,2016-11-01,2016-12-01,2016-11-13,96050217,92.249,1777505167.415
2016-11,2016-11-01,2016-12-01,2016-11-14,124105237,92.249,1777505167.415
2016-11,2016-11-01,2016-12-01,2016-11-15,128597129,92.249,1777505167.415
2016-11,2016-11-01,2016-12-01,2016-11-16,131851715,92.249,1777505167.415
2016-11,2016-11-01,2016-12-01,2016-11-17,134711290,92.249,1777505167.415
2016-11,2016-11-01,2016-12-01,2016-11-18,137559550,92.249,1777505167.415
2016-11,2016-11-01,2016-12-01,2016-11-19,118769869,92.249,1777505167.415
2016-11,2016-11-01,2016-12-01,2016-11-20,102615138,92.249,1777505167.415
2016-11,2016-11-01,2016-12-01,2016-11-21,122608641,92.249,1777505167.415
2016-11,2016-11-01,2016-12-01,2016-11-22,126877273,92.249,1777505167.415
2016-11,2016-11-01,2016-12-01,2016-11-23,130894831,92.249,1777505167.415
2016-11,2016-11-01,2016-12-01,2016-11-24,133875074,92.249,1777505167.415
2016-11,2016-11-01,2016-12-01,2016-11-25,137276375,92.249,1777505167.415
2016-11,2016-11-01,2016-12-01,2016-11-26,118288058,92.249,1777505167.415
2016-11,2016-11-01,2016-12-01,2016-11-27,100613865,92.249,1777505167.415
2016-11,2016-11-01,2016-12-01,2016-11-28,124798785,92.249,1777505167.415
2016-11,2016-11-01,2016-12-01,2016-11-29,129100382,92.249,1777505167.415
2016-11,2016-11-01,2016-12-01,2016-11-30,131623386,92.249,1777505167.415
2016-12,2016-12-01,2017-01-01,2016-12-01,133109995,78.644,1777505532.787
2016-12,2016-12-01,2017-01-01,2016-12-02,138772078,78.644,1777505532.787
2016-12,2016-12-01,2017-01-01,2016-12-03,119701147,78.644,1777505532.787
2016-12,2016-12-01,2017-01-01,2016-12-04,100333491,78.644,1777505532.787
2016-12,2016-12-01,2017-01-01,2016-12-05,125762337,78.644,1777505532.787
2016-12,2016-12-01,2017-01-01,2016-12-06,131251439,78.644,1777505532.787
2016-12,2016-12-01,2017-01-01,2016-12-07,134010783,78.644,1777505532.787
2016-12,2016-12-01,2017-01-01,2016-12-08,133698645,78.644,1777505532.787
2016-12,2016-12-01,2017-01-01,2016-12-09,138244184,78.644,1777505532.787
2016-12,2016-12-01,2017-01-01,2016-12-10,119436873,78.644,1777505532.787
2016-12,2016-12-01,2017-01-01,2016-12-11,103062949,78.644,1777505532.787
2016-12,2016-12-01,2017-01-01,2016-12-12,127955803,78.644,1777505532.787
2016-12,2016-12-01,2017-01-01,2016-12-13,130416728,78.644,1777505532.787
2016-12,2016-12-01,2017-01-01,2016-12-14,129424510,78.644,1777505532.787
2016-12,2016-12-01,2017-01-01,2016-12-15,137392235,78.644,1777505532.787
2016-12,2016-12-01,2017-01-01,2016-12-16,139308014,78.644,1777505532.787
2016-12,2016-12-01,2017-01-01,2016-12-17,119670401,78.644,1777505532.787
2016-12,2016-12-01,2017-01-01,2016-12-18,103009499,78.644,1777505532.787
2016-12,2016-12-01,2017-01-01,2016-12-19,128520833,78.644,1777505532.787
2016-12,2016-12-01,2017-01-01,2016-12-20,131392995,78.644,1777505532.787
2016-12,2016-12-01,2017-01-01,2016-12-21,133750266,78.644,1777505532.787
2016-12,2016-12-01,2017-01-01,2016-12-22,133514764,78.644,1777505532.787
2016-12,2016-12-01,2017-01-01,2016-12-23,128916243,78.644,1777505532.787
2016-12,2016-12-01,2017-01-01,2016-12-24,101932556,78.644,1777505532.787
2016-12,2016-12-01,2017-01-01,2016-12-25,77240170,78.644,1777505532.787
2016-12,2016-12-01,2017-01-01,2016-12-26,82204038,78.644,1777505532.787
2016-12,2016-12-01,2017-01-01,2016-12-27,84493733,78.644,1777505532.787
2016-12,2016-12-01,2017-01-01,2016-12-28,96723461,78.644,1777505532.787
2016-12,2016-12-01,2017-01-01,2016-12-29,95938445,78.644,1777505532.787
2016-12,2016-12-01,2017-01-01,2016-12-30,101748285,78.644,1777505532.787
2016-12,2016-12-01,2017-01-01,2016-12-31,87346924,78.644,1777505532.787
2017-01,2017-01-01,2017-02-01,2017-01-01,75428562,70.248,1777505882.07
2017-01,2017-01-01,2017-02-01,2017-01-02,76872651,70.248,1777505882.07
2017-01,2017-01-01,2017-02-01,2017-01-03,100145429,70.248,1777505882.07
2017-01,2017-01-01,2017-02-01,2017-01-04,104617587,70.248,1777505882.07
2017-01,2017-01-01,2017-02-01,2017-01-05,106679018,70.248,1777505882.07
2017-01,2017-01-01,2017-02-01,2017-01-06,111164895,70.248,1777505882.07
2017-01,2017-01-01,2017-02-01,2017-01-07,95023252,70.248,1777505882.07
2017-01,2017-01-01,2017-02-01,2017-01-08,86174261,70.248,1777505882.07
2017-01,2017-01-01,2017-02-01,2017-01-09,109505544,70.248,1777505882.07
2017-01,2017-01-01,2017-02-01,2017-01-10,113539170,70.248,1777505882.07
2017-01,2017-01-01,2017-02-01,2017-01-11,117310879,70.248,1777505882.07
2017-01,2017-01-01,2017-02-01,2017-01-12,120144448,70.248,1777505882.07
2017-01,2017-01-01,2017-02-01,2017-01-13,121336054,70.248,1777505882.07
2017-01,2017-01-01,2017-02-01,2017-01-14,104511975,70.248,1777505882.07
2017-01,2017-01-01,2017-02-01,2017-01-15,92512280,70.248,1777505882.07
2017-01,2017-01-01,2017-02-01,2017-01-16,116493210,70.248,1777505882.07
2017-01,2017-01-01,2017-02-01,2017-01-17,118267012,70.248,1777505882.07
2017-01,2017-01-01,2017-02-01,2017-01-18,123891875,70.248,1777505882.07
2017-01,2017-01-01,2017-02-01,2017-01-19,125644995,70.248,1777505882.07
2017-01,2017-01-01,2017-02-01,2017-01-20,126530692,70.248,1777505882.07
2017-01,2017-01-01,2017-02-01,2017-01-21,107551510,70.248,1777505882.07
2017-01,2017-01-01,2017-02-01,2017-01-22,95015411,70.248,1777505882.07
2017-01,2017-01-01,2017-02-01,2017-01-23,118969027,70.248,1777505882.07
2017-01,2017-01-01,2017-02-01,2017-01-24,124842021,70.248,1777505882.07
2017-01,2017-01-01,2017-02-01,2017-01-25,132065247,70.248,1777505882.07
2017-01,2017-01-01,2017-02-01,2017-01-26,89817835,70.248,1777505882.07
2017-01,2017-01-01,2017-02-01,2017-01-27,119877113,70.248,1777505882.07
2017-01,2017-01-01,2017-02-01,2017-01-28,103371998,70.248,1777505882.07
2017-01,2017-01-01,2017-02-01,2017-01-29,93078262,70.248,1777505882.07
2017-01,2017-01-01,2017-02-01,2017-01-30,120698297,70.248,1777505882.07
2017-01,2017-01-01,2017-02-01,2017-01-31,125755791,70.248,1777505882.07
2017-02,2017-02-01,2017-03-01,2017-02-01,128004546,66.973,1777506187.142
2017-02,2017-02-01,2017-03-01,2017-02-02,130270516,66.973,1777506187.142
2017-02,2017-02-01,2017-03-01,2017-02-03,134813475,66.973,1777506187.142
2017-02,2017-02-01,2017-03-01,2017-02-04,114398553,66.973,1777506187.142
2017-02,2017-02-01,2017-03-01,2017-02-05,94732439,66.973,1777506187.142
2017-02,2017-02-01,2017-03-01,2017-02-06,121466073,66.973,1777506187.142
2017-02,2017-02-01,2017-03-01,2017-02-07,126746247,66.973,1777506187.142
2017-02,2017-02-01,2017-03-01,2017-02-08,129323453,66.973,1777506187.142
2017-02,2017-02-01,2017-03-01,2017-02-09,129502640,66.973,1777506187.142
2017-02,2017-02-01,2017-03-01,2017-02-10,135380111,66.973,1777506187.142
2017-02,2017-02-01,2017-03-01,2017-02-11,115862324,66.973,1777506187.142
2017-02,2017-02-01,2017-03-01,2017-02-12,96166177,66.973,1777506187.142
2017-02,2017-02-01,2017-03-01,2017-02-13,124314128,66.973,1777506187.142
2017-02,2017-02-01,2017-03-01,2017-02-14,130404096,66.973,1777506187.142
2017-02,2017-02-01,2017-03-01,2017-02-15,130697863,66.973,1777506187.142
2017-02,2017-02-01,2017-03-01,2017-02-16,131630266,66.973,1777506187.142
2017-02,2017-02-01,2017-03-01,2017-02-17,134788125,66.973,1777506187.142
2017-02,2017-02-01,2017-03-01,2017-02-18,114918460,66.973,1777506187.142
2017-02,2017-02-01,2017-03-01,2017-02-19,94444229,66.973,1777506187.142
2017-02,2017-02-01,2017-03-01,2017-02-20,115863525,66.973,1777506187.142
2017-02,2017-02-01,2017-03-01,2017-02-21,127934908,66.973,1777506187.142
2017-02,2017-02-01,2017-03-01,2017-02-22,129852382,66.973,1777506187.142
2017-02,2017-02-01,2017-03-01,2017-02-23,132704681,66.973,1777506187.142
2017-02,2017-02-01,2017-03-01,2017-02-24,136193143,66.973,1777506187.142
2017-02,2017-02-01,2017-03-01,2017-02-25,117059715,66.973,1777506187.142
2017-02,2017-02-01,2017-03-01,2017-02-26,100200174,66.973,1777506187.142
2017-02,2017-02-01,2017-03-01,2017-02-27,124651041,66.973,1777506187.142
2017-02,2017-02-01,2017-03-01,2017-02-28,128979521,66.973,1777506187.142
2017-03,2017-03-01,2017-04-01,2017-03-01,131354334,88.027,1777506485.849
2017-03,2017-03-01,2017-04-01,2017-03-02,132982931,88.027,1777506485.849
2017-03,2017-03-01,2017-04-01,2017-03-03,136540043,88.027,1777506485.849
2017-03,2017-03-01,2017-04-01,2017-03-04,117640592,88.027,1777506485.849
2017-03,2017-03-01,2017-04-01,2017-03-05,98258015,88.027,1777506485.849
2017-03,2017-03-01,2017-04-01,2017-03-06,125462621,88.027,1777506485.849
2017-03,2017-03-01,2017-04-01,2017-03-07,129065065,88.027,1777506485.849
2017-03,2017-03-01,2017-04-01,2017-03-08,132046074,88.027,1777506485.849
2017-03,2017-03-01,2017-04-01,2017-03-09,133847194,88.027,1777506485.849
2017-03,2017-03-01,2017-04-01,2017-03-10,136675842,88.027,1777506485.849
2017-03,2017-03-01,2017-04-01,2017-03-11,108497557,88.027,1777506485.849
2017-03,2017-03-01,2017-04-01,2017-03-12,93885198,88.027,1777506485.849
2017-03,2017-03-01,2017-04-01,2017-03-13,90020963,88.027,1777506485.849
2017-03,2017-03-01,2017-04-01,2017-03-14,127598529,88.027,1777506485.849
2017-03,2017-03-01,2017-04-01,2017-03-15,128593517,88.027,1777506485.849
2017-03,2017-03-01,2017-04-01,2017-03-16,133370236,88.027,1777506485.849
2017-03,2017-03-01,2017-04-01,2017-03-17,137547824,88.027,1777506485.849
2017-03,2017-03-01,2017-04-01,2017-03-18,117885586,88.027,1777506485.849
2017-03,2017-03-01,2017-04-01,2017-03-19,100378973,88.027,1777506485.849
2017-03,2017-03-01,2017-04-01,2017-03-20,123717649,88.027,1777506485.849
2017-03,2017-03-01,2017-04-01,2017-03-21,125768669,88.027,1777506485.849
2017-03,2017-03-01,2017-04-01,2017-03-22,129851316,88.027,1777506485.849
2017-03,2017-03-01,2017-04-01,2017-03-23,132779954,88.027,1777506485.849
2017-03,2017-03-01,2017-04-01,2017-03-24,136377126,88.027,1777506485.849
2017-03,2017-03-01,2017-04-01,2017-03-25,116336379,88.027,1777506485.849
2017-03,2017-03-01,2017-04-01,2017-03-26,99154890,88.027,1777506485.849
2017-03,2017-03-01,2017-04-01,2017-03-27,121553038,88.027,1777506485.849
2017-03,2017-03-01,2017-04-01,2017-03-28,128068966,88.027,1777506485.849
2017-03,2017-03-01,2017-04-01,2017-03-29,129818603,88.027,1777506485.849
2017-03,2017-03-01,2017-04-01,2017-03-30,131973287,88.027,1777506485.849
2017-03,2017-03-01,2017-04-01,2017-03-31,134904975,88.027,1777506485.849
2017-04,2017-04-01,2017-05-01,2017-04-01,112971373,86.118,1777506826.461
2017-04,2017-04-01,2017-05-01,2017-04-02,97954937,86.118,1777506826.461
2017-04,2017-04-01,2017-05-01,2017-04-03,120491753,86.118,1777506826.461
2017-04,2017-04-01,2017-05-01,2017-04-04,124461236,86.118,1777506826.461
2017-04,2017-04-01,2017-05-01,2017-04-05,126405782,86.118,1777506826.461
2017-04,2017-04-01,2017-05-01,2017-04-06,128432264,86.118,1777506826.461
2017-04,2017-04-01,2017-05-01,2017-04-07,131296736,86.118,1777506826.461
2017-04,2017-04-01,2017-05-01,2017-04-08,110153309,86.118,1777506826.461
2017-04,2017-04-01,2017-05-01,2017-04-09,90386913,86.118,1777506826.461
2017-04,2017-04-01,2017-05-01,2017-04-10,117353911,86.118,1777506826.461
2017-04,2017-04-01,2017-05-01,2017-04-11,123991073,86.118,1777506826.461
2017-04,2017-04-01,2017-05-01,2017-04-12,128272487,86.118,1777506826.461
2017-04,2017-04-01,2017-05-01,2017-04-13,133896420,86.118,1777506826.461
2017-04,2017-04-01,2017-05-01,2017-04-14,77412972,86.118,1777506826.461
2017-04,2017-04-01,2017-05-01,2017-04-15,94083463,86.118,1777506826.461
2017-04,2017-04-01,2017-05-01,2017-04-16,82827912,86.118,1777506826.461
2017-04,2017-04-01,2017-05-01,2017-04-17,83246366,86.118,1777506826.461
2017-04,2017-04-01,2017-05-01,2017-04-18,121328915,86.118,1777506826.461
2017-04,2017-04-01,2017-05-01,2017-04-19,126456936,86.118,1777506826.461
2017-04,2017-04-01,2017-05-01,2017-04-20,129857026,86.118,1777506826.461
2017-04,2017-04-01,2017-05-01,2017-04-21,131814708,86.118,1777506826.461
2017-04,2017-04-01,2017-05-01,2017-04-22,113346485,86.118,1777506826.461
2017-04,2017-04-01,2017-05-01,2017-04-23,96453284,86.118,1777506826.461
2017-04,2017-04-01,2017-05-01,2017-04-24,122113695,86.118,1777506826.461
2017-04,2017-04-01,2017-05-01,2017-04-25,80779406,86.118,1777506826.461
2017-04,2017-04-01,2017-05-01,2017-04-26,126116576,86.118,1777506826.461
2017-04,2017-04-01,2017-05-01,2017-04-27,130386036,86.118,1777506826.461
2017-04,2017-04-01,2017-05-01,2017-04-28,134059454,86.118,1777506826.461
2017-04,2017-04-01,2017-05-01,2017-04-29,114698352,86.118,1777506826.461
2017-04,2017-04-01,2017-05-01,2017-04-30,97160947,86.118,1777506826.461
2017-05,2017-05-01,2017-06-01,2017-05-01,122429270,84.197,1777507127.645
2017-05,2017-05-01,2017-06-01,2017-05-02,125816860,84.197,1777507127.645
2017-05,2017-05-01,2017-06-01,2017-05-03,128230830,84.197,1777507127.645
2017-05,2017-05-01,2017-06-01,2017-05-04,130983213,84.197,1777507127.645
2017-05,2017-05-01,2017-06-01,2017-05-05,134625550,84.197,1777507127.645
2017-05,2017-05-01,2017-06-01,2017-05-06,113996357,84.197,1777507127.645
2017-05,2017-05-01,2017-06-01,2017-05-07,96057079,84.197,1777507127.645
2017-05,2017-05-01,2017-06-01,2017-05-08,120343539,84.197,1777507127.645
2017-05,2017-05-01,2017-06-01,2017-05-09,124936555,84.197,1777507127.645
2017-05,2017-05-01,2017-06-01,2017-05-10,127488215,84.197,1777507127.645
2017-05,2017-05-01,2017-06-01,2017-05-11,129804148,84.197,1777507127.645
2017-05,2017-05-01,2017-06-01,2017-05-12,133466614,84.197,1777507127.645
2017-05,2017-05-01,2017-06-01,2017-05-13,117077131,84.197,1777507127.645
2017-05,2017-05-01,2017-06-01,2017-05-14,99739925,84.197,1777507127.645
2017-05,2017-05-01,2017-06-01,2017-05-15,120344717,84.197,1777507127.645
2017-05,2017-05-01,2017-06-01,2017-05-16,124850715,84.197,1777507127.645
2017-05,2017-05-01,2017-06-01,2017-05-17,126001085,84.197,1777507127.645
2017-05,2017-05-01,2017-06-01,2017-05-18,128680054,84.197,1777507127.645
2017-05,2017-05-01,2017-06-01,2017-05-19,132146257,84.197,1777507127.645
2017-05,2017-05-01,2017-06-01,2017-05-20,115054571,84.197,1777507127.645
2017-05,2017-05-01,2017-06-01,2017-05-21,96901438,84.197,1777507127.645
2017-05,2017-05-01,2017-06-01,2017-05-22,118488944,84.197,1777507127.645
2017-05,2017-05-01,2017-06-01,2017-05-23,124311779,84.197,1777507127.645
2017-05,2017-05-01,2017-06-01,2017-05-24,126606190,84.197,1777507127.645
2017-05,2017-05-01,2017-06-01,2017-05-25,129231513,84.197,1777507127.645
2017-05,2017-05-01,2017-06-01,2017-05-26,133080037,84.197,1777507127.645
2017-05,2017-05-01,2017-06-01,2017-05-27,114090230,84.197,1777507127.645
2017-05,2017-05-01,2017-06-01,2017-05-28,93262041,84.197,1777507127.645
2017-05,2017-05-01,2017-06-01,2017-05-29,119849731,84.197,1777507127.645
2017-05,2017-05-01,2017-06-01,2017-05-30,123094645,84.197,1777507127.645
2017-05,2017-05-01,2017-06-01,2017-05-31,125252879,84.197,1777507127.645
2017-06,2017-06-01,2017-07-01,2017-06-01,127437992,84.905,1777507502.871
2017-06,2017-06-01,2017-07-01,2017-06-02,131617501,84.905,1777507502.871
2017-06,2017-06-01,2017-07-01,2017-06-03,113408206,84.905,1777507502.871
2017-06,2017-06-01,2017-07-01,2017-06-04,94868411,84.905,1777507502.871
2017-06,2017-06-01,2017-07-01,2017-06-05,119487335,84.905,1777507502.871
2017-06,2017-06-01,2017-07-01,2017-06-06,123043603,84.905,1777507502.871
2017-06,2017-06-01,2017-07-01,2017-06-07,126577326,84.905,1777507502.871
2017-06,2017-06-01,2017-07-01,2017-06-08,128253048,84.905,1777507502.871
2017-06,2017-06-01,2017-07-01,2017-06-09,131091425,84.905,1777507502.871
2017-06,2017-06-01,2017-07-01,2017-06-10,105623782,84.905,1777507502.871
2017-06,2017-06-01,2017-07-01,2017-06-11,91509342,84.905,1777507502.871
2017-06,2017-06-01,2017-07-01,2017-06-12,82153351,84.905,1777507502.871
2017-06,2017-06-01,2017-07-01,2017-06-13,122226529,84.905,1777507502.871
2017-06,2017-06-01,2017-07-01,2017-06-14,118227332,84.905,1777507502.871
2017-06,2017-06-01,2017-07-01,2017-06-15,126543786,84.905,1777507502.871
2017-06,2017-06-01,2017-07-01,2017-06-16,132175292,84.905,1777507502.871
2017-06,2017-06-01,2017-07-01,2017-06-17,114135126,84.905,1777507502.871
2017-06,2017-06-01,2017-07-01,2017-06-18,95204490,84.905,1777507502.871
2017-06,2017-06-01,2017-07-01,2017-06-19,120031278,84.905,1777507502.871
2017-06,2017-06-01,2017-07-01,2017-06-20,124363800,84.905,1777507502.871
2017-06,2017-06-01,2017-07-01,2017-06-21,125812367,84.905,1777507502.871
2017-06,2017-06-01,2017-07-01,2017-06-22,128491403,84.905,1777507502.871
2017-06,2017-06-01,2017-07-01,2017-06-23,131782306,84.905,1777507502.871
2017-06,2017-06-01,2017-07-01,2017-06-24,112674944,84.905,1777507502.871
2017-06,2017-06-01,2017-07-01,2017-06-25,95061401,84.905,1777507502.871
2017-06,2017-06-01,2017-07-01,2017-06-26,117653940,84.905,1777507502.871
2017-06,2017-06-01,2017-07-01,2017-06-27,122052748,84.905,1777507502.871
2017-06,2017-06-01,2017-07-01,2017-06-28,123686694,84.905,1777507502.871
2017-06,2017-06-01,2017-07-01,2017-06-29,124339297,84.905,1777507502.871
2017-06,2017-06-01,2017-07-01,2017-06-30,130506672,84.905,1777507502.871
2017-07,2017-07-01,2017-08-01,2017-07-01,109778925,82.516,1777507839.061
2017-07,2017-07-01,2017-08-01,2017-07-02,93298541,82.516,1777507839.061
2017-07,2017-07-01,2017-08-01,2017-07-03,113093316,82.516,1777507839.061
2017-07,2017-07-01,2017-08-01,2017-07-04,118016820,82.516,1777507839.061
2017-07,2017-07-01,2017-08-01,2017-07-05,120459877,82.516,1777507839.061
2017-07,2017-07-01,2017-08-01,2017-07-06,123392081,82.516,1777507839.061
2017-07,2017-07-01,2017-08-01,2017-07-07,125820518,82.516,1777507839.061
2017-07,2017-07-01,2017-08-01,2017-07-08,105706801,82.516,1777507839.061
2017-07,2017-07-01,2017-08-01,2017-07-09,91717737,82.516,1777507839.061
2017-07,2017-07-01,2017-08-01,2017-07-10,113987475,82.516,1777507839.061
2017-07,2017-07-01,2017-08-01,2017-07-11,119534422,82.516,1777507839.061
2017-07,2017-07-01,2017-08-01,2017-07-12,122497543,82.516,1777507839.061
2017-07,2017-07-01,2017-08-01,2017-07-13,124463048,82.516,1777507839.061
2017-07,2017-07-01,2017-08-01,2017-07-14,127003002,82.516,1777507839.061
2017-07,2017-07-01,2017-08-01,2017-07-15,108586368,82.516,1777507839.061
2017-07,2017-07-01,2017-08-01,2017-07-16,92528186,82.516,1777507839.061
2017-07,2017-07-01,2017-08-01,2017-07-17,118002341,82.516,1777507839.061
2017-07,2017-07-01,2017-08-01,2017-07-19,124160613,82.516,1777507839.061
2017-07,2017-07-01,2017-08-01,2017-07-20,127052436,82.516,1777507839.061
2017-07,2017-07-01,2017-08-01,2017-07-21,131760493,82.516,1777507839.061
2017-07,2017-07-01,2017-08-01,2017-07-22,111861394,82.516,1777507839.061
2017-07,2017-07-01,2017-08-01,2017-07-23,92996447,82.516,1777507839.061
2017-07,2017-07-01,2017-08-01,2017-07-24,119088045,82.516,1777507839.061
2017-07,2017-07-01,2017-08-01,2017-07-25,123588492,82.516,1777507839.061
2017-07,2017-07-01,2017-08-01,2017-07-26,126231936,82.516,1777507839.061
2017-07,2017-07-01,2017-08-01,2017-07-27,128798217,82.516,1777507839.061
2017-07,2017-07-01,2017-08-01,2017-07-28,132289875,82.516,1777507839.061
2017-07,2017-07-01,2017-08-01,2017-07-29,111891210,82.516,1777507839.061
2017-07,2017-07-01,2017-08-01,2017-07-30,96153859,82.516,1777507839.061
2017-07,2017-07-01,2017-08-01,2017-07-31,120096514,82.516,1777507839.061
2017-08,2017-08-01,2017-09-01,2017-08-01,124569427,99.651,1777508137.338
2017-08,2017-08-01,2017-09-01,2017-08-02,126733943,99.651,1777508137.338
2017-08,2017-08-01,2017-09-01,2017-08-03,127875243,99.651,1777508137.338
2017-08,2017-08-01,2017-09-01,2017-08-04,132009055,99.651,1777508137.338
2017-08,2017-08-01,2017-09-01,2017-08-05,113036686,99.651,1777508137.338
2017-08,2017-08-01,2017-09-01,2017-08-06,92994595,99.651,1777508137.338
2017-08,2017-08-01,2017-09-01,2017-08-07,118475285,99.651,1777508137.338
2017-08,2017-08-01,2017-09-01,2017-08-08,123970117,99.651,1777508137.338
2017-08,2017-08-01,2017-09-01,2017-08-09,126990143,99.651,1777508137.338
2017-08,2017-08-01,2017-09-01,2017-08-10,128776240,99.651,1777508137.338
2017-08,2017-08-01,2017-09-01,2017-08-11,132304539,99.651,1777508137.338
2017-08,2017-08-01,2017-09-01,2017-08-12,112265647,99.651,1777508137.338
2017-08,2017-08-01,2017-09-01,2017-08-13,96546614,99.651,1777508137.338
2017-08,2017-08-01,2017-09-01,2017-08-14,120600490,99.651,1777508137.338
2017-08,2017-08-01,2017-09-01,2017-08-15,123314003,99.651,1777508137.338
2017-08,2017-08-01,2017-09-01,2017-08-16,126488802,99.651,1777508137.338
2017-08,2017-08-01,2017-09-01,2017-08-17,127676565,99.651,1777508137.338
2017-08,2017-08-01,2017-09-01,2017-08-18,130640617,99.651,1777508137.338
2017-08,2017-08-01,2017-09-01,2017-08-19,112460252,99.651,1777508137.338
2017-08,2017-08-01,2017-09-01,2017-08-20,97703841,99.651,1777508137.338
2017-08,2017-08-01,2017-09-01,2017-08-21,118499090,99.651,1777508137.338
2017-08,2017-08-01,2017-09-01,2017-08-22,124241172,99.651,1777508137.338
2017-08,2017-08-01,2017-09-01,2017-08-23,125409912,99.651,1777508137.338
2017-08,2017-08-01,2017-09-01,2017-08-24,128646817,99.651,1777508137.338
2017-08,2017-08-01,2017-09-01,2017-08-25,132407773,99.651,1777508137.338
2017-08,2017-08-01,2017-09-01,2017-08-26,113039776,99.651,1777508137.338
2017-08,2017-08-01,2017-09-01,2017-08-27,94295716,99.651,1777508137.338
2017-08,2017-08-01,2017-09-01,2017-08-28,119878143,99.651,1777508137.338
2017-08,2017-08-01,2017-09-01,2017-08-29,123897832,99.651,1777508137.338
2017-08,2017-08-01,2017-09-01,2017-08-30,126415342,99.651,1777508137.338
2017-08,2017-08-01,2017-09-01,2017-08-31,129646661,99.651,1777508137.338
2017-09,2017-09-01,2017-10-01,2017-09-01,132478559,68.693,1777508516.033
2017-09,2017-09-01,2017-10-01,2017-09-02,113388058,68.693,1777508516.033
2017-09,2017-09-01,2017-10-01,2017-09-03,94476342,68.693,1777508516.033
2017-09,2017-09-01,2017-10-01,2017-09-04,118766252,68.693,1777508516.033
2017-09,2017-09-01,2017-10-01,2017-09-05,122881085,68.693,1777508516.033
2017-09,2017-09-01,2017-10-01,2017-09-06,124955903,68.693,1777508516.033
2017-09,2017-09-01,2017-10-01,2017-09-07,127962649,68.693,1777508516.033
2017-09,2017-09-01,2017-10-01,2017-09-08,131308283,68.693,1777508516.033
2017-09,2017-09-01,2017-10-01,2017-09-09,111470179,68.693,1777508516.033
2017-09,2017-09-01,2017-10-01,2017-09-10,95940789,68.693,1777508516.033
2017-09,2017-09-01,2017-10-01,2017-09-11,119526879,68.693,1777508516.033
2017-09,2017-09-01,2017-10-01,2017-09-12,123108200,68.693,1777508516.033
2017-09,2017-09-01,2017-10-01,2017-09-13,125889263,68.693,1777508516.033
2017-09,2017-09-01,2017-10-01,2017-09-14,128923607,68.693,1777508516.033
2017-09,2017-09-01,2017-10-01,2017-09-15,131513689,68.693,1777508516.033
2017-09,2017-09-01,2017-10-01,2017-09-16,112777405,68.693,1777508516.033
2017-09,2017-09-01,2017-10-01,2017-09-17,97504658,68.693,1777508516.033
2017-09,2017-09-01,2017-10-01,2017-09-18,119276194,68.693,1777508516.033
2017-09,2017-09-01,2017-10-01,2017-09-19,124263691,68.693,1777508516.033
2017-09,2017-09-01,2017-10-01,2017-09-20,127372314,68.693,1777508516.033
2017-09,2017-09-01,2017-10-01,2017-09-21,129031106,68.693,1777508516.033
2017-09,2017-09-01,2017-10-01,2017-09-22,133307165,68.693,1777508516.033
2017-09,2017-09-01,2017-10-01,2017-09-23,111358467,68.693,1777508516.033
2017-09,2017-09-01,2017-10-01,2017-09-24,94820125,68.693,1777508516.033
2017-09,2017-09-01,2017-10-01,2017-09-25,118680669,68.693,1777508516.033
2017-09,2017-09-01,2017-10-01,2017-09-26,123665142,68.693,1777508516.033
2017-09,2017-09-01,2017-10-01,2017-09-27,126801011,68.693,1777508516.033
2017-09,2017-09-01,2017-10-01,2017-09-28,131657989,68.693,1777508516.033
2017-09,2017-09-01,2017-10-01,2017-09-29,98052350,68.693,1777508516.033
2017-09,2017-09-01,2017-10-01,2017-09-30,91951306,68.693,1777508516.033
2017-10,2017-10-01,2017-11-01,2017-10-01,88896604,78.145,1777508798.825
2017-10,2017-10-01,2017-11-01,2017-10-02,117330358,78.145,1777508798.825
2017-10,2017-10-01,2017-11-01,2017-10-03,123590230,78.145,1777508798.825
2017-10,2017-10-01,2017-11-01,2017-10-04,126798745,78.145,1777508798.825
2017-10,2017-10-01,2017-11-01,2017-10-05,127186800,78.145,1777508798.825
2017-10,2017-10-01,2017-11-01,2017-10-06,130940173,78.145,1777508798.825
2017-10,2017-10-01,2017-11-01,2017-10-07,112857138,78.145,1777508798.825
2017-10,2017-10-01,2017-11-01,2017-10-08,94902338,78.145,1777508798.825
2017-10,2017-10-01,2017-11-01,2017-10-09,122882942,78.145,1777508798.825
2017-10,2017-10-01,2017-11-01,2017-10-10,127638140,78.145,1777508798.825
2017-10,2017-10-01,2017-11-01,2017-10-11,128372383,78.145,1777508798.825
2017-10,2017-10-01,2017-11-01,2017-10-12,131433707,78.145,1777508798.825
2017-10,2017-10-01,2017-11-01,2017-10-13,135281573,78.145,1777508798.825
2017-10,2017-10-01,2017-11-01,2017-10-14,117102772,78.145,1777508798.825
2017-10,2017-10-01,2017-11-01,2017-10-15,100225038,78.145,1777508798.825
2017-10,2017-10-01,2017-11-01,2017-10-16,123584078,78.145,1777508798.825
2017-10,2017-10-01,2017-11-01,2017-10-17,128802816,78.145,1777508798.825
2017-10,2017-10-01,2017-11-01,2017-10-18,130900760,78.145,1777508798.825
2017-10,2017-10-01,2017-11-01,2017-10-19,132091604,78.145,1777508798.825
2017-10,2017-10-01,2017-11-01,2017-10-20,136680580,78.145,1777508798.825
2017-10,2017-10-01,2017-11-01,2017-10-21,116091095,78.145,1777508798.825
2017-10,2017-10-01,2017-11-01,2017-10-22,96997921,78.145,1777508798.825
2017-10,2017-10-01,2017-11-01,2017-10-23,124717298,78.145,1777508798.825
2017-10,2017-10-01,2017-11-01,2017-10-24,127569893,78.145,1777508798.825
2017-10,2017-10-01,2017-11-01,2017-10-25,129426213,78.145,1777508798.825
2017-10,2017-10-01,2017-11-01,2017-10-26,132613550,78.145,1777508798.825
2017-10,2017-10-01,2017-11-01,2017-10-27,137444487,78.145,1777508798.825
2017-10,2017-10-01,2017-11-01,2017-10-28,117425631,78.145,1777508798.825
2017-10,2017-10-01,2017-11-01,2017-10-29,100371445,78.145,1777508798.825
2017-10,2017-10-01,2017-11-01,2017-10-30,123684099,78.145,1777508798.825
2017-10,2017-10-01,2017-11-01,2017-10-31,128832769,78.145,1777508798.825
2017-11,2017-11-01,2017-12-01,2017-11-01,130117671,79.735,1777509109.027
2017-11,2017-11-01,2017-12-01,2017-11-02,128117429,79.735,1777509109.027
2017-11,2017-11-01,2017-12-01,2017-11-03,130676633,79.735,1777509109.027
2017-11,2017-11-01,2017-12-01,2017-11-04,108983206,79.735,1777509109.027
2017-11,2017-11-01,2017-12-01,2017-11-05,92689608,79.735,1777509109.027
2017-11,2017-11-01,2017-12-01,2017-11-06,113094511,79.735,1777509109.027
2017-11,2017-11-01,2017-12-01,2017-11-07,86128356,79.735,1777509109.027
2017-11,2017-11-01,2017-12-01,2017-11-08,129633970,79.735,1777509109.027
2017-11,2017-11-01,2017-12-01,2017-11-09,133316609,79.735,1777509109.027
2017-11,2017-11-01,2017-12-01,2017-11-10,137970774,79.735,1777509109.027
2017-11,2017-11-01,2017-12-01,2017-11-11,118187618,79.735,1777509109.027
2017-11,2017-11-01,2017-12-01,2017-11-12,101339082,79.735,1777509109.027
2017-11,2017-11-01,2017-12-01,2017-11-13,127736695,79.735,1777509109.027
2017-11,2017-11-01,2017-12-01,2017-11-14,131598367,79.735,1777509109.027
2017-11,2017-11-01,2017-12-01,2017-11-15,132844420,79.735,1777509109.027
2017-11,2017-11-01,2017-12-01,2017-11-16,135137832,79.735,1777509109.027
2017-11,2017-11-01,2017-12-01,2017-11-17,139433210,79.735,1777509109.027
2017-11,2017-11-01,2017-12-01,2017-11-18,119773248,79.735,1777509109.027
2017-11,2017-11-01,2017-12-01,2017-11-19,104768960,79.735,1777509109.027
2017-11,2017-11-01,2017-12-01,2017-11-20,127849075,79.735,1777509109.027
2017-11,2017-11-01,2017-12-01,2017-11-21,132129798,79.735,1777509109.027
2017-11,2017-11-01,2017-12-01,2017-11-22,135269870,79.735,1777509109.027
2017-11,2017-11-01,2017-12-01,2017-11-23,136513321,79.735,1777509109.027
2017-11,2017-11-01,2017-12-01,2017-11-24,140449646,79.735,1777509109.027
2017-11,2017-11-01,2017-12-01,2017-11-25,120075296,79.735,1777509109.027
2017-11,2017-11-01,2017-12-01,2017-11-26,100510324,79.735,1777509109.027
2017-11,2017-11-01,2017-12-01,2017-11-27,128075943,79.735,1777509109.027
2017-11,2017-11-01,2017-12-01,2017-11-28,132511813,79.735,1777509109.027
2017-11,2017-11-01,2017-12-01,2017-11-29,134342593,79.735,1777509109.027
2017-11,2017-11-01,2017-12-01,2017-11-30,136589286,79.735,1777509109.027
2017-12,2017-12-01,2018-01-01,2017-12-01,131257862,79.831,1777509394.609
2017-12,2017-12-01,2018-01-01,2017-12-02,106414397,79.831,1777509394.609
2017-12,2017-12-01,2018-01-01,2017-12-03,95512254,79.831,1777509394.609
2017-12,2017-12-01,2018-01-01,2017-12-04,127689842,79.831,1777509394.609
2017-12,2017-12-01,2018-01-01,2017-12-05,133071382,79.831,1777509394.609
2017-12,2017-12-01,2018-01-01,2017-12-06,135892293,79.831,1777509394.609
2017-12,2017-12-01,2018-01-01,2017-12-07,137639052,79.831,1777509394.609
2017-12,2017-12-01,2018-01-01,2017-12-08,141993451,79.831,1777509394.609
2017-12,2017-12-01,2018-01-01,2017-12-09,122237066,79.831,1777509394.609
2017-12,2017-12-01,2018-01-01,2017-12-10,106500591,79.831,1777509394.609
2017-12,2017-12-01,2018-01-01,2017-12-11,130360478,79.831,1777509394.609
2017-12,2017-12-01,2018-01-01,2017-12-12,135052695,79.831,1777509394.609
2017-12,2017-12-01,2018-01-01,2017-12-13,135304658,79.831,1777509394.609
2017-12,2017-12-01,2018-01-01,2017-12-14,139715204,79.831,1777509394.609
2017-12,2017-12-01,2018-01-01,2017-12-15,143180251,79.831,1777509394.609
2017-12,2017-12-01,2018-01-01,2017-12-16,123305629,79.831,1777509394.609
2017-12,2017-12-01,2018-01-01,2017-12-17,105965612,79.831,1777509394.609
2017-12,2017-12-01,2018-01-01,2017-12-18,131336335,79.831,1777509394.609
2017-12,2017-12-01,2018-01-01,2017-12-19,133249649,79.831,1777509394.609
2017-12,2017-12-01,2018-01-01,2017-12-20,137643164,79.831,1777509394.609
2017-12,2017-12-01,2018-01-01,2017-12-21,139396593,79.831,1777509394.609
2017-12,2017-12-01,2018-01-01,2017-12-22,136335702,79.831,1777509394.609
2017-12,2017-12-01,2018-01-01,2017-12-23,112195644,79.831,1777509394.609
2017-12,2017-12-01,2018-01-01,2017-12-24,96693566,79.831,1777509394.609
2017-12,2017-12-01,2018-01-01,2017-12-25,75734565,79.831,1777509394.609
2017-12,2017-12-01,2018-01-01,2017-12-26,86124497,79.831,1777509394.609
2017-12,2017-12-01,2018-01-01,2017-12-27,100298935,79.831,1777509394.609
2017-12,2017-12-01,2018-01-01,2017-12-28,101243708,79.831,1777509394.609
2017-12,2017-12-01,2018-01-01,2017-12-29,102712584,79.831,1777509394.609
2017-12,2017-12-01,2018-01-01,2017-12-30,91558681,79.831,1777509394.609
2017-12,2017-12-01,2018-01-01,2017-12-31,83532920,79.831,1777509394.609
2018-01,2018-01-01,2018-02-01,2018-01-01,76142988,79.623,1777509734.869
2018-01,2018-01-01,2018-02-01,2018-01-02,99960911,79.623,1777509734.869
2018-01,2018-01-01,2018-02-01,2018-01-03,105300975,79.623,1777509734.869
2018-01,2018-01-01,2018-02-01,2018-01-04,108453302,79.623,1777509734.869
2018-01,2018-01-01,2018-02-01,2018-01-05,112327492,79.623,1777509734.869
2018-01,2018-01-01,2018-02-01,2018-01-06,87916690,79.623,1777509734.869
2018-01,2018-01-01,2018-02-01,2018-01-07,88503601,79.623,1777509734.869
2018-01,2018-01-01,2018-02-01,2018-01-08,110257962,79.623,1777509734.869
2018-01,2018-01-01,2018-02-01,2018-01-09,114712795,79.623,1777509734.869
2018-01,2018-01-01,2018-02-01,2018-01-10,117947566,79.623,1777509734.869
2018-01,2018-01-01,2018-02-01,2018-01-11,119767849,79.623,1777509734.869
2018-01,2018-01-01,2018-02-01,2018-01-12,121020372,79.623,1777509734.869
2018-01,2018-01-01,2018-02-01,2018-01-13,103364430,79.623,1777509734.869
2018-01,2018-01-01,2018-02-01,2018-01-14,92758842,79.623,1777509734.869
2018-01,2018-01-01,2018-02-01,2018-01-15,117314018,79.623,1777509734.869
2018-01,2018-01-01,2018-02-01,2018-01-16,122178643,79.623,1777509734.869
2018-01,2018-01-01,2018-02-01,2018-01-17,124948523,79.623,1777509734.869
2018-01,2018-01-01,2018-02-01,2018-01-18,124195332,79.623,1777509734.869
2018-01,2018-01-01,2018-02-01,2018-01-19,124607471,79.623,1777509734.869
2018-01,2018-01-01,2018-02-01,2018-01-20,110967136,79.623,1777509734.869
2018-01,2018-01-01,2018-02-01,2018-01-21,96459541,79.623,1777509734.869
2018-01,2018-01-01,2018-02-01,2018-01-22,122641572,79.623,1777509734.869
2018-01,2018-01-01,2018-02-01,2018-01-23,126057171,79.623,1777509734.869
2018-01,2018-01-01,2018-02-01,2018-01-24,129870741,79.623,1777509734.869
2018-01,2018-01-01,2018-02-01,2018-01-25,135013489,79.623,1777509734.869
2018-01,2018-01-01,2018-02-01,2018-01-26,91258310,79.623,1777509734.869
2018-01,2018-01-01,2018-02-01,2018-01-27,97209396,79.623,1777509734.869
2018-01,2018-01-01,2018-02-01,2018-01-28,88352603,79.623,1777509734.869
2018-01,2018-01-01,2018-02-01,2018-01-29,119992618,79.623,1777509734.869
2018-01,2018-01-01,2018-02-01,2018-01-30,127477595,79.623,1777509734.869
2018-01,2018-01-01,2018-02-01,2018-01-31,130396816,79.623,1777509734.869
2018-02,2018-02-01,2018-03-01,2018-02-01,132863056,66.742,1777510057.883
2018-02,2018-02-01,2018-03-01,2018-02-02,137013533,66.742,1777510057.883
2018-02,2018-02-01,2018-03-01,2018-02-03,116391146,66.742,1777510057.883
2018-02,2018-02-01,2018-03-01,2018-02-04,99557128,66.742,1777510057.883
2018-02,2018-02-01,2018-03-01,2018-02-05,126113732,66.742,1777510057.883
2018-02,2018-02-01,2018-03-01,2018-02-06,130450785,66.742,1777510057.883
2018-02,2018-02-01,2018-03-01,2018-02-07,132007280,66.742,1777510057.883
2018-02,2018-02-01,2018-03-01,2018-02-08,134737051,66.742,1777510057.883
2018-02,2018-02-01,2018-03-01,2018-02-09,138206921,66.742,1777510057.883
2018-02,2018-02-01,2018-03-01,2018-02-10,116564684,66.742,1777510057.883
2018-02,2018-02-01,2018-03-01,2018-02-11,99063109,66.742,1777510057.883
2018-02,2018-02-01,2018-03-01,2018-02-12,126391996,66.742,1777510057.883
2018-02,2018-02-01,2018-03-01,2018-02-13,131778908,66.742,1777510057.883
2018-02,2018-02-01,2018-03-01,2018-02-14,134525997,66.742,1777510057.883
2018-02,2018-02-01,2018-03-01,2018-02-15,135257599,66.742,1777510057.883
2018-02,2018-02-01,2018-03-01,2018-02-16,138309647,66.742,1777510057.883
2018-02,2018-02-01,2018-03-01,2018-02-17,117675504,66.742,1777510057.883
2018-02,2018-02-01,2018-03-01,2018-02-18,100845131,66.742,1777510057.883
2018-02,2018-02-01,2018-03-01,2018-02-19,126610102,66.742,1777510057.883
2018-02,2018-02-01,2018-03-01,2018-02-20,130902692,66.742,1777510057.883
2018-02,2018-02-01,2018-03-01,2018-02-21,132517380,66.742,1777510057.883
2018-02,2018-02-01,2018-03-01,2018-02-22,134924009,66.742,1777510057.883
2018-02,2018-02-01,2018-03-01,2018-02-23,138573657,66.742,1777510057.883
2018-02,2018-02-01,2018-03-01,2018-02-24,117161797,66.742,1777510057.883
2018-02,2018-02-01,2018-03-01,2018-02-25,100502962,66.742,1777510057.883
2018-02,2018-02-01,2018-03-01,2018-02-26,126468975,66.742,1777510057.883
2018-02,2018-02-01,2018-03-01,2018-02-27,131204566,66.742,1777510057.883
2018-02,2018-02-01,2018-03-01,2018-02-28,132776237,66.742,1777510057.883
2018-03,2018-03-01,2018-04-01,2018-03-01,134599564,91.222,1777510394.86
2018-03,2018-03-01,2018-04-01,2018-03-02,138770974,91.222,1777510394.86
2018-03,2018-03-01,2018-04-01,2018-03-03,119244549,91.222,1777510394.86
2018-03,2018-03-01,2018-04-01,2018-03-04,100566999,91.222,1777510394.86
2018-03,2018-03-01,2018-04-01,2018-03-05,127261009,91.222,1777510394.86
2018-03,2018-03-01,2018-04-01,2018-03-06,130913170,91.222,1777510394.86
2018-03,2018-03-01,2018-04-01,2018-03-07,133138277,91.222,1777510394.86
2018-03,2018-03-01,2018-04-01,2018-03-08,135526520,91.222,1777510394.86
2018-03,2018-03-01,2018-04-01,2018-03-09,138554037,91.222,1777510394.86
2018-03,2018-03-01,2018-04-01,2018-03-10,111277103,91.222,1777510394.86
2018-03,2018-03-01,2018-04-01,2018-03-11,96246845,91.222,1777510394.86
2018-03,2018-03-01,2018-04-01,2018-03-12,90484594,91.222,1777510394.86
2018-03,2018-03-01,2018-04-01,2018-03-13,128993966,91.222,1777510394.86
2018-03,2018-03-01,2018-04-01,2018-03-14,132350269,91.222,1777510394.86
2018-03,2018-03-01,2018-04-01,2018-03-15,134725910,91.222,1777510394.86
2018-03,2018-03-01,2018-04-01,2018-03-16,138382717,91.222,1777510394.86
2018-03,2018-03-01,2018-04-01,2018-03-17,117585451,91.222,1777510394.86
2018-03,2018-03-01,2018-04-01,2018-03-18,98944055,91.222,1777510394.86
2018-03,2018-03-01,2018-04-01,2018-03-19,126744690,91.222,1777510394.86
2018-03,2018-03-01,2018-04-01,2018-03-20,130354499,91.222,1777510394.86
2018-03,2018-03-01,2018-04-01,2018-03-21,132964664,91.222,1777510394.86
2018-03,2018-03-01,2018-04-01,2018-03-22,135318779,91.222,1777510394.86
2018-03,2018-03-01,2018-04-01,2018-03-23,138891120,91.222,1777510394.86
2018-03,2018-03-01,2018-04-01,2018-03-24,115427371,91.222,1777510394.86
2018-03,2018-03-01,2018-04-01,2018-03-25,98401561,91.222,1777510394.86
2018-03,2018-03-01,2018-04-01,2018-03-26,125992661,91.222,1777510394.86
2018-03,2018-03-01,2018-04-01,2018-03-27,131173283,91.222,1777510394.86
2018-03,2018-03-01,2018-04-01,2018-03-28,135103625,91.222,1777510394.86
2018-03,2018-03-01,2018-04-01,2018-03-29,140808201,91.222,1777510394.86
2018-03,2018-03-01,2018-04-01,2018-03-30,80742883,91.222,1777510394.86
2018-03,2018-03-01,2018-04-01,2018-03-31,96680080,91.222,1777510394.86
2018-04,2018-04-01,2018-05-01,2018-04-01,84688719,85.14,1777510716.304
2018-04,2018-04-01,2018-05-01,2018-04-02,83873295,85.14,1777510716.304
2018-04,2018-04-01,2018-05-01,2018-04-03,118959098,85.14,1777510716.304
2018-04,2018-04-01,2018-05-01,2018-04-04,124116553,85.14,1777510716.304
2018-04,2018-04-01,2018-05-01,2018-04-05,127698767,85.14,1777510716.304
2018-04,2018-04-01,2018-05-01,2018-04-06,130311283,85.14,1777510716.304
2018-04,2018-04-01,2018-05-01,2018-04-07,112424764,85.14,1777510716.304
2018-04,2018-04-01,2018-05-01,2018-04-08,96741604,85.14,1777510716.304
2018-04,2018-04-01,2018-05-01,2018-04-09,121356090,85.14,1777510716.304
2018-04,2018-04-01,2018-05-01,2018-04-10,125772039,85.14,1777510716.304
2018-04,2018-04-01,2018-05-01,2018-04-11,127856347,85.14,1777510716.304
2018-04,2018-04-01,2018-05-01,2018-04-12,130338696,85.14,1777510716.304
2018-04,2018-04-01,2018-05-01,2018-04-13,133162414,85.14,1777510716.304
2018-04,2018-04-01,2018-05-01,2018-04-14,108600432,85.14,1777510716.304
2018-04,2018-04-01,2018-05-01,2018-04-15,93566083,85.14,1777510716.304
2018-04,2018-04-01,2018-05-01,2018-04-16,122744378,85.14,1777510716.304
2018-04,2018-04-01,2018-05-01,2018-04-17,128313543,85.14,1777510716.304
2018-04,2018-04-01,2018-05-01,2018-04-18,131330467,85.14,1777510716.304
2018-04,2018-04-01,2018-05-01,2018-04-19,133255100,85.14,1777510716.304
2018-04,2018-04-01,2018-05-01,2018-04-20,136870629,85.14,1777510716.304
2018-04,2018-04-01,2018-05-01,2018-04-21,117827472,85.14,1777510716.304
2018-04,2018-04-01,2018-05-01,2018-04-22,99965954,85.14,1777510716.304
2018-04,2018-04-01,2018-05-01,2018-04-23,125115024,85.14,1777510716.304
2018-04,2018-04-01,2018-05-01,2018-04-24,133577028,85.14,1777510716.304
2018-04,2018-04-01,2018-05-01,2018-04-25,88125103,85.14,1777510716.304
2018-04,2018-04-01,2018-05-01,2018-04-26,132493838,85.14,1777510716.304
2018-04,2018-04-01,2018-05-01,2018-04-27,135873187,85.14,1777510716.304
2018-04,2018-04-01,2018-05-01,2018-04-28,116242296,85.14,1777510716.304
2018-04,2018-04-01,2018-05-01,2018-04-29,97778105,85.14,1777510716.304
2018-04,2018-04-01,2018-05-01,2018-04-30,124329764,85.14,1777510716.304
2018-05,2018-05-01,2018-06-01,2018-05-01,128158541,89.702,1777511066.976
2018-05,2018-05-01,2018-06-01,2018-05-02,129795318,89.702,1777511066.976
2018-05,2018-05-01,2018-06-01,2018-05-03,131632691,89.702,1777511066.976
2018-05,2018-05-01,2018-06-01,2018-05-04,131366540,89.702,1777511066.976
2018-05,2018-05-01,2018-06-01,2018-05-05,115337584,89.702,1777511066.976
2018-05,2018-05-01,2018-06-01,2018-05-06,98712036,89.702,1777511066.976
2018-05,2018-05-01,2018-06-01,2018-05-07,122991872,89.702,1777511066.976
2018-05,2018-05-01,2018-06-01,2018-05-08,127479563,89.702,1777511066.976
2018-05,2018-05-01,2018-06-01,2018-05-09,129132207,89.702,1777511066.976
2018-05,2018-05-01,2018-06-01,2018-05-10,129499099,89.702,1777511066.976
2018-05,2018-05-01,2018-06-01,2018-05-11,130200320,89.702,1777511066.976
2018-05,2018-05-01,2018-06-01,2018-05-12,117213877,89.702,1777511066.976
2018-05,2018-05-01,2018-06-01,2018-05-13,101005289,89.702,1777511066.976
2018-05,2018-05-01,2018-06-01,2018-05-14,122315035,89.702,1777511066.976
2018-05,2018-05-01,2018-06-01,2018-05-15,126401267,89.702,1777511066.976
2018-05,2018-05-01,2018-06-01,2018-05-16,128802078,89.702,1777511066.976
2018-05,2018-05-01,2018-06-01,2018-05-17,130224364,89.702,1777511066.976
2018-05,2018-05-01,2018-06-01,2018-05-18,133548095,89.702,1777511066.976
2018-05,2018-05-01,2018-06-01,2018-05-19,114145463,89.702,1777511066.976
2018-05,2018-05-01,2018-06-01,2018-05-20,94009204,89.702,1777511066.976
2018-05,2018-05-01,2018-06-01,2018-05-21,114180382,89.702,1777511066.976
2018-05,2018-05-01,2018-06-01,2018-05-22,125085272,89.702,1777511066.976
2018-05,2018-05-01,2018-06-01,2018-05-23,127050623,89.702,1777511066.976
2018-05,2018-05-01,2018-06-01,2018-05-24,130182288,89.702,1777511066.976
2018-05,2018-05-01,2018-06-01,2018-05-25,133874843,89.702,1777511066.976
2018-05,2018-05-01,2018-06-01,2018-05-26,115648132,89.702,1777511066.976
2018-05,2018-05-01,2018-06-01,2018-05-27,96817870,89.702,1777511066.976
2018-05,2018-05-01,2018-06-01,2018-05-28,119937623,89.702,1777511066.976
2018-05,2018-05-01,2018-06-01,2018-05-29,124699701,89.702,1777511066.976
2018-05,2018-05-01,2018-06-01,2018-05-30,127619502,89.702,1777511066.976
2018-05,2018-05-01,2018-06-01,2018-05-31,129914079,89.702,1777511066.976
2018-06,2018-06-01,2018-07-01,2018-06-01,133332358,72.686,1777511395.337
2018-06,2018-06-01,2018-07-01,2018-06-02,113942012,72.686,1777511395.337
2018-06,2018-06-01,2018-07-01,2018-06-03,95234895,72.686,1777511395.337
2018-06,2018-06-01,2018-07-01,2018-06-04,121731971,72.686,1777511395.337
2018-06,2018-06-01,2018-07-01,2018-06-05,125399516,72.686,1777511395.337
2018-06,2018-06-01,2018-07-01,2018-06-06,128587026,72.686,1777511395.337
2018-06,2018-06-01,2018-07-01,2018-06-07,130078400,72.686,1777511395.337
2018-06,2018-06-01,2018-07-01,2018-06-08,131020320,72.686,1777511395.337
2018-06,2018-06-01,2018-07-01,2018-06-09,105559043,72.686,1777511395.337
2018-06,2018-06-01,2018-07-01,2018-06-10,92600709,72.686,1777511395.337
2018-06,2018-06-01,2018-07-01,2018-06-11,84488596,72.686,1777511395.337
2018-06,2018-06-01,2018-07-01,2018-06-12,122569765,72.686,1777511395.337
2018-06,2018-06-01,2018-07-01,2018-06-13,120278279,72.686,1777511395.337
2018-06,2018-06-01,2018-07-01,2018-06-14,130014599,72.686,1777511395.337
2018-06,2018-06-01,2018-07-01,2018-06-15,131838850,72.686,1777511395.337
2018-06,2018-06-01,2018-07-01,2018-06-16,112691006,72.686,1777511395.337
2018-06,2018-06-01,2018-07-01,2018-06-17,88598630,72.686,1777511395.337
2018-06,2018-06-01,2018-07-01,2018-06-18,120764580,72.686,1777511395.337
2018-06,2018-06-01,2018-07-01,2018-06-19,124999084,72.686,1777511395.337
2018-06,2018-06-01,2018-07-01,2018-06-20,127270669,72.686,1777511395.337
2018-06,2018-06-01,2018-07-01,2018-06-21,129597591,72.686,1777511395.337
2018-06,2018-06-01,2018-07-01,2018-06-22,133046846,72.686,1777511395.337
2018-06,2018-06-01,2018-07-01,2018-06-23,112147472,72.686,1777511395.337
2018-06,2018-06-01,2018-07-01,2018-06-24,94752621,72.686,1777511395.337
2018-06,2018-06-01,2018-07-01,2018-06-25,118106176,72.686,1777511395.337
2018-06,2018-06-01,2018-07-01,2018-06-26,122783334,72.686,1777511395.337
2018-06,2018-06-01,2018-07-01,2018-06-27,125608073,72.686,1777511395.337
2018-06,2018-06-01,2018-07-01,2018-06-28,127657496,72.686,1777511395.337
2018-06,2018-06-01,2018-07-01,2018-06-29,130899813,72.686,1777511395.337
2018-06,2018-06-01,2018-07-01,2018-06-30,109147838,72.686,1777511395.337
2018-07,2018-07-01,2018-08-01,2018-07-01,93669551,102.042,1777511719.679
2018-07,2018-07-01,2018-08-01,2018-07-02,115243984,102.042,1777511719.679
2018-07,2018-07-01,2018-08-01,2018-07-03,118839381,102.042,1777511719.679
2018-07,2018-07-01,2018-08-01,2018-07-04,120931298,102.042,1777511719.679
2018-07,2018-07-01,2018-08-01,2018-07-05,123050955,102.042,1777511719.679
2018-07,2018-07-01,2018-08-01,2018-07-06,126333205,102.042,1777511719.679
2018-07,2018-07-01,2018-08-01,2018-07-07,104175787,102.042,1777511719.679
2018-07,2018-07-01,2018-08-01,2018-07-08,89431995,102.042,1777511719.679
2018-07,2018-07-01,2018-08-01,2018-07-09,114422406,102.042,1777511719.679
2018-07,2018-07-01,2018-08-01,2018-07-10,120373585,102.042,1777511719.679
2018-07,2018-07-01,2018-08-01,2018-07-11,122489061,102.042,1777511719.679
2018-07,2018-07-01,2018-08-01,2018-07-12,125021102,102.042,1777511719.679
2018-07,2018-07-01,2018-08-01,2018-07-13,129181396,102.042,1777511719.679
2018-07,2018-07-01,2018-08-01,2018-07-14,111721920,102.042,1777511719.679
2018-07,2018-07-01,2018-08-01,2018-07-15,95621714,102.042,1777511719.679
2018-07,2018-07-01,2018-08-01,2018-07-16,119852127,102.042,1777511719.679
2018-07,2018-07-01,2018-08-01,2018-07-17,124018123,102.042,1777511719.679
2018-07,2018-07-01,2018-08-01,2018-07-18,128276496,102.042,1777511719.679
2018-07,2018-07-01,2018-08-01,2018-07-19,129170053,102.042,1777511719.679
2018-07,2018-07-01,2018-08-01,2018-07-20,132540568,102.042,1777511719.679
2018-07,2018-07-01,2018-08-01,2018-07-21,113899100,102.042,1777511719.679
2018-07,2018-07-01,2018-08-01,2018-07-22,96140991,102.042,1777511719.679
2018-07,2018-07-01,2018-08-01,2018-07-23,119605146,102.042,1777511719.679
2018-07,2018-07-01,2018-08-01,2018-07-24,124526828,102.042,1777511719.679
2018-07,2018-07-01,2018-08-01,2018-07-25,128124645,102.042,1777511719.679
2018-07,2018-07-01,2018-08-01,2018-07-26,130606892,102.042,1777511719.679
2018-07,2018-07-01,2018-08-01,2018-07-27,134298189,102.042,1777511719.679
2018-07,2018-07-01,2018-08-01,2018-07-28,114670463,102.042,1777511719.679
2018-07,2018-07-01,2018-08-01,2018-07-29,94954198,102.042,1777511719.679
2018-07,2018-07-01,2018-08-01,2018-07-30,121381581,102.042,1777511719.679
2018-07,2018-07-01,2018-08-01,2018-07-31,125059987,102.042,1777511719.679
2018-08,2018-08-01,2018-09-01,2018-08-01,128124073,86.176,1777512068.855
2018-08,2018-08-01,2018-09-01,2018-08-02,130508495,86.176,1777512068.855
2018-08,2018-08-01,2018-09-01,2018-08-03,132669892,86.176,1777512068.855
2018-08,2018-08-01,2018-09-01,2018-08-04,114123847,86.176,1777512068.855
2018-08,2018-08-01,2018-09-01,2018-08-05,97498697,86.176,1777512068.855
2018-08,2018-08-01,2018-09-01,2018-08-06,120618850,86.176,1777512068.855
2018-08,2018-08-01,2018-09-01,2018-08-07,125942298,86.176,1777512068.855
2018-08,2018-08-01,2018-09-01,2018-08-08,128039226,86.176,1777512068.855
2018-08,2018-08-01,2018-09-01,2018-08-09,130897416,86.176,1777512068.855
2018-08,2018-08-01,2018-09-01,2018-08-10,133909137,86.176,1777512068.855
2018-08,2018-08-01,2018-09-01,2018-08-11,111726858,86.176,1777512068.855
2018-08,2018-08-01,2018-09-01,2018-08-12,96975269,86.176,1777512068.855
2018-08,2018-08-01,2018-09-01,2018-08-13,121974682,86.176,1777512068.855
2018-08,2018-08-01,2018-09-01,2018-08-14,126839128,86.176,1777512068.855
2018-08,2018-08-01,2018-09-01,2018-08-15,128315334,86.176,1777512068.855
2018-08,2018-08-01,2018-09-01,2018-08-16,131303330,86.176,1777512068.855
2018-08,2018-08-01,2018-09-01,2018-08-17,134879404,86.176,1777512068.855
2018-08,2018-08-01,2018-09-01,2018-08-18,113411249,86.176,1777512068.855
2018-08,2018-08-01,2018-09-01,2018-08-19,92619609,86.176,1777512068.855
2018-08,2018-08-01,2018-09-01,2018-08-20,120866246,86.176,1777512068.855
2018-08,2018-08-01,2018-09-01,2018-08-21,125681706,86.176,1777512068.855
2018-08,2018-08-01,2018-09-01,2018-08-22,127820650,86.176,1777512068.855
2018-08,2018-08-01,2018-09-01,2018-08-23,130665955,86.176,1777512068.855
2018-08,2018-08-01,2018-09-01,2018-08-24,134517444,86.176,1777512068.855
2018-08,2018-08-01,2018-09-01,2018-08-25,115872177,86.176,1777512068.855
2018-08,2018-08-01,2018-09-01,2018-08-26,98507804,86.176,1777512068.855
2018-08,2018-08-01,2018-09-01,2018-08-27,122435902,86.176,1777512068.855
2018-08,2018-08-01,2018-09-01,2018-08-28,126524016,86.176,1777512068.855
2018-08,2018-08-01,2018-09-01,2018-08-29,129329031,86.176,1777512068.855
2018-08,2018-08-01,2018-09-01,2018-08-30,130063813,86.176,1777512068.855
2018-08,2018-08-01,2018-09-01,2018-08-31,133498547,86.176,1777512068.855
2018-09,2018-09-01,2018-10-01,2018-09-01,114583452,71.936,1777512379.839
2018-09,2018-09-01,2018-10-01,2018-09-02,97245440,71.936,1777512379.839
2018-09,2018-09-01,2018-10-01,2018-09-03,122029229,71.936,1777512379.839
2018-09,2018-09-01,2018-10-01,2018-09-04,126671407,71.936,1777512379.839
2018-09,2018-09-01,2018-10-01,2018-09-05,128692608,71.936,1777512379.839
2018-09,2018-09-01,2018-10-01,2018-09-06,130036004,71.936,1777512379.839
2018-09,2018-09-01,2018-10-01,2018-09-07,134261078,71.936,1777512379.839
2018-09,2018-09-01,2018-10-01,2018-09-08,114839641,71.936,1777512379.839
2018-09,2018-09-01,2018-10-01,2018-09-09,95631922,71.936,1777512379.839
2018-09,2018-09-01,2018-10-01,2018-09-10,121483256,71.936,1777512379.839
2018-09,2018-09-01,2018-10-01,2018-09-11,126261050,71.936,1777512379.839
2018-09,2018-09-01,2018-10-01,2018-09-12,128992646,71.936,1777512379.839
2018-09,2018-09-01,2018-10-01,2018-09-13,131452737,71.936,1777512379.839
2018-09,2018-09-01,2018-10-01,2018-09-14,135093172,71.936,1777512379.839
2018-09,2018-09-01,2018-10-01,2018-09-15,111747869,71.936,1777512379.839
2018-09,2018-09-01,2018-10-01,2018-09-16,96017840,71.936,1777512379.839
2018-09,2018-09-01,2018-10-01,2018-09-17,121617186,71.936,1777512379.839
2018-09,2018-09-01,2018-10-01,2018-09-18,125824737,71.936,1777512379.839
2018-09,2018-09-01,2018-10-01,2018-09-19,128375231,71.936,1777512379.839
2018-09,2018-09-01,2018-10-01,2018-09-20,131232886,71.936,1777512379.839
2018-09,2018-09-01,2018-10-01,2018-09-21,133610479,71.936,1777512379.839
2018-09,2018-09-01,2018-10-01,2018-09-22,112749546,71.936,1777512379.839
2018-09,2018-09-01,2018-10-01,2018-09-23,94743703,71.936,1777512379.839
2018-09,2018-09-01,2018-10-01,2018-09-24,119231814,71.936,1777512379.839
2018-09,2018-09-01,2018-10-01,2018-09-25,122729090,71.936,1777512379.839
2018-09,2018-09-01,2018-10-01,2018-09-26,126190148,71.936,1777512379.839
2018-09,2018-09-01,2018-10-01,2018-09-27,132021357,71.936,1777512379.839
2018-09,2018-09-01,2018-10-01,2018-09-28,95751531,71.936,1777512379.839
2018-09,2018-09-01,2018-10-01,2018-09-29,91942093,71.936,1777512379.839
2018-09,2018-09-01,2018-10-01,2018-09-30,91480131,71.936,1777512379.839
2018-10,2018-10-01,2018-11-01,2018-10-01,117307194,85.404,1777512694.808
2018-10,2018-10-01,2018-11-01,2018-10-02,123417155,85.404,1777512694.808
2018-10,2018-10-01,2018-11-01,2018-10-03,125808804,85.404,1777512694.808
2018-10,2018-10-01,2018-11-01,2018-10-04,128591336,85.404,1777512694.808
2018-10,2018-10-01,2018-11-01,2018-10-05,133374179,85.404,1777512694.808
2018-10,2018-10-01,2018-11-01,2018-10-06,114483950,85.404,1777512694.808
2018-10,2018-10-01,2018-11-01,2018-10-07,96005716,85.404,1777512694.808
2018-10,2018-10-01,2018-11-01,2018-10-08,124022878,85.404,1777512694.808
2018-10,2018-10-01,2018-11-01,2018-10-09,126932464,85.404,1777512694.808
2018-10,2018-10-01,2018-11-01,2018-10-10,130963488,85.404,1777512694.808
2018-10,2018-10-01,2018-11-01,2018-10-11,133448967,85.404,1777512694.808
2018-10,2018-10-01,2018-11-01,2018-10-12,137150810,85.404,1777512694.808
2018-10,2018-10-01,2018-11-01,2018-10-13,118628037,85.404,1777512694.808
2018-10,2018-10-01,2018-11-01,2018-10-14,100083125,85.404,1777512694.808
2018-10,2018-10-01,2018-11-01,2018-10-15,124107907,85.404,1777512694.808
2018-10,2018-10-01,2018-11-01,2018-10-16,127459963,85.404,1777512694.808
2018-10,2018-10-01,2018-11-01,2018-10-17,131005578,85.404,1777512694.808
2018-10,2018-10-01,2018-11-01,2018-10-18,133747928,85.404,1777512694.808
2018-10,2018-10-01,2018-11-01,2018-10-19,138044128,85.404,1777512694.808
2018-10,2018-10-01,2018-11-01,2018-10-20,115038344,85.404,1777512694.808
2018-10,2018-10-01,2018-11-01,2018-10-21,99700678,85.404,1777512694.808
2018-10,2018-10-01,2018-11-01,2018-10-22,125854545,85.404,1777512694.808
2018-10,2018-10-01,2018-11-01,2018-10-23,128583833,85.404,1777512694.808
2018-10,2018-10-01,2018-11-01,2018-10-24,131096184,85.404,1777512694.808
2018-10,2018-10-01,2018-11-01,2018-10-25,134404863,85.404,1777512694.808
2018-10,2018-10-01,2018-11-01,2018-10-26,137930017,85.404,1777512694.808
2018-10,2018-10-01,2018-11-01,2018-10-27,117799988,85.404,1777512694.808
2018-10,2018-10-01,2018-11-01,2018-10-28,100193938,85.404,1777512694.808
2018-10,2018-10-01,2018-11-01,2018-10-29,126431080,85.404,1777512694.808
2018-10,2018-10-01,2018-11-01,2018-10-30,130074375,85.404,1777512694.808
2018-10,2018-10-01,2018-11-01,2018-10-31,132159379,85.404,1777512694.808
2018-11,2018-11-01,2018-12-01,2018-11-01,134161038,82.486,1777513034.289
2018-11,2018-11-01,2018-12-01,2018-11-02,136153392,82.486,1777513034.289
2018-11,2018-11-01,2018-12-01,2018-11-03,109736105,82.486,1777513034.289
2018-11,2018-11-01,2018-12-01,2018-11-04,93601527,82.486,1777513034.289
2018-11,2018-11-01,2018-12-01,2018-11-05,114051883,82.486,1777513034.289
2018-11,2018-11-01,2018-12-01,2018-11-06,83989493,82.486,1777513034.289
2018-11,2018-11-01,2018-12-01,2018-11-07,130071735,82.486,1777513034.289
2018-11,2018-11-01,2018-12-01,2018-11-08,133830673,82.486,1777513034.289
2018-11,2018-11-01,2018-12-01,2018-11-09,137415723,82.486,1777513034.289
2018-11,2018-11-01,2018-12-01,2018-11-10,117155734,82.486,1777513034.289
2018-11,2018-11-01,2018-12-01,2018-11-11,100995128,82.486,1777513034.289
2018-11,2018-11-01,2018-12-01,2018-11-12,127570094,82.486,1777513034.289
2018-11,2018-11-01,2018-12-01,2018-11-13,130787148,82.486,1777513034.289
2018-11,2018-11-01,2018-12-01,2018-11-14,133548271,82.486,1777513034.289
2018-11,2018-11-01,2018-12-01,2018-11-15,137018059,82.486,1777513034.289
2018-11,2018-11-01,2018-12-01,2018-11-16,141109133,82.486,1777513034.289
2018-11,2018-11-01,2018-12-01,2018-11-17,120830205,82.486,1777513034.289
2018-11,2018-11-01,2018-12-01,2018-11-18,103727600,82.486,1777513034.289
2018-11,2018-11-01,2018-12-01,2018-11-19,127792085,82.486,1777513034.289
2018-11,2018-11-01,2018-12-01,2018-11-20,129698141,82.486,1777513034.289
2018-11,2018-11-01,2018-12-01,2018-11-21,134601016,82.486,1777513034.289
2018-11,2018-11-01,2018-12-01,2018-11-22,136531241,82.486,1777513034.289
2018-11,2018-11-01,2018-12-01,2018-11-23,138533628,82.486,1777513034.289
2018-11,2018-11-01,2018-12-01,2018-11-24,118555015,82.486,1777513034.289
2018-11,2018-11-01,2018-12-01,2018-11-25,101819212,82.486,1777513034.289
2018-11,2018-11-01,2018-12-01,2018-11-26,128167459,82.486,1777513034.289
2018-11,2018-11-01,2018-12-01,2018-11-27,131214499,82.486,1777513034.289
2018-11,2018-11-01,2018-12-01,2018-11-28,133947936,82.486,1777513034.289
2018-11,2018-11-01,2018-12-01,2018-11-29,137053461,82.486,1777513034.289
2018-11,2018-11-01,2018-12-01,2018-11-30,141550913,82.486,1777513034.289
2018-12,2018-12-01,2019-01-01,,0,0.269,1777513320.318
2019-01,2019-01-01,2019-02-01,2019-01-01,77784941,79.565,1777513481.677
2019-01,2019-01-01,2019-02-01,2019-01-02,100906689,79.565,1777513481.677
2019-01,2019-01-01,2019-02-01,2019-01-03,106505810,79.565,1777513481.677
2019-01,2019-01-01,2019-02-01,2019-01-04,100059489,79.565,1777513481.677
2019-01,2019-01-01,2019-02-01,2019-01-05,95954113,79.565,1777513481.677
2019-01,2019-01-01,2019-02-01,2019-01-06,88979478,79.565,1777513481.677
2019-01,2019-01-01,2019-02-01,2019-01-07,110781096,79.565,1777513481.677
2019-01,2019-01-01,2019-02-01,2019-01-08,113923513,79.565,1777513481.677
2019-01,2019-01-01,2019-02-01,2019-01-09,117913396,79.565,1777513481.677
2019-01,2019-01-01,2019-02-01,2019-01-10,120037972,79.565,1777513481.677
2019-01,2019-01-01,2019-02-01,2019-01-11,122844323,79.565,1777513481.677
2019-01,2019-01-01,2019-02-01,2019-01-12,104696390,79.565,1777513481.677
2019-01,2019-01-01,2019-02-01,2019-01-13,94304101,79.565,1777513481.677
2019-01,2019-01-01,2019-02-01,2019-01-14,117382197,79.565,1777513481.677
2019-01,2019-01-01,2019-02-01,2019-01-15,120343128,79.565,1777513481.677
2019-01,2019-01-01,2019-02-01,2019-01-16,123539095,79.565,1777513481.677
2019-01,2019-01-01,2019-02-01,2019-01-17,126379962,79.565,1777513481.677
2019-01,2019-01-01,2019-02-01,2019-01-18,128154160,79.565,1777513481.677
2019-01,2019-01-01,2019-02-01,2019-01-19,111451972,79.565,1777513481.677
2019-01,2019-01-01,2019-02-01,2019-01-20,97607786,79.565,1777513481.677
2019-01,2019-01-01,2019-02-01,2019-01-21,121689973,79.565,1777513481.677
2019-01,2019-01-01,2019-02-01,2019-01-22,125263516,79.565,1777513481.677
2019-01,2019-01-01,2019-02-01,2019-01-23,129102683,79.565,1777513481.677
2019-01,2019-01-01,2019-02-01,2019-01-24,129130444,79.565,1777513481.677
2019-01,2019-01-01,2019-02-01,2019-01-25,122567523,79.565,1777513481.677
2019-01,2019-01-01,2019-02-01,2019-01-26,104517868,79.565,1777513481.677
2019-01,2019-01-01,2019-02-01,2019-01-27,93321191,79.565,1777513481.677
2019-01,2019-01-01,2019-02-01,2019-01-28,89959100,79.565,1777513481.677
2019-01,2019-01-01,2019-02-01,2019-01-29,126084789,79.565,1777513481.677
2019-01,2019-01-01,2019-02-01,2019-01-30,127509257,79.565,1777513481.677
2019-01,2019-01-01,2019-02-01,2019-01-31,133238967,79.565,1777513481.677
2019-02,2019-02-01,2019-03-01,2019-02-01,137790716,103.604,1777513784.937
2019-02,2019-02-01,2019-03-01,2019-02-02,116415186,103.604,1777513784.937
2019-02,2019-02-01,2019-03-01,2019-02-03,95634265,103.604,1777513784.937
2019-02,2019-02-01,2019-03-01,2019-02-04,127592959,103.604,1777513784.937
2019-02,2019-02-01,2019-03-01,2019-02-05,130636654,103.604,1777513784.937
2019-02,2019-02-01,2019-03-01,2019-02-06,131422637,103.604,1777513784.937
2019-02,2019-02-01,2019-03-01,2019-02-07,134482750,103.604,1777513784.937
2019-02,2019-02-01,2019-03-01,2019-02-08,138423116,103.604,1777513784.937
2019-02,2019-02-01,2019-03-01,2019-02-09,116499404,103.604,1777513784.937
2019-02,2019-02-01,2019-03-01,2019-02-10,100756084,103.604,1777513784.937
2019-02,2019-02-01,2019-03-01,2019-02-11,126266552,103.604,1777513784.937
2019-02,2019-02-01,2019-03-01,2019-02-12,129977445,103.604,1777513784.937
2019-02,2019-02-01,2019-03-01,2019-02-13,133794393,103.604,1777513784.937
2019-02,2019-02-01,2019-03-01,2019-02-14,138054320,103.604,1777513784.937
2019-02,2019-02-01,2019-03-01,2019-02-15,139366013,103.604,1777513784.937
2019-02,2019-02-01,2019-03-01,2019-02-16,119360200,103.604,1777513784.937
2019-02,2019-02-01,2019-03-01,2019-02-17,101112571,103.604,1777513784.937
2019-02,2019-02-01,2019-03-01,2019-02-18,127213162,103.604,1777513784.937
2019-02,2019-02-01,2019-03-01,2019-02-19,131344031,103.604,1777513784.937
2019-02,2019-02-01,2019-03-01,2019-02-20,133376794,103.604,1777513784.937
2019-02,2019-02-01,2019-03-01,2019-02-21,136172702,103.604,1777513784.937
2019-02,2019-02-01,2019-03-01,2019-02-22,139713773,103.604,1777513784.937
2019-02,2019-02-01,2019-03-01,2019-02-23,120379375,103.604,1777513784.937
2019-02,2019-02-01,2019-03-01,2019-02-24,103143745,103.604,1777513784.937
2019-02,2019-02-01,2019-03-01,2019-02-25,126982489,103.604,1777513784.937
2019-02,2019-02-01,2019-03-01,2019-02-26,131702865,103.604,1777513784.937
2019-02,2019-02-01,2019-03-01,2019-02-27,134247765,103.604,1777513784.937
2019-02,2019-02-01,2019-03-01,2019-02-28,135705834,103.604,1777513784.937
2019-03,2019-03-01,2019-04-01,2019-03-01,138978750,91.337,1777514157.553
2019-03,2019-03-01,2019-04-01,2019-03-02,117687375,91.337,1777514157.553
2019-03,2019-03-01,2019-04-01,2019-03-03,99360039,91.337,1777514157.553
2019-03,2019-03-01,2019-04-01,2019-03-04,128628453,91.337,1777514157.553
2019-03,2019-03-01,2019-04-01,2019-03-05,132578051,91.337,1777514157.553
2019-03,2019-03-01,2019-04-01,2019-03-06,135443018,91.337,1777514157.553
2019-03,2019-03-01,2019-04-01,2019-03-07,137245284,91.337,1777514157.553
2019-03,2019-03-01,2019-04-01,2019-03-08,140051513,91.337,1777514157.553
2019-03,2019-03-01,2019-04-01,2019-03-09,111504868,91.337,1777514157.553
2019-03,2019-03-01,2019-04-01,2019-03-10,96300714,91.337,1777514157.553
2019-03,2019-03-01,2019-04-01,2019-03-11,91613986,91.337,1777514157.553
2019-03,2019-03-01,2019-04-01,2019-03-12,129756227,91.337,1777514157.553
2019-03,2019-03-01,2019-04-01,2019-03-13,133851425,91.337,1777514157.553
2019-03,2019-03-01,2019-04-01,2019-03-14,136983909,91.337,1777514157.553
2019-03,2019-03-01,2019-04-01,2019-03-15,139847046,91.337,1777514157.553
2019-03,2019-03-01,2019-04-01,2019-03-16,120706940,91.337,1777514157.553
2019-03,2019-03-01,2019-04-01,2019-03-17,102715898,91.337,1777514157.553
2019-03,2019-03-01,2019-04-01,2019-03-18,128567702,91.337,1777514157.553
2019-03,2019-03-01,2019-04-01,2019-03-19,132057511,91.337,1777514157.553
2019-03,2019-03-01,2019-04-01,2019-03-20,134745381,91.337,1777514157.553
2019-03,2019-03-01,2019-04-01,2019-03-21,136550251,91.337,1777514157.553
2019-03,2019-03-01,2019-04-01,2019-03-22,139614124,91.337,1777514157.553
2019-03,2019-03-01,2019-04-01,2019-03-23,119805749,91.337,1777514157.553
2019-03,2019-03-01,2019-04-01,2019-03-24,101974721,91.337,1777514157.553
2019-03,2019-03-01,2019-04-01,2019-03-25,126397382,91.337,1777514157.553
2019-03,2019-03-01,2019-04-01,2019-03-26,130998829,91.337,1777514157.553
2019-03,2019-03-01,2019-04-01,2019-03-27,134084900,91.337,1777514157.553
2019-03,2019-03-01,2019-04-01,2019-03-28,136630187,91.337,1777514157.553
2019-03,2019-03-01,2019-04-01,2019-03-29,138774916,91.337,1777514157.553
2019-03,2019-03-01,2019-04-01,2019-03-30,115766218,91.337,1777514157.553
2019-03,2019-03-01,2019-04-01,2019-03-31,98088177,91.337,1777514157.553
2019-04,2019-04-01,2019-05-01,2019-04-01,125566043,68.344,1777514490.381
2019-04,2019-04-01,2019-05-01,2019-04-02,131014316,68.344,1777514490.381
2019-04,2019-04-01,2019-05-01,2019-04-03,132742729,68.344,1777514490.381
2019-04,2019-04-01,2019-05-01,2019-04-04,135847579,68.344,1777514490.381
2019-04,2019-04-01,2019-05-01,2019-04-05,139086015,68.344,1777514490.381
2019-04,2019-04-01,2019-05-01,2019-04-06,118107957,68.344,1777514490.381
2019-04,2019-04-01,2019-05-01,2019-04-07,103852303,68.344,1777514490.381
2019-04,2019-04-01,2019-05-01,2019-04-08,123548736,68.344,1777514490.381
2019-04,2019-04-01,2019-05-01,2019-04-09,128085631,68.344,1777514490.381
2019-04,2019-04-01,2019-05-01,2019-04-10,129751866,68.344,1777514490.381
2019-04,2019-04-01,2019-05-01,2019-04-11,132550951,68.344,1777514490.381
2019-04,2019-04-01,2019-05-01,2019-04-12,135532690,68.344,1777514490.381
2019-04,2019-04-01,2019-05-01,2019-04-13,115823059,68.344,1777514490.381
2019-04,2019-04-01,2019-05-01,2019-04-14,100203091,68.344,1777514490.381
2019-04,2019-04-01,2019-05-01,2019-04-15,124324375,68.344,1777514490.381
2019-04,2019-04-01,2019-05-01,2019-04-16,129487713,68.344,1777514490.381
2019-04,2019-04-01,2019-05-01,2019-04-17,133140572,68.344,1777514490.381
2019-04,2019-04-01,2019-05-01,2019-04-18,138888680,68.344,1777514490.381
2019-04,2019-04-01,2019-05-01,2019-04-19,83260830,68.344,1777514490.381
2019-04,2019-04-01,2019-05-01,2019-04-20,98369319,68.344,1777514490.381
2019-04,2019-04-01,2019-05-01,2019-04-21,84934601,68.344,1777514490.381
2019-04,2019-04-01,2019-05-01,2019-04-22,83855995,68.344,1777514490.381
2019-04,2019-04-01,2019-05-01,2019-04-23,122074027,68.344,1777514490.381
2019-04,2019-04-01,2019-05-01,2019-04-24,129649494,68.344,1777514490.381
2019-04,2019-04-01,2019-05-01,2019-04-25,89015741,68.344,1777514490.381
2019-04,2019-04-01,2019-05-01,2019-04-26,127973047,68.344,1777514490.381
2019-04,2019-04-01,2019-05-01,2019-04-27,112715804,68.344,1777514490.381
2019-04,2019-04-01,2019-05-01,2019-04-28,96340220,68.344,1777514490.381
2019-04,2019-04-01,2019-05-01,2019-04-29,126241528,68.344,1777514490.381
2019-04,2019-04-01,2019-05-01,2019-04-30,130554138,68.344,1777514490.381
2019-05,2019-05-01,2019-06-01,2019-05-01,131978359,102.03,1777514781.762
2019-05,2019-05-01,2019-06-01,2019-05-02,134252106,102.03,1777514781.762
2019-05,2019-05-01,2019-06-01,2019-05-03,139124335,102.03,1777514781.762
2019-05,2019-05-01,2019-06-01,2019-05-04,117328259,102.03,1777514781.762
2019-05,2019-05-01,2019-06-01,2019-05-05,100295826,102.03,1777514781.762
2019-05,2019-05-01,2019-06-01,2019-05-06,126662349,102.03,1777514781.762
2019-05,2019-05-01,2019-06-01,2019-05-07,130608233,102.03,1777514781.762
2019-05,2019-05-01,2019-06-01,2019-05-08,132423960,102.03,1777514781.762
2019-05,2019-05-01,2019-06-01,2019-05-09,134580314,102.03,1777514781.762
2019-05,2019-05-01,2019-06-01,2019-05-10,135834359,102.03,1777514781.762
2019-05,2019-05-01,2019-06-01,2019-05-11,120329490,102.03,1777514781.762
2019-05,2019-05-01,2019-06-01,2019-05-12,103070148,102.03,1777514781.762
2019-05,2019-05-01,2019-06-01,2019-05-13,125213026,102.03,1777514781.762
2019-05,2019-05-01,2019-06-01,2019-05-14,130217137,102.03,1777514781.762
2019-05,2019-05-01,2019-06-01,2019-05-15,132840458,102.03,1777514781.762
2019-05,2019-05-01,2019-06-01,2019-05-16,134725609,102.03,1777514781.762
2019-05,2019-05-01,2019-06-01,2019-05-17,138543454,102.03,1777514781.762
2019-05,2019-05-01,2019-06-01,2019-05-18,118752748,102.03,1777514781.762
2019-05,2019-05-01,2019-06-01,2019-05-19,99577968,102.03,1777514781.762
2019-05,2019-05-01,2019-06-01,2019-05-20,124142663,102.03,1777514781.762
2019-05,2019-05-01,2019-06-01,2019-05-21,128713857,102.03,1777514781.762
2019-05,2019-05-01,2019-06-01,2019-05-22,131808308,102.03,1777514781.762
2019-05,2019-05-01,2019-06-01,2019-05-23,133936006,102.03,1777514781.762
2019-05,2019-05-01,2019-06-01,2019-05-24,136307669,102.03,1777514781.762
2019-05,2019-05-01,2019-06-01,2019-05-25,117512266,102.03,1777514781.762
2019-05,2019-05-01,2019-06-01,2019-05-26,98764740,102.03,1777514781.762
2019-05,2019-05-01,2019-06-01,2019-05-27,122724167,102.03,1777514781.762
2019-05,2019-05-01,2019-06-01,2019-05-28,119228023,102.03,1777514781.762
2019-05,2019-05-01,2019-06-01,2019-05-29,128114318,102.03,1777514781.762
2019-05,2019-05-01,2019-06-01,2019-05-30,132560151,102.03,1777514781.762
2019-05,2019-05-01,2019-06-01,2019-05-31,135961847,102.03,1777514781.762
2019-06,2019-06-01,2019-07-01,2019-06-01,117188916,95.463,1777515183.18
2019-06,2019-06-01,2019-07-01,2019-06-02,97181164,95.463,1777515183.18
2019-06,2019-06-01,2019-07-01,2019-06-03,122165617,95.463,1777515183.18
2019-06,2019-06-01,2019-07-01,2019-06-04,128143053,95.463,1777515183.18
2019-06,2019-06-01,2019-07-01,2019-06-05,130481435,95.463,1777515183.18
2019-06,2019-06-01,2019-07-01,2019-06-06,132433403,95.463,1777515183.18
2019-06,2019-06-01,2019-07-01,2019-06-07,135976939,95.463,1777515183.18
2019-06,2019-06-01,2019-07-01,2019-06-08,109441456,95.463,1777515183.18
2019-06,2019-06-01,2019-07-01,2019-06-09,94273285,95.463,1777515183.18
2019-06,2019-06-01,2019-07-01,2019-06-10,84678789,95.463,1777515183.18
2019-06,2019-06-01,2019-07-01,2019-06-11,126652200,95.463,1777515183.18
2019-06,2019-06-01,2019-07-01,2019-06-12,126866303,95.463,1777515183.18
2019-06,2019-06-01,2019-07-01,2019-06-13,132662518,95.463,1777515183.18
2019-06,2019-06-01,2019-07-01,2019-06-14,135771373,95.463,1777515183.18
2019-06,2019-06-01,2019-07-01,2019-06-15,117601719,95.463,1777515183.18
2019-06,2019-06-01,2019-07-01,2019-06-16,97515115,95.463,1777515183.18
2019-06,2019-06-01,2019-07-01,2019-06-17,124563687,95.463,1777515183.18
2019-06,2019-06-01,2019-07-01,2019-06-18,126850501,95.463,1777515183.18
2019-06,2019-06-01,2019-07-01,2019-06-19,130023088,95.463,1777515183.18
2019-06,2019-06-01,2019-07-01,2019-06-20,131373134,95.463,1777515183.18
2019-06,2019-06-01,2019-07-01,2019-06-21,135408709,95.463,1777515183.18
2019-06,2019-06-01,2019-07-01,2019-06-22,115210633,95.463,1777515183.18
2019-06,2019-06-01,2019-07-01,2019-06-23,96968597,95.463,1777515183.18
2019-06,2019-06-01,2019-07-01,2019-06-24,122268741,95.463,1777515183.18
2019-06,2019-06-01,2019-07-01,2019-06-25,127861011,95.463,1777515183.18
2019-06,2019-06-01,2019-07-01,2019-06-26,130254059,95.463,1777515183.18
2019-06,2019-06-01,2019-07-01,2019-06-27,132505381,95.463,1777515183.18
2019-06,2019-06-01,2019-07-01,2019-06-28,136159886,95.463,1777515183.18
2019-06,2019-06-01,2019-07-01,2019-06-29,110408796,95.463,1777515183.18
2019-06,2019-06-01,2019-07-01,2019-06-30,97589903,95.463,1777515183.18
2019-07,2019-07-01,2019-08-01,2019-07-01,119486499,109.664,1777515607.637
2019-07,2019-07-01,2019-08-01,2019-07-02,122751270,109.664,1777515607.637
2019-07,2019-07-01,2019-08-01,2019-07-03,125446323,109.664,1777515607.637
2019-07,2019-07-01,2019-08-01,2019-07-04,118119577,109.664,1777515607.637
2019-07,2019-07-01,2019-08-01,2019-07-05,131095380,109.664,1777515607.637
2019-07,2019-07-01,2019-08-01,2019-07-06,111816902,109.664,1777515607.637
2019-07,2019-07-01,2019-08-01,2019-07-07,93269181,109.664,1777515607.637
2019-07,2019-07-01,2019-08-01,2019-07-08,118760636,109.664,1777515607.637
2019-07,2019-07-01,2019-08-01,2019-07-09,124219038,109.664,1777515607.637
2019-07,2019-07-01,2019-08-01,2019-07-10,126662351,109.664,1777515607.637
2019-07,2019-07-01,2019-08-01,2019-07-11,128246159,109.664,1777515607.637
2019-07,2019-07-01,2019-08-01,2019-07-12,130799116,109.664,1777515607.637
2019-07,2019-07-01,2019-08-01,2019-07-13,110847732,109.664,1777515607.637
2019-07,2019-07-01,2019-08-01,2019-07-14,94472278,109.664,1777515607.637
2019-07,2019-07-01,2019-08-01,2019-07-15,123295102,109.664,1777515607.637
2019-07,2019-07-01,2019-08-01,2019-07-16,128494861,109.664,1777515607.637
2019-07,2019-07-01,2019-08-01,2019-07-17,130888305,109.664,1777515607.637
2019-07,2019-07-01,2019-08-01,2019-07-18,133539317,109.664,1777515607.637
2019-07,2019-07-01,2019-08-01,2019-07-19,137540434,109.664,1777515607.637
2019-07,2019-07-01,2019-08-01,2019-07-20,118589413,109.664,1777515607.637
2019-07,2019-07-01,2019-08-01,2019-07-21,98904987,109.664,1777515607.637
2019-07,2019-07-01,2019-08-01,2019-07-22,125938060,109.664,1777515607.637
2019-07,2019-07-01,2019-08-01,2019-07-23,132213177,109.664,1777515607.637
2019-07,2019-07-01,2019-08-01,2019-07-24,135795423,109.664,1777515607.637
2019-07,2019-07-01,2019-08-01,2019-07-25,138769516,109.664,1777515607.637
2019-07,2019-07-01,2019-08-01,2019-07-26,141453277,109.664,1777515607.637
2019-07,2019-07-01,2019-08-01,2019-07-27,122568610,109.664,1777515607.637
2019-07,2019-07-01,2019-08-01,2019-07-28,104021841,109.664,1777515607.637
2019-07,2019-07-01,2019-08-01,2019-07-29,129075423,109.664,1777515607.637
2019-07,2019-07-01,2019-08-01,2019-07-30,133938807,109.664,1777515607.637
2019-07,2019-07-01,2019-08-01,2019-07-31,136669506,109.664,1777515607.637
2019-08,2019-08-01,2019-09-01,2019-08-01,138592806,117.847,1777515993.231
2019-08,2019-08-01,2019-09-01,2019-08-02,142472323,117.847,1777515993.231
2019-08,2019-08-01,2019-09-01,2019-08-03,122242327,117.847,1777515993.231
2019-08,2019-08-01,2019-09-01,2019-08-04,103191322,117.847,1777515993.231
2019-08,2019-08-01,2019-09-01,2019-08-05,128919613,117.847,1777515993.231
2019-08,2019-08-01,2019-09-01,2019-08-06,133609525,117.847,1777515993.231
2019-08,2019-08-01,2019-09-01,2019-08-07,136629893,117.847,1777515993.231
2019-08,2019-08-01,2019-09-01,2019-08-08,138291182,117.847,1777515993.231
2019-08,2019-08-01,2019-09-01,2019-08-09,139349159,117.847,1777515993.231
2019-08,2019-08-01,2019-09-01,2019-08-10,117843409,117.847,1777515993.231
2019-08,2019-08-01,2019-09-01,2019-08-11,100724812,117.847,1777515993.231
2019-08,2019-08-01,2019-09-01,2019-08-12,129325347,117.847,1777515993.231
2019-08,2019-08-01,2019-09-01,2019-08-13,133721178,117.847,1777515993.231
2019-08,2019-08-01,2019-09-01,2019-08-14,136593152,117.847,1777515993.231
2019-08,2019-08-01,2019-09-01,2019-08-15,139121833,117.847,1777515993.231
2019-08,2019-08-01,2019-09-01,2019-08-16,142174555,117.847,1777515993.231
2019-08,2019-08-01,2019-09-01,2019-08-17,125400648,117.847,1777515993.231
2019-08,2019-08-01,2019-09-01,2019-08-18,103830906,117.847,1777515993.231
2019-08,2019-08-01,2019-09-01,2019-08-19,128943274,117.847,1777515993.231
2019-08,2019-08-01,2019-09-01,2019-08-20,134274250,117.847,1777515993.231
2019-08,2019-08-01,2019-09-01,2019-08-21,136961609,117.847,1777515993.231
2019-08,2019-08-01,2019-09-01,2019-08-22,140018399,117.847,1777515993.231
2019-08,2019-08-01,2019-09-01,2019-08-23,144302239,117.847,1777515993.231
2019-08,2019-08-01,2019-09-01,2019-08-24,123100663,117.847,1777515993.231
2019-08,2019-08-01,2019-09-01,2019-08-25,105131891,117.847,1777515993.231
2019-08,2019-08-01,2019-09-01,2019-08-26,130454119,117.847,1777515993.231
2019-08,2019-08-01,2019-09-01,2019-08-27,135002799,117.847,1777515993.231
2019-08,2019-08-01,2019-09-01,2019-08-28,136287610,117.847,1777515993.231
2019-08,2019-08-01,2019-09-01,2019-08-29,139717997,117.847,1777515993.231
2019-08,2019-08-01,2019-09-01,2019-08-30,145003631,117.847,1777515993.231
2019-08,2019-08-01,2019-09-01,2019-08-31,127447538,117.847,1777515993.231
2019-09,2019-09-01,2019-10-01,2019-09-01,105411704,103.127,1777516364.771
2019-09,2019-09-01,2019-10-01,2019-09-02,130796716,103.127,1777516364.771
2019-09,2019-09-01,2019-10-01,2019-09-03,134264452,103.127,1777516364.771
2019-09,2019-09-01,2019-10-01,2019-09-04,137174451,103.127,1777516364.771
2019-09,2019-09-01,2019-10-01,2019-09-05,139616029,103.127,1777516364.771
2019-09,2019-09-01,2019-10-01,2019-09-06,141999275,103.127,1777516364.771
2019-09,2019-09-01,2019-10-01,2019-09-07,120533524,103.127,1777516364.771
2019-09,2019-09-01,2019-10-01,2019-09-08,100624138,103.127,1777516364.771
2019-09,2019-09-01,2019-10-01,2019-09-09,129052722,103.127,1777516364.771
2019-09,2019-09-01,2019-10-01,2019-09-10,134717411,103.127,1777516364.771
2019-09,2019-09-01,2019-10-01,2019-09-11,138126030,103.127,1777516364.771
2019-09,2019-09-01,2019-10-01,2019-09-12,139727543,103.127,1777516364.771
2019-09,2019-09-01,2019-10-01,2019-09-13,143910008,103.127,1777516364.771
2019-09,2019-09-01,2019-10-01,2019-09-14,124567849,103.127,1777516364.771
2019-09,2019-09-01,2019-10-01,2019-09-15,101260953,103.127,1777516364.771
2019-09,2019-09-01,2019-10-01,2019-09-16,130428110,103.127,1777516364.771
2019-09,2019-09-01,2019-10-01,2019-09-17,135346817,103.127,1777516364.771
2019-09,2019-09-01,2019-10-01,2019-09-18,138263213,103.127,1777516364.771
2019-09,2019-09-01,2019-10-01,2019-09-19,140378588,103.127,1777516364.771
2019-09,2019-09-01,2019-10-01,2019-09-20,142175737,103.127,1777516364.771
2019-09,2019-09-01,2019-10-01,2019-09-21,118949291,103.127,1777516364.771
2019-09,2019-09-01,2019-10-01,2019-09-22,102413492,103.127,1777516364.771
2019-09,2019-09-01,2019-10-01,2019-09-23,127231328,103.127,1777516364.771
2019-09,2019-09-01,2019-10-01,2019-09-24,131931084,103.127,1777516364.771
2019-09,2019-09-01,2019-10-01,2019-09-25,135517749,103.127,1777516364.771
2019-09,2019-09-01,2019-10-01,2019-09-26,141507276,103.127,1777516364.771
2019-09,2019-09-01,2019-10-01,2019-09-27,104024939,103.127,1777516364.771
2019-09,2019-09-01,2019-10-01,2019-09-28,100615230,103.127,1777516364.771
2019-09,2019-09-01,2019-10-01,2019-09-29,98243972,103.127,1777516364.771
2019-09,2019-09-01,2019-10-01,2019-09-30,125326679,103.127,1777516364.771
2019-10,2019-10-01,2019-11-01,2019-10-01,132843620,140.073,1777516784.786
2019-10,2019-10-01,2019-11-01,2019-10-02,135932806,140.073,1777516784.786
2019-10,2019-10-01,2019-11-01,2019-10-03,139355454,140.073,1777516784.786
2019-10,2019-10-01,2019-11-01,2019-10-04,140873782,140.073,1777516784.786
2019-10,2019-10-01,2019-11-01,2019-10-05,122157717,140.073,1777516784.786
2019-10,2019-10-01,2019-11-01,2019-10-06,103346990,140.073,1777516784.786
2019-10,2019-10-01,2019-11-01,2019-10-07,132598781,140.073,1777516784.786
2019-10,2019-10-01,2019-11-01,2019-10-08,136475984,140.073,1777516784.786
2019-10,2019-10-01,2019-11-01,2019-10-09,139047832,140.073,1777516784.786
2019-10,2019-10-01,2019-11-01,2019-10-10,142157329,140.073,1777516784.786
2019-10,2019-10-01,2019-11-01,2019-10-11,145839873,140.073,1777516784.786
2019-10,2019-10-01,2019-11-01,2019-10-12,126373451,140.073,1777516784.786
2019-10,2019-10-01,2019-11-01,2019-10-13,106121094,140.073,1777516784.786
2019-10,2019-10-01,2019-11-01,2019-10-14,132243439,140.073,1777516784.786
2019-10,2019-10-01,2019-11-01,2019-10-15,137736566,140.073,1777516784.786
2019-10,2019-10-01,2019-11-01,2019-10-16,139369703,140.073,1777516784.786
2019-10,2019-10-01,2019-11-01,2019-10-17,141368328,140.073,1777516784.786
2019-10,2019-10-01,2019-11-01,2019-10-18,146353863,140.073,1777516784.786
2019-10,2019-10-01,2019-11-01,2019-10-19,124989478,140.073,1777516784.786
2019-10,2019-10-01,2019-11-01,2019-10-20,106247325,140.073,1777516784.786
2019-10,2019-10-01,2019-11-01,2019-10-21,133768236,140.073,1777516784.786
2019-10,2019-10-01,2019-11-01,2019-10-22,138603528,140.073,1777516784.786
2019-10,2019-10-01,2019-11-01,2019-10-23,141283238,140.073,1777516784.786
2019-10,2019-10-01,2019-11-01,2019-10-24,143905446,140.073,1777516784.786
2019-10,2019-10-01,2019-11-01,2019-10-25,146260241,140.073,1777516784.786
2019-10,2019-10-01,2019-11-01,2019-10-26,123923898,140.073,1777516784.786
2019-10,2019-10-01,2019-11-01,2019-10-27,105430686,140.073,1777516784.786
2019-10,2019-10-01,2019-11-01,2019-10-28,134337094,140.073,1777516784.786
2019-10,2019-10-01,2019-11-01,2019-10-29,139458054,140.073,1777516784.786
2019-10,2019-10-01,2019-11-01,2019-10-30,141627036,140.073,1777516784.786
2019-10,2019-10-01,2019-11-01,2019-10-31,144105572,140.073,1777516784.786
2019-11,2019-11-01,2019-12-01,2019-11-01,145641926,114.592,1777517213.699
2019-11,2019-11-01,2019-12-01,2019-11-02,112357564,114.592,1777517213.699
2019-11,2019-11-01,2019-12-01,2019-11-03,98039486,114.592,1777517213.699
2019-11,2019-11-01,2019-12-01,2019-11-04,119732196,114.592,1777517213.699
2019-11,2019-11-01,2019-12-01,2019-11-05,96028624,114.592,1777517213.699
2019-11,2019-11-01,2019-12-01,2019-11-06,137440041,114.592,1777517213.699
2019-11,2019-11-01,2019-12-01,2019-11-07,140413383,114.592,1777517213.699
2019-11,2019-11-01,2019-12-01,2019-11-08,144344458,114.592,1777517213.699
2019-11,2019-11-01,2019-12-01,2019-11-09,122563463,114.592,1777517213.699
2019-11,2019-11-01,2019-12-01,2019-11-10,105069939,114.592,1777517213.699
2019-11,2019-11-01,2019-12-01,2019-11-11,135803482,114.592,1777517213.699
2019-11,2019-11-01,2019-12-01,2019-11-12,138942788,114.592,1777517213.699
2019-11,2019-11-01,2019-12-01,2019-11-13,141407470,114.592,1777517213.699
2019-11,2019-11-01,2019-12-01,2019-11-14,144386568,114.592,1777517213.699
2019-11,2019-11-01,2019-12-01,2019-11-15,148301692,114.592,1777517213.699
2019-11,2019-11-01,2019-12-01,2019-11-16,128931709,114.592,1777517213.699
2019-11,2019-11-01,2019-12-01,2019-11-17,108878371,114.592,1777517213.699
2019-11,2019-11-01,2019-12-01,2019-11-18,135510771,114.592,1777517213.699
2019-11,2019-11-01,2019-12-01,2019-11-19,140471476,114.592,1777517213.699
2019-11,2019-11-01,2019-12-01,2019-11-20,144407709,114.592,1777517213.699
2019-11,2019-11-01,2019-12-01,2019-11-21,140750290,114.592,1777517213.699
2019-11,2019-11-01,2019-12-01,2019-11-22,151248598,114.592,1777517213.699
2019-11,2019-11-01,2019-12-01,2019-11-23,129808882,114.592,1777517213.699
2019-11,2019-11-01,2019-12-01,2019-11-24,112818570,114.592,1777517213.699
2019-11,2019-11-01,2019-12-01,2019-11-25,136366501,114.592,1777517213.699
2019-11,2019-11-01,2019-12-01,2019-11-26,139591801,114.592,1777517213.699
2019-11,2019-11-01,2019-12-01,2019-11-27,143828525,114.592,1777517213.699
2019-11,2019-11-01,2019-12-01,2019-11-28,146353603,114.592,1777517213.699
2019-11,2019-11-01,2019-12-01,2019-11-29,151706950,114.592,1777517213.699
2019-11,2019-11-01,2019-12-01,2019-11-30,130267853,114.592,1777517213.699
2019-12,2019-12-01,2020-01-01,2019-12-01,108180430,122.288,1777517644.113
2019-12,2019-12-01,2020-01-01,2019-12-02,135125765,122.288,1777517644.113
2019-12,2019-12-01,2020-01-01,2019-12-03,140221266,122.288,1777517644.113
2019-12,2019-12-01,2020-01-01,2019-12-04,144297888,122.288,1777517644.113
2019-12,2019-12-01,2020-01-01,2019-12-05,147265752,122.288,1777517644.113
2019-12,2019-12-01,2020-01-01,2019-12-06,151430915,122.288,1777517644.113
2019-12,2019-12-01,2020-01-01,2019-12-07,132239956,122.288,1777517644.113
2019-12,2019-12-01,2020-01-01,2019-12-08,81745571,122.288,1777517644.113
2019-12,2019-12-01,2020-01-01,2019-12-09,136990424,122.288,1777517644.113
2019-12,2019-12-01,2020-01-01,2019-12-10,143568050,122.288,1777517644.113
2019-12,2019-12-01,2020-01-01,2019-12-11,145894828,122.288,1777517644.113
2019-12,2019-12-01,2020-01-01,2019-12-13,151916062,122.288,1777517644.113
2019-12,2019-12-01,2020-01-01,2019-12-14,131946567,122.288,1777517644.113
2019-12,2019-12-01,2020-01-01,2019-12-15,112970137,122.288,1777517644.113
2019-12,2019-12-01,2020-01-01,2019-12-16,140539224,122.288,1777517644.113
2019-12,2019-12-01,2020-01-01,2019-12-17,144580387,122.288,1777517644.113
2019-12,2019-12-01,2020-01-01,2019-12-18,144920989,122.288,1777517644.113
2019-12,2019-12-01,2020-01-01,2019-12-19,151646758,122.288,1777517644.113
2019-12,2019-12-01,2020-01-01,2019-12-20,141631991,122.288,1777517644.113
2019-12,2019-12-01,2020-01-01,2019-12-21,125634162,122.288,1777517644.113
2019-12,2019-12-01,2020-01-01,2019-12-22,111008485,122.288,1777517644.113
2019-12,2019-12-01,2020-01-01,2019-12-23,132671785,122.288,1777517644.113
2019-12,2019-12-01,2020-01-01,2019-12-24,124618500,122.288,1777517644.113
2019-12,2019-12-01,2020-01-01,2019-12-25,84202430,122.288,1777517644.113
2019-12,2019-12-01,2020-01-01,2019-12-26,93823021,122.288,1777517644.113
2019-12,2019-12-01,2020-01-01,2019-12-27,110815533,122.288,1777517644.113
2019-12,2019-12-01,2020-01-01,2019-12-28,98769320,122.288,1777517644.113
2019-12,2019-12-01,2020-01-01,2019-12-29,92808989,122.288,1777517644.113
2019-12,2019-12-01,2020-01-01,2019-12-30,97579281,122.288,1777517644.113
2019-12,2019-12-01,2020-01-01,2019-12-31,107400265,122.288,1777517644.113
2020-01,2020-01-01,2020-02-01,2020-01-01,85031290,132.86,1777518102.216
2020-01,2020-01-01,2020-02-01,2020-01-02,108169775,132.86,1777518102.216
2020-01,2020-01-01,2020-02-01,2020-01-03,112574834,132.86,1777518102.216
2020-01,2020-01-01,2020-02-01,2020-01-04,100286801,132.86,1777518102.216
2020-01,2020-01-01,2020-02-01,2020-01-05,89976910,132.86,1777518102.216
2020-01,2020-01-01,2020-02-01,2020-01-06,114131689,132.86,1777518102.216
2020-01,2020-01-01,2020-02-01,2020-01-07,117943480,132.86,1777518102.216
2020-01,2020-01-01,2020-02-01,2020-01-08,122410860,132.86,1777518102.216
2020-01,2020-01-01,2020-02-01,2020-01-09,125353406,132.86,1777518102.216
2020-01,2020-01-01,2020-02-01,2020-01-10,125966797,132.86,1777518102.216
2020-01,2020-01-01,2020-02-01,2020-01-11,111277695,132.86,1777518102.216
2020-01,2020-01-01,2020-02-01,2020-01-12,99951809,132.86,1777518102.216
2020-01,2020-01-01,2020-02-01,2020-01-13,125755643,132.86,1777518102.216
2020-01,2020-01-01,2020-02-01,2020-01-14,128875333,132.86,1777518102.216
2020-01,2020-01-01,2020-02-01,2020-01-15,127679955,132.86,1777518102.216
2020-01,2020-01-01,2020-02-01,2020-01-16,135131977,132.86,1777518102.216
2020-01,2020-01-01,2020-02-01,2020-01-17,138857593,132.86,1777518102.216
2020-01,2020-01-01,2020-02-01,2020-01-18,119257741,132.86,1777518102.216
2020-01,2020-01-01,2020-02-01,2020-01-19,101559625,132.86,1777518102.216
2020-01,2020-01-01,2020-02-01,2020-01-20,127238975,132.86,1777518102.216
2020-01,2020-01-01,2020-02-01,2020-01-21,134034013,132.86,1777518102.216
2020-01,2020-01-01,2020-02-01,2020-01-22,134858951,132.86,1777518102.216
2020-01,2020-01-01,2020-02-01,2020-01-23,138410430,132.86,1777518102.216
2020-01,2020-01-01,2020-02-01,2020-01-24,141624908,132.86,1777518102.216
2020-01,2020-01-01,2020-02-01,2020-01-25,115348505,132.86,1777518102.216
2020-01,2020-01-01,2020-02-01,2020-01-26,99516474,132.86,1777518102.216
2020-01,2020-01-01,2020-02-01,2020-01-27,94075508,132.86,1777518102.216
2020-01,2020-01-01,2020-02-01,2020-01-28,132921767,132.86,1777518102.216
2020-01,2020-01-01,2020-02-01,2020-01-29,137157559,132.86,1777518102.216
2020-01,2020-01-01,2020-02-01,2020-01-30,138962867,132.86,1777518102.216
2020-01,2020-01-01,2020-02-01,2020-01-31,138862033,132.86,1777518102.216
2020-02,2020-02-01,2020-03-01,2020-02-01,115893376,102.436,1777518511.047
2020-02,2020-02-01,2020-03-01,2020-02-02,103518358,102.436,1777518511.047
2020-02,2020-02-01,2020-03-01,2020-02-03,133463753,102.436,1777518511.047
2020-02,2020-02-01,2020-03-01,2020-02-04,137267619,102.436,1777518511.047
2020-02,2020-02-01,2020-03-01,2020-02-05,139420762,102.436,1777518511.047
2020-02,2020-02-01,2020-03-01,2020-02-06,141953731,102.436,1777518511.047
2020-02,2020-02-01,2020-03-01,2020-02-07,146038551,102.436,1777518511.047
2020-02,2020-02-01,2020-03-01,2020-02-08,124277235,102.436,1777518511.047
2020-02,2020-02-01,2020-03-01,2020-02-09,104192928,102.436,1777518511.047
2020-02,2020-02-01,2020-03-01,2020-02-10,133016860,102.436,1777518511.047
2020-02,2020-02-01,2020-03-01,2020-02-11,137900933,102.436,1777518511.047
2020-02,2020-02-01,2020-03-01,2020-02-12,140645677,102.436,1777518511.047
2020-02,2020-02-01,2020-03-01,2020-02-13,144254284,102.436,1777518511.047
2020-02,2020-02-01,2020-03-01,2020-02-14,146063259,102.436,1777518511.047
2020-02,2020-02-01,2020-03-01,2020-02-15,122536274,102.436,1777518511.047
2020-02,2020-02-01,2020-03-01,2020-02-16,106115603,102.436,1777518511.047
2020-02,2020-02-01,2020-03-01,2020-02-17,134927589,102.436,1777518511.047
2020-02,2020-02-01,2020-03-01,2020-02-18,135913864,102.436,1777518511.047
2020-02,2020-02-01,2020-03-01,2020-02-19,137084439,102.436,1777518511.047
2020-02,2020-02-01,2020-03-01,2020-02-20,139033897,102.436,1777518511.047
2020-02,2020-02-01,2020-03-01,2020-02-21,147072534,102.436,1777518511.047
2020-02,2020-02-01,2020-03-01,2020-02-22,127766427,102.436,1777518511.047
2020-02,2020-02-01,2020-03-01,2020-02-23,109645092,102.436,1777518511.047
2020-02,2020-02-01,2020-03-01,2020-02-24,133269232,102.436,1777518511.047
2020-02,2020-02-01,2020-03-01,2020-02-25,137596721,102.436,1777518511.047
2020-02,2020-02-01,2020-03-01,2020-02-26,140059374,102.436,1777518511.047
2020-02,2020-02-01,2020-03-01,2020-02-27,142736443,102.436,1777518511.047
2020-02,2020-02-01,2020-03-01,2020-02-28,146395684,102.436,1777518511.047
2020-02,2020-02-01,2020-03-01,2020-02-29,127758100,102.436,1777518511.047
2020-03,2020-03-01,2020-04-01,2020-03-01,107876488,116.149,1777518889.108
2020-03,2020-03-01,2020-04-01,2020-03-02,134876024,116.149,1777518889.108
2020-03,2020-03-01,2020-04-01,2020-03-03,138662254,116.149,1777518889.108
2020-03,2020-03-01,2020-04-01,2020-03-04,141464014,116.149,1777518889.108
2020-03,2020-03-01,2020-04-01,2020-03-05,141207709,116.149,1777518889.108
2020-03,2020-03-01,2020-04-01,2020-03-06,145501925,116.149,1777518889.108
2020-03,2020-03-01,2020-04-01,2020-03-07,116929969,116.149,1777518889.108
2020-03,2020-03-01,2020-04-01,2020-03-08,102192858,116.149,1777518889.108
2020-03,2020-03-01,2020-04-01,2020-03-09,95484218,116.149,1777518889.108
2020-03,2020-03-01,2020-04-01,2020-03-10,136019435,116.149,1777518889.108
2020-03,2020-03-01,2020-04-01,2020-03-11,140403413,116.149,1777518889.108
2020-03,2020-03-01,2020-04-01,2020-03-12,142605327,116.149,1777518889.108
2020-03,2020-03-01,2020-04-01,2020-03-13,142265481,116.149,1777518889.108
2020-03,2020-03-01,2020-04-01,2020-03-14,117708198,116.149,1777518889.108
2020-03,2020-03-01,2020-04-01,2020-03-15,98299836,116.149,1777518889.108
2020-03,2020-03-01,2020-04-01,2020-03-16,130661390,116.149,1777518889.108
2020-03,2020-03-01,2020-04-01,2020-03-17,130226336,116.149,1777518889.108
2020-03,2020-03-01,2020-04-01,2020-03-18,128204473,116.149,1777518889.108
2020-03,2020-03-01,2020-04-01,2020-03-19,127111569,116.149,1777518889.108
2020-03,2020-03-01,2020-04-01,2020-03-20,129211861,116.149,1777518889.108
2020-03,2020-03-01,2020-04-01,2020-03-21,100479620,116.149,1777518889.108
2020-03,2020-03-01,2020-04-01,2020-03-22,81279140,116.149,1777518889.108
2020-03,2020-03-01,2020-04-01,2020-03-23,114970705,116.149,1777518889.108
2020-03,2020-03-01,2020-04-01,2020-03-24,102276967,116.149,1777518889.108
2020-03,2020-03-01,2020-04-01,2020-03-25,99976692,116.149,1777518889.108
2020-03,2020-03-01,2020-04-01,2020-03-26,98327879,116.149,1777518889.108
2020-03,2020-03-01,2020-04-01,2020-03-27,100306881,116.149,1777518889.108
2020-03,2020-03-01,2020-04-01,2020-03-28,73371915,116.149,1777518889.108
2020-03,2020-03-01,2020-04-01,2020-03-29,54876049,116.149,1777518889.108
2020-03,2020-03-01,2020-04-01,2020-03-30,86901152,116.149,1777518889.108
2020-03,2020-03-01,2020-04-01,2020-03-31,85261070,116.149,1777518889.108
2020-04,2020-04-01,2020-05-01,2020-04-01,86340737,101.46,1777519246.579
2020-04,2020-04-01,2020-05-01,2020-04-02,85105480,101.46,1777519246.579
2020-04,2020-04-01,2020-05-01,2020-04-03,90294920,101.46,1777519246.579
2020-04,2020-04-01,2020-05-01,2020-04-04,62852101,101.46,1777519246.579
2020-04,2020-04-01,2020-05-01,2020-04-05,49935958,101.46,1777519246.579
2020-04,2020-04-01,2020-05-01,2020-04-06,83580834,101.46,1777519246.579
2020-04,2020-04-01,2020-05-01,2020-04-07,84624833,101.46,1777519246.579
2020-04,2020-04-01,2020-05-01,2020-04-08,88024837,101.46,1777519246.579
2020-04,2020-04-01,2020-05-01,2020-04-09,95006703,101.46,1777519246.579
2020-04,2020-04-01,2020-05-01,2020-04-10,40210106,101.46,1777519246.579
2020-04,2020-04-01,2020-05-01,2020-04-11,57837882,101.46,1777519246.579
2020-04,2020-04-01,2020-05-01,2020-04-12,41621250,101.46,1777519246.579
2020-04,2020-04-01,2020-05-01,2020-04-13,48447058,101.46,1777519246.579
2020-04,2020-04-01,2020-05-01,2020-04-14,83829232,101.46,1777519246.579
2020-04,2020-04-01,2020-05-01,2020-04-15,85508787,101.46,1777519246.579
2020-04,2020-04-01,2020-05-01,2020-04-16,88248031,101.46,1777519246.579
2020-04,2020-04-01,2020-05-01,2020-04-17,92297823,101.46,1777519246.579
2020-04,2020-04-01,2020-05-01,2020-04-18,64956351,101.46,1777519246.579
2020-04,2020-04-01,2020-05-01,2020-04-19,53631464,101.46,1777519246.579
2020-04,2020-04-01,2020-05-01,2020-04-20,84867502,101.46,1777519246.579
2020-04,2020-04-01,2020-05-01,2020-04-21,88699974,101.46,1777519246.579
2020-04,2020-04-01,2020-05-01,2020-04-22,90582155,101.46,1777519246.579
2020-04,2020-04-01,2020-05-01,2020-04-23,92351716,101.46,1777519246.579
2020-04,2020-04-01,2020-05-01,2020-04-24,96656373,101.46,1777519246.579
2020-04,2020-04-01,2020-05-01,2020-04-25,65020842,101.46,1777519246.579
2020-04,2020-04-01,2020-05-01,2020-04-26,57217917,101.46,1777519246.579
2020-04,2020-04-01,2020-05-01,2020-04-27,87317637,101.46,1777519246.579
2020-04,2020-04-01,2020-05-01,2020-04-28,91389623,101.46,1777519246.579
2020-04,2020-04-01,2020-05-01,2020-04-29,90479554,101.46,1777519246.579
2020-05,2020-05-01,2020-06-01,2020-05-01,95293523,119.279,1777519641.029
2020-05,2020-05-01,2020-06-01,2020-05-02,73142076,119.279,1777519641.029
2020-05,2020-05-01,2020-06-01,2020-05-03,60219731,119.279,1777519641.029
2020-05,2020-05-01,2020-06-01,2020-05-04,90958183,119.279,1777519641.029
2020-05,2020-05-01,2020-06-01,2020-05-05,95097700,119.279,1777519641.029
2020-05,2020-05-01,2020-06-01,2020-05-06,96490005,119.279,1777519641.029
2020-05,2020-05-01,2020-06-01,2020-05-07,97756645,119.279,1777519641.029
2020-05,2020-05-01,2020-06-01,2020-05-08,103786803,119.279,1777519641.029
2020-05,2020-05-01,2020-06-01,2020-05-09,78284594,119.279,1777519641.029
2020-05,2020-05-01,2020-06-01,2020-05-10,65718958,119.279,1777519641.029
2020-05,2020-05-01,2020-06-01,2020-05-11,91411800,119.279,1777519641.029
2020-05,2020-05-01,2020-06-01,2020-05-12,96523448,119.279,1777519641.029
2020-05,2020-05-01,2020-06-01,2020-05-13,101662335,119.279,1777519641.029
2020-05,2020-05-01,2020-06-01,2020-05-14,103883769,119.279,1777519641.029
2020-05,2020-05-01,2020-06-01,2020-05-15,111412125,119.279,1777519641.029
2020-05,2020-05-01,2020-06-01,2020-05-16,94978913,119.279,1777519641.029
2020-05,2020-05-01,2020-06-01,2020-05-17,78233681,119.279,1777519641.029
2020-05,2020-05-01,2020-06-01,2020-05-18,100752397,119.279,1777519641.029
2020-05,2020-05-01,2020-06-01,2020-05-19,102530565,119.279,1777519641.029
2020-05,2020-05-01,2020-06-01,2020-05-20,104591378,119.279,1777519641.029
2020-05,2020-05-01,2020-06-01,2020-05-21,105317349,119.279,1777519641.029
2020-05,2020-05-01,2020-06-01,2020-05-22,113126809,119.279,1777519641.029
2020-05,2020-05-01,2020-06-01,2020-05-23,93714889,119.279,1777519641.029
2020-05,2020-05-01,2020-06-01,2020-05-24,78461714,119.279,1777519641.029
2020-05,2020-05-01,2020-06-01,2020-05-25,104454186,119.279,1777519641.029
2020-05,2020-05-01,2020-06-01,2020-05-26,109863986,119.279,1777519641.029
2020-05,2020-05-01,2020-06-01,2020-05-27,111356289,119.279,1777519641.029
2020-05,2020-05-01,2020-06-01,2020-05-28,113667400,119.279,1777519641.029
2020-05,2020-05-01,2020-06-01,2020-05-29,120481540,119.279,1777519641.029
2020-05,2020-05-01,2020-06-01,2020-05-30,101021411,119.279,1777519641.029
2020-05,2020-05-01,2020-06-01,2020-05-31,79457659,119.279,1777519641.029
2020-06,2020-06-01,2020-07-01,2020-06-01,105463195,109.273,1777520011.569
2020-06,2020-06-01,2020-07-01,2020-06-02,111553711,109.273,1777520011.569
2020-06,2020-06-01,2020-07-01,2020-06-04,118811601,109.273,1777520011.569
2020-06,2020-06-01,2020-07-01,2020-06-05,124961066,109.273,1777520011.569
2020-06,2020-06-01,2020-07-01,2020-06-06,98528597,109.273,1777520011.569
2020-06,2020-06-01,2020-07-01,2020-06-07,82665319,109.273,1777520011.569
2020-06,2020-06-01,2020-07-01,2020-06-08,81353325,109.273,1777520011.569
2020-06,2020-06-01,2020-07-01,2020-06-09,115098820,109.273,1777520011.569
2020-06,2020-06-01,2020-07-01,2020-06-10,119253755,109.273,1777520011.569
2020-06,2020-06-01,2020-07-01,2020-06-11,121635662,109.273,1777520011.569
2020-06,2020-06-01,2020-07-01,2020-06-12,127667243,109.273,1777520011.569
2020-06,2020-06-01,2020-07-01,2020-06-13,104799319,109.273,1777520011.569
2020-06,2020-06-01,2020-07-01,2020-06-14,85408253,109.273,1777520011.569
2020-06,2020-06-01,2020-07-01,2020-06-15,112783668,109.273,1777520011.569
2020-06,2020-06-01,2020-07-01,2020-06-16,117099547,109.273,1777520011.569
2020-06,2020-06-01,2020-07-01,2020-06-17,120242362,109.273,1777520011.569
2020-06,2020-06-01,2020-07-01,2020-06-18,123293265,109.273,1777520011.569
2020-06,2020-06-01,2020-07-01,2020-06-19,128692346,109.273,1777520011.569
2020-06,2020-06-01,2020-07-01,2020-06-20,105874150,109.273,1777520011.569
2020-06,2020-06-01,2020-07-01,2020-06-21,83333308,109.273,1777520011.569
2020-06,2020-06-01,2020-07-01,2020-06-22,110486920,109.273,1777520011.569
2020-06,2020-06-01,2020-07-01,2020-06-23,116177838,109.273,1777520011.569
2020-06,2020-06-01,2020-07-01,2020-06-24,118396080,109.273,1777520011.569
2020-06,2020-06-01,2020-07-01,2020-06-25,120956112,109.273,1777520011.569
2020-06,2020-06-01,2020-07-01,2020-06-26,125639544,109.273,1777520011.569
2020-06,2020-06-01,2020-07-01,2020-06-27,101942957,109.273,1777520011.569
2020-06,2020-06-01,2020-07-01,2020-06-28,84596449,109.273,1777520011.569
2020-06,2020-06-01,2020-07-01,2020-06-29,110231979,109.273,1777520011.569
2020-06,2020-06-01,2020-07-01,2020-06-30,113320819,109.273,1777520011.569
2020-07,2020-07-01,2020-08-01,2020-07-01,116169627,120.975,1777520420.68
2020-07,2020-07-01,2020-08-01,2020-07-02,112604066,120.975,1777520420.68
2020-07,2020-07-01,2020-08-01,2020-07-03,113999567,120.975,1777520420.68
2020-07,2020-07-01,2020-08-01,2020-07-04,92388155,120.975,1777520420.68
2020-07,2020-07-01,2020-08-01,2020-07-05,74882216,120.975,1777520420.68
2020-07,2020-07-01,2020-08-01,2020-07-06,103518969,120.975,1777520420.68
2020-07,2020-07-01,2020-08-01,2020-07-07,111210920,120.975,1777520420.68
2020-07,2020-07-01,2020-08-01,2020-07-08,124019909,120.975,1777520420.68
2020-07,2020-07-01,2020-08-01,2020-07-09,95023134,120.975,1777520420.68
2020-07,2020-07-01,2020-08-01,2020-07-10,99034248,120.975,1777520420.68
2020-07,2020-07-01,2020-08-01,2020-07-11,68873150,120.975,1777520420.68
2020-07,2020-07-01,2020-08-01,2020-07-12,55025136,120.975,1777520420.68
2020-07,2020-07-01,2020-08-01,2020-07-13,94890603,120.975,1777520420.68
2020-07,2020-07-01,2020-08-01,2020-07-14,98863048,120.975,1777520420.68
2020-07,2020-07-01,2020-08-01,2020-07-15,101835741,120.975,1777520420.68
2020-07,2020-07-01,2020-08-01,2020-07-16,101985680,120.975,1777520420.68
2020-07,2020-07-01,2020-08-01,2020-07-17,105240191,120.975,1777520420.68
2020-07,2020-07-01,2020-08-01,2020-07-18,72513525,120.975,1777520420.68
2020-07,2020-07-01,2020-08-01,2020-07-19,54585425,120.975,1777520420.68
2020-07,2020-07-01,2020-08-01,2020-07-20,93060749,120.975,1777520420.68
2020-07,2020-07-01,2020-08-01,2020-07-21,96297866,120.975,1777520420.68
2020-07,2020-07-01,2020-08-01,2020-07-22,98292460,120.975,1777520420.68
2020-07,2020-07-01,2020-08-01,2020-07-23,96149200,120.975,1777520420.68
2020-07,2020-07-01,2020-08-01,2020-07-24,100799324,120.975,1777520420.68
2020-07,2020-07-01,2020-08-01,2020-07-25,71508285,120.975,1777520420.68
2020-07,2020-07-01,2020-08-01,2020-07-26,54734368,120.975,1777520420.68
2020-07,2020-07-01,2020-08-01,2020-07-27,92257873,120.975,1777520420.68
2020-07,2020-07-01,2020-08-01,2020-07-28,95153170,120.975,1777520420.68
2020-07,2020-07-01,2020-08-01,2020-07-29,97314176,120.975,1777520420.68
2020-07,2020-07-01,2020-08-01,2020-07-30,98390061,120.975,1777520420.68
2020-07,2020-07-01,2020-08-01,2020-07-31,101885263,120.975,1777520420.68
2020-08,2020-08-01,2020-09-01,2020-08-01,74466377,128.946,1777520832.562
2020-08,2020-08-01,2020-09-01,2020-08-02,62906083,128.946,1777520832.562
2020-08,2020-08-01,2020-09-01,2020-08-03,85085405,128.946,1777520832.562
2020-08,2020-08-01,2020-09-01,2020-08-04,87162615,128.946,1777520832.562
2020-08,2020-08-01,2020-09-01,2020-08-05,89103783,128.946,1777520832.562
2020-08,2020-08-01,2020-09-01,2020-08-06,70848003,128.946,1777520832.562
2020-08,2020-08-01,2020-09-01,2020-08-08,45858809,128.946,1777520832.562
2020-08,2020-08-01,2020-09-01,2020-08-09,37292786,128.946,1777520832.562
2020-08,2020-08-01,2020-09-01,2020-08-10,69066317,128.946,1777520832.562
2020-08,2020-08-01,2020-09-01,2020-08-11,70689930,128.946,1777520832.562
2020-08,2020-08-01,2020-09-01,2020-08-12,72215326,128.946,1777520832.562
2020-08,2020-08-01,2020-09-01,2020-08-13,73393523,128.946,1777520832.562
2020-08,2020-08-01,2020-09-01,2020-08-14,76633205,128.946,1777520832.562
2020-08,2020-08-01,2020-09-01,2020-08-15,51850363,128.946,1777520832.562
2020-08,2020-08-01,2020-09-01,2020-08-16,39706127,128.946,1777520832.562
2020-08,2020-08-01,2020-09-01,2020-08-17,70333919,128.946,1777520832.562
2020-08,2020-08-01,2020-09-01,2020-08-18,72982372,128.946,1777520832.562
2020-08,2020-08-01,2020-09-01,2020-08-19,73344524,128.946,1777520832.562
2020-08,2020-08-01,2020-09-01,2020-08-20,74876462,128.946,1777520832.562
2020-08,2020-08-01,2020-09-01,2020-08-21,78851333,128.946,1777520832.562
2020-08,2020-08-01,2020-09-01,2020-08-22,50414656,128.946,1777520832.562
2020-08,2020-08-01,2020-09-01,2020-08-23,41090426,128.946,1777520832.562
2020-08,2020-08-01,2020-09-01,2020-08-24,72743985,128.946,1777520832.562
2020-08,2020-08-01,2020-09-01,2020-08-25,74927084,128.946,1777520832.562
2020-08,2020-08-01,2020-09-01,2020-08-26,77098933,128.946,1777520832.562
2020-08,2020-08-01,2020-09-01,2020-08-27,77042441,128.946,1777520832.562
2020-08,2020-08-01,2020-09-01,2020-08-28,82739171,128.946,1777520832.562
2020-08,2020-08-01,2020-09-01,2020-08-29,57498297,128.946,1777520832.562
2020-08,2020-08-01,2020-09-01,2020-08-30,43273397,128.946,1777520832.562
2020-08,2020-08-01,2020-09-01,2020-08-31,74022498,128.946,1777520832.562
2020-09,2020-09-01,2020-10-01,2020-09-01,77530028,123.881,1777521273.989
2020-09,2020-09-01,2020-10-01,2020-09-02,78844399,123.881,1777521273.989
2020-09,2020-09-01,2020-10-01,2020-09-03,79934629,123.881,1777521273.989
2020-09,2020-09-01,2020-10-01,2020-09-04,84375807,123.881,1777521273.989
2020-09,2020-09-01,2020-10-01,2020-09-05,60030915,123.881,1777521273.989
2020-09,2020-09-01,2020-10-01,2020-09-06,47577686,123.881,1777521273.989
2020-09,2020-09-01,2020-10-01,2020-09-07,76351962,123.881,1777521273.989
2020-09,2020-09-01,2020-10-01,2020-09-08,77435657,123.881,1777521273.989
2020-09,2020-09-01,2020-10-01,2020-09-09,80600198,123.881,1777521273.989
2020-09,2020-09-01,2020-10-01,2020-09-10,81953864,123.881,1777521273.989
2020-09,2020-09-01,2020-10-01,2020-09-11,85600144,123.881,1777521273.989
2020-09,2020-09-01,2020-10-01,2020-09-12,55839492,123.881,1777521273.989
2020-09,2020-09-01,2020-10-01,2020-09-13,47446308,123.881,1777521273.989
2020-09,2020-09-01,2020-10-01,2020-09-14,78740222,123.881,1777521273.989
2020-09,2020-09-01,2020-10-01,2020-09-15,82645416,123.881,1777521273.989
2020-09,2020-09-01,2020-10-01,2020-09-16,84819777,123.881,1777521273.989
2020-09,2020-09-01,2020-10-01,2020-09-17,84734593,123.881,1777521273.989
2020-09,2020-09-01,2020-10-01,2020-09-18,89615524,123.881,1777521273.989
2020-09,2020-09-01,2020-10-01,2020-09-19,63956197,123.881,1777521273.989
2020-09,2020-09-01,2020-10-01,2020-09-20,50926545,123.881,1777521273.989
2020-09,2020-09-01,2020-10-01,2020-09-21,81651521,123.881,1777521273.989
2020-09,2020-09-01,2020-10-01,2020-09-22,83689027,123.881,1777521273.989
2020-09,2020-09-01,2020-10-01,2020-09-23,85389765,123.881,1777521273.989
2020-09,2020-09-01,2020-10-01,2020-09-24,86703309,123.881,1777521273.989
2020-09,2020-09-01,2020-10-01,2020-09-26,62879961,123.881,1777521273.989
2020-09,2020-09-01,2020-10-01,2020-09-27,51708579,123.881,1777521273.989
2020-09,2020-09-01,2020-10-01,2020-09-28,85272114,123.881,1777521273.989
2020-09,2020-09-01,2020-10-01,2020-09-29,90437226,123.881,1777521273.989
2020-09,2020-09-01,2020-10-01,2020-09-30,91088960,123.881,1777521273.989
2020-10,2020-10-01,2020-11-01,2020-10-01,94495685,112.365,1777521726.194
2020-10,2020-10-01,2020-11-01,2020-10-02,98280682,112.365,1777521726.194
2020-10,2020-10-01,2020-11-01,2020-10-03,70571305,112.365,1777521726.194
2020-10,2020-10-01,2020-11-01,2020-10-04,54186909,112.365,1777521726.194
2020-10,2020-10-01,2020-11-01,2020-10-05,87211346,112.365,1777521726.194
2020-10,2020-10-01,2020-11-01,2020-10-06,90940696,112.365,1777521726.194
2020-10,2020-10-01,2020-11-01,2020-10-07,93487142,112.365,1777521726.194
2020-10,2020-10-01,2020-11-01,2020-10-08,92809932,112.365,1777521726.194
2020-10,2020-10-01,2020-11-01,2020-10-09,99151758,112.365,1777521726.194
2020-10,2020-10-01,2020-11-01,2020-10-10,72547903,112.365,1777521726.194
2020-10,2020-10-01,2020-11-01,2020-10-11,57814458,112.365,1777521726.194
2020-10,2020-10-01,2020-11-01,2020-10-12,95684233,112.365,1777521726.194
2020-10,2020-10-01,2020-11-01,2020-10-13,98921061,112.365,1777521726.194
2020-10,2020-10-01,2020-11-01,2020-10-14,102033969,112.365,1777521726.194
2020-10,2020-10-01,2020-11-01,2020-10-15,101044730,112.365,1777521726.194
2020-10,2020-10-01,2020-11-01,2020-10-16,106305540,112.365,1777521726.194
2020-10,2020-10-01,2020-11-01,2020-10-17,67250834,112.365,1777521726.194
2020-10,2020-10-01,2020-11-01,2020-10-18,57589324,112.365,1777521726.194
2020-10,2020-10-01,2020-11-01,2020-10-19,107881334,112.365,1777521726.194
2020-10,2020-10-01,2020-11-01,2020-10-20,110897912,112.365,1777521726.194
2020-10,2020-10-01,2020-11-01,2020-10-21,112096217,112.365,1777521726.194
2020-10,2020-10-01,2020-11-01,2020-10-22,118683673,112.365,1777521726.194
2020-10,2020-10-01,2020-11-01,2020-10-23,86767059,112.365,1777521726.194
2020-10,2020-10-01,2020-11-01,2020-10-24,78391031,112.365,1777521726.194
2020-10,2020-10-01,2020-11-01,2020-10-25,69339801,112.365,1777521726.194
2020-10,2020-10-01,2020-11-01,2020-10-26,106287927,112.365,1777521726.194
2020-10,2020-10-01,2020-11-01,2020-10-27,109835908,112.365,1777521726.194
2020-10,2020-10-01,2020-11-01,2020-10-28,122859636,112.365,1777521726.194
2020-10,2020-10-01,2020-11-01,2020-10-29,123146962,112.365,1777521726.194
2020-10,2020-10-01,2020-11-01,2020-10-30,130059745,112.365,1777521726.194
2020-10,2020-10-01,2020-11-01,2020-10-31,104807881,112.365,1777521726.194
2020-11,2020-11-01,2020-12-01,2020-11-01,90052782,104.051,1777522096.504
2020-11,2020-11-01,2020-12-01,2020-11-02,116782826,104.051,1777522096.504
2020-11,2020-11-01,2020-12-01,2020-11-03,91593003,104.051,1777522096.504
2020-11,2020-11-01,2020-12-01,2020-11-04,118088887,104.051,1777522096.504
2020-11,2020-11-01,2020-12-01,2020-11-05,123275789,104.051,1777522096.504
2020-11,2020-11-01,2020-12-01,2020-11-06,130123208,104.051,1777522096.504
2020-11,2020-11-01,2020-12-01,2020-11-07,108723847,104.051,1777522096.504
2020-11,2020-11-01,2020-12-01,2020-11-08,92432254,104.051,1777522096.504
2020-11,2020-11-01,2020-12-01,2020-11-09,125233351,104.051,1777522096.504
2020-11,2020-11-01,2020-12-01,2020-11-10,128172366,104.051,1777522096.504
2020-11,2020-11-01,2020-12-01,2020-11-11,125563750,104.051,1777522096.504
2020-11,2020-11-01,2020-12-01,2020-11-12,131271231,104.051,1777522096.504
2020-11,2020-11-01,2020-12-01,2020-11-13,138113325,104.051,1777522096.504
2020-11,2020-11-01,2020-12-01,2020-11-14,116971579,104.051,1777522096.504
2020-11,2020-11-01,2020-12-01,2020-11-15,96565229,104.051,1777522096.504
2020-11,2020-11-01,2020-12-01,2020-11-16,122084112,104.051,1777522096.504
2020-11,2020-11-01,2020-12-01,2020-11-17,127600240,104.051,1777522096.504
2020-11,2020-11-01,2020-12-01,2020-11-18,131413599,104.051,1777522096.504
2020-11,2020-11-01,2020-12-01,2020-11-19,133806290,104.051,1777522096.504
2020-11,2020-11-01,2020-12-01,2020-11-20,139865855,104.051,1777522096.504
2020-11,2020-11-01,2020-12-01,2020-11-21,119037622,104.051,1777522096.504
2020-11,2020-11-01,2020-12-01,2020-11-22,96610450,104.051,1777522096.504
2020-11,2020-11-01,2020-12-01,2020-11-23,123718019,104.051,1777522096.504
2020-11,2020-11-01,2020-12-01,2020-11-24,129387885,104.051,1777522096.504
2020-11,2020-11-01,2020-12-01,2020-11-25,134328205,104.051,1777522096.504
2020-11,2020-11-01,2020-12-01,2020-11-26,137189784,104.051,1777522096.504
2020-11,2020-11-01,2020-12-01,2020-11-27,144532425,104.051,1777522096.504
2020-11,2020-11-01,2020-12-01,2020-11-28,121627949,104.051,1777522096.504
2020-11,2020-11-01,2020-12-01,2020-11-29,101051040,104.051,1777522096.504
2020-11,2020-11-01,2020-12-01,2020-11-30,128797637,104.051,1777522096.504
2020-12,2020-12-01,2021-01-01,2020-12-01,130509379,109.059,1777522443.608
2020-12,2020-12-01,2021-01-01,2020-12-02,135275575,109.059,1777522443.608
2020-12,2020-12-01,2021-01-01,2020-12-03,138507033,109.059,1777522443.608
2020-12,2020-12-01,2021-01-01,2020-12-04,144827961,109.059,1777522443.608
2020-12,2020-12-01,2021-01-01,2020-12-05,120573315,109.059,1777522443.608
2020-12,2020-12-01,2021-01-01,2020-12-06,102100898,109.059,1777522443.608
2020-12,2020-12-01,2021-01-01,2020-12-07,126327767,109.059,1777522443.608
2020-12,2020-12-01,2021-01-01,2020-12-08,132818715,109.059,1777522443.608
2020-12,2020-12-01,2021-01-01,2020-12-09,137452845,109.059,1777522443.608
2020-12,2020-12-01,2021-01-01,2020-12-10,141002415,109.059,1777522443.608
2020-12,2020-12-01,2021-01-01,2020-12-11,147125277,109.059,1777522443.608
2020-12,2020-12-01,2021-01-01,2020-12-12,127569252,109.059,1777522443.608
2020-12,2020-12-01,2021-01-01,2020-12-13,108613318,109.059,1777522443.608
2020-12,2020-12-01,2021-01-01,2020-12-14,132620130,109.059,1777522443.608
2020-12,2020-12-01,2021-01-01,2020-12-15,136832884,109.059,1777522443.608
2020-12,2020-12-01,2021-01-01,2020-12-16,141272811,109.059,1777522443.608
2020-12,2020-12-01,2021-01-01,2020-12-17,143610808,109.059,1777522443.608
2020-12,2020-12-01,2021-01-01,2020-12-18,148658715,109.059,1777522443.608
2020-12,2020-12-01,2021-01-01,2020-12-19,127626432,109.059,1777522443.608
2020-12,2020-12-01,2021-01-01,2020-12-20,109582835,109.059,1777522443.608
2020-12,2020-12-01,2021-01-01,2020-12-21,133664626,109.059,1777522443.608
2020-12,2020-12-01,2021-01-01,2020-12-22,134923674,109.059,1777522443.608
2020-12,2020-12-01,2021-01-01,2020-12-23,140691173,109.059,1777522443.608
2020-12,2020-12-01,2021-01-01,2020-12-24,127708023,109.059,1777522443.608
2020-12,2020-12-01,2021-01-01,2020-12-25,83373372,109.059,1777522443.608
2020-12,2020-12-01,2021-01-01,2020-12-26,95219314,109.059,1777522443.608
2020-12,2020-12-01,2021-01-01,2020-12-27,89181829,109.059,1777522443.608
2020-12,2020-12-01,2021-01-01,2020-12-28,93100985,109.059,1777522443.608
2020-12,2020-12-01,2021-01-01,2020-12-29,108599279,109.059,1777522443.608
2020-12,2020-12-01,2021-01-01,2020-12-30,110420934,109.059,1777522443.608
2020-12,2020-12-01,2021-01-01,2020-12-31,106412984,109.059,1777522443.608
2021-01,2021-01-01,2021-02-01,2021-01-01,80526877,135.838,1777522790.857
2021-01,2021-01-01,2021-02-01,2021-01-02,91499122,135.838,1777522790.857
2021-01,2021-01-01,2021-02-01,2021-01-03,84451374,135.838,1777522790.857
2021-01,2021-01-01,2021-02-01,2021-01-04,103013374,135.838,1777522790.857
2021-01,2021-01-01,2021-02-01,2021-01-05,105703404,135.838,1777522790.857
2021-01,2021-01-01,2021-02-01,2021-01-06,111243235,135.838,1777522790.857
2021-01,2021-01-01,2021-02-01,2021-01-07,115461036,135.838,1777522790.857
2021-01,2021-01-01,2021-02-01,2021-01-08,121026853,135.838,1777522790.857
2021-01,2021-01-01,2021-02-01,2021-01-09,109339095,135.838,1777522790.857
2021-01,2021-01-01,2021-02-01,2021-01-10,97614133,135.838,1777522790.857
2021-01,2021-01-01,2021-02-01,2021-01-11,112948718,135.838,1777522790.857
2021-01,2021-01-01,2021-02-01,2021-01-12,121041372,135.838,1777522790.857
2021-01,2021-01-01,2021-02-01,2021-01-13,123800122,135.838,1777522790.857
2021-01,2021-01-01,2021-02-01,2021-01-14,127598225,135.838,1777522790.857
2021-01,2021-01-01,2021-02-01,2021-01-15,130520666,135.838,1777522790.857
2021-01,2021-01-01,2021-02-01,2021-01-16,113160460,135.838,1777522790.857
2021-01,2021-01-01,2021-02-01,2021-01-17,100430088,135.838,1777522790.857
2021-01,2021-01-01,2021-02-01,2021-01-18,122487291,135.838,1777522790.857
2021-01,2021-01-01,2021-02-01,2021-01-19,127373408,135.838,1777522790.857
2021-01,2021-01-01,2021-02-01,2021-01-20,131448099,135.838,1777522790.857
2021-01,2021-01-01,2021-02-01,2021-01-21,134125330,135.838,1777522790.857
2021-01,2021-01-01,2021-02-01,2021-01-22,138260833,135.838,1777522790.857
2021-01,2021-01-01,2021-02-01,2021-01-23,117469715,135.838,1777522790.857
2021-01,2021-01-01,2021-02-01,2021-01-24,97587020,135.838,1777522790.857
2021-01,2021-01-01,2021-02-01,2021-01-25,112238773,135.838,1777522790.857
2021-01,2021-01-01,2021-02-01,2021-01-26,92325475,135.838,1777522790.857
2021-01,2021-01-01,2021-02-01,2021-01-27,132171689,135.838,1777522790.857
2021-01,2021-01-01,2021-02-01,2021-01-28,134586157,135.838,1777522790.857
2021-01,2021-01-01,2021-02-01,2021-01-29,134515983,135.838,1777522790.857
2021-01,2021-01-01,2021-02-01,2021-01-30,121612836,135.838,1777522790.857
2021-01,2021-01-01,2021-02-01,2021-01-31,104374906,135.838,1777522790.857
2021-02,2021-02-01,2021-03-01,2021-02-01,129376713,123.106,1777523226.973
2021-02,2021-02-01,2021-03-01,2021-02-02,133175939,123.106,1777523226.973
2021-02,2021-02-01,2021-03-01,2021-02-03,136908021,123.106,1777523226.973
2021-02,2021-02-01,2021-03-01,2021-02-04,137806398,123.106,1777523226.973
2021-02,2021-02-01,2021-03-01,2021-02-05,139337171,123.106,1777523226.973
2021-02,2021-02-01,2021-03-01,2021-02-06,123822657,123.106,1777523226.973
2021-02,2021-02-01,2021-03-01,2021-02-07,102678061,123.106,1777523226.973
2021-02,2021-02-01,2021-03-01,2021-02-08,127877137,123.106,1777523226.973
2021-02,2021-02-01,2021-03-01,2021-02-09,134362132,123.106,1777523226.973
2021-02,2021-02-01,2021-03-01,2021-02-10,137909969,123.106,1777523226.973
2021-02,2021-02-01,2021-03-01,2021-02-11,139137196,123.106,1777523226.973
2021-02,2021-02-01,2021-03-01,2021-02-12,151500359,123.106,1777523226.973
2021-02,2021-02-01,2021-03-01,2021-02-13,51173714,123.106,1777523226.973
2021-02,2021-02-01,2021-03-01,2021-02-14,45418017,123.106,1777523226.973
2021-02,2021-02-01,2021-03-01,2021-02-15,71395034,123.106,1777523226.973
2021-02,2021-02-01,2021-03-01,2021-02-16,73879561,123.106,1777523226.973
2021-02,2021-02-01,2021-03-01,2021-02-17,77478169,123.106,1777523226.973
2021-02,2021-02-01,2021-03-01,2021-02-18,140211032,123.106,1777523226.973
2021-02,2021-02-01,2021-03-01,2021-02-19,143966006,123.106,1777523226.973
2021-02,2021-02-01,2021-03-01,2021-02-20,126567124,123.106,1777523226.973
2021-02,2021-02-01,2021-03-01,2021-02-21,106264423,123.106,1777523226.973
2021-02,2021-02-01,2021-03-01,2021-02-22,128918126,123.106,1777523226.973
2021-02,2021-02-01,2021-03-01,2021-02-23,133926540,123.106,1777523226.973
2021-02,2021-02-01,2021-03-01,2021-02-24,136976217,123.106,1777523226.973
2021-02,2021-02-01,2021-03-01,2021-02-25,139454841,123.106,1777523226.973
2021-02,2021-02-01,2021-03-01,2021-02-26,144967138,123.106,1777523226.973
2021-02,2021-02-01,2021-03-01,2021-02-27,127816838,123.106,1777523226.973
2021-02,2021-02-01,2021-03-01,2021-02-28,109525698,123.106,1777523226.973
2021-03,2021-03-01,2021-04-01,2021-03-01,130678263,135.727,1777523637.846
2021-03,2021-03-01,2021-04-01,2021-03-02,134335582,135.727,1777523637.846
2021-03,2021-03-01,2021-04-01,2021-03-03,137178868,135.727,1777523637.846
2021-03,2021-03-01,2021-04-01,2021-03-04,139938190,135.727,1777523637.846
2021-03,2021-03-01,2021-04-01,2021-03-05,144544239,135.727,1777523637.846
2021-03,2021-03-01,2021-04-01,2021-03-06,119092333,135.727,1777523637.846
2021-03,2021-03-01,2021-04-01,2021-03-07,103141364,135.727,1777523637.846
2021-03,2021-03-01,2021-04-01,2021-03-08,92619033,135.727,1777523637.846
2021-03,2021-03-01,2021-04-01,2021-03-09,131237975,135.727,1777523637.846
2021-03,2021-03-01,2021-04-01,2021-03-10,136724070,135.727,1777523637.846
2021-03,2021-03-01,2021-04-01,2021-03-11,138917530,135.727,1777523637.846
2021-03,2021-03-01,2021-04-01,2021-03-12,144958477,135.727,1777523637.846
2021-03,2021-03-01,2021-04-01,2021-03-13,121325406,135.727,1777523637.846
2021-03,2021-03-01,2021-04-01,2021-03-14,105988042,135.727,1777523637.846
2021-03,2021-03-01,2021-04-01,2021-03-15,129525852,135.727,1777523637.846
2021-03,2021-03-01,2021-04-01,2021-03-16,134772427,135.727,1777523637.846
2021-03,2021-03-01,2021-04-01,2021-03-17,137847917,135.727,1777523637.846
2021-03,2021-03-01,2021-04-01,2021-03-18,140207027,135.727,1777523637.846
2021-03,2021-03-01,2021-04-01,2021-03-19,145205808,135.727,1777523637.846
2021-03,2021-03-01,2021-04-01,2021-03-20,126534397,135.727,1777523637.846
2021-03,2021-03-01,2021-04-01,2021-03-21,101630973,135.727,1777523637.846
2021-03,2021-03-01,2021-04-01,2021-03-22,127464137,135.727,1777523637.846
2021-03,2021-03-01,2021-04-01,2021-03-23,133235441,135.727,1777523637.846
2021-03,2021-03-01,2021-04-01,2021-03-24,136137112,135.727,1777523637.846
2021-03,2021-03-01,2021-04-01,2021-03-25,140041019,135.727,1777523637.846
2021-03,2021-03-01,2021-04-01,2021-03-26,145682907,135.727,1777523637.846
2021-03,2021-03-01,2021-04-01,2021-03-27,125268585,135.727,1777523637.846
2021-03,2021-03-01,2021-04-01,2021-03-28,106359820,135.727,1777523637.846
2021-03,2021-03-01,2021-04-01,2021-03-29,130201561,135.727,1777523637.846
2021-03,2021-03-01,2021-04-01,2021-03-30,136867367,135.727,1777523637.846
2021-03,2021-03-01,2021-04-01,2021-03-31,141889269,135.727,1777523637.846
2021-04,2021-04-01,2021-05-01,2021-04-01,148831647,110.487,1777524082.922
2021-04,2021-04-01,2021-05-01,2021-04-02,90582944,110.487,1777524082.922
2021-04,2021-04-01,2021-05-01,2021-04-03,105681664,110.487,1777524082.922
2021-04,2021-04-01,2021-05-01,2021-04-04,93373896,110.487,1777524082.922
2021-04,2021-04-01,2021-05-01,2021-04-05,91645741,110.487,1777524082.922
2021-04,2021-04-01,2021-05-01,2021-04-06,123299165,110.487,1777524082.922
2021-04,2021-04-01,2021-05-01,2021-04-07,129188339,110.487,1777524082.922
2021-04,2021-04-01,2021-05-01,2021-04-08,133941644,110.487,1777524082.922
2021-04,2021-04-01,2021-05-01,2021-04-09,137141692,110.487,1777524082.922
2021-04,2021-04-01,2021-05-01,2021-04-10,118823993,110.487,1777524082.922
2021-04,2021-04-01,2021-05-01,2021-04-11,97213108,110.487,1777524082.922
2021-04,2021-04-01,2021-05-01,2021-04-12,125457062,110.487,1777524082.922
2021-04,2021-04-01,2021-05-01,2021-04-13,130391132,110.487,1777524082.922
2021-04,2021-04-01,2021-05-01,2021-04-14,133147477,110.487,1777524082.922
2021-04,2021-04-01,2021-05-01,2021-04-15,136113764,110.487,1777524082.922
2021-04,2021-04-01,2021-05-01,2021-04-16,140121513,110.487,1777524082.922
2021-04,2021-04-01,2021-05-01,2021-04-17,123693020,110.487,1777524082.922
2021-04,2021-04-01,2021-05-01,2021-04-18,104539358,110.487,1777524082.922
2021-04,2021-04-01,2021-05-01,2021-04-19,128487340,110.487,1777524082.922
2021-04,2021-04-01,2021-05-01,2021-04-20,131686625,110.487,1777524082.922
2021-04,2021-04-01,2021-05-01,2021-04-21,137443755,110.487,1777524082.922
2021-04,2021-04-01,2021-05-01,2021-04-22,139512076,110.487,1777524082.922
2021-04,2021-04-01,2021-05-01,2021-04-23,144288293,110.487,1777524082.922
2021-04,2021-04-01,2021-05-01,2021-04-24,124126053,110.487,1777524082.922
2021-04,2021-04-01,2021-05-01,2021-04-25,100482517,110.487,1777524082.922
2021-04,2021-04-01,2021-05-01,2021-04-26,127839096,110.487,1777524082.922
2021-04,2021-04-01,2021-05-01,2021-04-27,134868344,110.487,1777524082.922
2021-04,2021-04-01,2021-05-01,2021-04-28,138378593,110.487,1777524082.922
2021-04,2021-04-01,2021-05-01,2021-04-29,141011664,110.487,1777524082.922
2021-04,2021-04-01,2021-05-01,2021-04-30,145687304,110.487,1777524082.922
2021-05,2021-05-01,2021-06-01,2021-05-01,127631247,118.342,1777524481.047
2021-05,2021-05-01,2021-06-01,2021-05-02,106713101,118.342,1777524481.047
2021-05,2021-05-01,2021-06-01,2021-05-03,128692401,118.342,1777524481.047
2021-05,2021-05-01,2021-06-01,2021-05-04,132511579,118.342,1777524481.047
2021-05,2021-05-01,2021-06-01,2021-05-05,137503595,118.342,1777524481.047
2021-05,2021-05-01,2021-06-01,2021-05-06,140942070,118.342,1777524481.047
2021-05,2021-05-01,2021-06-01,2021-05-07,146930608,118.342,1777524481.047
2021-05,2021-05-01,2021-06-01,2021-05-08,130074153,118.342,1777524481.047
2021-05,2021-05-01,2021-06-01,2021-05-09,111423651,118.342,1777524481.047
2021-05,2021-05-01,2021-06-01,2021-05-10,127585420,118.342,1777524481.047
2021-05,2021-05-01,2021-06-01,2021-05-11,133779369,118.342,1777524481.047
2021-05,2021-05-01,2021-06-01,2021-05-12,138019840,118.342,1777524481.047
2021-05,2021-05-01,2021-06-01,2021-05-13,138603216,118.342,1777524481.047
2021-05,2021-05-01,2021-06-01,2021-05-14,143398674,118.342,1777524481.047
2021-05,2021-05-01,2021-06-01,2021-05-15,123845427,118.342,1777524481.047
2021-05,2021-05-01,2021-06-01,2021-05-16,104089166,118.342,1777524481.047
2021-05,2021-05-01,2021-06-01,2021-05-17,128792184,118.342,1777524481.047
2021-05,2021-05-01,2021-06-01,2021-05-18,134214537,118.342,1777524481.047
2021-05,2021-05-01,2021-06-01,2021-05-19,137835715,118.342,1777524481.047
2021-05,2021-05-01,2021-06-01,2021-05-20,139565106,118.342,1777524481.047
2021-05,2021-05-01,2021-06-01,2021-05-21,145252496,118.342,1777524481.047
2021-05,2021-05-01,2021-06-01,2021-05-22,128946887,118.342,1777524481.047
2021-05,2021-05-01,2021-06-01,2021-05-23,108480592,118.342,1777524481.047
2021-05,2021-05-01,2021-06-01,2021-05-24,128332859,118.342,1777524481.047
2021-05,2021-05-01,2021-06-01,2021-05-25,130939343,118.342,1777524481.047
2021-05,2021-05-01,2021-06-01,2021-05-26,131315639,118.342,1777524481.047
2021-05,2021-05-01,2021-06-01,2021-05-27,139742070,118.342,1777524481.047
2021-05,2021-05-01,2021-06-01,2021-05-28,82773457,118.342,1777524481.047
2021-05,2021-05-01,2021-06-01,2021-05-29,55061324,118.342,1777524481.047
2021-05,2021-05-01,2021-06-01,2021-05-30,46547102,118.342,1777524481.047
2021-05,2021-05-01,2021-06-01,2021-05-31,82805570,118.342,1777524481.047
2021-06,2021-06-01,2021-07-01,2021-06-01,84666617,106.44,1777524843.169
2021-06,2021-06-01,2021-07-01,2021-06-02,87466510,106.44,1777524843.169
2021-06,2021-06-01,2021-07-01,2021-06-03,90180603,106.44,1777524843.169
2021-06,2021-06-01,2021-07-01,2021-06-04,100192380,106.44,1777524843.169
2021-06,2021-06-01,2021-07-01,2021-06-05,71357227,106.44,1777524843.169
2021-06,2021-06-01,2021-07-01,2021-06-06,57559667,106.44,1777524843.169
2021-06,2021-06-01,2021-07-01,2021-06-07,93633432,106.44,1777524843.169
2021-06,2021-06-01,2021-07-01,2021-06-08,93006547,106.44,1777524843.169
2021-06,2021-06-01,2021-07-01,2021-06-09,92712616,106.44,1777524843.169
2021-06,2021-06-01,2021-07-01,2021-06-10,94996311,106.44,1777524843.169
2021-06,2021-06-01,2021-07-01,2021-06-11,128693350,106.44,1777524843.169
2021-06,2021-06-01,2021-07-01,2021-06-12,103806777,106.44,1777524843.169
2021-06,2021-06-01,2021-07-01,2021-06-13,88688405,106.44,1777524843.169
2021-06,2021-06-01,2021-07-01,2021-06-14,82713500,106.44,1777524843.169
2021-06,2021-06-01,2021-07-01,2021-06-15,120660237,106.44,1777524843.169
2021-06,2021-06-01,2021-07-01,2021-06-16,123358222,106.44,1777524843.169
2021-06,2021-06-01,2021-07-01,2021-06-17,127090696,106.44,1777524843.169
2021-06,2021-06-01,2021-07-01,2021-06-18,136971980,106.44,1777524843.169
2021-06,2021-06-01,2021-07-01,2021-06-19,118692508,106.44,1777524843.169
2021-06,2021-06-01,2021-07-01,2021-06-20,99271423,106.44,1777524843.169
2021-06,2021-06-01,2021-07-01,2021-06-21,125350306,106.44,1777524843.169
2021-06,2021-06-01,2021-07-01,2021-06-22,129073900,106.44,1777524843.169
2021-06,2021-06-01,2021-07-01,2021-06-23,131135031,106.44,1777524843.169
2021-06,2021-06-01,2021-07-01,2021-06-24,134975587,106.44,1777524843.169
2021-06,2021-06-01,2021-07-01,2021-06-25,138968341,106.44,1777524843.169
2021-06,2021-06-01,2021-07-01,2021-06-26,121186861,106.44,1777524843.169
2021-06,2021-06-01,2021-07-01,2021-06-27,101448923,106.44,1777524843.169
2021-06,2021-06-01,2021-07-01,2021-06-28,123139598,106.44,1777524843.169
2021-06,2021-06-01,2021-07-01,2021-06-29,129084174,106.44,1777524843.169
2021-06,2021-06-01,2021-07-01,2021-06-30,131636861,106.44,1777524843.169
2021-07,2021-07-01,2021-08-01,2021-07-01,133398177,243.75,1777525327.81
2021-07,2021-07-01,2021-08-01,2021-07-02,135902026,243.75,1777525327.81
2021-07,2021-07-01,2021-08-01,2021-07-03,117548296,243.75,1777525327.81
2021-07,2021-07-01,2021-08-01,2021-07-04,97585903,243.75,1777525327.81
2021-07,2021-07-01,2021-08-01,2021-07-05,122106623,243.75,1777525327.81
2021-07,2021-07-01,2021-08-01,2021-07-06,128156325,243.75,1777525327.81
2021-07,2021-07-01,2021-08-01,2021-07-07,131371999,243.75,1777525327.81
2021-07,2021-07-01,2021-08-01,2021-07-08,134178342,243.75,1777525327.81
2021-07,2021-07-01,2021-08-01,2021-07-09,139193363,243.75,1777525327.81
2021-07,2021-07-01,2021-08-01,2021-07-10,121169613,243.75,1777525327.81
2021-07,2021-07-01,2021-08-01,2021-07-11,103191170,243.75,1777525327.81
2021-07,2021-07-01,2021-08-01,2021-07-12,126079343,243.75,1777525327.81
2021-07,2021-07-01,2021-08-01,2021-07-13,133081330,243.75,1777525327.81
2021-07,2021-07-01,2021-08-01,2021-07-14,135170805,243.75,1777525327.81
2021-07,2021-07-01,2021-08-01,2021-07-15,143245306,243.75,1777525327.81
2021-07,2021-07-01,2021-08-01,2021-07-16,90166172,243.75,1777525327.81
2021-07,2021-07-01,2021-08-01,2021-07-17,58664258,243.75,1777525327.81
2021-07,2021-07-01,2021-08-01,2021-07-18,49500968,243.75,1777525327.81
2021-07,2021-07-01,2021-08-01,2021-07-19,86731479,243.75,1777525327.81
2021-07,2021-07-01,2021-08-01,2021-07-20,87017882,243.75,1777525327.81
2021-07,2021-07-01,2021-08-01,2021-07-21,91726287,243.75,1777525327.81
2021-07,2021-07-01,2021-08-01,2021-07-22,93564151,243.75,1777525327.81
2021-07,2021-07-01,2021-08-01,2021-07-23,97466104,243.75,1777525327.81
2021-07,2021-07-01,2021-08-01,2021-07-24,67183010,243.75,1777525327.81
2021-07,2021-07-01,2021-08-01,2021-07-25,53603809,243.75,1777525327.81
2021-07,2021-07-01,2021-08-01,2021-07-26,88850783,243.75,1777525327.81
2021-07,2021-07-01,2021-08-01,2021-07-27,93874520,243.75,1777525327.81
2021-07,2021-07-01,2021-08-01,2021-07-28,129192289,243.75,1777525327.81
2021-07,2021-07-01,2021-08-01,2021-07-29,132851870,243.75,1777525327.81
2021-07,2021-07-01,2021-08-01,2021-07-30,138913247,243.75,1777525327.81
2021-07,2021-07-01,2021-08-01,2021-07-31,120354583,243.75,1777525327.81
2021-08,2021-08-01,2021-09-01,2021-08-01,99262195,104.887,1777525716.342
2021-08,2021-08-01,2021-09-01,2021-08-02,125478918,104.887,1777525716.342
2021-08,2021-08-01,2021-09-01,2021-08-03,128900499,104.887,1777525716.342
2021-08,2021-08-01,2021-09-01,2021-08-04,131559451,104.887,1777525716.342
2021-08,2021-08-01,2021-09-01,2021-08-05,134515410,104.887,1777525716.342
2021-08,2021-08-01,2021-09-01,2021-08-06,93336264,104.887,1777525716.342
2021-08,2021-08-01,2021-09-01,2021-08-07,64036017,104.887,1777525716.342
2021-08,2021-08-01,2021-09-01,2021-08-08,53944757,104.887,1777525716.342
2021-08,2021-08-01,2021-09-01,2021-08-09,89330575,104.887,1777525716.342
2021-08,2021-08-01,2021-09-01,2021-08-10,96559550,104.887,1777525716.342
2021-08,2021-08-01,2021-09-01,2021-08-11,97388163,104.887,1777525716.342
2021-08,2021-08-01,2021-09-01,2021-08-12,99807787,104.887,1777525716.342
2021-08,2021-08-01,2021-09-01,2021-08-13,105081224,104.887,1777525716.342
2021-08,2021-08-01,2021-09-01,2021-08-14,76713652,104.887,1777525716.342
2021-08,2021-08-01,2021-09-01,2021-08-15,61855459,104.887,1777525716.342
2021-08,2021-08-01,2021-09-01,2021-08-16,95186007,104.887,1777525716.342
2021-08,2021-08-01,2021-09-01,2021-08-17,92995730,104.887,1777525716.342
2021-08,2021-08-01,2021-09-01,2021-08-18,93985904,104.887,1777525716.342
2021-08,2021-08-01,2021-09-01,2021-08-19,95873302,104.887,1777525716.342
2021-08,2021-08-01,2021-09-01,2021-08-20,99167760,104.887,1777525716.342
2021-08,2021-08-01,2021-09-01,2021-08-21,68804846,104.887,1777525716.342
2021-08,2021-08-01,2021-09-01,2021-08-22,52397374,104.887,1777525716.342
2021-08,2021-08-01,2021-09-01,2021-08-23,85560009,104.887,1777525716.342
2021-08,2021-08-01,2021-09-01,2021-08-24,89806206,104.887,1777525716.342
2021-08,2021-08-01,2021-09-01,2021-08-25,91449230,104.887,1777525716.342
2021-08,2021-08-01,2021-09-01,2021-08-26,93167051,104.887,1777525716.342
2021-08,2021-08-01,2021-09-01,2021-08-27,97257649,104.887,1777525716.342
2021-08,2021-08-01,2021-09-01,2021-08-28,69939212,104.887,1777525716.342
2021-08,2021-08-01,2021-09-01,2021-08-29,52515700,104.887,1777525716.342
2021-08,2021-08-01,2021-09-01,2021-08-30,90421524,104.887,1777525716.342
2021-08,2021-08-01,2021-09-01,2021-08-31,92658057,104.887,1777525716.342
2021-09,2021-09-01,2021-10-01,2021-09-01,95814855,201.381,1777526188.796
2021-09,2021-09-01,2021-10-01,2021-09-02,97466078,201.381,1777526188.796
2021-09,2021-09-01,2021-10-01,2021-09-03,97594833,201.381,1777526188.796
2021-09,2021-09-01,2021-10-01,2021-09-04,72132474,201.381,1777526188.796
2021-09,2021-09-01,2021-10-01,2021-09-05,57767670,201.381,1777526188.796
2021-09,2021-09-01,2021-10-01,2021-09-06,91961298,201.381,1777526188.796
2021-09,2021-09-01,2021-10-01,2021-09-07,94147327,201.381,1777526188.796
2021-09,2021-09-01,2021-10-01,2021-09-08,97639502,201.381,1777526188.796
2021-09,2021-09-01,2021-10-01,2021-09-09,97924596,201.381,1777526188.796
2021-09,2021-09-01,2021-10-01,2021-09-10,104444174,201.381,1777526188.796
2021-09,2021-09-01,2021-10-01,2021-09-11,75084370,201.381,1777526188.796
2021-09,2021-09-01,2021-10-01,2021-09-12,59897552,201.381,1777526188.796
2021-09,2021-09-01,2021-10-01,2021-09-13,93754387,201.381,1777526188.796
2021-09,2021-09-01,2021-10-01,2021-09-14,97911470,201.381,1777526188.796
2021-09,2021-09-01,2021-10-01,2021-09-15,99846976,201.381,1777526188.796
2021-09,2021-09-01,2021-10-01,2021-09-16,100400144,201.381,1777526188.796
2021-09,2021-09-01,2021-10-01,2021-09-17,104825321,201.381,1777526188.796
2021-09,2021-09-01,2021-10-01,2021-09-18,80559804,201.381,1777526188.796
2021-09,2021-09-01,2021-10-01,2021-09-19,65245441,201.381,1777526188.796
2021-09,2021-09-01,2021-10-01,2021-09-20,94369296,201.381,1777526188.796
2021-09,2021-09-01,2021-10-01,2021-09-21,95555323,201.381,1777526188.796
2021-09,2021-09-01,2021-10-01,2021-09-22,94241555,201.381,1777526188.796
2021-09,2021-09-01,2021-10-01,2021-09-23,102090294,201.381,1777526188.796
2021-09,2021-09-01,2021-10-01,2021-09-24,74953093,201.381,1777526188.796
2021-09,2021-09-01,2021-10-01,2021-09-25,73455439,201.381,1777526188.796
2021-09,2021-09-01,2021-10-01,2021-09-26,65856483,201.381,1777526188.796
2021-09,2021-09-01,2021-10-01,2021-09-27,94232103,201.381,1777526188.796
2021-09,2021-09-01,2021-10-01,2021-09-28,97310242,201.381,1777526188.796
2021-09,2021-09-01,2021-10-01,2021-09-29,96730997,201.381,1777526188.796
2021-09,2021-09-01,2021-10-01,2021-09-30,96236616,201.381,1777526188.796
2021-10,2021-10-01,2021-11-01,2021-10-01,102422583,127.507,1777526666.007
2021-10,2021-10-01,2021-11-01,2021-10-02,82582086,127.507,1777526666.007
2021-10,2021-10-01,2021-11-01,2021-10-03,68789966,127.507,1777526666.007
2021-10,2021-10-01,2021-11-01,2021-10-04,92797252,127.507,1777526666.007
2021-10,2021-10-01,2021-11-01,2021-10-05,100538370,127.507,1777526666.007
2021-10,2021-10-01,2021-11-01,2021-10-06,106586960,127.507,1777526666.007
2021-10,2021-10-01,2021-11-01,2021-10-07,106440748,127.507,1777526666.007
2021-10,2021-10-01,2021-11-01,2021-10-08,113394390,127.507,1777526666.007
2021-10,2021-10-01,2021-11-01,2021-10-09,90158080,127.507,1777526666.007
2021-10,2021-10-01,2021-11-01,2021-10-10,72617080,127.507,1777526666.007
2021-10,2021-10-01,2021-11-01,2021-10-11,100261921,127.507,1777526666.007
2021-10,2021-10-01,2021-11-01,2021-10-12,106642057,127.507,1777526666.007
2021-10,2021-10-01,2021-11-01,2021-10-13,106573588,127.507,1777526666.007
2021-10,2021-10-01,2021-11-01,2021-10-14,108544340,127.507,1777526666.007
2021-10,2021-10-01,2021-11-01,2021-10-15,110124630,127.507,1777526666.007
2021-10,2021-10-01,2021-11-01,2021-10-16,86771846,127.507,1777526666.007
2021-10,2021-10-01,2021-11-01,2021-10-17,75612275,127.507,1777526666.007
2021-10,2021-10-01,2021-11-01,2021-10-18,102440266,127.507,1777526666.007
2021-10,2021-10-01,2021-11-01,2021-10-19,106591169,127.507,1777526666.007
2021-10,2021-10-01,2021-11-01,2021-10-20,111528357,127.507,1777526666.007
2021-10,2021-10-01,2021-11-01,2021-10-21,111562310,127.507,1777526666.007
2021-10,2021-10-01,2021-11-01,2021-10-22,133804832,127.507,1777526666.007
2021-10,2021-10-01,2021-11-01,2021-10-23,108363925,127.507,1777526666.007
2021-10,2021-10-01,2021-11-01,2021-10-24,91335101,127.507,1777526666.007
2021-10,2021-10-01,2021-11-01,2021-10-25,114411564,127.507,1777526666.007
2021-10,2021-10-01,2021-11-01,2021-10-26,121620179,127.507,1777526666.007
2021-10,2021-10-01,2021-11-01,2021-10-27,127148046,127.507,1777526666.007
2021-10,2021-10-01,2021-11-01,2021-10-28,124194607,127.507,1777526666.007
2021-10,2021-10-01,2021-11-01,2021-10-29,126393247,127.507,1777526666.007
2021-10,2021-10-01,2021-11-01,2021-10-30,117882406,127.507,1777526666.007
2021-10,2021-10-01,2021-11-01,2021-10-31,102303861,127.507,1777526666.007
2021-11,2021-11-01,2021-12-01,2021-11-01,122302113,114.641,1777527074.693
2021-11,2021-11-01,2021-12-01,2021-11-02,102546195,114.641,1777527074.693
2021-11,2021-11-01,2021-12-01,2021-11-03,127288528,114.641,1777527074.693
2021-11,2021-11-01,2021-12-01,2021-11-04,135678708,114.641,1777527074.693
2021-11,2021-11-01,2021-12-01,2021-11-05,143237718,114.641,1777527074.693
2021-11,2021-11-01,2021-12-01,2021-11-06,121674706,114.641,1777527074.693
2021-11,2021-11-01,2021-12-01,2021-11-07,101920688,114.641,1777527074.693
2021-11,2021-11-01,2021-12-01,2021-11-08,129220554,114.641,1777527074.693
2021-11,2021-11-01,2021-12-01,2021-11-09,133508076,114.641,1777527074.693
2021-11,2021-11-01,2021-12-01,2021-11-10,133673430,114.641,1777527074.693
2021-11,2021-11-01,2021-12-01,2021-11-11,139011319,114.641,1777527074.693
2021-11,2021-11-01,2021-12-01,2021-11-12,139047859,114.641,1777527074.693
2021-11,2021-11-01,2021-12-01,2021-11-13,120923144,114.641,1777527074.693
2021-11,2021-11-01,2021-12-01,2021-11-14,101275976,114.641,1777527074.693
2021-11,2021-11-01,2021-12-01,2021-11-15,128693717,114.641,1777527074.693
2021-11,2021-11-01,2021-12-01,2021-11-16,133552888,114.641,1777527074.693
2021-11,2021-11-01,2021-12-01,2021-11-17,138218043,114.641,1777527074.693
2021-11,2021-11-01,2021-12-01,2021-11-18,140435230,114.641,1777527074.693
2021-11,2021-11-01,2021-12-01,2021-11-19,147128351,114.641,1777527074.693
2021-11,2021-11-01,2021-12-01,2021-11-20,128826363,114.641,1777527074.693
2021-11,2021-11-01,2021-12-01,2021-11-21,108987674,114.641,1777527074.693
2021-11,2021-11-01,2021-12-01,2021-11-22,132192087,114.641,1777527074.693
2021-11,2021-11-01,2021-12-01,2021-11-23,136299433,114.641,1777527074.693
2021-11,2021-11-01,2021-12-01,2021-11-24,139579162,114.641,1777527074.693
2021-11,2021-11-01,2021-12-01,2021-11-25,142625705,114.641,1777527074.693
2021-11,2021-11-01,2021-12-01,2021-11-26,149774314,114.641,1777527074.693
2021-11,2021-11-01,2021-12-01,2021-11-27,131726155,114.641,1777527074.693
2021-11,2021-11-01,2021-12-01,2021-11-28,113835645,114.641,1777527074.693
2021-11,2021-11-01,2021-12-01,2021-11-29,134484624,114.641,1777527074.693
2021-11,2021-11-01,2021-12-01,2021-11-30,139073298,114.641,1777527074.693
2021-12,2021-12-01,2022-01-01,2021-12-01,138468552,113.511,1777527520.644
2021-12,2021-12-01,2022-01-01,2021-12-02,141017883,113.511,1777527520.644
2021-12,2021-12-01,2022-01-01,2021-12-03,150470760,113.511,1777527520.644
2021-12,2021-12-01,2022-01-01,2021-12-04,131933179,113.511,1777527520.644
2021-12,2021-12-01,2022-01-01,2021-12-05,112982120,113.511,1777527520.644
2021-12,2021-12-01,2022-01-01,2021-12-06,133966348,113.511,1777527520.644
2021-12,2021-12-01,2022-01-01,2021-12-07,138116977,113.511,1777527520.644
2021-12,2021-12-01,2022-01-01,2021-12-08,142117033,113.511,1777527520.644
2021-12,2021-12-01,2022-01-01,2021-12-09,145060116,113.511,1777527520.644
2021-12,2021-12-01,2022-01-01,2021-12-10,152601950,113.511,1777527520.644
2021-12,2021-12-01,2022-01-01,2021-12-11,133864893,113.511,1777527520.644
2021-12,2021-12-01,2022-01-01,2021-12-12,116840372,113.511,1777527520.644
2021-12,2021-12-01,2022-01-01,2021-12-13,137293555,113.511,1777527520.644
2021-12,2021-12-01,2022-01-01,2021-12-14,142243173,113.511,1777527520.644
2021-12,2021-12-01,2022-01-01,2021-12-15,145453969,113.511,1777527520.644
2021-12,2021-12-01,2022-01-01,2021-12-16,149509819,113.511,1777527520.644
2021-12,2021-12-01,2022-01-01,2021-12-17,152959237,113.511,1777527520.644
2021-12,2021-12-01,2022-01-01,2021-12-18,130562518,113.511,1777527520.644
2021-12,2021-12-01,2022-01-01,2021-12-19,109041644,113.511,1777527520.644
2021-12,2021-12-01,2022-01-01,2021-12-20,138531161,113.511,1777527520.644
2021-12,2021-12-01,2022-01-01,2021-12-21,142326242,113.511,1777527520.644
2021-12,2021-12-01,2022-01-01,2021-12-22,143634728,113.511,1777527520.644
2021-12,2021-12-01,2022-01-01,2021-12-23,142755933,113.511,1777527520.644
2021-12,2021-12-01,2022-01-01,2021-12-24,128800048,113.511,1777527520.644
2021-12,2021-12-01,2022-01-01,2021-12-25,84476726,113.511,1777527520.644
2021-12,2021-12-01,2022-01-01,2021-12-26,90684426,113.511,1777527520.644
2021-12,2021-12-01,2022-01-01,2021-12-27,93454269,113.511,1777527520.644
2021-12,2021-12-01,2022-01-01,2021-12-28,95545968,113.511,1777527520.644
2021-12,2021-12-01,2022-01-01,2021-12-29,108602059,113.511,1777527520.644
2021-12,2021-12-01,2022-01-01,2021-12-30,109455430,113.511,1777527520.644
2021-12,2021-12-01,2022-01-01,2021-12-31,102913273,113.511,1777527520.644
2022-01,2022-01-01,2022-02-01,2022-01-01,79668381,113.799,1777527891.915
2022-01,2022-01-01,2022-02-01,2022-01-02,88021414,113.799,1777527891.915
2022-01,2022-01-01,2022-02-01,2022-01-03,88831013,113.799,1777527891.915
2022-01,2022-01-01,2022-02-01,2022-01-04,106574012,113.799,1777527891.915
2022-01,2022-01-01,2022-02-01,2022-01-05,104723056,113.799,1777527891.915
2022-01,2022-01-01,2022-02-01,2022-01-06,105483372,113.799,1777527891.915
2022-01,2022-01-01,2022-02-01,2022-01-07,105981508,113.799,1777527891.915
2022-01,2022-01-01,2022-02-01,2022-01-08,94810916,113.799,1777527891.915
2022-01,2022-01-01,2022-02-01,2022-01-09,86290551,113.799,1777527891.915
2022-01,2022-01-01,2022-02-01,2022-01-10,108167474,113.799,1777527891.915
2022-01,2022-01-01,2022-02-01,2022-01-11,111001984,113.799,1777527891.915
2022-01,2022-01-01,2022-02-01,2022-01-12,115704424,113.799,1777527891.915
2022-01,2022-01-01,2022-02-01,2022-01-13,117211215,113.799,1777527891.915
2022-01,2022-01-01,2022-02-01,2022-01-14,121063867,113.799,1777527891.915
2022-01,2022-01-01,2022-02-01,2022-01-15,107573637,113.799,1777527891.915
2022-01,2022-01-01,2022-02-01,2022-01-16,96561470,113.799,1777527891.915
2022-01,2022-01-01,2022-02-01,2022-01-17,117475615,113.799,1777527891.915
2022-01,2022-01-01,2022-02-01,2022-01-18,121226858,113.799,1777527891.915
2022-01,2022-01-01,2022-02-01,2022-01-19,124819777,113.799,1777527891.915
2022-01,2022-01-01,2022-02-01,2022-01-20,128193730,113.799,1777527891.915
2022-01,2022-01-01,2022-02-01,2022-01-21,132803198,113.799,1777527891.915
2022-01,2022-01-01,2022-02-01,2022-01-22,115195507,113.799,1777527891.915
2022-01,2022-01-01,2022-02-01,2022-01-23,99113375,113.799,1777527891.915
2022-01,2022-01-01,2022-02-01,2022-01-24,120691078,113.799,1777527891.915
2022-01,2022-01-01,2022-02-01,2022-01-25,128995164,113.799,1777527891.915
2022-01,2022-01-01,2022-02-01,2022-01-26,97230415,113.799,1777527891.915
2022-01,2022-01-01,2022-02-01,2022-01-27,128501563,113.799,1777527891.915
2022-01,2022-01-01,2022-02-01,2022-01-28,129890789,113.799,1777527891.915
2022-01,2022-01-01,2022-02-01,2022-01-29,118276205,113.799,1777527891.915
2022-01,2022-01-01,2022-02-01,2022-01-30,102713786,113.799,1777527891.915
2022-01,2022-01-01,2022-02-01,2022-01-31,129878059,113.799,1777527891.915
2022-02,2022-02-01,2022-03-01,2022-02-01,131366159,97.946,1777528245.9
2022-02,2022-02-01,2022-03-01,2022-02-02,133659603,97.946,1777528245.9
2022-02,2022-02-01,2022-03-01,2022-02-03,135666803,97.946,1777528245.9
2022-02,2022-02-01,2022-03-01,2022-02-04,142300535,97.946,1777528245.9
2022-02,2022-02-01,2022-03-01,2022-02-05,120340967,97.946,1777528245.9
2022-02,2022-02-01,2022-03-01,2022-02-06,105951371,97.946,1777528245.9
2022-02,2022-02-01,2022-03-01,2022-02-07,128363943,97.946,1777528245.9
2022-02,2022-02-01,2022-03-01,2022-02-08,133507880,97.946,1777528245.9
2022-02,2022-02-01,2022-03-01,2022-02-09,135268987,97.946,1777528245.9
2022-02,2022-02-01,2022-03-01,2022-02-10,138397639,97.946,1777528245.9
2022-02,2022-02-01,2022-03-01,2022-02-11,143871689,97.946,1777528245.9
2022-02,2022-02-01,2022-03-01,2022-02-12,126268180,97.946,1777528245.9
2022-02,2022-02-01,2022-03-01,2022-02-13,105621862,97.946,1777528245.9
2022-02,2022-02-01,2022-03-01,2022-02-14,133860640,97.946,1777528245.9
2022-02,2022-02-01,2022-03-01,2022-02-15,134733359,97.946,1777528245.9
2022-02,2022-02-01,2022-03-01,2022-02-16,136716785,97.946,1777528245.9
2022-02,2022-02-01,2022-03-01,2022-02-17,139832575,97.946,1777528245.9
2022-02,2022-02-01,2022-03-01,2022-02-18,144894885,97.946,1777528245.9
2022-02,2022-02-01,2022-03-01,2022-02-19,128754913,97.946,1777528245.9
2022-02,2022-02-01,2022-03-01,2022-02-20,108556579,97.946,1777528245.9
2022-02,2022-02-01,2022-03-01,2022-02-21,130093185,97.946,1777528245.9
2022-02,2022-02-01,2022-03-01,2022-02-22,135608344,97.946,1777528245.9
2022-02,2022-02-01,2022-03-01,2022-02-23,138682645,97.946,1777528245.9
2022-02,2022-02-01,2022-03-01,2022-02-24,141584306,97.946,1777528245.9
2022-02,2022-02-01,2022-03-01,2022-02-25,146234182,97.946,1777528245.9
2022-02,2022-02-01,2022-03-01,2022-02-26,128630356,97.946,1777528245.9
2022-02,2022-02-01,2022-03-01,2022-02-27,108873298,97.946,1777528245.9
2022-02,2022-02-01,2022-03-01,2022-02-28,131228906,97.946,1777528245.9
2022-03,2022-03-01,2022-04-01,2022-03-01,134988611,109.705,1777528666.468
2022-03,2022-03-01,2022-04-01,2022-03-02,137638826,109.705,1777528666.468
2022-03,2022-03-01,2022-04-01,2022-03-03,141109107,109.705,1777528666.468
2022-03,2022-03-01,2022-04-01,2022-03-04,145416603,109.705,1777528666.468
2022-03,2022-03-01,2022-04-01,2022-03-05,123929180,109.705,1777528666.468
2022-03,2022-03-01,2022-04-01,2022-03-06,104233289,109.705,1777528666.468
2022-03,2022-03-01,2022-04-01,2022-03-07,131038990,109.705,1777528666.468
2022-03,2022-03-01,2022-04-01,2022-03-08,136082200,109.705,1777528666.468
2022-03,2022-03-01,2022-04-01,2022-03-09,138892306,109.705,1777528666.468
2022-03,2022-03-01,2022-04-01,2022-03-10,141739093,109.705,1777528666.468
2022-03,2022-03-01,2022-04-01,2022-03-11,144115126,109.705,1777528666.468
2022-03,2022-03-01,2022-04-01,2022-03-12,117679279,109.705,1777528666.468
2022-03,2022-03-01,2022-04-01,2022-03-13,101989753,109.705,1777528666.468
2022-03,2022-03-01,2022-04-01,2022-03-14,95814869,109.705,1777528666.468
2022-03,2022-03-01,2022-04-01,2022-03-15,132075462,109.705,1777528666.468
2022-03,2022-03-01,2022-04-01,2022-03-16,136799155,109.705,1777528666.468
2022-03,2022-03-01,2022-04-01,2022-03-17,140219639,109.705,1777528666.468
2022-03,2022-03-01,2022-04-01,2022-03-18,144262438,109.705,1777528666.468
2022-03,2022-03-01,2022-04-01,2022-03-19,126047864,109.705,1777528666.468
2022-03,2022-03-01,2022-04-01,2022-03-20,106463916,109.705,1777528666.468
2022-03,2022-03-01,2022-04-01,2022-03-21,130386062,109.705,1777528666.468
2022-03,2022-03-01,2022-04-01,2022-03-22,134182967,109.705,1777528666.468
2022-03,2022-03-01,2022-04-01,2022-03-23,136806374,109.705,1777528666.468
2022-03,2022-03-01,2022-04-01,2022-03-24,139599998,109.705,1777528666.468
2022-03,2022-03-01,2022-04-01,2022-03-25,143557462,109.705,1777528666.468
2022-03,2022-03-01,2022-04-01,2022-03-26,126257782,109.705,1777528666.468
2022-03,2022-03-01,2022-04-01,2022-03-27,107874171,109.705,1777528666.468
2022-03,2022-03-01,2022-04-01,2022-03-28,127979863,109.705,1777528666.468
2022-03,2022-03-01,2022-04-01,2022-03-29,133949119,109.705,1777528666.468
2022-03,2022-03-01,2022-04-01,2022-03-30,136778879,109.705,1777528666.468
2022-03,2022-03-01,2022-04-01,2022-03-31,139065959,109.705,1777528666.468
2022-04,2022-04-01,2022-05-01,2022-04-01,143753697,157.551,1777529110.727
2022-04,2022-04-01,2022-05-01,2022-04-02,123113891,157.551,1777529110.727
2022-04,2022-04-01,2022-05-01,2022-04-03,105834478,157.551,1777529110.727
2022-04,2022-04-01,2022-05-01,2022-04-04,128579836,157.551,1777529110.727
2022-04,2022-04-01,2022-05-01,2022-04-05,133667408,157.551,1777529110.727
2022-04,2022-04-01,2022-05-01,2022-04-06,136532318,157.551,1777529110.727
2022-04,2022-04-01,2022-05-01,2022-04-07,139212967,157.551,1777529110.727
2022-04,2022-04-01,2022-05-01,2022-04-08,143216067,157.551,1777529110.727
2022-04,2022-04-01,2022-05-01,2022-04-09,123942024,157.551,1777529110.727
2022-04,2022-04-01,2022-05-01,2022-04-10,105783917,157.551,1777529110.727
2022-04,2022-04-01,2022-05-01,2022-04-11,126039417,157.551,1777529110.727
2022-04,2022-04-01,2022-05-01,2022-04-12,131388201,157.551,1777529110.727
2022-04,2022-04-01,2022-05-01,2022-04-13,135611480,157.551,1777529110.727
2022-04,2022-04-01,2022-05-01,2022-04-14,141421964,157.551,1777529110.727
2022-04,2022-04-01,2022-05-01,2022-04-15,85906663,157.551,1777529110.727
2022-04,2022-04-01,2022-05-01,2022-04-16,103164467,157.551,1777529110.727
2022-04,2022-04-01,2022-05-01,2022-04-17,90234824,157.551,1777529110.727
2022-04,2022-04-01,2022-05-01,2022-04-18,86228588,157.551,1777529110.727
2022-04,2022-04-01,2022-05-01,2022-04-19,119339355,157.551,1777529110.727
2022-04,2022-04-01,2022-05-01,2022-04-20,125079855,157.551,1777529110.727
2022-04,2022-04-01,2022-05-01,2022-04-21,129163199,157.551,1777529110.727
2022-04,2022-04-01,2022-05-01,2022-04-22,134275906,157.551,1777529110.727
2022-04,2022-04-01,2022-05-01,2022-04-23,117697108,157.551,1777529110.727
2022-04,2022-04-01,2022-05-01,2022-04-24,103868886,157.551,1777529110.727
2022-04,2022-04-01,2022-05-01,2022-04-25,91349532,157.551,1777529110.727
2022-04,2022-04-01,2022-05-01,2022-04-26,132252258,157.551,1777529110.727
2022-04,2022-04-01,2022-05-01,2022-04-27,136303694,157.551,1777529110.727
2022-04,2022-04-01,2022-05-01,2022-04-28,139296505,157.551,1777529110.727
2022-04,2022-04-01,2022-05-01,2022-04-29,142031431,157.551,1777529110.727
2022-04,2022-04-01,2022-05-01,2022-04-30,124119492,157.551,1777529110.727
2022-05,2022-05-01,2022-06-01,2022-05-01,105668287,100.505,1777529494.827
2022-05,2022-05-01,2022-06-01,2022-05-02,129446737,100.505,1777529494.827
2022-05,2022-05-01,2022-06-01,2022-05-03,134605169,100.505,1777529494.827
2022-05,2022-05-01,2022-06-01,2022-05-04,136007383,100.505,1777529494.827
2022-05,2022-05-01,2022-06-01,2022-05-05,138572097,100.505,1777529494.827
2022-05,2022-05-01,2022-06-01,2022-05-06,143473898,100.505,1777529494.827
2022-05,2022-05-01,2022-06-01,2022-05-07,125127879,100.505,1777529494.827
2022-05,2022-05-01,2022-06-01,2022-05-08,108164326,100.505,1777529494.827
2022-05,2022-05-01,2022-06-01,2022-05-09,126996877,100.505,1777529494.827
2022-05,2022-05-01,2022-06-01,2022-05-10,133329965,100.505,1777529494.827
2022-05,2022-05-01,2022-06-01,2022-05-11,135149041,100.505,1777529494.827
2022-05,2022-05-01,2022-06-01,2022-05-12,137625446,100.505,1777529494.827
2022-05,2022-05-01,2022-06-01,2022-05-13,141401573,100.505,1777529494.827
2022-05,2022-05-01,2022-06-01,2022-05-14,122220235,100.505,1777529494.827
2022-05,2022-05-01,2022-06-01,2022-05-15,105046989,100.505,1777529494.827
2022-05,2022-05-01,2022-06-01,2022-05-16,127349542,100.505,1777529494.827
2022-05,2022-05-01,2022-06-01,2022-05-17,133115381,100.505,1777529494.827
2022-05,2022-05-01,2022-06-01,2022-05-18,135285114,100.505,1777529494.827
2022-05,2022-05-01,2022-06-01,2022-05-19,138008284,100.505,1777529494.827
2022-05,2022-05-01,2022-06-01,2022-05-20,142465863,100.505,1777529494.827
2022-05,2022-05-01,2022-06-01,2022-05-21,124129463,100.505,1777529494.827
2022-05,2022-05-01,2022-06-01,2022-05-22,103038476,100.505,1777529494.827
2022-05,2022-05-01,2022-06-01,2022-05-23,126253200,100.505,1777529494.827
2022-05,2022-05-01,2022-06-01,2022-05-24,132659655,100.505,1777529494.827
2022-05,2022-05-01,2022-06-01,2022-05-25,134707035,100.505,1777529494.827
2022-05,2022-05-01,2022-06-01,2022-05-26,136698258,100.505,1777529494.827
2022-05,2022-05-01,2022-06-01,2022-05-27,140847454,100.505,1777529494.827
2022-05,2022-05-01,2022-06-01,2022-05-28,123978734,100.505,1777529494.827
2022-05,2022-05-01,2022-06-01,2022-05-29,104204651,100.505,1777529494.827
2022-05,2022-05-01,2022-06-01,2022-05-30,124824097,100.505,1777529494.827
2022-05,2022-05-01,2022-06-01,2022-05-31,129854481,100.505,1777529494.827
2022-06,2022-06-01,2022-07-01,2022-06-01,131195968,121.843,1777529924.497
2022-06,2022-06-01,2022-07-01,2022-06-02,137238004,121.843,1777529924.497
2022-06,2022-06-01,2022-07-01,2022-06-03,141527134,121.843,1777529924.497
2022-06,2022-06-01,2022-07-01,2022-06-04,123491114,121.843,1777529924.497
2022-06,2022-06-01,2022-07-01,2022-06-05,99793119,121.843,1777529924.497
2022-06,2022-06-01,2022-07-01,2022-06-06,126588411,121.843,1777529924.497
2022-06,2022-06-01,2022-07-01,2022-06-07,130650792,121.843,1777529924.497
2022-06,2022-06-01,2022-07-01,2022-06-08,134584520,121.843,1777529924.497
2022-06,2022-06-01,2022-07-01,2022-06-09,137203570,121.843,1777529924.497
2022-06,2022-06-01,2022-07-01,2022-06-10,140117649,121.843,1777529924.497
2022-06,2022-06-01,2022-07-01,2022-06-11,114981870,121.843,1777529924.497
2022-06,2022-06-01,2022-07-01,2022-06-12,98910203,121.843,1777529924.497
2022-06,2022-06-01,2022-07-01,2022-06-13,91240300,121.843,1777529924.497
2022-06,2022-06-01,2022-07-01,2022-06-14,129853348,121.843,1777529924.497
2022-06,2022-06-01,2022-07-01,2022-06-15,134663147,121.843,1777529924.497
2022-06,2022-06-01,2022-07-01,2022-06-16,136815889,121.843,1777529924.497
2022-06,2022-06-01,2022-07-01,2022-06-17,142130602,121.843,1777529924.497
2022-06,2022-06-01,2022-07-01,2022-06-18,124321787,121.843,1777529924.497
2022-06,2022-06-01,2022-07-01,2022-06-19,104288461,121.843,1777529924.497
2022-06,2022-06-01,2022-07-01,2022-06-20,127204516,121.843,1777529924.497
2022-06,2022-06-01,2022-07-01,2022-06-21,132262515,121.843,1777529924.497
2022-06,2022-06-01,2022-07-01,2022-06-22,134925757,121.843,1777529924.497
2022-06,2022-06-01,2022-07-01,2022-06-23,137634701,121.843,1777529924.497
2022-06,2022-06-01,2022-07-01,2022-06-24,140768821,121.843,1777529924.497
2022-06,2022-06-01,2022-07-01,2022-06-25,121927561,121.843,1777529924.497
2022-06,2022-06-01,2022-07-01,2022-06-26,99213090,121.843,1777529924.497
2022-06,2022-06-01,2022-07-01,2022-06-27,121110844,121.843,1777529924.497
2022-06,2022-06-01,2022-07-01,2022-06-28,127387759,121.843,1777529924.497
2022-06,2022-06-01,2022-07-01,2022-06-29,129561703,121.843,1777529924.497
2022-06,2022-06-01,2022-07-01,2022-06-30,132176088,121.843,1777529924.497
2022-07,2022-07-01,2022-08-01,2022-07-01,134168219,141.325,1777530340.192
2022-07,2022-07-01,2022-08-01,2022-07-02,116470647,141.325,1777530340.192
2022-07,2022-07-01,2022-08-01,2022-07-03,100151564,141.325,1777530340.192
2022-07,2022-07-01,2022-08-01,2022-07-04,121740411,141.325,1777530340.192
2022-07,2022-07-01,2022-08-01,2022-07-05,127078172,141.325,1777530340.192
2022-07,2022-07-01,2022-08-01,2022-07-06,129930479,141.325,1777530340.192
2022-07,2022-07-01,2022-08-01,2022-07-07,131395569,141.325,1777530340.192
2022-07,2022-07-01,2022-08-01,2022-07-08,132501930,141.325,1777530340.192
2022-07,2022-07-01,2022-08-01,2022-07-09,116046433,141.325,1777530340.192
2022-07,2022-07-01,2022-08-01,2022-07-10,100988777,141.325,1777530340.192
2022-07,2022-07-01,2022-08-01,2022-07-11,122820147,141.325,1777530340.192
2022-07,2022-07-01,2022-08-01,2022-07-12,128495129,141.325,1777530340.192
2022-07,2022-07-01,2022-08-01,2022-07-13,132058257,141.325,1777530340.192
2022-07,2022-07-01,2022-08-01,2022-07-14,135322121,141.325,1777530340.192
2022-07,2022-07-01,2022-08-01,2022-07-15,140237427,141.325,1777530340.192
2022-07,2022-07-01,2022-08-01,2022-07-16,120639153,141.325,1777530340.192
2022-07,2022-07-01,2022-08-01,2022-07-17,99782199,141.325,1777530340.192
2022-07,2022-07-01,2022-08-01,2022-07-18,125423881,141.325,1777530340.192
2022-07,2022-07-01,2022-08-01,2022-07-19,131984542,141.325,1777530340.192
2022-07,2022-07-01,2022-08-01,2022-07-20,134139309,141.325,1777530340.192
2022-07,2022-07-01,2022-08-01,2022-07-21,136141036,141.325,1777530340.192
2022-07,2022-07-01,2022-08-01,2022-07-22,140730506,141.325,1777530340.192
2022-07,2022-07-01,2022-08-01,2022-07-23,120681868,141.325,1777530340.192
2022-07,2022-07-01,2022-08-01,2022-07-24,105272088,141.325,1777530340.192
2022-07,2022-07-01,2022-08-01,2022-07-25,123890099,141.325,1777530340.192
2022-07,2022-07-01,2022-08-01,2022-07-26,129654244,141.325,1777530340.192
2022-07,2022-07-01,2022-08-01,2022-07-27,133072699,141.325,1777530340.192
2022-07,2022-07-01,2022-08-01,2022-07-28,135677427,141.325,1777530340.192
2022-07,2022-07-01,2022-08-01,2022-07-29,141161945,141.325,1777530340.192
2022-07,2022-07-01,2022-08-01,2022-07-30,124095326,141.325,1777530340.192
2022-07,2022-07-01,2022-08-01,2022-07-31,101327991,141.325,1777530340.192
2022-08,2022-08-01,2022-09-01,2022-08-01,126197794,120.64,1777530749.918
2022-08,2022-08-01,2022-09-01,2022-08-02,131285227,120.64,1777530749.918
2022-08,2022-08-01,2022-09-01,2022-08-03,134569555,120.64,1777530749.918
2022-08,2022-08-01,2022-09-01,2022-08-04,136860501,120.64,1777530749.918
2022-08,2022-08-01,2022-09-01,2022-08-05,140235665,120.64,1777530749.918
2022-08,2022-08-01,2022-09-01,2022-08-06,122905303,120.64,1777530749.918
2022-08,2022-08-01,2022-09-01,2022-08-07,104394193,120.64,1777530749.918
2022-08,2022-08-01,2022-09-01,2022-08-08,126540710,120.64,1777530749.918
2022-08,2022-08-01,2022-09-01,2022-08-09,132679158,120.64,1777530749.918
2022-08,2022-08-01,2022-09-01,2022-08-10,134843569,120.64,1777530749.918
2022-08,2022-08-01,2022-09-01,2022-08-11,136558439,120.64,1777530749.918
2022-08,2022-08-01,2022-09-01,2022-08-12,141201886,120.64,1777530749.918
2022-08,2022-08-01,2022-09-01,2022-08-13,124146905,120.64,1777530749.918
2022-08,2022-08-01,2022-09-01,2022-08-14,102885449,120.64,1777530749.918
2022-08,2022-08-01,2022-09-01,2022-08-15,127199359,120.64,1777530749.918
2022-08,2022-08-01,2022-09-01,2022-08-16,132720229,120.64,1777530749.918
2022-08,2022-08-01,2022-09-01,2022-08-17,135776681,120.64,1777530749.918
2022-08,2022-08-01,2022-09-01,2022-08-18,137144834,120.64,1777530749.918
2022-08,2022-08-01,2022-09-01,2022-08-19,143325519,120.64,1777530749.918
2022-08,2022-08-01,2022-09-01,2022-08-20,124800835,120.64,1777530749.918
2022-08,2022-08-01,2022-09-01,2022-08-21,107067898,120.64,1777530749.918
2022-08,2022-08-01,2022-09-01,2022-08-22,125830721,120.64,1777530749.918
2022-08,2022-08-01,2022-09-01,2022-08-23,132963124,120.64,1777530749.918
2022-08,2022-08-01,2022-09-01,2022-08-24,135087634,120.64,1777530749.918
2022-08,2022-08-01,2022-09-01,2022-08-25,138486898,120.64,1777530749.918
2022-08,2022-08-01,2022-09-01,2022-08-26,143510714,120.64,1777530749.918
2022-08,2022-08-01,2022-09-01,2022-08-27,126724164,120.64,1777530749.918
2022-08,2022-08-01,2022-09-01,2022-08-28,108199180,120.64,1777530749.918
2022-08,2022-08-01,2022-09-01,2022-08-29,126808641,120.64,1777530749.918
2022-08,2022-08-01,2022-09-01,2022-08-30,132070687,120.64,1777530749.918
2022-08,2022-08-01,2022-09-01,2022-08-31,137552956,120.64,1777530749.918
2022-09,2022-09-01,2022-10-01,2022-09-01,138646587,113.248,1777531175.255
2022-09,2022-09-01,2022-10-01,2022-09-02,144227105,113.248,1777531175.255
2022-09,2022-09-01,2022-10-01,2022-09-03,125928974,113.248,1777531175.255
2022-09,2022-09-01,2022-10-01,2022-09-04,106560251,113.248,1777531175.255
2022-09,2022-09-01,2022-10-01,2022-09-05,128601892,113.248,1777531175.255
2022-09,2022-09-01,2022-10-01,2022-09-06,134346689,113.248,1777531175.255
2022-09,2022-09-01,2022-10-01,2022-09-07,137060604,113.248,1777531175.255
2022-09,2022-09-01,2022-10-01,2022-09-08,138403705,113.248,1777531175.255
2022-09,2022-09-01,2022-10-01,2022-09-09,144192463,113.248,1777531175.255
2022-09,2022-09-01,2022-10-01,2022-09-10,125114975,113.248,1777531175.255
2022-09,2022-09-01,2022-10-01,2022-09-11,104425234,113.248,1777531175.255
2022-09,2022-09-01,2022-10-01,2022-09-12,127305755,113.248,1777531175.255
2022-09,2022-09-01,2022-10-01,2022-09-13,134365505,113.248,1777531175.255
2022-09,2022-09-01,2022-10-01,2022-09-14,138184705,113.248,1777531175.255
2022-09,2022-09-01,2022-10-01,2022-09-15,140284360,113.248,1777531175.255
2022-09,2022-09-01,2022-10-01,2022-09-16,143468106,113.248,1777531175.255
2022-09,2022-09-01,2022-10-01,2022-09-17,120017970,113.248,1777531175.255
2022-09,2022-09-01,2022-10-01,2022-09-18,100849077,113.248,1777531175.255
2022-09,2022-09-01,2022-10-01,2022-09-19,126635233,113.248,1777531175.255
2022-09,2022-09-01,2022-10-01,2022-09-20,133705854,113.248,1777531175.255
2022-09,2022-09-01,2022-10-01,2022-09-21,141451190,113.248,1777531175.255
2022-09,2022-09-01,2022-10-01,2022-09-22,112326909,113.248,1777531175.255
2022-09,2022-09-01,2022-10-01,2022-09-23,103627200,113.248,1777531175.255
2022-09,2022-09-01,2022-10-01,2022-09-24,104488562,113.248,1777531175.255
2022-09,2022-09-01,2022-10-01,2022-09-25,102010176,113.248,1777531175.255
2022-09,2022-09-01,2022-10-01,2022-09-26,123984444,113.248,1777531175.255
2022-09,2022-09-01,2022-10-01,2022-09-27,129905002,113.248,1777531175.255
2022-09,2022-09-01,2022-10-01,2022-09-28,135151600,113.248,1777531175.255
2022-09,2022-09-01,2022-10-01,2022-09-29,137896260,113.248,1777531175.255
2022-09,2022-09-01,2022-10-01,2022-09-30,141858408,113.248,1777531175.255
2022-10,2022-10-01,2022-11-01,2022-10-01,125288224,140.7,1777531616.771
2022-10,2022-10-01,2022-11-01,2022-10-02,106425358,140.7,1777531616.771
2022-10,2022-10-01,2022-11-01,2022-10-03,130807876,140.7,1777531616.771
2022-10,2022-10-01,2022-11-01,2022-10-04,136859472,140.7,1777531616.771
2022-10,2022-10-01,2022-11-01,2022-10-05,137244951,140.7,1777531616.771
2022-10,2022-10-01,2022-11-01,2022-10-06,141829172,140.7,1777531616.771
2022-10,2022-10-01,2022-11-01,2022-10-07,143213841,140.7,1777531616.771
2022-10,2022-10-01,2022-11-01,2022-10-08,128203079,140.7,1777531616.771
2022-10,2022-10-01,2022-11-01,2022-10-09,107821866,140.7,1777531616.771
2022-10,2022-10-01,2022-11-01,2022-10-10,133553626,140.7,1777531616.771
2022-10,2022-10-01,2022-11-01,2022-10-11,138452582,140.7,1777531616.771
2022-10,2022-10-01,2022-11-01,2022-10-12,137784362,140.7,1777531616.771
2022-10,2022-10-01,2022-11-01,2022-10-13,129313783,140.7,1777531616.771
2022-10,2022-10-01,2022-11-01,2022-10-14,143518676,140.7,1777531616.771
2022-10,2022-10-01,2022-11-01,2022-10-15,128538594,140.7,1777531616.771
2022-10,2022-10-01,2022-11-01,2022-10-16,108224905,140.7,1777531616.771
2022-10,2022-10-01,2022-11-01,2022-10-17,133058663,140.7,1777531616.771
2022-10,2022-10-01,2022-11-01,2022-10-18,138072865,140.7,1777531616.771
2022-10,2022-10-01,2022-11-01,2022-10-19,141874831,140.7,1777531616.771
2022-10,2022-10-01,2022-11-01,2022-10-20,144844204,140.7,1777531616.771
2022-10,2022-10-01,2022-11-01,2022-10-21,146657375,140.7,1777531616.771
2022-10,2022-10-01,2022-11-01,2022-10-22,124365882,140.7,1777531616.771
2022-10,2022-10-01,2022-11-01,2022-10-23,107190076,140.7,1777531616.771
2022-10,2022-10-01,2022-11-01,2022-10-24,132153876,140.7,1777531616.771
2022-10,2022-10-01,2022-11-01,2022-10-25,136996324,140.7,1777531616.771
2022-10,2022-10-01,2022-11-01,2022-10-26,140363753,140.7,1777531616.771
2022-10,2022-10-01,2022-11-01,2022-10-27,141318963,140.7,1777531616.771
2022-10,2022-10-01,2022-11-01,2022-10-28,143789371,140.7,1777531616.771
2022-10,2022-10-01,2022-11-01,2022-10-29,120596900,140.7,1777531616.771
2022-10,2022-10-01,2022-11-01,2022-10-30,103887713,140.7,1777531616.771
2022-10,2022-10-01,2022-11-01,2022-10-31,121812271,140.7,1777531616.771
2022-11,2022-11-01,2022-12-01,2022-11-01,92959051,95.85,1777532023.893
2022-11,2022-11-01,2022-12-01,2022-11-02,136211705,95.85,1777532023.893
2022-11,2022-11-01,2022-12-01,2022-11-03,140719180,95.85,1777532023.893
2022-11,2022-11-01,2022-12-01,2022-11-04,146821713,95.85,1777532023.893
2022-11,2022-11-01,2022-12-01,2022-11-05,126925804,95.85,1777532023.893
2022-11,2022-11-01,2022-12-01,2022-11-06,108757729,95.85,1777532023.893
2022-11,2022-11-01,2022-12-01,2022-11-07,134155388,95.85,1777532023.893
2022-11,2022-11-01,2022-12-01,2022-11-08,139191285,95.85,1777532023.893
2022-11,2022-11-01,2022-12-01,2022-11-09,142733421,95.85,1777532023.893
2022-11,2022-11-01,2022-12-01,2022-11-10,142449766,95.85,1777532023.893
2022-11,2022-11-01,2022-12-01,2022-11-11,147723724,95.85,1777532023.893
2022-11,2022-11-01,2022-12-01,2022-11-12,129897381,95.85,1777532023.893
2022-11,2022-11-01,2022-12-01,2022-11-13,107394091,95.85,1777532023.893
2022-11,2022-11-01,2022-12-01,2022-11-14,131363526,95.85,1777532023.893
2022-11,2022-11-01,2022-12-01,2022-11-15,138321185,95.85,1777532023.893
2022-11,2022-11-01,2022-12-01,2022-11-16,141287490,95.85,1777532023.893
2022-11,2022-11-01,2022-12-01,2022-11-17,144619221,95.85,1777532023.893
2022-11,2022-11-01,2022-12-01,2022-11-18,150472653,95.85,1777532023.893
2022-11,2022-11-01,2022-12-01,2022-11-19,128073839,95.85,1777532023.893
2022-11,2022-11-01,2022-12-01,2022-11-20,106746168,95.85,1777532023.893
2022-11,2022-11-01,2022-12-01,2022-11-21,132007384,95.85,1777532023.893
2022-11,2022-11-01,2022-12-01,2022-11-22,138891049,95.85,1777532023.893
2022-11,2022-11-01,2022-12-01,2022-11-23,142240193,95.85,1777532023.893
2022-11,2022-11-01,2022-12-01,2022-11-24,146086619,95.85,1777532023.893
2022-11,2022-11-01,2022-12-01,2022-11-25,152536841,95.85,1777532023.893
2022-11,2022-11-01,2022-12-01,2022-11-26,130700374,95.85,1777532023.893
2022-11,2022-11-01,2022-12-01,2022-11-27,110154706,95.85,1777532023.893
2022-11,2022-11-01,2022-12-01,2022-11-28,134955290,95.85,1777532023.893
2022-11,2022-11-01,2022-12-01,2022-11-29,139789664,95.85,1777532023.893
2022-11,2022-11-01,2022-12-01,2022-11-30,142907255,95.85,1777532023.893
2022-12,2022-12-01,2023-01-01,2022-12-01,145714288,82.207,1777532301.439
2022-12,2022-12-01,2023-01-01,2022-12-02,151698306,82.207,1777532301.439
2022-12,2022-12-01,2023-01-01,2022-12-03,132750478,82.207,1777532301.439
2022-12,2022-12-01,2023-01-01,2022-12-04,114323377,82.207,1777532301.439
2022-12,2022-12-01,2023-01-01,2022-12-05,134775378,82.207,1777532301.439
2022-12,2022-12-01,2023-01-01,2022-12-06,141611865,82.207,1777532301.439
2022-12,2022-12-01,2023-01-01,2022-12-07,144812527,82.207,1777532301.439
2022-12,2022-12-01,2023-01-01,2022-12-08,147392996,82.207,1777532301.439
2022-12,2022-12-01,2023-01-01,2022-12-09,151702036,82.207,1777532301.439
2022-12,2022-12-01,2023-01-01,2022-12-10,133504971,82.207,1777532301.439
2022-12,2022-12-01,2023-01-01,2022-12-11,111032305,82.207,1777532301.439
2022-12,2022-12-01,2023-01-01,2022-12-12,135250417,82.207,1777532301.439
2022-12,2022-12-01,2023-01-01,2022-12-13,140747691,82.207,1777532301.439
2022-12,2022-12-01,2023-01-01,2022-12-14,143600711,82.207,1777532301.439
2022-12,2022-12-01,2023-01-01,2022-12-15,147788294,82.207,1777532301.439
2022-12,2022-12-01,2023-01-01,2022-12-16,152036371,82.207,1777532301.439
2022-12,2022-12-01,2023-01-01,2022-12-17,133366838,82.207,1777532301.439
2022-12,2022-12-01,2023-01-01,2022-12-18,114632233,82.207,1777532301.439
2022-12,2022-12-01,2023-01-01,2022-12-19,138630847,82.207,1777532301.439
2022-12,2022-12-01,2023-01-01,2022-12-20,143344615,82.207,1777532301.439
2022-12,2022-12-01,2023-01-01,2022-12-21,145275440,82.207,1777532301.439
2022-12,2022-12-01,2023-01-01,2022-12-22,141578535,82.207,1777532301.439
2022-12,2022-12-01,2023-01-01,2022-12-23,140570659,82.207,1777532301.439
2022-12,2022-12-01,2023-01-01,2022-12-24,114338059,82.207,1777532301.439
2022-12,2022-12-01,2023-01-01,2022-12-25,86047048,82.207,1777532301.439
2022-12,2022-12-01,2023-01-01,2022-12-26,93240828,82.207,1777532301.439
2022-12,2022-12-01,2023-01-01,2022-12-27,94182053,82.207,1777532301.439
2022-12,2022-12-01,2023-01-01,2022-12-28,105999622,82.207,1777532301.439
2022-12,2022-12-01,2023-01-01,2022-12-29,110281449,82.207,1777532301.439
2022-12,2022-12-01,2023-01-01,2022-12-30,113543908,82.207,1777532301.439
2023-01,2023-01-01,2023-02-01,2023-01-01,85309401,123.991,1777532697.368
2023-01,2023-01-01,2023-02-01,2023-01-02,84967441,123.991,1777532697.368
2023-01,2023-01-01,2023-02-01,2023-01-03,108654574,123.991,1777532697.368
2023-01,2023-01-01,2023-02-01,2023-01-04,111343226,123.991,1777532697.368
2023-01,2023-01-01,2023-02-01,2023-01-05,116089502,123.991,1777532697.368
2023-01,2023-01-01,2023-02-01,2023-01-06,120842521,123.991,1777532697.368
2023-01,2023-01-01,2023-02-01,2023-01-07,108513799,123.991,1777532697.368
2023-01,2023-01-01,2023-02-01,2023-01-08,98231257,123.991,1777532697.368
2023-01,2023-01-01,2023-02-01,2023-01-09,118344071,123.991,1777532697.368
2023-01,2023-01-01,2023-02-01,2023-01-10,124359488,123.991,1777532697.368
2023-01,2023-01-01,2023-02-01,2023-01-11,129127809,123.991,1777532697.368
2023-01,2023-01-01,2023-02-01,2023-01-12,131979562,123.991,1777532697.368
2023-01,2023-01-01,2023-02-01,2023-01-13,135748137,123.991,1777532697.368
2023-01,2023-01-01,2023-02-01,2023-01-14,114176385,123.991,1777532697.368
2023-01,2023-01-01,2023-02-01,2023-01-15,104501508,123.991,1777532697.368
2023-01,2023-01-01,2023-02-01,2023-01-16,128828608,123.991,1777532697.368
2023-01,2023-01-01,2023-02-01,2023-01-17,130399978,123.991,1777532697.368
2023-01,2023-01-01,2023-02-01,2023-01-18,134025247,123.991,1777532697.368
2023-01,2023-01-01,2023-02-01,2023-01-19,137846398,123.991,1777532697.368
2023-01,2023-01-01,2023-02-01,2023-01-20,141918459,123.991,1777532697.368
2023-01,2023-01-01,2023-02-01,2023-01-21,122170724,123.991,1777532697.368
2023-01,2023-01-01,2023-02-01,2023-01-22,105978757,123.991,1777532697.368
2023-01,2023-01-01,2023-02-01,2023-01-23,131180113,123.991,1777532697.368
2023-01,2023-01-01,2023-02-01,2023-01-24,135336881,123.991,1777532697.368
2023-01,2023-01-01,2023-02-01,2023-01-25,143999638,123.991,1777532697.368
2023-01,2023-01-01,2023-02-01,2023-01-26,103379175,123.991,1777532697.368
2023-01,2023-01-01,2023-02-01,2023-01-27,133235069,123.991,1777532697.368
2023-01,2023-01-01,2023-02-01,2023-01-28,114448072,123.991,1777532697.368
2023-01,2023-01-01,2023-02-01,2023-01-29,103687598,123.991,1777532697.368
2023-01,2023-01-01,2023-02-01,2023-01-30,132818286,123.991,1777532697.368
2023-01,2023-01-01,2023-02-01,2023-01-31,138037781,123.991,1777532697.368
2023-02,2023-02-01,2023-03-01,2023-02-01,140412162,106.058,1777533085.849
2023-02,2023-02-01,2023-03-01,2023-02-02,140367888,106.058,1777533085.849
2023-02,2023-02-01,2023-03-01,2023-02-03,144969288,106.058,1777533085.849
2023-02,2023-02-01,2023-03-01,2023-02-04,124871130,106.058,1777533085.849
2023-02,2023-02-01,2023-03-01,2023-02-05,107460610,106.058,1777533085.849
2023-02,2023-02-01,2023-03-01,2023-02-06,133604777,106.058,1777533085.849
2023-02,2023-02-01,2023-03-01,2023-02-07,139838188,106.058,1777533085.849
2023-02,2023-02-01,2023-03-01,2023-02-08,142323015,106.058,1777533085.849
2023-02,2023-02-01,2023-03-01,2023-02-09,144284814,106.058,1777533085.849
2023-02,2023-02-01,2023-03-01,2023-02-10,148937193,106.058,1777533085.849
2023-02,2023-02-01,2023-03-01,2023-02-11,130003876,106.058,1777533085.849
2023-02,2023-02-01,2023-03-01,2023-02-12,109365757,106.058,1777533085.849
2023-02,2023-02-01,2023-03-01,2023-02-13,134890215,106.058,1777533085.849
2023-02,2023-02-01,2023-03-01,2023-02-14,144113765,106.058,1777533085.849
2023-02,2023-02-01,2023-03-01,2023-02-15,143192888,106.058,1777533085.849
2023-02,2023-02-01,2023-03-01,2023-02-16,143444100,106.058,1777533085.849
2023-02,2023-02-01,2023-03-01,2023-02-17,145260584,106.058,1777533085.849
2023-02,2023-02-01,2023-03-01,2023-02-18,130641999,106.058,1777533085.849
2023-02,2023-02-01,2023-03-01,2023-02-19,110879546,106.058,1777533085.849
2023-02,2023-02-01,2023-03-01,2023-02-20,135337885,106.058,1777533085.849
2023-02,2023-02-01,2023-03-01,2023-02-21,141303345,106.058,1777533085.849
2023-02,2023-02-01,2023-03-01,2023-02-22,143874232,106.058,1777533085.849
2023-02,2023-02-01,2023-03-01,2023-02-23,146101304,106.058,1777533085.849
2023-02,2023-02-01,2023-03-01,2023-02-24,150322779,106.058,1777533085.849
2023-02,2023-02-01,2023-03-01,2023-02-25,129346513,106.058,1777533085.849
2023-02,2023-02-01,2023-03-01,2023-02-26,111205354,106.058,1777533085.849
2023-02,2023-02-01,2023-03-01,2023-02-27,135870986,106.058,1777533085.849
2023-02,2023-02-01,2023-03-01,2023-02-28,140632079,106.058,1777533085.849
2023-03,2023-03-01,2023-04-01,2023-03-01,143742149,130.716,1777533475.43
2023-03,2023-03-01,2023-04-01,2023-03-02,145928853,130.716,1777533475.43
2023-03,2023-03-01,2023-04-01,2023-03-03,150809323,130.716,1777533475.43
2023-03,2023-03-01,2023-04-01,2023-03-04,131488775,130.716,1777533475.43
2023-03,2023-03-01,2023-04-01,2023-03-05,110180378,130.716,1777533475.43
2023-03,2023-03-01,2023-04-01,2023-03-06,136611246,130.716,1777533475.43
2023-03,2023-03-01,2023-04-01,2023-03-07,140795152,130.716,1777533475.43
2023-03,2023-03-01,2023-04-01,2023-03-08,144674510,130.716,1777533475.43
2023-03,2023-03-01,2023-04-01,2023-03-09,145876678,130.716,1777533475.43
2023-03,2023-03-01,2023-04-01,2023-03-10,148470409,130.716,1777533475.43
2023-03,2023-03-01,2023-04-01,2023-03-11,121155636,130.716,1777533475.43
2023-03,2023-03-01,2023-04-01,2023-03-12,104109265,130.716,1777533475.43
2023-03,2023-03-01,2023-04-01,2023-03-13,99578765,130.716,1777533475.43
2023-03,2023-03-01,2023-04-01,2023-03-14,138774457,130.716,1777533475.43
2023-03,2023-03-01,2023-04-01,2023-03-15,144029935,130.716,1777533475.43
2023-03,2023-03-01,2023-04-01,2023-03-16,146489528,130.716,1777533475.43
2023-03,2023-03-01,2023-04-01,2023-03-17,150535999,130.716,1777533475.43
2023-03,2023-03-01,2023-04-01,2023-03-18,128130431,130.716,1777533475.43
2023-03,2023-03-01,2023-04-01,2023-03-19,111204336,130.716,1777533475.43
2023-03,2023-03-01,2023-04-01,2023-03-20,136197737,130.716,1777533475.43
2023-03,2023-03-01,2023-04-01,2023-03-21,139958322,130.716,1777533475.43
2023-03,2023-03-01,2023-04-01,2023-03-22,143681110,130.716,1777533475.43
2023-03,2023-03-01,2023-04-01,2023-03-23,144009081,130.716,1777533475.43
2023-03,2023-03-01,2023-04-01,2023-03-24,148926374,130.716,1777533475.43
2023-03,2023-03-01,2023-04-01,2023-03-25,129850116,130.716,1777533475.43
2023-03,2023-03-01,2023-04-01,2023-03-26,109416071,130.716,1777533475.43
2023-03,2023-03-01,2023-04-01,2023-03-27,132700641,130.716,1777533475.43
2023-03,2023-03-01,2023-04-01,2023-03-28,140672134,130.716,1777533475.43
2023-03,2023-03-01,2023-04-01,2023-03-29,142129251,130.716,1777533475.43
2023-03,2023-03-01,2023-04-01,2023-03-30,145974250,130.716,1777533475.43
2023-03,2023-03-01,2023-04-01,2023-03-31,149458036,130.716,1777533475.43
2023-04,2023-04-01,2023-05-01,2023-04-01,129140316,111.505,1777533858.828
2023-04,2023-04-01,2023-05-01,2023-04-02,112282679,111.505,1777533858.828
2023-04,2023-04-01,2023-05-01,2023-04-03,136857834,111.505,1777533858.828
2023-04,2023-04-01,2023-05-01,2023-04-04,142860940,111.505,1777533858.828
2023-04,2023-04-01,2023-05-01,2023-04-05,145914750,111.505,1777533858.828
2023-04,2023-04-01,2023-05-01,2023-04-06,151116645,111.505,1777533858.828
2023-04,2023-04-01,2023-05-01,2023-04-07,86221943,111.505,1777533858.828
2023-04,2023-04-01,2023-05-01,2023-04-08,105116282,111.505,1777533858.828
2023-04,2023-04-01,2023-05-01,2023-04-09,90408043,111.505,1777533858.828
2023-04,2023-04-01,2023-05-01,2023-04-10,91399483,111.505,1777533858.828
2023-04,2023-04-01,2023-05-01,2023-04-11,128579490,111.505,1777533858.828
2023-04,2023-04-01,2023-05-01,2023-04-12,131643767,111.505,1777533858.828
2023-04,2023-04-01,2023-05-01,2023-04-13,136957397,111.505,1777533858.828
2023-04,2023-04-01,2023-05-01,2023-04-14,140937663,111.505,1777533858.828
2023-04,2023-04-01,2023-05-01,2023-04-15,120202831,111.505,1777533858.828
2023-04,2023-04-01,2023-05-01,2023-04-16,101126346,111.505,1777533858.828
2023-04,2023-04-01,2023-05-01,2023-04-17,129260029,111.505,1777533858.828
2023-04,2023-04-01,2023-05-01,2023-04-18,136115694,111.505,1777533858.828
2023-04,2023-04-01,2023-05-01,2023-04-19,138588150,111.505,1777533858.828
2023-04,2023-04-01,2023-05-01,2023-04-20,138177941,111.505,1777533858.828
2023-04,2023-04-01,2023-05-01,2023-04-21,143894202,111.505,1777533858.828
2023-04,2023-04-01,2023-05-01,2023-04-22,125151094,111.505,1777533858.828
2023-04,2023-04-01,2023-05-01,2023-04-23,106883608,111.505,1777533858.828
2023-04,2023-04-01,2023-05-01,2023-04-24,130719070,111.505,1777533858.828
2023-04,2023-04-01,2023-05-01,2023-04-25,96052775,111.505,1777533858.828
2023-04,2023-04-01,2023-05-01,2023-04-26,141059981,111.505,1777533858.828
2023-04,2023-04-01,2023-05-01,2023-04-27,143418030,111.505,1777533858.828
2023-04,2023-04-01,2023-05-01,2023-04-28,147052601,111.505,1777533858.828
2023-04,2023-04-01,2023-05-01,2023-04-29,128785979,111.505,1777533858.828
2023-04,2023-04-01,2023-05-01,2023-04-30,109242574,111.505,1777533858.828
2023-05,2023-05-01,2023-06-01,2023-05-01,134018895,171.518,1777534266.861
2023-05,2023-05-01,2023-06-01,2023-05-02,138480724,171.518,1777534266.861
2023-05,2023-05-01,2023-06-01,2023-05-03,140538638,171.518,1777534266.861
2023-05,2023-05-01,2023-06-01,2023-05-04,143855823,171.518,1777534266.861
2023-05,2023-05-01,2023-06-01,2023-05-05,147646591,171.518,1777534266.861
2023-05,2023-05-01,2023-06-01,2023-05-06,126450975,171.518,1777534266.861
2023-05,2023-05-01,2023-06-01,2023-05-07,106201529,171.518,1777534266.861
2023-05,2023-05-01,2023-06-01,2023-05-08,131308001,171.518,1777534266.861
2023-05,2023-05-01,2023-06-01,2023-05-09,137456341,171.518,1777534266.861
2023-05,2023-05-01,2023-06-01,2023-05-10,140362901,171.518,1777534266.861
2023-05,2023-05-01,2023-06-01,2023-05-11,144010283,171.518,1777534266.861
2023-05,2023-05-01,2023-06-01,2023-05-12,148392971,171.518,1777534266.861
2023-05,2023-05-01,2023-06-01,2023-05-13,132430738,171.518,1777534266.861
2023-05,2023-05-01,2023-06-01,2023-05-14,114111356,171.518,1777534266.861
2023-05,2023-05-01,2023-06-01,2023-05-15,132946500,171.518,1777534266.861
2023-05,2023-05-01,2023-06-01,2023-05-16,136786532,171.518,1777534266.861
2023-05,2023-05-01,2023-06-01,2023-05-17,140064303,171.518,1777534266.861
2023-05,2023-05-01,2023-06-01,2023-05-18,142722131,171.518,1777534266.861
2023-05,2023-05-01,2023-06-01,2023-05-19,145802007,171.518,1777534266.861
2023-05,2023-05-01,2023-06-01,2023-05-20,126139279,171.518,1777534266.861
2023-05,2023-05-01,2023-06-01,2023-05-21,106330028,171.518,1777534266.861
2023-05,2023-05-01,2023-06-01,2023-05-22,130646381,171.518,1777534266.861
2023-05,2023-05-01,2023-06-01,2023-05-23,137200761,171.518,1777534266.861
2023-05,2023-05-01,2023-06-01,2023-05-24,139973336,171.518,1777534266.861
2023-05,2023-05-01,2023-06-01,2023-05-25,140101800,171.518,1777534266.861
2023-05,2023-05-01,2023-06-01,2023-05-26,145774650,171.518,1777534266.861
2023-05,2023-05-01,2023-06-01,2023-05-27,127892720,171.518,1777534266.861
2023-05,2023-05-01,2023-06-01,2023-05-28,102808875,171.518,1777534266.861
2023-05,2023-05-01,2023-06-01,2023-05-29,130741177,171.518,1777534266.861
2023-05,2023-05-01,2023-06-01,2023-05-30,136117070,171.518,1777534266.861
2023-05,2023-05-01,2023-06-01,2023-05-31,139378405,171.518,1777534266.861
2023-06,2023-06-01,2023-07-01,2023-06-01,141630743,104.964,1777534660.288
2023-06,2023-06-01,2023-07-01,2023-06-02,145898311,104.964,1777534660.288
2023-06,2023-06-01,2023-07-01,2023-06-03,126145149,104.964,1777534660.288
2023-06,2023-06-01,2023-07-01,2023-06-04,107484413,104.964,1777534660.288
2023-06,2023-06-01,2023-07-01,2023-06-05,131287807,104.964,1777534660.288
2023-06,2023-06-01,2023-07-01,2023-06-06,136185328,104.964,1777534660.288
2023-06,2023-06-01,2023-07-01,2023-06-07,137438992,104.964,1777534660.288
2023-06,2023-06-01,2023-07-01,2023-06-08,141336337,104.964,1777534660.288
2023-06,2023-06-01,2023-07-01,2023-06-09,144564667,104.964,1777534660.288
2023-06,2023-06-01,2023-07-01,2023-06-10,118552225,104.964,1777534660.288
2023-06,2023-06-01,2023-07-01,2023-06-11,104268432,104.964,1777534660.288
2023-06,2023-06-01,2023-07-01,2023-06-12,93669983,104.964,1777534660.288
2023-06,2023-06-01,2023-07-01,2023-06-13,133270200,104.964,1777534660.288
2023-06,2023-06-01,2023-07-01,2023-06-14,138988584,104.964,1777534660.288
2023-06,2023-06-01,2023-07-01,2023-06-15,141166810,104.964,1777534660.288
2023-06,2023-06-01,2023-07-01,2023-06-16,146504734,104.964,1777534660.288
2023-06,2023-06-01,2023-07-01,2023-06-17,127566356,104.964,1777534660.288
2023-06,2023-06-01,2023-07-01,2023-06-18,106751963,104.964,1777534660.288
2023-06,2023-06-01,2023-07-01,2023-06-19,129798962,104.964,1777534660.288
2023-06,2023-06-01,2023-07-01,2023-06-20,136139813,104.964,1777534660.288
2023-06,2023-06-01,2023-07-01,2023-06-21,139172780,104.964,1777534660.288
2023-06,2023-06-01,2023-07-01,2023-06-22,141030421,104.964,1777534660.288
2023-06,2023-06-01,2023-07-01,2023-06-23,143354723,104.964,1777534660.288
2023-06,2023-06-01,2023-07-01,2023-06-24,124572671,104.964,1777534660.288
2023-06,2023-06-01,2023-07-01,2023-06-25,102423875,104.964,1777534660.288
2023-06,2023-06-01,2023-07-01,2023-06-26,124655488,104.964,1777534660.288
2023-06,2023-06-01,2023-07-01,2023-06-27,131686553,104.964,1777534660.288
2023-06,2023-06-01,2023-07-01,2023-06-28,133139298,104.964,1777534660.288
2023-06,2023-06-01,2023-07-01,2023-06-29,135770454,104.964,1777534660.288
2023-06,2023-06-01,2023-07-01,2023-06-30,138888342,104.964,1777534660.288
2023-07,2023-07-01,2023-08-01,2023-07-01,119243324,105.306,1777535040.075
2023-07,2023-07-01,2023-08-01,2023-07-02,101136986,105.306,1777535040.075
2023-07,2023-07-01,2023-08-01,2023-07-03,125547336,105.306,1777535040.075
2023-07,2023-07-01,2023-08-01,2023-07-04,130051448,105.306,1777535040.075
2023-07,2023-07-01,2023-08-01,2023-07-05,134312591,105.306,1777535040.075
2023-07,2023-07-01,2023-08-01,2023-07-06,137241166,105.306,1777535040.075
2023-07,2023-07-01,2023-08-01,2023-07-07,140121133,105.306,1777535040.075
2023-07,2023-07-01,2023-08-01,2023-07-08,120196172,105.306,1777535040.075
2023-07,2023-07-01,2023-08-01,2023-07-09,102228078,105.306,1777535040.075
2023-07,2023-07-01,2023-08-01,2023-07-10,127812524,105.306,1777535040.075
2023-07,2023-07-01,2023-08-01,2023-07-11,135738432,105.306,1777535040.075
2023-07,2023-07-01,2023-08-01,2023-07-12,138940462,105.306,1777535040.075
2023-07,2023-07-01,2023-08-01,2023-07-13,140789343,105.306,1777535040.075
2023-07,2023-07-01,2023-08-01,2023-07-14,145481762,105.306,1777535040.075
2023-07,2023-07-01,2023-08-01,2023-07-15,125427417,105.306,1777535040.075
2023-07,2023-07-01,2023-08-01,2023-07-16,106991991,105.306,1777535040.075
2023-07,2023-07-01,2023-08-01,2023-07-17,132578206,105.306,1777535040.075
2023-07,2023-07-01,2023-08-01,2023-07-18,136644300,105.306,1777535040.075
2023-07,2023-07-01,2023-08-01,2023-07-19,140370399,105.306,1777535040.075
2023-07,2023-07-01,2023-08-01,2023-07-20,140996443,105.306,1777535040.075
2023-07,2023-07-01,2023-08-01,2023-07-21,146438702,105.306,1777535040.075
2023-07,2023-07-01,2023-08-01,2023-07-22,127459583,105.306,1777535040.075
2023-07,2023-07-01,2023-08-01,2023-07-23,104831437,105.306,1777535040.075
2023-07,2023-07-01,2023-08-01,2023-07-24,130829261,105.306,1777535040.075
2023-07,2023-07-01,2023-08-01,2023-07-25,137370124,105.306,1777535040.075
2023-07,2023-07-01,2023-08-01,2023-07-26,140714201,105.306,1777535040.075
2023-07,2023-07-01,2023-08-01,2023-07-27,142960557,105.306,1777535040.075
2023-07,2023-07-01,2023-08-01,2023-07-28,147118684,105.306,1777535040.075
2023-07,2023-07-01,2023-08-01,2023-07-29,128753910,105.306,1777535040.075
2023-07,2023-07-01,2023-08-01,2023-07-30,108000720,105.306,1777535040.075
2023-08,2023-08-01,2023-09-01,2023-08-01,137407554,178.784,1777535498.467
2023-08,2023-08-01,2023-09-01,2023-08-02,140574646,178.784,1777535498.467
2023-08,2023-08-01,2023-09-01,2023-08-03,142448112,178.784,1777535498.467
2023-08,2023-08-01,2023-09-01,2023-08-04,144296614,178.784,1777535498.467
2023-08,2023-08-01,2023-09-01,2023-08-05,127219856,178.784,1777535498.467
2023-08,2023-08-01,2023-09-01,2023-08-06,106829457,178.784,1777535498.467
2023-08,2023-08-01,2023-09-01,2023-08-07,130578130,178.784,1777535498.467
2023-08,2023-08-01,2023-09-01,2023-08-08,138035363,178.784,1777535498.467
2023-08,2023-08-01,2023-09-01,2023-08-09,140303519,178.784,1777535498.467
2023-08,2023-08-01,2023-09-01,2023-08-10,143580221,178.784,1777535498.467
2023-08,2023-08-01,2023-09-01,2023-08-11,146027568,178.784,1777535498.467
2023-08,2023-08-01,2023-09-01,2023-08-12,125305108,178.784,1777535498.467
2023-08,2023-08-01,2023-09-01,2023-08-13,107207152,178.784,1777535498.467
2023-08,2023-08-01,2023-09-01,2023-08-14,132217652,178.784,1777535498.467
2023-08,2023-08-01,2023-09-01,2023-08-15,137955846,178.784,1777535498.467
2023-08,2023-08-01,2023-09-01,2023-08-16,140509077,178.784,1777535498.467
2023-08,2023-08-01,2023-09-01,2023-08-17,140932809,178.784,1777535498.467
2023-08,2023-08-01,2023-09-01,2023-08-18,144801321,178.784,1777535498.467
2023-08,2023-08-01,2023-09-01,2023-08-19,125625053,178.784,1777535498.467
2023-08,2023-08-01,2023-09-01,2023-08-20,108083169,178.784,1777535498.467
2023-08,2023-08-01,2023-09-01,2023-08-21,130687787,178.784,1777535498.467
2023-08,2023-08-01,2023-09-01,2023-08-22,135559233,178.784,1777535498.467
2023-08,2023-08-01,2023-09-01,2023-08-23,140545331,178.784,1777535498.467
2023-08,2023-08-01,2023-09-01,2023-08-24,142834525,178.784,1777535498.467
2023-08,2023-08-01,2023-09-01,2023-08-25,147208470,178.784,1777535498.467
2023-08,2023-08-01,2023-09-01,2023-08-26,127566885,178.784,1777535498.467
2023-08,2023-08-01,2023-09-01,2023-08-27,108953625,178.784,1777535498.467
2023-08,2023-08-01,2023-09-01,2023-08-28,133000147,178.784,1777535498.467
2023-08,2023-08-01,2023-09-01,2023-08-29,137150937,178.784,1777535498.467
2023-08,2023-08-01,2023-09-01,2023-08-30,139490471,178.784,1777535498.467
2023-08,2023-08-01,2023-09-01,2023-08-31,143000914,178.784,1777535498.467
2023-09,2023-09-01,2023-10-01,2023-09-01,147454847,166.041,1777535949.522
2023-09,2023-09-01,2023-10-01,2023-09-02,130541254,166.041,1777535949.522
2023-09,2023-09-01,2023-10-01,2023-09-03,112001403,166.041,1777535949.522
2023-09,2023-09-01,2023-10-01,2023-09-04,130225293,166.041,1777535949.522
2023-09,2023-09-01,2023-10-01,2023-09-05,137495062,166.041,1777535949.522
2023-09,2023-09-01,2023-10-01,2023-09-06,141159016,166.041,1777535949.522
2023-09,2023-09-01,2023-10-01,2023-09-07,142443949,166.041,1777535949.522
2023-09,2023-09-01,2023-10-01,2023-09-08,142528193,166.041,1777535949.522
2023-09,2023-09-01,2023-10-01,2023-09-09,126137663,166.041,1777535949.522
2023-09,2023-09-01,2023-10-01,2023-09-10,106531763,166.041,1777535949.522
2023-09,2023-09-01,2023-10-01,2023-09-11,132176574,166.041,1777535949.522
2023-09,2023-09-01,2023-10-01,2023-09-12,137858260,166.041,1777535949.522
2023-09,2023-09-01,2023-10-01,2023-09-13,141050704,166.041,1777535949.522
2023-09,2023-09-01,2023-10-01,2023-09-14,143460518,166.041,1777535949.522
2023-09,2023-09-01,2023-10-01,2023-09-15,147142511,166.041,1777535949.522
2023-09,2023-09-01,2023-10-01,2023-09-16,126674430,166.041,1777535949.522
2023-09,2023-09-01,2023-10-01,2023-09-17,107793479,166.041,1777535949.522
2023-09,2023-09-01,2023-10-01,2023-09-18,128166637,166.041,1777535949.522
2023-09,2023-09-01,2023-10-01,2023-09-19,135282794,166.041,1777535949.522
2023-09,2023-09-01,2023-10-01,2023-09-20,136367647,166.041,1777535949.522
2023-09,2023-09-01,2023-10-01,2023-09-21,139545858,166.041,1777535949.522
2023-09,2023-09-01,2023-10-01,2023-09-22,142755530,166.041,1777535949.522
2023-09,2023-09-01,2023-10-01,2023-09-23,122824110,166.041,1777535949.522
2023-09,2023-09-01,2023-10-01,2023-09-24,108206235,166.041,1777535949.522
2023-09,2023-09-01,2023-10-01,2023-09-25,129421879,166.041,1777535949.522
2023-09,2023-09-01,2023-10-01,2023-09-26,136538135,166.041,1777535949.522
2023-09,2023-09-01,2023-10-01,2023-09-27,140339525,166.041,1777535949.522
2023-09,2023-09-01,2023-10-01,2023-09-28,147517207,166.041,1777535949.522
2023-09,2023-09-01,2023-10-01,2023-09-29,113949839,166.041,1777535949.522
2023-09,2023-09-01,2023-10-01,2023-09-30,106855214,166.041,1777535949.522
2023-10,2023-10-01,2023-11-01,2023-10-01,100607123,164.223,1777536405.034
2023-10,2023-10-01,2023-11-01,2023-10-02,133639070,164.223,1777536405.034
2023-10,2023-10-01,2023-11-01,2023-10-03,135473378,164.223,1777536405.034
2023-10,2023-10-01,2023-11-01,2023-10-04,140527318,164.223,1777536405.034
2023-10,2023-10-01,2023-11-01,2023-10-05,144738721,164.223,1777536405.034
2023-10,2023-10-01,2023-11-01,2023-10-06,149443935,164.223,1777536405.034
2023-10,2023-10-01,2023-11-01,2023-10-07,129529374,164.223,1777536405.034
2023-10,2023-10-01,2023-11-01,2023-10-08,109233841,164.223,1777536405.034
2023-10,2023-10-01,2023-11-01,2023-10-09,136272292,164.223,1777536405.034
2023-10,2023-10-01,2023-11-01,2023-10-10,141753921,164.223,1777536405.034
2023-10,2023-10-01,2023-11-01,2023-10-11,145316216,164.223,1777536405.034
2023-10,2023-10-01,2023-11-01,2023-10-12,143445836,164.223,1777536405.034
2023-10,2023-10-01,2023-11-01,2023-10-13,149222188,164.223,1777536405.034
2023-10,2023-10-01,2023-11-01,2023-10-14,129722153,164.223,1777536405.034
2023-10,2023-10-01,2023-11-01,2023-10-15,107240962,164.223,1777536405.034
2023-10,2023-10-01,2023-11-01,2023-10-16,133672393,164.223,1777536405.034
2023-10,2023-10-01,2023-11-01,2023-10-17,141531609,164.223,1777536405.034
2023-10,2023-10-01,2023-11-01,2023-10-18,144799962,164.223,1777536405.034
2023-10,2023-10-01,2023-11-01,2023-10-19,147956242,164.223,1777536405.034
2023-10,2023-10-01,2023-11-01,2023-10-20,151334544,164.223,1777536405.034
2023-10,2023-10-01,2023-11-01,2023-10-21,130299850,164.223,1777536405.034
2023-10,2023-10-01,2023-11-01,2023-10-22,105843402,164.223,1777536405.034
2023-10,2023-10-01,2023-11-01,2023-10-23,136256119,164.223,1777536405.034
2023-10,2023-10-01,2023-11-01,2023-10-24,141606786,164.223,1777536405.034
2023-10,2023-10-01,2023-11-01,2023-10-25,142892874,164.223,1777536405.034
2023-10,2023-10-01,2023-11-01,2023-10-26,145983842,164.223,1777536405.034
2023-10,2023-10-01,2023-11-01,2023-10-27,151762953,164.223,1777536405.034
2023-10,2023-10-01,2023-11-01,2023-10-28,131853471,164.223,1777536405.034
2023-10,2023-10-01,2023-11-01,2023-10-29,113238395,164.223,1777536405.034
2023-10,2023-10-01,2023-11-01,2023-10-30,136045157,164.223,1777536405.034
2023-10,2023-10-01,2023-11-01,2023-10-31,143016460,164.223,1777536405.034
2023-11,2023-11-01,2023-12-01,2023-11-01,143860459,111.958,1777536813.863
2023-11,2023-11-01,2023-12-01,2023-11-02,146512767,111.958,1777536813.863
2023-11,2023-11-01,2023-12-01,2023-11-03,148781077,111.958,1777536813.863
2023-11,2023-11-01,2023-12-01,2023-11-04,122276322,111.958,1777536813.863
2023-11,2023-11-01,2023-12-01,2023-11-05,105656452,111.958,1777536813.863
2023-11,2023-11-01,2023-12-01,2023-11-06,124437785,111.958,1777536813.863
2023-11,2023-11-01,2023-12-01,2023-11-07,99355021,111.958,1777536813.863
2023-11,2023-11-01,2023-12-01,2023-11-08,141301577,111.958,1777536813.863
2023-11,2023-11-01,2023-12-01,2023-11-09,147437587,111.958,1777536813.863
2023-11,2023-11-01,2023-12-01,2023-11-10,153171387,111.958,1777536813.863
2023-11,2023-11-01,2023-12-01,2023-11-11,131334384,111.958,1777536813.863
2023-11,2023-11-01,2023-12-01,2023-11-12,112286613,111.958,1777536813.863
2023-11,2023-11-01,2023-12-01,2023-11-13,139320944,111.958,1777536813.863
2023-11,2023-11-01,2023-12-01,2023-11-14,144274660,111.958,1777536813.863
2023-11,2023-11-01,2023-12-01,2023-11-15,146799923,111.958,1777536813.863
2023-11,2023-11-01,2023-12-01,2023-11-16,149199033,111.958,1777536813.863
2023-11,2023-11-01,2023-12-01,2023-11-17,153360569,111.958,1777536813.863
2023-11,2023-11-01,2023-12-01,2023-11-18,134170221,111.958,1777536813.863
2023-11,2023-11-01,2023-12-01,2023-11-19,113884448,111.958,1777536813.863
2023-11,2023-11-01,2023-12-01,2023-11-20,137590174,111.958,1777536813.863
2023-11,2023-11-01,2023-12-01,2023-11-21,144340416,111.958,1777536813.863
2023-11,2023-11-01,2023-12-01,2023-11-22,148134486,111.958,1777536813.863
2023-11,2023-11-01,2023-12-01,2023-11-23,151506833,111.958,1777536813.863
2023-11,2023-11-01,2023-12-01,2023-11-24,155092991,111.958,1777536813.863
2023-11,2023-11-01,2023-12-01,2023-11-25,134401695,111.958,1777536813.863
2023-11,2023-11-01,2023-12-01,2023-11-26,114135516,111.958,1777536813.863
2023-11,2023-11-01,2023-12-01,2023-11-27,140766834,111.958,1777536813.863
2023-11,2023-11-01,2023-12-01,2023-11-28,145055092,111.958,1777536813.863
2023-11,2023-11-01,2023-12-01,2023-11-29,143678799,111.958,1777536813.863
2023-11,2023-11-01,2023-12-01,2023-11-30,149748143,111.958,1777536813.863
2023-12,2023-12-01,2024-01-01,2023-12-01,154075883,110.48,1777537220.651
2023-12,2023-12-01,2024-01-01,2023-12-02,129319953,110.48,1777537220.651
2023-12,2023-12-01,2024-01-01,2023-12-03,115647677,110.48,1777537220.651
2023-12,2023-12-01,2024-01-01,2023-12-04,140970313,110.48,1777537220.651
2023-12,2023-12-01,2024-01-01,2023-12-05,146882353,110.48,1777537220.651
2023-12,2023-12-01,2024-01-01,2023-12-06,150465806,110.48,1777537220.651
2023-12,2023-12-01,2024-01-01,2023-12-07,152653012,110.48,1777537220.651
2023-12,2023-12-01,2024-01-01,2023-12-08,154837732,110.48,1777537220.651
2023-12,2023-12-01,2024-01-01,2023-12-09,123403984,110.48,1777537220.651
2023-12,2023-12-01,2024-01-01,2023-12-10,114866212,110.48,1777537220.651
2023-12,2023-12-01,2024-01-01,2023-12-11,134954752,110.48,1777537220.651
2023-12,2023-12-01,2024-01-01,2023-12-12,147333190,110.48,1777537220.651
2023-12,2023-12-01,2024-01-01,2023-12-13,146303401,110.48,1777537220.651
2023-12,2023-12-01,2024-01-01,2023-12-14,146946741,110.48,1777537220.651
2023-12,2023-12-01,2024-01-01,2023-12-15,157265385,110.48,1777537220.651
2023-12,2023-12-01,2024-01-01,2023-12-16,136105164,110.48,1777537220.651
2023-12,2023-12-01,2024-01-01,2023-12-17,118122150,110.48,1777537220.651
2023-12,2023-12-01,2024-01-01,2023-12-18,138858137,110.48,1777537220.651
2023-12,2023-12-01,2024-01-01,2023-12-19,144898371,110.48,1777537220.651
2023-12,2023-12-01,2024-01-01,2023-12-20,145108422,110.48,1777537220.651
2023-12,2023-12-01,2024-01-01,2023-12-21,150845557,110.48,1777537220.651
2023-12,2023-12-01,2024-01-01,2023-12-22,147886135,110.48,1777537220.651
2023-12,2023-12-01,2024-01-01,2023-12-23,125475934,110.48,1777537220.651
2023-12,2023-12-01,2024-01-01,2023-12-24,107457696,110.48,1777537220.651
2023-12,2023-12-01,2024-01-01,2023-12-25,78973165,110.48,1777537220.651
2023-12,2023-12-01,2024-01-01,2023-12-26,92176898,110.48,1777537220.651
2023-12,2023-12-01,2024-01-01,2023-12-27,109947502,110.48,1777537220.651
2023-12,2023-12-01,2024-01-01,2023-12-28,111102482,110.48,1777537220.651
2023-12,2023-12-01,2024-01-01,2023-12-29,114128556,110.48,1777537220.651
2023-12,2023-12-01,2024-01-01,2023-12-30,100929008,110.48,1777537220.651
2023-12,2023-12-01,2024-01-01,2023-12-31,94837696,110.48,1777537220.651
2024-01,2024-01-01,2024-02-01,2024-01-01,86730229,110.862,1777537547.533
2024-01,2024-01-01,2024-02-01,2024-01-02,102656290,110.862,1777537547.533
2024-01,2024-01-01,2024-02-01,2024-01-03,109813404,110.862,1777537547.533
2024-01,2024-01-01,2024-02-01,2024-01-04,115323473,110.862,1777537547.533
2024-01,2024-01-01,2024-02-01,2024-01-05,119963872,110.862,1777537547.533
2024-01,2024-01-01,2024-02-01,2024-01-06,109296052,110.862,1777537547.533
2024-01,2024-01-01,2024-02-01,2024-01-07,91801954,110.862,1777537547.533
2024-01,2024-01-01,2024-02-01,2024-01-08,112800022,110.862,1777537547.533
2024-01,2024-01-01,2024-02-01,2024-01-09,124512543,110.862,1777537547.533
2024-01,2024-01-01,2024-02-01,2024-01-10,128718189,110.862,1777537547.533
2024-01,2024-01-01,2024-02-01,2024-01-11,132152569,110.862,1777537547.533
2024-01,2024-01-01,2024-02-01,2024-01-12,136074495,110.862,1777537547.533
2024-01,2024-01-01,2024-02-01,2024-01-13,117476612,110.862,1777537547.533
2024-01,2024-01-01,2024-02-01,2024-01-14,104421379,110.862,1777537547.533
2024-01,2024-01-01,2024-02-01,2024-01-15,121602594,110.862,1777537547.533
2024-01,2024-01-01,2024-02-01,2024-01-16,131130810,110.862,1777537547.533
2024-01,2024-01-01,2024-02-01,2024-01-17,134375682,110.862,1777537547.533
2024-01,2024-01-01,2024-02-01,2024-01-18,140036538,110.862,1777537547.533
2024-01,2024-01-01,2024-02-01,2024-01-19,143055155,110.862,1777537547.533
2024-01,2024-01-01,2024-02-01,2024-01-20,123897633,110.862,1777537547.533
2024-01,2024-01-01,2024-02-01,2024-01-21,107132261,110.862,1777537547.533
2024-01,2024-01-01,2024-02-01,2024-01-22,131663742,110.862,1777537547.533
2024-01,2024-01-01,2024-02-01,2024-01-23,139545539,110.862,1777537547.533
2024-01,2024-01-01,2024-02-01,2024-01-24,142413270,110.862,1777537547.533
2024-01,2024-01-01,2024-02-01,2024-01-25,147558128,110.862,1777537547.533
2024-01,2024-01-01,2024-02-01,2024-01-26,105938236,110.862,1777537547.533
2024-01,2024-01-01,2024-02-01,2024-01-27,115839905,110.862,1777537547.533
2024-01,2024-01-01,2024-02-01,2024-01-28,106175455,110.862,1777537547.533
2024-01,2024-01-01,2024-02-01,2024-01-29,135280689,110.862,1777537547.533
2024-01,2024-01-01,2024-02-01,2024-01-30,142113845,110.862,1777537547.533
2024-01,2024-01-01,2024-02-01,2024-01-31,145396001,110.862,1777537547.533
2024-02,2024-02-01,2024-03-01,2024-02-01,147956156,96.319,1777537911.619
2024-02,2024-02-01,2024-03-01,2024-02-02,152376341,96.319,1777537911.619
2024-02,2024-02-01,2024-03-01,2024-02-03,132397641,96.319,1777537911.619
2024-02,2024-02-01,2024-03-01,2024-02-04,108621654,96.319,1777537911.619
2024-02,2024-02-01,2024-03-01,2024-02-05,139411036,96.319,1777537911.619
2024-02,2024-02-01,2024-03-01,2024-02-06,145022310,96.319,1777537911.619
2024-02,2024-02-01,2024-03-01,2024-02-07,148044910,96.319,1777537911.619
2024-02,2024-02-01,2024-03-01,2024-02-08,149866861,96.319,1777537911.619
2024-02,2024-02-01,2024-03-01,2024-02-09,153641327,96.319,1777537911.619
2024-02,2024-02-01,2024-03-01,2024-02-10,132926395,96.319,1777537911.619
2024-02,2024-02-01,2024-03-01,2024-02-11,112382769,96.319,1777537911.619
2024-02,2024-02-01,2024-03-01,2024-02-12,137579019,96.319,1777537911.619
2024-02,2024-02-01,2024-03-01,2024-02-13,135893077,96.319,1777537911.619
2024-02,2024-02-01,2024-03-01,2024-02-14,149148701,96.319,1777537911.619
2024-02,2024-02-01,2024-03-01,2024-02-15,149979895,96.319,1777537911.619
2024-02,2024-02-01,2024-03-01,2024-02-16,153634503,96.319,1777537911.619
2024-02,2024-02-01,2024-03-01,2024-02-17,134799866,96.319,1777537911.619
2024-02,2024-02-01,2024-03-01,2024-02-18,114730205,96.319,1777537911.619
2024-02,2024-02-01,2024-03-01,2024-02-19,139676309,96.319,1777537911.619
2024-02,2024-02-01,2024-03-01,2024-02-20,145276644,96.319,1777537911.619
2024-02,2024-02-01,2024-03-01,2024-02-21,147997422,96.319,1777537911.619
2024-02,2024-02-01,2024-03-01,2024-02-22,145690998,96.319,1777537911.619
2024-02,2024-02-01,2024-03-01,2024-02-23,154466985,96.319,1777537911.619
2024-02,2024-02-01,2024-03-01,2024-02-24,134177459,96.319,1777537911.619
2024-02,2024-02-01,2024-03-01,2024-02-25,113935338,96.319,1777537911.619
2024-02,2024-02-01,2024-03-01,2024-02-26,139636923,96.319,1777537911.619
2024-02,2024-02-01,2024-03-01,2024-02-27,146125470,96.319,1777537911.619
2024-02,2024-02-01,2024-03-01,2024-02-28,145092210,96.319,1777537911.619
2024-02,2024-02-01,2024-03-01,2024-02-29,151067880,96.319,1777537911.619
2024-03,2024-03-01,2024-04-01,2024-03-01,154596280,131.661,1777538274.807
2024-03,2024-03-01,2024-04-01,2024-03-02,134352800,131.661,1777538274.807
2024-03,2024-03-01,2024-04-01,2024-03-03,113115456,131.661,1777538274.807
2024-03,2024-03-01,2024-04-01,2024-03-04,141280434,131.661,1777538274.807
2024-03,2024-03-01,2024-04-01,2024-03-05,146440282,131.661,1777538274.807
2024-03,2024-03-01,2024-04-01,2024-03-06,149218966,131.661,1777538274.807
2024-03,2024-03-01,2024-04-01,2024-03-07,152168341,131.661,1777538274.807
2024-03,2024-03-01,2024-04-01,2024-03-08,154808647,131.661,1777538274.807
2024-03,2024-03-01,2024-04-01,2024-03-09,120073892,131.661,1777538274.807
2024-03,2024-03-01,2024-04-01,2024-03-10,104696921,131.661,1777538274.807
2024-03,2024-03-01,2024-04-01,2024-03-11,99098068,131.661,1777538274.807
2024-03,2024-03-01,2024-04-01,2024-03-12,143053620,131.661,1777538274.807
2024-03,2024-03-01,2024-04-01,2024-03-13,148089917,131.661,1777538274.807
2024-03,2024-03-01,2024-04-01,2024-03-14,150640936,131.661,1777538274.807
2024-03,2024-03-01,2024-04-01,2024-03-15,155148752,131.661,1777538274.807
2024-03,2024-03-01,2024-04-01,2024-03-16,135666157,131.661,1777538274.807
2024-03,2024-03-01,2024-04-01,2024-03-17,116242602,131.661,1777538274.807
2024-03,2024-03-01,2024-04-01,2024-03-18,141214028,131.661,1777538274.807
2024-03,2024-03-01,2024-04-01,2024-03-19,145313666,131.661,1777538274.807
2024-03,2024-03-01,2024-04-01,2024-03-20,149766014,131.661,1777538274.807
2024-03,2024-03-01,2024-04-01,2024-03-21,151964550,131.661,1777538274.807
2024-03,2024-03-01,2024-04-01,2024-03-22,155318066,131.661,1777538274.807
2024-03,2024-03-01,2024-04-01,2024-03-23,134292053,131.661,1777538274.807
2024-03,2024-03-01,2024-04-01,2024-03-24,113855327,131.661,1777538274.807
2024-03,2024-03-01,2024-04-01,2024-03-25,140689645,131.661,1777538274.807
2024-03,2024-03-01,2024-04-01,2024-03-26,146394380,131.661,1777538274.807
2024-03,2024-03-01,2024-04-01,2024-03-27,150425760,131.661,1777538274.807
2024-03,2024-03-01,2024-04-01,2024-03-28,156611069,131.661,1777538274.807
2024-03,2024-03-01,2024-04-01,2024-03-29,94922149,131.661,1777538274.807
2024-03,2024-03-01,2024-04-01,2024-03-30,110136216,131.661,1777538274.807
2024-03,2024-03-01,2024-04-01,2024-03-31,97195332,131.661,1777538274.807
2024-04,2024-04-01,2024-05-01,2024-04-01,92293550,117.358,1777538698.318
2024-04,2024-04-01,2024-05-01,2024-04-02,129196068,117.358,1777538698.318
2024-04,2024-04-01,2024-05-01,2024-04-03,134637881,117.358,1777538698.318
2024-04,2024-04-01,2024-05-01,2024-04-04,140052228,117.358,1777538698.318
2024-04,2024-04-01,2024-05-01,2024-04-05,143678522,117.358,1777538698.318
2024-04,2024-04-01,2024-05-01,2024-04-06,124349190,117.358,1777538698.318
2024-04,2024-04-01,2024-05-01,2024-04-07,107679205,117.358,1777538698.318
2024-04,2024-04-01,2024-05-01,2024-04-08,133278783,117.358,1777538698.318
2024-04,2024-04-01,2024-05-01,2024-04-09,139319142,117.358,1777538698.318
2024-04,2024-04-01,2024-05-01,2024-04-10,142181471,117.358,1777538698.318
2024-04,2024-04-01,2024-05-01,2024-04-11,144611358,117.358,1777538698.318
2024-04,2024-04-01,2024-05-01,2024-04-12,147356622,117.358,1777538698.318
2024-04,2024-04-01,2024-05-01,2024-04-13,130113434,117.358,1777538698.318
2024-04,2024-04-01,2024-05-01,2024-04-14,111525369,117.358,1777538698.318
2024-04,2024-04-01,2024-05-01,2024-04-15,137781463,117.358,1777538698.318
2024-04,2024-04-01,2024-05-01,2024-04-16,143735445,117.358,1777538698.318
2024-04,2024-04-01,2024-05-01,2024-04-17,146547156,117.358,1777538698.318
2024-04,2024-04-01,2024-05-01,2024-04-18,148490105,117.358,1777538698.318
2024-04,2024-04-01,2024-05-01,2024-04-19,152259645,117.358,1777538698.318
2024-04,2024-04-01,2024-05-01,2024-04-20,133328765,117.358,1777538698.318
2024-04,2024-04-01,2024-05-01,2024-04-21,112993068,117.358,1777538698.318
2024-04,2024-04-01,2024-05-01,2024-04-22,139142973,117.358,1777538698.318
2024-04,2024-04-01,2024-05-01,2024-04-23,145312109,117.358,1777538698.318
2024-04,2024-04-01,2024-05-01,2024-04-24,142918272,117.358,1777538698.318
2024-04,2024-04-01,2024-05-01,2024-04-25,100947394,117.358,1777538698.318
2024-04,2024-04-01,2024-05-01,2024-04-26,141172831,117.358,1777538698.318
2024-04,2024-04-01,2024-05-01,2024-04-27,126957159,117.358,1777538698.318
2024-04,2024-04-01,2024-05-01,2024-04-28,110506829,117.358,1777538698.318
2024-04,2024-04-01,2024-05-01,2024-04-29,136707240,117.358,1777538698.318
2024-04,2024-04-01,2024-05-01,2024-04-30,143139191,117.358,1777538698.318
2024-05,2024-05-01,2024-06-01,2024-05-01,146562121,139.978,1777539145.572
2024-05,2024-05-01,2024-06-01,2024-05-02,148054003,139.978,1777539145.572
2024-05,2024-05-01,2024-06-01,2024-05-03,152507932,139.978,1777539145.572
2024-05,2024-05-01,2024-06-01,2024-05-04,133517236,139.978,1777539145.572
2024-05,2024-05-01,2024-06-01,2024-05-05,112436403,139.978,1777539145.572
2024-05,2024-05-01,2024-06-01,2024-05-06,136084422,139.978,1777539145.572
2024-05,2024-05-01,2024-06-01,2024-05-07,142923008,139.978,1777539145.572
2024-05,2024-05-01,2024-06-01,2024-05-08,145214682,139.978,1777539145.572
2024-05,2024-05-01,2024-06-01,2024-05-09,147910574,139.978,1777539145.572
2024-05,2024-05-01,2024-06-01,2024-05-10,150627029,139.978,1777539145.572
2024-05,2024-05-01,2024-06-01,2024-05-11,135802901,139.978,1777539145.572
2024-05,2024-05-01,2024-06-01,2024-05-12,119820794,139.978,1777539145.572
2024-05,2024-05-01,2024-06-01,2024-05-13,136715336,139.978,1777539145.572
2024-05,2024-05-01,2024-06-01,2024-05-14,141443892,139.978,1777539145.572
2024-05,2024-05-01,2024-06-01,2024-05-15,144374646,139.978,1777539145.572
2024-05,2024-05-01,2024-06-01,2024-05-16,146551566,139.978,1777539145.572
2024-05,2024-05-01,2024-06-01,2024-05-17,148668909,139.978,1777539145.572
2024-05,2024-05-01,2024-06-01,2024-05-18,131017684,139.978,1777539145.572
2024-05,2024-05-01,2024-06-01,2024-05-19,107695409,139.978,1777539145.572
2024-05,2024-05-01,2024-06-01,2024-05-20,133951114,139.978,1777539145.572
2024-05,2024-05-01,2024-06-01,2024-05-21,141007811,139.978,1777539145.572
2024-05,2024-05-01,2024-06-01,2024-05-22,144240483,139.978,1777539145.572
2024-05,2024-05-01,2024-06-01,2024-05-23,145984608,139.978,1777539145.572
2024-05,2024-05-01,2024-06-01,2024-05-24,149511947,139.978,1777539145.572
2024-05,2024-05-01,2024-06-01,2024-05-25,130988815,139.978,1777539145.572
2024-05,2024-05-01,2024-06-01,2024-05-26,111218469,139.978,1777539145.572
2024-05,2024-05-01,2024-06-01,2024-05-27,135247453,139.978,1777539145.572
2024-05,2024-05-01,2024-06-01,2024-05-28,140796363,139.978,1777539145.572
2024-05,2024-05-01,2024-06-01,2024-05-29,143488532,139.978,1777539145.572
2024-05,2024-05-01,2024-06-01,2024-05-30,143528635,139.978,1777539145.572
2024-05,2024-05-01,2024-06-01,2024-05-31,148859708,139.978,1777539145.572
2024-06,2024-06-01,2024-07-01,2024-06-01,129757042,119.887,1777539533.353
2024-06,2024-06-01,2024-07-01,2024-06-02,107621417,119.887,1777539533.353
2024-06,2024-06-01,2024-07-01,2024-06-03,134242611,119.887,1777539533.353
2024-06,2024-06-01,2024-07-01,2024-06-04,139470543,119.887,1777539533.353
2024-06,2024-06-01,2024-07-01,2024-06-05,142551895,119.887,1777539533.353
2024-06,2024-06-01,2024-07-01,2024-06-06,145613337,119.887,1777539533.353
2024-06,2024-06-01,2024-07-01,2024-06-07,148082796,119.887,1777539533.353
2024-06,2024-06-01,2024-07-01,2024-06-08,120906471,119.887,1777539533.353
2024-06,2024-06-01,2024-07-01,2024-06-09,104273842,119.887,1777539533.353
2024-06,2024-06-01,2024-07-01,2024-06-10,96886872,119.887,1777539533.353
2024-06,2024-06-01,2024-07-01,2024-06-11,134656753,119.887,1777539533.353
2024-06,2024-06-01,2024-07-01,2024-06-12,141944468,119.887,1777539533.353
2024-06,2024-06-01,2024-07-01,2024-06-13,144420474,119.887,1777539533.353
2024-06,2024-06-01,2024-07-01,2024-06-14,148986250,119.887,1777539533.353
2024-06,2024-06-01,2024-07-01,2024-06-15,130981551,119.887,1777539533.353
2024-06,2024-06-01,2024-07-01,2024-06-16,109416316,119.887,1777539533.353
2024-06,2024-06-01,2024-07-01,2024-06-17,135194588,119.887,1777539533.353
2024-06,2024-06-01,2024-07-01,2024-06-18,140667870,119.887,1777539533.353
2024-06,2024-06-01,2024-07-01,2024-06-19,144263462,119.887,1777539533.353
2024-06,2024-06-01,2024-07-01,2024-06-20,145779483,119.887,1777539533.353
2024-06,2024-06-01,2024-07-01,2024-06-21,149975170,119.887,1777539533.353
2024-06,2024-06-01,2024-07-01,2024-06-22,130777586,119.887,1777539533.353
2024-06,2024-06-01,2024-07-01,2024-06-23,110744516,119.887,1777539533.353
2024-06,2024-06-01,2024-07-01,2024-06-24,132976016,119.887,1777539533.353
2024-06,2024-06-01,2024-07-01,2024-06-25,139506233,119.887,1777539533.353
2024-06,2024-06-01,2024-07-01,2024-06-26,142324065,119.887,1777539533.353
2024-06,2024-06-01,2024-07-01,2024-06-27,144556102,119.887,1777539533.353
2024-06,2024-06-01,2024-07-01,2024-06-28,148336154,119.887,1777539533.353
2024-06,2024-06-01,2024-07-01,2024-06-29,122605889,119.887,1777539533.353
2024-06,2024-06-01,2024-07-01,2024-06-30,105235546,119.887,1777539533.353
2024-07,2024-07-01,2024-08-01,2024-07-01,128505600,122.099,1777539946.647
2024-07,2024-07-01,2024-08-01,2024-07-02,134653559,122.099,1777539946.647
2024-07,2024-07-01,2024-08-01,2024-07-03,137599657,122.099,1777539946.647
2024-07,2024-07-01,2024-08-01,2024-07-04,139043992,122.099,1777539946.647
2024-07,2024-07-01,2024-08-01,2024-07-05,141987752,122.099,1777539946.647
2024-07,2024-07-01,2024-08-01,2024-07-06,121890571,122.099,1777539946.647
2024-07,2024-07-01,2024-08-01,2024-07-07,105475495,122.099,1777539946.647
2024-07,2024-07-01,2024-08-01,2024-07-08,127154600,122.099,1777539946.647
2024-07,2024-07-01,2024-08-01,2024-07-09,132267579,122.099,1777539946.647
2024-07,2024-07-01,2024-08-01,2024-07-10,137991067,122.099,1777539946.647
2024-07,2024-07-01,2024-08-01,2024-07-11,139870029,122.099,1777539946.647
2024-07,2024-07-01,2024-08-01,2024-07-12,144421815,122.099,1777539946.647
2024-07,2024-07-01,2024-08-01,2024-07-13,125390812,122.099,1777539946.647
2024-07,2024-07-01,2024-08-01,2024-07-14,105810901,122.099,1777539946.647
2024-07,2024-07-01,2024-08-01,2024-07-15,131938210,122.099,1777539946.647
2024-07,2024-07-01,2024-08-01,2024-07-16,138994730,122.099,1777539946.647
2024-07,2024-07-01,2024-08-01,2024-07-17,142627925,122.099,1777539946.647
2024-07,2024-07-01,2024-08-01,2024-07-18,145688569,122.099,1777539946.647
2024-07,2024-07-01,2024-08-01,2024-07-19,148580803,122.099,1777539946.647
2024-07,2024-07-01,2024-08-01,2024-07-20,126135978,122.099,1777539946.647
2024-07,2024-07-01,2024-08-01,2024-07-21,109285303,122.099,1777539946.647
2024-07,2024-07-01,2024-08-01,2024-07-22,134989967,122.099,1777539946.647
2024-07,2024-07-01,2024-08-01,2024-07-23,142354650,122.099,1777539946.647
2024-07,2024-07-01,2024-08-01,2024-07-24,144391688,122.099,1777539946.647
2024-07,2024-07-01,2024-08-01,2024-07-25,145247526,122.099,1777539946.647
2024-07,2024-07-01,2024-08-01,2024-07-26,151674106,122.099,1777539946.647
2024-07,2024-07-01,2024-08-01,2024-07-27,127739356,122.099,1777539946.647
2024-07,2024-07-01,2024-08-01,2024-07-28,107557931,122.099,1777539946.647
2024-07,2024-07-01,2024-08-01,2024-07-29,135176213,122.099,1777539946.647
2024-07,2024-07-01,2024-08-01,2024-07-30,142211150,122.099,1777539946.647
2024-07,2024-07-01,2024-08-01,2024-07-31,144834616,122.099,1777539946.647
2024-08,2024-08-01,2024-09-01,2024-08-01,146522944,128.689,1777540407.335
2024-08,2024-08-01,2024-09-01,2024-08-02,150140827,128.689,1777540407.335
2024-08,2024-08-01,2024-09-01,2024-08-03,129942555,128.689,1777540407.335
2024-08,2024-08-01,2024-09-01,2024-08-04,111330862,128.689,1777540407.335
2024-08,2024-08-01,2024-09-01,2024-08-05,134579388,128.689,1777540407.335
2024-08,2024-08-01,2024-09-01,2024-08-06,141648816,128.689,1777540407.335
2024-08,2024-08-01,2024-09-01,2024-08-07,144334171,128.689,1777540407.335
2024-08,2024-08-01,2024-09-01,2024-08-08,146116146,128.689,1777540407.335
2024-08,2024-08-01,2024-09-01,2024-08-09,150517128,128.689,1777540407.335
2024-08,2024-08-01,2024-09-01,2024-08-10,132202577,128.689,1777540407.335
2024-08,2024-08-01,2024-09-01,2024-08-11,113534407,128.689,1777540407.335
2024-08,2024-08-01,2024-09-01,2024-08-12,136982159,128.689,1777540407.335
2024-08,2024-08-01,2024-09-01,2024-08-13,142449049,128.689,1777540407.335
2024-08,2024-08-01,2024-09-01,2024-08-14,145310960,128.689,1777540407.335
2024-08,2024-08-01,2024-09-01,2024-08-15,147527072,128.689,1777540407.335
2024-08,2024-08-01,2024-09-01,2024-08-16,150053799,128.689,1777540407.335
2024-08,2024-08-01,2024-09-01,2024-08-17,130298093,128.689,1777540407.335
2024-08,2024-08-01,2024-09-01,2024-08-18,112345971,128.689,1777540407.335
2024-08,2024-08-01,2024-09-01,2024-08-19,135968559,128.689,1777540407.335
2024-08,2024-08-01,2024-09-01,2024-08-20,141270999,128.689,1777540407.335
2024-08,2024-08-01,2024-09-01,2024-08-21,144907968,128.689,1777540407.335
2024-08,2024-08-01,2024-09-01,2024-08-22,147403437,128.689,1777540407.335
2024-08,2024-08-01,2024-09-01,2024-08-23,150452187,128.689,1777540407.335
2024-08,2024-08-01,2024-09-01,2024-08-24,132904024,128.689,1777540407.335
2024-08,2024-08-01,2024-09-01,2024-08-25,109695357,128.689,1777540407.335
2024-08,2024-08-01,2024-09-01,2024-08-26,136877341,128.689,1777540407.335
2024-08,2024-08-01,2024-09-01,2024-08-27,141943952,128.689,1777540407.335
2024-08,2024-08-01,2024-09-01,2024-08-28,143815041,128.689,1777540407.335
2024-08,2024-08-01,2024-09-01,2024-08-29,148406232,128.689,1777540407.335
2024-08,2024-08-01,2024-09-01,2024-08-30,152506374,128.689,1777540407.335
2024-08,2024-08-01,2024-09-01,2024-08-31,133537538,128.689,1777540407.335
2024-09,2024-09-01,2024-10-01,2024-09-01,112265081,112.611,1777540833.957
2024-09,2024-09-01,2024-10-01,2024-09-02,129392332,112.611,1777540833.957
2024-09,2024-09-01,2024-10-01,2024-09-03,143033072,112.611,1777540833.957
2024-09,2024-09-01,2024-10-01,2024-09-04,145901005,112.611,1777540833.957
2024-09,2024-09-01,2024-10-01,2024-09-05,145866028,112.611,1777540833.957
2024-09,2024-09-01,2024-10-01,2024-09-06,150035445,112.611,1777540833.957
2024-09,2024-09-01,2024-10-01,2024-09-07,133054238,112.611,1777540833.957
2024-09,2024-09-01,2024-10-01,2024-09-08,110500365,112.611,1777540833.957
2024-09,2024-09-01,2024-10-01,2024-09-09,137399112,112.611,1777540833.957
2024-09,2024-09-01,2024-10-01,2024-09-10,143429324,112.611,1777540833.957
2024-09,2024-09-01,2024-10-01,2024-09-11,143794304,112.611,1777540833.957
2024-09,2024-09-01,2024-10-01,2024-09-12,148544665,112.611,1777540833.957
2024-09,2024-09-01,2024-10-01,2024-09-13,151709781,112.611,1777540833.957
2024-09,2024-09-01,2024-10-01,2024-09-14,127366775,112.611,1777540833.957
2024-09,2024-09-01,2024-10-01,2024-09-15,110983513,112.611,1777540833.957
2024-09,2024-09-01,2024-10-01,2024-09-16,135243912,112.611,1777540833.957
2024-09,2024-09-01,2024-10-01,2024-09-17,142953654,112.611,1777540833.957
2024-09,2024-09-01,2024-10-01,2024-09-18,145574764,112.611,1777540833.957
2024-09,2024-09-01,2024-10-01,2024-09-19,146958938,112.611,1777540833.957
2024-09,2024-09-01,2024-10-01,2024-09-20,149866039,112.611,1777540833.957
2024-09,2024-09-01,2024-10-01,2024-09-21,128204426,112.611,1777540833.957
2024-09,2024-09-01,2024-10-01,2024-09-22,109824126,112.611,1777540833.957
2024-09,2024-09-01,2024-10-01,2024-09-23,132824255,112.611,1777540833.957
2024-09,2024-09-01,2024-10-01,2024-09-24,139889882,112.611,1777540833.957
2024-09,2024-09-01,2024-10-01,2024-09-25,139420224,112.611,1777540833.957
2024-09,2024-09-01,2024-10-01,2024-09-26,148503410,112.611,1777540833.957
2024-09,2024-09-01,2024-10-01,2024-09-27,115383152,112.611,1777540833.957
2024-09,2024-09-01,2024-10-01,2024-09-28,110521407,112.611,1777540833.957
2024-09,2024-09-01,2024-10-01,2024-09-29,100143669,112.611,1777540833.957
2024-10,2024-10-01,2024-11-01,2024-10-01,139560454,124.217,1777541237.103
2024-10,2024-10-01,2024-11-01,2024-10-02,143991265,124.217,1777541237.103
2024-10,2024-10-01,2024-11-01,2024-10-03,147157526,124.217,1777541237.103
2024-10,2024-10-01,2024-11-01,2024-10-04,147460797,124.217,1777541237.103
2024-10,2024-10-01,2024-11-01,2024-10-05,128521481,124.217,1777541237.103
2024-10,2024-10-01,2024-11-01,2024-10-06,109325376,124.217,1777541237.103
2024-10,2024-10-01,2024-11-01,2024-10-07,136742749,124.217,1777541237.103
2024-10,2024-10-01,2024-11-01,2024-10-08,145146902,124.217,1777541237.103
2024-10,2024-10-01,2024-11-01,2024-10-09,149423230,124.217,1777541237.103
2024-10,2024-10-01,2024-11-01,2024-10-10,151616893,124.217,1777541237.103
2024-10,2024-10-01,2024-11-01,2024-10-11,156141004,124.217,1777541237.103
2024-10,2024-10-01,2024-11-01,2024-10-12,136214255,124.217,1777541237.103
2024-10,2024-10-01,2024-11-01,2024-10-13,115641906,124.217,1777541237.103
2024-10,2024-10-01,2024-11-01,2024-10-14,141421933,124.217,1777541237.103
2024-10,2024-10-01,2024-11-01,2024-10-15,147649589,124.217,1777541237.103
2024-10,2024-10-01,2024-11-01,2024-10-16,149821656,124.217,1777541237.103
2024-10,2024-10-01,2024-11-01,2024-10-17,150713303,124.217,1777541237.103
2024-10,2024-10-01,2024-11-01,2024-10-18,149884781,124.217,1777541237.103
2024-10,2024-10-01,2024-11-01,2024-10-19,135736258,124.217,1777541237.103
2024-10,2024-10-01,2024-11-01,2024-10-20,114905476,124.217,1777541237.103
2024-10,2024-10-01,2024-11-01,2024-10-21,141849704,124.217,1777541237.103
2024-10,2024-10-01,2024-11-01,2024-10-22,148216053,124.217,1777541237.103
2024-10,2024-10-01,2024-11-01,2024-10-23,150407022,124.217,1777541237.103
2024-10,2024-10-01,2024-11-01,2024-10-24,152932425,124.217,1777541237.103
2024-10,2024-10-01,2024-11-01,2024-10-25,157370007,124.217,1777541237.103
2024-10,2024-10-01,2024-11-01,2024-10-26,137919034,124.217,1777541237.103
2024-10,2024-10-01,2024-11-01,2024-10-27,115468097,124.217,1777541237.103
2024-10,2024-10-01,2024-11-01,2024-10-28,141856503,124.217,1777541237.103
2024-10,2024-10-01,2024-11-01,2024-10-29,147625375,124.217,1777541237.103
2024-10,2024-10-01,2024-11-01,2024-10-30,150645423,124.217,1777541237.103
2024-10,2024-10-01,2024-11-01,2024-10-31,153860441,124.217,1777541237.103
2024-11,2024-11-01,2024-12-01,2024-11-01,155451287,94.446,1777541633.704
2024-11,2024-11-01,2024-12-01,2024-11-02,127297257,94.446,1777541633.704
2024-11,2024-11-01,2024-12-01,2024-11-03,108770721,94.446,1777541633.704
2024-11,2024-11-01,2024-12-01,2024-11-04,128527858,94.446,1777541633.704
2024-11,2024-11-01,2024-12-01,2024-11-05,105076225,94.446,1777541633.704
2024-11,2024-11-01,2024-12-01,2024-11-06,144923393,94.446,1777541633.704
2024-11,2024-11-01,2024-12-01,2024-11-07,151722932,94.446,1777541633.704
2024-11,2024-11-01,2024-12-01,2024-11-08,155995283,94.446,1777541633.704
2024-11,2024-11-01,2024-12-01,2024-11-09,135270896,94.446,1777541633.704
2024-11,2024-11-01,2024-12-01,2024-11-10,115482875,94.446,1777541633.704
2024-11,2024-11-01,2024-12-01,2024-11-11,143546936,94.446,1777541633.704
2024-11,2024-11-01,2024-12-01,2024-11-12,148559905,94.446,1777541633.704
2024-11,2024-11-01,2024-12-01,2024-11-13,150822924,94.446,1777541633.704
2024-11,2024-11-01,2024-12-01,2024-11-14,154632638,94.446,1777541633.704
2024-11,2024-11-01,2024-12-01,2024-11-15,158866213,94.446,1777541633.704
2024-11,2024-11-01,2024-12-01,2024-11-16,137078186,94.446,1777541633.704
2024-11,2024-11-01,2024-12-01,2024-11-17,114056730,94.446,1777541633.704
2024-11,2024-11-01,2024-12-01,2024-11-18,143081004,94.446,1777541633.704
2024-11,2024-11-01,2024-12-01,2024-11-19,149532267,94.446,1777541633.704
2024-11,2024-11-01,2024-12-01,2024-11-20,153314762,94.446,1777541633.704
2024-11,2024-11-01,2024-12-01,2024-11-21,156265085,94.446,1777541633.704
2024-11,2024-11-01,2024-12-01,2024-11-22,159448777,94.446,1777541633.704
2024-11,2024-11-01,2024-12-01,2024-11-23,135474010,94.446,1777541633.704
2024-11,2024-11-01,2024-12-01,2024-11-24,115097111,94.446,1777541633.704
2024-11,2024-11-01,2024-12-01,2024-11-25,143173189,94.446,1777541633.704
2024-11,2024-11-01,2024-12-01,2024-11-26,149149320,94.446,1777541633.704
2024-11,2024-11-01,2024-12-01,2024-11-27,150264065,94.446,1777541633.704
2024-11,2024-11-01,2024-12-01,2024-11-28,157080616,94.446,1777541633.704
2024-11,2024-11-01,2024-12-01,2024-11-29,162766167,94.446,1777541633.704
2024-11,2024-11-01,2024-12-01,2024-11-30,136889678,94.446,1777541633.704
2024-12,2024-12-01,2025-01-01,2024-12-01,119851476,123.809,1777541999.858
2024-12,2024-12-01,2025-01-01,2024-12-02,145767311,123.809,1777541999.858
2024-12,2024-12-01,2025-01-01,2024-12-03,150092802,123.809,1777541999.858
2024-12,2024-12-01,2025-01-01,2024-12-04,155578222,123.809,1777541999.858
2024-12,2024-12-01,2025-01-01,2024-12-05,158254630,123.809,1777541999.858
2024-12,2024-12-01,2025-01-01,2024-12-06,159885776,123.809,1777541999.858
2024-12,2024-12-01,2025-01-01,2024-12-07,139457735,123.809,1777541999.858
2024-12,2024-12-01,2025-01-01,2024-12-08,121591911,123.809,1777541999.858
2024-12,2024-12-01,2025-01-01,2024-12-09,146574934,123.809,1777541999.858
2024-12,2024-12-01,2025-01-01,2024-12-10,151869131,123.809,1777541999.858
2024-12,2024-12-01,2025-01-01,2024-12-11,155461423,123.809,1777541999.858
2024-12,2024-12-01,2025-01-01,2024-12-12,158558501,123.809,1777541999.858
2024-12,2024-12-01,2025-01-01,2024-12-13,162314859,123.809,1777541999.858
2024-12,2024-12-01,2025-01-01,2024-12-14,142333123,123.809,1777541999.858
2024-12,2024-12-01,2025-01-01,2024-12-15,122265561,123.809,1777541999.858
2024-12,2024-12-01,2025-01-01,2024-12-16,140037070,123.809,1777541999.858
2024-12,2024-12-01,2025-01-01,2024-12-17,152963722,123.809,1777541999.858
2024-12,2024-12-01,2025-01-01,2024-12-18,156356318,123.809,1777541999.858
2024-12,2024-12-01,2025-01-01,2024-12-19,158983603,123.809,1777541999.858
2024-12,2024-12-01,2025-01-01,2024-12-20,156952395,123.809,1777541999.858
2024-12,2024-12-01,2025-01-01,2024-12-21,133444060,123.809,1777541999.858
2024-12,2024-12-01,2025-01-01,2024-12-22,116750528,123.809,1777541999.858
2024-12,2024-12-01,2025-01-01,2024-12-23,138081721,123.809,1777541999.858
2024-12,2024-12-01,2025-01-01,2024-12-24,130145926,123.809,1777541999.858
2024-12,2024-12-01,2025-01-01,2024-12-25,91494986,123.809,1777541999.858
2024-12,2024-12-01,2025-01-01,2024-12-26,93934930,123.809,1777541999.858
2024-12,2024-12-01,2025-01-01,2024-12-27,116643351,123.809,1777541999.858
2024-12,2024-12-01,2025-01-01,2024-12-28,104717809,123.809,1777541999.858
2024-12,2024-12-01,2025-01-01,2024-12-29,99122413,123.809,1777541999.858
2024-12,2024-12-01,2025-01-01,2024-12-30,111890184,123.809,1777541999.858
2024-12,2024-12-01,2025-01-01,2024-12-31,113127811,123.809,1777541999.858
2025-01,2025-01-01,2025-02-01,2025-01-01,90330279,132.255,1777542417.553
2025-01,2025-01-01,2025-02-01,2025-01-02,112522151,132.255,1777542417.553
2025-01,2025-01-01,2025-02-01,2025-01-03,118423928,132.255,1777542417.553
2025-01,2025-01-01,2025-02-01,2025-01-04,104023106,132.255,1777542417.553
2025-01,2025-01-01,2025-02-01,2025-01-05,94344352,132.255,1777542417.553
2025-01,2025-01-01,2025-02-01,2025-01-06,117176705,132.255,1777542417.553
2025-01,2025-01-01,2025-02-01,2025-01-07,125492138,132.255,1777542417.553
2025-01,2025-01-01,2025-02-01,2025-01-08,128141173,132.255,1777542417.553
2025-01,2025-01-01,2025-02-01,2025-01-09,130402646,132.255,1777542417.553
2025-01,2025-01-01,2025-02-01,2025-01-10,134828423,132.255,1777542417.553
2025-01,2025-01-01,2025-02-01,2025-01-11,118792332,132.255,1777542417.553
2025-01,2025-01-01,2025-02-01,2025-01-12,101124371,132.255,1777542417.553
2025-01,2025-01-01,2025-02-01,2025-01-13,130197401,132.255,1777542417.553
2025-01,2025-01-01,2025-02-01,2025-01-14,137161617,132.255,1777542417.553
2025-01,2025-01-01,2025-02-01,2025-01-15,137314126,132.255,1777542417.553
2025-01,2025-01-01,2025-02-01,2025-01-16,142309936,132.255,1777542417.553
2025-01,2025-01-01,2025-02-01,2025-01-17,145760282,132.255,1777542417.553
2025-01,2025-01-01,2025-02-01,2025-01-18,127450915,132.255,1777542417.553
2025-01,2025-01-01,2025-02-01,2025-01-19,111118707,132.255,1777542417.553
2025-01,2025-01-01,2025-02-01,2025-01-20,136304162,132.255,1777542417.553
2025-01,2025-01-01,2025-02-01,2025-01-21,141043179,132.255,1777542417.553
2025-01,2025-01-01,2025-02-01,2025-01-22,144421545,132.255,1777542417.553
2025-01,2025-01-01,2025-02-01,2025-01-23,146095121,132.255,1777542417.553
2025-01,2025-01-01,2025-02-01,2025-01-24,149302159,132.255,1777542417.553
2025-01,2025-01-01,2025-02-01,2025-01-25,124994128,132.255,1777542417.553
2025-01,2025-01-01,2025-02-01,2025-01-26,109487447,132.255,1777542417.553
2025-01,2025-01-01,2025-02-01,2025-01-27,96205034,132.255,1777542417.553
2025-01,2025-01-01,2025-02-01,2025-01-28,142960739,132.255,1777542417.553
2025-01,2025-01-01,2025-02-01,2025-01-29,146742570,132.255,1777542417.553
2025-01,2025-01-01,2025-02-01,2025-01-30,149467357,132.255,1777542417.553
2025-01,2025-01-01,2025-02-01,2025-01-31,155054441,132.255,1777542417.553
2025-02,2025-02-01,2025-03-01,2025-02-01,134372577,107.967,1777542847.463
2025-02,2025-02-01,2025-03-01,2025-02-02,109581619,107.967,1777542847.463
2025-02,2025-02-01,2025-03-01,2025-02-03,140459531,107.967,1777542847.463
2025-02,2025-02-01,2025-03-01,2025-02-04,145550665,107.967,1777542847.463
2025-02,2025-02-01,2025-03-01,2025-02-05,150881789,107.967,1777542847.463
2025-02,2025-02-01,2025-03-01,2025-02-06,152539250,107.967,1777542847.463
2025-02,2025-02-01,2025-03-01,2025-02-07,156956951,107.967,1777542847.463
2025-02,2025-02-01,2025-03-01,2025-02-08,136656284,107.967,1777542847.463
2025-02,2025-02-01,2025-03-01,2025-02-09,114751642,107.967,1777542847.463
2025-02,2025-02-01,2025-03-01,2025-02-10,142164621,107.967,1777542847.463
2025-02,2025-02-01,2025-03-01,2025-02-11,149103686,107.967,1777542847.463
2025-02,2025-02-01,2025-03-01,2025-02-12,151624334,107.967,1777542847.463
2025-02,2025-02-01,2025-03-01,2025-02-13,151615829,107.967,1777542847.463
2025-02,2025-02-01,2025-03-01,2025-02-14,159656194,107.967,1777542847.463
2025-02,2025-02-01,2025-03-01,2025-02-15,134364217,107.967,1777542847.463
2025-02,2025-02-01,2025-03-01,2025-02-16,113737464,107.967,1777542847.463
2025-02,2025-02-01,2025-03-01,2025-02-17,143178248,107.967,1777542847.463
2025-02,2025-02-01,2025-03-01,2025-02-18,148102407,107.967,1777542847.463
2025-02,2025-02-01,2025-03-01,2025-02-19,150506304,107.967,1777542847.463
2025-02,2025-02-01,2025-03-01,2025-02-20,153463716,107.967,1777542847.463
2025-02,2025-02-01,2025-03-01,2025-02-21,157895967,107.967,1777542847.463
2025-02,2025-02-01,2025-03-01,2025-02-22,135167613,107.967,1777542847.463
2025-02,2025-02-01,2025-03-01,2025-02-23,115202196,107.967,1777542847.463
2025-02,2025-02-01,2025-03-01,2025-02-24,142993458,107.967,1777542847.463
2025-02,2025-02-01,2025-03-01,2025-02-25,149965420,107.967,1777542847.463
2025-02,2025-02-01,2025-03-01,2025-02-26,152109183,107.967,1777542847.463
2025-02,2025-02-01,2025-03-01,2025-02-27,155219201,107.967,1777542847.463
2025-03,2025-03-01,2025-04-01,2025-03-01,138524753,148.869,1777543302.912
2025-03,2025-03-01,2025-04-01,2025-03-02,116146565,148.869,1777543302.912
2025-03,2025-03-01,2025-04-01,2025-03-03,144525811,148.869,1777543302.912
2025-03,2025-03-01,2025-04-01,2025-03-04,149348167,148.869,1777543302.912
2025-03,2025-03-01,2025-04-01,2025-03-05,152050897,148.869,1777543302.912
2025-03,2025-03-01,2025-04-01,2025-03-06,154736966,148.869,1777543302.912
2025-03,2025-03-01,2025-04-01,2025-03-07,157197364,148.869,1777543302.912
2025-03,2025-03-01,2025-04-01,2025-03-08,128524460,148.869,1777543302.912
2025-03,2025-03-01,2025-04-01,2025-03-09,111288717,148.869,1777543302.912
2025-03,2025-03-01,2025-04-01,2025-03-10,104462372,148.869,1777543302.912
2025-03,2025-03-01,2025-04-01,2025-03-11,147249805,148.869,1777543302.912
2025-03,2025-03-01,2025-04-01,2025-03-12,151623666,148.869,1777543302.912
2025-03,2025-03-01,2025-04-01,2025-03-13,155767192,148.869,1777543302.912
2025-03,2025-03-01,2025-04-01,2025-03-14,159284135,148.869,1777543302.912
2025-03,2025-03-01,2025-04-01,2025-03-15,136980124,148.869,1777543302.912
2025-03,2025-03-01,2025-04-01,2025-03-16,109948371,148.869,1777543302.912
2025-03,2025-03-01,2025-04-01,2025-03-17,144899559,148.869,1777543302.912
2025-03,2025-03-01,2025-04-01,2025-03-18,150074375,148.869,1777543302.912
2025-03,2025-03-01,2025-04-01,2025-03-19,153055322,148.869,1777543302.912
2025-03,2025-03-01,2025-04-01,2025-03-20,152872024,148.869,1777543302.912
2025-03,2025-03-01,2025-04-01,2025-03-21,157615683,148.869,1777543302.912
2025-03,2025-03-01,2025-04-01,2025-03-22,138549870,148.869,1777543302.912
2025-03,2025-03-01,2025-04-01,2025-03-23,118611053,148.869,1777543302.912
2025-03,2025-03-01,2025-04-01,2025-03-24,143739372,148.869,1777543302.912
2025-03,2025-03-01,2025-04-01,2025-03-25,149026583,148.869,1777543302.912
2025-03,2025-03-01,2025-04-01,2025-03-26,151538616,148.869,1777543302.912
2025-03,2025-03-01,2025-04-01,2025-03-27,154759723,148.869,1777543302.912
2025-03,2025-03-01,2025-04-01,2025-03-28,158457442,148.869,1777543302.912
2025-03,2025-03-01,2025-04-01,2025-03-29,135957923,148.869,1777543302.912
2025-03,2025-03-01,2025-04-01,2025-03-30,115845997,148.869,1777543302.912
2025-03,2025-03-01,2025-04-01,2025-03-31,141835539,148.869,1777543302.912
2025-04,2025-04-01,2025-05-01,2025-04-01,147668783,124.222,1777543773.739
2025-04,2025-04-01,2025-05-01,2025-04-02,150245594,124.222,1777543773.739
2025-04,2025-04-01,2025-05-01,2025-04-03,152908893,124.222,1777543773.739
2025-04,2025-04-01,2025-05-01,2025-04-04,155797458,124.222,1777543773.739
2025-04,2025-04-01,2025-05-01,2025-04-05,135185148,124.222,1777543773.739
2025-04,2025-04-01,2025-05-01,2025-04-06,116522100,124.222,1777543773.739
2025-04,2025-04-01,2025-05-01,2025-04-07,137342818,124.222,1777543773.739
2025-04,2025-04-01,2025-05-01,2025-04-08,143594948,124.222,1777543773.739
2025-04,2025-04-01,2025-05-01,2025-04-09,146098492,124.222,1777543773.739
2025-04,2025-04-01,2025-05-01,2025-04-10,148942716,124.222,1777543773.739
2025-04,2025-04-01,2025-05-01,2025-04-11,151017095,124.222,1777543773.739
2025-04,2025-04-01,2025-05-01,2025-04-12,132677175,124.222,1777543773.739
2025-04,2025-04-01,2025-05-01,2025-04-13,114024046,124.222,1777543773.739
2025-04,2025-04-01,2025-05-01,2025-04-14,138410992,124.222,1777543773.739
2025-04,2025-04-01,2025-05-01,2025-04-15,146136919,124.222,1777543773.739
2025-04,2025-04-01,2025-05-01,2025-04-16,149173575,124.222,1777543773.739
2025-04,2025-04-01,2025-05-01,2025-04-17,156493623,124.222,1777543773.739
2025-04,2025-04-01,2025-05-01,2025-04-18,97344394,124.222,1777543773.739
2025-04,2025-04-01,2025-05-01,2025-04-19,112712055,124.222,1777543773.739
2025-04,2025-04-01,2025-05-01,2025-04-20,98061349,124.222,1777543773.739
2025-04,2025-04-01,2025-05-01,2025-04-21,98792556,124.222,1777543773.739
2025-04,2025-04-01,2025-05-01,2025-04-22,137497227,124.222,1777543773.739
2025-04,2025-04-01,2025-05-01,2025-04-23,143409204,124.222,1777543773.739
2025-04,2025-04-01,2025-05-01,2025-04-24,151865525,124.222,1777543773.739
2025-04,2025-04-01,2025-05-01,2025-04-25,104217573,124.222,1777543773.739
2025-04,2025-04-01,2025-05-01,2025-04-26,125819513,124.222,1777543773.739
2025-04,2025-04-01,2025-05-01,2025-04-27,110462952,124.222,1777543773.739
2025-04,2025-04-01,2025-05-01,2025-04-28,142334929,124.222,1777543773.739
2025-04,2025-04-01,2025-05-01,2025-04-29,147217622,124.222,1777543773.739
2025-04,2025-04-01,2025-05-01,2025-04-30,150995057,124.222,1777543773.739
2025-05,2025-05-01,2025-06-01,2025-05-01,153311309,133.279,1777544197.138
2025-05,2025-05-01,2025-06-01,2025-05-02,157701612,133.279,1777544197.138
2025-05,2025-05-01,2025-06-01,2025-05-03,136932791,133.279,1777544197.138
2025-05,2025-05-01,2025-06-01,2025-05-04,115796009,133.279,1777544197.138
2025-05,2025-05-01,2025-06-01,2025-05-05,140732519,133.279,1777544197.138
2025-05,2025-05-01,2025-06-01,2025-05-06,148228881,133.279,1777544197.138
2025-05,2025-05-01,2025-06-01,2025-05-07,149654352,133.279,1777544197.138
2025-05,2025-05-01,2025-06-01,2025-05-08,153574075,133.279,1777544197.138
2025-05,2025-05-01,2025-06-01,2025-05-09,157590834,133.279,1777544197.138
2025-05,2025-05-01,2025-06-01,2025-05-10,140964786,133.279,1777544197.138
2025-05,2025-05-01,2025-06-01,2025-05-11,121619397,133.279,1777544197.138
2025-05,2025-05-01,2025-06-01,2025-05-12,141953637,133.279,1777544197.138
2025-05,2025-05-01,2025-06-01,2025-05-13,147713485,133.279,1777544197.138
2025-05,2025-05-01,2025-06-01,2025-05-14,149837975,133.279,1777544197.138
2025-05,2025-05-01,2025-06-01,2025-05-15,152556933,133.279,1777544197.138
2025-05,2025-05-01,2025-06-01,2025-05-16,155858955,133.279,1777544197.138
2025-05,2025-05-01,2025-06-01,2025-05-17,132600101,133.279,1777544197.138
2025-05,2025-05-01,2025-06-01,2025-05-18,115705664,133.279,1777544197.138
2025-05,2025-05-01,2025-06-01,2025-05-19,140360304,133.279,1777544197.138
2025-05,2025-05-01,2025-06-01,2025-05-20,147129883,133.279,1777544197.138
2025-05,2025-05-01,2025-06-01,2025-05-21,149406022,133.279,1777544197.138
2025-05,2025-05-01,2025-06-01,2025-05-22,151384844,133.279,1777544197.138
2025-05,2025-05-01,2025-06-01,2025-05-23,154180821,133.279,1777544197.138
2025-05,2025-05-01,2025-06-01,2025-05-24,136105979,133.279,1777544197.138
2025-05,2025-05-01,2025-06-01,2025-05-25,115597658,133.279,1777544197.138
2025-05,2025-05-01,2025-06-01,2025-05-26,140194675,133.279,1777544197.138
2025-05,2025-05-01,2025-06-01,2025-05-27,7556689,133.279,1777544197.138
2025-05,2025-05-01,2025-06-01,2025-05-28,147835751,133.279,1777544197.138
2025-05,2025-05-01,2025-06-01,2025-05-29,150909117,133.279,1777544197.138
2025-05,2025-05-01,2025-06-01,2025-05-30,154944432,133.279,1777544197.138
2025-05,2025-05-01,2025-06-01,2025-05-31,136294749,133.279,1777544197.138
2025-06,2025-06-01,2025-07-01,2025-06-01,114941812,120.335,1777544614.293
2025-06,2025-06-01,2025-07-01,2025-06-02,139838685,120.335,1777544614.293
2025-06,2025-06-01,2025-07-01,2025-06-03,143561164,120.335,1777544614.293
2025-06,2025-06-01,2025-07-01,2025-06-04,147567674,120.335,1777544614.293
2025-06,2025-06-01,2025-07-01,2025-06-05,151077646,120.335,1777544614.293
2025-06,2025-06-01,2025-07-01,2025-06-06,151424734,120.335,1777544614.293
2025-06,2025-06-01,2025-07-01,2025-06-07,122864974,120.335,1777544614.293
2025-06,2025-06-01,2025-07-01,2025-06-08,106701653,120.335,1777544614.293
2025-06,2025-06-01,2025-07-01,2025-06-09,96491600,120.335,1777544614.293
2025-06,2025-06-01,2025-07-01,2025-06-10,141332743,120.335,1777544614.293
2025-06,2025-06-01,2025-07-01,2025-06-11,146629166,120.335,1777544614.293
2025-06,2025-06-01,2025-07-01,2025-06-12,150055132,120.335,1777544614.293
2025-06,2025-06-01,2025-07-01,2025-06-13,153777223,120.335,1777544614.293
2025-06,2025-06-01,2025-07-01,2025-06-14,133273731,120.335,1777544614.293
2025-06,2025-06-01,2025-07-01,2025-06-15,111490778,120.335,1777544614.293
2025-06,2025-06-01,2025-07-01,2025-06-16,138863884,120.335,1777544614.293
2025-06,2025-06-01,2025-07-01,2025-06-17,144069526,120.335,1777544614.293
2025-06,2025-06-01,2025-07-01,2025-06-18,147202764,120.335,1777544614.293
2025-06,2025-06-01,2025-07-01,2025-06-19,150114614,120.335,1777544614.293
2025-06,2025-06-01,2025-07-01,2025-06-20,154919510,120.335,1777544614.293
2025-06,2025-06-01,2025-07-01,2025-06-21,135825760,120.335,1777544614.293
2025-06,2025-06-01,2025-07-01,2025-06-22,112566619,120.335,1777544614.293
2025-06,2025-06-01,2025-07-01,2025-06-23,137491164,120.335,1777544614.293
2025-06,2025-06-01,2025-07-01,2025-06-24,143523656,120.335,1777544614.293
2025-06,2025-06-01,2025-07-01,2025-06-25,143433105,120.335,1777544614.293
2025-06,2025-06-01,2025-07-01,2025-06-26,149382920,120.335,1777544614.293
2025-06,2025-06-01,2025-07-01,2025-06-27,153751550,120.335,1777544614.293
2025-06,2025-06-01,2025-07-01,2025-06-28,133773557,120.335,1777544614.293
2025-06,2025-06-01,2025-07-01,2025-06-29,111147484,120.335,1777544614.293
2025-06,2025-06-01,2025-07-01,2025-06-30,138142289,120.335,1777544614.293
2025-07,2025-07-01,2025-08-01,2025-07-01,142191631,108.616,1777545046.036
2025-07,2025-07-01,2025-08-01,2025-07-02,141997543,108.616,1777545046.036
2025-07,2025-07-01,2025-08-01,2025-07-03,147289811,108.616,1777545046.036
2025-07,2025-07-01,2025-08-01,2025-07-04,151916468,108.616,1777545046.036
2025-07,2025-07-01,2025-08-01,2025-07-05,131427353,108.616,1777545046.036
2025-07,2025-07-01,2025-08-01,2025-07-06,110292827,108.616,1777545046.036
2025-07,2025-07-01,2025-08-01,2025-07-07,134124763,108.616,1777545046.036
2025-07,2025-07-01,2025-08-01,2025-07-08,138170729,108.616,1777545046.036
2025-07,2025-07-01,2025-08-01,2025-07-09,142708128,108.616,1777545046.036
2025-07,2025-07-01,2025-08-01,2025-07-10,143158099,108.616,1777545046.036
2025-07,2025-07-01,2025-08-01,2025-07-11,146485245,108.616,1777545046.036
2025-07,2025-07-01,2025-08-01,2025-07-12,127048055,108.616,1777545046.036
2025-07,2025-07-01,2025-08-01,2025-07-13,106777848,108.616,1777545046.036
2025-07,2025-07-01,2025-08-01,2025-07-14,134747222,108.616,1777545046.036
2025-07,2025-07-01,2025-08-01,2025-07-15,140937279,108.616,1777545046.036
2025-07,2025-07-01,2025-08-01,2025-07-16,143975852,108.616,1777545046.036
2025-07,2025-07-01,2025-08-01,2025-07-17,145657082,108.616,1777545046.036
2025-07,2025-07-01,2025-08-01,2025-07-18,150354419,108.616,1777545046.036
2025-07,2025-07-01,2025-08-01,2025-07-19,131063553,108.616,1777545046.036
2025-07,2025-07-01,2025-08-01,2025-07-20,112918027,108.616,1777545046.036
2025-07,2025-07-01,2025-08-01,2025-07-21,137265377,108.616,1777545046.036
2025-07,2025-07-01,2025-08-01,2025-07-22,142418775,108.616,1777545046.036
2025-07,2025-07-01,2025-08-01,2025-07-23,147276222,108.616,1777545046.036
2025-07,2025-07-01,2025-08-01,2025-07-24,151292415,108.616,1777545046.036
2025-07,2025-07-01,2025-08-01,2025-07-25,153691048,108.616,1777545046.036
2025-07,2025-07-01,2025-08-01,2025-07-26,132046074,108.616,1777545046.036
2025-07,2025-07-01,2025-08-01,2025-07-27,111934947,108.616,1777545046.036
2025-07,2025-07-01,2025-08-01,2025-07-28,140166603,108.616,1777545046.036
2025-07,2025-07-01,2025-08-01,2025-07-29,146129232,108.616,1777545046.036
2025-07,2025-07-01,2025-08-01,2025-07-30,148922989,108.616,1777545046.036
2025-07,2025-07-01,2025-08-01,2025-07-31,151415634,108.616,1777545046.036
2025-08,2025-08-01,2025-09-01,2025-08-01,155124467,137.798,1777545430.712
2025-08,2025-08-01,2025-09-01,2025-08-02,134167553,137.798,1777545430.712
2025-08,2025-08-01,2025-09-01,2025-08-03,117247942,137.798,1777545430.712
2025-08,2025-08-01,2025-09-01,2025-08-04,139353595,137.798,1777545430.712
2025-08,2025-08-01,2025-09-01,2025-08-05,146831126,137.798,1777545430.712
2025-08,2025-08-01,2025-09-01,2025-08-06,149248697,137.798,1777545430.712
2025-08,2025-08-01,2025-09-01,2025-08-07,152348256,137.798,1777545430.712
2025-08,2025-08-01,2025-09-01,2025-08-08,156138554,137.798,1777545430.712
2025-08,2025-08-01,2025-09-01,2025-08-09,136567468,137.798,1777545430.712
2025-08,2025-08-01,2025-09-01,2025-08-10,116752738,137.798,1777545430.712
2025-08,2025-08-01,2025-09-01,2025-08-11,142118616,137.798,1777545430.712
2025-08,2025-08-01,2025-09-01,2025-08-12,146150065,137.798,1777545430.712
2025-08,2025-08-01,2025-09-01,2025-08-13,149699818,137.798,1777545430.712
2025-08,2025-08-01,2025-09-01,2025-08-14,152732722,137.798,1777545430.712
2025-08,2025-08-01,2025-09-01,2025-08-15,153718652,137.798,1777545430.712
2025-08,2025-08-01,2025-09-01,2025-08-16,134596388,137.798,1777545430.712
2025-08,2025-08-01,2025-09-01,2025-08-17,114147691,137.798,1777545430.712
2025-08,2025-08-01,2025-09-01,2025-08-18,139529166,137.798,1777545430.712
2025-08,2025-08-01,2025-09-01,2025-08-19,147427229,137.798,1777545430.712
2025-08,2025-08-01,2025-09-01,2025-08-20,150543255,137.798,1777545430.712
2025-08,2025-08-01,2025-09-01,2025-08-21,153100788,137.798,1777545430.712
2025-08,2025-08-01,2025-09-01,2025-08-22,155863343,137.798,1777545430.712
2025-08,2025-08-01,2025-09-01,2025-08-23,137704554,137.798,1777545430.712
2025-08,2025-08-01,2025-09-01,2025-08-24,118456764,137.798,1777545430.712
2025-08,2025-08-01,2025-09-01,2025-08-25,141633874,137.798,1777545430.712
2025-08,2025-08-01,2025-09-01,2025-08-26,144475174,137.798,1777545430.712
2025-08,2025-08-01,2025-09-01,2025-08-27,148515197,137.798,1777545430.712
2025-08,2025-08-01,2025-09-01,2025-08-28,151344372,137.798,1777545430.712
2025-08,2025-08-01,2025-09-01,2025-08-29,153877492,137.798,1777545430.712
2025-08,2025-08-01,2025-09-01,2025-08-30,133722753,137.798,1777545430.712
2025-08,2025-08-01,2025-09-01,2025-08-31,114047827,137.798,1777545430.712
2025-09,2025-09-01,2025-10-01,2025-09-01,140355638,145.704,1777545881.736
2025-09,2025-09-01,2025-10-01,2025-09-02,147505500,145.704,1777545881.736
2025-09,2025-09-01,2025-10-01,2025-09-03,149915169,145.704,1777545881.736
2025-09,2025-09-01,2025-10-01,2025-09-04,152080633,145.704,1777545881.736
2025-09,2025-09-01,2025-10-01,2025-09-05,157170447,145.704,1777545881.736
2025-09,2025-09-01,2025-10-01,2025-09-06,139020518,145.704,1777545881.736
2025-09,2025-09-01,2025-10-01,2025-09-07,114648210,145.704,1777545881.736
2025-09,2025-09-01,2025-10-01,2025-09-08,141703917,145.704,1777545881.736
2025-09,2025-09-01,2025-10-01,2025-09-09,147342780,145.704,1777545881.736
2025-09,2025-09-01,2025-10-01,2025-09-10,149058897,145.704,1777545881.736
2025-09,2025-09-01,2025-10-01,2025-09-11,151809154,145.704,1777545881.736
2025-09,2025-09-01,2025-10-01,2025-09-12,156023233,145.704,1777545881.736
2025-09,2025-09-01,2025-10-01,2025-09-13,135751874,145.704,1777545881.736
2025-09,2025-09-01,2025-10-01,2025-09-14,118507261,145.704,1777545881.736
2025-09,2025-09-01,2025-10-01,2025-09-15,139897180,145.704,1777545881.736
2025-09,2025-09-01,2025-10-01,2025-09-16,146147236,145.704,1777545881.736
2025-09,2025-09-01,2025-10-01,2025-09-17,149858532,145.704,1777545881.736
2025-09,2025-09-01,2025-10-01,2025-09-18,152715019,145.704,1777545881.736
2025-09,2025-09-01,2025-10-01,2025-09-19,155953527,145.704,1777545881.736
2025-09,2025-09-01,2025-10-01,2025-09-20,133460393,145.704,1777545881.736
2025-09,2025-09-01,2025-10-01,2025-09-21,112523939,145.704,1777545881.736
2025-09,2025-09-01,2025-10-01,2025-09-22,137358632,145.704,1777545881.736
2025-09,2025-09-01,2025-10-01,2025-09-23,143131386,145.704,1777545881.736
2025-09,2025-09-01,2025-10-01,2025-09-24,146549321,145.704,1777545881.736
2025-09,2025-09-01,2025-10-01,2025-09-25,152496211,145.704,1777545881.736
2025-09,2025-09-01,2025-10-01,2025-09-26,116500273,145.704,1777545881.736
2025-09,2025-09-01,2025-10-01,2025-09-27,113149538,145.704,1777545881.736
2025-09,2025-09-01,2025-10-01,2025-09-28,108817519,145.704,1777545881.736
2025-09,2025-09-01,2025-10-01,2025-09-29,135988950,145.704,1777545881.736
2025-09,2025-09-01,2025-10-01,2025-09-30,142840688,145.704,1777545881.736
2025-10,2025-10-01,2025-11-01,2025-10-01,146736616,141.33,1777546261.714
2025-10,2025-10-01,2025-11-01,2025-10-02,147685842,141.33,1777546261.714
2025-10,2025-10-01,2025-11-01,2025-10-03,153227755,141.33,1777546261.714
2025-10,2025-10-01,2025-11-01,2025-10-04,136354956,141.33,1777546261.714
2025-10,2025-10-01,2025-11-01,2025-10-05,111950945,141.33,1777546261.714
2025-10,2025-10-01,2025-11-01,2025-10-06,143534148,141.33,1777546261.714
2025-10,2025-10-01,2025-11-01,2025-10-07,149607586,141.33,1777546261.714
2025-10,2025-10-01,2025-11-01,2025-10-08,152160131,141.33,1777546261.714
2025-10,2025-10-01,2025-11-01,2025-10-09,155177335,141.33,1777546261.714
2025-10,2025-10-01,2025-11-01,2025-10-10,158721837,141.33,1777546261.714
2025-10,2025-10-01,2025-11-01,2025-10-11,138458908,141.33,1777546261.714
2025-10,2025-10-01,2025-11-01,2025-10-12,115249368,141.33,1777546261.714
2025-10,2025-10-01,2025-11-01,2025-10-13,144184393,141.33,1777546261.714
2025-10,2025-10-01,2025-11-01,2025-10-14,150621605,141.33,1777546261.714
2025-10,2025-10-01,2025-11-01,2025-10-15,154662647,141.33,1777546261.714
2025-10,2025-10-01,2025-11-01,2025-10-16,156321521,141.33,1777546261.714
2025-10,2025-10-01,2025-11-01,2025-10-17,160043034,141.33,1777546261.714
2025-10,2025-10-01,2025-11-01,2025-10-18,141194952,141.33,1777546261.714
2025-10,2025-10-01,2025-11-01,2025-10-19,117180700,141.33,1777546261.714
2025-10,2025-10-01,2025-11-01,2025-10-20,145399991,141.33,1777546261.714
2025-10,2025-10-01,2025-11-01,2025-10-21,150838290,141.33,1777546261.714
2025-10,2025-10-01,2025-11-01,2025-10-22,146678800,141.33,1777546261.714
2025-10,2025-10-01,2025-11-01,2025-10-23,156765301,141.33,1777546261.714
2025-10,2025-10-01,2025-11-01,2025-10-24,160474110,141.33,1777546261.714
2025-10,2025-10-01,2025-11-01,2025-10-25,139312437,141.33,1777546261.714
2025-10,2025-10-01,2025-11-01,2025-10-26,111918459,141.33,1777546261.714
2025-10,2025-10-01,2025-11-01,2025-10-27,143965153,141.33,1777546261.714
2025-10,2025-10-01,2025-11-01,2025-10-28,152420976,141.33,1777546261.714
2025-10,2025-10-01,2025-11-01,2025-10-29,154557549,141.33,1777546261.714
2025-10,2025-10-01,2025-11-01,2025-10-30,158038550,141.33,1777546261.714
2025-10,2025-10-01,2025-11-01,2025-10-31,159959023,141.33,1777546261.714
2025-11,2025-11-01,2025-12-01,2025-11-01,133531390,175.484,1777546727.024
2025-11,2025-11-01,2025-12-01,2025-11-02,114822761,175.484,1777546727.024
2025-11,2025-11-01,2025-12-01,2025-11-03,125985427,175.484,1777546727.024
2025-11,2025-11-01,2025-12-01,2025-11-04,102781741,175.484,1777546727.024
2025-11,2025-11-01,2025-12-01,2025-11-05,150367265,175.484,1777546727.024
2025-11,2025-11-01,2025-12-01,2025-11-06,155700235,175.484,1777546727.024
2025-11,2025-11-01,2025-12-01,2025-11-07,159417982,175.484,1777546727.024
2025-11,2025-11-01,2025-12-01,2025-11-08,132588109,175.484,1777546727.024
2025-11,2025-11-01,2025-12-01,2025-11-09,116571330,175.484,1777546727.024
2025-11,2025-11-01,2025-12-01,2025-11-10,146011809,175.484,1777546727.024
2025-11,2025-11-01,2025-12-01,2025-11-11,149741009,175.484,1777546727.024
2025-11,2025-11-01,2025-12-01,2025-11-12,155650337,175.484,1777546727.024
2025-11,2025-11-01,2025-12-01,2025-11-13,158877219,175.484,1777546727.024
2025-11,2025-11-01,2025-12-01,2025-11-14,163377630,175.484,1777546727.024
2025-11,2025-11-01,2025-12-01,2025-11-15,142071257,175.484,1777546727.024
2025-11,2025-11-01,2025-12-01,2025-11-16,117814873,175.484,1777546727.024
2025-11,2025-11-01,2025-12-01,2025-11-17,145330974,175.484,1777546727.024
2025-11,2025-11-01,2025-12-01,2025-11-18,152327426,175.484,1777546727.024
2025-11,2025-11-01,2025-12-01,2025-11-19,156354834,175.484,1777546727.024
2025-11,2025-11-01,2025-12-01,2025-11-20,159221941,175.484,1777546727.024
2025-11,2025-11-01,2025-12-01,2025-11-21,162975898,175.484,1777546727.024
2025-11,2025-11-01,2025-12-01,2025-11-22,141792021,175.484,1777546727.024
2025-11,2025-11-01,2025-12-01,2025-11-23,119060370,175.484,1777546727.024
2025-11,2025-11-01,2025-12-01,2025-11-24,148838784,175.484,1777546727.024
2025-11,2025-11-01,2025-12-01,2025-11-25,154831718,175.484,1777546727.024
2025-11,2025-11-01,2025-12-01,2025-11-26,155728634,175.484,1777546727.024
2025-11,2025-11-01,2025-12-01,2025-11-27,160108929,175.484,1777546727.024
2025-11,2025-11-01,2025-12-01,2025-11-28,165193216,175.484,1777546727.024
2025-11,2025-11-01,2025-12-01,2025-11-29,140035916,175.484,1777546727.024
2025-11,2025-11-01,2025-12-01,2025-11-30,119816807,175.484,1777546727.024
2025-12,2025-12-01,2026-01-01,2025-12-01,146005419,173.028,1777547214.194
2025-12,2025-12-01,2026-01-01,2025-12-02,153381952,173.028,1777547214.194
2025-12,2025-12-01,2026-01-01,2025-12-03,158887181,173.028,1777547214.194
2025-12,2025-12-01,2026-01-01,2025-12-04,160742624,173.028,1777547214.194
2025-12,2025-12-01,2026-01-01,2025-12-05,165491991,173.028,1777547214.194
2025-12,2025-12-01,2026-01-01,2025-12-06,140540353,173.028,1777547214.194
2025-12,2025-12-01,2026-01-01,2025-12-07,125500147,173.028,1777547214.194
2025-12,2025-12-01,2026-01-01,2025-12-08,149284286,173.028,1777547214.194
2025-12,2025-12-01,2026-01-01,2025-12-09,155720288,173.028,1777547214.194
2025-12,2025-12-01,2026-01-01,2025-12-10,158699319,173.028,1777547214.194
2025-12,2025-12-01,2026-01-01,2025-12-11,161713728,173.028,1777547214.194
2025-12,2025-12-01,2026-01-01,2025-12-12,166208622,173.028,1777547214.194
2025-12,2025-12-01,2026-01-01,2025-12-13,143207346,173.028,1777547214.194
2025-12,2025-12-01,2026-01-01,2025-12-14,122568144,173.028,1777547214.194
2025-12,2025-12-01,2026-01-01,2025-12-15,149457568,173.028,1777547214.194
2025-12,2025-12-01,2026-01-01,2025-12-16,156111617,173.028,1777547214.194
2025-12,2025-12-01,2026-01-01,2025-12-17,158344789,173.028,1777547214.194
2025-12,2025-12-01,2026-01-01,2025-12-18,158985917,173.028,1777547214.194
2025-12,2025-12-01,2026-01-01,2025-12-19,160460054,173.028,1777547214.194
2025-12,2025-12-01,2026-01-01,2025-12-20,136953136,173.028,1777547214.194
2025-12,2025-12-01,2026-01-01,2025-12-21,114102394,173.028,1777547214.194
2025-12,2025-12-01,2026-01-01,2025-12-22,143673267,173.028,1777547214.194
2025-12,2025-12-01,2026-01-01,2025-12-23,147446917,173.028,1777547214.194
2025-12,2025-12-01,2026-01-01,2025-12-24,135243874,173.028,1777547214.194
2025-12,2025-12-01,2026-01-01,2025-12-25,91194524,173.028,1777547214.194
2025-12,2025-12-01,2026-01-01,2025-12-26,101235845,173.028,1777547214.194
2025-12,2025-12-01,2026-01-01,2025-12-27,110475231,173.028,1777547214.194
2025-12,2025-12-01,2026-01-01,2025-12-28,104640844,173.028,1777547214.194
2025-12,2025-12-01,2026-01-01,2025-12-29,115361390,173.028,1777547214.194
2025-12,2025-12-01,2026-01-01,2025-12-30,115533045,173.028,1777547214.194
2026-01,2026-01-01,2026-02-01,2026-01-01,93268066,184.204,1777547671.908
2026-01,2026-01-01,2026-02-01,2026-01-02,116568795,184.204,1777547671.908
2026-01,2026-01-01,2026-02-01,2026-01-03,107953659,184.204,1777547671.908
2026-01,2026-01-01,2026-02-01,2026-01-04,101618763,184.204,1777547671.908
2026-01,2026-01-01,2026-02-01,2026-01-05,123716077,184.204,1777547671.908
2026-01,2026-01-01,2026-02-01,2026-01-06,128597766,184.204,1777547671.908
2026-01,2026-01-01,2026-02-01,2026-01-07,119791356,184.204,1777547671.908
2026-01,2026-01-01,2026-02-01,2026-01-08,133523234,184.204,1777547671.908
2026-01,2026-01-01,2026-02-01,2026-01-09,125447531,184.204,1777547671.908
2026-01,2026-01-01,2026-02-01,2026-01-10,123157097,184.204,1777547671.908
2026-01,2026-01-01,2026-02-01,2026-01-11,110818569,184.204,1777547671.908
2026-01,2026-01-01,2026-02-01,2026-01-12,134305290,184.204,1777547671.908
2026-01,2026-01-01,2026-02-01,2026-01-13,140882251,184.204,1777547671.908
2026-01,2026-01-01,2026-02-01,2026-01-14,142940969,184.204,1777547671.908
2026-01,2026-01-01,2026-02-01,2026-01-15,145376081,184.204,1777547671.908
2026-01,2026-01-01,2026-02-01,2026-01-16,149158833,184.204,1777547671.908
2026-01,2026-01-01,2026-02-01,2026-01-17,130922768,184.204,1777547671.908
2026-01,2026-01-01,2026-02-01,2026-01-18,115612586,184.204,1777547671.908
2026-01,2026-01-01,2026-02-01,2026-01-19,140476907,184.204,1777547671.908
2026-01,2026-01-01,2026-02-01,2026-01-20,146868303,184.204,1777547671.908
2026-01,2026-01-01,2026-02-01,2026-01-21,148662414,184.204,1777547671.908
2026-01,2026-01-01,2026-02-01,2026-01-22,151430169,184.204,1777547671.908
2026-01,2026-01-01,2026-02-01,2026-01-23,154663912,184.204,1777547671.908
2026-01,2026-01-01,2026-02-01,2026-01-24,122068040,184.204,1777547671.908
2026-01,2026-01-01,2026-02-01,2026-01-25,114444145,184.204,1777547671.908
2026-01,2026-01-01,2026-02-01,2026-01-26,106307435,184.204,1777547671.908
2026-01,2026-01-01,2026-02-01,2026-01-27,132300906,184.204,1777547671.908
2026-01,2026-01-01,2026-02-01,2026-01-28,151553092,184.204,1777547671.908
2026-01,2026-01-01,2026-02-01,2026-01-29,154518441,184.204,1777547671.908
2026-01,2026-01-01,2026-02-01,2026-01-30,158979957,184.204,1777547671.908
2026-01,2026-01-01,2026-02-01,2026-01-31,137123962,184.204,1777547671.908
2026-02,2026-02-01,2026-03-01,2026-02-01,116259701,166.703,1777548116.029
2026-02,2026-02-01,2026-03-01,2026-02-02,147593067,166.703,1777548116.029
2026-02,2026-02-01,2026-03-01,2026-02-03,152341725,166.703,1777548116.029
2026-02,2026-02-01,2026-03-01,2026-02-04,153854107,166.703,1777548116.029
2026-02,2026-02-01,2026-03-01,2026-02-05,156829677,166.703,1777548116.029
2026-02,2026-02-01,2026-03-01,2026-02-06,161230671,166.703,1777548116.029
2026-02,2026-02-01,2026-03-01,2026-02-07,141618627,166.703,1777548116.029
2026-02,2026-02-01,2026-03-01,2026-02-08,118107615,166.703,1777548116.029
2026-02,2026-02-01,2026-03-01,2026-02-09,145271937,166.703,1777548116.029
2026-02,2026-02-01,2026-03-01,2026-02-10,152632198,166.703,1777548116.029
2026-02,2026-02-01,2026-03-01,2026-02-11,153003626,166.703,1777548116.029
2026-02,2026-02-01,2026-03-01,2026-02-12,157558546,166.703,1777548116.029
2026-02,2026-02-01,2026-03-01,2026-02-13,162114953,166.703,1777548116.029
2026-02,2026-02-01,2026-03-01,2026-02-14,143106968,166.703,1777548116.029
2026-02,2026-02-01,2026-03-01,2026-02-15,121686199,166.703,1777548116.029
2026-02,2026-02-01,2026-03-01,2026-02-16,148358055,166.703,1777548116.029
2026-02,2026-02-01,2026-03-01,2026-02-17,149942490,166.703,1777548116.029
2026-02,2026-02-01,2026-03-01,2026-02-18,155945340,166.703,1777548116.029
2026-02,2026-02-01,2026-03-01,2026-02-19,157335885,166.703,1777548116.029
2026-02,2026-02-01,2026-03-01,2026-02-20,162167735,166.703,1777548116.029
2026-02,2026-02-01,2026-03-01,2026-02-21,141808643,166.703,1777548116.029
2026-02,2026-02-01,2026-03-01,2026-02-22,116691188,166.703,1777548116.029
2026-02,2026-02-01,2026-03-01,2026-02-23,147177535,166.703,1777548116.029
2026-02,2026-02-01,2026-03-01,2026-02-24,148396069,166.703,1777548116.029
2026-02,2026-02-01,2026-03-01,2026-02-25,155047903,166.703,1777548116.029
2026-02,2026-02-01,2026-03-01,2026-02-26,158057933,166.703,1777548116.029
2026-02,2026-02-01,2026-03-01,2026-02-27,161442365,166.703,1777548116.029
2026-02,2026-02-01,2026-03-01,2026-02-28,141725398,166.703,1777548116.029
2026-03,2026-03-01,2026-04-01,2026-03-01,118432189,161.242,1777548528.884
2026-03,2026-03-01,2026-04-01,2026-03-02,145451047,161.242,1777548528.884
2026-03,2026-03-01,2026-04-01,2026-03-03,153600831,161.242,1777548528.884
2026-03,2026-03-01,2026-04-01,2026-03-04,155789507,161.242,1777548528.884
2026-03,2026-03-01,2026-04-01,2026-03-05,158446390,161.242,1777548528.884
2026-03,2026-03-01,2026-04-01,2026-03-06,159721979,161.242,1777548528.884
2026-03,2026-03-01,2026-04-01,2026-03-07,130066340,161.242,1777548528.884
2026-03,2026-03-01,2026-04-01,2026-03-08,115331238,161.242,1777548528.884
2026-03,2026-03-01,2026-04-01,2026-03-09,107708233,161.242,1777548528.884
2026-03,2026-03-01,2026-04-01,2026-03-10,144843168,161.242,1777548528.884
2026-03,2026-03-01,2026-04-01,2026-03-11,151197235,161.242,1777548528.884
2026-03,2026-03-01,2026-04-01,2026-03-12,155846860,161.242,1777548528.884
2026-03,2026-03-01,2026-04-01,2026-03-13,159707972,161.242,1777548528.884
2026-03,2026-03-01,2026-04-01,2026-03-14,139035963,161.242,1777548528.884
2026-03,2026-03-01,2026-04-01,2026-03-15,118238087,161.242,1777548528.884
2026-03,2026-03-01,2026-04-01,2026-03-16,144769804,161.242,1777548528.884
2026-03,2026-03-01,2026-04-01,2026-03-17,149585936,161.242,1777548528.884
2026-03,2026-03-01,2026-04-01,2026-03-18,153044026,161.242,1777548528.884
2026-03,2026-03-01,2026-04-01,2026-03-19,154848049,161.242,1777548528.884
2026-03,2026-03-01,2026-04-01,2026-03-20,158787568,161.242,1777548528.884
2026-03,2026-03-01,2026-04-01,2026-03-21,136719773,161.242,1777548528.884
2026-03,2026-03-01,2026-04-01,2026-03-22,117398369,161.242,1777548528.884
2026-03,2026-03-01,2026-04-01,2026-03-23,143067429,161.242,1777548528.884
2026-03,2026-03-01,2026-04-01,2026-03-24,146978270,161.242,1777548528.884
2026-03,2026-03-01,2026-04-01,2026-03-25,149945378,161.242,1777548528.884
2026-03,2026-03-01,2026-04-01,2026-03-26,150537970,161.242,1777548528.884
2026-03,2026-03-01,2026-04-01,2026-03-27,155176819,161.242,1777548528.884
2026-03,2026-03-01,2026-04-01,2026-03-28,134175526,161.242,1777548528.884
2026-03,2026-03-01,2026-04-01,2026-03-29,116598043,161.242,1777548528.884
2026-03,2026-03-01,2026-04-01,2026-03-30,141925443,161.242,1777548528.884
2026-03,2026-03-01,2026-04-01,2026-03-31,147561529,161.242,1777548528.884
2026-04,2026-04-01,2026-05-01,2026-04-01,150798981,12.332,1777548838.408
2026-04,2026-04-01,2026-05-01,2026-04-02,157794601,12.332,1777548838.408
2026-04,2026-04-01,2026-05-01,2026-04-03,92632489,12.332,1777548838.408
2026-04,2026-04-01,2026-05-01,2026-04-04,111444770,12.332,1777548838.408
2026-04,2026-04-01,2026-05-01,2026-04-05,99327012,12.332,1777548838.408
2026-04,2026-04-01,2026-05-01,2026-04-06,95685621,12.332,1777548838.408
2026-04,2026-04-01,2026-05-01,2026-04-07,132809298,12.332,1777548838.408
