month_label,month_start,next_month_start,iso_dow,day_name,day_total_volume,days_loaded,avg_daily_volume,month_elapsed_seconds,completed_at_epoch,row_type
2014-01,2014-01-01,2014-02-01,1,Monday,392260408,4,98065102.0,633.098,1778302315.008,day_of_week_month_day_total
2014-01,2014-01-01,2014-02-01,2,Tuesday,429585074,4,107396268.5,633.098,1778302315.008,day_of_week_month_day_total
2014-01,2014-01-01,2014-02-01,3,Wednesday,510522949,5,102104589.8,633.098,1778302315.008,day_of_week_month_day_total
2014-01,2014-01-01,2014-02-01,4,Thursday,542448957,5,108489791.4,633.098,1778302315.008,day_of_week_month_day_total
2014-01,2014-01-01,2014-02-01,5,Friday,556915442,5,111383088.4,633.098,1778302315.008,day_of_week_month_day_total
2014-01,2014-01-01,2014-02-01,6,Saturday,373046507,4,93261626.75,633.098,1778302315.008,day_of_week_month_day_total
2014-01,2014-01-01,2014-02-01,7,Sunday,330326993,4,82581748.25,633.098,1778302315.008,day_of_week_month_day_total
2014-02,2014-02-01,2014-03-01,1,Monday,455808752,4,113952188.0,619.587,1778303005.472,day_of_week_month_day_total
2014-02,2014-02-01,2014-03-01,2,Tuesday,471453883,4,117863470.75,619.587,1778303005.472,day_of_week_month_day_total
2014-02,2014-02-01,2014-03-01,3,Wednesday,478670980,4,119667745.0,619.587,1778303005.472,day_of_week_month_day_total
2014-02,2014-02-01,2014-03-01,4,Thursday,488069707,4,122017426.75,619.587,1778303005.472,day_of_week_month_day_total
2014-02,2014-02-01,2014-03-01,5,Friday,503399281,4,125849820.25,619.587,1778303005.472,day_of_week_month_day_total
2014-02,2014-02-01,2014-03-01,6,Saturday,416027847,4,104006961.75,619.587,1778303005.472,day_of_week_month_day_total
2014-02,2014-02-01,2014-03-01,7,Sunday,350477873,4,87619468.25,619.587,1778303005.472,day_of_week_month_day_total
2014-03,2014-03-01,2014-04-01,1,Monday,537956913,5,107591382.6,726.279,1778303804.147,day_of_week_month_day_total
2014-03,2014-03-01,2014-04-01,2,Tuesday,472466875,4,118116718.75,726.279,1778303804.147,day_of_week_month_day_total
2014-03,2014-03-01,2014-04-01,3,Wednesday,482782037,4,120695509.25,726.279,1778303804.147,day_of_week_month_day_total
2014-03,2014-03-01,2014-04-01,4,Thursday,491844479,4,122961119.75,726.279,1778303804.147,day_of_week_month_day_total
2014-03,2014-03-01,2014-04-01,5,Friday,503870301,4,125967575.25,726.279,1778303804.147,day_of_week_month_day_total
2014-03,2014-03-01,2014-04-01,6,Saturday,527050352,5,105410070.4,726.279,1778303804.147,day_of_week_month_day_total
2014-03,2014-03-01,2014-04-01,7,Sunday,449613716,5,89922743.2,726.279,1778303804.147,day_of_week_month_day_total
2014-04,2014-04-01,2014-05-01,1,Monday,410161749,4,102540437.25,663.531,1778304541.191,day_of_week_month_day_total
2014-04,2014-04-01,2014-05-01,2,Tuesday,570820198,5,114164039.6,663.531,1778304541.191,day_of_week_month_day_total
2014-04,2014-04-01,2014-05-01,3,Wednesday,585843444,5,117168688.8,663.531,1778304541.191,day_of_week_month_day_total
2014-04,2014-04-01,2014-05-01,4,Thursday,485102249,4,121275562.25,663.531,1778304541.191,day_of_week_month_day_total
2014-04,2014-04-01,2014-05-01,5,Friday,396603249,4,99150812.25,663.531,1778304541.191,day_of_week_month_day_total
2014-04,2014-04-01,2014-05-01,6,Saturday,392818710,4,98204677.5,663.531,1778304541.191,day_of_week_month_day_total
2014-04,2014-04-01,2014-05-01,7,Sunday,343761280,4,85940320.0,663.531,1778304541.191,day_of_week_month_day_total
2014-05,2014-05-01,2014-06-01,1,Monday,447209204,4,111802301.0,644.796,1778305258.198,day_of_week_month_day_total
2014-05,2014-05-01,2014-06-01,2,Tuesday,463463587,4,115865896.75,644.796,1778305258.198,day_of_week_month_day_total
2014-05,2014-05-01,2014-06-01,3,Wednesday,472656780,4,118164195.0,644.796,1778305258.198,day_of_week_month_day_total
2014-05,2014-05-01,2014-06-01,4,Thursday,604892896,5,120978579.2,644.796,1778305258.198,day_of_week_month_day_total
2014-05,2014-05-01,2014-06-01,5,Friday,620326973,5,124065394.6,644.796,1778305258.198,day_of_week_month_day_total
2014-05,2014-05-01,2014-06-01,6,Saturday,528312025,5,105662405.0,644.796,1778305258.198,day_of_week_month_day_total
2014-05,2014-05-01,2014-06-01,7,Sunday,357002706,4,89250676.5,644.796,1778305258.198,day_of_week_month_day_total
2014-06,2014-06-01,2014-07-01,1,Monday,511730859,5,102346171.8,698.455,1778306028.451,day_of_week_month_day_total
2014-06,2014-06-01,2014-07-01,2,Tuesday,450161608,4,112540402.0,698.455,1778306028.451,day_of_week_month_day_total
2014-06,2014-06-01,2014-07-01,3,Wednesday,453668185,4,113417046.25,698.455,1778306028.451,day_of_week_month_day_total
2014-06,2014-06-01,2014-07-01,4,Thursday,474128886,4,118532221.5,698.455,1778306028.451,day_of_week_month_day_total
2014-06,2014-06-01,2014-07-01,5,Friday,488319246,4,122079811.5,698.455,1778306028.451,day_of_week_month_day_total
2014-06,2014-06-01,2014-07-01,6,Saturday,402701053,4,100675263.25,698.455,1778306028.451,day_of_week_month_day_total
2014-06,2014-06-01,2014-07-01,7,Sunday,424588968,5,84917793.6,698.455,1778306028.451,day_of_week_month_day_total
2014-07,2014-07-01,2014-08-01,1,Monday,436720380,4,109180095.0,683.184,1778306786.389,day_of_week_month_day_total
2014-07,2014-07-01,2014-08-01,2,Tuesday,562595653,5,112519130.6,683.184,1778306786.389,day_of_week_month_day_total
2014-07,2014-07-01,2014-08-01,3,Wednesday,574573222,5,114914644.4,683.184,1778306786.389,day_of_week_month_day_total
2014-07,2014-07-01,2014-08-01,4,Thursday,583595999,5,116719199.8,683.184,1778306786.389,day_of_week_month_day_total
2014-07,2014-07-01,2014-08-01,5,Friday,479262342,4,119815585.5,683.184,1778306786.389,day_of_week_month_day_total
2014-07,2014-07-01,2014-08-01,6,Saturday,401889342,4,100472335.5,683.184,1778306786.389,day_of_week_month_day_total
2014-07,2014-07-01,2014-08-01,7,Sunday,341859817,4,85464954.25,683.184,1778306786.389,day_of_week_month_day_total
2014-08,2014-08-01,2014-09-01,1,Monday,443922777,4,110980694.25,707.378,1778307568.455,day_of_week_month_day_total
2014-08,2014-08-01,2014-09-01,2,Tuesday,461508102,4,115377025.5,707.378,1778307568.455,day_of_week_month_day_total
2014-08,2014-08-01,2014-09-01,3,Wednesday,468789060,4,117197265.0,707.378,1778307568.455,day_of_week_month_day_total
2014-08,2014-08-01,2014-09-01,4,Thursday,479047037,4,119761759.25,707.378,1778307568.455,day_of_week_month_day_total
2014-08,2014-08-01,2014-09-01,5,Friday,615579184,5,123115836.8,707.378,1778307568.455,day_of_week_month_day_total
2014-08,2014-08-01,2014-09-01,6,Saturday,525231376,5,105046275.2,707.378,1778307568.455,day_of_week_month_day_total
2014-08,2014-08-01,2014-09-01,7,Sunday,443988293,5,88797658.6,707.378,1778307568.455,day_of_week_month_day_total
2014-09,2014-09-01,2014-10-01,1,Monday,556416978,5,111283395.6,666.128,1778308311.642,day_of_week_month_day_total
2014-09,2014-09-01,2014-10-01,2,Tuesday,573730129,5,114746025.8,666.128,1778308311.642,day_of_week_month_day_total
2014-09,2014-09-01,2014-10-01,3,Wednesday,470217656,4,117554414.0,666.128,1778308311.642,day_of_week_month_day_total
2014-09,2014-09-01,2014-10-01,4,Thursday,479284307,4,119821076.75,666.128,1778308311.642,day_of_week_month_day_total
2014-09,2014-09-01,2014-10-01,5,Friday,494313871,4,123578467.75,666.128,1778308311.642,day_of_week_month_day_total
2014-09,2014-09-01,2014-10-01,6,Saturday,409179047,4,102294761.75,666.128,1778308311.642,day_of_week_month_day_total
2014-09,2014-09-01,2014-10-01,7,Sunday,358482977,4,89620744.25,666.128,1778308311.642,day_of_week_month_day_total
2014-10,2014-10-01,2014-11-01,1,Monday,455015681,4,113753920.25,670.12,1778309056.001,day_of_week_month_day_total
2014-10,2014-10-01,2014-11-01,2,Tuesday,466562379,4,116640594.75,670.12,1778309056.001,day_of_week_month_day_total
2014-10,2014-10-01,2014-11-01,3,Wednesday,600243289,5,120048657.8,670.12,1778309056.001,day_of_week_month_day_total
2014-10,2014-10-01,2014-11-01,4,Thursday,613701292,5,122740258.4,670.12,1778309056.001,day_of_week_month_day_total
2014-10,2014-10-01,2014-11-01,5,Friday,632205445,5,126441089.0,670.12,1778309056.001,day_of_week_month_day_total
2014-10,2014-10-01,2014-11-01,6,Saturday,429434296,4,107358574.0,670.12,1778309056.001,day_of_week_month_day_total
2014-10,2014-10-01,2014-11-01,7,Sunday,363117243,4,90779310.75,670.12,1778309056.001,day_of_week_month_day_total
2014-11,2014-11-01,2014-12-01,1,Monday,455559638,4,113889909.5,629.862,1778309766.64,day_of_week_month_day_total
2014-11,2014-11-01,2014-12-01,2,Tuesday,444486484,4,111121621.0,629.862,1778309766.64,day_of_week_month_day_total
2014-11,2014-11-01,2014-12-01,3,Wednesday,492910324,4,123227581.0,629.862,1778309766.64,day_of_week_month_day_total
2014-11,2014-11-01,2014-12-01,4,Thursday,502544644,4,125636161.0,629.862,1778309766.64,day_of_week_month_day_total
2014-11,2014-11-01,2014-12-01,5,Friday,519610276,4,129902569.0,629.862,1778309766.64,day_of_week_month_day_total
2014-11,2014-11-01,2014-12-01,6,Saturday,537516128,5,107503225.6,629.862,1778309766.64,day_of_week_month_day_total
2014-11,2014-11-01,2014-12-01,7,Sunday,455631844,5,91126368.8,629.862,1778309766.64,day_of_week_month_day_total
2014-12,2014-12-01,2015-01-01,1,Monday,566745248,5,113349049.6,655.392,1778310494.85,day_of_week_month_day_total
2014-12,2014-12-01,2015-01-01,2,Tuesday,583552337,5,116710467.4,655.392,1778310494.85,day_of_week_month_day_total
2014-12,2014-12-01,2015-01-01,3,Wednesday,583151446,5,116630289.2,655.392,1778310494.85,day_of_week_month_day_total
2014-12,2014-12-01,2015-01-01,4,Thursday,456448218,4,114112054.5,655.392,1778310494.85,day_of_week_month_day_total
2014-12,2014-12-01,2015-01-01,5,Friday,476090378,4,119022594.5,655.392,1778310494.85,day_of_week_month_day_total
2014-12,2014-12-01,2015-01-01,6,Saturday,420430070,4,105107517.5,655.392,1778310494.85,day_of_week_month_day_total
2014-12,2014-12-01,2015-01-01,7,Sunday,366410045,4,91602511.25,655.392,1778310494.85,day_of_week_month_day_total
2015-01,2015-01-01,2015-02-01,1,Monday,390982222,4,97745555.5,694.842,1778311262.846,day_of_week_month_day_total
2015-01,2015-01-01,2015-02-01,2,Tuesday,438641502,4,109660375.5,694.842,1778311262.846,day_of_week_month_day_total
2015-01,2015-01-01,2015-02-01,3,Wednesday,448145588,4,112036397.0,694.842,1778311262.846,day_of_week_month_day_total
2015-01,2015-01-01,2015-02-01,4,Thursday,524855947,5,104971189.4,694.842,1778311262.846,day_of_week_month_day_total
2015-01,2015-01-01,2015-02-01,5,Friday,561478561,5,112295712.2,694.842,1778311262.846,day_of_week_month_day_total
2015-01,2015-01-01,2015-02-01,6,Saturday,475015598,5,95003119.6,694.842,1778311262.846,day_of_week_month_day_total
2015-01,2015-01-01,2015-02-01,7,Sunday,337283321,4,84320830.25,694.842,1778311262.846,day_of_week_month_day_total
2015-02,2015-02-01,2015-03-01,1,Monday,447446079,4,111861519.75,663.054,1778312000.063,day_of_week_month_day_total
2015-02,2015-02-01,2015-03-01,2,Tuesday,483186423,4,120796605.75,663.054,1778312000.063,day_of_week_month_day_total
2015-02,2015-02-01,2015-03-01,3,Wednesday,491043851,4,122760962.75,663.054,1778312000.063,day_of_week_month_day_total
2015-02,2015-02-01,2015-03-01,4,Thursday,498406548,4,124601637.0,663.054,1778312000.063,day_of_week_month_day_total
2015-02,2015-02-01,2015-03-01,5,Friday,513901582,4,128475395.5,663.054,1778312000.063,day_of_week_month_day_total
2015-02,2015-02-01,2015-03-01,6,Saturday,433250130,4,108312532.5,663.054,1778312000.063,day_of_week_month_day_total
2015-02,2015-02-01,2015-03-01,7,Sunday,364806218,4,91201554.5,663.054,1778312000.063,day_of_week_month_day_total
2015-03,2015-03-01,2015-04-01,1,Monday,543862194,5,108772438.8,643.057,1778312715.755,day_of_week_month_day_total
2015-03,2015-03-01,2015-04-01,2,Tuesday,603549274,5,120709854.8,643.057,1778312715.755,day_of_week_month_day_total
2015-03,2015-03-01,2015-04-01,3,Wednesday,497516650,4,124379162.5,643.057,1778312715.755,day_of_week_month_day_total
2015-03,2015-03-01,2015-04-01,4,Thursday,502852128,4,125713032.0,643.057,1778312715.755,day_of_week_month_day_total
2015-03,2015-03-01,2015-04-01,5,Friday,388096406,3,129365468.66666667,643.057,1778312715.755,day_of_week_month_day_total
2015-03,2015-03-01,2015-04-01,6,Saturday,434419401,4,108604850.25,643.057,1778312715.755,day_of_week_month_day_total
2015-03,2015-03-01,2015-04-01,7,Sunday,466129530,5,93225906.0,643.057,1778312715.755,day_of_week_month_day_total
2015-04,2015-04-01,2015-05-01,1,Monday,423930242,4,105982560.5,634.742,1778313426.866,day_of_week_month_day_total
2015-04,2015-04-01,2015-05-01,2,Tuesday,468535200,4,117133800.0,634.742,1778313426.866,day_of_week_month_day_total
2015-04,2015-04-01,2015-05-01,3,Wednesday,603312832,5,120662566.4,634.742,1778313426.866,day_of_week_month_day_total
2015-04,2015-04-01,2015-05-01,4,Thursday,620558543,5,124111708.6,634.742,1778313426.866,day_of_week_month_day_total
2015-04,2015-04-01,2015-05-01,5,Friday,451794433,4,112948608.25,634.742,1778313426.866,day_of_week_month_day_total
2015-04,2015-04-01,2015-05-01,6,Saturday,398832407,4,99708101.75,634.742,1778313426.866,day_of_week_month_day_total
2015-04,2015-04-01,2015-05-01,7,Sunday,349300590,4,87325147.5,634.742,1778313426.866,day_of_week_month_day_total
2015-05,2015-05-01,2015-06-01,1,Monday,457329109,4,114332277.25,654.613,1778314153.976,day_of_week_month_day_total
2015-05,2015-05-01,2015-06-01,2,Tuesday,471087222,4,117771805.5,654.613,1778314153.976,day_of_week_month_day_total
2015-05,2015-05-01,2015-06-01,3,Wednesday,479220702,4,119805175.5,654.613,1778314153.976,day_of_week_month_day_total
2015-05,2015-05-01,2015-06-01,4,Thursday,489178384,4,122294596.0,654.613,1778314153.976,day_of_week_month_day_total
2015-05,2015-05-01,2015-06-01,5,Friday,624641192,5,124928238.4,654.613,1778314153.976,day_of_week_month_day_total
2015-05,2015-05-01,2015-06-01,6,Saturday,545135631,5,109027126.2,654.613,1778314153.976,day_of_week_month_day_total
2015-05,2015-05-01,2015-06-01,7,Sunday,456624942,5,91324988.4,654.613,1778314153.976,day_of_week_month_day_total
2015-06,2015-06-01,2015-07-01,1,Monday,518705186,5,103741037.2,643.147,1778314869.628,day_of_week_month_day_total
2015-06,2015-06-01,2015-07-01,2,Tuesday,578025067,5,115605013.4,643.147,1778314869.628,day_of_week_month_day_total
2015-06,2015-06-01,2015-07-01,3,Wednesday,468981170,4,117245292.5,643.147,1778314869.628,day_of_week_month_day_total
2015-06,2015-06-01,2015-07-01,4,Thursday,485431391,4,121357847.75,643.147,1778314869.628,day_of_week_month_day_total
2015-06,2015-06-01,2015-07-01,5,Friday,488555955,4,122138988.75,643.147,1778314869.628,day_of_week_month_day_total
2015-06,2015-06-01,2015-07-01,6,Saturday,418990628,4,104747657.0,643.147,1778314869.628,day_of_week_month_day_total
2015-06,2015-06-01,2015-07-01,7,Sunday,355471088,4,88867772.0,643.147,1778314869.628,day_of_week_month_day_total
2015-07,2015-07-01,2015-08-01,1,Monday,444016408,4,111004102.0,648.313,1778315588.777,day_of_week_month_day_total
2015-07,2015-07-01,2015-08-01,2,Tuesday,463390734,4,115847683.5,648.313,1778315588.777,day_of_week_month_day_total
2015-07,2015-07-01,2015-08-01,3,Wednesday,589118973,5,117823794.6,648.313,1778315588.777,day_of_week_month_day_total
2015-07,2015-07-01,2015-08-01,4,Thursday,598237634,5,119647526.8,648.313,1778315588.777,day_of_week_month_day_total
2015-07,2015-07-01,2015-08-01,5,Friday,606950913,5,121390182.6,648.313,1778315588.777,day_of_week_month_day_total
2015-07,2015-07-01,2015-08-01,6,Saturday,410805787,4,102701446.75,648.313,1778315588.777,day_of_week_month_day_total
2015-07,2015-07-01,2015-08-01,7,Sunday,345116226,4,86279056.5,648.313,1778315588.777,day_of_week_month_day_total
2015-08,2015-08-01,2015-09-01,1,Monday,567742968,5,113548593.6,691.873,1778316352.047,day_of_week_month_day_total
2015-08,2015-08-01,2015-09-01,2,Tuesday,472219871,4,118054967.75,691.873,1778316352.047,day_of_week_month_day_total
2015-08,2015-08-01,2015-09-01,3,Wednesday,480177046,4,120044261.5,691.873,1778316352.047,day_of_week_month_day_total
2015-08,2015-08-01,2015-09-01,4,Thursday,487678877,4,121919719.25,691.873,1778316352.047,day_of_week_month_day_total
2015-08,2015-08-01,2015-09-01,5,Friday,503068082,4,125767020.5,691.873,1778316352.047,day_of_week_month_day_total
2015-08,2015-08-01,2015-09-01,6,Saturday,533428104,5,106685620.8,691.873,1778316352.047,day_of_week_month_day_total
2015-08,2015-08-01,2015-09-01,7,Sunday,453262988,5,90652597.6,691.873,1778316352.047,day_of_week_month_day_total
2015-09,2015-09-01,2015-10-01,1,Monday,452299706,4,113074926.5,732.262,1778317160.307,day_of_week_month_day_total
2015-09,2015-09-01,2015-10-01,2,Tuesday,587699440,5,117539888.0,732.262,1778317160.307,day_of_week_month_day_total
2015-09,2015-09-01,2015-10-01,3,Wednesday,599503721,5,119900744.2,732.262,1778317160.307,day_of_week_month_day_total
2015-09,2015-09-01,2015-10-01,4,Thursday,489559380,4,122389845.0,732.262,1778317160.307,day_of_week_month_day_total
2015-09,2015-09-01,2015-10-01,5,Friday,502204615,4,125551153.75,732.262,1778317160.307,day_of_week_month_day_total
2015-09,2015-09-01,2015-10-01,6,Saturday,428303614,4,107075903.5,732.262,1778317160.307,day_of_week_month_day_total
2015-09,2015-09-01,2015-10-01,7,Sunday,368639457,4,92159864.25,732.262,1778317160.307,day_of_week_month_day_total
2015-10,2015-10-01,2015-11-01,1,Monday,469498168,4,117374542.0,680.1,1778317912.967,day_of_week_month_day_total
2015-10,2015-10-01,2015-11-01,2,Tuesday,486174551,4,121543637.75,680.1,1778317912.967,day_of_week_month_day_total
2015-10,2015-10-01,2015-11-01,3,Wednesday,495800415,4,123950103.75,680.1,1778317912.967,day_of_week_month_day_total
2015-10,2015-10-01,2015-11-01,4,Thursday,634524913,5,126904982.6,680.1,1778317912.967,day_of_week_month_day_total
2015-10,2015-10-01,2015-11-01,5,Friday,617519718,5,123503943.6,680.1,1778317912.967,day_of_week_month_day_total
2015-10,2015-10-01,2015-11-01,6,Saturday,527324382,5,105464876.4,680.1,1778317912.967,day_of_week_month_day_total
2015-10,2015-10-01,2015-11-01,7,Sunday,369105774,4,92276443.5,680.1,1778317912.967,day_of_week_month_day_total
2015-11,2015-11-01,2015-12-01,1,Monday,534396888,5,106879377.6,674.24,1778318659.371,day_of_week_month_day_total
2015-11,2015-11-01,2015-12-01,2,Tuesday,453590889,4,113397722.25,674.24,1778318659.371,day_of_week_month_day_total
2015-11,2015-11-01,2015-12-01,3,Wednesday,500520124,4,125130031.0,674.24,1778318659.371,day_of_week_month_day_total
2015-11,2015-11-01,2015-12-01,4,Thursday,508889244,4,127222311.0,674.24,1778318659.371,day_of_week_month_day_total
2015-11,2015-11-01,2015-12-01,5,Friday,525032905,4,131258226.25,674.24,1778318659.371,day_of_week_month_day_total
2015-11,2015-11-01,2015-12-01,6,Saturday,448014621,4,112003655.25,674.24,1778318659.371,day_of_week_month_day_total
2015-11,2015-11-01,2015-12-01,7,Sunday,469101779,5,93820355.8,674.24,1778318659.371,day_of_week_month_day_total
2015-12,2015-12-01,2016-01-01,1,Monday,439469694,4,109867423.5,717.542,1778319449.031,day_of_week_month_day_total
2015-12,2015-12-01,2016-01-01,2,Tuesday,599705351,5,119941070.2,717.542,1778319449.031,day_of_week_month_day_total
2015-12,2015-12-01,2016-01-01,3,Wednesday,610880735,5,122176147.0,717.542,1778319449.031,day_of_week_month_day_total
2015-12,2015-12-01,2016-01-01,4,Thursday,599612147,5,119922429.4,717.542,1778319449.031,day_of_week_month_day_total
2015-12,2015-12-01,2016-01-01,5,Friday,476041454,4,119010363.5,717.542,1778319449.031,day_of_week_month_day_total
2015-12,2015-12-01,2016-01-01,6,Saturday,419817799,4,104954449.75,717.542,1778319449.031,day_of_week_month_day_total
2015-12,2015-12-01,2016-01-01,7,Sunday,374985272,4,93746318.0,717.542,1778319449.031,day_of_week_month_day_total
2016-01,2016-01-01,2016-02-01,1,Monday,425502132,4,106375533.0,703.706,1778320224.866,day_of_week_month_day_total
2016-01,2016-01-01,2016-02-01,2,Tuesday,412096710,4,103024177.5,703.706,1778320224.866,day_of_week_month_day_total
2016-01,2016-01-01,2016-02-01,3,Wednesday,452373378,4,113093344.5,703.706,1778320224.866,day_of_week_month_day_total
2016-01,2016-01-01,2016-02-01,4,Thursday,467712191,4,116928047.75,703.706,1778320224.866,day_of_week_month_day_total
2016-01,2016-01-01,2016-02-01,5,Friday,550057643,5,110011528.6,703.706,1778320224.866,day_of_week_month_day_total
2016-01,2016-01-01,2016-02-01,6,Saturday,489538301,5,97907660.2,703.706,1778320224.866,day_of_week_month_day_total
2016-01,2016-01-01,2016-02-01,7,Sunday,432328296,5,86465659.2,703.706,1778320224.866,day_of_week_month_day_total
2016-02,2016-02-01,2016-03-01,1,Monday,598353628,5,119670725.6,623.575,1778320920.504,day_of_week_month_day_total
2016-02,2016-02-01,2016-03-01,2,Tuesday,489076214,4,122269053.5,623.575,1778320920.504,day_of_week_month_day_total
2016-02,2016-02-01,2016-03-01,3,Wednesday,498042921,4,124510730.25,623.575,1778320920.504,day_of_week_month_day_total
2016-02,2016-02-01,2016-03-01,4,Thursday,509034187,4,127258546.75,623.575,1778320920.504,day_of_week_month_day_total
2016-02,2016-02-01,2016-03-01,5,Friday,525844643,4,131461160.75,623.575,1778320920.504,day_of_week_month_day_total
2016-02,2016-02-01,2016-03-01,6,Saturday,449071296,4,112267824.0,623.575,1778320920.504,day_of_week_month_day_total
2016-02,2016-02-01,2016-03-01,7,Sunday,384385413,4,96096353.25,623.575,1778320920.504,day_of_week_month_day_total
2016-03,2016-03-01,2016-04-01,1,Monday,409876298,4,102469074.5,692.042,1778321684.454,day_of_week_month_day_total
2016-03,2016-03-01,2016-04-01,2,Tuesday,612782590,5,122556518.0,692.042,1778321684.454,day_of_week_month_day_total
2016-03,2016-03-01,2016-04-01,3,Wednesday,628020487,5,125604097.4,692.042,1778321684.454,day_of_week_month_day_total
2016-03,2016-03-01,2016-04-01,4,Thursday,643208027,5,128641605.4,692.042,1778321684.454,day_of_week_month_day_total
2016-03,2016-03-01,2016-04-01,5,Friday,470292497,4,117573124.25,692.042,1778321684.454,day_of_week_month_day_total
2016-03,2016-03-01,2016-04-01,6,Saturday,422468036,4,105617009.0,692.042,1778321684.454,day_of_week_month_day_total
2016-03,2016-03-01,2016-04-01,7,Sunday,366439060,4,91609765.0,692.042,1778321684.454,day_of_week_month_day_total
2016-04,2016-04-01,2016-05-01,1,Monday,435477351,4,108869337.75,647.906,1778322413.13,day_of_week_month_day_total
2016-04,2016-04-01,2016-05-01,2,Tuesday,488886828,4,122221707.0,647.906,1778322413.13,day_of_week_month_day_total
2016-04,2016-04-01,2016-05-01,3,Wednesday,496644887,4,124161221.75,647.906,1778322413.13,day_of_week_month_day_total
2016-04,2016-04-01,2016-05-01,4,Thursday,507620319,4,126905079.75,647.906,1778322413.13,day_of_week_month_day_total
2016-04,2016-04-01,2016-05-01,5,Friday,644141813,5,128828362.6,647.906,1778322413.13,day_of_week_month_day_total
2016-04,2016-04-01,2016-05-01,6,Saturday,546357901,5,109271580.2,647.906,1778322413.13,day_of_week_month_day_total
2016-04,2016-04-01,2016-05-01,7,Sunday,377492317,4,94373079.25,647.906,1778322413.13,day_of_week_month_day_total
2016-05,2016-05-01,2016-06-01,1,Monday,586849497,5,117369899.4,749.014,1778323235.406,day_of_week_month_day_total
2016-05,2016-05-01,2016-06-01,2,Tuesday,606492527,5,121298505.4,749.014,1778323235.406,day_of_week_month_day_total
2016-05,2016-05-01,2016-06-01,3,Wednesday,497275061,4,124318765.25,749.014,1778323235.406,day_of_week_month_day_total
2016-05,2016-05-01,2016-06-01,4,Thursday,505279314,4,126319828.5,749.014,1778323235.406,day_of_week_month_day_total
2016-05,2016-05-01,2016-06-01,5,Friday,523968074,4,130992018.5,749.014,1778323235.406,day_of_week_month_day_total
2016-05,2016-05-01,2016-06-01,6,Saturday,451344431,4,112836107.75,749.014,1778323235.406,day_of_week_month_day_total
2016-05,2016-05-01,2016-06-01,7,Sunday,468271060,5,93654212.0,749.014,1778323235.406,day_of_week_month_day_total
2016-06,2016-06-01,2016-07-01,1,Monday,419553123,4,104888280.75,692.474,1778324015.453,day_of_week_month_day_total
2016-06,2016-06-01,2016-07-01,2,Tuesday,477730661,4,119432665.25,692.474,1778324015.453,day_of_week_month_day_total
2016-06,2016-06-01,2016-07-01,3,Wednesday,613346746,5,122669349.2,692.474,1778324015.453,day_of_week_month_day_total
2016-06,2016-06-01,2016-07-01,4,Thursday,620391146,5,124078229.2,692.474,1778324015.453,day_of_week_month_day_total
2016-06,2016-06-01,2016-07-01,5,Friday,514142521,4,128535630.25,692.474,1778324015.453,day_of_week_month_day_total
2016-06,2016-06-01,2016-07-01,6,Saturday,428015119,4,107003779.75,692.474,1778324015.453,day_of_week_month_day_total
2016-06,2016-06-01,2016-07-01,7,Sunday,363623571,4,90905892.75,692.474,1778324015.453,day_of_week_month_day_total
2016-07,2016-07-01,2016-08-01,1,Monday,463312809,4,115828202.25,696.565,1778324786.52,day_of_week_month_day_total
2016-07,2016-07-01,2016-08-01,2,Tuesday,478965178,4,119741294.5,696.565,1778324786.52,day_of_week_month_day_total
2016-07,2016-07-01,2016-08-01,3,Wednesday,490599933,4,122649983.25,696.565,1778324786.52,day_of_week_month_day_total
2016-07,2016-07-01,2016-08-01,4,Thursday,502031675,4,125507918.75,696.565,1778324786.52,day_of_week_month_day_total
2016-07,2016-07-01,2016-08-01,5,Friday,638162534,5,127632506.8,696.565,1778324786.52,day_of_week_month_day_total
2016-07,2016-07-01,2016-08-01,6,Saturday,546022530,5,109204506.0,696.565,1778324786.52,day_of_week_month_day_total
2016-07,2016-07-01,2016-08-01,7,Sunday,463143245,5,92628649.0,696.565,1778324786.52,day_of_week_month_day_total
2016-08,2016-08-01,2016-09-01,1,Monday,590226280,5,118045256.0,727.783,1778325590.197,day_of_week_month_day_total
2016-08,2016-08-01,2016-09-01,2,Tuesday,613388067,5,122677613.4,727.783,1778325590.197,day_of_week_month_day_total
2016-08,2016-08-01,2016-09-01,3,Wednesday,624258192,5,124851638.4,727.783,1778325590.197,day_of_week_month_day_total
2016-08,2016-08-01,2016-09-01,4,Thursday,509478331,4,127369582.75,727.783,1778325590.197,day_of_week_month_day_total
2016-08,2016-08-01,2016-09-01,5,Friday,522063981,4,130515995.25,727.783,1778325590.197,day_of_week_month_day_total
2016-08,2016-08-01,2016-09-01,6,Saturday,446723963,4,111680990.75,727.783,1778325590.197,day_of_week_month_day_total
2016-08,2016-08-01,2016-09-01,7,Sunday,380491804,4,95122951.0,727.783,1778325590.197,day_of_week_month_day_total
2016-09,2016-09-01,2016-10-01,1,Monday,466962394,4,116740598.5,638.994,1778326301.38,day_of_week_month_day_total
2016-09,2016-09-01,2016-10-01,2,Tuesday,481732671,4,120433167.75,638.994,1778326301.38,day_of_week_month_day_total
2016-09,2016-09-01,2016-10-01,3,Wednesday,496332973,4,124083243.25,638.994,1778326301.38,day_of_week_month_day_total
2016-09,2016-09-01,2016-10-01,4,Thursday,635182943,5,127036588.6,638.994,1778326301.38,day_of_week_month_day_total
2016-09,2016-09-01,2016-10-01,5,Friday,616796294,5,123359258.8,638.994,1778326301.38,day_of_week_month_day_total
2016-09,2016-09-01,2016-10-01,6,Saturday,442297219,4,110574304.75,638.994,1778326301.38,day_of_week_month_day_total
2016-09,2016-09-01,2016-10-01,7,Sunday,374832214,4,93708053.5,638.994,1778326301.38,day_of_week_month_day_total
2016-10,2016-10-01,2016-11-01,1,Monday,597429396,5,119485879.2,713.455,1778327087.164,day_of_week_month_day_total
2016-10,2016-10-01,2016-11-01,2,Tuesday,501619788,4,125404947.0,713.455,1778327087.164,day_of_week_month_day_total
2016-10,2016-10-01,2016-11-01,3,Wednesday,510876080,4,127719020.0,713.455,1778327087.164,day_of_week_month_day_total
2016-10,2016-10-01,2016-11-01,4,Thursday,527914699,4,131978674.75,713.455,1778327087.164,day_of_week_month_day_total
2016-10,2016-10-01,2016-11-01,5,Friday,536306945,4,134076736.25,713.455,1778327087.164,day_of_week_month_day_total
2016-10,2016-10-01,2016-11-01,6,Saturday,544463426,5,108892685.2,713.455,1778327087.164,day_of_week_month_day_total
2016-10,2016-10-01,2016-11-01,7,Sunday,463109777,5,92621955.4,713.455,1778327087.164,day_of_week_month_day_total
2016-11,2016-11-01,2016-12-01,1,Monday,493538117,4,123384529.25,737.141,1778327905.601,day_of_week_month_day_total
2016-11,2016-11-01,2016-12-01,2,Tuesday,597862246,5,119572449.2,737.141,1778327905.601,day_of_week_month_day_total
2016-11,2016-11-01,2016-12-01,3,Wednesday,649711930,5,129942386.0,737.141,1778327905.601,day_of_week_month_day_total
2016-11,2016-11-01,2016-12-01,4,Thursday,532556980,4,133139245.0,737.141,1778327905.601,day_of_week_month_day_total
2016-11,2016-11-01,2016-12-01,5,Friday,547205227,4,136801306.75,737.141,1778327905.601,day_of_week_month_day_total
2016-11,2016-11-01,2016-12-01,6,Saturday,465933989,4,116483497.25,737.141,1778327905.601,day_of_week_month_day_total
2016-11,2016-11-01,2016-12-01,7,Sunday,396162727,4,99040681.75,737.141,1778327905.601,day_of_week_month_day_total
2016-12,2016-12-01,2017-01-01,1,Monday,464443011,4,116110752.75,683.904,1778328662.958,day_of_week_month_day_total
2016-12,2016-12-01,2017-01-01,2,Tuesday,477554895,4,119388723.75,683.904,1778328662.958,day_of_week_month_day_total
2016-12,2016-12-01,2017-01-01,3,Wednesday,493909020,4,123477255.0,683.904,1778328662.958,day_of_week_month_day_total
2016-12,2016-12-01,2017-01-01,4,Thursday,633654084,5,126730816.8,683.904,1778328662.958,day_of_week_month_day_total
2016-12,2016-12-01,2017-01-01,5,Friday,646988804,5,129397760.8,683.904,1778328662.958,day_of_week_month_day_total
2016-12,2016-12-01,2017-01-01,6,Saturday,548087901,5,109617580.2,683.904,1778328662.958,day_of_week_month_day_total
2016-12,2016-12-01,2017-01-01,7,Sunday,383646109,4,95911527.25,683.904,1778328662.958,day_of_week_month_day_total
2017-01,2017-01-01,2017-02-01,1,Monday,542538729,5,108507745.8,682.624,1778329417.528,day_of_week_month_day_total
2017-01,2017-01-01,2017-02-01,2,Tuesday,582549423,5,116509884.6,682.624,1778329417.528,day_of_week_month_day_total
2017-01,2017-01-01,2017-02-01,3,Wednesday,477885588,4,119471397.0,682.624,1778329417.528,day_of_week_month_day_total
2017-01,2017-01-01,2017-02-01,4,Thursday,442286296,4,110571574.0,682.624,1778329417.528,day_of_week_month_day_total
2017-01,2017-01-01,2017-02-01,5,Friday,478908754,4,119727188.5,682.624,1778329417.528,day_of_week_month_day_total
2017-01,2017-01-01,2017-02-01,6,Saturday,410458735,4,102614683.75,682.624,1778329417.528,day_of_week_month_day_total
2017-01,2017-01-01,2017-02-01,7,Sunday,442208776,5,88441755.2,682.624,1778329417.528,day_of_week_month_day_total
2017-02,2017-02-01,2017-03-01,1,Monday,486294767,4,121573691.75,677.7,1778330169.474,day_of_week_month_day_total
2017-02,2017-02-01,2017-03-01,2,Tuesday,514064772,4,128516193.0,677.7,1778330169.474,day_of_week_month_day_total
2017-02,2017-02-01,2017-03-01,3,Wednesday,517878244,4,129469561.0,677.7,1778330169.474,day_of_week_month_day_total
2017-02,2017-02-01,2017-03-01,4,Thursday,524108103,4,131027025.75,677.7,1778330169.474,day_of_week_month_day_total
2017-02,2017-02-01,2017-03-01,5,Friday,541174854,4,135293713.5,677.7,1778330169.474,day_of_week_month_day_total
2017-02,2017-02-01,2017-03-01,6,Saturday,462239052,4,115559763.0,677.7,1778330169.474,day_of_week_month_day_total
2017-02,2017-02-01,2017-03-01,7,Sunday,385543019,4,96385754.75,677.7,1778330169.474,day_of_week_month_day_total
2017-03,2017-03-01,2017-04-01,1,Monday,460754271,4,115188567.75,646.599,1778330886.6,day_of_week_month_day_total
2017-03,2017-03-01,2017-04-01,2,Tuesday,510501229,4,127625307.25,646.599,1778330886.6,day_of_week_month_day_total
2017-03,2017-03-01,2017-04-01,3,Wednesday,651663844,5,130332768.8,646.599,1778330886.6,day_of_week_month_day_total
2017-03,2017-03-01,2017-04-01,4,Thursday,664953602,5,132990720.4,646.599,1778330886.6,day_of_week_month_day_total
2017-03,2017-03-01,2017-04-01,5,Friday,682045810,5,136409162.0,646.599,1778330886.6,day_of_week_month_day_total
2017-03,2017-03-01,2017-04-01,6,Saturday,460360114,4,115090028.5,646.599,1778330886.6,day_of_week_month_day_total
2017-03,2017-03-01,2017-04-01,7,Sunday,391677076,4,97919269.0,646.599,1778330886.6,day_of_week_month_day_total
2017-04,2017-04-01,2017-05-01,1,Monday,443205725,4,110801431.25,635.608,1778331594.665,day_of_week_month_day_total
2017-04,2017-04-01,2017-05-01,2,Tuesday,450560630,4,112640157.5,635.608,1778331594.665,day_of_week_month_day_total
2017-04,2017-04-01,2017-05-01,3,Wednesday,507251781,4,126812945.25,635.608,1778331594.665,day_of_week_month_day_total
2017-04,2017-04-01,2017-05-01,4,Thursday,522571746,4,130642936.5,635.608,1778331594.665,day_of_week_month_day_total
2017-04,2017-04-01,2017-05-01,5,Friday,474583870,4,118645967.5,635.608,1778331594.665,day_of_week_month_day_total
2017-04,2017-04-01,2017-05-01,6,Saturday,545252982,5,109050596.4,635.608,1778331594.665,day_of_week_month_day_total
2017-04,2017-04-01,2017-05-01,7,Sunday,464783993,5,92956798.6,635.608,1778331594.665,day_of_week_month_day_total
2017-05,2017-05-01,2017-06-01,1,Monday,601456201,5,120291240.2,768.496,1778332435.619,day_of_week_month_day_total
2017-05,2017-05-01,2017-06-01,2,Tuesday,623010554,5,124602110.8,768.496,1778332435.619,day_of_week_month_day_total
2017-05,2017-05-01,2017-06-01,3,Wednesday,633579199,5,126715839.8,768.496,1778332435.619,day_of_week_month_day_total
2017-05,2017-05-01,2017-06-01,4,Thursday,518698928,4,129674732.0,768.496,1778332435.619,day_of_week_month_day_total
2017-05,2017-05-01,2017-06-01,5,Friday,533318458,4,133329614.5,768.496,1778332435.619,day_of_week_month_day_total
2017-05,2017-05-01,2017-06-01,6,Saturday,460218289,4,115054572.25,768.496,1778332435.619,day_of_week_month_day_total
2017-05,2017-05-01,2017-06-01,7,Sunday,385960483,4,96490120.75,768.496,1778332435.619,day_of_week_month_day_total
2017-06,2017-06-01,2017-07-01,1,Monday,439325904,4,109831476.0,744.504,1778333257.222,day_of_week_month_day_total
2017-06,2017-06-01,2017-07-01,2,Tuesday,491686680,4,122921670.0,744.504,1778333257.222,day_of_week_month_day_total
2017-06,2017-06-01,2017-07-01,3,Wednesday,494303719,4,123575929.75,744.504,1778333257.222,day_of_week_month_day_total
2017-06,2017-06-01,2017-07-01,4,Thursday,635065526,5,127013105.2,744.504,1778333257.222,day_of_week_month_day_total
2017-06,2017-06-01,2017-07-01,5,Friday,657173196,5,131434639.2,744.504,1778333257.222,day_of_week_month_day_total
2017-06,2017-06-01,2017-07-01,6,Saturday,445842058,4,111460514.5,744.504,1778333257.222,day_of_week_month_day_total
2017-06,2017-06-01,2017-07-01,7,Sunday,376643644,4,94160911.0,744.504,1778333257.222,day_of_week_month_day_total
2017-07,2017-07-01,2017-08-01,1,Monday,584267691,5,116853538.2,652.562,1778333982.968,day_of_week_month_day_total
2017-07,2017-07-01,2017-08-01,2,Tuesday,361139734,3,120379911.33333333,652.562,1778333982.968,day_of_week_month_day_total
2017-07,2017-07-01,2017-08-01,3,Wednesday,493349969,4,123337492.25,652.562,1778333982.968,day_of_week_month_day_total
2017-07,2017-07-01,2017-08-01,4,Thursday,503705782,4,125926445.5,652.562,1778333982.968,day_of_week_month_day_total
2017-07,2017-07-01,2017-08-01,5,Friday,516873888,4,129218472.0,652.562,1778333982.968,day_of_week_month_day_total
2017-07,2017-07-01,2017-08-01,6,Saturday,547824698,5,109564939.6,652.562,1778333982.968,day_of_week_month_day_total
2017-07,2017-07-01,2017-08-01,7,Sunday,466694770,5,93338954.0,652.562,1778333982.968,day_of_week_month_day_total
2017-08,2017-08-01,2017-09-01,1,Monday,477453008,4,119363252.0,738.888,1778334793.994,day_of_week_month_day_total
2017-08,2017-08-01,2017-09-01,2,Tuesday,619992551,5,123998510.2,738.888,1778334793.994,day_of_week_month_day_total
2017-08,2017-08-01,2017-09-01,3,Wednesday,632038142,5,126407628.4,738.888,1778334793.994,day_of_week_month_day_total
2017-08,2017-08-01,2017-09-01,4,Thursday,642621526,5,128524305.2,738.888,1778334793.994,day_of_week_month_day_total
2017-08,2017-08-01,2017-09-01,5,Friday,527361984,4,131840496.0,738.888,1778334793.994,day_of_week_month_day_total
2017-08,2017-08-01,2017-09-01,6,Saturday,450802361,4,112700590.25,738.888,1778334793.994,day_of_week_month_day_total
2017-08,2017-08-01,2017-09-01,7,Sunday,381540766,4,95385191.5,738.888,1778334793.994,day_of_week_month_day_total
2017-09,2017-09-01,2017-10-01,1,Monday,476249994,4,119062498.5,659.373,1778335525.978,day_of_week_month_day_total
2017-09,2017-09-01,2017-10-01,2,Tuesday,493918118,4,123479529.5,659.373,1778335525.978,day_of_week_month_day_total
2017-09,2017-09-01,2017-10-01,3,Wednesday,505018491,4,126254622.75,659.373,1778335525.978,day_of_week_month_day_total
2017-09,2017-09-01,2017-10-01,4,Thursday,517575351,4,129393837.75,659.373,1778335525.978,day_of_week_month_day_total
2017-09,2017-09-01,2017-10-01,5,Friday,626660046,5,125332009.2,659.373,1778335525.978,day_of_week_month_day_total
2017-09,2017-09-01,2017-10-01,6,Saturday,540945415,5,108189083.0,659.373,1778335525.978,day_of_week_month_day_total
2017-09,2017-09-01,2017-10-01,7,Sunday,382741914,4,95685478.5,659.373,1778335525.978,day_of_week_month_day_total
2017-10,2017-10-01,2017-11-01,1,Monday,612198775,5,122439755.0,677.005,1778336275.105,day_of_week_month_day_total
2017-10,2017-10-01,2017-11-01,2,Tuesday,636433848,5,127286769.6,677.005,1778336275.105,day_of_week_month_day_total
2017-10,2017-10-01,2017-11-01,3,Wednesday,515498101,4,128874525.25,677.005,1778336275.105,day_of_week_month_day_total
2017-10,2017-10-01,2017-11-01,4,Thursday,523325661,4,130831415.25,677.005,1778336275.105,day_of_week_month_day_total
2017-10,2017-10-01,2017-11-01,5,Friday,540346813,4,135086703.25,677.005,1778336275.105,day_of_week_month_day_total
2017-10,2017-10-01,2017-11-01,6,Saturday,463476636,4,115869159.0,677.005,1778336275.105,day_of_week_month_day_total
2017-10,2017-10-01,2017-11-01,7,Sunday,481393346,5,96278669.2,677.005,1778336275.105,day_of_week_month_day_total
2017-11,2017-11-01,2017-12-01,1,Monday,496756224,4,124189056.0,759.903,1778337107.025,day_of_week_month_day_total
2017-11,2017-11-01,2017-12-01,2,Tuesday,482368334,4,120592083.5,759.903,1778337107.025,day_of_week_month_day_total
2017-11,2017-11-01,2017-12-01,3,Wednesday,662208524,5,132441704.8,759.903,1778337107.025,day_of_week_month_day_total
2017-11,2017-11-01,2017-12-01,4,Thursday,669674477,5,133934895.4,759.903,1778337107.025,day_of_week_month_day_total
2017-11,2017-11-01,2017-12-01,5,Friday,548530263,4,137132565.75,759.903,1778337107.025,day_of_week_month_day_total
2017-11,2017-11-01,2017-12-01,6,Saturday,467019368,4,116754842.0,759.903,1778337107.025,day_of_week_month_day_total
2017-11,2017-11-01,2017-12-01,7,Sunday,399307974,4,99826993.5,759.903,1778337107.025,day_of_week_month_day_total
2017-12,2017-12-01,2018-01-01,1,Monday,465121220,4,116280305.0,655.813,1778337834.481,day_of_week_month_day_total
2017-12,2017-12-01,2018-01-01,2,Tuesday,487498223,4,121874555.75,655.813,1778337834.481,day_of_week_month_day_total
2017-12,2017-12-01,2018-01-01,3,Wednesday,509139050,4,127284762.5,655.813,1778337834.481,day_of_week_month_day_total
2017-12,2017-12-01,2018-01-01,4,Thursday,517994557,4,129498639.25,655.813,1778337834.481,day_of_week_month_day_total
2017-12,2017-12-01,2018-01-01,5,Friday,655479850,5,131095970.0,655.813,1778337834.481,day_of_week_month_day_total
2017-12,2017-12-01,2018-01-01,6,Saturday,555711417,5,111142283.4,655.813,1778337834.481,day_of_week_month_day_total
2017-12,2017-12-01,2018-01-01,7,Sunday,488204943,5,97640988.6,655.813,1778337834.481,day_of_week_month_day_total
2018-01,2018-01-01,2018-02-01,1,Monday,546349158,5,109269831.6,658.343,1778338567.542,day_of_week_month_day_total
2018-01,2018-01-01,2018-02-01,2,Tuesday,590387115,5,118077423.0,658.343,1778338567.542,day_of_week_month_day_total
2018-01,2018-01-01,2018-02-01,3,Wednesday,608464621,5,121692924.2,658.343,1778338567.542,day_of_week_month_day_total
2018-01,2018-01-01,2018-02-01,4,Thursday,487429972,4,121857493.0,658.343,1778338567.542,day_of_week_month_day_total
2018-01,2018-01-01,2018-02-01,5,Friday,449213645,4,112303411.25,658.343,1778338567.542,day_of_week_month_day_total
2018-01,2018-01-01,2018-02-01,6,Saturday,399457652,4,99864413.0,658.343,1778338567.542,day_of_week_month_day_total
2018-01,2018-01-01,2018-02-01,7,Sunday,366074587,4,91518646.75,658.343,1778338567.542,day_of_week_month_day_total
2018-02,2018-02-01,2018-03-01,1,Monday,505584805,4,126396201.25,715.692,1778339354.991,day_of_week_month_day_total
2018-02,2018-02-01,2018-03-01,2,Tuesday,524336951,4,131084237.75,715.692,1778339354.991,day_of_week_month_day_total
2018-02,2018-02-01,2018-03-01,3,Wednesday,531826894,4,132956723.5,715.692,1778339354.991,day_of_week_month_day_total
2018-02,2018-02-01,2018-03-01,4,Thursday,537781715,4,134445428.75,715.692,1778339354.991,day_of_week_month_day_total
2018-02,2018-02-01,2018-03-01,5,Friday,552103758,4,138025939.5,715.692,1778339354.991,day_of_week_month_day_total
2018-02,2018-02-01,2018-03-01,6,Saturday,467793131,4,116948282.75,715.692,1778339354.991,day_of_week_month_day_total
2018-02,2018-02-01,2018-03-01,7,Sunday,399968330,4,99992082.5,715.692,1778339354.991,day_of_week_month_day_total
2018-03,2018-03-01,2018-04-01,1,Monday,470482954,4,117620738.5,673.516,1778340102.037,day_of_week_month_day_total
2018-03,2018-03-01,2018-04-01,2,Tuesday,521434918,4,130358729.5,673.516,1778340102.037,day_of_week_month_day_total
2018-03,2018-03-01,2018-04-01,3,Wednesday,533556835,4,133389208.75,673.516,1778340102.037,day_of_week_month_day_total
2018-03,2018-03-01,2018-04-01,4,Thursday,680978974,5,136195794.8,673.516,1778340102.037,day_of_week_month_day_total
2018-03,2018-03-01,2018-04-01,5,Friday,635341731,5,127068346.2,673.516,1778340102.037,day_of_week_month_day_total
2018-03,2018-03-01,2018-04-01,6,Saturday,560214554,5,112042910.8,673.516,1778340102.037,day_of_week_month_day_total
2018-03,2018-03-01,2018-04-01,7,Sunday,394159460,4,98539865.0,673.516,1778340102.037,day_of_week_month_day_total
2018-04,2018-04-01,2018-05-01,1,Monday,577418551,5,115483710.2,654.504,1778340828.851,day_of_week_month_day_total
2018-04,2018-04-01,2018-05-01,2,Tuesday,506621708,4,126655427.0,654.504,1778340828.851,day_of_week_month_day_total
2018-04,2018-04-01,2018-05-01,3,Wednesday,471428470,4,117857117.5,654.504,1778340828.851,day_of_week_month_day_total
2018-04,2018-04-01,2018-05-01,4,Thursday,523786401,4,130946600.25,654.504,1778340828.851,day_of_week_month_day_total
2018-04,2018-04-01,2018-05-01,5,Friday,536217513,4,134054378.25,654.504,1778340828.851,day_of_week_month_day_total
2018-04,2018-04-01,2018-05-01,6,Saturday,455094964,4,113773741.0,654.504,1778340828.851,day_of_week_month_day_total
2018-04,2018-04-01,2018-05-01,7,Sunday,472740465,5,94548093.0,654.504,1778340828.851,day_of_week_month_day_total
2018-05,2018-05-01,2018-06-01,1,Monday,479424912,4,119856228.0,644.277,1778341545.57,day_of_week_month_day_total
2018-05,2018-05-01,2018-06-01,2,Tuesday,631824344,5,126364868.8,644.277,1778341545.57,day_of_week_month_day_total
2018-05,2018-05-01,2018-06-01,3,Wednesday,642399728,5,128479945.6,644.277,1778341545.57,day_of_week_month_day_total
2018-05,2018-05-01,2018-06-01,4,Thursday,651452521,5,130290504.2,644.277,1778341545.57,day_of_week_month_day_total
2018-05,2018-05-01,2018-06-01,5,Friday,528989798,4,132247449.5,644.277,1778341545.57,day_of_week_month_day_total
2018-05,2018-05-01,2018-06-01,6,Saturday,462345056,4,115586264.0,644.277,1778341545.57,day_of_week_month_day_total
2018-05,2018-05-01,2018-06-01,7,Sunday,390544399,4,97636099.75,644.277,1778341545.57,day_of_week_month_day_total
2018-06,2018-06-01,2018-07-01,1,Monday,445091323,4,111272830.75,653.316,1778342270.879,day_of_week_month_day_total
2018-06,2018-06-01,2018-07-01,2,Tuesday,495751699,4,123937924.75,653.316,1778342270.879,day_of_week_month_day_total
2018-06,2018-06-01,2018-07-01,3,Wednesday,501744047,4,125436011.75,653.316,1778342270.879,day_of_week_month_day_total
2018-06,2018-06-01,2018-07-01,4,Thursday,517348086,4,129337021.5,653.316,1778342270.879,day_of_week_month_day_total
2018-06,2018-06-01,2018-07-01,5,Friday,660138187,5,132027637.4,653.316,1778342270.879,day_of_week_month_day_total
2018-06,2018-06-01,2018-07-01,6,Saturday,553487371,5,110697474.2,653.316,1778342270.879,day_of_week_month_day_total
2018-06,2018-06-01,2018-07-01,7,Sunday,371186855,4,92796713.75,653.316,1778342270.879,day_of_week_month_day_total
2018-07,2018-07-01,2018-08-01,1,Monday,590505244,5,118101048.8,909.408,1778343253.008,day_of_week_month_day_total
2018-07,2018-07-01,2018-08-01,2,Tuesday,612817904,5,122563580.8,909.408,1778343253.008,day_of_week_month_day_total
2018-07,2018-07-01,2018-08-01,3,Wednesday,499821500,4,124955375.0,909.408,1778343253.008,day_of_week_month_day_total
2018-07,2018-07-01,2018-08-01,4,Thursday,507849002,4,126962250.5,909.408,1778343253.008,day_of_week_month_day_total
2018-07,2018-07-01,2018-08-01,5,Friday,522353358,4,130588339.5,909.408,1778343253.008,day_of_week_month_day_total
2018-07,2018-07-01,2018-08-01,6,Saturday,444467270,4,111116817.5,909.408,1778343253.008,day_of_week_month_day_total
2018-07,2018-07-01,2018-08-01,7,Sunday,469818449,5,93963689.8,909.408,1778343253.008,day_of_week_month_day_total
2018-08,2018-08-01,2018-09-01,1,Monday,485895680,4,121473920.0,671.072,1778344000.992,day_of_week_month_day_total
2018-08,2018-08-01,2018-09-01,2,Tuesday,504987148,4,126246787.0,671.072,1778344000.992,day_of_week_month_day_total
2018-08,2018-08-01,2018-09-01,3,Wednesday,641628314,5,128325662.8,671.072,1778344000.992,day_of_week_month_day_total
2018-08,2018-08-01,2018-09-01,4,Thursday,653439009,5,130687801.8,671.072,1778344000.992,day_of_week_month_day_total
2018-08,2018-08-01,2018-09-01,5,Friday,669474424,5,133894884.8,671.072,1778344000.992,day_of_week_month_day_total
2018-08,2018-08-01,2018-09-01,6,Saturday,455134131,4,113783532.75,671.072,1778344000.992,day_of_week_month_day_total
2018-08,2018-08-01,2018-09-01,7,Sunday,385601379,4,96400344.75,671.072,1778344000.992,day_of_week_month_day_total
2018-09,2018-09-01,2018-10-01,1,Monday,484361485,4,121090371.25,670.197,1778344743.999,day_of_week_month_day_total
2018-09,2018-09-01,2018-10-01,2,Tuesday,501486284,4,125371571.0,670.197,1778344743.999,day_of_week_month_day_total
2018-09,2018-09-01,2018-10-01,3,Wednesday,512250633,4,128062658.25,670.197,1778344743.999,day_of_week_month_day_total
2018-09,2018-09-01,2018-10-01,4,Thursday,524742984,4,131185746.0,670.197,1778344743.999,day_of_week_month_day_total
2018-09,2018-09-01,2018-10-01,5,Friday,498716260,4,124679065.0,670.197,1778344743.999,day_of_week_month_day_total
2018-09,2018-09-01,2018-10-01,6,Saturday,545862601,5,109172520.2,670.197,1778344743.999,day_of_week_month_day_total
2018-09,2018-09-01,2018-10-01,7,Sunday,475119036,5,95023807.2,670.197,1778344743.999,day_of_week_month_day_total
2018-10,2018-10-01,2018-11-01,1,Monday,617723604,5,123544720.8,721.672,1778345538.527,day_of_week_month_day_total
2018-10,2018-10-01,2018-11-01,2,Tuesday,636467790,5,127293558.0,721.672,1778345538.527,day_of_week_month_day_total
2018-10,2018-10-01,2018-11-01,3,Wednesday,651033433,5,130206686.6,721.672,1778345538.527,day_of_week_month_day_total
2018-10,2018-10-01,2018-11-01,4,Thursday,530193094,4,132548273.5,721.672,1778345538.527,day_of_week_month_day_total
2018-10,2018-10-01,2018-11-01,5,Friday,546499134,4,136624783.5,721.672,1778345538.527,day_of_week_month_day_total
2018-10,2018-10-01,2018-11-01,6,Saturday,465950319,4,116487579.75,721.672,1778345538.527,day_of_week_month_day_total
2018-10,2018-10-01,2018-11-01,7,Sunday,395983457,4,98995864.25,721.672,1778345538.527,day_of_week_month_day_total
2018-11,2018-11-01,2018-12-01,1,Monday,497581521,4,124395380.25,671.394,1778346283.111,day_of_week_month_day_total
2018-11,2018-11-01,2018-12-01,2,Tuesday,475689281,4,118922320.25,671.394,1778346283.111,day_of_week_month_day_total
2018-11,2018-11-01,2018-12-01,3,Wednesday,532168958,4,133042239.5,671.394,1778346283.111,day_of_week_month_day_total
2018-11,2018-11-01,2018-12-01,4,Thursday,678594472,5,135718894.4,671.394,1778346283.111,day_of_week_month_day_total
2018-11,2018-11-01,2018-12-01,5,Friday,694762789,5,138952557.8,671.394,1778346283.111,day_of_week_month_day_total
2018-11,2018-11-01,2018-12-01,6,Saturday,466277059,4,116569264.75,671.394,1778346283.111,day_of_week_month_day_total
2018-11,2018-11-01,2018-12-01,7,Sunday,400143467,4,100035866.75,671.394,1778346283.111,day_of_week_month_day_total
2018-12,2018-12-01,2019-01-01,,,,,,0.324,1778346356.177,zero_row_month
2019-01,2019-01-01,2019-02-01,1,Monday,439812366,4,109953091.5,659.874,1778347099.88,day_of_week_month_day_total
2019-01,2019-01-01,2019-02-01,2,Tuesday,563399887,5,112679977.4,659.874,1778347099.88,day_of_week_month_day_total
2019-01,2019-01-01,2019-02-01,3,Wednesday,598971120,5,119794224.0,659.874,1778347099.88,day_of_week_month_day_total
2019-01,2019-01-01,2019-02-01,4,Thursday,615293155,5,123058631.0,659.874,1778347099.88,day_of_week_month_day_total
2019-01,2019-01-01,2019-02-01,5,Friday,473625495,4,118406373.75,659.874,1778347099.88,day_of_week_month_day_total
2019-01,2019-01-01,2019-02-01,6,Saturday,416620343,4,104155085.75,659.874,1778347099.88,day_of_week_month_day_total
2019-01,2019-01-01,2019-02-01,7,Sunday,374212556,4,93553139.0,659.874,1778347099.88,day_of_week_month_day_total
2019-02,2019-02-01,2019-03-01,1,Monday,508055162,4,127013790.5,748.685,1778347920.115,day_of_week_month_day_total
2019-02,2019-02-01,2019-03-01,2,Tuesday,523660995,4,130915248.75,748.685,1778347920.115,day_of_week_month_day_total
2019-02,2019-02-01,2019-03-01,3,Wednesday,532841589,4,133210397.25,748.685,1778347920.115,day_of_week_month_day_total
2019-02,2019-02-01,2019-03-01,4,Thursday,544415606,4,136103901.5,748.685,1778347920.115,day_of_week_month_day_total
2019-02,2019-02-01,2019-03-01,5,Friday,555293618,4,138823404.5,748.685,1778347920.115,day_of_week_month_day_total
2019-02,2019-02-01,2019-03-01,6,Saturday,472654165,4,118163541.25,748.685,1778347920.115,day_of_week_month_day_total
2019-02,2019-02-01,2019-03-01,7,Sunday,400646665,4,100161666.25,748.685,1778347920.115,day_of_week_month_day_total
2019-03,2019-03-01,2019-04-01,1,Monday,475207523,4,118801880.75,680.926,1778348674.454,day_of_week_month_day_total
2019-03,2019-03-01,2019-04-01,2,Tuesday,525390618,4,131347654.5,680.926,1778348674.454,day_of_week_month_day_total
2019-03,2019-03-01,2019-04-01,3,Wednesday,538124724,4,134531181.0,680.926,1778348674.454,day_of_week_month_day_total
2019-03,2019-03-01,2019-04-01,4,Thursday,547409631,4,136852407.75,680.926,1778348674.454,day_of_week_month_day_total
2019-03,2019-03-01,2019-04-01,5,Friday,697266349,5,139453269.8,680.926,1778348674.454,day_of_week_month_day_total
2019-03,2019-03-01,2019-04-01,6,Saturday,585471150,5,117094230.0,680.926,1778348674.454,day_of_week_month_day_total
2019-03,2019-03-01,2019-04-01,7,Sunday,498439549,5,99687909.8,680.926,1778348674.454,day_of_week_month_day_total
2019-04,2019-04-01,2019-05-01,1,Monday,583536677,5,116707335.4,761.783,1778349513.186,day_of_week_month_day_total
2019-04,2019-04-01,2019-05-01,2,Tuesday,641215825,5,128243165.0,761.783,1778349513.186,day_of_week_month_day_total
2019-04,2019-04-01,2019-05-01,3,Wednesday,525284661,4,131321165.25,761.783,1778349513.186,day_of_week_month_day_total
2019-04,2019-04-01,2019-05-01,4,Thursday,496302951,4,124075737.75,761.783,1778349513.186,day_of_week_month_day_total
2019-04,2019-04-01,2019-05-01,5,Friday,485852582,4,121463145.5,761.783,1778349513.186,day_of_week_month_day_total
2019-04,2019-04-01,2019-05-01,6,Saturday,445016139,4,111254034.75,761.783,1778349513.186,day_of_week_month_day_total
2019-04,2019-04-01,2019-05-01,7,Sunday,385330215,4,96332553.75,761.783,1778349513.186,day_of_week_month_day_total
2019-05,2019-05-01,2019-06-01,1,Monday,498742205,4,124685551.25,734.23,1778350321.453,day_of_week_month_day_total
2019-05,2019-05-01,2019-06-01,2,Tuesday,508767250,4,127191812.5,734.23,1778350321.453,day_of_week_month_day_total
2019-05,2019-05-01,2019-06-01,3,Wednesday,657165403,5,131433080.6,734.23,1778350321.453,day_of_week_month_day_total
2019-05,2019-05-01,2019-06-01,4,Thursday,670054186,5,134010837.2,734.23,1778350321.453,day_of_week_month_day_total
2019-05,2019-05-01,2019-06-01,5,Friday,685771664,5,137154332.8,734.23,1778350321.453,day_of_week_month_day_total
2019-05,2019-05-01,2019-06-01,6,Saturday,473922763,4,118480690.75,734.23,1778350321.453,day_of_week_month_day_total
2019-05,2019-05-01,2019-06-01,7,Sunday,401708682,4,100427170.5,734.23,1778350321.453,day_of_week_month_day_total
2019-06,2019-06-01,2019-07-01,1,Monday,453676834,4,113419208.5,770.812,1778351167.538,day_of_week_month_day_total
2019-06,2019-06-01,2019-07-01,2,Tuesday,509506765,4,127376691.25,770.812,1778351167.538,day_of_week_month_day_total
2019-06,2019-06-01,2019-07-01,3,Wednesday,517624885,4,129406221.25,770.812,1778351167.538,day_of_week_month_day_total
2019-06,2019-06-01,2019-07-01,4,Thursday,528974436,4,132243609.0,770.812,1778351167.538,day_of_week_month_day_total
2019-06,2019-06-01,2019-07-01,5,Friday,543316907,4,135829226.75,770.812,1778351167.538,day_of_week_month_day_total
2019-06,2019-06-01,2019-07-01,6,Saturday,569851520,5,113970304.0,770.812,1778351167.538,day_of_week_month_day_total
2019-06,2019-06-01,2019-07-01,7,Sunday,483528064,5,96705612.8,770.812,1778351167.538,day_of_week_month_day_total
2019-07,2019-07-01,2019-08-01,1,Monday,616555720,5,123311144.0,489.669,1778351730.589,day_of_week_month_day_total
2019-07,2019-07-01,2019-08-01,2,Tuesday,641617153,5,128323430.6,489.669,1778351730.589,day_of_week_month_day_total
2019-07,2019-07-01,2019-08-01,3,Wednesday,655461908,5,131092381.6,489.669,1778351730.589,day_of_week_month_day_total
2019-07,2019-07-01,2019-08-01,4,Thursday,518674569,4,129668642.25,489.669,1778351730.589,day_of_week_month_day_total
2019-07,2019-07-01,2019-08-01,5,Friday,540888207,4,135222051.75,489.669,1778351730.589,day_of_week_month_day_total
2019-07,2019-07-01,2019-08-01,6,Saturday,463822657,4,115955664.25,489.669,1778351730.589,day_of_week_month_day_total
2019-07,2019-07-01,2019-08-01,7,Sunday,390668287,4,97667071.75,489.669,1778351730.589,day_of_week_month_day_total
2019-08,2019-08-01,2019-09-01,1,Monday,517642353,4,129410588.25,840.133,1778352795.016,day_of_week_month_day_total
2019-08,2019-08-01,2019-09-01,2,Tuesday,536607752,4,134151938.0,840.133,1778352795.016,day_of_week_month_day_total
2019-08,2019-08-01,2019-09-01,3,Wednesday,546472264,4,136618066.0,840.133,1778352795.016,day_of_week_month_day_total
2019-08,2019-08-01,2019-09-01,4,Thursday,695742217,5,139148443.4,840.133,1778352795.016,day_of_week_month_day_total
2019-08,2019-08-01,2019-09-01,5,Friday,713301907,5,142660381.4,840.133,1778352795.016,day_of_week_month_day_total
2019-08,2019-08-01,2019-09-01,6,Saturday,616034585,5,123206917.0,840.133,1778352795.016,day_of_week_month_day_total
2019-08,2019-08-01,2019-09-01,7,Sunday,412878931,4,103219732.75,840.133,1778352795.016,day_of_week_month_day_total
2019-09,2019-09-01,2019-10-01,1,Monday,642835555,5,128567111.0,801.926,1778353669.972,day_of_week_month_day_total
2019-09,2019-09-01,2019-10-01,2,Tuesday,536259764,4,134064941.0,801.926,1778353669.972,day_of_week_month_day_total
2019-09,2019-09-01,2019-10-01,3,Wednesday,549081443,4,137270360.75,801.926,1778353669.972,day_of_week_month_day_total
2019-09,2019-09-01,2019-10-01,4,Thursday,561229436,4,140307359.0,801.926,1778353669.972,day_of_week_month_day_total
2019-09,2019-09-01,2019-10-01,5,Friday,532109959,4,133027489.75,801.926,1778353669.972,day_of_week_month_day_total
2019-09,2019-09-01,2019-10-01,6,Saturday,464665894,4,116166473.5,801.926,1778353669.972,day_of_week_month_day_total
2019-09,2019-09-01,2019-10-01,7,Sunday,507954259,5,101590851.8,801.926,1778353669.972,day_of_week_month_day_total
2019-10,2019-10-01,2019-11-01,1,Monday,532947550,4,133236887.5,916.761,1778354659.836,day_of_week_month_day_total
2019-10,2019-10-01,2019-11-01,2,Tuesday,685117752,5,137023550.4,916.761,1778354659.836,day_of_week_month_day_total
2019-10,2019-10-01,2019-11-01,3,Wednesday,697260615,5,139452123.0,916.761,1778354659.836,day_of_week_month_day_total
2019-10,2019-10-01,2019-11-01,4,Thursday,710892129,5,142178425.8,916.761,1778354659.836,day_of_week_month_day_total
2019-10,2019-10-01,2019-11-01,5,Friday,579327759,4,144831939.75,916.761,1778354659.836,day_of_week_month_day_total
2019-10,2019-10-01,2019-11-01,6,Saturday,497444544,4,124361136.0,916.761,1778354659.836,day_of_week_month_day_total
2019-10,2019-10-01,2019-11-01,7,Sunday,421146095,4,105286523.75,916.761,1778354659.836,day_of_week_month_day_total
2019-11,2019-11-01,2019-12-01,1,Monday,527412950,4,131853237.5,821.291,1778355554.509,day_of_week_month_day_total
2019-11,2019-11-01,2019-12-01,2,Tuesday,515034689,4,128758672.25,821.291,1778355554.509,day_of_week_month_day_total
2019-11,2019-11-01,2019-12-01,3,Wednesday,567083745,4,141770936.25,821.291,1778355554.509,day_of_week_month_day_total
2019-11,2019-11-01,2019-12-01,4,Thursday,571903844,4,142975961.0,821.291,1778355554.509,day_of_week_month_day_total
2019-11,2019-11-01,2019-12-01,5,Friday,741243624,5,148248724.8,821.291,1778355554.509,day_of_week_month_day_total
2019-11,2019-11-01,2019-12-01,6,Saturday,623929471,5,124785894.2,821.291,1778355554.509,day_of_week_month_day_total
2019-11,2019-11-01,2019-12-01,7,Sunday,424806366,4,106201591.5,821.291,1778355554.509,day_of_week_month_day_total
2019-12,2019-12-01,2020-01-01,1,Monday,642906479,5,128581295.8,951.237,1778356578.403,day_of_week_month_day_total
2019-12,2019-12-01,2020-01-01,2,Tuesday,660388468,5,132077693.6,951.237,1778356578.403,day_of_week_month_day_total
2019-12,2019-12-01,2020-01-01,3,Wednesday,519316135,4,129829033.75,951.237,1778356578.403,day_of_week_month_day_total
2019-12,2019-12-01,2020-01-01,4,Thursday,392735531,3,130911843.66666667,951.237,1778356578.403,day_of_week_month_day_total
2019-12,2019-12-01,2020-01-01,5,Friday,555794501,4,138948625.25,951.237,1778356578.403,day_of_week_month_day_total
2019-12,2019-12-01,2020-01-01,6,Saturday,488590005,4,122147501.25,951.237,1778356578.403,day_of_week_month_day_total
2019-12,2019-12-01,2020-01-01,7,Sunday,506713612,5,101342722.4,951.237,1778356578.403,day_of_week_month_day_total
2020-01,2020-01-01,2020-02-01,1,Monday,461201815,4,115300453.75,906.31,1778357558.434,day_of_week_month_day_total
2020-01,2020-01-01,2020-02-01,2,Tuesday,513774593,4,128443648.25,906.31,1778357558.434,day_of_week_month_day_total
2020-01,2020-01-01,2020-02-01,3,Wednesday,607138615,5,121427723.0,906.31,1778357558.434,day_of_week_month_day_total
2020-01,2020-01-01,2020-02-01,4,Thursday,646028455,5,129205691.0,906.31,1778357558.434,day_of_week_month_day_total
2020-01,2020-01-01,2020-02-01,5,Friday,657886165,5,131577233.0,906.31,1778357558.434,day_of_week_month_day_total
2020-01,2020-01-01,2020-02-01,6,Saturday,446170742,4,111542685.5,906.31,1778357558.434,day_of_week_month_day_total
2020-01,2020-01-01,2020-02-01,7,Sunday,391004818,4,97751204.5,906.31,1778357558.434,day_of_week_month_day_total
2020-02,2020-02-01,2020-03-01,1,Monday,534677434,4,133669358.5,809.404,1778358440.234,day_of_week_month_day_total
2020-02,2020-02-01,2020-03-01,2,Tuesday,548679137,4,137169784.25,809.404,1778358440.234,day_of_week_month_day_total
2020-02,2020-02-01,2020-03-01,3,Wednesday,557210252,4,139302563.0,809.404,1778358440.234,day_of_week_month_day_total
2020-02,2020-02-01,2020-03-01,4,Thursday,567978355,4,141994588.75,809.404,1778358440.234,day_of_week_month_day_total
2020-02,2020-02-01,2020-03-01,5,Friday,585570028,4,146392507.0,809.404,1778358440.234,day_of_week_month_day_total
2020-02,2020-02-01,2020-03-01,6,Saturday,618231412,5,123646282.4,809.404,1778358440.234,day_of_week_month_day_total
2020-02,2020-02-01,2020-03-01,7,Sunday,423471981,4,105867995.25,809.404,1778358440.234,day_of_week_month_day_total
2020-03,2020-03-01,2020-04-01,1,Monday,562893489,5,112578697.8,807.203,1778359319.178,day_of_week_month_day_total
2020-03,2020-03-01,2020-04-01,2,Tuesday,592446062,5,118489212.4,807.203,1778359319.178,day_of_week_month_day_total
2020-03,2020-03-01,2020-04-01,3,Wednesday,510048592,4,127512148.0,807.203,1778359319.178,day_of_week_month_day_total
2020-03,2020-03-01,2020-04-01,4,Thursday,509252484,4,127313121.0,807.203,1778359319.178,day_of_week_month_day_total
2020-03,2020-03-01,2020-04-01,5,Friday,517286148,4,129321537.0,807.203,1778359319.178,day_of_week_month_day_total
2020-03,2020-03-01,2020-04-01,6,Saturday,408489702,4,102122425.5,807.203,1778359319.178,day_of_week_month_day_total
2020-03,2020-03-01,2020-04-01,7,Sunday,444524371,5,88904874.2,807.203,1778359319.178,day_of_week_month_day_total
2020-04,2020-04-01,2020-05-01,1,Monday,304213031,4,76053257.75,877.763,1778360268.846,day_of_week_month_day_total
2020-04,2020-04-01,2020-05-01,2,Tuesday,348543662,4,87135915.5,877.763,1778360268.846,day_of_week_month_day_total
2020-04,2020-04-01,2020-05-01,3,Wednesday,440936070,5,88187214.0,877.763,1778360268.846,day_of_week_month_day_total
2020-04,2020-04-01,2020-05-01,4,Thursday,360711930,4,90177982.5,877.763,1778360268.846,day_of_week_month_day_total
2020-04,2020-04-01,2020-05-01,5,Friday,319459222,4,79864805.5,877.763,1778360268.846,day_of_week_month_day_total
2020-04,2020-04-01,2020-05-01,6,Saturday,250667176,4,62666794.0,877.763,1778360268.846,day_of_week_month_day_total
2020-04,2020-04-01,2020-05-01,7,Sunday,202406589,4,50601647.25,877.763,1778360268.846,day_of_week_month_day_total
2020-05,2020-05-01,2020-06-01,1,Monday,387576566,4,96894141.5,813.076,1778361154.34,day_of_week_month_day_total
2020-05,2020-05-01,2020-06-01,2,Tuesday,404015699,4,101003924.75,813.076,1778361154.34,day_of_week_month_day_total
2020-05,2020-05-01,2020-06-01,3,Wednesday,414100007,4,103525001.75,813.076,1778361154.34,day_of_week_month_day_total
2020-05,2020-05-01,2020-06-01,4,Thursday,420625163,4,105156290.75,813.076,1778361154.34,day_of_week_month_day_total
2020-05,2020-05-01,2020-06-01,5,Friday,544100800,5,108820160.0,813.076,1778361154.34,day_of_week_month_day_total
2020-05,2020-05-01,2020-06-01,6,Saturday,441141883,5,88228376.6,813.076,1778361154.34,day_of_week_month_day_total
2020-05,2020-05-01,2020-06-01,7,Sunday,362091743,5,72418348.6,813.076,1778361154.34,day_of_week_month_day_total
2020-06,2020-06-01,2020-07-01,1,Monday,520319087,5,104063817.4,821.219,1778362047.879,day_of_week_month_day_total
2020-06,2020-06-01,2020-07-01,2,Tuesday,573250735,5,114650147.0,821.219,1778362047.879,day_of_week_month_day_total
2020-06,2020-06-01,2020-07-01,3,Wednesday,357892197,3,119297399.0,821.219,1778362047.879,day_of_week_month_day_total
2020-06,2020-06-01,2020-07-01,4,Thursday,484696640,4,121174160.0,821.219,1778362047.879,day_of_week_month_day_total
2020-06,2020-06-01,2020-07-01,5,Friday,506960199,4,126740049.75,821.219,1778362047.879,day_of_week_month_day_total
2020-06,2020-06-01,2020-07-01,6,Saturday,411145023,4,102786255.75,821.219,1778362047.879,day_of_week_month_day_total
2020-06,2020-06-01,2020-07-01,7,Sunday,336003329,4,84000832.25,821.219,1778362047.879,day_of_week_month_day_total
2020-07,2020-07-01,2020-08-01,1,Monday,383728194,4,95932048.5,823.909,1778362944.084,day_of_week_month_day_total
2020-07,2020-07-01,2020-08-01,2,Tuesday,401525004,4,100381251.0,823.909,1778362944.084,day_of_week_month_day_total
2020-07,2020-07-01,2020-08-01,3,Wednesday,537631913,5,107526382.6,823.909,1778362944.084,day_of_week_month_day_total
2020-07,2020-07-01,2020-08-01,4,Thursday,504152141,5,100830428.2,823.909,1778362944.084,day_of_week_month_day_total
2020-07,2020-07-01,2020-08-01,5,Friday,520958593,5,104191718.6,823.909,1778362944.084,day_of_week_month_day_total
2020-07,2020-07-01,2020-08-01,6,Saturday,305283115,4,76320778.75,823.909,1778362944.084,day_of_week_month_day_total
2020-07,2020-07-01,2020-08-01,7,Sunday,239227145,4,59806786.25,823.909,1778362944.084,day_of_week_month_day_total
2020-08,2020-08-01,2020-09-01,1,Monday,371252124,5,74250424.8,839.388,1778363854.763,day_of_week_month_day_total
2020-08,2020-08-01,2020-09-01,2,Tuesday,305762001,4,76440500.25,839.388,1778363854.763,day_of_week_month_day_total
2020-08,2020-08-01,2020-09-01,3,Wednesday,311762566,4,77940641.5,839.388,1778363854.763,day_of_week_month_day_total
2020-08,2020-08-01,2020-09-01,4,Thursday,296160429,4,74040107.25,839.388,1778363854.763,day_of_week_month_day_total
2020-08,2020-08-01,2020-09-01,5,Friday,238223709,3,79407903.0,839.388,1778363854.763,day_of_week_month_day_total
2020-08,2020-08-01,2020-09-01,6,Saturday,280088502,5,56017700.4,839.388,1778363854.763,day_of_week_month_day_total
2020-08,2020-08-01,2020-09-01,7,Sunday,224268819,5,44853763.8,839.388,1778363854.763,day_of_week_month_day_total
2020-09,2020-09-01,2020-10-01,1,Monday,322015819,4,80503954.75,831.61,1778364760.885,day_of_week_month_day_total
2020-09,2020-09-01,2020-10-01,2,Tuesday,411737354,5,82347470.8,831.61,1778364760.885,day_of_week_month_day_total
2020-09,2020-09-01,2020-10-01,3,Wednesday,420743099,5,84148619.8,831.61,1778364760.885,day_of_week_month_day_total
2020-09,2020-09-01,2020-10-01,4,Thursday,333326395,4,83331598.75,831.61,1778364760.885,day_of_week_month_day_total
2020-09,2020-09-01,2020-10-01,5,Friday,259591475,3,86530491.66666667,831.61,1778364760.885,day_of_week_month_day_total
2020-09,2020-09-01,2020-10-01,6,Saturday,242706565,4,60676641.25,831.61,1778364760.885,day_of_week_month_day_total
2020-09,2020-09-01,2020-10-01,7,Sunday,197659118,4,49414779.5,831.61,1778364760.885,day_of_week_month_day_total
2020-10,2020-10-01,2020-11-01,1,Monday,397064840,4,99266210.0,852.557,1778365688.72,day_of_week_month_day_total
2020-10,2020-10-01,2020-11-01,2,Tuesday,410595577,4,102648894.25,852.557,1778365688.72,day_of_week_month_day_total
2020-10,2020-10-01,2020-11-01,3,Wednesday,430476964,4,107619241.0,852.557,1778365688.72,day_of_week_month_day_total
2020-10,2020-10-01,2020-11-01,4,Thursday,530180982,5,106036196.4,852.557,1778365688.72,day_of_week_month_day_total
2020-10,2020-10-01,2020-11-01,5,Friday,520564784,5,104112956.8,852.557,1778365688.72,day_of_week_month_day_total
2020-10,2020-10-01,2020-11-01,6,Saturday,393568954,5,78713790.8,852.557,1778365688.72,day_of_week_month_day_total
2020-10,2020-10-01,2020-11-01,7,Sunday,238930492,4,59732623.0,852.557,1778365688.72,day_of_week_month_day_total
2020-11,2020-11-01,2020-12-01,1,Monday,616615945,5,123323189.0,833.014,1778366596.484,day_of_week_month_day_total
2020-11,2020-11-01,2020-12-01,2,Tuesday,476753494,4,119188373.5,833.014,1778366596.484,day_of_week_month_day_total
2020-11,2020-11-01,2020-12-01,3,Wednesday,509394441,4,127348610.25,833.014,1778366596.484,day_of_week_month_day_total
2020-11,2020-11-01,2020-12-01,4,Thursday,525543094,4,131385773.5,833.014,1778366596.484,day_of_week_month_day_total
2020-11,2020-11-01,2020-12-01,5,Friday,552634813,4,138158703.25,833.014,1778366596.484,day_of_week_month_day_total
2020-11,2020-11-01,2020-12-01,6,Saturday,466360997,4,116590249.25,833.014,1778366596.484,day_of_week_month_day_total
2020-11,2020-11-01,2020-12-01,7,Sunday,476711755,5,95342351.0,833.014,1778366596.484,day_of_week_month_day_total
2020-12,2020-12-01,2021-01-01,1,Monday,485713508,4,121428377.0,841.76,1778367511.369,day_of_week_month_day_total
2020-12,2020-12-01,2021-01-01,2,Tuesday,643683931,5,128736786.2,841.76,1778367511.369,day_of_week_month_day_total
2020-12,2020-12-01,2021-01-01,3,Wednesday,665113338,5,133022667.6,841.76,1778367511.369,day_of_week_month_day_total
2020-12,2020-12-01,2021-01-01,4,Thursday,657241263,5,131448252.6,841.76,1778367511.369,day_of_week_month_day_total
2020-12,2020-12-01,2021-01-01,5,Friday,523985325,4,130996331.25,841.76,1778367511.369,day_of_week_month_day_total
2020-12,2020-12-01,2021-01-01,6,Saturday,470988313,4,117747078.25,841.76,1778367511.369,day_of_week_month_day_total
2020-12,2020-12-01,2021-01-01,7,Sunday,409478880,4,102369720.0,841.76,1778367511.369,day_of_week_month_day_total
2021-01,2021-01-01,2021-02-01,1,Monday,450688156,4,112672039.0,820.53,1778368404.808,day_of_week_month_day_total
2021-01,2021-01-01,2021-02-01,2,Tuesday,446443659,4,111610914.75,820.53,1778368404.808,day_of_week_month_day_total
2021-01,2021-01-01,2021-02-01,3,Wednesday,498663145,4,124665786.25,820.53,1778368404.808,day_of_week_month_day_total
2021-01,2021-01-01,2021-02-01,4,Thursday,511770748,4,127942687.0,820.53,1778368404.808,day_of_week_month_day_total
2021-01,2021-01-01,2021-02-01,5,Friday,604851212,5,120970242.4,820.53,1778368404.808,day_of_week_month_day_total
2021-01,2021-01-01,2021-02-01,6,Saturday,553081228,5,110616245.6,820.53,1778368404.808,day_of_week_month_day_total
2021-01,2021-01-01,2021-02-01,7,Sunday,484457521,5,96891504.2,820.53,1778368404.808,day_of_week_month_day_total
2021-02,2021-02-01,2021-03-01,1,Monday,457567010,4,114391752.5,835.145,1778369312.759,day_of_week_month_day_total
2021-02,2021-02-01,2021-03-01,2,Tuesday,475344172,4,118836043.0,835.145,1778369312.759,day_of_week_month_day_total
2021-02,2021-02-01,2021-03-01,3,Wednesday,489272376,4,122318094.0,835.145,1778369312.759,day_of_week_month_day_total
2021-02,2021-02-01,2021-03-01,4,Thursday,556609467,4,139152366.75,835.145,1778369312.759,day_of_week_month_day_total
2021-02,2021-02-01,2021-03-01,5,Friday,579770674,4,144942668.5,835.145,1778369312.759,day_of_week_month_day_total
2021-02,2021-02-01,2021-03-01,6,Saturday,429380333,4,107345083.25,835.145,1778369312.759,day_of_week_month_day_total
2021-02,2021-02-01,2021-03-01,7,Sunday,363886199,4,90971549.75,835.145,1778369312.759,day_of_week_month_day_total
2021-03,2021-03-01,2021-04-01,1,Monday,610488846,5,122097769.2,821.456,1778370206.902,day_of_week_month_day_total
2021-03,2021-03-01,2021-04-01,2,Tuesday,670448792,5,134089758.4,821.456,1778370206.902,day_of_week_month_day_total
2021-03,2021-03-01,2021-04-01,3,Wednesday,689777236,5,137955447.2,821.456,1778370206.902,day_of_week_month_day_total
2021-03,2021-03-01,2021-04-01,4,Thursday,559103766,4,139775941.5,821.456,1778370206.902,day_of_week_month_day_total
2021-03,2021-03-01,2021-04-01,5,Friday,580391431,4,145097857.75,821.456,1778370206.902,day_of_week_month_day_total
2021-03,2021-03-01,2021-04-01,6,Saturday,492220721,4,123055180.25,821.456,1778370206.902,day_of_week_month_day_total
2021-03,2021-03-01,2021-04-01,7,Sunday,417120199,4,104280049.75,821.456,1778370206.902,day_of_week_month_day_total
2021-04,2021-04-01,2021-05-01,1,Monday,473429239,4,118357309.75,835.438,1778371115.125,day_of_week_month_day_total
2021-04,2021-04-01,2021-05-01,2,Tuesday,520245266,4,130061316.5,835.438,1778371115.125,day_of_week_month_day_total
2021-04,2021-04-01,2021-05-01,3,Wednesday,538158164,4,134539541.0,835.438,1778371115.125,day_of_week_month_day_total
2021-04,2021-04-01,2021-05-01,4,Thursday,699410795,5,139882159.0,835.438,1778371115.125,day_of_week_month_day_total
2021-04,2021-04-01,2021-05-01,5,Friday,657821746,5,131564349.2,835.438,1778371115.125,day_of_week_month_day_total
2021-04,2021-04-01,2021-05-01,6,Saturday,472324730,4,118081182.5,835.438,1778371115.125,day_of_week_month_day_total
2021-04,2021-04-01,2021-05-01,7,Sunday,395608879,4,98902219.75,835.438,1778371115.125,day_of_week_month_day_total
2021-05,2021-05-01,2021-06-01,1,Monday,596208434,5,119241686.8,867.55,1778372056.485,day_of_week_month_day_total
2021-05,2021-05-01,2021-06-01,2,Tuesday,531444828,4,132861207.0,867.55,1778372056.485,day_of_week_month_day_total
2021-05,2021-05-01,2021-06-01,3,Wednesday,544674789,4,136168697.25,867.55,1778372056.485,day_of_week_month_day_total
2021-05,2021-05-01,2021-06-01,4,Thursday,558852462,4,139713115.5,867.55,1778372056.485,day_of_week_month_day_total
2021-05,2021-05-01,2021-06-01,5,Friday,518355235,4,129588808.75,867.55,1778372056.485,day_of_week_month_day_total
2021-05,2021-05-01,2021-06-01,6,Saturday,565559038,5,113111807.6,867.55,1778372056.485,day_of_week_month_day_total
2021-05,2021-05-01,2021-06-01,7,Sunday,477253612,5,95450722.4,867.55,1778372056.485,day_of_week_month_day_total
2021-06,2021-06-01,2021-07-01,1,Monday,424836836,4,106209209.0,839.36,1778372969.909,day_of_week_month_day_total
2021-06,2021-06-01,2021-07-01,2,Tuesday,556491475,5,111298295.0,839.36,1778372969.909,day_of_week_month_day_total
2021-06,2021-06-01,2021-07-01,3,Wednesday,566309240,5,113261848.0,839.36,1778372969.909,day_of_week_month_day_total
2021-06,2021-06-01,2021-07-01,4,Thursday,447243197,4,111810799.25,839.36,1778372969.909,day_of_week_month_day_total
2021-06,2021-06-01,2021-07-01,5,Friday,504826051,4,126206512.75,839.36,1778372969.909,day_of_week_month_day_total
2021-06,2021-06-01,2021-07-01,6,Saturday,415043373,4,103760843.25,839.36,1778372969.909,day_of_week_month_day_total
2021-06,2021-06-01,2021-07-01,7,Sunday,346968418,4,86742104.5,839.36,1778372969.909,day_of_week_month_day_total
2021-07,2021-07-01,2021-08-01,1,Monday,423768228,4,105942057.0,3799.234,1778376843.844,day_of_week_month_day_total
2021-07,2021-07-01,2021-08-01,2,Tuesday,442130057,4,110532514.25,3799.234,1778376843.844,day_of_week_month_day_total
2021-07,2021-07-01,2021-08-01,3,Wednesday,487461380,4,121865345.0,3799.234,1778376843.844,day_of_week_month_day_total
2021-07,2021-07-01,2021-08-01,4,Thursday,637237846,5,127447569.2,3799.234,1778376843.844,day_of_week_month_day_total
2021-07,2021-07-01,2021-08-01,5,Friday,601640912,5,120328182.4,3799.234,1778376843.844,day_of_week_month_day_total
2021-07,2021-07-01,2021-08-01,6,Saturday,484919760,5,96983952.0,3799.234,1778376843.844,day_of_week_month_day_total
2021-07,2021-07-01,2021-08-01,7,Sunday,303881850,4,75970462.5,3799.234,1778376843.844,day_of_week_month_day_total
2021-08,2021-08-01,2021-09-01,1,Monday,485977033,5,97195406.6,908.447,1778377846.855,day_of_week_month_day_total
2021-08,2021-08-01,2021-09-01,2,Tuesday,500920042,5,100184008.4,908.447,1778377846.855,day_of_week_month_day_total
2021-08,2021-08-01,2021-09-01,3,Wednesday,414382748,4,103595687.0,908.447,1778377846.855,day_of_week_month_day_total
2021-08,2021-08-01,2021-09-01,4,Thursday,423363550,4,105840887.5,908.447,1778377846.855,day_of_week_month_day_total
2021-08,2021-08-01,2021-09-01,5,Friday,394842897,4,98710724.25,908.447,1778377846.855,day_of_week_month_day_total
2021-08,2021-08-01,2021-09-01,6,Saturday,279493727,4,69873431.75,908.447,1778377846.855,day_of_week_month_day_total
2021-08,2021-08-01,2021-09-01,7,Sunday,319975485,5,63995097.0,908.447,1778377846.855,day_of_week_month_day_total
2021-09,2021-09-01,2021-10-01,1,Monday,374317084,4,93579271.0,874.864,1778378808.936,day_of_week_month_day_total
2021-09,2021-09-01,2021-10-01,2,Tuesday,384924362,4,96231090.5,874.864,1778378808.936,day_of_week_month_day_total
2021-09,2021-09-01,2021-10-01,3,Wednesday,484273885,5,96854777.0,874.864,1778378808.936,day_of_week_month_day_total
2021-09,2021-09-01,2021-10-01,4,Thursday,494117728,5,98823545.6,874.864,1778378808.936,day_of_week_month_day_total
2021-09,2021-09-01,2021-10-01,5,Friday,381817421,4,95454355.25,874.864,1778378808.936,day_of_week_month_day_total
2021-09,2021-09-01,2021-10-01,6,Saturday,301232087,4,75308021.75,874.864,1778378808.936,day_of_week_month_day_total
2021-09,2021-09-01,2021-10-01,7,Sunday,248767146,4,62191786.5,874.864,1778378808.936,day_of_week_month_day_total
2021-10,2021-10-01,2021-11-01,1,Monday,409911003,4,102477750.75,876.4,1778379759.43,day_of_week_month_day_total
2021-10,2021-10-01,2021-11-01,2,Tuesday,435391775,4,108847943.75,876.4,1778379759.43,day_of_week_month_day_total
2021-10,2021-10-01,2021-11-01,3,Wednesday,451836951,4,112959237.75,876.4,1778379759.43,day_of_week_month_day_total
2021-10,2021-10-01,2021-11-01,4,Thursday,450742005,4,112685501.25,876.4,1778379759.43,day_of_week_month_day_total
2021-10,2021-10-01,2021-11-01,5,Friday,586139682,5,117227936.4,876.4,1778379759.43,day_of_week_month_day_total
2021-10,2021-10-01,2021-11-01,6,Saturday,485758343,5,97151668.6,876.4,1778379759.43,day_of_week_month_day_total
2021-10,2021-10-01,2021-11-01,7,Sunday,410658283,5,82131656.6,876.4,1778379759.43,day_of_week_month_day_total
2021-11,2021-11-01,2021-12-01,1,Monday,646893095,5,129378619.0,883.27,1778380742.446,day_of_week_month_day_total
2021-11,2021-11-01,2021-12-01,2,Tuesday,644979890,5,128995978.0,883.27,1778380742.446,day_of_week_month_day_total
2021-11,2021-11-01,2021-12-01,3,Wednesday,538759163,4,134689790.75,883.27,1778380742.446,day_of_week_month_day_total
2021-11,2021-11-01,2021-12-01,4,Thursday,557750962,4,139437740.5,883.27,1778380742.446,day_of_week_month_day_total
2021-11,2021-11-01,2021-12-01,5,Friday,579188242,4,144797060.5,883.27,1778380742.446,day_of_week_month_day_total
2021-11,2021-11-01,2021-12-01,6,Saturday,503150368,4,125787592.0,883.27,1778380742.446,day_of_week_month_day_total
2021-11,2021-11-01,2021-12-01,7,Sunday,426019983,4,106504995.75,883.27,1778380742.446,day_of_week_month_day_total
2021-12,2021-12-01,2022-01-01,1,Monday,503245333,4,125811333.25,898.471,1778381719.694,day_of_week_month_day_total
2021-12,2021-12-01,2022-01-01,2,Tuesday,518232360,4,129558090.0,898.471,1778381719.694,day_of_week_month_day_total
2021-12,2021-12-01,2022-01-01,3,Wednesday,678276341,5,135655268.2,898.471,1778381719.694,day_of_week_month_day_total
2021-12,2021-12-01,2022-01-01,4,Thursday,687799181,5,137559836.2,898.471,1778381719.694,day_of_week_month_day_total
2021-12,2021-12-01,2022-01-01,5,Friday,687745268,5,137549053.6,898.471,1778381719.694,day_of_week_month_day_total
2021-12,2021-12-01,2022-01-01,6,Saturday,480837316,4,120209329.0,898.471,1778381719.694,day_of_week_month_day_total
2021-12,2021-12-01,2022-01-01,7,Sunday,429548562,4,107387140.5,898.471,1778381719.694,day_of_week_month_day_total
2022-01,2022-01-01,2022-02-01,1,Monday,565043239,5,113008647.8,860.185,1778382655.92,day_of_week_month_day_total
2022-01,2022-01-01,2022-02-01,2,Tuesday,467798018,4,116949504.5,860.185,1778382655.92,day_of_week_month_day_total
2022-01,2022-01-01,2022-02-01,3,Wednesday,442477672,4,110619418.0,860.185,1778382655.92,day_of_week_month_day_total
2022-01,2022-01-01,2022-02-01,4,Thursday,479389880,4,119847470.0,860.185,1778382655.92,day_of_week_month_day_total
2022-01,2022-01-01,2022-02-01,5,Friday,489739362,4,122434840.5,860.185,1778382655.92,day_of_week_month_day_total
2022-01,2022-01-01,2022-02-01,6,Saturday,515524646,5,103104929.2,860.185,1778382655.92,day_of_week_month_day_total
2022-01,2022-01-01,2022-02-01,7,Sunday,472700596,5,94540119.2,860.185,1778382655.92,day_of_week_month_day_total
2022-02,2022-02-01,2022-03-01,1,Monday,523546674,4,130886668.5,859.048,1778383587.823,day_of_week_month_day_total
2022-02,2022-02-01,2022-03-01,2,Tuesday,535215742,4,133803935.5,859.048,1778383587.823,day_of_week_month_day_total
2022-02,2022-02-01,2022-03-01,3,Wednesday,544328020,4,136082005.0,859.048,1778383587.823,day_of_week_month_day_total
2022-02,2022-02-01,2022-03-01,4,Thursday,555481323,4,138870330.75,859.048,1778383587.823,day_of_week_month_day_total
2022-02,2022-02-01,2022-03-01,5,Friday,577301291,4,144325322.75,859.048,1778383587.823,day_of_week_month_day_total
2022-02,2022-02-01,2022-03-01,6,Saturday,503994416,4,125998604.0,859.048,1778383587.823,day_of_week_month_day_total
2022-02,2022-02-01,2022-03-01,7,Sunday,429003110,4,107250777.5,859.048,1778383587.823,day_of_week_month_day_total
2022-03,2022-03-01,2022-04-01,1,Monday,485219784,4,121304946.0,857.361,1778384519.332,day_of_week_month_day_total
2022-03,2022-03-01,2022-04-01,2,Tuesday,671278359,5,134255671.8,857.361,1778384519.332,day_of_week_month_day_total
2022-03,2022-03-01,2022-04-01,3,Wednesday,686915540,5,137383108.0,857.361,1778384519.332,day_of_week_month_day_total
2022-03,2022-03-01,2022-04-01,4,Thursday,701733796,5,140346759.2,857.361,1778384519.332,day_of_week_month_day_total
2022-03,2022-03-01,2022-04-01,5,Friday,577351629,4,144337907.25,857.361,1778384519.332,day_of_week_month_day_total
2022-03,2022-03-01,2022-04-01,6,Saturday,493914105,4,123478526.25,857.361,1778384519.332,day_of_week_month_day_total
2022-03,2022-03-01,2022-04-01,7,Sunday,420561129,4,105140282.25,857.361,1778384519.332,day_of_week_month_day_total
2022-04,2022-04-01,2022-05-01,1,Monday,432197373,4,108049343.25,855.371,1778385448.682,day_of_week_month_day_total
2022-04,2022-04-01,2022-05-01,2,Tuesday,516647222,4,129161805.5,855.371,1778385448.682,day_of_week_month_day_total
2022-04,2022-04-01,2022-05-01,3,Wednesday,533527347,4,133381836.75,855.371,1778385448.682,day_of_week_month_day_total
2022-04,2022-04-01,2022-05-01,4,Thursday,549094635,4,137273658.75,855.371,1778385448.682,day_of_week_month_day_total
2022-04,2022-04-01,2022-05-01,5,Friday,649183764,5,129836752.8,855.371,1778385448.682,day_of_week_month_day_total
2022-04,2022-04-01,2022-05-01,6,Saturday,592036982,5,118407396.4,855.371,1778385448.682,day_of_week_month_day_total
2022-04,2022-04-01,2022-05-01,7,Sunday,405722105,4,101430526.25,855.371,1778385448.682,day_of_week_month_day_total
2022-05,2022-05-01,2022-06-01,1,Monday,634870453,5,126974090.6,879.244,1778386403.822,day_of_week_month_day_total
2022-05,2022-05-01,2022-06-01,2,Tuesday,663564651,5,132712930.2,879.244,1778386403.822,day_of_week_month_day_total
2022-05,2022-05-01,2022-06-01,3,Wednesday,541148573,4,135287143.25,879.244,1778386403.822,day_of_week_month_day_total
2022-05,2022-05-01,2022-06-01,4,Thursday,550904085,4,137726021.25,879.244,1778386403.822,day_of_week_month_day_total
2022-05,2022-05-01,2022-06-01,5,Friday,568188788,4,142047197.0,879.244,1778386403.822,day_of_week_month_day_total
2022-05,2022-05-01,2022-06-01,6,Saturday,495456311,4,123864077.75,879.244,1778386403.822,day_of_week_month_day_total
2022-05,2022-05-01,2022-06-01,7,Sunday,526122729,5,105224545.8,879.244,1778386403.822,day_of_week_month_day_total
2022-06,2022-06-01,2022-07-01,1,Monday,466144071,4,116536017.75,870.672,1778387349.514,day_of_week_month_day_total
2022-06,2022-06-01,2022-07-01,2,Tuesday,520154414,4,130038603.5,870.672,1778387349.514,day_of_week_month_day_total
2022-06,2022-06-01,2022-07-01,3,Wednesday,664931095,5,132986219.0,870.672,1778387349.514,day_of_week_month_day_total
2022-06,2022-06-01,2022-07-01,4,Thursday,681068252,5,136213650.4,870.672,1778387349.514,day_of_week_month_day_total
2022-06,2022-06-01,2022-07-01,5,Friday,564544206,4,141136051.5,870.672,1778387349.514,day_of_week_month_day_total
2022-06,2022-06-01,2022-07-01,6,Saturday,484722332,4,121180583.0,870.672,1778387349.514,day_of_week_month_day_total
2022-06,2022-06-01,2022-07-01,7,Sunday,402204873,4,100551218.25,870.672,1778387349.514,day_of_week_month_day_total
2022-07,2022-07-01,2022-08-01,1,Monday,493874538,4,123468634.5,846.012,1778388270.069,day_of_week_month_day_total
2022-07,2022-07-01,2022-08-01,2,Tuesday,517212087,4,129303021.75,846.012,1778388270.069,day_of_week_month_day_total
2022-07,2022-07-01,2022-08-01,3,Wednesday,529200744,4,132300186.0,846.012,1778388270.069,day_of_week_month_day_total
2022-07,2022-07-01,2022-08-01,4,Thursday,538536153,4,134634038.25,846.012,1778388270.069,day_of_week_month_day_total
2022-07,2022-07-01,2022-08-01,5,Friday,688800027,5,137760005.4,846.012,1778388270.069,day_of_week_month_day_total
2022-07,2022-07-01,2022-08-01,6,Saturday,597933427,5,119586685.4,846.012,1778388270.069,day_of_week_month_day_total
2022-07,2022-07-01,2022-08-01,7,Sunday,507522619,5,101504523.8,846.012,1778388270.069,day_of_week_month_day_total
2022-08,2022-08-01,2022-09-01,1,Monday,632577225,5,126515445.0,841.436,1778389184.544,day_of_week_month_day_total
2022-08,2022-08-01,2022-09-01,2,Tuesday,661718425,5,132343685.0,841.436,1778389184.544,day_of_week_month_day_total
2022-08,2022-08-01,2022-09-01,3,Wednesday,677830395,5,135566079.0,841.436,1778389184.544,day_of_week_month_day_total
2022-08,2022-08-01,2022-09-01,4,Thursday,549050672,4,137262668.0,841.436,1778389184.544,day_of_week_month_day_total
2022-08,2022-08-01,2022-09-01,5,Friday,568273784,4,142068446.0,841.436,1778389184.544,day_of_week_month_day_total
2022-08,2022-08-01,2022-09-01,6,Saturday,498577207,4,124644301.75,841.436,1778389184.544,day_of_week_month_day_total
2022-08,2022-08-01,2022-09-01,7,Sunday,422546720,4,105636680.0,841.436,1778389184.544,day_of_week_month_day_total
2022-09,2022-09-01,2022-10-01,1,Monday,506527324,4,126631831.0,836.151,1778390096.964,day_of_week_month_day_total
2022-09,2022-09-01,2022-10-01,2,Tuesday,532323050,4,133080762.5,836.151,1778390096.964,day_of_week_month_day_total
2022-09,2022-09-01,2022-10-01,3,Wednesday,551848099,4,137962024.75,836.151,1778390096.964,day_of_week_month_day_total
2022-09,2022-09-01,2022-10-01,4,Thursday,667557821,5,133511564.2,836.151,1778390096.964,day_of_week_month_day_total
2022-09,2022-09-01,2022-10-01,5,Friday,677373282,5,135474656.4,836.151,1778390096.964,day_of_week_month_day_total
2022-09,2022-09-01,2022-10-01,6,Saturday,475550481,4,118887620.25,836.151,1778390096.964,day_of_week_month_day_total
2022-09,2022-09-01,2022-10-01,7,Sunday,413844738,4,103461184.5,836.151,1778390096.964,day_of_week_month_day_total
2022-10,2022-10-01,2022-11-01,1,Monday,651386312,5,130277262.4,864.755,1778391036.695,day_of_week_month_day_total
2022-10,2022-10-01,2022-11-01,2,Tuesday,550381243,4,137595310.75,864.755,1778391036.695,day_of_week_month_day_total
2022-10,2022-10-01,2022-11-01,3,Wednesday,557267897,4,139316974.25,864.755,1778391036.695,day_of_week_month_day_total
2022-10,2022-10-01,2022-11-01,4,Thursday,557306122,4,139326530.5,864.755,1778391036.695,day_of_week_month_day_total
2022-10,2022-10-01,2022-11-01,5,Friday,577179263,4,144294815.75,864.755,1778391036.695,day_of_week_month_day_total
2022-10,2022-10-01,2022-11-01,6,Saturday,626992679,5,125398535.8,864.755,1778391036.695,day_of_week_month_day_total
2022-10,2022-10-01,2022-11-01,7,Sunday,533549918,5,106709983.6,864.755,1778391036.695,day_of_week_month_day_total
2022-11,2022-11-01,2022-12-01,1,Monday,532481588,4,133120397.0,840.241,1778391952.104,day_of_week_month_day_total
2022-11,2022-11-01,2022-12-01,2,Tuesday,649152234,5,129830446.8,840.241,1778391952.104,day_of_week_month_day_total
2022-11,2022-11-01,2022-12-01,3,Wednesday,705380064,5,141076012.8,840.241,1778391952.104,day_of_week_month_day_total
2022-11,2022-11-01,2022-12-01,4,Thursday,573874786,4,143468696.5,840.241,1778391952.104,day_of_week_month_day_total
2022-11,2022-11-01,2022-12-01,5,Friday,597554931,4,149388732.75,840.241,1778391952.104,day_of_week_month_day_total
2022-11,2022-11-01,2022-12-01,6,Saturday,515597398,4,128899349.5,840.241,1778391952.104,day_of_week_month_day_total
2022-11,2022-11-01,2022-12-01,7,Sunday,433052694,4,108263173.5,840.241,1778391952.104,day_of_week_month_day_total
2022-12,2022-12-01,2023-01-01,1,Monday,501897470,4,125474367.5,838.107,1778392866.502,day_of_week_month_day_total
2022-12,2022-12-01,2023-01-01,2,Tuesday,519886224,4,129971556.0,838.107,1778392866.502,day_of_week_month_day_total
2022-12,2022-12-01,2023-01-01,3,Wednesday,539688300,4,134922075.0,838.107,1778392866.502,day_of_week_month_day_total
2022-12,2022-12-01,2023-01-01,4,Thursday,692755562,5,138551112.4,838.107,1778392866.502,day_of_week_month_day_total
2022-12,2022-12-01,2023-01-01,5,Friday,709551280,5,141910256.0,838.107,1778392866.502,day_of_week_month_day_total
2022-12,2022-12-01,2023-01-01,6,Saturday,513960346,4,128490086.5,838.107,1778392866.502,day_of_week_month_day_total
2022-12,2022-12-01,2023-01-01,7,Sunday,426034963,4,106508740.75,838.107,1778392866.502,day_of_week_month_day_total
2023-01,2023-01-01,2023-02-01,1,Monday,596138519,5,119227703.8,805.039,1778393745.013,day_of_week_month_day_total
2023-01,2023-01-01,2023-02-01,2,Tuesday,636788702,5,127357740.4,805.039,1778393745.013,day_of_week_month_day_total
2023-01,2023-01-01,2023-02-01,3,Wednesday,518495920,4,129623980.0,805.039,1778393745.013,day_of_week_month_day_total
2023-01,2023-01-01,2023-02-01,4,Thursday,489294637,4,122323659.25,805.039,1778393745.013,day_of_week_month_day_total
2023-01,2023-01-01,2023-02-01,5,Friday,531744186,4,132936046.5,805.039,1778393745.013,day_of_week_month_day_total
2023-01,2023-01-01,2023-02-01,6,Saturday,459308980,4,114827245.0,805.039,1778393745.013,day_of_week_month_day_total
2023-01,2023-01-01,2023-02-01,7,Sunday,497708521,5,99541704.2,805.039,1778393745.013,day_of_week_month_day_total
2023-02,2023-02-01,2023-03-01,1,Monday,539703863,4,134925965.75,824.837,1778394642.958,day_of_week_month_day_total
2023-02,2023-02-01,2023-03-01,2,Tuesday,565887377,4,141471844.25,824.837,1778394642.958,day_of_week_month_day_total
2023-02,2023-02-01,2023-03-01,3,Wednesday,569802297,4,142450574.25,824.837,1778394642.958,day_of_week_month_day_total
2023-02,2023-02-01,2023-03-01,4,Thursday,574198106,4,143549526.5,824.837,1778394642.958,day_of_week_month_day_total
2023-02,2023-02-01,2023-03-01,5,Friday,589489844,4,147372461.0,824.837,1778394642.958,day_of_week_month_day_total
2023-02,2023-02-01,2023-03-01,6,Saturday,514863518,4,128715879.5,824.837,1778394642.958,day_of_week_month_day_total
2023-02,2023-02-01,2023-03-01,7,Sunday,438911267,4,109727816.75,824.837,1778394642.958,day_of_week_month_day_total
2023-03,2023-03-01,2023-04-01,1,Monday,505088389,4,126272097.25,840.702,1778395556.596,day_of_week_month_day_total
2023-03,2023-03-01,2023-04-01,2,Tuesday,560200065,4,140050016.25,840.702,1778395556.596,day_of_week_month_day_total
2023-03,2023-03-01,2023-04-01,3,Wednesday,718256955,5,143651391.0,840.702,1778395556.596,day_of_week_month_day_total
2023-03,2023-03-01,2023-04-01,4,Thursday,728278390,5,145655678.0,840.702,1778395556.596,day_of_week_month_day_total
2023-03,2023-03-01,2023-04-01,5,Friday,748200141,5,149640028.2,840.702,1778395556.596,day_of_week_month_day_total
2023-03,2023-03-01,2023-04-01,6,Saturday,510624958,4,127656239.5,840.702,1778395556.596,day_of_week_month_day_total
2023-03,2023-03-01,2023-04-01,7,Sunday,434910050,4,108727512.5,840.702,1778395556.596,day_of_week_month_day_total
2023-04,2023-04-01,2023-05-01,1,Monday,488236416,4,122059104.0,833.455,1778396465.161,day_of_week_month_day_total
2023-04,2023-04-01,2023-05-01,2,Tuesday,503608899,4,125902224.75,833.455,1778396465.161,day_of_week_month_day_total
2023-04,2023-04-01,2023-05-01,3,Wednesday,557206648,4,139301662.0,833.455,1778396465.161,day_of_week_month_day_total
2023-04,2023-04-01,2023-05-01,4,Thursday,569670013,4,142417503.25,833.455,1778396465.161,day_of_week_month_day_total
2023-04,2023-04-01,2023-05-01,5,Friday,518106409,4,129526602.25,833.455,1778396465.161,day_of_week_month_day_total
2023-04,2023-04-01,2023-05-01,6,Saturday,608396502,5,121679300.4,833.455,1778396465.161,day_of_week_month_day_total
2023-04,2023-04-01,2023-05-01,7,Sunday,519943250,5,103988650.0,833.455,1778396465.161,day_of_week_month_day_total
2023-05,2023-05-01,2023-06-01,1,Monday,659660954,5,131932190.8,835.684,1778397375.15,day_of_week_month_day_total
2023-05,2023-05-01,2023-06-01,2,Tuesday,686041428,5,137208285.6,835.684,1778397375.15,day_of_week_month_day_total
2023-05,2023-05-01,2023-06-01,3,Wednesday,700317583,5,140063516.6,835.684,1778397375.15,day_of_week_month_day_total
2023-05,2023-05-01,2023-06-01,4,Thursday,570690037,4,142672509.25,835.684,1778397375.15,day_of_week_month_day_total
2023-05,2023-05-01,2023-06-01,5,Friday,587616219,4,146904054.75,835.684,1778397375.15,day_of_week_month_day_total
2023-05,2023-05-01,2023-06-01,6,Saturday,512913712,4,128228428.0,835.684,1778397375.15,day_of_week_month_day_total
2023-05,2023-05-01,2023-06-01,7,Sunday,429451788,4,107362947.0,835.684,1778397375.15,day_of_week_month_day_total
2023-06,2023-06-01,2023-07-01,1,Monday,479412240,4,119853060.0,821.074,1778398271.793,day_of_week_month_day_total
2023-06,2023-06-01,2023-07-01,2,Tuesday,537281894,4,134320473.5,821.074,1778398271.793,day_of_week_month_day_total
2023-06,2023-06-01,2023-07-01,3,Wednesday,548739654,4,137184913.5,821.074,1778398271.793,day_of_week_month_day_total
2023-06,2023-06-01,2023-07-01,4,Thursday,700934765,5,140186953.0,821.074,1778398271.793,day_of_week_month_day_total
2023-06,2023-06-01,2023-07-01,5,Friday,719210777,5,143842155.4,821.074,1778398271.793,day_of_week_month_day_total
2023-06,2023-06-01,2023-07-01,6,Saturday,496836401,4,124209100.25,821.074,1778398271.793,day_of_week_month_day_total
2023-06,2023-06-01,2023-07-01,7,Sunday,420928683,4,105232170.75,821.074,1778398271.793,day_of_week_month_day_total
2023-07,2023-07-01,2023-08-01,1,Monday,516767327,4,129191831.75,827.248,1778399172.349,day_of_week_month_day_total
2023-07,2023-07-01,2023-08-01,2,Tuesday,539804304,4,134951076.0,827.248,1778399172.349,day_of_week_month_day_total
2023-07,2023-07-01,2023-08-01,3,Wednesday,554337653,4,138584413.25,827.248,1778399172.349,day_of_week_month_day_total
2023-07,2023-07-01,2023-08-01,4,Thursday,561987509,4,140496877.25,827.248,1778399172.349,day_of_week_month_day_total
2023-07,2023-07-01,2023-08-01,5,Friday,579160281,4,144790070.25,827.248,1778399172.349,day_of_week_month_day_total
2023-07,2023-07-01,2023-08-01,6,Saturday,621080406,5,124216081.2,827.248,1778399172.349,day_of_week_month_day_total
2023-07,2023-07-01,2023-08-01,7,Sunday,523189212,5,104637842.4,827.248,1778399172.349,day_of_week_month_day_total
2023-08,2023-08-01,2023-09-01,1,Monday,526483716,4,131620929.0,857.734,1778400105.498,day_of_week_month_day_total
2023-08,2023-08-01,2023-09-01,2,Tuesday,686108933,5,137221786.6,857.734,1778400105.498,day_of_week_month_day_total
2023-08,2023-08-01,2023-09-01,3,Wednesday,701423044,5,140284608.8,857.734,1778400105.498,day_of_week_month_day_total
2023-08,2023-08-01,2023-09-01,4,Thursday,712796581,5,142559316.2,857.734,1778400105.498,day_of_week_month_day_total
2023-08,2023-08-01,2023-09-01,5,Friday,582333973,4,145583493.25,857.734,1778400105.498,day_of_week_month_day_total
2023-08,2023-08-01,2023-09-01,6,Saturday,505716902,4,126429225.5,857.734,1778400105.498,day_of_week_month_day_total
2023-08,2023-08-01,2023-09-01,7,Sunday,431073403,4,107768350.75,857.734,1778400105.498,day_of_week_month_day_total
2023-09,2023-09-01,2023-10-01,1,Monday,519990383,4,129997595.75,809.252,1778400989.41,day_of_week_month_day_total
2023-09,2023-09-01,2023-10-01,2,Tuesday,547174251,4,136793562.75,809.252,1778400989.41,day_of_week_month_day_total
2023-09,2023-09-01,2023-10-01,3,Wednesday,558916892,4,139729223.0,809.252,1778400989.41,day_of_week_month_day_total
2023-09,2023-09-01,2023-10-01,4,Thursday,572967532,4,143241883.0,809.252,1778400989.41,day_of_week_month_day_total
2023-09,2023-09-01,2023-10-01,5,Friday,693830920,5,138766184.0,809.252,1778400989.41,day_of_week_month_day_total
2023-09,2023-09-01,2023-10-01,6,Saturday,613032671,5,122606534.2,809.252,1778400989.41,day_of_week_month_day_total
2023-09,2023-09-01,2023-10-01,7,Sunday,434532880,4,108633220.0,809.252,1778400989.41,day_of_week_month_day_total
2023-10,2023-10-01,2023-11-01,1,Monday,675885031,5,135177006.2,843.143,1778401906.768,day_of_week_month_day_total
2023-10,2023-10-01,2023-11-01,2,Tuesday,703382154,5,140676430.8,843.143,1778401906.768,day_of_week_month_day_total
2023-10,2023-10-01,2023-11-01,3,Wednesday,573536370,4,143384092.5,843.143,1778401906.768,day_of_week_month_day_total
2023-10,2023-10-01,2023-11-01,4,Thursday,582124641,4,145531160.25,843.143,1778401906.768,day_of_week_month_day_total
2023-10,2023-10-01,2023-11-01,5,Friday,601763620,4,150440905.0,843.143,1778401906.768,day_of_week_month_day_total
2023-10,2023-10-01,2023-11-01,6,Saturday,521404848,4,130351212.0,843.143,1778401906.768,day_of_week_month_day_total
2023-10,2023-10-01,2023-11-01,7,Sunday,536163723,5,107232744.6,843.143,1778401906.768,day_of_week_month_day_total
2023-11,2023-11-01,2023-12-01,1,Monday,542115737,4,135528934.25,841.355,1778402826.054,day_of_week_month_day_total
2023-11,2023-11-01,2023-12-01,2,Tuesday,533025189,4,133256297.25,841.355,1778402826.054,day_of_week_month_day_total
2023-11,2023-11-01,2023-12-01,3,Wednesday,723775244,5,144755048.8,841.355,1778402826.054,day_of_week_month_day_total
2023-11,2023-11-01,2023-12-01,4,Thursday,744404363,5,148880872.6,841.355,1778402826.054,day_of_week_month_day_total
2023-11,2023-11-01,2023-12-01,5,Friday,610406024,4,152601506.0,841.355,1778402826.054,day_of_week_month_day_total
2023-11,2023-11-01,2023-12-01,6,Saturday,522182622,4,130545655.5,841.355,1778402826.054,day_of_week_month_day_total
2023-11,2023-11-01,2023-12-01,7,Sunday,445963029,4,111490757.25,841.355,1778402826.054,day_of_week_month_day_total
2023-12,2023-12-01,2024-01-01,1,Monday,493756367,4,123439091.75,864.193,1778403765.07,day_of_week_month_day_total
2023-12,2023-12-01,2024-01-01,2,Tuesday,531290812,4,132822703.0,864.193,1778403765.07,day_of_week_month_day_total
2023-12,2023-12-01,2024-01-01,3,Wednesday,551825131,4,137956282.75,864.193,1778403765.07,day_of_week_month_day_total
2023-12,2023-12-01,2024-01-01,4,Thursday,561547792,4,140386948.0,864.193,1778403765.07,day_of_week_month_day_total
2023-12,2023-12-01,2024-01-01,5,Friday,728193691,5,145638738.2,864.193,1778403765.07,day_of_week_month_day_total
2023-12,2023-12-01,2024-01-01,6,Saturday,615234043,5,123046808.6,864.193,1778403765.07,day_of_week_month_day_total
2023-12,2023-12-01,2024-01-01,7,Sunday,550931431,5,110186286.2,864.193,1778403765.07,day_of_week_month_day_total
2024-01,2024-01-01,2024-02-01,1,Monday,588077276,5,117615455.2,832.49,1778404673.383,day_of_week_month_day_total
2024-01,2024-01-01,2024-02-01,2,Tuesday,639959027,5,127991805.4,832.49,1778404673.383,day_of_week_month_day_total
2024-01,2024-01-01,2024-02-01,3,Wednesday,660716546,5,132143309.2,832.49,1778404673.383,day_of_week_month_day_total
2024-01,2024-01-01,2024-02-01,4,Thursday,535070708,4,133767677.0,832.49,1778404673.383,day_of_week_month_day_total
2024-01,2024-01-01,2024-02-01,5,Friday,505031758,4,126257939.5,832.49,1778404673.383,day_of_week_month_day_total
2024-01,2024-01-01,2024-02-01,6,Saturday,466510202,4,116627550.5,832.49,1778404673.383,day_of_week_month_day_total
2024-01,2024-01-01,2024-02-01,7,Sunday,409531049,4,102382762.25,832.49,1778404673.383,day_of_week_month_day_total
2024-02,2024-02-01,2024-03-01,1,Monday,556303287,4,139075821.75,843.509,1778405589.605,day_of_week_month_day_total
2024-02,2024-02-01,2024-03-01,2,Tuesday,572317501,4,143079375.25,843.509,1778405589.605,day_of_week_month_day_total
2024-02,2024-02-01,2024-03-01,3,Wednesday,590283243,4,147570810.75,843.509,1778405589.605,day_of_week_month_day_total
2024-02,2024-02-01,2024-03-01,4,Thursday,744561790,5,148912358.0,843.509,1778405589.605,day_of_week_month_day_total
2024-02,2024-02-01,2024-03-01,5,Friday,614119156,4,153529789.0,843.509,1778405589.605,day_of_week_month_day_total
2024-02,2024-02-01,2024-03-01,6,Saturday,534301361,4,133575340.25,843.509,1778405589.605,day_of_week_month_day_total
2024-02,2024-02-01,2024-03-01,7,Sunday,449669966,4,112417491.5,843.509,1778405589.605,day_of_week_month_day_total
2024-03,2024-03-01,2024-04-01,1,Monday,522282175,4,130570543.75,866.557,1778406528.026,day_of_week_month_day_total
2024-03,2024-03-01,2024-04-01,2,Tuesday,581201948,4,145300487.0,866.557,1778406528.026,day_of_week_month_day_total
2024-03,2024-03-01,2024-04-01,3,Wednesday,597500657,4,149375164.25,866.557,1778406528.026,day_of_week_month_day_total
2024-03,2024-03-01,2024-04-01,4,Thursday,611384896,4,152846224.0,866.557,1778406528.026,day_of_week_month_day_total
2024-03,2024-03-01,2024-04-01,5,Friday,714793894,5,142958778.8,866.557,1778406528.026,day_of_week_month_day_total
2024-03,2024-03-01,2024-04-01,6,Saturday,634521118,5,126904223.6,866.557,1778406528.026,day_of_week_month_day_total
2024-03,2024-03-01,2024-04-01,7,Sunday,545105638,5,109021127.6,866.557,1778406528.026,day_of_week_month_day_total
2024-04,2024-04-01,2024-05-01,1,Monday,639204009,5,127840801.8,838.105,1778407439.511,day_of_week_month_day_total
2024-04,2024-04-01,2024-05-01,2,Tuesday,700701955,5,140140391.0,838.105,1778407439.511,day_of_week_month_day_total
2024-04,2024-04-01,2024-05-01,3,Wednesday,566284780,4,141571195.0,838.105,1778407439.511,day_of_week_month_day_total
2024-04,2024-04-01,2024-05-01,4,Thursday,534101085,4,133525271.25,838.105,1778407439.511,day_of_week_month_day_total
2024-04,2024-04-01,2024-05-01,5,Friday,584467620,4,146116905.0,838.105,1778407439.511,day_of_week_month_day_total
2024-04,2024-04-01,2024-05-01,6,Saturday,514748548,4,128687137.0,838.105,1778407439.511,day_of_week_month_day_total
2024-04,2024-04-01,2024-05-01,7,Sunday,442704471,4,110676117.75,838.105,1778407439.511,day_of_week_month_day_total
2024-05,2024-05-01,2024-06-01,1,Monday,541998325,4,135499581.25,849.472,1778408363.916,day_of_week_month_day_total
2024-05,2024-05-01,2024-06-01,2,Tuesday,566171074,4,141542768.5,849.472,1778408363.916,day_of_week_month_day_total
2024-05,2024-05-01,2024-06-01,3,Wednesday,723880464,5,144776092.8,849.472,1778408363.916,day_of_week_month_day_total
2024-05,2024-05-01,2024-06-01,4,Thursday,732029386,5,146405877.2,849.472,1778408363.916,day_of_week_month_day_total
2024-05,2024-05-01,2024-06-01,5,Friday,750175525,5,150035105.0,849.472,1778408363.916,day_of_week_month_day_total
2024-05,2024-05-01,2024-06-01,6,Saturday,531326636,4,132831659.0,849.472,1778408363.916,day_of_week_month_day_total
2024-05,2024-05-01,2024-06-01,7,Sunday,451171075,4,112792768.75,849.472,1778408363.916,day_of_week_month_day_total
2024-06,2024-06-01,2024-07-01,1,Monday,499300087,4,124825021.75,850.327,1778409288.913,day_of_week_month_day_total
2024-06,2024-06-01,2024-07-01,2,Tuesday,554301399,4,138575349.75,850.327,1778409288.913,day_of_week_month_day_total
2024-06,2024-06-01,2024-07-01,3,Wednesday,571083890,4,142770972.5,850.327,1778409288.913,day_of_week_month_day_total
2024-06,2024-06-01,2024-07-01,4,Thursday,580369396,4,145092349.0,850.327,1778409288.913,day_of_week_month_day_total
2024-06,2024-06-01,2024-07-01,5,Friday,595380370,4,148845092.5,850.327,1778409288.913,day_of_week_month_day_total
2024-06,2024-06-01,2024-07-01,6,Saturday,635028539,5,127005707.8,850.327,1778409288.913,day_of_week_month_day_total
2024-06,2024-06-01,2024-07-01,7,Sunday,537291637,5,107458327.4,850.327,1778409288.913,day_of_week_month_day_total
2024-07,2024-07-01,2024-08-01,1,Monday,657764590,5,131552918.0,835.935,1778410199.005,day_of_week_month_day_total
2024-07,2024-07-01,2024-08-01,2,Tuesday,690481668,5,138096333.6,835.935,1778410199.005,day_of_week_month_day_total
2024-07,2024-07-01,2024-08-01,3,Wednesday,707444953,5,141488990.6,835.935,1778410199.005,day_of_week_month_day_total
2024-07,2024-07-01,2024-08-01,4,Thursday,569850116,4,142462529.0,835.935,1778410199.005,day_of_week_month_day_total
2024-07,2024-07-01,2024-08-01,5,Friday,586664476,4,146666119.0,835.935,1778410199.005,day_of_week_month_day_total
2024-07,2024-07-01,2024-08-01,6,Saturday,501156717,4,125289179.25,835.935,1778410199.005,day_of_week_month_day_total
2024-07,2024-07-01,2024-08-01,7,Sunday,428129630,4,107032407.5,835.935,1778410199.005,day_of_week_month_day_total
2024-08,2024-08-01,2024-09-01,1,Monday,544407447,4,136101861.75,842.003,1778411114.953,day_of_week_month_day_total
2024-08,2024-08-01,2024-09-01,2,Tuesday,567312816,4,141828204.0,842.003,1778411114.953,day_of_week_month_day_total
2024-08,2024-08-01,2024-09-01,3,Wednesday,578368140,4,144592035.0,842.003,1778411114.953,day_of_week_month_day_total
2024-08,2024-08-01,2024-09-01,4,Thursday,735975831,5,147195166.2,842.003,1778411114.953,day_of_week_month_day_total
2024-08,2024-08-01,2024-09-01,5,Friday,753670315,5,150734063.0,842.003,1778411114.953,day_of_week_month_day_total
2024-08,2024-08-01,2024-09-01,6,Saturday,658884787,5,131776957.4,842.003,1778411114.953,day_of_week_month_day_total
2024-08,2024-08-01,2024-09-01,7,Sunday,446906597,4,111726649.25,842.003,1778411114.953,day_of_week_month_day_total
2024-09,2024-09-01,2024-10-01,1,Monday,534859611,4,133714902.75,818.668,1778412007.447,day_of_week_month_day_total
2024-09,2024-09-01,2024-10-01,2,Tuesday,569305932,4,142326483.0,818.668,1778412007.447,day_of_week_month_day_total
2024-09,2024-09-01,2024-10-01,3,Wednesday,574690297,4,143672574.25,818.668,1778412007.447,day_of_week_month_day_total
2024-09,2024-09-01,2024-10-01,4,Thursday,589873041,4,147468260.25,818.668,1778412007.447,day_of_week_month_day_total
2024-09,2024-09-01,2024-10-01,5,Friday,566994417,4,141748604.25,818.668,1778412007.447,day_of_week_month_day_total
2024-09,2024-09-01,2024-10-01,6,Saturday,499146846,4,124786711.5,818.668,1778412007.447,day_of_week_month_day_total
2024-09,2024-09-01,2024-10-01,7,Sunday,543716754,5,108743350.8,818.668,1778412007.447,day_of_week_month_day_total
2024-10,2024-10-01,2024-11-01,1,Monday,561870889,4,140467722.25,853.588,1778412935.164,day_of_week_month_day_total
2024-10,2024-10-01,2024-11-01,2,Tuesday,728198373,5,145639674.6,853.588,1778412935.164,day_of_week_month_day_total
2024-10,2024-10-01,2024-11-01,3,Wednesday,744288596,5,148857719.2,853.588,1778412935.164,day_of_week_month_day_total
2024-10,2024-10-01,2024-11-01,4,Thursday,756280588,5,151256117.6,853.588,1778412935.164,day_of_week_month_day_total
2024-10,2024-10-01,2024-11-01,5,Friday,610856589,4,152714147.25,853.588,1778412935.164,day_of_week_month_day_total
2024-10,2024-10-01,2024-11-01,6,Saturday,538391028,4,134597757.0,853.588,1778412935.164,day_of_week_month_day_total
2024-10,2024-10-01,2024-11-01,7,Sunday,455340855,4,113835213.75,853.588,1778412935.164,day_of_week_month_day_total
2024-11,2024-11-01,2024-12-01,1,Monday,558328987,4,139582246.75,859.454,1778413868.485,day_of_week_month_day_total
2024-11,2024-11-01,2024-12-01,2,Tuesday,552317717,4,138079429.25,859.454,1778413868.485,day_of_week_month_day_total
2024-11,2024-11-01,2024-12-01,3,Wednesday,599325144,4,149831286.0,859.454,1778413868.485,day_of_week_month_day_total
2024-11,2024-11-01,2024-12-01,4,Thursday,619701271,4,154925317.75,859.454,1778413868.485,day_of_week_month_day_total
2024-11,2024-11-01,2024-12-01,5,Friday,792527727,5,158505545.4,859.454,1778413868.485,day_of_week_month_day_total
2024-11,2024-11-01,2024-12-01,6,Saturday,672010027,5,134402005.4,859.454,1778413868.485,day_of_week_month_day_total
2024-11,2024-11-01,2024-12-01,7,Sunday,453407437,4,113351859.25,859.454,1778413868.485,day_of_week_month_day_total
2024-12,2024-12-01,2025-01-01,1,Monday,682351220,5,136470244.0,952.5,1778414897.154,day_of_week_month_day_total
2024-12,2024-12-01,2025-01-01,2,Tuesday,698199392,5,139639878.4,952.5,1778414897.154,day_of_week_month_day_total
2024-12,2024-12-01,2025-01-01,3,Wednesday,558890949,4,139722737.25,952.5,1778414897.154,day_of_week_month_day_total
2024-12,2024-12-01,2025-01-01,4,Thursday,569731664,4,142432916.0,952.5,1778414897.154,day_of_week_month_day_total
2024-12,2024-12-01,2025-01-01,5,Friday,595796381,4,148949095.25,952.5,1778414897.154,day_of_week_month_day_total
2024-12,2024-12-01,2025-01-01,6,Saturday,519952727,4,129988181.75,952.5,1778414897.154,day_of_week_month_day_total
2024-12,2024-12-01,2025-01-01,7,Sunday,579581889,5,115916377.8,952.5,1778414897.154,day_of_week_month_day_total
2025-01,2025-01-01,2025-02-01,1,Monday,479883302,4,119970825.5,844.608,1778415818.429,day_of_week_month_day_total
2025-01,2025-01-01,2025-02-01,2,Tuesday,546657673,4,136664418.25,844.608,1778415818.429,day_of_week_month_day_total
2025-01,2025-01-01,2025-02-01,3,Wednesday,646949693,5,129389938.6,844.608,1778415818.429,day_of_week_month_day_total
2025-01,2025-01-01,2025-02-01,4,Thursday,680797211,5,136159442.2,844.608,1778415818.429,day_of_week_month_day_total
2025-01,2025-01-01,2025-02-01,5,Friday,703369233,5,140673846.6,844.608,1778415818.429,day_of_week_month_day_total
2025-01,2025-01-01,2025-02-01,6,Saturday,475260481,4,118815120.25,844.608,1778415818.429,day_of_week_month_day_total
2025-01,2025-01-01,2025-02-01,7,Sunday,416074877,4,104018719.25,844.608,1778415818.429,day_of_week_month_day_total
2025-02,2025-02-01,2025-03-01,1,Monday,568795858,4,142198964.5,818.503,1778416710.507,day_of_week_month_day_total
2025-02,2025-02-01,2025-03-01,2,Tuesday,592722178,4,148180544.5,818.503,1778416710.507,day_of_week_month_day_total
2025-02,2025-02-01,2025-03-01,3,Wednesday,605121610,4,151280402.5,818.503,1778416710.507,day_of_week_month_day_total
2025-02,2025-02-01,2025-03-01,4,Thursday,612837996,4,153209499.0,818.503,1778416710.507,day_of_week_month_day_total
2025-02,2025-02-01,2025-03-01,5,Friday,474509112,3,158169704.0,818.503,1778416710.507,day_of_week_month_day_total
2025-02,2025-02-01,2025-03-01,6,Saturday,540560691,4,135140172.75,818.503,1778416710.507,day_of_week_month_day_total
2025-02,2025-02-01,2025-03-01,7,Sunday,453272921,4,113318230.25,818.503,1778416710.507,day_of_week_month_day_total
2025-03,2025-03-01,2025-04-01,1,Monday,679462653,5,135892530.6,911.65,1778417714.498,day_of_week_month_day_total
2025-03,2025-03-01,2025-04-01,2,Tuesday,595698930,4,148924732.5,911.65,1778417714.498,day_of_week_month_day_total
2025-03,2025-03-01,2025-04-01,3,Wednesday,608268501,4,152067125.25,911.65,1778417714.498,day_of_week_month_day_total
2025-03,2025-03-01,2025-04-01,4,Thursday,618135905,4,154533976.25,911.65,1778417714.498,day_of_week_month_day_total
2025-03,2025-03-01,2025-04-01,5,Friday,632554624,4,158138656.0,911.65,1778417714.498,day_of_week_month_day_total
2025-03,2025-03-01,2025-04-01,6,Saturday,678537130,5,135707426.0,911.65,1778417714.498,day_of_week_month_day_total
2025-03,2025-03-01,2025-04-01,7,Sunday,571840703,5,114368140.6,911.65,1778417714.498,day_of_week_month_day_total
2025-04,2025-04-01,2025-05-01,1,Monday,516881295,4,129220323.75,848.256,1778418637.788,day_of_week_month_day_total
2025-04,2025-04-01,2025-05-01,2,Tuesday,722115499,5,144423099.8,848.256,1778418637.788,day_of_week_month_day_total
2025-04,2025-04-01,2025-05-01,3,Wednesday,739921922,5,147984384.4,848.256,1778418637.788,day_of_week_month_day_total
2025-04,2025-04-01,2025-05-01,4,Thursday,610210757,4,152552689.25,848.256,1778418637.788,day_of_week_month_day_total
2025-04,2025-04-01,2025-05-01,5,Friday,508376520,4,127094130.0,848.256,1778418637.788,day_of_week_month_day_total
2025-04,2025-04-01,2025-05-01,6,Saturday,506393891,4,126598472.75,848.256,1778418637.788,day_of_week_month_day_total
2025-04,2025-04-01,2025-05-01,7,Sunday,439070447,4,109767611.75,848.256,1778418637.788,day_of_week_month_day_total
2025-05,2025-05-01,2025-06-01,1,Monday,563241135,4,140810283.75,903.475,1778419617.197,day_of_week_month_day_total
2025-05,2025-05-01,2025-06-01,2,Tuesday,450628938,4,112657234.5,903.475,1778419617.197,day_of_week_month_day_total
2025-05,2025-05-01,2025-06-01,3,Wednesday,596734100,4,149183525.0,903.475,1778419617.197,day_of_week_month_day_total
2025-05,2025-05-01,2025-06-01,4,Thursday,761736278,5,152347255.6,903.475,1778419617.197,day_of_week_month_day_total
2025-05,2025-05-01,2025-06-01,5,Friday,780276654,5,156055330.8,903.475,1778419617.197,day_of_week_month_day_total
2025-05,2025-05-01,2025-06-01,6,Saturday,682898406,5,136579681.2,903.475,1778419617.197,day_of_week_month_day_total
2025-05,2025-05-01,2025-06-01,7,Sunday,468718728,4,117179682.0,903.475,1778419617.197,day_of_week_month_day_total
2025-06,2025-06-01,2025-07-01,1,Monday,650827622,5,130165524.4,907.763,1778420611.198,day_of_week_month_day_total
2025-06,2025-06-01,2025-07-01,2,Tuesday,572487089,4,143121772.25,907.763,1778420611.198,day_of_week_month_day_total
2025-06,2025-06-01,2025-07-01,3,Wednesday,584832709,4,146208177.25,907.763,1778420611.198,day_of_week_month_day_total
2025-06,2025-06-01,2025-07-01,4,Thursday,600630312,4,150157578.0,907.763,1778420611.198,day_of_week_month_day_total
2025-06,2025-06-01,2025-07-01,5,Friday,613873017,4,153468254.25,907.763,1778420611.198,day_of_week_month_day_total
2025-06,2025-06-01,2025-07-01,6,Saturday,525738022,4,131434505.5,907.763,1778420611.198,day_of_week_month_day_total
2025-06,2025-06-01,2025-07-01,7,Sunday,556848346,5,111369669.2,907.763,1778420611.198,day_of_week_month_day_total
2025-07,2025-07-01,2025-08-01,1,Monday,546303965,4,136575991.25,859.333,1778421545.602,day_of_week_month_day_total
2025-07,2025-07-01,2025-08-01,2,Tuesday,709847646,5,141969529.2,859.333,1778421545.602,day_of_week_month_day_total
2025-07,2025-07-01,2025-08-01,3,Wednesday,724880734,5,144976146.8,859.333,1778421545.602,day_of_week_month_day_total
2025-07,2025-07-01,2025-08-01,4,Thursday,738813041,5,147762608.2,859.333,1778421545.602,day_of_week_month_day_total
2025-07,2025-07-01,2025-08-01,5,Friday,602447180,4,150611795.0,859.333,1778421545.602,day_of_week_month_day_total
2025-07,2025-07-01,2025-08-01,6,Saturday,521585035,4,130396258.75,859.333,1778421545.602,day_of_week_month_day_total
2025-07,2025-07-01,2025-08-01,7,Sunday,441923649,4,110480912.25,859.333,1778421545.602,day_of_week_month_day_total
2025-08,2025-08-01,2025-09-01,1,Monday,562635251,4,140658812.75,821.099,1778422446.899,day_of_week_month_day_total
2025-08,2025-08-01,2025-09-01,2,Tuesday,584883594,4,146220898.5,821.099,1778422446.899,day_of_week_month_day_total
2025-08,2025-08-01,2025-09-01,3,Wednesday,598006967,4,149501741.75,821.099,1778422446.899,day_of_week_month_day_total
2025-08,2025-08-01,2025-09-01,4,Thursday,609526138,4,152381534.5,821.099,1778422446.899,day_of_week_month_day_total
2025-08,2025-08-01,2025-09-01,5,Friday,774722508,5,154944501.6,821.099,1778422446.899,day_of_week_month_day_total
2025-08,2025-08-01,2025-09-01,6,Saturday,676758716,5,135351743.2,821.099,1778422446.899,day_of_week_month_day_total
2025-08,2025-08-01,2025-09-01,7,Sunday,580652962,5,116130592.4,821.099,1778422446.899,day_of_week_month_day_total
2025-09,2025-09-01,2025-10-01,1,Monday,695304317,5,139060863.4,852.369,1778423374.211,day_of_week_month_day_total
2025-09,2025-09-01,2025-10-01,2,Tuesday,726967590,5,145393518.0,852.369,1778423374.211,day_of_week_month_day_total
2025-09,2025-09-01,2025-10-01,3,Wednesday,595381919,4,148845479.75,852.369,1778423374.211,day_of_week_month_day_total
2025-09,2025-09-01,2025-10-01,4,Thursday,609101017,4,152275254.25,852.369,1778423374.211,day_of_week_month_day_total
2025-09,2025-09-01,2025-10-01,5,Friday,585647480,4,146411870.0,852.369,1778423374.211,day_of_week_month_day_total
2025-09,2025-09-01,2025-10-01,6,Saturday,521382323,4,130345580.75,852.369,1778423374.211,day_of_week_month_day_total
2025-09,2025-09-01,2025-10-01,7,Sunday,454496929,4,113624232.25,852.369,1778423374.211,day_of_week_month_day_total
2025-10,2025-10-01,2025-11-01,1,Monday,577083685,4,144270921.25,822.921,1778424275.016,day_of_week_month_day_total
2025-10,2025-10-01,2025-11-01,2,Tuesday,603488457,4,150872114.25,822.921,1778424275.016,day_of_week_month_day_total
2025-10,2025-10-01,2025-11-01,3,Wednesday,754795743,5,150959148.6,822.921,1778424275.016,day_of_week_month_day_total
2025-10,2025-10-01,2025-11-01,4,Thursday,773988549,5,154797709.8,822.921,1778424275.016,day_of_week_month_day_total
2025-10,2025-10-01,2025-11-01,5,Friday,792425759,5,158485151.8,822.921,1778424275.016,day_of_week_month_day_total
2025-10,2025-10-01,2025-11-01,6,Saturday,555321253,4,138830313.25,822.921,1778424275.016,day_of_week_month_day_total
2025-10,2025-10-01,2025-11-01,7,Sunday,456299472,4,114074868.0,822.921,1778424275.016,day_of_week_month_day_total
2025-11,2025-11-01,2025-12-01,1,Monday,566166994,4,141541748.5,860.091,1778425210.272,day_of_week_month_day_total
2025-11,2025-11-01,2025-12-01,2,Tuesday,559681894,4,139920473.5,860.091,1778425210.272,day_of_week_month_day_total
2025-11,2025-11-01,2025-12-01,3,Wednesday,618101070,4,154525267.5,860.091,1778425210.272,day_of_week_month_day_total
2025-11,2025-11-01,2025-12-01,4,Thursday,633908324,4,158477081.0,860.091,1778425210.272,day_of_week_month_day_total
2025-11,2025-11-01,2025-12-01,5,Friday,650964726,4,162741181.5,860.091,1778425210.272,day_of_week_month_day_total
2025-11,2025-11-01,2025-12-01,6,Saturday,690018693,5,138003738.6,860.091,1778425210.272,day_of_week_month_day_total
2025-11,2025-11-01,2025-12-01,7,Sunday,588086141,5,117617228.2,860.091,1778425210.272,day_of_week_month_day_total
2025-12,2025-12-01,2026-01-01,1,Monday,703781930,5,140756386.0,925.518,1778426212.353,day_of_week_month_day_total
2025-12,2025-12-01,2026-01-01,2,Tuesday,728193819,5,145638763.8,925.518,1778426212.353,day_of_week_month_day_total
2025-12,2025-12-01,2026-01-01,3,Wednesday,611175163,4,152793790.75,925.518,1778426212.353,day_of_week_month_day_total
2025-12,2025-12-01,2026-01-01,4,Thursday,572636793,4,143159198.25,925.518,1778426212.353,day_of_week_month_day_total
2025-12,2025-12-01,2026-01-01,5,Friday,593396512,4,148349128.0,925.518,1778426212.353,day_of_week_month_day_total
2025-12,2025-12-01,2026-01-01,6,Saturday,531176066,4,132794016.5,925.518,1778426212.353,day_of_week_month_day_total
2025-12,2025-12-01,2026-01-01,7,Sunday,466811529,4,116702882.25,925.518,1778426212.353,day_of_week_month_day_total
2026-01,2026-01-01,2026-02-01,1,Monday,504805709,4,126201427.25,967.455,1778427254.454,day_of_week_month_day_total
2026-01,2026-01-01,2026-02-01,2,Tuesday,548649226,4,137162306.5,967.455,1778427254.454,day_of_week_month_day_total
2026-01,2026-01-01,2026-02-01,3,Wednesday,562947831,4,140736957.75,967.455,1778427254.454,day_of_week_month_day_total
2026-01,2026-01-01,2026-02-01,4,Thursday,678115991,5,135623198.2,967.455,1778427254.454,day_of_week_month_day_total
2026-01,2026-01-01,2026-02-01,5,Friday,704819028,5,140963805.6,967.455,1778427254.454,day_of_week_month_day_total
2026-01,2026-01-01,2026-02-01,6,Saturday,621225526,5,124245105.2,967.455,1778427254.454,day_of_week_month_day_total
2026-01,2026-01-01,2026-02-01,7,Sunday,442494063,4,110623515.75,967.455,1778427254.454,day_of_week_month_day_total
2026-02,2026-02-01,2026-03-01,1,Monday,588400594,4,147100148.5,800.817,1778428128.963,day_of_week_month_day_total
2026-02,2026-02-01,2026-03-01,2,Tuesday,603312482,4,150828120.5,800.817,1778428128.963,day_of_week_month_day_total
2026-02,2026-02-01,2026-03-01,3,Wednesday,617850976,4,154462744.0,800.817,1778428128.963,day_of_week_month_day_total
2026-02,2026-02-01,2026-03-01,4,Thursday,629782041,4,157445510.25,800.817,1778428128.963,day_of_week_month_day_total
2026-02,2026-02-01,2026-03-01,5,Friday,646955724,4,161738931.0,800.817,1778428128.963,day_of_week_month_day_total
2026-02,2026-02-01,2026-03-01,6,Saturday,568259636,4,142064909.0,800.817,1778428128.963,day_of_week_month_day_total
2026-02,2026-02-01,2026-03-01,7,Sunday,472744703,4,118186175.75,800.817,1778428128.963,day_of_week_month_day_total
2026-03,2026-03-01,2026-04-01,1,Monday,682921956,5,136584391.2,848.826,1778429051.325,day_of_week_month_day_total
2026-03,2026-03-01,2026-04-01,2,Tuesday,742569734,5,148513946.8,848.826,1778429051.325,day_of_week_month_day_total
2026-03,2026-03-01,2026-04-01,3,Wednesday,609976146,4,152494036.5,848.826,1778429051.325,day_of_week_month_day_total
2026-03,2026-03-01,2026-04-01,4,Thursday,619679269,4,154919817.25,848.826,1778429051.325,day_of_week_month_day_total
2026-03,2026-03-01,2026-04-01,5,Friday,633394338,4,158348584.5,848.826,1778429051.325,day_of_week_month_day_total
2026-03,2026-03-01,2026-04-01,6,Saturday,539997602,4,134999400.5,848.826,1778429051.325,day_of_week_month_day_total
2026-03,2026-03-01,2026-04-01,7,Sunday,585997926,5,117199585.2,848.826,1778429051.325,day_of_week_month_day_total
2026-04,2026-04-01,2026-05-01,1,Monday,95685621,1,95685621.0,588.781,1778429714.99,day_of_week_month_day_total
2026-04,2026-04-01,2026-05-01,2,Tuesday,132809298,1,132809298.0,588.781,1778429714.99,day_of_week_month_day_total
2026-04,2026-04-01,2026-05-01,3,Wednesday,150798981,1,150798981.0,588.781,1778429714.99,day_of_week_month_day_total
2026-04,2026-04-01,2026-05-01,4,Thursday,157794601,1,157794601.0,588.781,1778429714.99,day_of_week_month_day_total
2026-04,2026-04-01,2026-05-01,5,Friday,92632489,1,92632489.0,588.781,1778429714.99,day_of_week_month_day_total
2026-04,2026-04-01,2026-05-01,6,Saturday,111444770,1,111444770.0,588.781,1778429714.99,day_of_week_month_day_total
2026-04,2026-04-01,2026-05-01,7,Sunday,99327012,1,99327012.0,588.781,1778429714.99,day_of_week_month_day_total
