site,volume,site_name,latitude,longitude,lookup_source
4415,674498771.0,PRINCES NR CANNING,,,busiestSCATSsitesCOORDINATES.csv
3380,638170425.0,EASTERN FWY OFF RAMP/HODDLE,,,busiestSCATSsitesCOORDINATES.csv
2404,560184622.0,PHE/PARK,,,busiestSCATSsitesCOORDINATES.csv
849,548183949.0,CANTERBURY/MITCHAM/BORONIA,,,busiestSCATSsitesCOORDINATES.csv
1359,546970945.0,WARRIGAL/LINKS ESTATE ACCESS,,,busiestSCATSsitesCOORDINATES.csv
2487,544715773.0,PHE NR IRVING (LANSDOWNE),,,busiestSCATSsitesCOORDINATES.csv
3386,543973902.0,HODDLE/ALBERT/ELIZABETH,,,busiestSCATSsitesCOORDINATES.csv
2405,518575823.0,PHE/ALBERT,,,busiestSCATSsitesCOORDINATES.csv
3519,513927484.0,MT ALEXANDER NR LINCOLN,,,busiestSCATSsitesCOORDINATES.csv
416,505992688.0,SPRINGVALE NR LAUGHLIN AVE,,,busiestSCATSsitesCOORDINATES.csv
2101,497445056.0,EASTERN HWY/QUEENS/BRUNSWICK,,,busiestSCATSsitesCOORDINATES.csv
855,497003865.0,CANTERBURY/HEATHMONT,,,busiestSCATSsitesCOORDINATES.csv
3357,495736142.0,MRR/GREENSBOROUGH HWY,,,busiestSCATSsitesCOORDINATES.csv
3516,494139005.0,BULLA NR HOLYROOD,,,busiestSCATSsitesCOORDINATES.csv
3060,492433092.0,BELL/HIGH,,,busiestSCATSsitesCOORDINATES.csv
2816,491145042.0,DIAMOND CREEK RD/GREENSBOROUGH HWY/CIVIC,,,manual_override
3393,489568230.0,PUNT/SWAN,,,busiestSCATSsitesCOORDINATES.csv
3376,488890200.0,HODDLE NR STUDLEY (NORTHBOUND),,,manual_override
415,488718913.0,SPRINGVALE NR WALKERS/SILVER,,,busiestSCATSsitesCOORDINATES.csv
414,486344942.0,SPRINGVALE NR TUNSTALL,,,busiestSCATSsitesCOORDINATES.csv
2929,485057518.0,KING ST/FLINDERS ST,,,busiestSCATSsitesCOORDINATES.csv
4035,478691176.0,,,,
2438,470322516.0,PHE NR THE AVENUE,,,busiestSCATSsitesCOORDINATES.csv
3052,468472268.0,,,,
3381,460540614.0,HODDLE/TRURO,,,busiestSCATSsitesCOORDINATES.csv
2403,456674810.0,PHE/STURT,,,busiestSCATSsitesCOORDINATES.csv
3360,452364288.0,BANKSIA/LWR HEIDELBERG,,,busiestSCATSsitesCOORDINATES.csv
3385,449217059.0,HODDLE/VICTORIA,,,busiestSCATSsitesCOORDINATES.csv
2326,444606362.0,NEPEAN/BAY/KAREN,,,busiestSCATSsitesCOORDINATES.csv
2316,432349576.0,NEPEAN/NORTH,,,busiestSCATSsitesCOORDINATES.csv
2985,431212288.0,PHE NR CLOSEBURN,,,busiestSCATSsitesCOORDINATES.csv
538,428564669.0,BURWOOD HWY/STANLEY/FORTESCUE,,,busiestSCATSsitesCOORDINATES.csv
3059,424979480.0,BELL/ST GEORGES,,,busiestSCATSsitesCOORDINATES.csv
2420,424321860.0,PHE/GRANGE,,,busiestSCATSsitesCOORDINATES.csv
3392,421387756.0,,,,
2628,418491452.0,,,,
2173,416360476.0,SYDNEY/WRR,,,busiestSCATSsitesCOORDINATES.csv
3382,415850171.0,HODDLE/JOHNSTON,,,busiestSCATSsitesCOORDINATES.csv
2329,415125460.0,NEPEAN/WARRIGAL/BALCOMBE,,,busiestSCATSsitesCOORDINATES.csv
3383,414910027.0,HODDLE/GIPPS,,,busiestSCATSsitesCOORDINATES.csv
4742,411127240.0,TOORAK NR OSBORNE,,,busiestSCATSsitesCOORDINATES.csv
117,410542112.0,,,,
2843,410170343.0,,,,
948,409360248.0,PHE/SPRINGVALE BYPASS/Westall,,,busiestSCATSsitesCOORDINATES.csv
3735,407474384.0,,,,
3681,406633229.0,MONASH/WARRIGAL,,,busiestSCATSsitesCOORDINATES.csv
2100,404076099.0,EASTERN/NICHOLSON/PRINCES,,,busiestSCATSsitesCOORDINATES.csv
2337,403381671.0,NEPEAN/CUMMINS/PATTERSON,,,busiestSCATSsitesCOORDINATES.csv
2701,402877256.0,MELTON HWY/SUNSHINE,,,busiestSCATSsitesCOORDINATES.csv
3384,401283844.0,HODDLE/LANGRIDGE,,,busiestSCATSsitesCOORDINATES.csv
2425,398573117.0,,,,
2833,392587227.0,,,,
2416,391219605.0,PHE/NORMANBY/STATION,,,busiestSCATSsitesCOORDINATES.csv
2157,389651351.0,,,,
2315,387977284.0,NEPEAN/MARTIN/GARDENVALE,,,busiestSCATSsitesCOORDINATES.csv
2614,387494577.0,WESTERN HWY/STATION,,,busiestSCATSsitesCOORDINATES.csv
2421,387026675.0,PHE/DARLING/KOORNANG,,,busiestSCATSsitesCOORDINATES.csv
3390,385989403.0,PUNT/BRIDGE/HODDLE/WELLINGTON,,,busiestSCATSsitesCOORDINATES.csv
2103,385146382.0,EASTERN HWY/SMITH,,,busiestSCATSsitesCOORDINATES.csv
2868,383329373.0,TULLAMARINE/MICKLEHAM,,,busiestSCATSsitesCOORDINATES.csv
5296,381968735.0,PHW/FEDERATION TRAIL,,,busiestSCATSsitesCOORDINATES.csv
2406,381814908.0,PHE/QUEENS,,,busiestSCATSsitesCOORDINATES.csv
4711,381289235.0,,,,
195,380350457.0,PHE (LONSDALE)/WALKER,,,busiestSCATSsitesCOORDINATES.csv
1144,379896684.0,BORONIA NR AMESBURY & ROXBURGH,,,busiestSCATSsitesCOORDINATES.csv
429,379284312.0,,,,
999,377759395.0,CANTERBURY NR GREEN HILL,,,busiestSCATSsitesCOORDINATES.csv
1156,377073282.0,SOUTH GIPPSLAND HWY BTW STATION/LOCH,,,busiestSCATSsitesCOORDINATES.csv
2407,375739484.0,PHE/LORNE (X LAKESIDE),,,busiestSCATSsitesCOORDINATES.csv
3671,375708270.0,ST GEORGES/MERRI/CHARLES,,,busiestSCATSsitesCOORDINATES.csv
2172,375339204.0,WRR/PASCOE VALE,,,busiestSCATSsitesCOORDINATES.csv
2422,374935276.0,PHE/MURRUMBEENA/BELGRAVE,,,busiestSCATSsitesCOORDINATES.csv
3706,374815046.0,WARRIGAL/MIDDLE,,,busiestSCATSsitesCOORDINATES.csv
4169,373067435.0,,,,
4461,372247743.0,FLEMINGTON/RACECOURSE/ELLIOT,,,busiestSCATSsitesCOORDINATES.csv
2020,372199007.0,BURWOOD HWY NR MILPERA,,,busiestSCATSsitesCOORDINATES.csv
4187,371012670.0,,,,
2827,370582073.0,EASTERN FWY/BULLEEN/THOMPSONS,,,busiestSCATSsitesCOORDINATES.csv
2336,368801497.0,NEPEAN/DENDY,,,busiestSCATSsitesCOORDINATES.csv
4381,368514266.0,,,,
2104,367296762.0,EASTERN HWY/WELLINGTON,,,busiestSCATSsitesCOORDINATES.csv
2412,366473067.0,,,,
2613,365991541.0,WESTERN HWY/MCINTYRE/ANDERSON,,,busiestSCATSsitesCOORDINATES.csv
4155,365437068.0,HIGH NR WALKER,,,busiestSCATSsitesCOORDINATES.csv
2302,364909593.0,NEPEAN/FITZROY/WELLINGTON,,,busiestSCATSsitesCOORDINATES.csv
3198,363923761.0,CENTRE/CLAYTON,,,busiestSCATSsitesCOORDINATES.csv
3174,362999983.0,,,,
2424,361274463.0,,,,
2161,357753587.0,,,,
3056,354941351.0,BELL/NICHOLSON/ELIZABETH,,,busiestSCATSsitesCOORDINATES.csv
2437,354411127.0,,,,
2309,354290866.0,,,,
202,352422511.0,STUD NR OSWALD,,,busiestSCATSsitesCOORDINATES.csv
3022,352302804.0,,,,
2918,352085251.0,,,,
408,351742972.0,,,,
2408,350979736.0,PHE/UNION,,,busiestSCATSsitesCOORDINATES.csv
2325,350367083.0,NEPEAN/HIGHETT/ROWANS,,,busiestSCATSsitesCOORDINATES.csv
417,349674249.0,,,,
2409,348853457.0,,,,
2320,347501419.0,NEPEAN/CENTRE,,,busiestSCATSsitesCOORDINATES.csv
2312,344490057.0,,,,
3389,344377178.0,HODDLE/FREEMAN,,,busiestSCATSsitesCOORDINATES.csv
2430,344220706.0,,,,
3701,342510963.0,WARRIGAL NR DELIA,,,busiestSCATSsitesCOORDINATES.csv
4734,342450502.0,QUEENS/LINK,,,busiestSCATSsitesCOORDINATES.csv
725,342262233.0,,,,
2756,342029645.0,,,,
432,341324337.0,,,,
604,340669484.0,,,,
1197,339931084.0,,,,
3689,339858763.0,,,,
3075,339736344.0,BELL NR ALICE,,,busiestSCATSsitesCOORDINATES.csv
3088,339541628.0,,,,
2627,338248403.0,,,,
3172,338248138.0,DANDENONG-HASTINGS/THOMPSONS,,,busiestSCATSsitesCOORDINATES.csv
2108,338162854.0,EASTERN HWY/GEORGE,,,busiestSCATSsitesCOORDINATES.csv
121,336243923.0,,,,
3693,335728570.0,,,,
456,335637786.0,,,,
256,335502364.0,,,,
4562,335176664.0,,,,
164,334678369.0,,,,
2411,334148208.0,PHE/HOTHAM/WILLIAMS,,,busiestSCATSsitesCOORDINATES.csv
2419,334144748.0,PHE/BURKE/SIR JOHN MONASH,,,busiestSCATSsitesCOORDINATES.csv
3361,333077543.0,BANKSIA/DORA,,,busiestSCATSsitesCOORDINATES.csv
126,332820160.0,,,,
2899,332753089.0,,,,
2321,332405549.0,,,,
3744,331777097.0,,,,
3016,329501897.0,JACKA/THE ESPLANADE/FITZROY,,,busiestSCATSsitesCOORDINATES.csv
3541,328965579.0,,,,
2003,327062560.0,BURWOOD HWY NR PLC,,,busiestSCATSsitesCOORDINATES.csv
4975,326298524.0,,,,
3064,326109276.0,,,,
4382,325961212.0,,,,
4901,325605948.0,WESTGATE FWY WB/MONTAGUE,,,busiestSCATSsitesCOORDINATES.csv
4902,325325591.0,MONTAGUE/LORIMER,,,busiestSCATSsitesCOORDINATES.csv
2306,325236056.0,,,,
867,324797828.0,,,,
2169,324079205.0,,,,
2002,324076527.0,,,,
185,323703233.0,,,,
869,323306152.0,,,,
5079,322643882.0,,,,
4380,322074065.0,,,,
2498,321827244.0,PHW NR WALES,,,busiestSCATSsitesCOORDINATES.csv
1038,321321426.0,,,,
814,320599397.0,MT DANDENONG NR LILYDALE-MON,,,busiestSCATSsitesCOORDINATES.csv
4384,319025660.0,,,,
2327,318729077.0,NEPEAN/CHESTERVILLE/CHARMAN,,,busiestSCATSsitesCOORDINATES.csv
2310,317847884.0,,,,
2017,317561062.0,,,,
2434,317361026.0,,,,
3747,317352556.0,,,,
4301,316654574.0,,,,
2413,315989551.0,,,,
2328,315813854.0,NEPEAN/CENTRE DANDENONG,,,busiestSCATSsitesCOORDINATES.csv
3556,315643064.0,,,,
2880,314785178.0,WESTGATE FWY/WILLIAMSTOWN,,,busiestSCATSsitesCOORDINATES.csv
784,314650790.0,,,,
2319,314547233.0,,,,
265,314113537.0,,,,
3570,313936558.0,,,,
2324,313809965.0,NEPEAN/WICKHAM,,,busiestSCATSsitesCOORDINATES.csv
634,313628655.0,,,,
765,309928937.0,,,,
422,309291785.0,,,,
3083,309268293.0,,,,
574,308769861.0,,,,
3740,308702476.0,,,,
576,306943001.0,,,,
2418,306406783.0,,,,
4896,306067545.0,,,,
3151,303952073.0,SPRINGVALE/KEYLANA,,,busiestSCATSsitesCOORDINATES.csv
3745,303668879.0,,,,
2109,302888523.0,,,,
2305,302705692.0,,,,
426,302300599.0,,,,
2110,302268848.0,,,,
2617,299558196.0,,,,
1100,299516497.0,,,,
2417,299425968.0,,,,
737,298774325.0,,,,
3511,298752711.0,,,,
3053,298710934.0,,,,
4549,298667861.0,,,,
2946,297987508.0,,,,
3395,297668130.0,,,,
4441,297423495.0,,,,
2845,297338897.0,,,,
3391,297178859.0,,,,
3696,297000291.0,,,,
2435,296217390.0,,,,
4976,296140187.0,MELBOURNE/CENTRE,,,busiestSCATSsitesCOORDINATES.csv
2322,296065115.0,,,,
984,295708809.0,MAIN/FITZSIMONS,,,busiestSCATSsitesCOORDINATES.csv
4212,295638686.0,,,,
5003,295376169.0,,,,
431,294168943.0,SPRINGVALE/MAGID,,,busiestSCATSsitesCOORDINATES.csv
2431,294028240.0,,,,
3191,294019569.0,,,,
530,293698864.0,,,,
3066,293421875.0,,,,
3374,293324525.0,,,,
138,292735531.0,,,,
2414,292655807.0,,,,
2340,292370367.0,,,,
1121,292060666.0,,,,
3108,291824768.0,,,,
4986,291550100.0,,,,
3339,291524688.0,,,,
3225,290449028.0,,,,
2601,290357450.0,,,,
4744,290075067.0,TOORAK NR SURREY,,,busiestSCATSsitesCOORDINATES.csv
2105,290003874.0,,,,
620,289424216.0,,,,
3445,289190025.0,,,,
3401,288960084.0,,,,
2429,288489859.0,,,,
2666,288411400.0,,,,
2815,286816830.0,,,,
3333,286723191.0,,,,
2871,286506877.0,,,,
2433,286416047.0,,,,
2339,285931041.0,,,,
2323,285878294.0,,,,
2304,285864401.0,,,,
2440,285695436.0,,,,
529,285549909.0,,,,
4539,285537415.0,,,,
974,285077723.0,,,,
2397,284883761.0,,,,
2432,284300214.0,,,,
4197,284167386.0,,,,
1182,284038392.0,,,,
2828,283748882.0,,,,
3128,283602821.0,,,,
1302,282379243.0,,,,
5273,281529991.0,,,,
2194,281421926.0,,,,
3308,281335297.0,,,,
4046,281249155.0,,,,
2330,281107962.0,,,,
257,280908052.0,,,,
430,280717676.0,,,,
4561,280690434.0,,,,
4881,280574613.0,,,,
4406,280291526.0,,,,
3524,280273885.0,,,,
413,279717271.0,,,,
3736,279515835.0,,,,
4551,279125500.0,,,,
2185,279123996.0,,,,
2821,278567154.0,,,,
2860,277945120.0,,,,
5007,277809989.0,,,,
442,277766441.0,,,,
3050,277575845.0,,,,
731,277249061.0,,,,
2149,276985589.0,,,,
3061,276949746.0,,,,
433,276889576.0,,,,
2426,276867487.0,,,,
177,276835424.0,,,,
2638,276700899.0,,,,
2212,276365339.0,,,,
5313,276277186.0,,,,
2191,275853657.0,,,,
2507,275566592.0,,,,
3373,275367803.0,,,,
1529,275339981.0,,,,
4859,275034553.0,,,,
424,274994312.0,,,,
4995,274786525.0,,,,
2334,274690126.0,,,,
2314,274594021.0,,,,
2869,274239252.0,,,,
326,273345265.0,,,,
4421,272994763.0,,,,
6616,272899264.0,,,,
2508,272883401.0,,,,
508,271863695.0,,,,
137,271694953.0,,,,
2155,271446531.0,,,,
575,271357270.0,,,,
133,271176157.0,,,,
2206,271175069.0,,,,
399,270839395.0,,,,
258,269818506.0,,,,
2656,269615956.0,,,,
686,269494208.0,,,,
2658,268020191.0,,,,
2506,267896494.0,,,,
4848,267509065.0,,,,
1900,267504855.0,,,,
5259,267460840.0,,,,
2187,266847563.0,,,,
3171,266186167.0,,,,
2158,265612292.0,,,,
203,265525387.0,,,,
1190,265501425.0,,,,
3112,265212067.0,,,,
2850,265046089.0,,,,
2352,264891347.0,,,,
2162,264532899.0,,,,
325,264532142.0,,,,
3691,264528264.0,,,,
544,264472189.0,,,,
991,264134522.0,,,,
674,263677961.0,,,,
2789,263244083.0,,,,
3984,263173052.0,,,,
120,263027750.0,,,,
3192,262606349.0,,,,
3002,262558219.0,,,,
619,262542282.0,,,,
4987,262288132.0,,,,
3170,262249825.0,,,,
280,262079987.0,,,,
502,261120634.0,,,,
511,260821726.0,,,,
196,260815192.0,,,,
423,260742484.0,,,,
3616,260353598.0,,,,
441,260201068.0,,,,
393,260189124.0,,,,
332,259726911.0,,,,
893,259532713.0,,,,
2307,259498942.0,,,,
3133,259463639.0,,,,
3514,259051151.0,,,,
569,258684448.0,,,,
4802,258545896.0,,,,
409,258362260.0,,,,
2102,258264532.0,,,,
3132,258026894.0,,,,
1108,257981828.0,,,,
3680,257573541.0,,,,
2763,257210288.0,,,,
464,257202137.0,,,,
418,256672267.0,,,,
3734,256455497.0,,,,
4660,256315231.0,,,,
166,255513274.0,,,,
4218,255271257.0,,,,
1120,255132963.0,,,,
4668,255100087.0,,,,
3058,254910024.0,,,,
3686,254874910.0,,,,
4455,254761584.0,,,,
318,254620023.0,,,,
162,254344384.0,,,,
4782,253828734.0,,,,
411,253678526.0,,,,
631,253161615.0,,,,
170,253134715.0,,,,
375,253124667.0,,,,
2167,252398567.0,,,,
1267,252358211.0,,,,
3054,252271089.0,,,,
2895,251959465.0,,,,
2317,251219797.0,,,,
270,250850340.0,,,,
2400,250650716.0,,,,
4184,250394664.0,,,,
198,250369410.0,,,,
3727,250055414.0,,,,
2609,250015226.0,,,,
2842,249609797.0,,,,
1107,249338908.0,,,,
4268,249338907.0,,,,
4224,249063591.0,,,,
2160,249003761.0,,,,
2313,248590714.0,,,,
3332,248562728.0,,,,
2428,248453892.0,,,,
427,248355677.0,,,,
559,248206807.0,,,,
5013,248198222.0,,,,
2503,247589262.0,,,,
4478,247537516.0,,,,
2008,247062863.0,,,,
3271,246642700.0,,,,
4037,246547439.0,,,,
1397,246266812.0,,,,
853,246096244.0,,,,
134,245576148.0,,,,
3397,245510197.0,,,,
2608,245351715.0,,,,
4181,245216809.0,,,,
4474,245215698.0,,,,
782,245067593.0,,,,
492,245011429.0,,,,
391,244758794.0,,,,
4753,244445011.0,,,,
264,243943110.0,,,,
3560,243936157.0,,,,
169,243847748.0,,,,
3072,243791296.0,,,,
4034,243175063.0,,,,
206,243121045.0,,,,
3777,242731632.0,,,,
3044,242617879.0,,,,
594,242485106.0,,,,
4166,242344589.0,,,,
3722,242265642.0,,,,
3986,242093404.0,,,,
3741,242084105.0,,,,
4370,241866834.0,,,,
2641,241574283.0,,,,
2159,240536731.0,,,,
1220,240317253.0,,,,
2301,240113591.0,,,,
2011,240088258.0,,,,
2612,239861820.0,,,,
5018,239704309.0,,,,
3178,239397353.0,,,,
5015,239390292.0,,,,
2956,239334229.0,,,,
1061,239265865.0,,,,
295,238288191.0,,,,
3051,238220984.0,,,,
2764,238213158.0,,,,
5252,238107131.0,,,,
4566,238078937.0,,,,
3638,237827495.0,,,,
2760,237753949.0,,,,
4517,237686222.0,,,,
4702,237505318.0,,,,
2882,237348637.0,,,,
4526,236840211.0,,,,
2006,236775457.0,,,,
6200,236747175.0,,,,
489,236030665.0,,,,
2824,235922440.0,,,,
5011,235862927.0,,,,
3510,235818688.0,,,,
2512,235794451.0,,,,
291,235345365.0,,,,
5254,235328097.0,,,,
136,234950882.0,,,,
2299,234940977.0,,,,
3694,234899369.0,,,,
4443,234547060.0,,,,
2354,234298954.0,,,,
4239,234081014.0,,,,
2607,233966893.0,,,,
420,233943404.0,,,,
4638,233818666.0,,,,
533,233728185.0,,,,
3232,233695180.0,,,,
1310,233321759.0,,,,
1112,233226509.0,,,,
1001,233038887.0,,,,
369,232896376.0,,,,
2018,232830584.0,,,,
2909,232673307.0,,,,
2597,232072930.0,,,,
3213,231869207.0,,,,
3737,231679248.0,,,,
398,231642612.0,,,,
4584,231624761.0,,,,
785,231545008.0,,,,
923,231332879.0,,,,
190,231278867.0,,,,
744,231209607.0,,,,
4772,230900268.0,,,,
3055,230663736.0,,,,
3946,230637428.0,,,,
4165,230577039.0,,,,
4999,230569580.0,,,,
4183,230478003.0,,,,
1023,230133793.0,,,,
2000,229750729.0,,,,
2034,229653935.0,,,,
3399,229617650.0,,,,
3065,229410129.0,,,,
4963,229276187.0,,,,
614,229239188.0,,,,
5286,229232768.0,,,,
1138,229152479.0,,,,
2933,228915258.0,,,,
2181,228672555.0,,,,
3236,228410823.0,,,,
168,228322699.0,,,,
775,228274981.0,,,,
860,227760150.0,,,,
777,227631720.0,,,,
2183,227440764.0,,,,
4263,227379093.0,,,,
2603,227217287.0,,,,
4676,227175147.0,,,,
251,227129022.0,,,,
1396,227025325.0,,,,
2814,226905626.0,,,,
3125,226679714.0,,,,
962,226524685.0,,,,
176,226398744.0,,,,
2797,226281211.0,,,,
174,226208792.0,,,,
4176,226143287.0,,,,
683,225962562.0,,,,
4321,225853647.0,,,,
605,225630360.0,,,,
965,225610326.0,,,,
2611,225521394.0,,,,
4521,225386990.0,,,,
5002,225358122.0,,,,
107,225342485.0,,,,
2945,225300784.0,,,,
3057,225254319.0,,,,
4560,225180385.0,,,,
4686,225035640.0,,,,
577,224865163.0,,,,
4773,224538256.0,,,,
3129,224442156.0,,,,
3705,224440053.0,,,,
2610,224324790.0,,,,
696,223956121.0,,,,
4880,223811901.0,,,,
4460,223550235.0,,,,
3318,223514091.0,,,,
3340,223510617.0,,,,
2500,223431577.0,,,,
5016,223270066.0,,,,
764,223160012.0,,,,
3242,223152090.0,,,,
2203,222709522.0,,,,
4682,222394479.0,,,,
3017,222390315.0,,,,
932,221549322.0,,,,
3042,221468626.0,,,,
863,221350028.0,,,,
786,221286393.0,,,,
3912,221135304.0,,,,
4879,221019164.0,,,,
3797,220963813.0,,,,
1118,220917934.0,,,,
3988,220885753.0,,,,
3710,220874051.0,,,,
2715,220863891.0,,,,
865,220030171.0,,,,
2606,219999972.0,,,,
2876,219964784.0,,,,
1050,219928506.0,,,,
5141,219721082.0,,,,
796,219531105.0,,,,
5820,219490847.0,,,,
888,219427889.0,,,,
4162,218995956.0,,,,
5017,218983447.0,,,,
3637,218747772.0,,,,
3350,218698362.0,,,,
2846,218592158.0,,,,
661,218221370.0,,,,
3341,218131328.0,,,,
3130,217470977.0,,,,
493,217404364.0,,,,
3063,217402378.0,,,,
1012,216931927.0,,,,
5111,216906580.0,,,,
2427,216632973.0,,,,
5020,216530493.0,,,,
189,216491082.0,,,,
4283,216359035.0,,,,
5903,216352124.0,,,,
3067,216257056.0,,,,
3558,215974856.0,,,,
3068,215754642.0,,,,
105,215643400.0,,,,
305,215598388.0,,,,
4741,215527454.0,,,,
4085,215522291.0,,,,
1122,215402072.0,,,,
4404,215267862.0,,,,
3720,215235329.0,,,,
2519,215149880.0,,,,
1336,215008660.0,,,,
4004,214963306.0,,,,
451,214889593.0,,,,
4463,214805368.0,,,,
3987,214707331.0,,,,
1105,214625169.0,,,,
2920,214616393.0,,,,
2504,214443852.0,,,,
337,213858152.0,,,,
2714,213512983.0,,,,
4601,213337280.0,,,,
548,213204093.0,,,,
3658,213143774.0,,,,
1337,213099327.0,,,,
793,212859552.0,,,,
3683,212627975.0,,,,
2565,212589378.0,,,,
2402,212545149.0,,,,
2866,212532006.0,,,,
939,212473871.0,,,,
2146,212277821.0,,,,
3101,212152752.0,,,,
4935,212076776.0,,,,
700,212047731.0,,,,
2219,211938388.0,,,,
1103,211852367.0,,,,
3535,211782578.0,,,,
3131,211756960.0,,,,
3643,211388089.0,,,,
2205,211342441.0,,,,
936,211304992.0,,,,
3267,211157160.0,,,,
4962,211055273.0,,,,
3559,210876736.0,,,,
504,210811091.0,,,,
483,210593393.0,,,,
4783,210591011.0,,,,
4475,210319592.0,,,,
924,210298330.0,,,,
1698,210210382.0,,,,
1306,210152914.0,,,,
4651,209701606.0,,,,
455,209656005.0,,,,
3312,209332984.0,,,,
400,209194029.0,,,,
317,209118091.0,,,,
970,209083298.0,,,,
1196,209070147.0,,,,
3362,209046337.0,,,,
1390,208910821.0,,,,
4115,208907933.0,,,,
3272,208880267.0,,,,
4652,208587039.0,,,,
556,208450748.0,,,,
2502,208380484.0,,,,
2823,208316745.0,,,,
2941,208276491.0,,,,
871,208241452.0,,,,
3600,208207491.0,,,,
4961,208078545.0,,,,
2830,207909029.0,,,,
587,207856919.0,,,,
4675,207771751.0,,,,
2925,207562798.0,,,,
4050,207285659.0,,,,
3091,207275358.0,,,,
141,207254103.0,,,,
549,207173626.0,,,,
1699,207086768.0,,,,
319,207034495.0,,,,
3566,206992312.0,,,,
543,206965164.0,,,,
2629,206897559.0,,,,
239,206775740.0,,,,
710,206770344.0,,,,
1102,206747132.0,,,,
1304,206566685.0,,,,
448,206368523.0,,,,
157,206328666.0,,,,
179,206277480.0,,,,
4550,206172399.0,,,,
537,206091087.0,,,,
3617,205936508.0,,,,
2331,205743265.0,,,,
3487,205724720.0,,,,
2818,205512402.0,,,,
2163,205507598.0,,,,
3206,205321556.0,,,,
2864,205172060.0,,,,
3618,204949698.0,,,,
3398,204848946.0,,,,
4405,204784234.0,,,,
3603,204718759.0,,,,
4564,204687645.0,,,,
4886,204549342.0,,,,
3483,204537984.0,,,,
3821,204491277.0,,,,
941,204447851.0,,,,
3599,204433903.0,,,,
201,204391826.0,,,,
311,204323129.0,,,,
4170,204291384.0,,,,
4049,204255694.0,,,,
5328,204012714.0,,,,
4816,204003936.0,,,,
3663,203853752.0,,,,
3635,203817203.0,,,,
139,203598210.0,,,,
4932,203585790.0,,,,
4930,203483290.0,,,,
1093,203375127.0,,,,
360,203316629.0,,,,
1064,203195052.0,,,,
2147,203076634.0,,,,
1094,203060411.0,,,,
2645,202858172.0,,,,
339,202832652.0,,,,
2012,202713309.0,,,,
3612,202660448.0,,,,
844,202523775.0,,,,
2879,202285864.0,,,,
153,202264221.0,,,,
491,202241627.0,,,,
3262,202174623.0,,,,
5019,202114723.0,,,,
799,202011328.0,,,,
4488,201969291.0,,,,
161,201967519.0,,,,
1119,201952840.0,,,,
377,201838023.0,,,,
5272,201837239.0,,,,
124,201751952.0,,,,
125,201486024.0,,,,
3344,201454286.0,,,,
3619,201397008.0,,,,
3640,201331660.0,,,,
3503,201250329.0,,,,
4032,201227182.0,,,,
2812,201172141.0,,,,
378,201060349.0,,,,
4746,200958284.0,,,,
4465,200489504.0,,,,
4992,200484996.0,,,,
3700,200434024.0,,,,
199,200339015.0,,,,
640,200315696.0,,,,
662,200229308.0,,,,
2178,199997464.0,,,,
778,199985205.0,,,,
2636,199535526.0,,,,
4704,199340167.0,,,,
512,199222408.0,,,,
3190,199070320.0,,,,
268,199026039.0,,,,
2442,198994822.0,,,,
678,198985368.0,,,,
795,198974643.0,,,,
5154,198957366.0,,,,
2022,198850182.0,,,,
1101,198681988.0,,,,
755,198409437.0,,,,
600,198294310.0,,,,
1178,198196845.0,,,,
1776,198160310.0,,,,
629,198146435.0,,,,
798,198047564.0,,,,
961,197855058.0,,,,
2511,197745929.0,,,,
3662,197431886.0,,,,
848,197407552.0,,,,
130,197212606.0,,,,
659,197005972.0,,,,
4812,196949010.0,,,,
4565,196856657.0,,,,
4334,196768873.0,,,,
602,196531130.0,,,,
3563,196507834.0,,,,
886,196464113.0,,,,
283,196331886.0,,,,
200,196123581.0,,,,
281,196104794.0,,,,
454,195903184.0,,,,
3732,195898948.0,,,,
599,195725817.0,,,,
3513,195557012.0,,,,
1202,195205363.0,,,,
197,195138741.0,,,,
4014,195131976.0,,,,
2902,194999070.0,,,,
2333,194922968.0,,,,
4558,194897343.0,,,,
3363,194814928.0,,,,
2903,194587436.0,,,,
367,194509728.0,,,,
2639,194477365.0,,,,
5257,194398402.0,,,,
4266,194340257.0,,,,
3554,194337229.0,,,,
995,194328377.0,,,,
330,194290453.0,,,,
5143,194268257.0,,,,
611,194207819.0,,,,
3697,194191638.0,,,,
3330,194188858.0,,,,
2335,194054063.0,,,,
4920,194011378.0,,,,
2208,193891100.0,,,,
2706,193836796.0,,,,
149,193789937.0,,,,
208,193774696.0,,,,
4780,193560868.0,,,,
2184,193453687.0,,,,
3396,193422258.0,,,,
158,193420053.0,,,,
774,193175138.0,,,,
267,193019524.0,,,,
3939,192892336.0,,,,
3919,192872794.0,,,,
2616,192759636.0,,,,
159,192741528.0,,,,
3352,192621087.0,,,,
4540,192558335.0,,,,
4710,192407751.0,,,,
2781,191718331.0,,,,
3316,191706968.0,,,,
4989,191664737.0,,,,
2772,191568776.0,,,,
1415,191463136.0,,,,
3695,191439726.0,,,,
5801,191432716.0,,,,
335,191354028.0,,,,
2730,191282754.0,,,,
3113,191232543.0,,,,
3229,191230831.0,,,,
5253,191022757.0,,,,
2343,190958088.0,,,,
1145,190678315.0,,,,
3699,190652360.0,,,,
3345,190635570.0,,,,
4159,190543009.0,,,,
5021,190332888.0,,,,
237,190178717.0,,,,
5014,189962800.0,,,,
618,189951200.0,,,,
4448,189912709.0,,,,
2021,189801202.0,,,,
4043,189744728.0,,,,
1113,189737174.0,,,,
194,189454388.0,,,,
4041,189364698.0,,,,
403,189074559.0,,,,
3238,188866610.0,,,,
3659,188374431.0,,,,
358,188334558.0,,,,
2787,188282596.0,,,,
4805,188193760.0,,,,
2637,188113351.0,,,,
438,188100661.0,,,,
717,188059733.0,,,,
2423,188001966.0,,,,
163,187677542.0,,,,
4919,187614237.0,,,,
2768,187573043.0,,,,
3177,187486409.0,,,,
4661,187458784.0,,,,
5249,187436651.0,,,,
5064,187338289.0,,,,
2166,187328807.0,,,,
4145,187281836.0,,,,
3314,187229907.0,,,,
4740,187183984.0,,,,
310,187151080.0,,,,
1331,187089408.0,,,,
459,186627902.0,,,,
3690,186545150.0,,,,
4356,186278151.0,,,,
3884,186241724.0,,,,
3150,186172190.0,,,,
4506,186131134.0,,,,
4160,186127831.0,,,,
191,185963015.0,,,,
2347,185782284.0,,,,
3817,185598195.0,,,,
5004,185464455.0,,,,
1104,185396477.0,,,,
1701,185357045.0,,,,
3816,185316797.0,,,,
598,185263935.0,,,,
384,185255716.0,,,,
3076,185217940.0,,,,
3564,185083195.0,,,,
5023,185060448.0,,,,
503,184898986.0,,,,
4373,184851571.0,,,,
4745,184759246.0,,,,
4351,184751849.0,,,,
252,184740159.0,,,,
4726,184715353.0,,,,
1195,184601322.0,,,,
2598,184513474.0,,,,
3085,184448137.0,,,,
3646,184080499.0,,,,
987,183979695.0,,,,
3146,183934851.0,,,,
664,183482940.0,,,,
857,183475358.0,,,,
3846,183307734.0,,,,
290,183306146.0,,,,
165,183083979.0,,,,
5227,183027331.0,,,,
906,182945794.0,,,,
2605,182912935.0,,,,
1114,182904591.0,,,,
361,182794277.0,,,,
506,182789249.0,,,,
3315,182663827.0,,,,
781,182643397.0,,,,
2878,182546301.0,,,,
4389,182386346.0,,,,
450,182382615.0,,,,
1046,182305195.0,,,,
4353,182270492.0,,,,
5281,182183332.0,,,,
4954,182142488.0,,,,
127,182070063.0,,,,
1697,181971130.0,,,,
2602,181747505.0,,,,
4388,181692571.0,,,,
3615,181692310.0,,,,
680,181571899.0,,,,
2964,181544119.0,,,,
998,181401428.0,,,,
5824,181395483.0,,,,
4994,181361268.0,,,,
854,181273774.0,,,,
3642,181160236.0,,,,
112,181113685.0,,,,
4542,180973916.0,,,,
3594,180900910.0,,,,
2881,180871881.0,,,,
3597,180734507.0,,,,
4146,180684719.0,,,,
2595,180637327.0,,,,
954,180577388.0,,,,
2858,180310991.0,,,,
4934,180247557.0,,,,
4087,180222041.0,,,,
5235,180212073.0,,,,
2501,180170992.0,,,,
2640,179791534.0,,,,
3870,179728317.0,,,,
4210,179672841.0,,,,
188,179376050.0,,,,
175,179250790.0,,,,
1057,179159736.0,,,,
4462,178808490.0,,,,
129,178428317.0,,,,
3553,178304857.0,,,,
3450,178130033.0,,,,
3347,178016599.0,,,,
1185,177917406.0,,,,
4230,177725554.0,,,,
5065,177651963.0,,,,
944,177528085.0,,,,
241,177482103.0,,,,
2188,177403757.0,,,,
5279,177259224.0,,,,
2722,177084895.0,,,,
4800,177074470.0,,,,
3555,176856401.0,,,,
935,176799960.0,,,,
3561,176731671.0,,,,
374,176707386.0,,,,
3595,176469491.0,,,,
3120,176357544.0,,,,
1545,176172070.0,,,,
214,175978775.0,,,,
4653,175864953.0,,,,
2153,175821380.0,,,,
963,175724483.0,,,,
4613,175602179.0,,,,
2829,175460354.0,,,,
1211,175398173.0,,,,
4387,175106827.0,,,,
4206,175095215.0,,,,
3451,174888996.0,,,,
2050,174849231.0,,,,
2005,174829198.0,,,,
733,174715642.0,,,,
2580,174689694.0,,,,
1257,174654237.0,,,,
528,174633836.0,,,,
532,174498261.0,,,,
670,174298544.0,,,,
4951,174160817.0,,,,
3500,174025849.0,,,,
4402,173996754.0,,,,
3019,173928343.0,,,,
2007,173735697.0,,,,
449,173649468.0,,,,
2857,173486852.0,,,,
145,173410517.0,,,,
4667,173371012.0,,,,
4567,173360374.0,,,,
192,173347248.0,,,,
313,173261046.0,,,,
2894,173146626.0,,,,
1018,173120725.0,,,,
4519,173004490.0,,,,
2854,172978073.0,,,,
204,172872149.0,,,,
5268,172855648.0,,,,
2579,172659692.0,,,,
3515,172633274.0,,,,
4001,172630810.0,,,,
2150,172556089.0,,,,
4781,172543181.0,,,,
1170,172446521.0,,,,
2820,172282943.0,,,,
4477,172224259.0,,,,
915,172124973.0,,,,
4882,172044811.0,,,,
4040,172041616.0,,,,
300,171999063.0,,,,
747,171848884.0,,,,
205,171659196.0,,,,
4647,171525342.0,,,,
1333,171483840.0,,,,
846,171449374.0,,,,
2867,171434635.0,,,,
5133,171353466.0,,,,
1379,171262800.0,,,,
253,171173548.0,,,,
4409,171070604.0,,,,
371,170984205.0,,,,
4030,170905311.0,,,,
3224,170761780.0,,,,
3774,170755872.0,,,,
4273,170754361.0,,,,
2499,170721274.0,,,,
2898,170680952.0,,,,
4715,170670641.0,,,,
5219,170524184.0,,,,
3714,170499966.0,,,,
2984,170452394.0,,,,
907,170360334.0,,,,
4755,170293283.0,,,,
5069,170246014.0,,,,
3261,170224550.0,,,,
3551,170142820.0,,,,
4044,170099063.0,,,,
698,170057095.0,,,,
3539,170012416.0,,,,
712,169892038.0,,,,
3336,169865943.0,,,,
2303,169726212.0,,,,
3721,169718126.0,,,,
467,169521641.0,,,,
2631,169359035.0,,,,
1355,169276591.0,,,,
4524,169254086.0,,,,
3610,169212338.0,,,,
2585,169118435.0,,,,
749,169069983.0,,,,
3506,169019732.0,,,,
4363,168965124.0,,,,
2623,168735461.0,,,,
233,168593518.0,,,,
3204,168587518.0,,,,
2825,168545734.0,,,,
570,168541233.0,,,,
4467,168497946.0,,,,
783,168456178.0,,,,
646,168411619.0,,,,
4808,168379201.0,,,,
3003,168240313.0,,,,
578,168235001.0,,,,
4236,168161680.0,,,,
2063,168078874.0,,,,
4171,168074665.0,,,,
791,168054875.0,,,,
1246,168038254.0,,,,
2509,167978735.0,,,,
4688,167776097.0,,,,
500,167734595.0,,,,
2724,167641291.0,,,,
5316,167483432.0,,,,
3976,167391012.0,,,,
2415,167203733.0,,,,
4764,167121898.0,,,,
2968,167075450.0,,,,
2922,167073269.0,,,,
2189,167023892.0,,,,
858,166806857.0,,,,
172,166731478.0,,,,
752,166707687.0,,,,
2785,166621409.0,,,,
2180,166413909.0,,,,
2332,166276333.0,,,,
407,166211467.0,,,,
3994,166131784.0,,,,
4784,166069155.0,,,,
142,166031994.0,,,,
1234,165869889.0,,,,
3265,165864848.0,,,,
2872,165861947.0,,,,
373,165822668.0,,,,
2145,165621756.0,,,,
5006,165533955.0,,,,
1095,165046114.0,,,,
1367,165024107.0,,,,
2771,164878211.0,,,,
3263,164773455.0,,,,
3653,164769049.0,,,,
2009,164654728.0,,,,
2311,164648869.0,,,,
3306,164574541.0,,,,
4023,164563194.0,,,,
4743,164513123.0,,,,
738,164384030.0,,,,
353,164360480.0,,,,
140,164161727.0,,,,
2626,164108446.0,,,,
723,164095104.0,,,,
3501,163995192.0,,,,
4685,163980765.0,,,,
3293,163908182.0,,,,
3480,163866433.0,,,,
4310,163813194.0,,,,
3030,163696147.0,,,,
4774,163389905.0,,,,
2726,163376517.0,,,,
4698,163365838.0,,,,
864,163316187.0,,,,
1007,163287048.0,,,,
4217,162933589.0,,,,
435,162928337.0,,,,
276,162917021.0,,,,
2151,162821519.0,,,,
4991,162797677.0,,,,
691,162789091.0,,,,
3260,162785208.0,,,,
2210,162704872.0,,,,
4895,162602652.0,,,,
3562,162556420.0,,,,
178,162539432.0,,,,
2298,162295019.0,,,,
3217,162292271.0,,,,
4028,162233406.0,,,,
3682,161927391.0,,,,
115,161925037.0,,,,
3698,161887423.0,,,,
3230,161653154.0,,,,
4996,161545893.0,,,,
1111,161503491.0,,,,
889,161379467.0,,,,
4369,161302178.0,,,,
216,161190530.0,,,,
656,161123751.0,,,,
4201,161071611.0,,,,
4883,160887174.0,,,,
901,160835369.0,,,,
3012,160753396.0,,,,
6231,160605474.0,,,,
859,160466104.0,,,,
255,160444469.0,,,,
660,160409838.0,,,,
3784,160313238.0,,,,
3703,160246691.0,,,,
1063,160036836.0,,,,
3252,160020797.0,,,,
3253,159922774.0,,,,
601,159904062.0,,,,
505,159867781.0,,,,
608,159640950.0,,,,
3226,159577655.0,,,,
3893,159503300.0,,,,
2921,159210478.0,,,,
3685,159193041.0,,,,
4656,159150175.0,,,,
4251,159141960.0,,,,
488,159082928.0,,,,
5057,158899454.0,,,,
822,158894674.0,,,,
1542,158871432.0,,,,
3900,158863862.0,,,,
2904,158790289.0,,,,
3400,158751558.0,,,,
4717,158582440.0,,,,
2811,158508966.0,,,,
4665,158504029.0,,,,
3739,158171414.0,,,,
4306,157913682.0,,,,
394,157786818.0,,,,
943,157682775.0,,,,
3746,157645503.0,,,,
4473,157470482.0,,,,
131,157377813.0,,,,
4944,157286866.0,,,,
2308,157268747.0,,,,
4518,157268675.0,,,,
4271,157119448.0,,,,
2919,157087523.0,,,,
5008,156918837.0,,,,
567,156894760.0,,,,
6152,156661530.0,,,,
2907,156600713.0,,,,
843,156564040.0,,,,
472,156549220.0,,,,
4536,156536250.0,,,,
2939,156403832.0,,,,
4178,156391487.0,,,,
4202,156290329.0,,,,
3692,156235433.0,,,,
4838,156162785.0,,,,
2838,156156578.0,,,,
4237,155871106.0,,,,
4472,155778663.0,,,,
482,155764221.0,,,,
4437,155701288.0,,,,
3405,155696467.0,,,,
3329,155681369.0,,,,
657,155646017.0,,,,
4681,155618796.0,,,,
2004,155603762.0,,,,
4878,155522681.0,,,,
5076,155407058.0,,,,
3018,155404062.0,,,,
2152,155303417.0,,,,
287,155231154.0,,,,
4939,155166368.0,,,,
3169,155128679.0,,,,
4307,155127446.0,,,,
2646,155088708.0,,,,
790,155061243.0,,,,
2877,154917120.0,,,,
4748,154906117.0,,,,
3193,154886510.0,,,,
2813,154862784.0,,,,
2201,154765559.0,,,,
481,154744702.0,,,,
3116,154695668.0,,,,
2728,154665767.0,,,,
581,154542420.0,,,,
1056,154437869.0,,,,
671,154432262.0,,,,
896,154340638.0,,,,
2788,154279091.0,,,,
3387,154214061.0,,,,
3702,153972793.0,,,,
3079,153853808.0,,,,
4532,153845634.0,,,,
2766,153843250.0,,,,
788,153645872.0,,,,
514,153638100.0,,,,
2773,153432289.0,,,,
412,153378649.0,,,,
6812,153310755.0,,,,
4909,153279132.0,,,,
1247,153225736.0,,,,
4466,153147326.0,,,,
971,152970058.0,,,,
4470,152954203.0,,,,
3915,152934027.0,,,,
4435,152862917.0,,,,
6445,152862137.0,,,,
182,152777783.0,,,,
2513,152658632.0,,,,
4487,152524249.0,,,,
297,152438292.0,,,,
4403,152243125.0,,,,
2861,152243098.0,,,,
3137,152242339.0,,,,
3538,152227281.0,,,,
4541,152063836.0,,,,
3269,152013026.0,,,,
3738,151987063.0,,,,
167,151936587.0,,,,
4942,151909454.0,,,,
2604,151905693.0,,,,
3115,151870168.0,,,,
4199,151787443.0,,,,
6205,151745694.0,,,,
3652,151708374.0,,,,
4905,151629788.0,,,,
2630,151578941.0,,,,
1309,151578921.0,,,,
4933,151519572.0,,,,
364,151491800.0,,,,
3195,151491257.0,,,,
4832,151451500.0,,,,
4298,151355175.0,,,,
4522,151337181.0,,,,
445,151284101.0,,,,
5240,151267648.0,,,,
743,150787340.0,,,,
1744,150714840.0,,,,
171,150682448.0,,,,
1303,150652422.0,,,,
4483,150644700.0,,,,
3668,150607730.0,,,,
3127,150476228.0,,,,
1123,150380706.0,,,,
3196,150345748.0,,,,
5323,150287344.0,,,,
4810,150277611.0,,,,
2505,150263644.0,,,,
3687,150168239.0,,,,
3868,149931278.0,,,,
2826,149929281.0,,,,
851,149874783.0,,,,
3588,149855778.0,,,,
3264,149838443.0,,,,
6695,149719479.0,,,,
3742,149716605.0,,,,
6261,149668402.0,,,,
4205,149644818.0,,,,
271,149607879.0,,,,
592,149464232.0,,,,
304,149435616.0,,,,
4342,149419899.0,,,,
5209,149369686.0,,,,
579,149303684.0,,,,
2688,149223023.0,,,,
3122,149160440.0,,,,
4231,149095532.0,,,,
794,149087131.0,,,,
637,149078117.0,,,,
3920,148832154.0,,,,
5009,148693369.0,,,,
3918,148344411.0,,,,
3634,148075190.0,,,,
1539,148026078.0,,,,
1045,147916316.0,,,,
1477,147895577.0,,,,
5238,147888859.0,,,,
5068,147835229.0,,,,
5236,147778105.0,,,,
551,147604131.0,,,,
480,147587177.0,,,,
4806,147535103.0,,,,
146,147431883.0,,,,
3425,147294163.0,,,,
2822,147207067.0,,,,
2834,147200850.0,,,,
4553,147140569.0,,,,
4264,147123346.0,,,,
4000,147070358.0,,,,
2510,146938741.0,,,,
4121,146865203.0,,,,
359,146825260.0,,,,
5244,146817052.0,,,,
4240,146796220.0,,,,
3899,146773389.0,,,,
2593,146720222.0,,,,
4226,146708696.0,,,,
180,146699361.0,,,,
2883,146697111.0,,,,
2041,146650888.0,,,,
3220,146636262.0,,,,
3147,146595213.0,,,,
521,146589784.0,,,,
3749,146550884.0,,,,
2659,146521261.0,,,,
3596,146366893.0,,,,
4341,146359350.0,,,,
4172,146254885.0,,,,
356,146248274.0,,,,
4840,146248079.0,,,,
4482,146098962.0,,,,
4890,146072798.0,,,,
327,146007759.0,,,,
842,146006232.0,,,,
114,145990624.0,,,,
873,145926813.0,,,,
215,145919577.0,,,,
4990,145846994.0,,,,
4374,145811432.0,,,,
3502,145810530.0,,,,
4434,145764691.0,,,,
1218,145741800.0,,,,
3565,145481852.0,,,,
3303,145391463.0,,,,
3208,145212005.0,,,,
3266,145166845.0,,,,
4520,145078313.0,,,,
5062,144993883.0,,,,
4645,144925060.0,,,,
4903,144917771.0,,,,
4048,144912267.0,,,,
5093,144875364.0,,,,
4198,144793752.0,,,,
2001,144717040.0,,,,
1235,144680574.0,,,,
2484,144678674.0,,,,
4677,144377511.0,,,,
2992,144333895.0,,,,
4241,144291806.0,,,,
895,144252304.0,,,,
2798,144206670.0,,,,
4332,144151774.0,,,,
173,144125449.0,,,,
2732,144119613.0,,,,
4020,144070305.0,,,,
981,144063661.0,,,,
5000,143989676.0,,,,
535,143810856.0,,,,
111,143769186.0,,,,
3182,143719088.0,,,,
825,143682285.0,,,,
4456,143661390.0,,,,
1078,143566415.0,,,,
3526,143521042.0,,,,
1077,143481418.0,,,,
119,143455043.0,,,,
3126,143384550.0,,,,
4967,143377148.0,,,,
4454,143368493.0,,,,
463,143276646.0,,,,
612,143068614.0,,,,
3453,143066310.0,,,,
1301,142946654.0,,,,
1531,142856841.0,,,,
2043,142820105.0,,,,
363,142795972.0,,,,
186,142744105.0,,,,
1576,142621761.0,,,,
1044,142578927.0,,,,
2441,142551828.0,,,,
303,142535930.0,,,,
6685,142523324.0,,,,
1256,142249625.0,,,,
4499,142240071.0,,,,
3408,142117174.0,,,,
1312,142099614.0,,,,
261,142080943.0,,,,
705,141965642.0,,,,
5191,141913905.0,,,,
665,141758600.0,,,,
1378,141715864.0,,,,
3677,141698668.0,,,,
803,141665521.0,,,,
4657,141509546.0,,,,
2713,141506158.0,,,,
329,141506142.0,,,,
113,141481031.0,,,,
3001,141442649.0,,,,
5819,141362384.0,,,,
3673,141286995.0,,,,
236,141248940.0,,,,
2731,141219666.0,,,,
3305,141152811.0,,,,
4694,141063716.0,,,,
211,141063311.0,,,,
5269,141005369.0,,,,
3426,140857872.0,,,,
6818,140781922.0,,,,
735,140765503.0,,,,
143,140741199.0,,,,
2356,140598062.0,,,,
2584,140556218.0,,,,
6689,140461952.0,,,,
3771,140425231.0,,,,
231,140402203.0,,,,
4750,140334953.0,,,,
1150,140334191.0,,,,
2649,140246888.0,,,,
439,140228003.0,,,,
4383,140165277.0,,,,
3940,140143562.0,,,,
4576,140120474.0,,,,
3349,140100391.0,,,,
960,140018769.0,,,,
2190,140018327.0,,,,
1065,140010858.0,,,,
254,139947984.0,,,,
3114,139928831.0,,,,
3119,139927415.0,,,,
1507,139859216.0,,,,
4736,139761117.0,,,,
3537,139667942.0,,,,
1426,139621524.0,,,,
4543,139478983.0,,,,
1951,139472017.0,,,,
351,139459185.0,,,,
4965,139272464.0,,,,
979,139159087.0,,,,
929,139138594.0,,,,
709,139133886.0,,,,
2207,139056975.0,,,,
5234,139023899.0,,,,
2410,139007062.0,,,,
4129,138956418.0,,,,
4221,138954171.0,,,,
4355,138911608.0,,,,
1464,138806616.0,,,,
3304,138795863.0,,,,
2865,138736848.0,,,,
827,138720622.0,,,,
5092,138689192.0,,,,
3233,138553072.0,,,,
2998,138535713.0,,,,
5239,138530199.0,,,,
5283,138483600.0,,,,
648,138453142.0,,,,
2792,138393503.0,,,,
3922,138213452.0,,,,
6255,138043881.0,,,,
3622,137975955.0,,,,
1249,137972237.0,,,,
711,137903258.0,,,,
4064,137877329.0,,,,
5203,137728286.0,,,,
288,137690971.0,,,,
5346,137326478.0,,,,
3194,137274675.0,,,,
1140,137246891.0,,,,
4228,137200201.0,,,,
4801,137175388.0,,,,
4691,137138213.0,,,,
3985,137112920.0,,,,
5103,137013290.0,,,,
6813,136970900.0,,,,
3465,136875298.0,,,,
2924,136874354.0,,,,
2204,136455637.0,,,,
4796,136270108.0,,,,
2873,136266773.0,,,,
5202,136232463.0,,,,
3856,136119260.0,,,,
2734,136117268.0,,,,
3841,135982213.0,,,,
3118,135940175.0,,,,
6253,135924544.0,,,,
4315,135689399.0,,,,
1052,135663856.0,,,,
5821,135550560.0,,,,
3023,135451885.0,,,,
4270,135383444.0,,,,
4468,135105672.0,,,,
756,135058875.0,,,,
4793,135051367.0,,,,
4350,134973999.0,,,,
5284,134894966.0,,,,
1343,134858876.0,,,,
1186,134739077.0,,,,
5208,134584705.0,,,,
3299,134529493.0,,,,
4574,134481018.0,,,,
3621,134343563.0,,,,
1579,134170138.0,,,,
2996,134057250.0,,,,
2680,134021668.0,,,,
687,133979006.0,,,,
3409,133808530.0,,,,
307,133371258.0,,,,
3302,133331706.0,,,,
3485,133306996.0,,,,
457,133306508.0,,,,
102,133220955.0,,,,
3227,133030058.0,,,,
2934,132976552.0,,,,
3024,132966502.0,,,,
3139,132842563.0,,,,
3173,132773301.0,,,,
1506,132713330.0,,,,
440,132659749.0,,,,
4563,132636515.0,,,,
4862,132457024.0,,,,
4527,132442764.0,,,,
3009,132405587.0,,,,
2776,132361152.0,,,,
1181,132322354.0,,,,
2399,132317319.0,,,,
2494,132311504.0,,,,
3826,132292935.0,,,,
4775,132287390.0,,,,
4716,132268848.0,,,,
606,131982676.0,,,,
3084,131880783.0,,,,
4813,131859061.0,,,,
1241,131852161.0,,,,
260,131845518.0,,,,
3222,131792176.0,,,,
1165,131736467.0,,,,
1700,131582688.0,,,,
994,131577782.0,,,,
383,131500005.0,,,,
5210,131486348.0,,,,
938,131384810.0,,,,
3138,131368040.0,,,,
3218,131364548.0,,,,
4850,131347206.0,,,,
4790,131303012.0,,,,
1209,131287500.0,,,,
5167,131216923.0,,,,
4494,131144045.0,,,,
621,131139087.0,,,,
3441,130963623.0,,,,
4220,130960144.0,,,,
5295,130934651.0,,,,
4386,130891534.0,,,,
5215,130807774.0,,,,
3767,130781349.0,,,,
3896,130743453.0,,,,
3852,130739749.0,,,,
1117,130675221.0,,,,
3824,130631253.0,,,,
1245,130626338.0,,,,
4873,130566859.0,,,,
1335,130549237.0,,,,
4436,130474071.0,,,,
4831,130423018.0,,,,
4033,130419862.0,,,,
3148,130376101.0,,,,
2942,130224805.0,,,,
309,130202081.0,,,,
2737,130187851.0,,,,
4296,130091571.0,,,,
334,130067071.0,,,,
232,129968155.0,,,,
5164,129953009.0,,,,
269,129771981.0,,,,
333,129732393.0,,,,
1374,129693490.0,,,,
3175,129668707.0,,,,
4757,129668163.0,,,,
221,129596905.0,,,,
3010,129565714.0,,,,
847,129486501.0,,,,
4408,129428610.0,,,,
2720,129419074.0,,,,
767,129195043.0,,,,
3590,129152621.0,,,,
5237,129143501.0,,,,
389,129142531.0,,,,
1520,129124931.0,,,,
6656,129069150.0,,,,
5088,129045641.0,,,,
3136,129042869.0,,,,
312,128952239.0,,,,
495,128946993.0,,,,
5177,128904332.0,,,,
1261,128878286.0,,,,
3793,128876578.0,,,,
3021,128721274.0,,,,
4419,128645741.0,,,,
4514,128639783.0,,,,
323,128606195.0,,,,
1019,128573410.0,,,,
3168,128555117.0,,,,
1766,128531051.0,,,,
4641,128518250.0,,,,
3162,128500307.0,,,,
2300,128486975.0,,,,
3223,128404435.0,,,,
4666,128319262.0,,,,
331,128178009.0,,,,
910,128168847.0,,,,
5657,128060046.0,,,,
2053,128043774.0,,,,
3776,127970719.0,,,,
2849,127816955.0,,,,
4936,127727904.0,,,,
746,127705077.0,,,,
3993,127700381.0,,,,
3592,127689015.0,,,,
3179,127607482.0,,,,
807,127581014.0,,,,
525,127537472.0,,,,
3688,127515198.0,,,,
3247,127498970.0,,,,
6630,127468072.0,,,,
3904,127182991.0,,,,
2712,127067821.0,,,,
3982,127067297.0,,,,
861,127039763.0,,,,
4017,127038862.0,,,,
4131,126997218.0,,,,
6203,126994953.0,,,,
4937,126779655.0,,,,
585,126705411.0,,,,
713,126679323.0,,,,
4400,126627993.0,,,,
1689,126558741.0,,,,
2684,126489217.0,,,,
2010,126468267.0,,,,
6256,126453910.0,,,,
4130,126446836.0,,,,
6688,126374190.0,,,,
4815,126369941.0,,,,
3228,126353330.0,,,,
4794,126285305.0,,,,
2863,126070121.0,,,,
4739,126050747.0,,,,
3943,126034052.0,,,,
1720,125966592.0,,,,
3655,125957774.0,,,,
2092,125956097.0,,,,
4444,125953552.0,,,,
845,125952292.0,,,,
2618,125950539.0,,,,
1475,125932268.0,,,,
3552,125831809.0,,,,
4747,125683712.0,,,,
3969,125464029.0,,,,
4492,125353655.0,,,,
541,125197437.0,,,,
3704,125126311.0,,,,
2770,125074698.0,,,,
4377,125054378.0,,,,
4575,125051687.0,,,,
4174,125048969.0,,,,
663,125031238.0,,,,
5262,125023583.0,,,,
2587,124902653.0,,,,
4959,124865200.0,,,,
591,124674539.0,,,,
4630,124643389.0,,,,
4671,124611806.0,,,,
2534,124554990.0,,,,
4039,124451100.0,,,,
771,124443943.0,,,,
4821,124442253.0,,,,
1305,124327897.0,,,,
850,124274871.0,,,,
4038,124195749.0,,,,
5087,124184808.0,,,,
4956,124124892.0,,,,
4164,124065783.0,,,,
927,124044546.0,,,,
4853,124020065.0,,,,
6675,124018210.0,,,,
365,123884537.0,,,,
3004,123815551.0,,,,
4950,123810988.0,,,,
4021,123771748.0,,,,
4411,123767519.0,,,,
3280,123757854.0,,,,
3996,123747355.0,,,,
4360,123719688.0,,,,
3598,123683248.0,,,,
2200,123662998.0,,,,
2926,123451810.0,,,,
714,123418507.0,,,,
3975,123352759.0,,,,
5218,123339745.0,,,,
436,123275408.0,,,,
6093,123274201.0,,,,
4119,123269657.0,,,,
6817,123268005.0,,,,
2586,123157235.0,,,,
4215,123101363.0,,,,
3093,123095556.0,,,,
1815,123021316.0,,,,
4203,123010988.0,,,,
1073,122999116.0,,,,
3212,122986061.0,,,,
3454,122972072.0,,,,
1562,122850748.0,,,,
6336,122837261.0,,,,
3897,122689110.0,,,,
4446,122649641.0,,,,
702,122624912.0,,,,
2642,122585314.0,,,,
4720,122501136.0,,,,
4622,122493864.0,,,,
3020,122450327.0,,,,
628,122444938.0,,,,
3557,122418130.0,,,,
4861,122415615.0,,,,
2583,122363927.0,,,,
5302,122351768.0,,,,
3804,122290712.0,,,,
4577,122236354.0,,,,
3604,122180579.0,,,,
6293,122167463.0,,,,
3620,122112593.0,,,,
1534,122109630.0,,,,
2644,122095325.0,,,,
2615,121995616.0,,,,
1198,121876029.0,,,,
959,121832047.0,,,,
3028,121803242.0,,,,
2634,121761196.0,,,,
4766,121747114.0,,,,
3790,121723530.0,,,,
3934,121647108.0,,,,
342,121563269.0,,,,
238,121524869.0,,,,
623,121432218.0,,,,
4042,121394369.0,,,,
708,121207888.0,,,,
724,121204937.0,,,,
434,121182734.0,,,,
5051,120951537.0,,,,
1712,120926910.0,,,,
2019,120919930.0,,,,
4079,120918223.0,,,,
900,120915161.0,,,,
4855,120862547.0,,,,
728,120802965.0,,,,
607,120787253.0,,,,
4864,120769508.0,,,,
3110,120754053.0,,,,
3197,120733103.0,,,,
444,120725696.0,,,,
6252,120691180.0,,,,
6697,120662024.0,,,,
2735,120612642.0,,,,
3879,120430081.0,,,,
610,120393639.0,,,,
354,120380281.0,,,,
266,120364380.0,,,,
4427,120347941.0,,,,
181,120159097.0,,,,
527,120085722.0,,,,
4368,120070297.0,,,,
6150,120028576.0,,,,
4346,120003486.0,,,,
4045,119982032.0,,,,
719,119978772.0,,,,
2567,119952399.0,,,,
5005,119917166.0,,,,
4063,119626655.0,,,,
513,119626330.0,,,,
3766,119581088.0,,,,
3901,119560323.0,,,,
3833,119506093.0,,,,
302,119500003.0,,,,
122,119457432.0,,,,
5155,119417789.0,,,,
824,119373124.0,,,,
4863,119364740.0,,,,
5100,119359531.0,,,,
1099,119339596.0,,,,
547,119225992.0,,,,
5246,119197655.0,,,,
4458,119171050.0,,,,
4132,119046996.0,,,,
2168,118965479.0,,,,
6661,118887624.0,,,,
2655,118779351.0,,,,
2195,118753228.0,,,,
5243,118696063.0,,,,
352,118662163.0,,,,
259,118651740.0,,,,
2052,118583521.0,,,,
4367,118580468.0,,,,
3778,118571094.0,,,,
4900,118547746.0,,,,
4057,118545618.0,,,,
3257,118538925.0,,,,
5042,118534896.0,,,,
3781,118508726.0,,,,
2591,118460312.0,,,,
5201,118443025.0,,,,
3835,118431486.0,,,,
314,118421255.0,,,,
4232,118367615.0,,,,
4432,118350839.0,,,,
766,118340967.0,,,,
1171,118334268.0,,,,
2054,118299244.0,,,,
704,118267549.0,,,,
401,118266897.0,,,,
4971,118254373.0,,,,
4552,118243742.0,,,,
4257,118194791.0,,,,
930,118179525.0,,,,
841,118131125.0,,,,
4418,118052174.0,,,,
1081,118027763.0,,,,
2524,117944967.0,,,,
3180,117927984.0,,,,
4585,117901978.0,,,,
274,117865967.0,,,,
4615,117839807.0,,,,
4089,117798685.0,,,,
3124,117702095.0,,,,
2817,117685481.0,,,,
1427,117649425.0,,,,
2496,117625582.0,,,,
4544,117606057.0,,,,
2478,117571419.0,,,,
437,117478232.0,,,,
1071,117468690.0,,,,
5193,117465510.0,,,,
892,117439300.0,,,,
3593,117428231.0,,,,
2393,117406957.0,,,,
1499,117362377.0,,,,
1717,117326447.0,,,,
4847,117296590.0,,,,
1500,117248158.0,,,,
3069,117236134.0,,,,
2209,117180742.0,,,,
5282,117095467.0,,,,
4305,116971075.0,,,,
3121,116962552.0,,,,
2908,116944551.0,,,,
4814,116934666.0,,,,
2875,116919034.0,,,,
4646,116909834.0,,,,
6660,116851470.0,,,,
4749,116817606.0,,,,
3898,116805708.0,,,,
187,116768276.0,,,,
1264,116760411.0,,,,
1205,116713852.0,,,,
3980,116710417.0,,,,
6288,116696391.0,,,,
4216,116615835.0,,,,
779,116600294.0,,,,
3145,116599496.0,,,,
4006,116413222.0,,,,
3419,116409282.0,,,,
2520,116405409.0,,,,
4777,116377925.0,,,,
5055,116348028.0,,,,
109,116260075.0,,,,
1578,116209806.0,,,,
6081,116194716.0,,,,
4953,116150573.0,,,,
4982,116129890.0,,,,
3290,116096917.0,,,,
3109,116080366.0,,,,
3317,116036969.0,,,,
1240,115944779.0,,,,
4233,115892299.0,,,,
4662,115770039.0,,,,
2485,115693348.0,,,,
1260,115642857.0,,,,
4357,115570504.0,,,,
6279,115545101.0,,,,
4952,115537872.0,,,,
278,115519966.0,,,,
4669,115370770.0,,,,
3709,115300788.0,,,,
4365,115286046.0,,,,
4927,115282016.0,,,,
3486,115272885.0,,,,
2795,115177903.0,,,,
6258,115144745.0,,,,
4983,115091135.0,,,,
4765,115054729.0,,,,
639,114983914.0,,,,
982,114958408.0,,,,
2040,114941575.0,,,,
703,114884054.0,,,,
4829,114843614.0,,,,
6082,114839010.0,,,,
3337,114713582.0,,,,
2647,114704198.0,,,,
366,114683534.0,,,,
1392,114677897.0,,,,
1376,114665140.0,,,,
3542,114656599.0,,,,
4778,114644577.0,,,,
3141,114631015.0,,,,
977,114535932.0,,,,
235,114446227.0,,,,
4471,114354762.0,,,,
343,114348410.0,,,,
5213,114343585.0,,,,
6815,114284820.0,,,,
650,114265375.0,,,,
1362,114255055.0,,,,
5066,114226552.0,,,,
5271,114200500.0,,,,
2654,114174867.0,,,,
1164,114037425.0,,,,
338,114029523.0,,,,
6092,113882681.0,,,,
2663,113863957.0,,,,
1237,113859981.0,,,,
1982,113838814.0,,,,
2290,113733490.0,,,,
2175,113629990.0,,,,
3334,113618602.0,,,,
4819,113603940.0,,,,
6257,113587622.0,,,,
715,113586003.0,,,,
1229,113535678.0,,,,
4066,113483327.0,,,,
4945,113335776.0,,,,
3843,113181100.0,,,,
3149,113121474.0,,,,
479,113103816.0,,,,
3234,113101752.0,,,,
2692,113101085.0,,,,
3301,112981056.0,,,,
4897,112977119.0,,,,
3626,112880345.0,,,,
2853,112864223.0,,,,
4533,112861586.0,,,,
4423,112846837.0,,,,
4949,112750729.0,,,,
4885,112582031.0,,,,
3937,112546258.0,,,,
4005,112517516.0,,,,
209,112502257.0,,,,
4011,112485484.0,,,,
4768,112322696.0,,,,
4899,112303794.0,,,,
222,112267924.0,,,,
5331,112244379.0,,,,
729,112186051.0,,,,
815,112144881.0,,,,
6254,111995486.0,,,,
5250,111941802.0,,,,
4759,111940331.0,,,,
3255,111938526.0,,,,
100,111922510.0,,,,
370,111894528.0,,,,
2736,111893273.0,,,,
1208,111888868.0,,,,
2342,111863130.0,,,,
3632,111860297.0,,,,
4128,111854823.0,,,,
3877,111839579.0,,,,
4112,111816227.0,,,,
4972,111655558.0,,,,
3309,111569991.0,,,,
4833,111569454.0,,,,
4416,111539543.0,,,,
609,111482001.0,,,,
975,111442109.0,,,,
5078,111436646.0,,,,
5350,111411772.0,,,,
4260,111405917.0,,,,
1315,111387720.0,,,,
3571,111381095.0,,,,
4390,111301523.0,,,,
4502,111276861.0,,,,
3760,111233538.0,,,,
1161,111168396.0,,,,
6631,111144677.0,,,,
5104,111139752.0,,,,
5121,111134892.0,,,,
4445,111115879.0,,,,
379,111061339.0,,,,
3231,110968815.0,,,,
2721,110937859.0,,,,
1203,110902477.0,,,,
4803,110901272.0,,,,
4823,110736000.0,,,,
6089,110713790.0,,,,
2341,110646021.0,,,,
2716,110627879.0,,,,
6201,110589207.0,,,,
522,110571550.0,,,,
4649,110567113.0,,,,
6223,110560183.0,,,,
4143,110533850.0,,,,
3765,110515901.0,,,,
753,110468577.0,,,,
3221,110444829.0,,,,
4258,110388676.0,,,,
1399,110383180.0,,,,
668,110363971.0,,,,
3428,110292935.0,,,,
3667,110278588.0,,,,
4081,110232806.0,,,,
3905,110223202.0,,,,
376,110187556.0,,,,
3034,110151283.0,,,,
1739,110129818.0,,,,
1091,110098268.0,,,,
626,110059465.0,,,,
5274,110058928.0,,,,
4222,110043034.0,,,,
3111,110030861.0,,,,
519,110010433.0,,,,
362,109975526.0,,,,
6262,109825780.0,,,,
3981,109797602.0,,,,
4602,109739495.0,,,,
6692,109728734.0,,,,
1753,109726861.0,,,,
2994,109566380.0,,,,
6259,109401203.0,,,,
230,109399246.0,,,,
3035,109375436.0,,,,
3798,109159935.0,,,,
4214,109146912.0,,,,
3964,109141008.0,,,,
4779,109030974.0,,,,
2624,108977549.0,,,,
4654,108976145.0,,,,
4787,108972386.0,,,,
3750,108808276.0,,,,
372,108787955.0,,,,
4022,108768210.0,,,,
3812,108678426.0,,,,
3440,108655558.0,,,,
263,108646057.0,,,,
2905,108600362.0,,,,
920,108540574.0,,,,
4345,108490824.0,,,,
3801,108403653.0,,,,
501,108387397.0,,,,
3364,108372950.0,,,,
1344,108364797.0,,,,
4013,108353857.0,,,,
630,108351435.0,,,,
1242,108336330.0,,,,
3611,108265080.0,,,,
1311,108165081.0,,,,
4884,108162129.0,,,,
3725,108136895.0,,,,
1830,108125821.0,,,,
1485,108117351.0,,,,
272,108082778.0,,,,
395,108035797.0,,,,
5817,108013362.0,,,,
224,107963964.0,,,,
3268,107950838.0,,,,
952,107931414.0,,,,
4583,107825103.0,,,,
6086,107799087.0,,,,
5106,107796063.0,,,,
6333,107792630.0,,,,
4071,107735804.0,,,,
2782,107720498.0,,,,
104,107664869.0,,,,
2568,107661574.0,,,,
4789,107655661.0,,,,
4297,107614084.0,,,,
801,107495618.0,,,,
4024,107491621.0,,,,
5297,107475186.0,,,,
2548,107398711.0,,,,
5116,107395086.0,,,,
1513,107372053.0,,,,
881,107358206.0,,,,
4617,107347675.0,,,,
3926,107282210.0,,,,
1788,107271258.0,,,,
3820,107248489.0,,,,
5058,107246514.0,,,,
2738,107223038.0,,,,
5205,107109624.0,,,,
1418,107097874.0,,,,
4235,107010696.0,,,,
5256,107009528.0,,,,
1713,106883521.0,,,,
4525,106877421.0,,,,
6078,106850961.0,,,,
4078,106835228.0,,,,
3307,106758446.0,,,,
4723,106751169.0,,,,
2318,106750180.0,,,,
1002,106749415.0,,,,
4820,106706891.0,,,,
1590,106568109.0,,,,
4664,106518770.0,,,,
5050,106482892.0,,,,
396,106396033.0,,,,
5265,106278620.0,,,,
4484,106271535.0,,,,
4234,106233835.0,,,,
806,106150658.0,,,,
4722,106143029.0,,,,
4636,106132966.0,,,,
1704,106118501.0,,,,
557,106075005.0,,,,
2808,106069260.0,,,,
4913,106039580.0,,,,
4809,105996332.0,,,,
5083,105978923.0,,,,
3842,105968552.0,,,,
4074,105937622.0,,,,
3183,105927713.0,,,,
4413,105922730.0,,,,
4008,105918077.0,,,,
279,105901687.0,,,,
4295,105881571.0,,,,
4762,105866433.0,,,,
301,105859259.0,,,,
2910,105851185.0,,,,
2518,105816080.0,,,,
148,105793440.0,,,,
5875,105689061.0,,,,
1200,105679142.0,,,,
4979,105616168.0,,,,
6449,105504279.0,,,,
4771,105462817.0,,,,
5325,105441248.0,,,,
4140,105410877.0,,,,
6450,105374400.0,,,,
5654,105374138.0,,,,
773,105358846.0,,,,
1068,105261900.0,,,,
515,105217186.0,,,,
6265,105184772.0,,,,
4827,105175475.0,,,,
3909,105167944.0,,,,
4007,105124703.0,,,,
3997,105078634.0,,,,
2870,105026249.0,,,,
4852,105022017.0,,,,
6280,105004951.0,,,,
1489,104837139.0,,,,
244,104734219.0,,,,
5902,104630727.0,,,,
262,104615992.0,,,,
4648,104592493.0,,,,
4733,104592138.0,,,,
2650,104572930.0,,,,
804,104453218.0,,,,
3259,104425420.0,,,,
4385,104402723.0,,,,
6207,104395945.0,,,,
355,104235588.0,,,,
4845,104207144.0,,,,
4618,104166356.0,,,,
3123,104124305.0,,,,
223,104123433.0,,,,
2660,103946590.0,,,,
4075,103910699.0,,,,
3591,103895070.0,,,,
868,103894809.0,,,,
6820,103882119.0,,,,
6094,103783182.0,,,,
3099,103766872.0,,,,
734,103752773.0,,,,
3861,103703515.0,,,,
1723,103679748.0,,,,
6442,103669731.0,,,,
2862,103641447.0,,,,
3606,103625358.0,,,,
2664,103614046.0,,,,
4088,103563991.0,,,,
638,103538653.0,,,,
4912,103514922.0,,,,
4493,103488986.0,,,,
4948,103471333.0,,,,
4243,103394536.0,,,,
4080,103302219.0,,,,
4262,103243622.0,,,,
2707,103197697.0,,,,
5324,103108843.0,,,,
789,103070584.0,,,,
6085,102977744.0,,,,
5298,102934450.0,,,,
5137,102832519.0,,,,
460,102821958.0,,,,
3406,102804396.0,,,,
682,102801988.0,,,,
651,102800785.0,,,,
2651,102788511.0,,,,
2932,102688976.0,,,,
2705,102646002.0,,,,
4378,102624922.0,,,,
590,102600489.0,,,,
1010,102558051.0,,,,
4626,102546879.0,,,,
5230,102525304.0,,,,
595,102485937.0,,,,
345,102405034.0,,,,
1262,102368743.0,,,,
1329,102339142.0,,,,
4857,102287577.0,,,,
4644,102261230.0,,,,
681,102249448.0,,,,
4916,102237390.0,,,,
3550,102218314.0,,,,
3921,102195342.0,,,,
3102,102139552.0,,,,
3353,102043856.0,,,,
3809,101999429.0,,,,
6290,101962617.0,,,,
3025,101902973.0,,,,
4597,101892585.0,,,,
1563,101878975.0,,,,
4791,101809878.0,,,,
405,101796697.0,,,,
5277,101793723.0,,,,
5342,101781552.0,,,,
3917,101758984.0,,,,
4158,101748348.0,,,,
718,101739115.0,,,,
2592,101695742.0,,,,
2350,101652782.0,,,,
4426,101638123.0,,,,
4606,101619512.0,,,,
2385,101582480.0,,,,
2912,101510994.0,,,,
3684,101499317.0,,,,
1157,101490791.0,,,,
2661,101411614.0,,,,
275,101401520.0,,,,
5226,101401245.0,,,,
1394,101215244.0,,,,
4249,101195791.0,,,,
5307,101124165.0,,,,
4154,101105488.0,,,,
3354,101101955.0,,,,
3457,101000113.0,,,,
3375,100991413.0,,,,
745,100974768.0,,,,
2179,100969908.0,,,,
2809,100962082.0,,,,
6691,100950882.0,,,,
2986,100896815.0,,,,
3876,100893238.0,,,,
913,100868749.0,,,,
1031,100838220.0,,,,
4124,100735761.0,,,,
2353,100657411.0,,,,
3026,100533493.0,,,,
1324,100478773.0,,,,
4290,100407050.0,,,,
4399,100395563.0,,,,
2791,100377277.0,,,,
1067,100346429.0,,,,
1000,100270842.0,,,,
3527,100252298.0,,,,
3214,100249211.0,,,,
4114,100233178.0,,,,
1565,100181515.0,,,,
4294,100136211.0,,,,
3927,100104237.0,,,,
277,100063911.0,,,,
4126,99973718.0,,,,
3322,99963334.0,,,,
4826,99922872.0,,,,
3930,99881360.0,,,,
4955,99795718.0,,,,
3979,99782402.0,,,,
1363,99738132.0,,,,
1180,99692854.0,,,,
3335,99648778.0,,,,
716,99646817.0,,,,
976,99641177.0,,,,
3258,99621975.0,,,,
761,99590393.0,,,,
4535,99578948.0,,,,
4292,99505079.0,,,,
4010,99252198.0,,,,
5118,99251580.0,,,,
4907,99215547.0,,,,
617,99200330.0,,,,
3159,99174991.0,,,,
4679,99137658.0,,,,
3285,99052222.0,,,,
3888,98832813.0,,,,
5196,98715342.0,,,,
3715,98708357.0,,,,
4776,98674206.0,,,,
1398,98673572.0,,,,
144,98592791.0,,,,
1512,98569970.0,,,,
3176,98569778.0,,,,
1370,98558361.0,,,,
4700,98539636.0,,,,
4610,98504299.0,,,,
4396,98475829.0,,,,
4595,98464647.0,,,,
3855,98457438.0,,,,
563,98451305.0,,,,
1585,98422493.0,,,,
3654,98342280.0,,,,
5606,98224028.0,,,,
3203,98215488.0,,,,
4272,98098359.0,,,,
1340,98040824.0,,,,
1505,97991023.0,,,,
1547,97918269.0,,,,
152,97912339.0,,,,
5212,97870259.0,,,,
3027,97869259.0,,,,
5361,97824874.0,,,,
564,97817152.0,,,,
4117,97798932.0,,,,
4138,97778905.0,,,,
1366,97747743.0,,,,
3431,97624452.0,,,,
6686,97594718.0,,,,
633,97578286.0,,,,
3983,97571641.0,,,,
701,97450109.0,,,,
1184,97449735.0,,,,
1011,97435544.0,,,,
6338,97426713.0,,,,
6702,97313071.0,,,,
4599,97217400.0,,,,
1719,97183702.0,,,,
3144,97104057.0,,,,
3424,97052649.0,,,,
5207,97031247.0,,,,
3811,96981823.0,,,,
5056,96968918.0,,,,
4025,96865281.0,,,,
1346,96807334.0,,,,
2901,96724128.0,,,,
2841,96710300.0,,,,
3719,96684147.0,,,,
1509,96679013.0,,,,
1236,96573713.0,,,,
751,96554994.0,,,,
1554,96442708.0,,,,
1243,96435189.0,,,,
4497,96366421.0,,,,
2482,96316084.0,,,,
776,96314145.0,,,,
308,96239272.0,,,,
3730,96234626.0,,,,
1561,96199008.0,,,,
4068,96051943.0,,,,
1146,96031961.0,,,,
1321,95997909.0,,,,
1080,95920747.0,,,,
3613,95871494.0,,,,
3095,95809681.0,,,,
5263,95803789.0,,,,
1217,95802729.0,,,,
3780,95683317.0,,,,
3938,95682744.0,,,,
1710,95666538.0,,,,
3708,95629276.0,,,,
218,95616345.0,,,,
1026,95568467.0,,,,
4966,95540886.0,,,,
6332,95538071.0,,,,
3998,95533651.0,,,,
1716,95440398.0,,,,
4018,95402700.0,,,,
6083,95366039.0,,,,
421,95318842.0,,,,
6289,95310792.0,,,,
1174,95306952.0,,,,
5319,95268336.0,,,,
1166,95088660.0,,,,
5138,95079496.0,,,,
5815,95072569.0,,,,
3452,95061356.0,,,,
247,95016052.0,,,,
4655,94997861.0,,,,
3200,94958277.0,,,,
116,94907398.0,,,,
4490,94870455.0,,,,
5305,94814603.0,,,,
3818,94806380.0,,,,
770,94773285.0,,,,
4300,94753065.0,,,,
990,94741061.0,,,,
5878,94727166.0,,,,
6337,94722407.0,,,,
1151,94721878.0,,,,
4699,94695618.0,,,,
4625,94662917.0,,,,
1794,94571706.0,,,,
4447,94570723.0,,,,
32038,94562435.0,,,,
2683,94525469.0,,,,
4152,94503565.0,,,,
1009,94436567.0,,,,
5190,94421716.0,,,,
4204,94421576.0,,,,
4016,94328814.0,,,,
2033,94305492.0,,,,
2042,94265126.0,,,,
1796,94253236.0,,,,
3243,94168374.0,,,,
469,94064948.0,,,,
3245,94054460.0,,,,
3823,94035950.0,,,,
5258,94006580.0,,,,
2719,93979618.0,,,,
2944,93905890.0,,,,
4834,93848484.0,,,,
5102,93830159.0,,,,
5320,93808652.0,,,,
2762,93473466.0,,,,
947,93415111.0,,,,
4343,93251641.0,,,,
3957,93245027.0,,,,
4397,93206053.0,,,,
4101,93103952.0,,,,
5248,93045398.0,,,,
1162,92998182.0,,,,
3536,92984972.0,,,,
3216,92957833.0,,,,
3959,92953725.0,,,,
727,92949285.0,,,,
1950,92947705.0,,,,
3753,92925968.0,,,,
800,92841466.0,,,,
320,92800825.0,,,,
4818,92796537.0,,,,
3160,92711903.0,,,,
2182,92692180.0,,,,
4340,92683580.0,,,,
4640,92682378.0,,,,
2345,92647563.0,,,,
5299,92645384.0,,,,
5389,92638214.0,,,,
2118,92636386.0,,,,
2211,92603518.0,,,,
5912,92445404.0,,,,
4092,92435112.0,,,,
4531,92406562.0,,,,
2981,92335904.0,,,,
2694,92306396.0,,,,
1715,92246894.0,,,,
792,92214530.0,,,,
4116,92183358.0,,,,
3806,92079788.0,,,,
509,92075695.0,,,,
2765,92031216.0,,,,
2769,92026403.0,,,,
348,92005200.0,,,,
4614,91927193.0,,,,
3711,91714722.0,,,,
3134,91686590.0,,,,
5117,91622041.0,,,,
5312,91576023.0,,,,
5204,91566890.0,,,,
1369,91495449.0,,,,
3968,91483041.0,,,,
5198,91475931.0,,,,
2743,91389948.0,,,,
1564,91362419.0,,,,
2708,91319412.0,,,,
4678,91294153.0,,,,
5192,91190715.0,,,,
6292,91141244.0,,,,
476,91074428.0,,,,
387,91031259.0,,,,
5329,91024983.0,,,,
5158,90997472.0,,,,
3941,90941523.0,,,,
4911,90921106.0,,,,
4915,90858213.0,,,,
754,90843072.0,,,,
3810,90815413.0,,,,
6828,90725016.0,,,,
919,90690039.0,,,,
624,90680562.0,,,,
4189,90625443.0,,,,
3355,90607918.0,,,,
3032,90562910.0,,,,
3000,90362511.0,,,,
5317,90306725.0,,,,
2947,90284657.0,,,,
2581,90284437.0,,,,
3427,90267655.0,,,,
989,90233788.0,,,,
6408,90203287.0,,,,
4376,90180088.0,,,,
3189,90169712.0,,,,
5026,90159760.0,,,,
2293,90143596.0,,,,
6138,90132367.0,,,,
992,90082734.0,,,,
4795,90066046.0,,,,
250,90063536.0,,,,
649,89993229.0,,,,
3791,89991075.0,,,,
2982,89954191.0,,,,
5071,89946327.0,,,,
6447,89943945.0,,,,
2892,89831837.0,,,,
4091,89824961.0,,,,
340,89808950.0,,,,
5255,89785275.0,,,,
3995,89783564.0,,,,
4223,89699402.0,,,,
2698,89675445.0,,,,
3300,89523907.0,,,,
3181,89483945.0,,,,
5197,89391787.0,,,,
4196,89320236.0,,,,
2292,89305535.0,,,,
3185,89281267.0,,,,
3808,89169143.0,,,,
101,89142646.0,,,,
4433,89106701.0,,,,
6287,89096231.0,,,,
4866,89076336.0,,,,
2960,89029295.0,,,,
397,88954425.0,,,,
4111,88939101.0,,,,
227,88843351.0,,,,
5659,88840248.0,,,,
3573,88837637.0,,,,
3482,88808431.0,,,,
240,88798220.0,,,,
3235,88774118.0,,,,
6412,88616630.0,,,,
4581,88589043.0,,,,
2674,88565255.0,,,,
4457,88554138.0,,,,
1476,88438847.0,,,,
5173,88389126.0,,,,
4799,88304326.0,,,,
4697,88267072.0,,,,
3860,88237495.0,,,,
1037,88236346.0,,,,
1522,88224499.0,,,,
3792,88173047.0,,,,
2669,88150236.0,,,,
6101,88131501.0,,,,
2566,87993554.0,,,,
249,87868091.0,,,,
3971,87830743.0,,,,
1116,87780343.0,,,,
2686,87778383.0,,,,
1566,87705610.0,,,,
4090,87647127.0,,,,
4150,87538563.0,,,,
787,87481295.0,,,,
4817,87468932.0,,,,
4851,87465602.0,,,,
212,87458137.0,,,,
4635,87415525.0,,,,
4828,87385953.0,,,,
453,87366263.0,,,,
2111,87323199.0,,,,
3291,87320529.0,,,,
2058,87255717.0,,,,
4906,87215898.0,,,,
106,87085942.0,,,,
3731,87083269.0,,,,
357,86953422.0,,,,
3644,86841815.0,,,,
6291,86811180.0,,,,
1325,86804424.0,,,,
3924,86803109.0,,,,
6121,86772060.0,,,,
4144,86760063.0,,,,
2133,86654905.0,,,,
4029,86602498.0,,,,
4530,86582977.0,,,,
6264,86562900.0,,,,
3507,86483064.0,,,,
5388,86460999.0,,,,
4580,86429103.0,,,,
6088,86402077.0,,,,
5031,86388626.0,,,,
720,86310686.0,,,,
3240,86296748.0,,,,
1017,86280230.0,,,,
4807,86278220.0,,,,
1006,86211191.0,,,,
5194,86200082.0,,,,
5950,86080650.0,,,,
4269,86065701.0,,,,
2779,86065271.0,,,,
6285,86039527.0,,,,
3769,86029348.0,,,,
1382,86019798.0,,,,
4534,85998927.0,,,,
5222,85994530.0,,,,
3239,85956929.0,,,,
622,85886302.0,,,,
4031,85859352.0,,,,
2171,85845699.0,,,,
3313,85836416.0,,,,
499,85826373.0,,,,
925,85688437.0,,,,
2987,85653562.0,,,,
498,85620408.0,,,,
1406,85617274.0,,,,
1005,85611805.0,,,,
4180,85597831.0,,,,
4854,85593714.0,,,,
2935,85580249.0,,,,
4763,85547459.0,,,,
5913,85539061.0,,,,
4118,85482574.0,,,,
4424,85441197.0,,,,
1147,85287084.0,,,,
1192,85210545.0,,,,
6444,85175832.0,,,,
5318,85112374.0,,,,
6080,84964333.0,,,,
6075,84915869.0,,,,
4451,84901785.0,,,,
4073,84872922.0,,,,
2682,84855230.0,,,,
5810,84844094.0,,,,
3819,84762387.0,,,,
3651,84762026.0,,,,
5850,84616781.0,,,,
942,84441950.0,,,,
1322,84408918.0,,,,
1570,84321525.0,,,,
4709,84273328.0,,,,
1714,84240066.0,,,,
833,84227233.0,,,,
4372,84210827.0,,,,
5877,84197085.0,,,,
4084,84194530.0,,,,
4285,84127720.0,,,,
5276,84089522.0,,,,
6827,84070411.0,,,,
3528,84049657.0,,,,
2729,83999155.0,,,,
3864,83967051.0,,,,
1425,83960034.0,,,,
4348,83883626.0,,,,
6821,83832292.0,,,,
4347,83771715.0,,,,
912,83764547.0,,,,
4479,83747079.0,,,,
4921,83691708.0,,,,
1400,83683242.0,,,,
4680,83567729.0,,,,
3624,83524581.0,,,,
821,83501245.0,,,,
2679,83431860.0,,,,
3310,83427141.0,,,,
4349,83389804.0,,,,
690,83388662.0,,,,
3827,83385268.0,,,,
2796,83352931.0,,,,
6294,83312565.0,,,,
2710,83271077.0,,,,
6097,83234487.0,,,,
4082,83176403.0,,,,
4888,83169760.0,,,,
2297,83149837.0,,,,
3439,83149235.0,,,,
1519,83111687.0,,,,
3832,83109056.0,,,,
5029,83108586.0,,,,
2937,82995841.0,,,,
6304,82983664.0,,,,
4093,82911370.0,,,,
2891,82854513.0,,,,
2687,82847470.0,,,,
897,82752324.0,,,,
5300,82743107.0,,,,
474,82734114.0,,,,
641,82707104.0,,,,
520,82692875.0,,,,
4410,82613270.0,,,,
5089,82524392.0,,,,
3478,82443928.0,,,,
2819,82442089.0,,,,
4407,82435202.0,,,,
5842,82387674.0,,,,
3567,82352911.0,,,,
3828,82344088.0,,,,
3358,82322975.0,,,,
346,82317546.0,,,,
108,82298903.0,,,,
6819,82292051.0,,,,
6098,82269555.0,,,,
3311,82145768.0,,,,
666,82121410.0,,,,
4072,82051581.0,,,,
4761,81953359.0,,,,
516,81923459.0,,,,
220,81908765.0,,,,
4335,81889378.0,,,,
3837,81843596.0,,,,
5351,81834584.0,,,,
4391,81808787.0,,,,
2983,81793850.0,,,,
3199,81792716.0,,,,
4450,81743399.0,,,,
6214,81723441.0,,,,
6077,81679561.0,,,,
5077,81674887.0,,,,
248,81656322.0,,,,
1518,81622875.0,,,,
5280,81528610.0,,,,
4923,81517147.0,,,,
4242,81504731.0,,,,
5054,81498234.0,,,,
5353,81480584.0,,,,
507,81418254.0,,,,
4393,81413369.0,,,,
1430,81370947.0,,,,
5339,81359519.0,,,,
3830,81306416.0,,,,
3104,81301604.0,,,,
2652,81301135.0,,,,
1148,81254798.0,,,,
4486,81251991.0,,,,
1533,81202393.0,,,,
6276,81201396.0,,,,
4545,81104781.0,,,,
4275,81081865.0,,,,
613,81032164.0,,,,
4293,81003658.0,,,,
558,80983451.0,,,,
933,80951233.0,,,,
4280,80905863.0,,,,
4729,80883076.0,,,,
4392,80880051.0,,,,
1338,80835128.0,,,,
2013,80828309.0,,,,
2969,80770615.0,,,,
2896,80712549.0,,,,
4417,80701317.0,,,,
6440,80679356.0,,,,
542,80671923.0,,,,
4491,80655653.0,,,,
4632,80595790.0,,,,
2970,80585143.0,,,,
2491,80535879.0,,,,
5260,80469971.0,,,,
1013,80457961.0,,,,
217,80421357.0,,,,
5951,80397418.0,,,,
4412,80388835.0,,,,
4366,80308200.0,,,,
118,80254115.0,,,,
5879,80245898.0,,,,
487,80177107.0,,,,
5052,80123708.0,,,,
4712,80107810.0,,,,
4758,80090558.0,,,,
2349,80082098.0,,,,
1368,80080968.0,,,,
1768,79995504.0,,,,
1259,79992197.0,,,,
5221,79909914.0,,,,
5291,79869795.0,,,,
5022,79791905.0,,,,
4059,79753286.0,,,,
2469,79726365.0,,,,
1352,79689289.0,,,,
1054,79680901.0,,,,
1039,79675271.0,,,,
4019,79649880.0,,,,
4943,79581288.0,,,,
1168,79569206.0,,,,
4582,79558711.0,,,,
597,79499010.0,,,,
693,79476556.0,,,,
5368,79452040.0,,,,
4070,79422813.0,,,,
2741,79401074.0,,,,
4330,79399157.0,,,,
4105,79116489.0,,,,
550,79041597.0,,,,
4844,79035455.0,,,,
1076,79010144.0,,,,
921,79002014.0,,,,
4453,78998358.0,,,,
5074,78923699.0,,,,
1707,78881538.0,,,,
299,78836346.0,,,,
4061,78809899.0,,,,
3929,78802707.0,,,,
1592,78798550.0,,,,
4188,78753975.0,,,,
4600,78684761.0,,,,
3656,78679656.0,,,,
1139,78604960.0,,,,
966,78603520.0,,,,
3320,78558998.0,,,,
3840,78355971.0,,,,
3166,78338283.0,,,,
228,78283261.0,,,,
5189,78280323.0,,,,
3935,78231974.0,,,,
2750,78191186.0,,,,
1879,78173423.0,,,,
2775,78167396.0,,,,
2786,78150639.0,,,,
4186,78110413.0,,,,
6452,78040047.0,,,,
2193,77960342.0,,,,
2625,77880498.0,,,,
2893,77879186.0,,,,
1535,77852068.0,,,,
5915,77808215.0,,,,
285,77763679.0,,,,
6822,77741590.0,,,,
5881,77692973.0,,,,
3923,77658937.0,,,,
2836,77599452.0,,,,
2886,77562848.0,,,,
866,77553373.0,,,,
1320,77499651.0,,,,
5098,77418782.0,,,,
1442,77348911.0,,,,
1003,77343786.0,,,,
2228,77226449.0,,,,
6321,77222299.0,,,,
4892,77210032.0,,,,
2936,77198482.0,,,,
5214,77195685.0,,,,
3999,77195430.0,,,,
6233,77122913.0,,,,
6230,76939035.0,,,,
446,76784317.0,,,,
4398,76642721.0,,,,
4616,76628631.0,,,,
4868,76458296.0,,,,
5162,76458109.0,,,,
3574,76428928.0,,,,
5163,76405759.0,,,,
596,76361929.0,,,,
918,76303284.0,,,,
5135,76251508.0,,,,
3788,76248327.0,,,,
3073,76206945.0,,,,
967,76182768.0,,,,
4737,76176506.0,,,,
4624,76134753.0,,,,
3078,76107012.0,,,,
5059,76064528.0,,,,
3807,76047653.0,,,,
4219,76042264.0,,,,
6272,76021805.0,,,,
6025,76007193.0,,,,
5242,75967911.0,,,,
2289,75920244.0,,,,
5228,75912892.0,,,,
3587,75896836.0,,,,
4938,75863084.0,,,,
5911,75830258.0,,,,
4324,75758801.0,,,,
6154,75736107.0,,,,
3417,75697991.0,,,,
742,75648728.0,,,,
3209,75615433.0,,,,
4103,75586471.0,,,,
6269,75580013.0,,,,
6307,75569011.0,,,,
3641,75563037.0,,,,
5807,75553171.0,,,,
1532,75516905.0,,,,
5134,75428922.0,,,,
4149,75359614.0,,,,
2570,75283080.0,,,,
4278,75197671.0,,,,
1014,75168539.0,,,,
3782,75132676.0,,,,
3449,75072344.0,,,,
466,75001001.0,,,,
3845,74991651.0,,,,
1212,74986682.0,,,,
4925,74985254.0,,,,
3661,74926986.0,,,,
6122,74841065.0,,,,
655,74835543.0,,,,
3829,74706473.0,,,,
552,74686379.0,,,,
1551,74629910.0,,,,
692,74618439.0,,,,
4528,74597197.0,,,,
2965,74573714.0,,,,
1358,74573208.0,,,,
5808,74518964.0,,,,
2112,74516079.0,,,,
3327,74449288.0,,,,
5073,74447715.0,,,,
983,74355423.0,,,,
4865,74339122.0,,,,
4354,74323149.0,,,,
3281,74258126.0,,,,
5075,74255315.0,,,,
2993,74253309.0,,,,
3368,74213093.0,,,,
2046,74174543.0,,,,
2978,74156841.0,,,,
3106,74156182.0,,,,
4055,74134567.0,,,,
3533,74127752.0,,,,
3963,74052563.0,,,,
1109,73999308.0,,,,
5186,73983080.0,,,,
4510,73907253.0,,,,
4102,73902860.0,,,,
1937,73823517.0,,,,
3605,73752887.0,,,,
1152,73745840.0,,,,
3887,73683495.0,,,,
2023,73652043.0,,,,
4254,73554829.0,,,,
582,73540411.0,,,,
3933,73501405.0,,,,
891,73491586.0,,,,
5086,73464893.0,,,,
2186,73458122.0,,,,
572,73424378.0,,,,
3914,73403806.0,,,,
3219,73354595.0,,,,
2906,73349397.0,,,,
4639,73344752.0,,,,
2749,73267960.0,,,,
2949,73258362.0,,,,
2835,73239893.0,,,,
5043,73227112.0,,,,
5371,73205953.0,,,,
1524,73165130.0,,,,
4329,73156902.0,,,,
3435,73145706.0,,,,
1810,73120852.0,,,,
226,73114936.0,,,,
4265,73068178.0,,,,
4211,73058803.0,,,,
3945,73055453.0,,,,
4841,72981942.0,,,,
6224,72932143.0,,,,
750,72897064.0,,,,
6284,72877098.0,,,,
4858,72854563.0,,,,
1297,72849328.0,,,,
3071,72842794.0,,,,
4414,72833183.0,,,,
3568,72815044.0,,,,
4051,72677231.0,,,,
4358,72634979.0,,,,
2495,72624588.0,,,,
1544,72612219.0,,,,
1238,72581699.0,,,,
4505,72577784.0,,,,
721,72550182.0,,,,
5039,72490643.0,,,,
1460,72476042.0,,,,
5151,72426891.0,,,,
3499,72423910.0,,,,
669,72383446.0,,,,
2991,72377891.0,,,,
3456,72372280.0,,,,
5275,72299240.0,,,,
2571,72296595.0,,,,
6204,72275102.0,,,,
3442,72198967.0,,,,
3210,72161976.0,,,,
4148,72057340.0,,,,
3892,72031625.0,,,,
5655,71966142.0,,,,
5161,71960128.0,,,,
3763,71925791.0,,,,
5356,71886280.0,,,,
4107,71882059.0,,,,
4998,71881571.0,,,,
1048,71766407.0,,,,
555,71757366.0,,,,
3117,71744485.0,,,,
4557,71693778.0,,,,
1313,71626172.0,,,,
225,71602555.0,,,,
4910,71575315.0,,,,
5200,71562883.0,,,,
565,71561011.0,,,,
5072,71510448.0,,,,
1298,71508996.0,,,,
1419,71398052.0,,,,
4556,71393900.0,,,,
3928,71388352.0,,,,
3873,71369709.0,,,,
2070,71353281.0,,,,
2778,71327490.0,,,,
2176,71212199.0,,,,
697,71132305.0,,,,
3070,71129784.0,,,,
3432,71105038.0,,,,
2900,71088030.0,,,,
2125,71040567.0,,,,
3037,70948924.0,,,,
6236,70856863.0,,,,
6273,70852257.0,,,,
32036,70826862.0,,,,
3880,70794043.0,,,,
4554,70743459.0,,,,
6074,70717945.0,,,,
4788,70700268.0,,,,
3916,70614759.0,,,,
284,70608003.0,,,,
4281,70598718.0,,,,
2727,70597389.0,,,,
5799,70575213.0,,,,
5131,70565711.0,,,,
4469,70537198.0,,,,
5306,70465962.0,,,,
1059,70438500.0,,,,
6325,70402425.0,,,,
1808,70362739.0,,,,
3813,70328467.0,,,,
1215,70298662.0,,,,
4002,70196900.0,,,,
4594,70112782.0,,,,
986,70051359.0,,,,
707,70043480.0,,,,
3657,69998418.0,,,,
4728,69939546.0,,,,
510,69839204.0,,,,
1183,69835850.0,,,,
3925,69799622.0,,,,
3772,69767611.0,,,,
4500,69746243.0,,,,
917,69737405.0,,,,
3471,69714812.0,,,,
5085,69670378.0,,,,
2633,69652334.0,,,,
3005,69553703.0,,,,
4964,69491958.0,,,,
4054,69451493.0,,,,
5125,69417106.0,,,,
3851,69393683.0,,,,
213,69380988.0,,,,
6198,69084359.0,,,,
968,69077791.0,,,,
3960,69016931.0,,,,
2229,68994160.0,,,,
6243,68977069.0,,,,
616,68974101.0,,,,
6305,68727916.0,,,,
964,68716262.0,,,,
5199,68693866.0,,,,
1316,68648574.0,,,,
155,68642431.0,,,,
1999,68502387.0,,,,
2662,68480994.0,,,,
4480,68414211.0,,,,
6673,68391476.0,,,,
926,68347649.0,,,,
1251,68289637.0,,,,
2718,68274654.0,,,,
4489,68265802.0,,,,
834,68206849.0,,,,
5119,68139134.0,,,,
4336,68109549.0,,,,
1330,68106809.0,,,,
4856,68072123.0,,,,
473,68040996.0,,,,
1833,68037261.0,,,,
2745,68023729.0,,,,
6216,68011431.0,,,,
3891,67983593.0,,,,
4537,67976692.0,,,,
3577,67974282.0,,,,
3434,67957508.0,,,,
5178,67883249.0,,,,
4751,67875606.0,,,,
4754,67838110.0,,,,
3907,67782124.0,,,,
5832,67727394.0,,,,
3831,67643832.0,,,,
1066,67627604.0,,,,
1765,67560817.0,,,,
5157,67412971.0,,,,
3908,67401723.0,,,,
2113,67377874.0,,,,
4015,67329605.0,,,,
1334,67287223.0,,,,
6087,67270903.0,,,,
4267,67269564.0,,,,
6251,67173780.0,,,,
1207,67137496.0,,,,
554,67105450.0,,,,
1793,67090850.0,,,,
818,67034080.0,,,,
1568,66992469.0,,,,
6211,66936216.0,,,,
4593,66882709.0,,,,
6632,66829136.0,,,,
5223,66752394.0,,,,
2351,66637410.0,,,,
6303,66586171.0,,,,
676,66525219.0,,,,
6443,66460806.0,,,,
3092,66416283.0,,,,
3356,66411752.0,,,,
4767,66405780.0,,,,
4824,66382222.0,,,,
1993,66375089.0,,,,
1051,66303487.0,,,,
1711,66298997.0,,,,
328,66261772.0,,,,
685,66173264.0,,,,
2295,66153946.0,,,,
5838,66145333.0,,,,
4503,66070725.0,,,,
6091,66067739.0,,,,
4323,65890844.0,,,,
103,65877396.0,,,,
953,65783211.0,,,,
4314,65762090.0,,,,
5290,65692365.0,,,,
1583,65681943.0,,,,
4190,65653149.0,,,,
6217,65637626.0,,,,
5070,65633088.0,,,,
1990,65589447.0,,,,
2025,65563447.0,,,,
3942,65553907.0,,,,
667,65533632.0,,,,
1523,65529543.0,,,,
1749,65516323.0,,,,
2681,65492398.0,,,,
3886,65487052.0,,,,
706,65374040.0,,,,
2955,65321402.0,,,,
3498,65317150.0,,,,
5357,65287322.0,,,,
3633,65234731.0,,,,
4612,65203618.0,,,,
3578,65174912.0,,,,
1395,65166541.0,,,,
6413,65110260.0,,,,
812,65101370.0,,,,
4136,65013574.0,,,,
1782,64973039.0,,,,
1553,64898243.0,,,,
5114,64882977.0,,,,
5856,64845639.0,,,,
4303,64839368.0,,,,
1350,64831694.0,,,,
3448,64779816.0,,,,
5809,64767384.0,,,,
4504,64696140.0,,,,
2887,64652667.0,,,,
4573,64642429.0,,,,
5225,64589463.0,,,,
147,64553296.0,,,,
3469,64549635.0,,,,
243,64494996.0,,,,
937,64475707.0,,,,
4191,64473389.0,,,,
4255,64433795.0,,,,
2599,64352158.0,,,,
4279,64347089.0,,,,
5345,64341557.0,,,,
1490,64332232.0,,,,
1388,64207625.0,,,,
2114,64198400.0,,,,
6232,64053730.0,,,,
6274,64020546.0,,,,
2059,64016306.0,,,,
2164,63944716.0,,,,
4113,63823975.0,,,,
4756,63790327.0,,,,
6220,63722463.0,,,,
6324,63499340.0,,,,
3878,63493307.0,,,,
4928,63490820.0,,,,
2127,63465869.0,,,,
3863,63411888.0,,,,
4449,63397693.0,,,,
2014,63317186.0,,,,
4760,63313786.0,,,,
1528,63283191.0,,,,
6260,63282768.0,,,,
6670,63260508.0,,,,
1497,63246478.0,,,,
1167,63239888.0,,,,
5800,63237150.0,,,,
4811,63156733.0,,,,
3297,63153260.0,,,,
1870,63119627.0,,,,
5049,63044092.0,,,,
2107,63032584.0,,,,
6802,63007654.0,,,,
1548,62757498.0,,,,
3143,62739882.0,,,,
884,62695089.0,,,,
3549,62674539.0,,,,
2621,62629421.0,,,,
1681,62533640.0,,,,
6206,62502795.0,,,,
2515,62497505.0,,,,
2897,62349806.0,,,,
1075,62318465.0,,,,
6414,62248457.0,,,,
242,62156911.0,,,,
3207,62125992.0,,,,
4053,62119097.0,,,,
4849,62045639.0,,,,
1230,61922137.0,,,,
4362,61917265.0,,,,
4738,61914974.0,,,,
5048,61870179.0,,,,
4361,61839358.0,,,,
1423,61831434.0,,,,
972,61815475.0,,,,
1351,61798373.0,,,,
3043,61784449.0,,,,
517,61642482.0,,,,
4786,61596732.0,,,,
4193,61554017.0,,,,
5873,61522134.0,,,,
5310,61469323.0,,,,
2115,61368392.0,,,,
879,61204943.0,,,,
4870,61085863.0,,,,
4359,61029324.0,,,,
2711,60981275.0,,,,
1510,60940280.0,,,,
2028,60931426.0,,,,
2068,60923288.0,,,,
1783,60915560.0,,,,
3476,60849681.0,,,,
3906,60773788.0,,,,
1861,60739683.0,,,,
2746,60735538.0,,,,
2685,60602493.0,,,,
4721,60583711.0,,,,
4320,60547019.0,,,,
5132,60543011.0,,,,
4495,60446462.0,,,,
1842,60434151.0,,,,
6615,60416544.0,,,,
1514,60401488.0,,,,
1872,60252817.0,,,,
6068,60250153.0,,,,
5410,60103969.0,,,,
1326,60064759.0,,,,
4248,60026719.0,,,,
3660,59993571.0,,,,
4282,59947798.0,,,,
3047,59794989.0,,,,
4569,59772126.0,,,,
3764,59711263.0,,,,
6124,59690376.0,,,,
6079,59690234.0,,,,
1361,59679304.0,,,,
4274,59669347.0,,,,
6320,59668019.0,,,,
1901,59604965.0,,,,
6643,59599837.0,,,,
6611,59578959.0,,,,
4076,59563719.0,,,,
3950,59547147.0,,,,
4579,59537436.0,,,,
1961,59525050.0,,,,
1452,59495245.0,,,,
4086,59433320.0,,,,
2793,59386936.0,,,,
6196,59331164.0,,,,
5136,59303961.0,,,,
3636,59264406.0,,,,
3664,59224102.0,,,,
1323,59201122.0,,,,
5206,59143784.0,,,,
2690,59120997.0,,,,
5840,59100039.0,,,,
4277,59088672.0,,,,
2048,59079566.0,,,,
5251,59030982.0,,,,
3850,59013194.0,,,,
5113,58995020.0,,,,
1978,58974416.0,,,,
1225,58974283.0,,,,
6451,58966922.0,,,,
820,58933365.0,,,,
3270,58919724.0,,,,
3473,58905422.0,,,,
4185,58845944.0,,,,
6270,58821172.0,,,,
4792,58811611.0,,,,
3479,58760106.0,,,,
4344,58689445.0,,,,
3250,58658055.0,,,,
2514,58582876.0,,,,
3036,58565688.0,,,,
1047,58495100.0,,,,
4247,58464170.0,,,,
1154,58405108.0,,,,
2723,58391304.0,,,,
5610,58298841.0,,,,
5844,58179700.0,,,,
6678,58163916.0,,,,
3805,58149933.0,,,,
5359,58144226.0,,,,
741,58108963.0,,,,
4326,57955435.0,,,,
3158,57857220.0,,,,
3484,57774003.0,,,,
3532,57707599.0,,,,
5036,57700377.0,,,,
6250,57658599.0,,,,
3631,57578905.0,,,,
1465,57534886.0,,,,
6090,57527532.0,,,,
748,57448787.0,,,,
4891,57421724.0,,,,
4837,57397388.0,,,,
3437,57369254.0,,,,
4395,57360859.0,,,,
2948,57252461.0,,,,
4062,57198511.0,,,,
1072,57178804.0,,,,
4598,57178154.0,,,,
6641,57175453.0,,,,
4003,57165169.0,,,,
1817,57103836.0,,,,
3142,57007476.0,,,,
4333,56935228.0,,,,
3755,56929634.0,,,,
3081,56820461.0,,,,
5287,56814094.0,,,,
2988,56768236.0,,,,
1434,56751224.0,,,,
4440,56706875.0,,,,
1036,56587355.0,,,,
1801,56549194.0,,,,
4238,56516349.0,,,,
1588,56511820.0,,,,
3544,56496566.0,,,,
3844,56413156.0,,,,
3377,56369234.0,,,,
6403,56360313.0,,,,
1556,56255019.0,,,,
3848,56245042.0,,,,
2045,56208137.0,,,,
2526,56192281.0,,,,
3447,56180029.0,,,,
4352,56173924.0,,,,
1445,56173710.0,,,,
1479,56133472.0,,,,
4153,56132512.0,,,,
5289,56132186.0,,,,
2923,56018961.0,,,,
5876,56015311.0,,,,
4109,56005867.0,,,,
2890,55978425.0,,,,
4498,55943882.0,,,,
4904,55867026.0,,,,
4822,55756256.0,,,,
2914,55698143.0,,,,
2958,55681633.0,,,,
1751,55672964.0,,,,
5270,55654800.0,,,,
4570,55616390.0,,,,
1387,55320798.0,,,,
4253,55306890.0,,,,
5830,55305796.0,,,,
4289,55297550.0,,,,
3187,55198672.0,,,,
5045,55187923.0,,,,
4872,55076366.0,,,,
4328,55062611.0,,,,
5806,55037017.0,,,,
5035,54992793.0,,,,
1748,54884135.0,,,,
739,54871896.0,,,,
1873,54861510.0,,,,
273,54849483.0,,,,
1818,54746863.0,,,,
6409,54739282.0,,,,
5153,54731483.0,,,,
3795,54679756.0,,,,
2038,54593656.0,,,,
490,54570422.0,,,,
3370,54534206.0,,,,
1244,54529567.0,,,,
2126,54529511.0,,,,
5347,54512691.0,,,,
6143,54488984.0,,,,
3429,54483807.0,,,,
808,54483587.0,,,,
4213,54457014.0,,,,
4735,54432227.0,,,,
969,54401950.0,,,,
6312,54401528.0,,,,
2119,54395774.0,,,,
4325,54379703.0,,,,
1746,54344765.0,,,,
2348,54268176.0,,,,
4108,54256232.0,,,,
6831,54214221.0,,,,
4299,54068066.0,,,,
5033,53938175.0,,,,
2530,53934856.0,,,,
4507,53929351.0,,,,
1943,53776696.0,,,,
5308,53761294.0,,,,
6099,53672627.0,,,,
4246,53572429.0,,,,
5304,53531744.0,,,,
6681,53510937.0,,,,
3246,53510239.0,,,,
6226,53372503.0,,,,
5607,53355434.0,,,,
2471,53351248.0,,,,
5185,53287503.0,,,,
5170,53277989.0,,,,
5105,53263248.0,,,,
2069,53230507.0,,,,
4946,53134535.0,,,,
654,53121454.0,,,,
2677,53116476.0,,,,
5997,53113966.0,,,,
2755,53101596.0,,,,
4256,53093589.0,,,,
1371,53032592.0,,,,
4481,53017024.0,,,,
1976,52992075.0,,,,
1501,52982204.0,,,,
1781,52979652.0,,,,
3443,52948380.0,,,,
2078,52947578.0,,,,
465,52924769.0,,,,
3529,52908269.0,,,,
1526,52864000.0,,,,
496,52847408.0,,,,
1733,52812105.0,,,,
4523,52792778.0,,,,
3910,52759250.0,,,,
6275,52708930.0,,,,
6407,52646490.0,,,,
1812,52640334.0,,,,
1742,52618537.0,,,,
1339,52415272.0,,,,
1433,52358869.0,,,,
4605,52318361.0,,,,
2582,52311541.0,,,,
2967,52232796.0,,,,
3718,52155579.0,,,,
3348,52088015.0,,,,
546,51940486.0,,,,
5292,51888049.0,,,,
4097,51884251.0,,,,
5352,51851819.0,,,,
2395,51823701.0,,,,
1498,51788908.0,,,,
1079,51766153.0,,,,
1947,51591673.0,,,,
2653,51581255.0,,,,
695,51508911.0,,,,
1832,51504297.0,,,,
3438,51496622.0,,,,
2531,51494299.0,,,,
1483,51442071.0,,,,
5872,51370019.0,,,,
545,51351294.0,,,,
1141,51240058.0,,,,
4339,51229309.0,,,,
6120,51224522.0,,,,
3087,51176087.0,,,,
4548,51083960.0,,,,
3947,51020115.0,,,,
306,50988036.0,,,,
5802,50960166.0,,,,
1737,50944495.0,,,,
5233,50898391.0,,,,
6814,50885242.0,,,,
5833,50851369.0,,,,
3294,50830928.0,,,,
5024,50827935.0,,,,
4496,50816437.0,,,,
3508,50728263.0,,,,
1819,50726398.0,,,,
3518,50712172.0,,,,
2024,50672109.0,,,,
3086,50633111.0,,,,
5843,50610897.0,,,,
6654,50578085.0,,,,
4147,50450058.0,,,,
1467,50448870.0,,,,
5182,50264844.0,,,,
4637,50260361.0,,,,
6235,50226377.0,,,,
730,50167385.0,,,,
5040,50078708.0,,,,
5115,50071952.0,,,,
5831,50022225.0,,,,
3584,50020412.0,,,,
3167,50020240.0,,,,
5120,49886976.0,,,,
2839,49858468.0,,,,
1404,49840564.0,,,,
1956,49787870.0,,,,
6461,49763779.0,,,,
1149,49760014.0,,,,
5363,49748641.0,,,,
6208,49726022.0,,,,
5882,49713497.0,,,,
5321,49623517.0,,,,
6404,49592019.0,,,,
1391,49563050.0,,,,
5348,49483780.0,,,,
2783,49421424.0,,,,
5999,49383971.0,,,,
5112,49375464.0,,,,
2355,49333837.0,,,,
2361,49286948.0,,,,
1029,49271637.0,,,,
531,49254241.0,,,,
3161,49252775.0,,,,
5326,49234483.0,,,,
5179,49231074.0,,,,
4425,49222131.0,,,,
4476,49197338.0,,,,
1953,49195994.0,,,,
1755,49141116.0,,,,
1992,49133540.0,,,,
2276,49129940.0,,,,
1787,49033480.0,,,,
1508,48924788.0,,,,
5372,48921136.0,,,,
1176,48887651.0,,,,
2748,48782557.0,,,,
3254,48733427.0,,,,
1424,48715974.0,,,,
4142,48678168.0,,,,
1466,48653079.0,,,,
1972,48604485.0,,,,
4980,48571517.0,,,,
5603,48557287.0,,,,
6144,48553899.0,,,,
898,48550058.0,,,,
1511,48508823.0,,,,
229,48501160.0,,,,
1342,48453394.0,,,,
2380,48389002.0,,,,
4960,48255698.0,,,,
4825,48171725.0,,,,
1851,48155878.0,,,,
2547,48118621.0,,,,
5127,48117696.0,,,,
1457,48084239.0,,,,
5446,48038593.0,,,,
4835,47998946.0,,,,
1706,47988039.0,,,,
32035,47976272.0,,,,
1784,47965831.0,,,,
4846,47928606.0,,,,
5067,47910737.0,,,,
5032,47846575.0,,,,
6197,47825451.0,,,,
5399,47807782.0,,,,
2079,47598262.0,,,,
4244,47591754.0,,,,
3989,47554871.0,,,,
4284,47503012.0,,,,
1971,47497968.0,,,,
5084,47484048.0,,,,
1599,47476109.0,,,,
4501,47457474.0,,,,
4924,47405802.0,,,,
6811,47365880.0,,,,
5847,47195217.0,,,,
3096,47144976.0,,,,
1798,47009754.0,,,,
3461,47000988.0,,,,
5390,46996138.0,,,,
4322,46835657.0,,,,
1043,46835338.0,,,,
1493,46818156.0,,,,
1169,46816071.0,,,,
2757,46656286.0,,,,
6803,46610662.0,,,,
780,46518238.0,,,,
2386,46505558.0,,,,
2202,46388873.0,,,,
1377,46316396.0,,,,
3796,46307718.0,,,,
4287,46278005.0,,,,
1431,46276344.0,,,,
32039,46272706.0,,,,
3404,46258964.0,,,,
6677,46247529.0,,,,
6070,46189738.0,,,,
6313,46142812.0,,,,
5001,46114735.0,,,,
2081,46013489.0,,,,
4208,45973216.0,,,,
6035,45896096.0,,,,
5108,45894781.0,,,,
2784,45816065.0,,,,
1559,45782191.0,,,,
1752,45717254.0,,,,
5811,45702888.0,,,,
6649,45657991.0,,,,
6421,45638261.0,,,,
5130,45600656.0,,,,
5448,45541937.0,,,,
1327,45455123.0,,,,
1177,45452580.0,,,,
3284,45434940.0,,,,
2517,45351530.0,,,,
1432,45311143.0,,,,
406,45187830.0,,,,
1347,45165543.0,,,,
5355,45109301.0,,,,
3800,45078546.0,,,,
5099,45033910.0,,,,
2703,44976866.0,,,,
5041,44934794.0,,,,
740,44892676.0,,,,
1487,44873492.0,,,,
1763,44818266.0,,,,
1053,44782493.0,,,,
573,44685004.0,,,,
5335,44650968.0,,,,
5812,44625014.0,,,,
2082,44583039.0,,,,
6218,44527108.0,,,,
5241,44496174.0,,,,
5140,44423883.0,,,,
3283,44422041.0,,,,
2135,44389260.0,,,,
2976,44383047.0,,,,
1828,44366368.0,,,,
2250,44362760.0,,,,
5853,44339974.0,,,,
5216,44309199.0,,,,
1142,44308247.0,,,,
5081,44298283.0,,,,
1299,44283573.0,,,,
1191,44269902.0,,,,
6400,44252543.0,,,,
3546,44196220.0,,,,
2472,44130183.0,,,,
1732,44052559.0,,,,
3331,44011318.0,,,,
3713,43978972.0,,,,
5437,43731055.0,,,,
4627,43667603.0,,,,
6158,43656994.0,,,,
6146,43637381.0,,,,
5423,43624624.0,,,,
6801,43596795.0,,,,
908,43499921.0,,,,
3288,43491710.0,,,,
1480,43428316.0,,,,
385,43346030.0,,,,
1899,43224650.0,,,,
1160,43221303.0,,,,
315,43216887.0,,,,
817,43200671.0,,,,
5231,43126158.0,,,,
5904,43097135.0,,,,
5012,42926606.0,,,,
4422,42885904.0,,,,
3321,42799280.0,,,,
1069,42734772.0,,,,
1365,42727847.0,,,,
5142,42700038.0,,,,
1188,42690550.0,,,,
2754,42684732.0,,,,
6645,42680967.0,,,,
3295,42612545.0,,,,
3287,42603801.0,,,,
985,42602283.0,,,,
6149,42593600.0,,,,
1725,42588249.0,,,,
4887,42556390.0,,,,
988,42534706.0,,,,
5334,42429263.0,,,,
2233,42397836.0,,,,
1889,42340859.0,,,,
4898,42338192.0,,,,
6411,42319744.0,,,,
2742,42269986.0,,,,
5937,42252567.0,,,,
1097,42200530.0,,,,
5959,42141352.0,,,,
6690,42059953.0,,,,
1836,42040205.0,,,,
2037,41981051.0,,,,
643,41931520.0,,,,
4869,41852108.0,,,,
3446,41830139.0,,,,
3543,41818555.0,,,,
3289,41770951.0,,,,
571,41736049.0,,,,
1581,41710180.0,,,,
4718,41641748.0,,,,
1226,41635939.0,,,,
1986,41596292.0,,,,
5365,41555916.0,,,,
461,41496977.0,,,,
1797,41463543.0,,,,
3768,41424501.0,,,,
2246,41384399.0,,,,
3014,41348538.0,,,,
2097,41313776.0,,,,
4589,41214116.0,,,,
2064,41173110.0,,,,
1805,41092953.0,,,,
1785,41020887.0,,,,
6810,40960713.0,,,,
5266,40958415.0,,,,
2888,40956399.0,,,,
3241,40948209.0,,,,
6614,40942918.0,,,,
1962,40900261.0,,,,
5330,40864738.0,,,,
5322,40858585.0,,,,
4732,40776504.0,,,,
1439,40769724.0,,,,
3665,40767708.0,,,,
1478,40766327.0,,,,
823,40699037.0,,,,
2269,40521556.0,,,,
5168,40471888.0,,,,
3962,40420946.0,,,,
1726,40325321.0,,,,
3164,40259151.0,,,,
1809,40230947.0,,,,
5232,40212733.0,,,,
1722,40196855.0,,,,
1745,40140300.0,,,,
4429,40130926.0,,,,
6283,40085971.0,,,,
1516,40028819.0,,,,
1204,39901288.0,,,,
5905,39871292.0,,,,
4695,39795938.0,,,,
1034,39756757.0,,,,
904,39740142.0,,,,
1952,39737389.0,,,,
316,39713380.0,,,,
2980,39690956.0,,,,
2382,39620973.0,,,,
4096,39573278.0,,,,
6018,39548262.0,,,,
1448,39533512.0,,,,
1738,39437252.0,,,,
5417,39365417.0,,,,
5044,39306663.0,,,,
294,39177851.0,,,,
5336,39101981.0,,,,
2957,38938303.0,,,,
5354,38925251.0,,,,
5030,38863502.0,,,,
4940,38850752.0,,,,
5053,38825093.0,,,,
2366,38817142.0,,,,
1780,38816346.0,,,,
5123,38780881.0,,,,
2693,38748614.0,,,,
245,38726268.0,,,,
5857,38707727.0,,,,
4428,38694514.0,,,,
6003,38656779.0,,,,
2486,38627474.0,,,,
5169,38609252.0,,,,
3186,38471410.0,,,,
5827,38437335.0,,,,
4077,38437111.0,,,,
5027,38371890.0,,,,
6002,38303282.0,,,,
1569,38280589.0,,,,
3531,37997289.0,,,,
32051,37992861.0,,,,
5415,37960900.0,,,,
4830,37906346.0,,,,
1800,37900913.0,,,,
2490,37824856.0,,,,
1775,37765460.0,,,,
160,37651705.0,,,,
6634,37618769.0,,,,
4261,37578727.0,,,,
3627,37551858.0,,,,
2577,37499789.0,,,,
6225,37480791.0,,,,
1983,37399862.0,,,,
5862,37394533.0,,,,
4245,37391910.0,,,,
3967,37383601.0,,,,
5385,37320224.0,,,,
1904,37318302.0,,,,
2643,37298584.0,,,,
8520,37262347.0,,,,
3775,37151197.0,,,,
1890,37122368.0,,,,
6151,37048739.0,,,,
5293,37015117.0,,,,
2035,37001109.0,,,,
5939,36982826.0,,,,
2224,36864636.0,,,,
4515,36757679.0,,,,
4591,36552047.0,,,,
3466,36505843.0,,,,
2951,36396167.0,,,,
1266,36395087.0,,,,
3794,36273041.0,,,,
4420,36242550.0,,,,
5412,36222820.0,,,,
1380,36204928.0,,,,
5459,36147613.0,,,,
3033,36142673.0,,,,
3292,36112109.0,,,,
2913,36006498.0,,,,
3834,35997224.0,,,,
5447,35948894.0,,,,
4161,35754050.0,,,,
6066,35751766.0,,,,
5376,35708756.0,,,,
1731,35707104.0,,,,
1429,35695735.0,,,,
1028,35691342.0,,,,
3011,35657101.0,,,,
6271,35632419.0,,,,
6302,35605026.0,,,,
3961,35538275.0,,,,
3155,35537604.0,,,,
6308,35508648.0,,,,
6701,35467008.0,,,,
3296,35459137.0,,,,
6655,35371471.0,,,,
5863,35242367.0,,,,
568,35237741.0,,,,
4259,35166273.0,,,,
4798,35130497.0,,,,
3403,35115716.0,,,,
6341,35107084.0,,,,
2691,35033847.0,,,,
32080,34907724.0,,,,
2236,34886182.0,,,,
2073,34884718.0,,,,
1364,34786386.0,,,,
6069,34783156.0,,,,
1881,34693370.0,,,,
653,34678956.0,,,,
3872,34587723.0,,,,
1929,34538048.0,,,,
2279,34478543.0,,,,
694,34474471.0,,,,
4634,34441971.0,,,,
5416,34415154.0,,,,
3416,34387673.0,,,,
2253,34357735.0,,,,
6657,34357681.0,,,,
5609,34350865.0,,,,
2242,34337741.0,,,,
5380,34107868.0,,,,
2177,34100543.0,,,,
2137,33971176.0,,,,
2369,33929147.0,,,,
1740,33892150.0,,,,
4578,33888095.0,,,,
1927,33886819.0,,,,
1846,33879548.0,,,,
5028,33863522.0,,,,
5985,33857219.0,,,,
5835,33847143.0,,,,
1892,33774039.0,,,,
4608,33734215.0,,,,
3467,33725495.0,,,,
5661,33689251.0,,,,
3894,33650699.0,,,,
4511,33632937.0,,,,
3188,33599488.0,,,,
1795,33567490.0,,,,
2030,33492193.0,,,,
5395,33465287.0,,,,
955,33393399.0,,,,
3157,33270287.0,,,,
4133,33223238.0,,,,
3494,33214753.0,,,,
4922,33045484.0,,,,
3040,33039050.0,,,,
5481,33011983.0,,,,
6805,32977354.0,,,,
2231,32912141.0,,,,
6017,32908898.0,,,,
2375,32906594.0,,,,
1966,32875090.0,,,,
5864,32851954.0,,,,
5471,32712651.0,,,,
2089,32665503.0,,,,
4163,32582171.0,,,,
1807,32463282.0,,,,
4587,32451579.0,,,,
1024,32434727.0,,,,
1935,32417377.0,,,,
4926,32373041.0,,,,
5942,32365276.0,,,,
644,32339836.0,,,,
6601,32328771.0,,,,
32002,32325395.0,,,,
32076,32290950.0,,,,
5175,32240077.0,,,,
3184,32068772.0,,,,
6301,32058162.0,,,,
1422,32015940.0,,,,
1486,31932986.0,,,,
1521,31923277.0,,,,
3895,31888317.0,,,,
2387,31819908.0,,,,
4276,31797651.0,,,,
3436,31684336.0,,,,
5110,31594285.0,,,,
6671,31493027.0,,,,
1586,31308783.0,,,,
2488,31249737.0,,,,
2016,31161118.0,,,,
2931,31126424.0,,,,
4894,31037590.0,,,,
3973,31012723.0,,,,
1880,30836339.0,,,,
5611,30835069.0,,,,
6221,30686721.0,,,,
1864,30609142.0,,,,
2141,30316815.0,,,,
2268,30313495.0,,,,
5884,30311694.0,,,,
6672,30305446.0,,,,
2062,30295535.0,,,,
1816,30212431.0,,,,
1213,30132789.0,,,,
1767,30130531.0,,,,
6652,30129244.0,,,,
3629,30081544.0,,,,
3491,30075041.0,,,,
1214,30045633.0,,,,
1799,29991541.0,,,,
1159,29957968.0,,,,
6405,29951421.0,,,,
6102,29933787.0,,,,
6267,29921590.0,,,,
5360,29859765.0,,,,
289,29810439.0,,,,
5470,29796660.0,,,,
6145,29592318.0,,,,
1405,29581380.0,,,,
6824,29542650.0,,,,
6034,29457978.0,,,,
1472,29429312.0,,,,
3202,29390145.0,,,,
3205,29256582.0,,,,
5082,29152470.0,,,,
2377,29052590.0,,,,
1328,28928935.0,,,,
2065,28922277.0,,,,
1440,28861727.0,,,,
1718,28815001.0,,,,
4889,28805664.0,,,,
2916,28775597.0,,,,
5662,28752278.0,,,,
2492,28555149.0,,,,
6679,28499164.0,,,,
5848,28480169.0,,,,
2979,28382742.0,,,,
5034,28283981.0,,,,
5401,28164903.0,,,,
5364,28157416.0,,,,
5858,28076165.0,,,,
2620,28060071.0,,,,
1802,28057052.0,,,,
679,28028932.0,,,,
5343,28001207.0,,,,
1803,27997385.0,,,,
5841,27992853.0,,,,
1470,27958729.0,,,,
5327,27937317.0,,,,
5480,27927009.0,,,,
6067,27917794.0,,,,
3097,27844994.0,,,,
3490,27804626.0,,,,
2093,27785468.0,,,,
1515,27591015.0,,,,
32000,27482875.0,,,,
2346,27476257.0,,,,
5854,27444953.0,,,,
1997,27422409.0,,,,
4137,27419455.0,,,,
2047,27417787.0,,,,
2220,27382984.0,,,,
5402,27286768.0,,,,
5845,27275535.0,,,,
5349,27152228.0,,,,
1936,27032746.0,,,,
5418,26779736.0,,,,
6665,26605421.0,,,,
5434,26603536.0,,,,
6065,26593268.0,,,,
5458,26553989.0,,,,
1988,26467680.0,,,,
1441,26451253.0,,,,
3082,26445611.0,,,,
5025,26380720.0,,,,
1572,26351754.0,,,,
1550,26347106.0,,,,
4209,26346257.0,,,,
5195,26342557.0,,,,
32055,26332876.0,,,,
4394,26304059.0,,,,
3038,26297790.0,,,,
2259,26262894.0,,,,
2999,26190588.0,,,,
32050,26179693.0,,,,
6137,26135693.0,,,,
1584,26111987.0,,,,
3822,26104428.0,,,,
4555,26103782.0,,,,
32037,26041280.0,,,,
5469,25947798.0,,,,
5839,25920827.0,,,,
2087,25919013.0,,,,
5463,25909950.0,,,,
6311,25903984.0,,,,
2085,25888287.0,,,,
4512,25751718.0,,,,
3323,25709051.0,,,,
2697,25685606.0,,,,
2497,25634610.0,,,,
2123,25610943.0,,,,
4917,25557360.0,,,,
5229,25501594.0,,,,
1754,25449002.0,,,,
6816,25380832.0,,,,
1741,25309746.0,,,,
5814,25265159.0,,,,
2136,25203942.0,,,,
4571,25146092.0,,,,
1958,25104256.0,,,,
32066,25090891.0,,,,
32003,25049792.0,,,,
2260,25043727.0,,,,
1852,25006431.0,,,,
154,24864796.0,,,,
32117,24858526.0,,,,
2837,24808273.0,,,,
5424,24725851.0,,,,
1307,24630351.0,,,,
5462,24629382.0,,,,
32119,24626238.0,,,,
658,24608025.0,,,,
1824,24579213.0,,,,
6823,24477690.0,,,,
2122,24435023.0,,,,
4106,24408834.0,,,,
2090,24389598.0,,,,
5397,24341521.0,,,,
5294,24280600.0,,,,
6809,24276939.0,,,,
5386,24225709.0,,,,
1435,24176136.0,,,,
6825,23980332.0,,,,
763,23959034.0,,,,
6330,23912873.0,,,,
2291,23883812.0,,,,
3367,23869160.0,,,,
5109,23861398.0,,,,
2244,23828744.0,,,,
32044,23682616.0,,,,
32112,23673453.0,,,,
5936,23621140.0,,,,
5097,23619720.0,,,,
1219,23582272.0,,,,
6676,23556943.0,,,,
5846,23528416.0,,,,
5181,23395802.0,,,,
32125,23387291.0,,,,
2536,23285039.0,,,,
5851,23264333.0,,,,
2067,23226862.0,,,,
1941,23179647.0,,,,
6647,23059437.0,,,,
4227,22904077.0,,,,
6310,22897435.0,,,,
1449,22840403.0,,,,
1381,22733109.0,,,,
5460,22694496.0,,,,
2264,22600903.0,,,,
1928,22564183.0,,,,
5382,22552068.0,,,,
1474,22532646.0,,,,
3394,22428121.0,,,,
5901,22410719.0,,,,
1979,22366325.0,,,,
1577,22298597.0,,,,
6219,22297338.0,,,,
3575,22295126.0,,,,
1813,22274961.0,,,,
1967,22198875.0,,,,
2997,21968673.0,,,,
5935,21912062.0,,,,
3666,21842718.0,,,,
2273,21682898.0,,,,
6830,21646234.0,,,,
1409,21466245.0,,,,
1482,21367513.0,,,,
2139,21352948.0,,,,
32115,21347851.0,,,,
3410,21346276.0,,,,
1939,21168592.0,,,,
5413,21114810.0,,,,
1421,21044082.0,,,,
689,21041942.0,,,,
3152,21035381.0,,,,
4893,20983495.0,,,,
32020,20855743.0,,,,
1930,20828082.0,,,,
1866,20805610.0,,,,
6724,20794991.0,,,,
6306,20773204.0,,,,
1887,20714309.0,,,,
5377,20678143.0,,,,
1957,20592747.0,,,,
3649,20556648.0,,,,
6148,20460150.0,,,,
4120,20394456.0,,,,
5340,20327113.0,,,,
1835,20312478.0,,,,
3135,20306200.0,,,,
32022,20266249.0,,,,
32023,20223569.0,,,,
2116,20190989.0,,,,
526,20190442.0,,,,
5482,20163726.0,,,,
2144,20116796.0,,,,
1734,20033496.0,,,,
1258,19881726.0,,,,
949,19757406.0,,,,
32054,19735804.0,,,,
6142,19719431.0,,,,
2383,19711018.0,,,,
4229,19689501.0,,,,
5381,19670369.0,,,,
32052,19632854.0,,,,
2223,19558662.0,,,,
2239,19497548.0,,,,
32012,19363793.0,,,,
5441,19231880.0,,,,
5411,19179269.0,,,,
5975,19113782.0,,,,
5362,18967254.0,,,,
1484,18954719.0,,,,
5443,18934529.0,,,,
1158,18920239.0,,,,
3286,18913496.0,,,,
1496,18883217.0,,,,
973,18826079.0,,,,
5152,18782587.0,,,,
5461,18768236.0,,,,
5440,18735408.0,,,,
5658,18709964.0,,,,
5836,18517303.0,,,,
2389,18513649.0,,,,
32096,18503073.0,,,,
5425,18392973.0,,,,
2131,18329715.0,,,,
1762,18216887.0,,,,
32049,18206485.0,,,,
2221,18067917.0,,,,
1837,18006631.0,,,,
3586,17977875.0,,,,
6004,17969467.0,,,,
2072,17931651.0,,,,
1964,17923276.0,,,,
1557,17916868.0,,,,
5427,17913833.0,,,,
5150,17897580.0,,,,
5663,17872781.0,,,,
1227,17706822.0,,,,
2237,17593956.0,,,,
1825,17545499.0,,,,
5834,17389771.0,,,,
1481,17298763.0,,,,
1491,17183735.0,,,,
1860,17150085.0,,,,
5420,17122059.0,,,,
627,17118940.0,,,,
5442,17069753.0,,,,
1868,17032999.0,,,,
4547,16983881.0,,,,
2074,16965396.0,,,,
5383,16961006.0,,,,
3326,16922307.0,,,,
5171,16855192.0,,,,
2257,16846434.0,,,,
1954,16836867.0,,,,
4572,16825029.0,,,,
32005,16799290.0,,,,
1970,16756347.0,,,,
1263,16690559.0,,,,
5396,16673853.0,,,,
1770,16616365.0,,,,
6664,16589403.0,,,,
5474,16500091.0,,,,
4596,16493037.0,,,,
3463,16456175.0,,,,
6340,16369257.0,,,,
3211,16264257.0,,,,
2132,16191119.0,,,,
1444,16176426.0,,,,
5454,16081240.0,,,,
5187,16074445.0,,,,
2363,16059902.0,,,,
2372,15982325.0,,,,
5813,15911499.0,,,,
1831,15892456.0,,,,
1854,15848578.0,,,,
5414,15730566.0,,,,
6600,15624161.0,,,,
3836,15619804.0,,,,
5432,15490177.0,,,,
2117,15414007.0,,,,
5422,15338775.0,,,,
3477,15308324.0,,,,
32132,15301119.0,,,,
349,15203984.0,,,,
1834,15202453.0,,,,
5373,15148113.0,,,,
5369,15082137.0,,,,
4908,15052733.0,,,,
32046,14997352.0,,,,
2261,14888086.0,,,,
6064,14848632.0,,,,
3672,14832783.0,,,,
32018,14790900.0,,,,
1827,14783861.0,,,,
6047,14760758.0,,,,
6268,14712008.0,,,,
5837,14710897.0,,,,
2283,14444677.0,,,,
6072,14321591.0,,,,
5436,14295886.0,,,,
589,14221139.0,,,,
5852,14051683.0,,,,
5444,14046101.0,,,,
2790,13990194.0,,,,
6071,13975360.0,,,,
32072,13843247.0,,,,
4690,13738406.0,,,,
1969,13665393.0,,,,
3869,13660636.0,,,,
5438,13623003.0,,,,
32188,13575286.0,,,,
5451,13533670.0,,,,
5476,13526052.0,,,,
1771,13483897.0,,,,
1473,13443755.0,,,,
1571,13425911.0,,,,
4546,13385982.0,,,,
523,13268371.0,,,,
32111,13170966.0,,,,
3628,13164617.0,,,,
2130,13124909.0,,,,
5466,13068896.0,,,,
3276,13036336.0,,,,
32131,12990329.0,,,,
1414,12764809.0,,,,
1874,12761296.0,,,,
1853,12751778.0,,,,
32138,12701413.0,,,,
1867,12541504.0,,,,
2032,12534674.0,,,,
1582,12523698.0,,,,
2262,12419755.0,,,,
1804,12305864.0,,,,
5868,12261258.0,,,,
2128,12235536.0,,,,
2374,12203696.0,,,,
1552,12202321.0,,,,
5861,12185388.0,,,,
2473,12153884.0,,,,
5449,12013995.0,,,,
1863,11999732.0,,,,
2031,11976032.0,,,,
3046,11956391.0,,,,
32009,11938692.0,,,,
5375,11845788.0,,,,
2243,11806292.0,,,,
1811,11774288.0,,,,
2373,11759483.0,,,,
1348,11581623.0,,,,
32024,11446943.0,,,,
4592,11431785.0,,,,
2995,11427581.0,,,,
2230,11427511.0,,,,
4452,11395418.0,,,,
1995,11359778.0,,,,
1987,11312342.0,,,,
5430,11290798.0,,,,
2098,11235969.0,,,,
32176,11234242.0,,,,
4529,11226490.0,,,,
5378,11130215.0,,,,
32154,11081207.0,,,,
32062,11062237.0,,,,
3045,11016081.0,,,,
32006,10991758.0,,,,
1847,10981788.0,,,,
6244,10889639.0,,,,
2362,10882808.0,,,,
2278,10881878.0,,,,
6052,10843483.0,,,,
1300,10734408.0,,,,
2285,10732793.0,,,,
4607,10699573.0,,,,
3865,10578278.0,,,,
6406,10543605.0,,,,
2247,10497425.0,,,,
2248,10461875.0,,,,
3623,10433640.0,,,,
1965,10417532.0,,,,
6247,10391137.0,,,,
1991,10342642.0,,,,
5499,10218599.0,,,,
3470,10095255.0,,,,
1492,9989621.0,,,,
5986,9945228.0,,,,
2227,9914458.0,,,,
1875,9910422.0,,,,
2477,9858159.0,,,,
4609,9816598.0,,,,
4604,9812110.0,,,,
32159,9635738.0,,,,
1495,9462569.0,,,,
1871,9367140.0,,,,
5374,9306681.0,,,,
6610,9294865.0,,,,
32097,9279451.0,,,,
2192,9241430.0,,,,
32094,9231390.0,,,,
5452,9146528.0,,,,
32007,9114047.0,,,,
32160,9111814.0,,,,
2121,9097661.0,,,,
5429,9086445.0,,,,
4588,9029414.0,,,,
32048,9009820.0,,,,
32148,8990621.0,,,,
32156,8905878.0,,,,
32155,8833587.0,,,,
32074,8609584.0,,,,
1975,8557031.0,,,,
4586,8517696.0,,,,
6053,8480944.0,,,,
32025,8424973.0,,,,
4302,8423485.0,,,,
32053,8364964.0,,,,
5874,8315421.0,,,,
3369,8229730.0,,,,
6723,8223622.0,,,,
1469,8077020.0,,,,
4568,8049631.0,,,,
5453,8024251.0,,,,
2288,7982892.0,,,,
1888,7865049.0,,,,
4590,7840956.0,,,,
5870,7768753.0,,,,
32108,7752827.0,,,,
2086,7685611.0,,,,
32088,7667483.0,,,,
2917,7641189.0,,,,
1977,7592759.0,,,,
3277,7589722.0,,,,
32268,7548670.0,,,,
5940,7508599.0,,,,
6048,7475637.0,,,,
3282,7475618.0,,,,
2915,7371001.0,,,,
2234,7333562.0,,,,
2360,7172178.0,,,,
5486,7021168.0,,,,
4875,7002145.0,,,,
2476,6926527.0,,,,
3275,6917869.0,,,,
32100,6900494.0,,,,
7047,6889240.0,,,,
404,6878462.0,,,,
32027,6830249.0,,,,
7664,6646311.0,,,,
2533,6583804.0,,,,
6648,6561931.0,,,,
5865,6517058.0,,,,
32045,6469572.0,,,,
2367,6430622.0,,,,
6249,6424316.0,,,,
32064,6390889.0,,,,
1869,6246328.0,,,,
5445,6178190.0,,,,
6350,6166625.0,,,,
2911,6120243.0,,,,
32133,6105477.0,,,,
2359,6063112.0,,,,
32178,6059798.0,,,,
6096,6026731.0,,,,
5494,5913388.0,,,,
2364,5897848.0,,,,
3278,5848556.0,,,,
32191,5841894.0,,,,
2196,5790822.0,,,,
32146,5754157.0,,,,
1587,5750299.0,,,,
6705,5734467.0,,,,
32026,5692280.0,,,,
8521,5656625.0,,,,
32104,5625144.0,,,,
1877,5591572.0,,,,
5433,5545611.0,,,,
1848,5522100.0,,,,
5426,5478571.0,,,,
5455,5411291.0,,,,
32079,5400070.0,,,,
2015,5365173.0,,,,
5467,5277503.0,,,,
1878,5011683.0,,,,
32070,4986175.0,,,,
5478,4942982.0,,,,
5871,4935673.0,,,,
1546,4908018.0,,,,
7050,4853520.0,,,,
5485,4824317.0,,,,
4603,4806325.0,,,,
1216,4725592.0,,,,
6360,4707344.0,,,,
32152,4705076.0,,,,
4177,4674887.0,,,,
2371,4639843.0,,,,
5261,4616034.0,,,,
6644,4613569.0,,,,
4877,4612247.0,,,,
1948,4581344.0,,,,
1838,4570430.0,,,,
4316,4569647.0,,,,
1949,4551006.0,,,,
32139,4489771.0,,,,
4876,4474162.0,,,,
5398,4450804.0,,,,
5867,4442072.0,,,,
5439,4373880.0,,,,
32067,4372575.0,,,,
2241,4293012.0,,,,
2388,4184367.0,,,,
6318,4101981.0,,,,
2284,4052137.0,,,,
6199,4026631.0,,,,
1963,4014204.0,,,,
2232,3794771.0,,,,
2281,3739291.0,,,,
32016,3567389.0,,,,
32143,3527273.0,,,,
6155,3488173.0,,,,
1417,3435592.0,,,,
2263,3386714.0,,,,
5475,3374256.0,,,,
2129,3366423.0,,,,
32183,3357731.0,,,,
5500,3343413.0,,,,
6222,3207246.0,,,,
32149,3168679.0,,,,
32082,3048590.0,,,,
32123,3008872.0,,,,
2294,2987850.0,,,,
2266,2951098.0,,,,
32134,2938909.0,,,,
3458,2845526.0,,,,
1857,2821420.0,,,,
32203,2756774.0,,,,
32249,2716853.0,,,,
6352,2443915.0,,,,
32019,2440148.0,,,,
1703,2373194.0,,,,
3430,2319926.0,,,,
6651,2293787.0,,,,
1829,2099407.0,,,,
2095,2062280.0,,,,
3328,2055381.0,,,,
32075,2050232.0,,,,
32010,2001962.0,,,,
2080,1952869.0,,,,
32233,1915249.0,,,,
6246,1874106.0,,,,
7667,1870507.0,,,,
32058,1785898.0,,,,
1968,1781058.0,,,,
7662,1672773.0,,,,
32041,1534698.0,,,,
4918,1454246.0,,,,
2286,1447536.0,,,,
2532,1405161.0,,,,
32106,1272829.0,,,,
32043,1236152.0,,,,
1360,1234803.0,,,,
2267,1220719.0,,,,
3156,1218523.0,,,,
32194,1173296.0,,,,
32105,1150685.0,,,,
32177,1139120.0,,,,
2392,1090921.0,,,,
32197,1069407.0,,,,
32073,1023614.0,,,,
2124,1000739.0,,,,
32102,941165.0,,,,
32282,864490.0,,,,
2091,827622.0,,,,
3743,783697.0,,,,
32182,777904.0,,,,
2275,681575.0,,,,
32101,615013.0,,,,
3464,566062.0,,,,
2240,546914.0,,,,
3366,530119.0,,,,
6620,476155.0,,,,
32042,447443.0,,,,
7987,322435.0,,,,
6248,286650.0,,,,
4708,270071.0,,,,
4705,192126.0,,,,
32110,148115.0,,,,
32057,134572.0,,,,
32202,132206.0,,,,
3492,117563.0,,,,
534,108185.0,,,,
1591,88260.0,,,,
32151,71274.0,,,,
7232,70336.0,,,,
5101,66580.0,,,,
1314,46972.0,,,,
32223,41267.0,,,,
32040,40149.0,,,,
388,39514.0,,,,
443,35188.0,,,,
3978,34916.0,,,,
553,34669.0,,,,
7233,32778.0,,,,
1137,32523.0,,,,
32186,30011.0,,,,
3944,22171.0,,,,
2990,21336.0,,,,
4683,19033.0,,,,
193,18991.0,,,,
5855,18945.0,,,,
7231,17003.0,,,,
6266,16432.0,,,,
2777,15896.0,,,,
1538,14745.0,,,,
1574,11782.0,,,,
1543,10147.0,,,,
3359,9887.0,,,,
1756,8061.0,,,,
3847,7106.0,,,,
32059,6850.0,,,,
7230,6194.0,,,,
872,4192.0,,,,
1110,3999.0,,,,
4508,2904.0,,,,
2689,2420.0,,,,
6633,734.0,,,,
684,671.0,,,,
462,563.0,,,,
2977,558.0,,,,
2066,538.0,,,,
4056,378.0,,,,
4714,350.0,,,,
477,269.0,,,,
2051,257.0,,,,
5183,208.0,,,,
3031,196.0,,,,
484,175.0,,,,
3100,149.0,,,,
3630,148.0,,,,
4631,146.0,,,,
4058,132.0,,,,
580,104.0,,,,
4693,100.0,,,,
4642,68.0,,,,
4623,68.0,,,,
3958,60.0,,,,
4069,43.0,,,,
3029,38.0,,,,
3512,25.0,,,,
688,24.0,,,,
1709,20.0,,,,
4673,20.0,,,,
3517,15.0,,,,
3103,14.0,,,,
452,13.0,,,,
772,12.0,,,,
4619,10.0,,,,
485,10.0,,,,
470,9.0,,,,
3932,8.0,,,,
4127,7.0,,,,
4663,5.0,,,,
475,5.0,,,,
471,5.0,,,,
4195,4.0,,,,
3140,2.0,,,,
350,2.0,,,,
486,2.0,,,,
4100,2.0,,,,
468,2.0,,,,
1727,0.0,,,,
1468,0.0,,,,
21752,0.0,,,,
3724,0.0,,,,
1955,0.0,,,,
5337,0.0,,,,
1996,0.0,,,,
9901,0.0,,,,
15655,0.0,,,,
1876,0.0,,,,
10526,0.0,,,,
-30281,0.0,,,,
-30193,0.0,,,,
-30197,0.0,,,,
-30214,0.0,,,,
-30245,0.0,,,,
-30249,0.0,,,,
-30254,0.0,,,,
-30260,0.0,,,,
940,0.0,,,,
-30294,0.0,,,,
-32210,0.0,,,,
10400,0.0,,,,
1994,0.0,,,,
2,0.0,,,,
5958,0.0,,,,
2370,0.0,,,,
1934,0.0,,,,
5465,0.0,,,,
2761,0.0,,,,
2844,0.0,,,,
6978,0.0,,,,
12177,0.0,,,,
2470,0.0,,,,
24426,0.0,,,,
32400,0.0,,,,
2165,0.0,,,,
15935,0.0,,,,
16302,0.0,,,,
16311,0.0,,,,
2767,0.0,,,,
11168,0.0,,,,
11167,0.0,,,,
32017,0.0,,,,
632,0.0,,,,
15001,0.0,,,,
4312,0.0,,,,
45214,0.0,,,,
13662,0.0,,,,
2851,0.0,,,,
14107,0.0,,,,
14406,0.0,,,,
2589,0.0,,,,
10973,0.0,,,,
4993,0.0,,,,
673,0.0,,,,
15175,0.0,,,,
4099,0.0,,,,
42119,0.0,,,,
4157,0.0,,,,
6314,0.0,,,,
11230,0.0,,,,
11214,0.0,,,,
42126,0.0,,,,
4860,0.0,,,,
4194,0.0,,,,
42118,0.0,,,,
7538,0.0,,,,
11159,0.0,,,,
32001,0.0,,,,
10985,0.0,,,,
10988,0.0,,,,
797,0.0,,,,
4958,0.0,,,,
625,0.0,,,,
13672,0.0,,,,
9902,0.0,,,,
-30154,0.0,,,,
-30156,0.0,,,,
-30155,0.0,,,,
3866,0.0,,,,
2077,0.0,,,,
3153,0.0,,,,
1850,0.0,,,,
4941,0.0,,,,
6234,0.0,,,,
2884,0.0,,,,
2258,0.0,,,,
-30151,0.0,,,,
23091,0.0,,,,
23269,0.0,,,,
3723,0.0,,,,
6674,0.0,,,,
2810,0.0,,,,
-30122,0.0,,,,
-30138,0.0,,,,
6703,0.0,,,,
13253,0.0,,,,
13252,0.0,,,,
35333,0.0,,,,
5859,0.0,,,,
-30163,0.0,,,,
-30159,0.0,,,,
9263,0.0,,,,
2039,0.0,,,,
