site_id,first_avg,site_name,last_avg,absolute_growth,growth_pct,cv,mean_volume,lifecycle_type
100,811919.0833333334,BURWOOD HIGHWAY / LIVINGSTONE,706433.6666666666,-105485.41666666674,-12.992109538009183,0.1415966329239202,761377.619047619,Stable
1000,707929.3333333334,KEILOR / HOFFMANS,626426.8333333334,-81502.5,-11.512801654402416,0.10922477237023186,682114.5714285715,Stable
1001,1980282.75,MT ALEXANDER NEAR HALL,1443796.0833333333,-536486.6666666667,-27.091417458777883,0.14292420340823495,1585298.551020408,Decline
1002,800257.5,EPSOM / LANGS,657976.9166666666,-142280.58333333337,-17.779350188324806,0.14265613251398057,726186.4965986394,Decline
1003,365276.5,MT ALEXANDER NEAR COMMU CENTRE,680406.9166666666,315130.4166666666,86.2717466540187,0.4133287500125124,526148.2040816327,Growth
1005,603685.25,ASCOT VALE / GLADSTONE,556098.25,-47587.0,-7.88275015829855,0.11730556072716071,582393.231292517,Stable
1006,611028.1666666666,PUCKLE / MOORE / MARGARET / HOLMES,604397.0,-6631.166666666628,-1.0852472976559393,0.12604363188207135,586470.6870748299,Stable
1007,1082723.9166666667,BULLA / TULLAMARINE FREEWAY EB ON / OFF RAMP,1200316.8333333333,117592.91666666651,10.860840409685833,0.16625211878047846,1110796.2448979593,Stable
1009,759208.0833333334,EPSOM / FLEMINGTON RACECOURSE ENT,546063.1666666666,-213144.91666666674,-28.07463742098813,0.15840808574503493,642425.6258503401,Decline
101,686367.3333333334,WELLS / CHELSEA HEIGHTS HOTEL,472657.8333333333,-213709.50000000006,-31.136315733751907,0.16615810917931703,606412.5578231292,Decline
1010,752073.75,EPSOM / UNION,583983.8333333334,-168089.91666666663,-22.350190611847125,0.13023036754711026,697673.8163265307,Decline
1011,653294.5833333334,ASCOT VALE / KENT,651663.75,-1630.8333333333721,-0.24963215292744362,0.13426155176540852,662826.8299319728,Stable
1012,1462260.0,BULLA / WOODLAND,1514373.8333333333,52113.833333333256,3.5639238803860636,0.1345430071817485,1475727.3945578232,Stable
1013,540188.25,ASCOT VALE NEAR EDINBURGH,528594.3333333334,-11593.916666666628,-2.146273390186963,0.1201926929524042,547333.0680272109,Stable
1014,585804.5833333334,EPSOM NEAR ROSEBERRY,481630.25,-104174.33333333337,-17.783120224249988,0.15087784487034714,511350.60544217686,Stable
1017,428283.3333333333,KOO WEE RUP / LIVESTOCK WAY / STREETH EAST BLVD,806291.3333333334,378008.00000000006,88.26119780519129,0.256918189914465,586940.3401360544,Growth
1018,1190072.25,MAROONDAH HIGHWAY / LANDSCAPE,1184557.5,-5514.75,-0.46339623497648985,0.1264542807953669,1177692.0068027212,Stable
1019,856407.6666666666,CHELTENHAM / ALLAN,819489.0833333334,-36918.583333333256,-4.310865580761178,0.11006573705305141,874649.0476190476,Stable
102,877728.25,MAROONDAH / NELSON / GOODALL,804632.3333333334,-73095.91666666663,-8.327852802580598,0.15282069320097758,906265.0,Stable
1023,1277979.25,BERWICK-BEACONSFIELD NEAR GOFF,1554289.3333333333,276310.08333333326,21.620858345965573,0.1567574173131196,1565536.0068027212,Growth
1024,540666.8333333334,MAIN / LEANE,583170.0,42503.16666666663,7.861249117987318,0.16573136720862766,589722.3090909091,Stable
1026,759117.75,BEDFORD / GREAT RYRIE,1196229.25,437111.5,57.58151485721418,0.2922523340052262,876774.9266055046,Growth
1028,6014.75,FRANK-DANDY / KIRKHAM,382154.9166666667,376140.1666666667,6253.6292724829245,0.7952541865048721,242798.24489795917,Growth
1029,448826.0,GRATTAN / DRUMMOND,324426.25,-124399.75,-27.716698676101654,0.28635630905866183,335181.20408163266,Volatile
103,504251.0,BURWOOD HIGHWAY NEAR REYNOLDS,430274.5833333333,-73976.41666666669,-14.670554280837656,0.1775879687735567,448145.55102040817,Stable
1031,704847.3333333334,BURKE / BURWOOD,684415.4166666666,-20431.916666666744,-2.898771932645473,0.12258254113717242,685974.2857142857,Stable
1034,242136.25,FARADAY / DRUMMOND,327151.0,85014.75,35.11029430744054,0.23593784695580508,270454.12925170065,Stable
1036,328719.8333333333,QUEENSBERRY / DRUMMOND,434235.75,105515.91666666669,32.09904178786495,0.2938645052835915,384947.99319727893,Volatile
1037,427232.0833333333,QUEENSBERRY / LEICESTER,785473.4166666666,358241.3333333333,83.85169262998156,0.384052781176532,600247.2517006802,Growth
1038,2003071.6666666667,PUNT / GATE 6,2017635.3333333333,14563.666666666511,0.7270666800904866,0.14220913200952692,2185860.0408163266,Stable
1039,480820.1666666667,QUEENSBERRY / CARDIGAN,575784.3333333334,94964.16666666669,19.750454171882005,0.3647054363019812,542008.6462585034,Volatile
104,857476.5,MAROONDAH / GREEN,724802.4166666666,-132674.08333333337,-15.472620338088957,0.17887499616867605,732414.074829932,Decline
1043,249892.5,PARK / TRAMWAY CROSSING,433662.5,183770.0,73.53962203747612,0.39469019682748835,318607.74149659864,Growth
1044,1108724.5833333333,ROYAL / WALKER,919829.0833333334,-188895.49999999988,-17.037188751790243,0.1536577842061622,969924.6734693878,Decline
1045,902439.5,SPENCER NEAR FLINDERS,1087755.25,185315.75,20.534977691025272,0.24279388778318012,1006233.4421768708,Growth
1046,1085975.6666666667,ROYAL NEAR IEVERS,1461025.6666666667,375050.0,34.535764613510366,0.2531955408117491,1240171.3945578232,Growth
1047,402772.4166666667,SALMON / HOLDEN ACCESS,286651.5,-116120.91666666669,-28.83040443227969,0.27392788823717756,397925.85034013604,Stable
1048,459819.6666666667,KING / VICTORIA,561552.0833333334,101732.41666666669,22.12441616604771,0.17512249248731224,488206.85034013604,Stable
105,1506371.0833333333,MAROONDAH / COCHRANE / COOK,1416592.3333333333,-89778.75,-5.959935834756963,0.12712481211470647,1466961.9047619049,Stable
1050,1451149.6666666667,HIGH BETWEEN CLYDE & GLOUCESTER,1485520.6666666667,34371.0,2.368535843649483,0.13850927593543405,1496112.2857142857,Stable
1051,486947.6666666667,VICTORIA / ERROL,415923.3333333333,-71024.33333333337,-14.585619399209914,0.16364294078156238,451044.12925170065,Stable
1052,909150.5833333334,WELLINGTON / CLARENDON,713985.4166666666,-195165.16666666674,-21.46675921948024,0.5511061148091851,922883.3741496599,Decline
1053,326401.5,ABBOTSFORD / HAINES,261516.0,-64885.5,-19.879044673507934,0.1490943247507006,304642.8095238095,Stable
1054,574486.1666666666,MACAULAY NEAR FOGARTY,472459.5,-102026.66666666663,-17.759638540759752,0.14705818814218086,542046.9455782312,Stable
1056,848982.75,CRANBOURNE-FRANKSTON / WILLOW GROVE,1170325.25,321342.5,37.85029790063461,0.15618625403524508,1050597.7482993198,Growth
1057,1428594.3333333333,ROYAL NEAR MORRAH,1069875.0833333333,-358719.25,-25.109944903883374,0.15804396694111683,1218773.7142857143,Decline
1059,584801.9166666666,FRANKLIN / PEEL / WILLIAM,462774.8333333333,-122027.08333333331,-20.866395929219905,0.2748099364221149,479173.4693877551,Stable
106,576366.4166666666,SWANSEA / BIRMINGHAM,606885.5833333334,30519.166666666744,5.295098011291153,0.1287430522633259,592421.3741496599,Stable
1061,1884991.75,ELIZABETH / PEEL / FLEM / BEDFORD,1501444.75,-383547.0,-20.34741000855839,0.16340153144905287,1627658.9455782312,Decline
1063,856036.8333333334,DUDLEY NEAR WILLIAM,1218070.4166666667,362033.5833333334,42.29182311275157,0.22510800101727974,1088685.9591836734,Growth
1064,1410159.9166666667,RACECOURSE / WESTERN LINK ON / OFF RAMPS,1141993.1666666667,-268166.75,-19.016761633240296,0.1326674483734852,1382279.2653061224,Decline
1065,1047858.5833333334,WURUNDJERI / TELSTRA DOME SE ENT,1110548.75,62690.16666666663,5.982693434379619,0.26666126189894895,1014571.4347826086,Stable
1066,539808.4166666666,HARBOUR ESP / LATROBE,378754.25,-161054.16666666663,-29.835430811023844,0.20212900150575625,460051.72789115645,Decline
1067,726355.25,HARBOUR ESP NEAR LA TROBE,571592.1666666666,-154763.08333333337,-21.30680315635268,0.18895755101583064,682628.768707483,Decline
1068,846338.4166666666,HARBOUR ESP / COMTECHPORT ENT,563981.0,-282357.4166666666,-33.3622356147723,0.224623354459547,716067.3469387755,Decline
1069,290072.6666666667,DOCKLANDS / SAINT MANGOS,294264.8333333333,4192.166666666628,1.4452125789169936,0.14246407302228214,290712.7346938776,Stable
107,1545257.8333333333,MAROONDAH / KALLAY / BRENTNALL,1504570.3333333333,-40687.5,-2.6330557349275154,0.12974591070677535,1532942.074829932,Stable
1071,786164.5833333334,WAVERLEY NEAR BRUCE,817854.3333333334,31689.75,4.030930758243477,0.15358635548757155,799106.7346938775,Stable
1072,431792.5833333333,COLLINS / BATMANS HILL DR,368534.0,-63258.583333333314,-14.650224615946966,0.17594864769516416,388971.4557823129,Stable
1073,791702.0833333334,MIDDLE / CAPON,969957.6666666666,178255.58333333326,22.515487465034447,0.24511238125529264,836728.6802721089,Growth
1075,498381.25,COLLINS NEAR SPENCER STATION,397365.5,-101015.75,-20.26877014333906,0.19318375384318792,423935.1360544218,Stable
1076,589806.0833333334,GEORGIANA / WURUNDJERI,497998.25,-91807.83333333337,-15.565765753800726,0.18035307366822148,537483.9727891156,Stable
1077,854943.0833333334,CRANBOURNE-FRANKSTON / FAIRBAIRN,1046776.3333333334,191833.25,22.438131115355926,0.13657858585050622,976064.0680272109,Growth
1078,878498.6666666666,CRANBOURNE-FRANKSTON / SCOTT,1024005.0833333334,145506.41666666674,16.56307769011982,0.12974917212370557,976642.2789115646,Stable
1079,388518.25,,377846.1666666667,-10672.083333333314,-2.746867961372037,0.14354397770896118,359487.1736111111,Stable
108,549852.5833333334,MITCHAM / BRUNSWICK / CULCUTTA,567432.4166666666,17579.833333333256,3.1971902772121656,0.1587508425209248,559856.4829931973,Stable
1080,784248.9166666666,HIGH / WARNER,570625.5833333334,-213623.33333333326,-27.239225811277812,0.20778470001365532,652522.0884353742,Decline
1081,825635.5,KELLETTS / NAPOLEON,770179.6666666666,-55455.83333333337,-6.716745262689574,0.12214053356797001,802909.9523809524,Stable
109,775125.0,SWANSEA / HULL,738061.4166666666,-37063.58333333337,-4.7816266193624735,0.11814901106040053,790884.8639455782,Stable
1091,756097.5833333334,CRANBOURNE / PEN.POWER CENTRE ACCESS,765951.4166666666,9853.833333333256,1.303248886194243,0.12391579868770096,748967.8095238095,Stable
1093,1368158.1666666667,WELLINGTON / NANTILLA,1410780.0,42621.833333333256,3.1152709073963,0.13536005061768352,1383504.2653061224,Stable
1094,1329621.25,PRINCES HIGHWAY EAST / OLIVE,1376585.6666666667,46964.416666666744,3.5321650181709074,0.11275278773427914,1381363.3401360544,Stable
1095,1135008.5833333333,MELBOURNE NEAR HOSKING,1141168.1666666667,6159.583333333489,0.542690462766705,0.12868610150563525,1122762.6802721089,Stable
1097,1137816.3333333333,MASON NEAR MIRLS,1213667.3333333333,75851.0,6.666365895608811,0.21857303055018398,1205729.4285714286,Stable
1099,884248.5833333334,MELBOURNE NEAR MCROBERT,797686.0,-86562.58333333337,-9.78939463007339,0.13471117073741767,811833.9863945579,Stable
1100,2074127.4166666667,MAROONDAH HIGHWAY / EASTLINK,2013768.0833333333,-60359.33333333349,-2.910107298535066,0.12438260983153868,2037527.1904761905,Stable
1101,1450273.0833333333,MAROONDAH HIGHWAY / HILLCREST / CARPARK,1325033.75,-125239.33333333326,-8.635569036796916,0.12784981713478086,1351578.149659864,Stable
1102,1467601.9166666667,CANTERBURY / EASTLINK,1232097.75,-235504.16666666674,-16.04686965805839,0.13665252013662202,1406443.074829932,Decline
1103,1540836.25,BURWOOD HIGHWAY / EASTLINK,1322220.9166666667,-218615.33333333326,-14.188096453035373,0.1562758367904667,1441172.5646258504,Decline
1104,1176220.3333333333,BORONIA / EASTLINK,1237319.8333333333,61099.5,5.194562470013413,0.13647712443865365,1261200.5238095238,Stable
1105,1469498.0,HIGH STREETREET ROAD / EASTLINK,1497625.75,28127.75,1.9141060416550413,0.15633850929846885,1460035.163265306,Stable
1107,1714049.1666666667,FERNTREE GULLY / EASTLINK,1669686.3333333333,-44362.83333333349,-2.5881890785902284,0.14777708666887343,1696183.0476190476,Stable
1108,1935773.25,EASTLINK / WELLINGTON,1569397.75,-366375.5,-18.926571074375577,0.14861630134137055,1754978.4217687075,Decline
1109,521857.0833333333,EASTLINK / POLICE INTERCHANGE,465337.25,-56519.833333333314,-10.830519530810236,0.14080241335995525,503396.6530612245,Stable
111,1127320.6666666667,MAROONDAH HIGHWAY / METROPOLITAN,911175.25,-216145.41666666674,-19.173374804329562,0.15525073778990395,978021.6734693878,Decline
1111,1140135.3333333333,EASTLINK / CHELTENHAM INTERCHANGE,993900.75,-146234.58333333326,-12.826072401931226,0.1370829975034734,1098663.2040816327,Decline
1112,1415368.8333333333,DANDENONG SOUTHERN BYPASS / EASTLINK,1569422.25,154053.41666666674,10.884330150456666,0.11741638267693559,1586574.8911564625,Stable
1113,1129268.5,GREENS / EASTLINK,1306632.0,177363.5,15.706052192193443,0.130498845638541,1290729.074829932,Growth
1114,1011198.4166666666,THOMPSON / EASTLINK,1435389.3333333333,424190.9166666666,41.94932563927241,0.20842833931348115,1244248.918367347,Growth
1116,854941.75,,802911.0,-52030.75,-6.085882459243568,0.2195163071143779,895717.7857142857,Stable
1117,890086.9166666666,HIGH STREETREET / GEORGE,936149.25,46062.33333333337,5.175037681245179,0.1625053692821972,888947.081632653,Stable
1118,1209674.3333333333,DANDENONG SOUTHERN BYPASS / PERRY,1502479.6666666667,292805.3333333335,24.205302639305415,0.1450127278946959,1523571.9586206896,Growth
1119,1125770.3333333333,DANDENDONG SOUTH BYPASS / CHANDLER,1419011.6666666667,293241.3333333335,26.048060128309192,0.131377131077127,1373828.843537415,Growth
112,1393043.6666666667,MAROONDAH / STREETATION,1188697.5,-204346.16666666674,-14.669042439684235,0.16942552135946992,1232065.8843537415,Decline
1120,1530551.75,DANDENONG SOUTHERN BYPASS / HAMMOND,1784394.3333333333,253842.58333333326,16.585037607080796,0.11529144278502394,1735598.387755102,Growth
1121,1882415.75,DANDENONG SOUTHERN BYPASS / DAND FRANSTON,1925925.6666666667,43509.916666666744,2.311387198426636,0.11115139981928063,1986807.2517006802,Stable
1122,1366979.1666666667,DANDENONG SOUTH BYPASS / STH GIPPSLAND HIGHWAY,1464305.9166666667,97326.75,7.11984149965709,0.114477736077709,1465320.2176870748,Stable
1123,1067474.8333333333,DORSET / CLIPSAL,983674.25,-83800.58333333326,-7.850356815593928,0.11340877545127619,1022998.0,Stable
113,985644.0,MAROONDAH / STREETATION / WILLIAMS,890245.9166666666,-95398.08333333337,-9.678756562545237,0.22050250251079492,962455.9931972789,Stable
1138,1532191.0833333333,SPRINGVALE / DONVALE RETIRMENT VILLAGE ENT,1615129.5,82938.41666666674,5.413059609133832,0.1403312025687509,1558860.4013605441,Stable
1139,919219.8333333334,DORSET / GOLF LINKS / THE RANGE BVD,480118.75,-439101.0833333334,-47.76888698550347,0.39269870207176066,534727.619047619,Decline
114,1117946.9166666667,WHITEHORSE / CHAPEL,1031849.4166666666,-86097.50000000012,-7.701394289517186,0.1771516238918798,993133.4965986394,Stable
1140,878802.3333333334,,991471.5,112669.16666666663,12.820763258480191,0.127912751581436,933652.3197278911,Stable
1141,378170.25,COLLINS / HARBOUR,293421.1666666667,-84749.08333333331,-22.410298888750056,0.19430055150876208,348571.8231292517,Stable
1142,215236.83333333334,COLLINS / NAVIGATION DR,185623.41666666666,-29613.416666666686,-13.75852646038744,0.9664806142866988,301416.6462585034,Volatile
1144,2585782.3333333335,BORONIA NEAR AMESBURY & ROXBURGH,2522582.4166666665,-63199.91666666698,-2.4441313505764395,0.11617521107871655,2584331.1836734693,Stable
1145,1277066.8333333333,CRANBOURNE / CLARENDON,1375612.8333333333,98546.0,7.716589095245734,0.15510650483703592,1297131.3945578232,Stable
1146,490859.0833333333,SNEYDES ROAD / BOARDWALK BLVD,711349.5,220490.4166666667,44.919290312273944,0.17300867577959095,653278.6462585034,Growth
1147,552001.75,LYSTERFIELD / WELLINGTON,570730.4166666666,18728.666666666628,3.392863639774082,0.1364895015580328,580184.2448979592,Stable
1148,572939.0833333334,HALLAM STH BETWEEN WILLOW & CENTRE,645786.5833333334,72847.5,12.71470250836731,0.23119502984670373,552753.7278911564,Stable
1149,523405.3333333333,HOGANS ROAD / DOWLING AVENUENUE,649995.3333333334,126590.00000000006,24.185844495279643,0.18315669987291286,592381.119047619,Stable
115,1193837.75,MAROONDAH / SURREY,1075826.3333333333,-118011.41666666674,-9.88504649536059,0.1444335318393267,1101530.8639455782,Stable
1150,1065422.8333333333,HEIDELBERG / WESTGARTH,846571.4166666666,-218851.41666666663,-20.541273362985617,0.1623674495413905,954654.3605442176,Decline
1151,953882.25,BURGUNDY NEAR CAPE,731769.8333333334,-222112.41666666663,-23.285097994712306,0.35077348525697066,644366.5170068027,Decline
1152,456892.6666666667,SUNSHINE / OLYMPIA,503279.5,46386.833333333314,10.152676266781837,0.11982408345105869,501672.38095238095,Stable
1154,600896.3333333334,AITKEN / GRAND,857205.1666666666,256308.83333333326,42.65441792788439,0.1889240966501441,758507.8961038961,Growth
1156,2631353.25,SOUTH GIPPSLAND HIGHWAY BETWEEN STATION / LOCH,2275124.6666666665,-356228.5833333335,-13.537847240135223,0.15579556735791097,2565124.3673469387,Decline
1157,558854.9166666666,BALLAN / BOLTON,871840.25,312985.3333333334,56.00475615391534,0.20594204050886616,699936.4896551725,Growth
1158,58549.333333333336,COLEMANS / PRODUCE,178489.83333333334,119940.5,204.85374157405718,0.36788450496389147,128709.10884353741,Volatile
1159,1123.8333333333333,,336452.0,335328.1666666667,29837.891146374022,0.7525464939720937,251747.63025210085,Growth
116,720614.6666666666,,561657.75,-158956.91666666663,-22.05851809843818,0.15241280710088487,645628.5578231292,Decline
1160,275275.9166666667,MCCLELLAND DRV / QUARRYRD,309851.5833333333,34575.66666666663,12.560367461616526,0.17123079417809794,315483.96350364963,Stable
1161,493843.3333333333,WHITEHALL ST NEAR BUNBURY,914092.9166666666,420249.5833333333,85.09775367356718,0.351954643527918,756247.5918367347,Growth
1162,705736.1666666666,DAVID MUNROE DR / STREETAINSBY CR,621495.6666666666,-84240.5,-11.936542858202204,0.14876872050261208,664272.7285714286,Stable
1164,739826.0,SPRINGVALE / OLD WARRANDYTE,821716.5833333334,81890.58333333337,11.068897731809017,0.14029152895972602,775764.7959183673,Stable
1165,947339.8333333334,NEPEAN / OAKBANK / EAGLE,769828.5,-177511.33333333337,-18.737872840070242,0.14249210727853037,896166.4421768708,Decline
1166,729024.25,EPSOM ROAD / SHOPPING CENTRE ACCESS,585699.8333333334,-143324.41666666663,-19.659759831948886,0.1377431985456149,646861.6326530612,Decline
1167,5542.25,BOLTON ST NEAR WITHERS ST,772431.75,766889.5,13837.15097658893,0.7329185354115122,454963.22302158276,Growth
1168,10103.666666666666,AQUEDUCT RD NEAR ERINNE CT,971806.1666666666,961702.5,9518.351423575601,0.6529603556337645,697975.4912280702,Growth
1169,580464.8333333334,GOVERNOR / BURDEKIN,503513.4166666667,-76951.41666666669,-13.256861096092818,0.18122985493459665,503398.6129032258,Stable
117,2650282.25,MAROONDAH / SPRINGVALE,2398872.5,-251409.75,-9.486150012890135,0.16527120572407952,2792803.482993197,Decline
1170,1176232.9166666667,STUD NEAR TIMBERTOP,1041926.5,-134306.41666666674,-11.41835216168567,0.12336484078421947,1173105.5850340135,Decline
1171,778163.8333333334,FRANKSTON-DANDENONG / COLEMANS,837284.0833333334,59120.25,7.597403974270199,0.13529392138370966,804995.0204081633,Stable
1174,428228.25,FORSYTH / FEDERATION BLVD,859740.0833333334,431511.8333333334,100.76678344628907,0.31968739839092514,648346.612244898,Growth
1176,341288.6666666667,MAROONDAH HIGHWAY / DON / ST LEONARDS,293077.0,-48211.666666666686,-14.12636028542798,0.17219133144202028,332569.0544217687,Stable
1177,351954.8333333333,WALKER / LANGHORNE,229592.66666666666,-122362.16666666666,-34.766440201370536,0.48044363360939535,309201.2244897959,Volatile
1178,1466850.3333333333,FLEMINGTON / RC-HOSPITAL ENTRANCE,1316184.9166666667,-150665.4166666665,-10.271355791581545,0.14286954484431041,1348277.857142857,Decline
118,554318.0,HULL / MOOROOLBARK,527816.0,-26502.0,-4.781010178273122,0.121107559282224,545946.3605442176,Stable
1180,591270.3333333334,HEATHERTON NEAR LIEGE,774938.0833333334,183667.75,31.063244618507834,0.15409492688531193,678182.6802721089,Growth
1181,777839.6666666666,HEATHERTON / LINK,994199.25,216359.58333333337,27.815447399399794,0.14670765808395117,900152.0680272109,Growth
1182,1868468.6666666667,PRINCES HIGHWAY EAST / LINK,1869395.9166666667,927.25,0.04962620013608291,0.133649397300321,1932233.9591836734,Stable
1183,505528.5833333333,BARKLY / SUMMERHILL,423073.5,-82455.08333333331,-16.310666904261755,0.15514173808042428,475073.8095238095,Stable
1184,593541.8333333334,MCGREGOR / HENRY,901141.1666666666,307599.33333333326,51.824372952089014,0.22438724187134126,672067.1379310344,Growth
1185,1218084.4166666667,FERNTREE GULLY NEAR KATHRYN,1193967.5,-24116.916666666744,-1.9799051967731087,0.12088409725356926,1210322.4897959183,Stable
1186,972544.0833333334,OLD GEELONG / KMART DISTRIBUTION CENTRE,930658.25,-41885.83333333337,-4.306831335580422,0.22414281584181753,916592.3605442176,Stable
1188,228251.5,COLLINS / MERCHANT,276624.1666666667,48372.666666666686,21.19270483070941,0.2869475722389003,290411.90476190473,Volatile
119,1080457.0,MAROONDAH / ROOKS,900027.5833333334,-180429.41666666663,-16.699361165383408,0.13156659072370827,975884.6462585034,Decline
1190,1814014.25,DENMARK / STREETEVENSON,2066109.0,252094.75,13.89706558258845,0.17724768866918875,1806132.142857143,Growth
1191,446981.9166666667,CHARLES GRIMES BRIDGE OFF RAMP,241646.5,-205335.4166666667,-45.93819324905575,0.28191915841443427,301155.79591836734,Decline
1192,661838.4166666666,WHITE NEAR DAVEY,495482.1666666667,-166356.24999999994,-25.135478057899576,0.18761597110750414,579663.5714285715,Decline
1195,1345899.9166666667,WESTALL / IKEA ACCESS,1151196.9166666667,-194703.0,-14.466380270103043,0.13901295430334196,1255791.306122449,Decline
1196,1431766.5833333333,PRINCES HIGHWAY E / GARDEN / IKEA ACCESS,1350265.9166666667,-81500.66666666651,-5.692315187083266,0.1250531602654455,1422245.8979591837,Stable
1197,1288716.6666666667,KOROROIT / FERGUSON,3644420.5,2355703.833333333,182.79455013385407,0.5211376840783363,2312456.353741497,Growth
1198,563204.6666666666,THOMPSONS / WILLIAM THWAITES BVD,1196206.75,633002.0833333334,112.39290453322477,0.3671072036641597,829088.6326530612,Growth
120,1801403.1666666667,MOUNTAIN HIGHWAY STH OF BARMAH,1692882.8333333333,-108520.33333333349,-6.024211311571109,0.1312769707321027,1789304.4217687075,Stable
1200,652318.0833333334,VINEYARD / MCDOUGALL,819166.6666666666,166848.58333333326,25.57779518862026,0.15328508919025205,718905.7278911564,Growth
1202,1323399.3333333333,MAIN ROAD EAST NEAR STRADBROKE DRIVE,1312856.75,-10542.583333333256,-0.7966290346224487,0.09866124119400277,1327927.6394557822,Stable
1203,717229.5833333334,RINGWOOD-WARRANDYTE / MILNE,737767.75,20538.166666666628,2.8635414857283554,0.1315070678933945,754438.619047619,Stable
1204,295727.3333333333,GLEN EIRA NEAR QUAT QUATTA AVE,241205.83333333334,-54521.49999999997,-18.436408763928927,0.12906384428061057,271437.3333333333,Stable
1205,538063.0833333334,WESTWOOD DR / INGLEWOOD DR / COMMERCIAL ROAD,979842.5,441779.4166666666,82.10550590644807,0.25226726254572324,793971.7823129252,Growth
1207,476318.8333333333,JACKSONS ROAD / STREET MARYS SEMINARY / ACCESS,428267.5,-48051.333333333314,-10.08806076322127,0.16140178242524958,456717.65986394556,Stable
1208,337008.0833333333,HALLAM / ORMOND / LYNBROOK,842634.25,505626.1666666667,150.03383944549304,0.2382741505252297,761148.7619047619,Growth
1209,882668.25,EAST BOUNDARY ROAD / ARDENA CRT,928243.0,45574.75,5.163293230497415,0.147254620364095,893112.2448979592,Stable
121,2254682.5833333335,MAROONDAH / MITCHAM,2337900.75,83218.16666666651,3.6909038674364703,0.18179345654115261,2287373.6258503404,Stable
1211,674294.3333333334,CARDINIA / HENRY / RIX,1633125.5,958831.1666666666,142.19771978903375,0.3671150710192968,1193184.850340136,Growth
1212,304852.3333333333,HENRY / VILLAGE WAY / CAVERSHAM,559682.0,254829.6666666667,83.59118130417241,0.24247029986655994,510113.4829931973,Growth
1213,6551.583333333333,,322668.3333333333,316116.75,4825.043564532747,0.6785202897973747,204984.95918367346,Growth
1214,36897.5,,321738.0,284840.5,771.9777762721051,0.65517587013483,204392.0612244898,Growth
1215,239649.5,POINT COOK / SALTWATER,626481.1666666666,386831.6666666666,161.41559513650836,0.37159686467081504,478222.1904761905,Growth
1216,268565.5,HARVEST HOME / EDEN VALE BVD / REDDING RISE,172048.66666666666,-96516.83333333334,-35.93791210462005,0.5516013408773556,214799.63636363635,Volatile
1217,584986.75,EPPING / HARVEST HOME,663370.3333333334,78383.58333333337,13.399206620206932,0.32557361078863856,736944.0692307692,Volatile
1218,588699.1666666666,LEAKES / MORRIS,1604313.4166666667,1015614.2500000001,172.51837738290217,0.4607115397629975,991440.8163265307,Growth
1219,104120.08333333333,FOLEYS / LENNON PARKWAY / CENTRAL PARK BVD,343180.0833333333,239060.0,229.60027724398353,0.39207895064694603,264969.34831460676,Growth
122,841624.5833333334,MT DANDENONG / HAWTHORY,780108.75,-61515.83333333337,-7.309177340055125,0.11701277241132202,812635.5918367347,Stable
1220,1038926.3333333334,LOWER HEIDELBERG BETWEEN CARLSBERG / GLENARD,2170767.75,1131841.4166666665,108.94337551683964,0.35782857972655746,1634811.2448979593,Growth
1225,399034.4166666667,LIVERPOOL / GLASGOW,368725.0833333333,-30309.333333333372,-7.59566896172073,0.1289237149317048,401185.5986394558,Stable
1226,4450.333333333333,MCGRATH / BLACK FOREST,347339.0,342888.6666666667,7704.7861583402,0.42658691104005575,283237.6802721088,Growth
1227,214603.58333333334,MCGRATH / BULBAN,323315.3333333333,108711.74999999997,50.65700596021422,0.22484127391078804,290275.7704918033,Stable
1229,652524.4166666666,JOHNSTONE ST BETWEEN PEARCEDALE PDE / LORRAINE,819471.25,166946.83333333337,25.584764197201824,0.1685062789365154,772351.5510204082,Growth
1230,29383.416666666668,GOURLAY / LANSFIELD DRIVE,645886.75,616503.3333333334,2098.1335844197833,0.6507714482583071,436071.38732394367,Growth
1234,791989.1666666666,PRINCES HIGHWAY EAST (EAST) / BEACONSFIELD-BERWICK…,1349099.1666666667,557110.0000000001,70.34313390229455,0.19357127720834313,1128366.5918367347,Growth
1235,720956.5833333334,,1164379.5833333333,443422.9999999999,61.504813223265046,0.24362329978289196,984221.5918367347,Growth
1236,581487.3333333334,PLENTY / MASONS / HAZEL GLEN DRV,693254.0,111766.66666666663,19.220825675767074,0.14625905783113474,656964.0340136054,Stable
1237,816807.5833333334,WALKER / MASON,780904.5,-35903.08333333337,-4.3955374638927145,0.13979912559902447,774557.693877551,Stable
1238,413757.1666666667,GEORGE / RUDDOCK,517603.0833333333,103845.91666666663,25.098276243352068,0.14683659224416393,493753.0544217687,Stable
124,1435556.25,MAROONDAH / DEEP CREEK,1323263.6666666667,-112292.58333333326,-7.822234993113872,0.13194794738419982,1372462.2585034014,Stable
1240,643871.8333333334,GREENS / KEY / PACIFIC,877779.0833333334,233907.25,36.32823147256791,0.15460508392259037,788739.9931972789,Growth
1241,1248600.25,ST KILDA RD NEAR COMMERCIAL RD,672349.1666666666,-576251.0833333334,-46.15176741581891,0.2852749647013223,896953.4761904762,Decline
1242,974577.5,ST KILDA RD NEAR UNION ST,509919.8333333333,-464657.6666666667,-47.67785698589047,0.26489811073765784,736981.8367346938,Decline
1243,939638.5833333334,ST KILDA RD NEAR HIGH ST,448850.75,-490787.8333333334,-52.23155392281589,0.31307479928334553,656021.693877551,Decline
1244,547704.5833333334,KOO WEE RUP-LONGWARRY(ROSSITER) / STREETATION,352619.5,-195085.08333333337,-35.61866912744173,0.18351823551784022,370949.43537414965,Decline
1245,719755.1666666666,THOMPSON ROAD / WORSLEY ROAD,1035027.3333333334,315272.16666666674,43.80269587042447,0.20347940701840764,888614.5442176871,Growth
1246,1024121.25,POUND ROAD / VANESSA DRIVE,1202222.5833333333,178101.33333333326,17.39064913781774,0.1271498514229624,1143117.3741496599,Growth
1247,1007100.5833333334,STREETH GIPPSLAND FREEWAY / ON-RAMP / POUND ROAD,1027205.25,20104.666666666628,1.9962918301688959,0.17743248985231871,1042351.9455782312,Stable
1249,507163.0,AITKEN BLVD / SOMERTON / KIRKHAM,1086295.25,579132.25,114.19055609340587,0.2513177787058674,938586.6462585034,Growth
125,1533738.8333333333,MAROONDAH / HEATHERDALE / DAMPIER,1264407.6666666667,-269331.1666666665,-17.560432116158836,0.15722280294085902,1370653.224489796,Decline
1251,444280.4166666667,KANGAN DR NEAR CHISOLM TAFE (MCDONALDS ACCESS),476404.75,32124.333333333314,7.230643559388632,0.24941687304794238,474233.59027777775,Stable
1256,1034690.9166666666,MAROONDAH HIGHWAY NEAR LARISSA AV,909201.8333333334,-125489.08333333326,-12.128170965065165,0.13061587343433265,967684.5238095238,Stable
1257,1132133.8333333333,BURKE RD NTH BETWEEN KEAM AND MACKENNEL,1593907.8333333333,461774.0,40.787933935372486,0.2551995840515529,1188124.0612244897,Growth
1258,195196.33333333334,OAK ST BETWEEN GARRARD AND POPLAR,241405.83333333334,46209.5,23.673344273884926,0.2025722721600194,228525.58620689655,Stable
1259,539217.3333333334,FRANKSTON-FLINDERS RD NEAR HIGH & GLENDALE,541467.8333333334,2250.5,0.4173641796875966,0.10303167068801755,544164.6054421769,Stable
126,2422237.0833333335,MAROONDAH / MT DANDENONG,2084520.75,-337716.3333333335,-13.942331890509621,0.12929356090116048,2264082.7210884355,Decline
1260,803579.0833333334,CRANBOURNE-FRANKSTON / NORTHGATEWAY / QUARRY,605991.25,-197587.83333333337,-24.588473920166955,0.1548625181922878,786686.1020408163,Decline
1261,838240.5,CRANBOURNE-FRANKSTON / CENTRE / POTTS,869566.5833333334,31326.083333333372,3.737123574121433,0.11749465890800401,876723.0340136054,Stable
1262,499308.8333333333,LEAKES ROAD / BANFIELD COURT / FOUNDATION ROAD,868800.5833333334,369491.75000000006,74.00064355627597,0.30596997721526237,696386.0068027211,Growth
1263,91023.08333333333,WESTERN PORT RD NEAR RUPERT ST,124164.41666666667,33141.33333333334,36.40981179682444,0.17068237730875244,113541.21768707484,Stable
1264,691186.5833333334,THOMPSON ROAD / ALAN BIRD DRV,946377.9166666666,255191.33333333326,36.92075909556017,0.21970964683739844,794288.5102040817,Growth
1266,224981.91666666666,PERRY ROAD / PACIFIC DRV,254760.41666666666,29778.5,13.235952667306966,0.16653566145667978,261835.1582733813,Stable
1267,1522077.5833333333,FRANKSTON-DANDENONG / PENLINK,1711594.0833333333,189516.5,12.45117213965933,0.12129764364618667,1716722.5238095238,Growth
127,1377767.1666666667,MAROONDAH / NEW,1192129.8333333333,-185637.3333333335,-13.473781189201912,0.15046767520701704,1238571.857142857,Decline
129,1331068.5,MAROONDAH / WANTIRNA / RINGWOOD,1107252.5,-223816.0,-16.814761975059884,0.15960888767261844,1213798.074829932,Decline
1297,454876.5833333333,GOLF LINKS / PENLINK,515649.5833333333,60773.0,13.360327224289225,0.1643437007805594,495573.65986394556,Stable
1298,469518.0,SKYE / PENLINK,492130.5,22612.5,4.816109286544925,0.12012241084407424,486455.7551020408,Stable
1299,296468.25,ANDERSON / GARDINER,284946.3333333333,-11521.916666666686,-3.8863914320223794,0.13828430040037087,301248.79591836734,Stable
130,2089290.1666666667,MAROONDAH HIGHWAY NR RAILWAY,1447485.0,-641805.1666666667,-30.718814308623642,0.3415270540839219,1341582.3537414966,Decline
1300,72662.0,,79100.25,6438.25,8.860546090115879,0.11726178222701801,73023.1836734694,Stable
1301,951138.1666666666,KEILOR PARK DRIVE / MILLEARA LEARNING CE,941130.6666666666,-10007.5,-1.0521604905281023,0.12348680948802107,972426.2176870748,Stable
1302,1737321.5833333333,CRANBOURNE-FRANKSTON / PENLINK,1797648.0,60326.416666666744,3.4723805451677365,0.14554788919813985,1920947.231292517,Stable
1303,1182358.0833333333,MELBOURNE ROAD / THE AVENUENUE,1040017.75,-142340.33333333326,-12.038682302745702,0.2362097259972519,1024846.4081632653,Decline
1304,1307745.4166666667,MCDONALDS ROAD / CIVIC DRIVE,1416547.1666666667,108801.75,8.319795933777884,0.13553089218659098,1405215.544217687,Stable
1305,772819.75,FRANKSTON-FLINDERS / PENLINK,873696.3333333334,100876.58333333337,13.053054523170943,0.12830192516730957,845768.0068027211,Stable
1306,1492204.0,ALEXANDRA AVENUENUE / YARRA STREETREET,1502325.9166666667,10121.916666666744,0.6783198990665315,0.13793525498683068,1501092.2428571428,Stable
1307,132512.83333333334,ROBINSONS RD NEAR MCCLELLAND DRV,273920.3333333333,141407.49999999997,106.71230585213756,0.27531193259556147,232361.80188679244,Volatile
1309,876424.25,JASPER NEAR CARCOOLA,1050418.6666666667,173994.41666666674,19.852761566862938,0.15827380987055098,1031149.1224489796,Growth
131,1238680.4166666667,MAROONDAH / WARRANDYTE,934912.0833333334,-303768.3333333334,-24.523543703934937,0.20007879742131124,1070597.3673469387,Decline
1310,1374002.75,COOPER STREET / DALTON ROAD,1689653.3333333333,315650.58333333326,22.973067800143287,0.1589324436880626,1587222.850340136,Growth
1311,749704.6666666666,COOPER STREET / DAVISSON STREET,676131.4166666666,-73573.25,-9.813631056496025,0.12660409145690366,735816.8775510204,Stable
1312,795370.0,GREENS ROAD / ORDISH ROAD / NORTHERN ACCESS ROAD,994956.0,199586.0,25.093478506858443,0.13914841717606158,966664.0408163265,Growth
1313,417264.6666666667,BRIDGE INN ROAD / CRAVENS ROAD / GALLOWA,574251.5833333334,156986.9166666667,37.622863666066465,0.21224348075037444,519030.231884058,Growth
1315,580045.0,TARNEIT ROAD / BETHANY ROAD,831015.25,250970.25,43.267375807049454,0.3410611172872197,819027.3529411765,Growth
1316,417297.6666666667,MARINE DRV NEAR VICTORIA ST,464464.6666666667,47167.0,11.30296279314606,0.19277781505610594,486869.3191489362,Stable
1320,405156.1666666667,EPPING / PINE PARK / DE ROSSI,528454.25,123298.08333333331,30.432236623162172,0.1914623094093652,527208.5102040817,Stable
1321,632005.1666666666,SURREY ROAD NEAR COOTAMUNDRA CR,693224.8333333334,61219.666666666744,9.686576929355283,0.15960752049864657,653047.0,Stable
1322,353721.5833333333,DOHERTYS ROAD / NITON / DUNMORE,869334.1666666666,515612.5833333333,145.7679168102785,0.340348706564438,574210.3265306122,Growth
1323,704298.25,HOGANS RD BETWEEN DERRIMUT RD AND MONTEATH,501828.1666666667,-202470.0833333333,-28.747776007299937,0.196593431057441,704775.2619047619,Decline
1324,387614.0833333333,SNEYDES ROAD / HACKETTS ROAD,793022.5833333334,405408.50000000006,104.59075596883413,0.2804730842653462,683529.0680272109,Growth
1325,447111.5833333333,SNEYDES ROAD / LENNON BLVD / MALIBU BLVD,624846.9166666666,177735.3333333333,39.751896385298295,0.1638957373814076,590506.2857142857,Growth
1326,113157.91666666667,EDGARS ROAD / HARVEST HOME ROAD,771756.4166666666,658598.5,582.017166275743,0.5098667109185939,480518.072,Growth
1327,72263.33333333333,EDGARS ROAD / GAMMAGE BVD,587874.5,515611.1666666667,713.5169980165138,0.6481751084382648,331789.2189781022,Growth
1329,738455.25,LEAKES ROAD / WOODS ROAD / CLEARWOOD DVE,1420538.3333333333,682083.0833333333,92.36620409067892,0.3608958254961623,1112381.9782608696,Growth
133,1830509.3333333333,MAROONDAH / OBAN,1826656.3333333333,-3853.0,-0.2104878642155699,0.16860884161985779,1844735.761904762,Stable
1330,433872.5,TARNEIT ROAD / WICKFORD ROAD / HOUGHTON AVENUE,492471.6666666667,58599.166666666686,13.506079935157606,0.16609423479158134,527959.7596899224,Stable
1331,719390.75,THOMPSONS ROAD / MARRIOTT BIVD / MISSENS ROAD,1460552.0833333333,741161.3333333333,103.02625288597793,0.9777968188353109,1272717.0612244897,Growth
1333,882093.0,PRINCES HIGHWAY EAST / CARDINIA RD / GRANDVUE,1280898.0,398805.0,45.21121922518374,0.1790434230106662,1166556.7346938776,Growth
1334,458310.0833333333,TARNEIT / BARATTA / HUMMINGBIRD,531382.3333333334,73072.25000000006,15.943845151417694,0.17770301890999202,529820.6535433071,Stable
1335,488264.75,BERWICK-CRANBOURNE / ADRIAN / BROAD OAK,1082965.75,594701.0,121.79888062777418,0.2567172732244712,888090.0476190476,Growth
1336,1421290.9166666667,CHELTENHAM NEAR DINGLEY DANDENONG BYPASS,1440719.0833333333,19428.16666666651,1.366938072905659,0.11017401770565406,1462643.9455782312,Stable
1337,1029033.5,DANDENONG BYPASS / CHAPEL,1557268.25,528234.75,51.33309556977495,0.17773588716933164,1449655.2857142857,Growth
1338,252778.16666666666,AITKEN BVD / MARATHON WAY,812615.75,559837.5833333334,221.473868062181,0.3811289124742315,553665.2602739726,Growth
1339,669152.6666666666,,490353.1666666667,-178799.49999999994,-26.72028505702236,0.24487013576079117,680717.8181818182,Decline
134,1725186.75,MAROONDAH / KALINDA / BEAUFORT,1599571.25,-125615.5,-7.281269694425835,0.13413090022007038,1670586.0408163266,Decline
1340,681709.0833333334,HULL / CARDIGAN / BRICE,552606.8333333334,-129102.25,-18.93802696140301,0.13037597377007404,666944.380952381,Decline
1342,348881.4166666667,RESERVE RD NEAR WOFF ST,305969.0833333333,-42912.33333333337,-12.299976806828118,0.13440950485018224,329614.92517006805,Stable
1343,581098.0,DERRIMUT RD BETWEEN INVERELL AND RIPPLESIDE,1398222.5,817124.5,140.61733132793438,0.399247191955102,930061.2137931035,Growth
1344,723491.4166666666,WANTIRNA NEAR GORDON,839057.25,115565.83333333337,15.973352367575893,0.1550205385835545,737175.4897959183,Stable
1346,568162.5833333334,EPPING / CRAIGIEBURN / LEHMANNS,722289.5,154126.91666666663,27.12725568136232,0.13708273072041907,658553.2925170067,Stable
1347,329863.75,JOHN / JAMES,317939.25,-11924.5,-3.6149773959703055,0.11819938725193647,307248.5918367347,Stable
1348,323403.8333333333,,380867.0833333333,57463.25,17.768264960784325,0.32289654508883586,361925.71875,Volatile
1350,425327.8333333333,EDITHVALE NEAR FRENCH,498777.5833333333,73449.75,17.268973305689297,0.1617318624283219,441031.9319727891,Stable
1351,35141.5,BOUNDARY / DUNMORE / EFFICIENT,716885.25,681743.75,1939.9961583882305,0.629424066452687,429155.36805555556,Growth
1352,574264.3333333334,EPSOM / DONCASTER / MIRAMS,583346.9166666666,9082.583333333256,1.5816032454276145,0.17111814120676025,599167.5864661654,Stable
1355,1179181.1666666667,WELLINGTON BETWEEN WESTMINSTER & TAYLORS,1083868.4166666667,-95312.75,-8.082960675960592,0.12184310564928286,1151541.4353741496,Stable
1358,522510.5,BAY / WESTERN ACCESS,466334.0833333333,-56176.416666666686,-10.751251250772317,0.14975948945234022,540385.5652173914,Stable
1359,3542397.75,WARRIGAL / LINKS ESTATE ACCESS,3678214.8333333335,135817.0833333335,3.8340438572527176,0.2400744030983435,3720890.782312925,Stable
136,1701584.8333333333,MAROONDAH / KENT,1605854.75,-95730.08333333326,-5.625936565607607,0.15300472869159143,1598305.3197278911,Stable
1360,48748.0,FOOTSCRAY (SERVICE RD) NEAR APPLETON DK RD,1149.6666666666667,-47598.333333333336,-97.64161264735648,1.1429467804075537,17150.041666666668,Volatile
1361,328138.4166666667,ESPLANADE NEAR WATSON,527081.0833333334,198942.6666666667,60.627667033805096,0.30982333718483757,405981.65986394556,Growth
1362,452446.4166666667,BERWICK-CRANBOURNE / CASEY FIELDS BLVD,976476.4166666666,524029.99999999994,115.82144994333581,0.24292811795982536,777245.2721088436,Growth
1363,365590.0,CRAIGIEBURN / VANTAGE / HIGHLANDER,1113075.9166666667,747485.9166666667,204.46016484768913,0.3448993606499715,678490.693877551,Growth
1364,431592.0,BAY RD NEAR FERNHILL RD,402618.25,-28973.75,-6.713226843871063,0.17185271579720846,424224.2195121951,Stable
1365,249713.66666666666,MCCLELLAND / CENTENARY PARK / BORAL,318642.1666666667,68928.50000000003,27.60301465278233,0.17840643811652243,307394.582733813,Stable
1366,763569.6666666666,KEILOR NEAR ELSTONE,621810.6666666666,-141759.0,-18.56530008831327,0.13705810845470998,664950.6326530612,Decline
1367,1297994.6666666667,BULLEEN / GOLDEN WAY,681472.8333333334,-616521.8333333334,-47.49802515880908,0.26573090886506756,1122612.9727891157,Decline
1368,543179.5833333334,GOURLAY / ALLENBY,516153.8333333333,-27025.75000000006,-4.975472353756556,0.13111540166444993,544768.4897959183,Stable
1369,546815.3333333334,HULL NEAR MANCHESTER,946971.8333333334,400156.5,73.17945851311167,0.2817507932399443,622418.0204081633,Growth
137,1702098.4166666667,MAROONDAH / CROYDON / WARRIEN / LINCOLN,1797370.4166666667,95272.0,5.597326163229593,0.12484476901852587,1848264.9863945579,Stable
1370,470015.3333333333,MICKLEHAM / DELLAMORE / GREENVALE GARDENS BVD,891420.0833333334,421404.75000000006,89.65766010470581,0.26955141916176256,679712.8344827587,Growth
1371,376331.5,CHADSTONE SHOPPING / BUS / CAR PARK,343174.3333333333,-33157.166666666686,-8.810627509700009,0.21004092214191392,414317.125,Stable
1374,838559.0,DERRIMUT / WERRIBEE PLAZA ENT 4,901739.75,63180.75,7.5344430147431485,0.13317107027810346,888311.5753424658,Stable
1376,721343.5,VICTORIA NEAR DOMAINE DR,946436.0,225092.5,31.204620267597893,0.1735816602844575,780034.9659863946,Growth
1377,396570.75,KING BETWEEN WYENA AND NEDLANDS,400715.1666666667,4144.416666666686,1.045063627780588,0.4786499096969401,315077.5238095238,Volatile
1378,1061654.0833333333,CENTRE / MASTERS ACCESS,907267.4166666666,-154386.66666666663,-14.5420875867524,0.12455668570279714,964053.4965986394,Decline
1379,1251647.75,BARKERS / CHURCH / HIGH (KEW TRAM DEPOT),1018920.0833333334,-232727.66666666663,-18.5937031138886,0.16955533975409284,1165053.0612244897,Decline
138,1946248.25,MAROONDAH / DORSET / BELLARA / EXETER,2208758.5833333335,262510.3333333335,13.488018978736832,0.2910007443912904,1991398.1700680272,Growth
1380,178633.83333333334,OVERTON / KENDALL,307728.5833333333,129094.74999999997,72.26780481114531,0.23756630795828854,270186.0298507463,Stable
1381,283484.5833333333,OVERTON / ALTAIR,264367.0,-19117.583333333314,-6.7437823632384415,0.17680501020507688,267448.34117647057,Stable
1382,547526.1666666666,MCDONALDS / MURDOCH,603028.8333333334,55502.666666666744,10.136988886680316,0.14753633895399282,585168.693877551,Stable
1387,387412.5833333333,HIGHETT / TRAIN,348888.4166666667,-38524.16666666663,-9.943963702779392,0.09769690131693771,376331.9591836735,Stable
1388,482160.4166666667,HIGHETT / GRAHAM / RAILWAY,412450.8333333333,-69709.58333333337,-14.457757402662502,0.12099866774147426,436786.56462585035,Stable
139,1595502.0,CANTERBURY / BAYFIELD,1345457.8333333333,-250044.16666666674,-15.671817814497679,0.13365830084981087,1385021.836734694,Decline
1390,1375675.5,MOOROODUC NEAR ERAMOSA WEST,1712657.9166666667,336982.41666666674,24.495778013540747,0.1691075710524085,1471202.9647887324,Growth
1391,407158.6666666667,WARRANDYTE / EASTLAND SHOPPING (ENTRANCE 8),383126.1666666667,-24032.5,-5.9024901021387235,0.16077251800557896,393357.5396825397,Stable
1392,757151.1666666666,TAYLORS / BRAESWOOD,818816.8333333334,61665.666666666744,8.1444326287111,0.1529016181652825,780121.7482993198,Stable
1394,665662.25,LILYDALE-MONBULK NEAR JOY AVENUE,914668.75,249006.5,37.40733382432307,0.25852931515826094,688539.074829932,Growth
1395,411532.4166666667,LINSELL / SELANDRA,861839.5,450307.0833333333,109.42202001502919,0.30275804656969485,626601.3557692308,Growth
1396,1415276.4166666667,PRINCES / DOVETON,1580620.1666666667,165343.75,11.682788468236211,0.152872551176135,1544389.9659863946,Growth
1397,1726816.75,TOORAK / MASTERS CAR PARK,2142728.5,415911.75,24.085459560199425,0.22602110446100437,1675284.4353741496,Growth
1398,1025602.9166666666,BALLARAT / MAIN,1271411.3333333333,245808.41666666663,23.967211156689537,0.18745031491049766,1203336.243902439,Growth
1399,735256.6666666666,PALMERS / PFW IB ON RAMP,880713.3333333334,145456.66666666674,19.78311428662101,0.20392388275590848,750905.9863945579,Stable
140,1207761.4166666667,MAROONDAH / BLACK SPRINGS,655363.0,-552398.4166666667,-45.73737900911308,0.18109072015327615,1116746.4421768708,Decline
1400,643361.75,CHRISTIES ROAD / WESTERN FREEWAY EXIT RAMP,635699.8333333334,-7661.916666666628,-1.1909188985305121,0.1866323937205412,747171.8035714285,Stable
1404,265744.8333333333,CHRISTIES ROAD / WESTERN FREEWAY ENTRY RAM,422971.0833333333,157226.25,59.16436757315445,0.2939104526411435,445005.03571428574,Growth
1405,365549.1666666667,TARNEIT ROAD / MADDEN BOULEVARD,458432.5,92883.33333333331,25.409258672453994,0.21669824708405122,428715.652173913,Stable
1406,531675.0,BERWICK-CRANBOURNE ROAD NR HEATHER GROVE,858440.9166666666,326765.9166666666,61.45971066284227,0.24323072631682935,882652.3092783506,Growth
1409,257659.41666666666,TUCKER ROAD NR VALKSTONE STREET,260278.33333333334,2618.916666666686,1.0164257532472691,0.19605326475597498,261783.4756097561,Stable
141,1407984.25,MAROONDAH / EDWARD / MANCHESTER,1310178.75,-97805.5,-6.946491056274244,0.11861275188848708,1409891.857142857,Stable
1414,944923.5,,1018452.5,73529.0,7.781476489895743,0.506033965831251,911772.0714285715,Volatile
1415,2002816.0,MONASH FREEWAY EXIT RAMP / FERNTREE GULLY RD,1754758.8333333333,-248057.16666666674,-12.38541966244861,0.25103797481628926,1895674.6138613862,Decline
1417,247987.08333333334,,259850.58333333334,11863.5,4.783918517261484,0.2546569020320563,245399.42857142858,Stable
1418,1205312.4166666667,FORSYTH NEAR FEDERATION TRAIL,1669295.1666666667,463982.75,38.494812098854865,0.19029661639199846,1508420.7605633803,Growth
1419,695582.0,LOWER DANDENONG ROAD / HARGRAVE PLACE,827861.5833333334,132279.58333333337,19.01710845498207,0.2057826810543581,759553.7446808511,Stable
142,1194033.75,MAROONDAH / VICTORIA,1086975.5833333333,-107058.16666666674,-8.96609217843857,0.12637848301549118,1129469.3469387756,Stable
1421,240580.33333333334,ATHOL ROAD / NOBLE STREET,190595.75,-49984.58333333334,-20.776670578503925,0.2476244228038733,206314.5294117647,Stable
1422,141553.66666666666,BRIDGE ROAD / SIDING AVENUE,442586.1666666667,301032.5,212.66315955550428,0.4203471161274499,304913.71428571426,Growth
1423,620946.3333333334,NARRE WARREN NTH ROAD / FOX ROAD,657050.5833333334,36104.25,5.814391367155186,0.16792563685937706,618314.34,Stable
1424,585088.75,NARRE WARREN NORTH RD / BELGRAVE-HALLAM RD,577066.25,-8022.5,-1.3711595035795852,0.153148582567324,547370.4943820224,Stable
1425,1431553.25,LONSDALE NEAR HARDWARE,1683693.5833333333,252140.33333333326,17.613060033452005,0.20043799955424363,1614616.0384615385,Growth
1426,1034985.0,THOMPSONS ROAD / EVANS ROAD,1935084.5,900099.5,86.96739566273908,0.2872372316011895,1642606.1647058823,Growth
1427,1018552.75,THOMPSONS ROAD / MERINDA PARK BOULEVARD,1378320.25,359767.5,35.32144015123419,0.2986055161892292,1120470.7142857143,Growth
1429,353159.75,SNEDDEN DRIVE / THE GLEN COLES ACCESS,424221.8333333333,71062.08333333331,20.12179568405893,0.25967470923283126,424949.2261904762,Stable
143,767184.0833333334,MAROONDAH HWY & CARPARK ACCESS & WILLIAM ST EAST &…,1388126.6666666667,620942.5833333334,80.93788659371083,0.40092825411244676,957423.1224489796,Growth
1430,496934.5,ASCOT VALE RD BETWEEN RACECOURSE & DUNCA,890619.1666666666,393684.6666666666,79.22264738444737,0.23580614078407078,797754.3823529412,Growth
1431,427491.8333333333,CRAIGIEBURN ROAD / EDGARS ROAD,629737.1666666666,202245.3333333333,47.309753675606274,0.20559685531920122,538097.023255814,Growth
1432,408726.6666666667,CRAIGIEBURN ROAD / MONTBELIARD ROAD / YANN DRIVE,607802.0,199075.3333333333,48.7062258395994,0.21780997431242705,520817.7356321839,Growth
1433,634255.5,TARNEIT ROAD / GOOD NEWS LUTHERAN COLLEGE,699206.9166666666,64951.41666666663,10.240576024435994,0.18510186688758376,717244.7808219178,Stable
1434,436116.5833333333,DOHERTYS ROAD / FORSYTH ROAD,795248.0,359131.4166666667,82.34757181709249,0.2998400874176006,591158.5833333334,Growth
1435,212093.33333333334,PERRY ROAD / ATLANTIC DRIVE,239452.83333333334,27359.5,12.899745395109072,0.20352818565672698,259958.4516129032,Stable
1439,526662.3333333334,HIGH ST / HOLLAND DR / SERVICE CENTRE ACCESS,604088.9166666666,77426.58333333326,14.701370960647129,0.1846998647491756,599554.7647058824,Stable
144,741415.8333333334,MAROONDAH NEAR CLARKE,626488.9166666666,-114926.91666666674,-15.501006520182678,0.1526681260372066,670699.2585034013,Stable
1440,323847.9166666667,STATION STREET / LAURA STREET,299986.0833333333,-23861.833333333372,-7.368221966329372,0.3205222570323765,303807.65263157897,Volatile
1441,318056.9166666667,CHAPEL RD / KEYSBOROUGH SC ACCESS,291472.5833333333,-26584.333333333372,-8.358357243711371,0.19488355836721233,297205.08988764044,Stable
1442,968679.6666666666,POINT NEPEAN NEAR FIRST AVE,884918.5833333334,-83761.08333333326,-8.646933162287215,0.21603110521886099,899405.9418604651,Stable
1444,418568.3333333333,HIGHBURY ROAD NR SEVENOAKS ROAD,452401.5,33833.166666666686,8.083068873660618,0.18833275148432752,449345.1666666667,Stable
1445,601480.1666666666,MCLEOD NEAR SNAPPER POINT,635168.9166666666,33688.75,5.600974374051126,0.21912033895838676,638337.6136363636,Stable
1448,353273.0833333333,DAVIS / HUMMINGBIRD,647582.6666666666,294309.5833333333,83.30937091395538,0.2355921579934983,541554.9589041095,Growth
1449,298574.5833333333,WELLS ROAD BTW BUNA AVE & BOONONG AVE,271226.0,-27348.583333333314,-9.15971581639986,0.17007116840335323,265586.0813953488,Stable
145,1332597.5833333333,MAROONDAH / ANDERSON,799196.3333333334,-533401.2499999999,-40.02718124895293,0.19865486048562528,1179663.380952381,Decline
1452,336418.0833333333,GLENHUNTLY ROAD WEST OF ROYAL AVENUE,711334.8333333334,374916.75000000006,111.44369716550612,0.4407712973104576,572069.6634615385,Growth
1457,518071.0,KANGAROOGROUNDWARRANDYTERD / RESEARCHWARRA,568105.0,50034.0,9.657749613469967,0.17530357780529232,540272.3483146067,Stable
146,1041254.4166666666,CANTERBURY / MT DANDENONG,949725.3333333334,-91529.08333333326,-8.790270837586677,0.14114379624600418,1002937.9795918367,Stable
1460,624113.75,BOLTON NEAR GRAND,1023264.3333333334,399150.5833333334,63.954781213093504,0.24116998892529332,917418.2531645569,Growth
1464,1492335.25,WELLINGTON NEAR HAVERBRACK,1517746.9166666667,25411.666666666744,1.7028121976390187,0.15967434478494183,1508767.5652173914,Stable
1465,632660.6666666666,KEILOR ROAD / GRANGE ROAD,640072.9166666666,7412.25,1.171599625286225,0.1625437608707803,625379.195652174,Stable
1466,502722.0,KEILOR ROAD / NEWMAN STREETREET / CALDER FREEWAY,487271.0,-15451.0,-3.0734680399902925,0.18601242093187373,528837.8152173914,Stable
1467,794923.0,MICKLEHAM ROAD / HILLVIEW ROAD / LEMONWOOD DR,949640.5,154717.5,19.4632058702541,0.32646338372394523,752968.2089552239,Volatile
1469,193703.66666666666,,323319.1666666667,129615.50000000003,66.91432445780585,0.31258260699717993,260549.03225806452,Volatile
147,447476.25,MAROONDAH / WARBURTON,425334.1666666667,-22142.083333333314,-4.948214197587763,0.13408690311954793,439138.0680272109,Stable
1470,42169.75,DOUGLAS ST / LOENARD AVE / LINK RD,392680.9166666667,350511.1666666667,831.1909998675986,0.49512521880038596,294302.4105263158,Growth
1472,225711.58333333334,CLYDE-FIVE WAYS RD NEAR OROYA GROVE,506047.0,280335.4166666666,124.20072223438538,0.4118970055143279,358894.0487804878,Growth
1473,175712.58333333334,BRANDON PARK DRIVE SOUTH OF COLLEGUM AVE,156252.41666666666,-19460.166666666686,-11.07499889734705,0.18141363692901416,163948.23170731709,Stable
1474,256818.66666666666,ENGLISH STREET / LARKIN STREET,297892.8333333333,41074.16666666666,15.99345063183361,0.18053377089025263,278180.81481481483,Stable
1475,1641849.5,STH GIPPSLAND HWY NR STIRLING AVE,1492233.4166666667,-149616.08333333326,-9.112655169266931,0.1465991027380809,1499193.6666666667,Decline
1476,1074366.1666666667,CRANBOURNE-FRANKSTON NR LURLINE ST,1122963.0,48596.833333333256,4.523302654262653,0.14931559062570915,1052843.4166666667,Stable
1477,1238871.3333333333,THOMPSONS NEAR RAPALLO,2122240.5833333335,883369.2500000002,71.30435794516194,0.2845096901495516,1699949.1609195403,Growth
1478,481330.0833333333,SHRIVES ROAD NEAR HALLAM MAIN DRAIN,486024.0833333333,4694.0,0.9752143409555569,0.18952133967386103,479603.8470588235,Stable
1479,678985.9166666666,HIGH ST RD NEAR WINBIRRA PDE,672716.6666666666,-6269.25,-0.9233254838005354,0.1721466913966658,645212.3218390804,Stable
148,752286.9166666666,MANCHESTER / BRICE,438444.0,-313842.9166666666,-41.718513204680434,0.21206223362590415,719683.2653061225,Decline
1480,476002.8333333333,EPSOM ROAD / NEWSOM STREETREET,538313.4166666666,62310.583333333314,13.090380764540264,0.18580915570297302,529613.6097560975,Stable
1481,94830.16666666667,ARMSTRONG ROAD / CHARLWOOD PROMENADE,307785.6666666667,212955.5,224.56514365154544,0.3762843774236702,224659.25974025973,Growth
1482,287503.5,THOMAS STREET / SCOTT STREET,197443.41666666666,-90060.08333333334,-31.32486503062862,0.17037964387447976,251382.50588235294,Stable
1483,471105.8333333333,HOPKINS ROAD / GRAND BOULEVARD,898974.75,427868.9166666667,90.82224977756238,0.28650707138664927,724536.2112676057,Growth
1484,221882.25,SALTWATER PROMENADE NEAR BOVARD AVE,223703.41666666666,1821.166666666657,0.8207806918609565,0.13076368033784183,228370.10843373495,Stable
1485,1039595.8333333334,POUND ROAD NR HIGHLAND AVENUE,1321824.5833333333,282228.7499999999,27.147930085008987,0.1616829825159795,1242728.1724137932,Growth
1486,421631.8333333333,FORSTER RD NEAR WILGA ST,457151.5,35519.666666666686,8.424332286738316,0.21272001276414568,394234.39506172837,Stable
1487,433856.25,WAVERLEY RD BTW ANTHONY DR & JENNIFER CT,622874.9166666666,189018.66666666663,43.56711852524116,0.20246377459662823,582772.6233766234,Growth
1489,1226611.25,HODDLE / ABBOT,1204268.9166666667,-22342.333333333256,-1.8214681573590048,0.1661623734510611,1219036.5,Stable
149,1335737.5833333333,ANDERSON / HARDY,1276397.25,-59340.333333333256,-4.442514313720921,0.11216261909041789,1318298.8911564625,Stable
1490,827062.25,DUNCANS RD / PRINCES FWY IB RAMPS,986077.25,159015.0,19.226485068082845,0.14213532220222724,974730.7878787878,Growth
1491,132035.25,HENRY STREET / STATION STREET,232337.16666666666,100301.91666666666,75.96601412627814,0.2800140445009119,195269.7159090909,Volatile
1492,275827.9166666667,,446012.1666666667,170184.25,61.699429142868354,0.4842763994553527,369985.962962963,Growth
1493,377374.0833333333,RAILWAY PDE NEAR WEATHERSON RD,550788.25,173414.1666666667,45.9528553563893,0.2029003059670976,520201.73333333334,Growth
1495,40052.25,MORRIS ROAD / EVERTON ROAD,207644.91666666666,167592.66666666666,418.4350858357936,0.5120003574048708,127872.55405405405,Growth
1496,30339.833333333332,PATTERSONS ROAD / CHEROKEE PDE,528104.9166666666,497765.0833333333,1640.632227160114,0.8100193507234082,230283.13414634147,Growth
1497,500634.5,PALMERS / WALLACE,954294.25,453659.75,90.61695708146362,0.26460205632373207,810852.282051282,Growth
1498,552979.6666666666,AITKEN BLVD / SHOPPING CENTRE ACCESS,712710.25,159730.58333333337,28.885435208889547,0.2114808027866701,602196.6046511628,Growth
1499,1081896.75,EPPING ROAD / FINDON ROAD / O'HERNS ROAD,1314406.4166666667,232509.66666666674,21.490929394756638,0.17797317106608176,1289696.4505494505,Growth
1500,718203.3333333334,PALMERS / PFW OB OFF RAMP,964847.0,246643.66666666663,34.3417602257485,0.20642513998424541,797606.5170068027,Growth
1501,423884.1666666667,DUNNINGS NEAR MAIN,690984.0833333334,267099.9166666667,63.01247785853447,0.2227466384641815,670660.8101265823,Growth
1505,505045.8333333333,PALMERS / OVERTON,881587.8333333334,376542.00000000006,74.55600564305222,0.295827839390839,666605.5986394557,Growth
1506,714097.5833333334,PRINCES HIGHWAY EAST / TIMBERTOP,911907.9166666666,197810.33333333326,27.700742580583338,0.2024698172830138,928065.2447552447,Growth
1507,552974.1666666666,CRAIGIEBURN / AITKEN BOULEVARD,1299188.9166666667,746214.7500000001,134.94568010259675,0.29020155319271523,951423.2380952381,Growth
1508,304936.4166666667,BAXTER-TOORADIN RD NEAR THOMAS,335288.25,30351.833333333314,9.953495769746528,0.11673929113993274,332821.68707482994,Stable
1509,608662.5833333334,HIGH STREETREET / WOODGROVE SHOPPING CENTRE,666021.9166666666,57359.333333333256,9.423831019676872,0.20564744660518475,657680.3605442176,Stable
1510,422331.25,BRIDGE INN / BASSETTS,614148.9166666666,191817.66666666663,45.418771797414145,0.20365492932022913,503638.6776859504,Growth
1511,563613.0,HAMMOND / RODEO DRV / L'AVENUENIR BLVD,578618.6666666666,15005.666666666628,2.6624060599501123,0.15690082859003,591571.012195122,Stable
1512,301845.3333333333,AITKEN BOULEVARD / CENTRAL PARK AVENUENUE,884220.0,582374.6666666667,192.9381051664429,0.32356381123802014,670544.0136054421,Growth
1513,730421.5,ASHLEY STREETREET / RUPERT STREETREET,737322.0833333334,6900.583333333372,0.9447398978991408,0.13319621046879646,730422.1292517007,Stable
1514,556933.0833333334,EPPING / BALTRUM,511695.75,-45237.33333333337,-8.122579657609979,0.45582689781732577,507575.5294117647,Volatile
1515,323290.75,EDWARDS / SWITCHBACK,341041.5833333333,17750.833333333314,5.490671580715908,0.1711978756955637,340629.81481481483,Stable
1516,476773.0,BALLARTO ROAD B / W MCGOWAN DR & POTTS RD,441318.3333333333,-35454.666666666686,-7.436383072587308,0.24812995885853095,488156.3292682927,Stable
1518,551233.25,SAYERS / WETLANDS,602698.8333333334,51465.58333333337,9.336443934275259,0.1667988296404107,600168.1985294118,Stable
1519,607370.5833333334,CARDINIA / DAMON,660665.3333333334,53294.75,8.774667634957076,0.2342930494770014,565385.6258503401,Stable
152,634879.25,BELL NEAR HERBERT,673822.1666666666,38942.91666666663,6.133909190868441,0.1251225575103023,666070.3333333334,Stable
1520,1109159.5833333333,,2874401.1666666665,1765241.5833333333,159.15127181503414,0.5334174181504026,1345051.3645833333,Growth
1521,167620.5,FOSTER / RUDDUCK,220901.58333333334,53281.08333333334,31.78673451835148,0.15162747461647705,217165.14965986394,Stable
1522,433963.8333333333,HALLAM NEAR IVAN,691459.5833333334,257495.75000000006,59.335762619235176,0.20841648396268814,621299.2887323943,Growth
1523,246754.0,MANOR LAKES / ARMSTRONG,675575.4166666666,428821.4166666666,173.7849909896766,0.3313359852318031,478317.8321167883,Growth
1524,741005.6666666666,HALLAM NEAR COMMERCE,938775.3333333334,197769.66666666674,26.68935955055676,0.1907536679638332,892257.6829268293,Growth
1526,326005.25,LIVERPOOL / PINKS,354981.4166666667,28976.166666666686,8.888251544006327,0.16934669500243146,362082.19178082194,Stable
1528,188839.5,BALLAN / HOBBS,703906.5833333334,515067.0833333334,272.7538906496434,0.38116424739501725,461921.102189781,Growth
1529,1696961.4166666667,FITZSIMONS NORTH OF PARKWOOD,2369054.4166666665,672092.9999999998,39.605673611612744,0.2745544230877409,1898896.4206896552,Growth
153,1532018.8333333333,MAROONDAH / CIVIC CENTRE,1266882.3333333333,-265136.5,-17.306347300125662,0.14256982577422656,1375947.081632653,Decline
1531,853697.75,BERWICK-CRANBOURNE / ARBOURLEA,1023532.0833333334,169834.33333333337,19.893965204117425,0.19187244239495457,1042750.6642335766,Growth
1532,310275.25,FORSYTH / WATERWAYS,690587.3333333334,380312.0833333334,122.57248469974107,0.32768671575133856,524422.9513888889,Growth
1533,484792.1666666667,MORRIS BETWEEN BELLBRIDGE AND LOXLEY,758426.4166666666,273634.24999999994,56.443620341775315,0.21260124988741108,563905.5069444445,Growth
1534,749632.9166666666,CRAIGIEBURN / LYGON,985707.75,236074.83333333337,31.49205805730472,0.13546587055172404,842135.3793103448,Growth
1535,554343.5833333334,STREETUD ROAD BETWEEN PHYLLIS AND LEONARD,591319.75,36976.16666666663,6.67026150899494,0.14038754130853356,556086.2,Stable
1539,759668.0,SUNSHINE / GEELONG,1178722.0,419054.0,55.16278163618844,0.2087010842381251,1064935.8129496402,Growth
154,281455.0833333333,WARBURTON HIGHWAY / YARRA JUNCTION-NOOJEE,304121.0,22665.916666666686,8.05312037651953,0.17628486163542004,303229.2195121951,Stable
1542,1175299.8333333333,OLD GEELONG ROAD / NEW BUNNINGS ENTRANCE /,983531.25,-191768.58333333326,-16.316566878891468,0.17715721650924138,1080758.0408163266,Decline
1544,524322.6666666666,BALLAN ROAD / SPORT CENTRE ACCESS,652590.5833333334,128267.91666666674,24.463545984406565,0.21575563791747607,595182.1229508197,Stable
1545,1163110.1666666667,PRINCES HIGHWAY / BUNNINGS ENT,1067135.25,-95974.91666666674,-8.251575767901613,0.13145393305875824,1198449.455782313,Stable
1546,19611.166666666668,HARVEST HOME ROAD NEAR GAMMAGE BOULEVARD,55046.5,35435.33333333333,180.68957311735656,0.35245088640736644,45869.32710280374,Volatile
1547,541894.4166666666,HALL ROAD / EASTWOOD BLVD / ATLAS DR,787919.6666666666,246025.25,45.400956797703365,0.19153589058956147,699416.2071428571,Growth
1548,353037.1666666667,ERAMOSA ROAD WEST / SHOPPING CENTRE ACCESS,437769.75,84732.58333333331,24.001037662229134,0.15987326228630333,429845.87671232875,Stable
155,448411.3333333333,EDWARD / VIEWPOINT,481237.5,32826.166666666686,7.320547949278717,0.11811466749405915,466955.31292517006,Stable
1550,220112.58333333334,HIGHETT ROAD WEST OF SPRING ROAD,217784.25,-2328.333333333343,-1.057792016282581,0.23025336907799096,215959.88524590165,Stable
1551,551793.3333333334,DERRIMUT ROAD / ROSE GRANGE ACCESS ROAD,1035524.9166666666,483731.58333333326,87.66535478258767,0.46456900435788573,724562.2330097087,Growth
1552,38902.75,BOURKE STREET / COLLINS STREET / TOM THUMB L,98375.5,59472.75,152.8754393969578,0.3534527690324262,83577.54109589041,Volatile
1553,269034.0833333333,PALMERS ROAD / SEDGEFIELD AVE-TRUGANINA,665253.25,396219.1666666667,147.2747102365283,0.4872918331722323,519185.944,Growth
1554,536274.4166666666,LEAKES ROAD / FORSYTH ROAD,1527853.25,991578.8333333334,184.9013867744639,0.5363148203167489,1015186.4,Growth
1556,157450.58333333334,FORSYTH ROAD / ELMHURST ROAD,648687.9166666666,491237.33333333326,311.9946099490474,0.37922096846649933,476737.4491525424,Growth
1557,246117.41666666666,FRANKSTON-FLINDERS / PADUA COLLEGE ACCESS,268600.1666666667,22482.75000000003,9.13496911535112,0.20749908472449982,259664.75362318842,Stable
1559,265020.25,MORNINGTON PENINSULA FWY / NEPEAN HWY,330030.9166666667,65010.666666666686,24.53045254717958,0.16942709196075348,324696.390070922,Stable
1561,648038.4166666666,MCDONALDS ROAD / SOUTHLEE DRIVE,736932.75,88894.33333333337,13.717448078245367,0.1291049030163042,723300.8120300752,Stable
1562,697478.4166666666,PRINCES HIGHWAY EAST / STARLING ROAD / SIDING ROAD,938500.5833333334,241022.16666666674,34.55621864523646,0.1876751597890018,916796.6268656716,Growth
1563,500186.1666666667,LONSDALE STREET NEAR HEALEYS LANE,1088070.6666666667,587884.5,117.53313849476712,0.3357804269899837,789759.496124031,Growth
1564,341724.25,AITKEN BVD / JAMES MIRAMS DR / LYSTERFIELD D,919043.6666666666,577319.4166666666,168.9430634983226,0.31416164015687015,736793.7016129033,Growth
1565,577939.25,CARDINIA RD / ARENA PDE / SHEARWATER DR,881425.4166666666,303486.1666666666,52.51177639633692,0.2404560324421832,758950.8712121212,Growth
1566,351303.3333333333,THOMPSONS ROAD / WHEELERS PARK DRIVE,946615.6666666666,595312.3333333333,169.45820800637625,0.43262236799203274,659440.6766917293,Growth
1568,328606.4166666667,AITKEN BOULEVARD / SILVESTER PARADE,682391.1666666666,353784.74999999994,107.66215510601967,0.2770272825274382,558270.575,Growth
157,1344333.25,MAROONDAH HIGHWAY / KIMBERLEY / FLETCHER,1460264.75,115931.5,8.623717370674273,0.12982980992764906,1403596.3673469387,Stable
1570,469919.3333333333,AIRPORT DRIVE / LINK ROAD,733435.25,263515.9166666667,56.076840847861845,0.25329474598180274,643675.7633587787,Growth
1571,59102.916666666664,LINK ROAD / WATSON DRIVE,189701.0,130598.08333333334,220.96723934943992,0.4630895414465876,147537.4835164835,Volatile
1572,203601.66666666666,MELROSE DR / WATSON DR / SPRINGBANK STREET,194744.58333333334,-8857.083333333314,-4.350201782893058,0.21598617593234629,201158.42748091603,Stable
1576,471211.6666666667,BERWICK-CRANBOURNE / MORISON / MACKILLOP WAY,1498022.25,1026810.5833333333,217.90856550665478,0.4416365710477268,1140974.088,Growth
1577,171827.91666666666,"MOUNTAIN HWY, NEAR FORREST RD, THE BASIN",126634.58333333333,-45193.33333333333,-26.301508049477796,0.35547180043833715,160421.56115107914,Volatile
1578,673860.4166666666,NARRE WARREN-CRANBOURNE RD / ROSEBANK DR,1131989.5833333333,458129.1666666666,67.98576609275536,0.1935720335091654,900851.2093023256,Growth
1579,631848.0,NARRE WARREN-CRANBOURNE RD / CASEY CENTRAL,1236406.75,604558.75,95.6810419594586,0.20532075588802876,1024199.5267175572,Growth
158,1277468.1666666667,CANTERBURY / BUNNINGS HARDWARE ACCESS,1311116.8333333333,33648.66666666651,2.634012145638581,0.11338939935528103,1315782.6734693877,Stable
1581,683195.0833333334,AITKEN BLVD / ELEVATION BLVD / GOLF VIEW DR,717020.1666666666,33825.083333333256,4.951013869757297,0.1695323550566856,719141.0344827586,Stable
1582,61528.583333333336,SKY ROAD / TOLL ACCESS,111568.25,50039.666666666664,81.32751309350802,0.22111109350782573,97082.93023255814,Stable
1583,541017.3333333334,PARA ROAD / RATTRAY ROAD,554580.25,13562.916666666628,2.506928305439375,0.1758964336952482,517180.6535433071,Stable
1584,109982.0,BLACK FOREST RD / CLITHEROE DV / SHIPWRIGHT,252502.25,142520.25,129.58506846574892,0.2822287616745636,208895.896,Volatile
1585,808097.25,CRAIGIEBURN ROAD / HANSON ROAD,1103190.25,295093.0,36.5170157428453,0.41463154873763525,800182.8699186991,Growth
1586,423513.5833333333,WELLINGTON PDE NEAR POWLETT ST,279320.4166666667,-144193.16666666663,-34.04688121966965,0.27155002794502864,381814.4268292683,Decline
1587,59612.5,FOGARTY AVENUE NEAR WEMBLEY AVENUE,118468.08333333333,58855.58333333333,98.73027189487664,0.5196216823066625,75661.82894736843,Volatile
1588,500594.4166666667,ABBBOTTS ROAD / PRODUCE DRIVE,593238.75,92644.33333333331,18.506865088553887,0.19756199281356382,483007.00854700856,Stable
159,1421271.0,BURWOOD HIGHWAY / LAKEWOOD,1247740.0833333333,-173530.91666666674,-12.209558674360254,0.13947815779198658,1311166.857142857,Decline
1590,886449.0,BURWOOD HIGHWAY / TERRARA ROAD,806734.0,-79715.0,-8.992621120899228,0.15376140485502846,832563.3515625,Stable
1592,625758.6666666666,NEPEAN HIGHWAY NR DENMAN AVENUE,698442.0833333334,72683.41666666674,11.615247305137883,0.24831495512384033,662172.6890756303,Stable
1599,251694.66666666666,FRANKSTON-FLINDERS ROAD NR PEDDLE STREET,430538.3333333333,178843.66666666666,71.05580306297048,0.25580538837790834,370907.1015625,Growth
160,281110.25,STREETATION / ALPINE,243567.91666666666,-37542.33333333334,-13.35502114680391,0.15070094217924834,256134.04761904763,Stable
161,1464280.0,BURWOOD HIGHWAY / LAKESIDE / WOODVALE,1302729.0,-161551.0,-11.03279427431912,0.15410301568711252,1373928.7006802722,Decline
162,1766015.25,BURWOOD HIGHWAY / BLACKBURN,1651605.5833333333,-114409.66666666674,-6.478407627944705,0.1326697373735216,1730233.9047619049,Stable
163,1351907.0833333333,BURWOOD HIGHWAY / SEVENOAKS,1231823.0833333333,-120084.0,-8.882563119938284,0.14636081326274286,1276717.9727891157,Stable
164,2412190.0833333335,BURWOOD HIGHWAY / SPRINGVALE,2168502.4166666665,-243687.66666666698,-10.10234095357536,0.13682259298981822,2276723.5986394556,Decline
165,1389966.6666666667,BURWOOD HIGHWAY / SAFEWAY ENT / RSPCA ENT,1169077.6666666667,-220889.0,-15.891676059377922,0.20835599862239254,1245469.2448979593,Decline
166,1929470.5,BURWOOD HIGHWAY / HANOVER / HARTLAND,1596925.5,-332545.0,-17.235039354061126,0.16072252135460702,1738185.537414966,Decline
167,1113085.6666666667,BURWOOD HIGHWAY NEAR BENWERRIN,1011172.1666666666,-101913.50000000012,-9.155943971967426,0.15150770813768344,1033582.224489796,Stable
168,1636801.9166666667,BURWOOD HIGHWAY / MORACK / TIP ENT / EXIT,1456143.25,-180658.66666666674,-11.037295645069662,0.14620398770873658,1553215.6394557822,Decline
1681,574594.75,AITKEN BOULEVARD / FAIRWAYS BOULEVARD,845380.0833333334,270785.3333333334,47.126315256680186,0.1999401906322816,812125.1948051949,Growth
1689,832276.6666666666,STREETATION / WITTON / TULLOCH,1285376.25,453099.5833333334,54.44098116411611,0.23681629590123193,1020635.0080645161,Growth
169,1726492.6666666667,BURWOOD HIGHWAY / MOUNTAIN HIGHWAY,1579273.5,-147219.16666666674,-8.527065854898895,0.14702002645786824,1658828.2176870748,Decline
1697,1019039.6666666666,DINGLEY BYPASS / CLARINDA ROAD,1911873.9166666667,892834.2500000001,87.6152596611385,0.2875080097367069,1503893.6363636365,Growth
1698,1123617.6666666667,DINGLEY BYPASS / BOUNDARY ROAD,2135057.6666666665,1011439.9999999998,90.0163845768415,0.26410335656163797,1723035.9180327868,Growth
1699,1149478.5,DINGLEY BYPASS / KINGSTON ROAD,2080014.1666666667,930535.6666666667,80.95285528756447,0.25547898184085693,1697432.524590164,Growth
170,1741236.1666666667,BURWOOD HIGHWAY / STUD,1732180.9166666667,-9055.25,-0.5200472040122454,0.12950919410819425,1722004.8639455782,Stable
1700,838851.5833333334,DINGLEY BYPASS / TOOTAL ROAD,1036888.8333333334,198037.25,23.608139262616877,0.17148433490874293,1078546.6229508198,Growth
1701,1449077.4166666667,DINGLEY BYPASS / WESTALL ROAD,1315717.25,-133360.16666666674,-9.203108483564462,0.188956381482771,1519320.0409836066,Decline
1703,20331.25,RAILWAY PLACE @ RINGWOOD STATION BUS INT,21788.583333333332,1457.3333333333321,7.167947535608151,0.3973502010958259,21001.716814159292,Volatile
1704,813531.0,FRANKSTON-DANDENONG RD / YAZAKI WAY,781680.0,-31851.0,-3.9151550463350504,0.12148545148977395,816296.1615384616,Stable
1706,676224.4166666666,EAST BOUNDARY ROAD / SOUTH DRIVE,938399.6666666666,262175.25,38.770450095893956,0.27464215172728484,888667.3888888889,Growth
1707,483454.3333333333,BRIDGE RD NEAR WALTHAM ST,670559.5833333334,187105.25000000006,38.701742253491034,0.2417878708839687,657346.15,Growth
171,998798.75,STREETUD / KNOX CITY ENT 1,1136937.75,138139.0,13.830513904828177,0.14398989657947775,1025050.6666666666,Stable
1710,740687.8333333334,LWR DANDENONG RD / RIVETTE ST,859548.3333333334,118860.5,16.04731367937955,0.1615656590415845,765332.304,Stable
1711,728759.3333333334,FLINDERS ST NEAR RUSSELL ST,773079.1666666666,44319.833333333256,6.081545896724925,0.2636188243833578,808524.3536585366,Stable
1712,897965.1666666666,FRANKSTON-DANDENONG / WEDGE / BOUNDARY,1061665.75,163700.58333333337,18.23017076943037,0.1590380579474408,1016192.5210084034,Growth
1713,583720.5,LEAKES RD / BOLIVAR ESP / PROSPERITY ST,1448580.3333333333,864859.8333333333,148.16334758387504,0.49069043918927757,1027726.1634615385,Growth
1714,521609.6666666667,SNEYDES ROAD / HOPPERS LANE SOUTH,717020.0,195410.3333333333,37.46294323533114,0.18728563347799987,707899.7142857143,Growth
1715,558296.8333333334,SNEYDES RD / PRINCES FWY OB RAMPS,785342.9166666666,227046.08333333326,40.667628719608814,0.18761695249111093,775183.9831932773,Growth
1716,578252.3333333334,SNEYDES RD / PRINCES FWY IB RAMPS,803318.75,225066.41666666663,38.92183458547795,0.18920523222037824,802020.1512605041,Growth
1717,931621.3333333334,NEPEAN HIGHWAY NEAR TOWER ROAD,1031883.5,100262.16666666663,10.762115795258726,0.14958512831662862,985936.5294117647,Stable
1718,160642.83333333334,CAMBRIDGE RD BTW HAWTHORY RD-DUNROSSIL D,283089.5833333333,122446.74999999997,76.22297705987503,0.23167050967615205,257276.79464285713,Stable
1719,648011.3333333334,MAROONDAH HIGHWAY AT OLINDA CREEK,815652.25,167640.91666666663,25.870059371389587,0.2718095895894921,875528.8468468469,Growth
172,1224408.3333333333,BURWOOD HIGHWAY / KNOX CITY ENT 2 / TYNER,1065540.5833333333,-158867.75,-12.975062785426974,0.15213156045094547,1134227.7414965986,Decline
1720,761979.6666666666,SLADEN ST BTW CODRINGTON ST & RUSSELL ST,1295073.4166666667,533093.7500000001,69.96167658017123,0.2138029314452694,1124701.7142857143,Growth
1722,207073.0,BRIDGE INN / INDEPENDENCE / PAINTED HILLS,526475.0833333334,319402.0833333334,154.24612737215057,0.40410496430914383,372193.10185185185,Growth
1723,591919.3333333334,BRUNSWICK STREET AT CANNING STREET,1022851.0833333334,430931.75,72.80244549088333,0.27573874666033665,878641.9322033898,Growth
1725,322174.1666666667,MILLEARA ROAD NR CENTREWAY,326638.25,4464.083333333314,1.385611819693793,0.13662491890000847,340705.992,Stable
1726,452906.8333333333,PLENTY RD / LAUREL ST / WALLAN RD,467592.6666666667,14685.833333333372,3.242572699830474,0.14690407336374078,453093.4943820225,Stable
173,1020743.5,BURWOOD HIGHWAY / KNOX CITY ENT 3 / LYNNE,983721.9166666666,-37021.58333333337,-3.6269232508787344,0.1437786104843389,980445.231292517,Stable
1732,602604.0833333334,MELTON HIGHWAY / GATEWAY DRIVE,836226.8333333334,233622.75,38.76886275109597,0.2559236861275326,734209.3166666667,Growth
1733,365261.75,BOUNDARY ROAD NEAR SUTTON STREET,545040.5833333334,179778.83333333337,49.219178666622874,0.23975756909699367,447560.21186440677,Growth
1734,94711.25,BLACK FOREST RD / HAINES DV / TREEVE RD,211140.75,116429.5,122.93101400308832,0.3128272446816216,188995.24528301886,Volatile
1737,263658.0,DONNYBROOK ROAD / STREET GEORGES BOULEVARD,630070.9166666666,366412.9166666666,138.97280441582149,0.2890038839165442,514590.8585858586,Growth
1738,205131.75,THOMPSONS RD / LAKER BVD / MATTERHORN DR,580790.1666666666,375658.4166666666,183.13031340427145,0.3715139814163949,458572.6976744186,Growth
1739,799647.1666666666,"TOORAK ROAD, WEST OF GLENBERVIE ROAD",857717.9166666666,58070.75,7.262046615142554,0.1618239239601664,881038.544,Stable
174,1605929.9166666667,BURWOOD HIGHWAY / SCORESBY,1612888.6666666667,6958.75,0.43331592043841266,0.1459549556993857,1538835.3197278911,Stable
1740,183427.58333333334,EDGARS ROAD / WILLANDRA DRIVE,543243.1666666666,359815.58333333326,196.16220025068924,0.38516057692222916,394094.76744186046,Growth
1741,174834.08333333334,DUNNINGS ROAD / HACKETTS ROAD,299778.0,124943.91666666666,71.46427875190238,0.22091788558080824,266418.3789473684,Stable
1742,418085.8333333333,RESERVE ROAD / WEATHERALL ROAD,428259.8333333333,10174.0,2.433471595744893,0.18767888303278024,445919.80508474575,Stable
1744,1031717.75,KING STREET NORTH OF JEFFCOTT STREET,1340261.4166666667,308543.66666666674,29.905821303032422,0.19511988792857146,1370134.9090909092,Growth
1745,88599.33333333333,LEAKES ROAD / DAVIS ROAD,636043.0833333334,547443.75,617.8869856056103,0.5610740111941902,371669.44444444444,Growth
1746,495406.3333333333,BAMBRA ROAD / NEERIM ROAD,417434.4166666667,-77971.91666666663,-15.738982612925815,0.20238345854940118,460548.8559322034,Stable
1748,538283.25,DONNYBROOK ROAD / DWYER STREETREET,972727.0833333334,434443.8333333334,80.70914956639156,0.26204992118106574,819166.1940298508,Growth
1749,318475.0833333333,CENTRE ROAD NEAR BURGESS STREET,685698.25,367223.1666666667,115.30671813415023,0.2740277217643981,595602.9363636364,Growth
175,1187451.6666666667,STREETUD / KNOX TAFE COLLEGE ENT / RIVERPARK,1302048.5,114596.83333333326,9.650652447608387,0.13482111463409613,1219393.1292517006,Stable
1751,264481.3333333333,DONNYBROOK ROAD / ERROL BLVD / ELLSCOTT BLVD,707511.4166666666,443030.0833333333,167.5090176496388,0.3056144772328445,556729.64,Growth
1752,515873.5833333333,BRIDGE INN ROAD / SISSINGHURST PARADE,561796.0,45922.416666666686,8.90187405409239,0.1495735164007847,519514.25,Stable
1753,859868.4166666666,BERWICK-CRANBOURNE RD / PLYMOUTH BLVD,1151072.0,291203.5833333334,33.866063421913104,0.1820823435467578,1097268.61,Growth
1754,284285.8333333333,POINT NEPEAN ROAD NEAR THE LOOP,172877.33333333334,-111408.49999999997,-39.188903187226465,0.4295710274070562,306614.4819277108,Volatile
1755,427351.0833333333,CORRIGAN ROAD / HENDERSON ROAD,372494.5,-54856.583333333314,-12.836420796094075,0.1448411530880746,431062.4210526316,Stable
176,1348869.25,BURWOOD HIGHWAY / FERNTREE GULLY / COMMERCIAL,1577020.9166666667,228151.66666666674,16.914290741424104,0.14599849184706395,1540127.5102040817,Growth
1762,121866.16666666667,HACKETTS ROAD NEAR BROWNLOW DRIVE,193955.83333333334,72089.66666666667,59.1547831842855,0.20739622483040496,178596.931372549,Stable
1763,901699.5833333334,,450822.1666666667,-450877.4166666667,-50.003063658951454,0.39280119195979807,861889.7307692308,Decline
1765,586650.5,HALL ROAD / BRADMAN DRIVE,752222.0833333334,165571.58333333337,28.2232067190488,0.21364925930672793,668918.9801980198,Growth
1766,774561.75,MOUNTAIN HIGHWAY / STATION STREET,1167013.6666666667,392451.91666666674,50.667608704750364,0.220156234309644,1127465.3596491227,Growth
1767,120576.33333333333,BALLAN ROAD / WELCOME PARADE,401906.5,281330.1666666667,233.32121560615823,0.34918926510307463,273913.91818181815,Growth
1768,581941.4166666666,YORK ROAD BTW KAREN CRT & HAWKINS RD,820762.0833333334,238820.66666666674,41.03860969968771,0.1890888738249845,776655.3786407767,Growth
177,1817017.8333333333,BURWOOD HIGHWAY / DORSET,1827827.0,10809.166666666744,0.5948850070908354,0.11993880099941844,1883234.1768707484,Stable
1770,116537.0,ISON ROAD / HOLYOAKE PARADE / EUREKA DV,287203.9166666667,170666.9166666667,146.44869583622943,0.3852017190996811,210333.7341772152,Growth
1771,26886.583333333332,ISON ROAD / MANOR LAKES BOULEVARD,251440.66666666666,224554.0833333333,835.1901041101664,0.6536081654639615,170682.2405063291,Growth
1775,302269.1666666667,YOUNG STREET / WELLS STREET,272078.1666666667,-30191.0,-9.988117654518737,0.3818292977388868,370249.60784313723,Volatile
1776,2212498.6666666665,SPRINGVALE ROAD NR STATION STREET,2488759.75,276261.0833333335,12.486384172585574,0.1900072767732248,2446423.5802469137,Growth
178,1248588.9166666667,BURWOOD HIGHWAY / KNOX CITY ENT 5 / TYNER,978743.75,-269845.16666666674,-21.61201041148652,0.17104442277846613,1105710.4217687075,Decline
1780,381175.0833333333,CRAIGIEBURN ROAD / BOUNDARY ROAD,637239.6666666666,256064.5833333333,67.17768147227183,0.29001252956630796,510741.3947368421,Growth
1781,507977.0,BRIDGE INN ROAD / SCHOTTERS ROAD,755039.75,247062.75,48.63660165716164,0.3214676838200252,569673.6774193548,Growth
1782,571533.8333333334,PLENTY ROAD / TREVI DRIVE,887318.8333333334,315785.0,55.25219708486199,0.364047119229734,730034.1460674157,Growth
1783,575912.25,PLENTY ROAD / CAMPANIA LANE / FLOURMILL DRIVE,960515.6666666666,384603.4166666666,66.78160026404485,0.4237191660105841,684444.4943820224,Growth
1784,428730.9166666667,EVANS ROAD / DUFF STREET,667810.0,239079.0833333333,55.76436735473745,0.25890067870341227,571021.7976190476,Growth
1785,320054.4166666667,EVANS ROAD / STREETRATHLEA DR,632676.0833333334,312621.6666666667,97.67766054366275,0.32626627988885193,488343.89285714284,Growth
1787,443677.75,CLYDE-FIVE WAYS RD / WATERMAN DR,687951.75,244274.0,55.05662612109803,0.22406902298526857,590764.8192771084,Growth
1788,964073.8333333334,BERWICK-CRANBOURNE RD / HAMMERSLEY DR,1665561.5,701487.6666666666,72.76285720163548,0.29835962226782037,1340890.725,Growth
179,1465904.5,BURWOOD / BRENOCK PK / SELMAN / FOREST,1305773.5833333333,-160130.91666666674,-10.923693642162007,0.13789825042425913,1403248.163265306,Decline
1793,426027.75,ROBINSONS ROAD / PARAWEENA DRIVE / K & S ACCESS,1242123.9166666667,816096.1666666667,191.55939176888518,0.35496041825528835,1032166.9230769231,Growth
1794,733212.6666666666,PALMERS ROAD / ROBINSONS ROAD / BOUNDARY ROAD,1683079.5,949866.8333333334,129.54861208980753,0.3106923566211159,1432904.6363636365,Growth
1795,363090.5,ROBINSONS ROAD / SUNLINE DRIVE,672065.0833333334,308974.5833333334,85.09574977404625,0.45059158830683727,516422.92307692306,Growth
1796,985578.3333333334,ROBINSONS ROAD / MIDDLE ROAD,1586324.25,600745.9166666666,60.95364481429685,0.22376065439949477,1450049.7846153846,Growth
1797,262016.91666666666,O'SHEA ROAD / BELLS ROAD,1522781.3333333333,1260764.4166666665,481.1767242763905,0.5977895895587432,1036588.575,Growth
1798,933091.5,O'SHEA ROAD / SOLDIERS ROAD,1174883.5,241792.0,25.912999957667605,0.21556382109842995,1044661.2,Growth
1799,544376.5833333334,O'SHEA ROAD / BRIDGEWATER BOULEVARD,914707.5,370330.9166666666,68.02844354528474,0.31362251356456444,769013.8717948718,Growth
180,1092477.0,BURWOOD HIGHWAY / KNOX CITY ENT 4,953981.1666666666,-138495.83333333337,-12.677231038578697,0.14585981910637258,997954.8367346938,Decline
1800,692039.3333333334,O'SHEA ROAD / KIMBARRA DRIVE,956928.4166666666,264889.08333333326,38.27659362329115,0.22527010648248813,842242.5111111111,Growth
1801,692393.0833333334,MONASH FWY / PRINCES LINK / OSHEA RD,1555564.5,863171.4166666666,124.66493924392898,0.35398496472428703,1178108.2083333333,Growth
1802,578179.25,POLICE ROAD / MONASH FWY OB ENTRY RAMP,602839.5,24660.25,4.265156523690534,0.167595322347543,609935.9130434783,Stable
1803,311079.1666666667,GLEN EIRA RD NEAR MCWHAE AVE,355588.3333333333,44509.16666666663,14.307986980806051,0.15319048669980637,358940.8333333333,Stable
1804,317547.0833333333,,306565.75,-10981.333333333314,-3.4581748375896955,0.3126042240032815,323838.5263157895,Volatile
1805,442843.9166666667,KAMBROOK RD / STATION STREET,513877.1666666667,71033.25,16.04024518044074,0.21009829078875097,477825.0348837209,Stable
1807,371110.1666666667,EDGARS ROAD / SCANLON DRIVE / LONGFORD ROAD,660799.9166666666,289689.74999999994,78.060310931929,0.36911337173557074,484526.5970149254,Growth
1808,795636.3333333334,O'HERNS ROAD / EDGARS ROAD,1500324.5833333333,704688.2499999999,88.56913899943397,0.29342468572603353,1234434.0175438595,Growth
1809,554121.0833333334,DONNYBROOK RD / THE WOODS BVLD / ROSEHILL BVLD,782889.0833333334,228768.0,41.28483951988231,0.1869922159148088,693637.0172413794,Growth
181,916992.75,BURWOOD HIGHWAY NEAR WILLOW,797465.5,-119527.25,-13.034699565509106,0.19665133944730598,817408.8231292517,Stable
1810,883387.5833333334,NICHOLSON ST NEAR MOORE ST,909830.5833333334,26443.0,2.993363332119886,0.18162199400935247,891717.7073170731,Stable
1811,451559.9166666667,SOMERTON ROAD / FLEETWOOD DRIVE,639377.6666666666,187817.74999999994,41.59309608045738,0.4648021388232288,535194.9090909091,Growth
1812,881410.8333333334,PRINCES FWY OB / BEACONSFIELD-NAR NAR GOON RD INTER…,1339255.8333333333,457844.9999999999,51.944562363559164,0.23580774921362946,1120007.1063829786,Growth
1813,381034.75,BALLAN ROAD / ISON ROAD,562886.25,181851.5,47.7256995588985,0.25306909757000917,494999.13333333336,Growth
1815,1359257.0,STH GIPPSLAND HIGHWAY / HALLAM RD / EVANS RD,1901792.8333333333,542535.8333333333,39.914146723786104,0.19195040338336036,1732694.5915492957,Growth
1816,271562.5,HALLAM ROAD / SUEZ ACCESS ROAD,455583.6666666667,184021.1666666667,67.76383582662065,0.24124527415200503,419617.09722222225,Growth
1817,549162.25,BLACKBURN ROAD / CONNAM AVENUE,834173.25,285011.0,51.899233787464446,0.2215924441928824,782244.3287671233,Growth
1818,906673.0833333334,O'HERNS ROAD / GATEWAY BOULEVARD,1116685.75,210012.66666666663,23.162997835401345,0.16051478336738925,1032959.679245283,Growth
1819,783135.9166666666,O'HERNS ROAD / KOUKOURA DRIVE,999892.1666666666,216756.25,27.677986079683276,0.17078149768416942,939377.7407407408,Growth
182,1104871.5833333333,BURWOOD HIGHWAY / DAWSON,1001691.0,-103180.58333333326,-9.338694640153875,0.1309719832184687,1039304.6462585034,Stable
1824,256273.0,THOMPSONS ROAD / CEDUNA ROAD,478771.9166666667,222498.9166666667,86.82105280956897,0.2995606796548379,409653.55,Growth
1825,222088.58333333334,DUNLOP ROAD / PROPOSED ACCESS RD,227085.66666666666,4997.083333333314,2.2500406181767474,0.21137245973210933,219318.7375,Stable
1827,210239.58333333334,ARMSTRONGS ROAD / RAILWAY PARADE,321304.5,111064.91666666666,52.82778576029331,0.2732392991021402,263997.51785714284,Stable
1828,527739.75,HALL ROAD / BANYAN DRIVE,779413.3333333334,251673.58333333337,47.68895716749276,0.2229907467384453,682559.5076923077,Growth
1829,99644.75,LAURENS STREET NEAR BARWISE STREET,105091.08333333333,5446.3333333333285,5.465750411670789,0.356965663717464,99971.76190476191,Volatile
1830,1242271.4166666667,DALTON ROAD / SPENCER STREET,1315891.5833333333,73620.16666666651,5.926254575204534,0.17285268000105228,1318607.5731707318,Stable
1831,198276.91666666666,STATION STREET NEAR WALKERS ROAD,223492.91666666666,25216.0,12.717567139896518,0.2976926888310251,248319.625,Volatile
1832,619399.25,NEPEAN HIGHWAY NR PROGRESS AVENUE,781487.5833333334,162088.33333333337,26.168635711672785,0.20543317368032155,735775.6714285715,Growth
1833,847901.3333333334,NEPEAN HIGHWAY NR OSPREY LANE,1020000.0833333334,172098.75,20.297025518692426,0.19649983535683915,971960.8714285714,Growth
1834,183996.66666666666,STATION STREET SOUTH OF PATTERSON RIVER,217509.16666666666,33512.5,18.213645174731425,0.1614561309599567,217177.9,Stable
1835,327420.5,HAMPSHIRE ROAD / FOUNDRY ROAD,339485.5,12065.0,3.6848639593428025,0.13572781173724624,350215.1379310345,Stable
1836,720654.4166666666,CLAYTON ROAD / DIXON STREET / SHANDEAU AVENUE,786768.4166666666,66114.0,9.174161494188212,0.20529573791207592,764367.3636363636,Stable
1837,251709.25,DONNYBROOK ROAD / PATTERSON DRIVE,495293.4166666667,243584.1666666667,96.77203625479265,0.3199466503192552,375138.1458333333,Growth
1838,68911.66666666667,PATTERSON DRIVE / HAYES HILL BOULEVARD,157702.33333333334,88790.66666666667,128.84707475753984,0.4110214736184403,120274.47368421052,Volatile
1842,616647.6666666666,GREEN GULLY ROAD / ARUNDEL ROAD / CALDER FREEWAY EN…,1070546.3333333333,453898.6666666666,73.607457094624,0.245966256204629,915668.9545454546,Growth
1846,394214.5,,393626.9166666667,-587.5833333333139,-0.14905167956361676,0.17097261287986704,403327.95238095237,Stable
1847,510297.6666666667,,872933.5,362635.8333333333,71.06358837619611,0.7127964736252953,610099.3333333334,Growth
1848,613566.6666666666,,613566.6666666666,0.0,0.0,1.1007494177369153,613566.6666666666,Volatile
185,1522752.25,PRINCES HIGHWAY EAST / SPRINGVALE,2269433.5,746681.25,49.03497926205658,0.23534015657682517,2202062.8095238097,Growth
1851,512027.3333333333,DONNYBROOK ROAD / MERRIFIELD BOULEVARD,819050.6666666666,307023.3333333333,59.96229367963429,0.2069839980656702,718744.4477611941,Growth
1852,622561.0,DONNYBROOK ROAD / AITKEN BOULEVARD,862469.0833333334,239908.08333333337,38.53567495126315,0.27421029498252075,735483.2647058824,Growth
1853,47240.75,PATTERSONS ROAD / BELLS ROAD,393802.5833333333,346561.8333333333,733.6078138753795,0.6385541701482026,219858.24137931035,Growth
1854,185792.75,EEL RACE ROAD AT STATION STREET,238009.83333333334,52217.08333333334,28.105016656103825,0.24931981577381654,226408.25714285715,Stable
1857,235118.33333333334,,235118.33333333334,0.0,0.0,1.165795300930667,235118.33333333334,Volatile
186,948514.8333333334,PRINCES HIGHWAY EAST NEAR REILLY,942779.0,-5735.833333333372,-0.6047173045440026,0.11441222852753302,971048.3333333334,Stable
1860,211937.83333333334,CITY VISTA COURT NORTH OF ROYALE DRIVE,313693.8333333333,101755.99999999997,48.012192254489705,0.22121494147751694,276614.27419354836,Stable
1861,831765.5,PALMERS ROAD / NORTHERN ACCESS,1296932.6666666667,465167.16666666674,55.9252778176862,0.27406033020700926,1168070.826923077,Growth
1863,1333303.5555555555,,1333303.5555555555,0.0,0.0,0.4395538319305638,1333303.5555555555,Volatile
1864,327836.0,EXFORD ROAD / ELPIS ROAD,504839.0,177003.0,53.99132493075807,0.21073185969136257,450134.4411764706,Growth
1866,559832.0833333334,HOPKINS ROAD / KIRKPATRICK BOULEVARD,706625.0833333334,146793.0,26.220898081790896,0.35238728150765725,671148.7096774194,Volatile
1867,70530.25,THOMPSONS ROAD / SMITHS LANE,234875.16666666666,164344.91666666666,233.01337605731817,0.42977914761908376,202282.32258064515,Growth
1868,270113.5,SALTWATER PROMENADE / KIRRA PL / COACHING PDE,316555.6666666667,46442.166666666686,17.19357479972926,0.22169038502890068,315425.9074074074,Stable
1869,396780.75,GRAND BOULEVARD / ALTEZZE DRIVE,423466.5833333333,26685.833333333314,6.7255866957591355,0.3601000740697041,390395.5,Volatile
187,975097.9166666666,WELLS NEAR LANGSLOW,400600.75,-574497.1666666666,-58.916869459691014,0.3506217630041936,794342.0136054421,Decline
1870,619983.5833333334,YAN YEAN ROAD / BROWNS LANE / FANECO ROAD,837318.0833333334,217334.5,35.05487981334989,0.2123032987494975,769751.5487804879,Growth
1871,42207.583333333336,,279738.5833333333,237530.99999999997,562.7685388289228,0.5473757615166255,203633.47826086957,Growth
1872,1049008.3333333333,,1204967.75,155959.41666666674,14.867319134738372,0.25883870762808914,1229649.3265306123,Growth
1873,723996.3333333334,BLACKBURN RD / SYNCHROTRON ACCESS / HEART HOSPITAL…,908197.6666666666,184201.33333333326,25.44230196377605,0.188933297554287,884863.0645161291,Growth
1875,627119.9166666666,,307997.9166666667,-319121.99999999994,-50.88691835785261,0.6459530698221568,450473.7272727273,Decline
1877,111581.58333333333,,200466.66666666666,88885.08333333333,79.65927770338445,0.39912112313218584,164458.0,Volatile
1878,69824.08333333333,HAYES HILL BOULEVARD / EUCALYPTUS PARADE,121561.75,51737.66666666667,74.09716561501585,0.3196689878293133,102279.24489795919,Volatile
1879,852952.5,MT ALEXANDER RD / SHAMROCK ST / GRICE CRES,1030408.25,177455.75,20.80488069382527,0.19129114338002165,977167.7875,Growth
188,1233994.5,PRINCES HIGHWAY EAST / CORRIGAN,1172155.0,-61839.5,-5.011327035898458,0.12622417711532236,1220245.238095238,Stable
1880,353319.25,KIMBERLEY DRIVE / BLACK SPRINGS ROAD,396777.1666666667,43457.916666666686,12.299900632831832,0.15955622496740757,380695.5432098765,Stable
1881,350394.9166666667,GLENROY / WIDFORD,487377.4166666667,136982.5,39.09374636570783,0.19231730005168712,450563.24675324676,Stable
1887,219120.91666666666,CHAPEL ROAD / HOMESLEIGH ROAD,289273.0833333333,70152.16666666666,32.015276192634886,0.20110010191542751,272556.69736842107,Stable
1888,655420.75,,655420.75,0.0,0.0,0.4103545174094674,655420.75,Volatile
1889,660704.0,LIVINGSTONE ST NEAR WALLACE ST,730266.8333333334,69562.83333333337,10.528592733407603,0.14789473519402416,730014.8103448276,Stable
189,1497289.5,PRINCES HIGHWAY EAST / BROWNS,1363515.0833333333,-133774.41666666674,-8.934438975673492,0.12091483162572139,1472728.448979592,Decline
1890,206570.16666666666,FERRIS ROAD / HOLLINGSWORTH DRIVE,573360.75,366790.5833333334,177.56222461939893,0.336276763247222,464029.6,Growth
1892,1024150.9166666666,ASCOT VALE ROAD BETWEEN MIDDLE ST AND THE CRESCENT,1105414.8333333333,81263.91666666663,7.934759940571906,0.29824668395859416,1089485.1290322582,Volatile
1899,675119.1666666666,CENTRE ROAD / WILLOW AVENUE,743135.0,68015.83333333337,10.07464114360058,0.14219784430308197,745252.5862068966,Stable
190,1381807.0,PRINCES HIGHWAY EAST / CHANDLER / ELONERA,1845980.0833333333,464173.08333333326,33.59174496390113,0.21770757443726357,1573325.6258503401,Growth
1900,2151257.8333333335,,1506125.25,-645132.5833333335,-29.988622160353167,0.1478132539833266,2057729.6538461538,Decline
1901,402117.5,THOMPSONS / FEATHERTOP / WELLINGTON,448458.3333333333,46340.833333333314,11.524202088527186,0.1492123560552852,413923.36805555556,Stable
1904,476057.75,CRANBOURNE-FRANKSTON / WOODLANDS,538474.9166666666,62417.16666666663,13.111259435786232,0.22832155642623483,548798.5588235294,Stable
191,1296733.6666666667,PRINCES HIGHWAY EAST / HEATHERTON / EASTLINK,1119447.1666666667,-177286.5,-13.671774286212973,0.1438249231879092,1265054.5238095238,Decline
192,1217931.5,PRINCES HIGHWAY EAST / GLADSTONE / JONES,1077622.0,-140309.5,-11.520311281874227,0.14046949595719696,1179232.9795918367,Decline
1927,391222.5833333333,HOPKINS ROAD / NEALE ROAD,722269.9166666666,331047.3333333333,84.61866656896724,0.2831976201858056,594505.5964912281,Growth
1928,1070532.25,HEIDELBERG NR HARKER,992450.9166666666,-78081.33333333337,-7.293692771360543,0.2074152979747697,1025644.6818181818,Stable
1929,532166.8333333334,BALLAN / HIRATA / CARPARK ACCESS,640441.3333333334,108274.5,20.34596919950855,0.2244294270787822,548222.9841269841,Stable
1930,232206.83333333334,HYDE STREET NR LEEK STREET,252300.33333333334,20093.5,8.653276784131387,0.1838153787952039,263646.60759493674,Stable
1935,671391.25,DUNNINGS ROAD / LENNON BOULEVARD,694276.4166666666,22885.166666666628,3.408618546438701,0.19167801295081932,704725.5869565217,Stable
1936,618523.0,BOARDWALK BOULEVARD / MILES FRANKLIN BOULEVARD,599757.75,-18765.25,-3.033880712600825,0.13532664562254815,614380.5909090909,Stable
1937,1017429.25,SPRINGVALE ROAD / HEATHER GR / HILLCREST GR,994972.9166666666,-22456.333333333372,-2.207164118127464,0.13238314754587793,1039767.8450704225,Stable
1939,319431.3333333333,YAN YEAN / HAZEL GLEN,309544.0833333333,-9887.25,-3.095266170924581,0.13592009058352664,325670.6461538462,Stable
194,1395799.8333333333,PRINCES HIGHWAY EAST / CLOW,1109954.4166666667,-285845.4166666665,-20.47896910719886,0.13620365060571973,1288805.3605442178,Decline
1941,633960.6666666666,DOHERTYS ROAD / WOODS ROAD,788540.1666666666,154579.5,24.383137334492886,0.2976798605158649,747730.5483870967,Volatile
1943,323116.1666666667,WARRS RD NEAR HIGHPOINT SC EASTERN ACCESS,348595.4166666667,25479.25,7.885476688724437,0.37567796313471347,370873.7655172414,Volatile
1947,577216.25,PARK ROAD NEAR CHURCHILL AVENUE,752058.8333333334,174842.58333333337,30.290655076556384,0.18462719378675202,726643.2816901408,Growth
1948,190294.58333333334,GRATTAN STREET / BARRY STREET,210445.41666666666,20150.833333333314,10.589283720196963,0.274484292046489,199188.86956521738,Stable
1949,156376.91666666666,GRATTAN STREET / LEICESTER STREET,205841.41666666666,49464.5,31.631586716496418,0.39411514715366336,182040.24,Volatile
195,2616096.5,PRINCES HIGHWAY EAST (LONSDALE) / WALKER,2545458.1666666665,-70638.33333333349,-2.7001424960177687,0.1310650502855686,2587418.074829932,Stable
1950,1400967.4166666667,,1298568.8333333333,-102398.58333333349,-7.309133825322739,0.12101221120565661,1387279.1791044776,Stable
1951,2256011.1666666665,MORNINGTON PENINSULA FREEWAY / DINGLEY BYPASS,2687781.5833333335,431770.416666667,19.138664872152315,0.21319630465378253,2535854.8545454545,Growth
1952,631944.6666666666,MORNINGTON PENINSULA FREEWAY / CENTRE DANDENONG RD,733659.25,101714.58333333337,16.09548884554239,0.19076788687086577,722497.9818181818,Stable
1953,746064.0833333334,MORNINGTON PENINSULA FREEWAY / GOVERNOR ROAD,914175.8333333334,168111.75,22.53315147525866,0.20420546960034727,894472.6181818182,Growth
1954,239549.16666666666,OLD DANDENONG ROAD NEAR MORNINGTON PENINSULA FREEWAY,324113.0,84563.83333333334,35.30124295986559,0.239427364697954,300658.33928571426,Stable
1956,602766.0,LEAKES / DELIVERY,832491.9166666666,229725.91666666663,38.1119566575863,0.2673822056682296,765967.2307692308,Growth
1957,840545.25,POTTER ST NEAR CRAIGIEBURN STATION,875517.0,34971.75,4.160602894371243,0.18969873756384675,858031.125,Stable
1958,411118.6666666667,LINCOLN ROAD BETWEEN MOUNT VIEW PARADE & ALLENDALE…,355431.3333333333,-55687.33333333337,-13.545318626576602,0.19185865382947004,386219.3230769231,Stable
196,1595681.0833333333,PRINCES HIGHWAY EAST / FOSTER,1791597.4166666667,195916.3333333335,12.277912884952533,0.19269879299403167,1774253.0068027212,Growth
1961,799072.25,,815142.4166666666,16070.166666666628,2.011103084441567,0.16732865195615848,850357.8571428572,Stable
1962,1169041.0833333333,,1389558.5833333333,220517.5,18.863109530011528,0.3091244019432724,1319363.2580645161,Growth
1963,501775.5,EDWARDES NEAR HARBURY,501775.5,0.0,0.0,0.34958190901154423,501775.5,Volatile
1964,289057.3333333333,MORNINGTON PENINSULA FWY EXIT RAMP / WOODLANDS DRIVE,325209.9166666667,36152.58333333337,12.507063189309633,0.20279014565540318,325877.7454545455,Stable
1965,158435.25,FERRIS ROAD / ALFRED ROAD / WIMBELDON BLVD,290596.0833333333,132160.8333333333,83.41630624077237,0.39188337644773086,260438.3,Volatile
1966,307357.0,DOHERTYS ROAD / PADMA BOULEVARD / SAPLING BOULEVARD,677180.25,369823.25,120.32367897916755,0.3707385751951661,483457.20588235295,Growth
1967,543930.8333333334,MELTON HIGHWAY / CROWN DRIVE,652973.5833333334,109042.75,20.047172051593567,0.30839566590493955,634253.5714285715,Volatile
1968,82238.25,FERRIS ROAD / WEMBLEY AVENUE,89258.58333333333,7020.3333333333285,8.536579187097644,0.20924481163585962,84812.28571428571,Stable
1969,35589.666666666664,TUCKERS ROAD / SOFRAS ROAD,342093.6666666667,306504.0,861.2162706403545,0.5482621046047063,231616.83050847458,Growth
197,1342928.9166666667,PRINCES HIGHWAY EAST / WEBSTER,1052892.5,-290036.41666666674,-21.597302215114766,0.17412696554814272,1336566.7191780822,Decline
1970,350071.25,GREENS ROAD / STREETORKBILL ROAD / HAINES DRIVE,392532.3333333333,42461.083333333314,12.129268922635982,0.1703734320556177,380826.0681818182,Stable
1971,774686.1666666666,BUCKLEY STREET BTN LORRAINE ST & FLOWERS ST,887222.0833333334,112535.91666666674,14.526645951468101,0.20107580883376816,879592.0,Stable
1972,741066.4166666666,THAMES PROMENADE / MORNINGTON PENINSULA FWY,807286.3333333334,66219.91666666674,8.935760031405202,0.14436648745639813,810074.75,Stable
1975,38159.25,KOUKOURA DR / EASTSTONE AVE / YANN DR,255886.0,217726.75,570.5739761656741,0.5447405380821925,171140.62,Growth
1976,828182.6666666666,THAMES PROMENADE / WELLS ROAD,797304.1666666666,-30878.5,-3.7284648958281346,0.160510481955219,828001.171875,Stable
1977,566335.5833333334,BALLAN / KINGLAKE,574785.4166666666,8449.833333333256,1.4920187927446296,0.3249516742472412,542339.9285714285,Volatile
1978,1524409.0833333333,STH GIPPSLAND HWY / GLASSCOCKS RD,1538857.5833333333,14448.5,0.9478098863335515,0.14574763604945737,1551958.3157894737,Stable
1979,351208.4166666667,PENTRIDGE BLVD NTH OF URQUHART STREET,389276.3333333333,38067.91666666663,10.839124252194969,0.15991148153889345,385626.2931034483,Stable
198,1929936.5,PRINCES HIGHWAY EAST / FRANKSTON-DANDENONG,1489477.4166666667,-440459.08333333326,-22.82246505692458,0.16782614519546332,1703193.2653061224,Decline
1982,564751.0833333334,THOMPSONS ROAD / MCCORMICK ROAD,1429996.0,865244.9166666666,153.2081906881394,0.33683848936908095,1250975.978021978,Growth
1983,733559.6666666666,GAFFNEY / SUSSEX,807157.25,73597.58333333337,10.032937561543513,0.18653329874556504,795741.7446808511,Stable
1986,506222.25,PLENTY ROAD / BELLEVUE BOULEVARD,734490.8333333334,228268.58333333337,45.09256227543009,0.1991206860136164,681906.4262295082,Growth
1987,73661.33333333333,MOUNT COTTRELL RD / ALFRED RD / FUTURE RD,300676.8333333333,227015.5,308.1881493682801,0.5465743295023424,217545.03846153847,Growth
1988,187082.33333333334,BROOKFIELD / HIGHLANDER,527605.4166666666,340523.08333333326,182.0177657965209,0.35472480490200087,401025.45454545453,Growth
199,1418761.1666666667,PRINCES HIGHWAY EAST / PLUNKETT,1287989.6666666667,-130771.5,-9.217301901999713,0.1629945275419769,1362850.4421768708,Decline
1990,707777.3333333334,PLENTY ROAD / WATERVIEW DRIVE,1228103.75,520326.4166666666,73.51555244304706,0.2420071466699419,1075236.8360655739,Growth
1991,89479.83333333333,MOUNT COTTRELL ROAD / BAXTER PARK DRIVE,247080.41666666666,157600.5833333333,176.12972382976423,0.4021728693276835,188048.03636363638,Growth
1992,794000.1666666666,PLENTY ROAD / FRANCESCA DRIVE / TANGELO GROVE,975893.25,181893.08333333337,22.908443973878263,0.1691338632393708,909880.3703703703,Growth
1993,938565.0833333334,PLENTY ROAD / BRIDGE INN ROAD,1285248.8333333333,346683.7499999999,36.93763556265542,0.20901778893826775,1164475.245614035,Growth
1995,946648.1666666666,CENTENARY AVE BET SMOULT DR AND ARAWATA PDE,946648.1666666666,0.0,0.0,0.2714461753243375,946648.1666666666,Stable
1997,646225.1666666666,ROCKBANK MIDDLE RD BET HEPBURN WAY AND LANAGHAN AVE,588215.1666666666,-58010.0,-8.97674726894728,0.2607575799594874,596139.3260869565,Stable
1999,1091466.9166666667,COOPER STREETREET / GREYSTONE COURT,1169818.5,78351.58333333326,7.178557786489627,0.14358745328678335,1181075.6379310344,Stable
200,1026606.0,PRINCES HIGHWAY EAST / STH GIPPSLAND HIGHWAY,1728808.3333333333,702202.3333333333,68.40037300905443,0.28895402983255386,1334174.0204081633,Growth
2000,1729958.8333333333,BURWOOD HIGHWAY / WARRIGAL,1487579.5,-242379.33333333326,-14.01069948388945,0.14680435556629426,1562930.1292517006,Decline
2001,1073076.6666666667,BURWOOD HIGHWAY / GILMOUR / SOMERS,909956.75,-163119.91666666674,-15.20114281986687,0.13938270209590606,984469.6598639456,Decline
2002,2375042.5,BURWOOD HIGHWAY NEAR MILLICENT,2110664.0,-264378.5,-11.13152712004101,0.14304583775641988,2204602.224489796,Decline
2003,2389757.1666666665,BURWOOD HIGHWAY NEAR PLC,2063098.8333333333,-326658.33333333326,-13.669101525866328,0.13439735020282162,2224915.3741496596,Decline
2004,1178545.75,BURWOOD HIGHWAY / ELGAR / MCINTYRE,961095.0,-217450.75,-18.450768669777986,0.170842530549203,1058528.9931972788,Decline
2005,1326566.6666666667,BURWOOD HIGHWAY / DEAKIN UNIVERSITY,1151524.1666666667,-175042.5,-13.195152900972435,0.1858481853767371,1189314.2721088436,Decline
2006,1663546.4166666667,BURWOOD HIGHWAY / STATION,1541037.1666666667,-122509.25,-7.364342153162042,0.1550660133478965,1610717.3945578232,Stable
2007,1257173.4166666667,BURWOOD HIGHWAY NEAR STARLING,1108647.8333333333,-148525.5833333335,-11.814247848728916,0.14797887393207348,1181875.4897959183,Decline
2008,1786255.75,BURWOOD HIGHWAY / MIDDLEBOROUGH,1599371.4166666667,-186884.33333333326,-10.46235027281694,0.1450879853429259,1680699.7482993198,Decline
2009,1204009.25,BURWOOD HIGHWAY / TEMPLETON / RENOU,1060949.3333333333,-143059.91666666674,-11.881961593456756,0.1553919431718733,1120100.1904761905,Decline
201,1321978.75,PRINCES HIGHWAY EAST / POWER,1363300.5,41321.75,3.1257499411393717,0.11935516674069059,1390420.5850340135,Stable
2010,869423.5833333334,MIDDLEBOROUGH / AILSA,886554.25,17130.666666666628,1.9703475952410188,0.13072872949912145,860328.3469387755,Stable
2011,1708265.0,CANTERBURY NEAR BALMORAL,1571362.0833333333,-136902.91666666674,-8.014149834286059,0.11817915876388083,1633253.455782313,Decline
2012,1409904.9166666667,BURWOOD HIGHWAY / HIGH ST RD / LEWIS,1394418.4166666667,-15486.5,-1.098407404423667,0.21849173760771404,1379002.1020408163,Stable
2013,520859.5833333333,STATION NEAR BRONTE & DELANY,573748.6666666666,52889.083333333314,10.15419222871167,0.15431177585802797,549852.4421768708,Stable
2014,514621.0833333333,HIGH STREET ROAD / TYNER,558496.25,43875.166666666686,8.525722728356936,0.15751438866150608,527643.2166666667,Stable
2016,431084.8333333333,ROOKS NEAR MAURICE,283326.75,-147758.0833333333,-34.275871454535825,0.27583956291539147,421096.1891891892,Decline
2017,2140192.25,STREETUD / BERGINS,2216479.4166666665,76287.16666666651,3.564500650194697,0.11190456242677081,2160279.3333333335,Stable
2018,1680413.0833333333,BURWOOD HIGHWAY / BUNNINGS,1474714.1666666667,-205698.9166666665,-12.240973288462744,0.14280722495871553,1583881.5238095238,Decline
2019,813174.8333333334,NEPEAN HIGHWAY / BENTONS,825632.0833333334,12457.25,1.5319276358978973,0.12081570864587046,822584.5578231292,Stable
202,2572761.8333333335,STUD NEAR OSWALD,2265959.25,-306802.5833333335,-11.92502855718411,0.10817519073418161,2397432.0476190476,Decline
2020,2730344.3333333335,BURWOOD HIGHWAY NEAR MILPERA,2305609.6666666665,-424734.666666667,-15.556084318058549,0.1370628331402613,2531966.034013605,Decline
2021,1333296.6666666667,STATION BETWEEN BOARDMAN & GARDINER CK,1102125.8333333333,-231170.8333333335,-17.338289302955843,0.15854174819301614,1291164.6394557822,Decline
2022,1382494.3333333333,STREETUD / EMMELINE,1468028.8333333333,85534.5,6.186969301622213,0.14634438324605886,1352722.3265306123,Stable
2023,439303.4166666667,NEPEAN HIGHWAY / BRUCE,524137.75,84834.33333333331,19.311102558008024,0.14142586393358988,501034.306122449,Stable
2024,451374.4166666667,SPRING / FLINDERS LANE,284829.3333333333,-166545.08333333337,-36.897324523450884,0.24969473775984108,344708.2244897959,Decline
2025,418543.75,NEPEAN HIGHWAY / BALCOMBE G-SCHOOL ACC / BAY,437489.0,18945.25,4.526468260486508,0.13884657098372435,446009.84353741497,Stable
2028,1050191.1666666667,MORANG DR BET PINDARI AV AND MOORHEAD DR,1256093.6666666667,205902.5,19.606192332919704,0.3898355695589568,1032736.033898305,Growth
203,1873307.5833333333,PRINCES HIGHWAY EAST / BELGRAVE-HALLAM / HALLAM SOU…,1764971.3333333333,-108336.25,-5.7831533360489695,0.1314129581482572,1806295.149659864,Stable
2030,454596.8333333333,ROOKS BTW QUEENS & STATION,322535.25,-132061.5833333333,-29.05026468508176,0.29603540724717603,465169.34722222225,Decline
2031,78390.91666666667,GRANTS ROAD / SERVICE ROAD,182668.16666666666,104277.24999999999,133.02210821619425,0.5656633576000177,92837.45736434108,Volatile
2032,71619.16666666667,GRANTS ROAD / TAXI PARKING ACCESS,106537.83333333333,34918.66666666666,48.756035977333795,0.44101547669022445,97168.01550387597,Volatile
2033,950938.0,HIGH STREET / SOUTHERN ACCESS ROAD,767685.6666666666,-183252.33333333337,-19.270692025487822,0.20529847282413796,952580.7272727273,Decline
2034,1452172.75,BURKE NEAR PINE,1598579.25,146406.5,10.081892805108758,0.1402763326289404,1562271.6666666667,Stable
2035,237985.66666666666,HUME HIGHWAY / BUNNINGS ACCESS ROAD,432911.4166666667,194925.75000000003,81.90650837515426,0.24637298947289377,355779.89423076925,Growth
2037,454799.6666666667,PEARCEDALE PDE NEAR COLERAINE ST,538984.8333333334,84185.16666666669,18.510384425670207,0.1903207067003543,511964.03658536583,Stable
2038,1115928.5,,1050422.6666666667,-65505.833333333256,-5.870074411876143,0.11967494410053363,1091873.12,Stable
204,1166213.5,PRINCES HIGHWAY EAST / MAGID,1102857.25,-63356.25,-5.432645909175292,0.14191799370696256,1176001.0136054421,Stable
2040,826646.5833333334,WILLIAMSONS / AQUARENA / NORTH,793315.0,-33331.58333333337,-4.032144329312843,0.1549487019694813,781915.4761904762,Stable
2041,1004603.0833333334,DONCASTER NEAR CENTREWAY,988607.3333333334,-15995.75,-1.5922457600792088,0.15281100514750132,997625.0884353742,Stable
2042,702617.6666666666,HIGH / SUMMERHILL,662050.25,-40567.41666666663,-5.773754146992219,0.15844410238607984,641259.3605442176,Stable
2043,1051392.6666666667,DONCASTER / WHITTENS,939023.0,-112369.66666666674,-10.687697396912926,0.14506160624293726,971565.3401360544,Stable
2045,239851.66666666666,DONNYBROOK ROAD / POLARIS ROAD,774373.75,534522.0833333334,222.85527166095713,0.36622121450527634,556516.207920792,Growth
2046,459605.6666666667,DONCASTER ROAD / PETTYS LANE,655109.25,195503.5833333333,42.5372438837061,0.2517855459704113,628597.8220338983,Growth
2047,412182.8333333333,BRIDGEWATER ROAD / FOUZ STREETREET,485978.0833333333,73795.25,17.903523395968698,0.1634144991727399,472720.4655172414,Stable
2048,359382.1666666667,GLEN HUNTLY RD BTW HOPETOUN ST & VICTORI,432596.75,73214.58333333331,20.3723473572469,0.266792796113404,509306.6034482759,Stable
205,1088805.0833333333,PRINCES HIGHWAY EAST / DECOR,1102946.3333333333,14141.25,1.2987861846407924,0.12019739853472237,1167749.6326530613,Stable
2050,1158539.1666666667,MCINTYRE / WHITEHILL,1198537.75,39998.583333333256,3.4525016058297484,0.14836591569012775,1189450.551020408,Stable
2052,776995.3333333334,OLD CALDER HIGHWAY / GREEN GULLY RD,738178.8333333334,-38816.5,-4.995718550004161,0.14559039670167856,806690.619047619,Stable
2053,648455.9166666666,MAIN ROAD WEST NEAR AMY,1048779.0833333333,400323.1666666666,61.73483137057247,0.2524387651580247,871046.081632653,Growth
2054,790733.0833333334,MCINTYRE / MARKET ENT,796732.5833333334,5999.5,0.7587263169398607,0.10765488327219756,804756.7619047619,Stable
2058,555602.4166666666,MAIN ROAD WEST NEAR PENNELL,602052.3333333334,46449.916666666744,8.360279810398008,0.123953519549549,593576.306122449,Stable
2059,494345.8333333333,CAIRNLEA / WOODBURN,398561.75,-95784.08333333331,-19.375926097620592,0.17400095820837952,435485.07482993195,Stable
206,1419212.3333333333,PRINCES HIGHWAY EAST / WEBB,1618815.0833333333,199602.75,14.064333103080418,0.27941101590993483,1653884.6598639456,Growth
2062,186867.16666666666,EDGARS NEAR STEEN,424208.9166666667,237341.75000000003,127.01094271064208,0.28599687961718284,360661.13095238095,Growth
2063,1608834.3333333333,KINGS ROAD / TAYLORS ROAD,1719626.1666666667,110791.83333333349,6.886466246887249,0.1657786378807699,1680788.74,Stable
2064,593254.5833333334,,896351.0,303096.4166666666,51.09044669552348,0.3047258520439937,791790.5769230769,Growth
2065,333289.5,CRAIGIEBURN ROAD EAST / ANDREW ROAD,500888.9166666667,167599.4166666667,50.286437666553155,0.21640265019751997,401698.2916666667,Growth
2067,197270.33333333334,CRAIG ROAD / SOUTHERN ACCESS ROAD / HUMMINGBIRD DVE,340634.8333333333,143364.49999999997,72.67413076134102,0.24571626466216911,283254.4146341463,Stable
2068,681929.3333333334,EDITHVALE ROAD NEAR KINROSS AVE,775990.3333333334,94061.0,13.793364708366655,0.16202850203440206,742966.9268292683,Stable
2069,793971.5833333334,MERRI PARADE NEAR UNION STREET,947108.4166666666,153136.83333333326,19.2874451111233,0.15718436267757857,917767.3620689656,Stable
2070,749212.6666666666,MIDDLEBOROUGH RD / THE BOULEVARD,975270.25,226057.58333333337,30.172685726082232,0.18694178490751193,926665.987012987,Growth
2072,244464.5,DUBLIN ROAD / KNAITH ROAD,259772.0,15307.5,6.261645351370035,0.17841578367217406,263700.75,Stable
2073,419852.9166666667,STATION STREET NEAR HARROW STREET,471250.3333333333,51397.41666666663,12.241767206174375,0.2594079034800252,491334.05633802817,Stable
2074,239445.33333333334,"COMO PARADE WEST, SOUTH OF MENTONE PARADE",255231.16666666666,15785.833333333314,6.592666941375615,0.1716342231338683,257051.45454545456,Stable
2078,669124.5833333334,RAILWAY AVENUE / TARNEIT ROAD,978776.1666666666,309651.58333333326,46.27711954487796,0.19697960085941035,853993.1935483871,Growth
2079,648715.9166666666,RAILWAY AVENUE NR GLEN STREET,849348.6666666666,200632.75,30.927674941432375,0.17397305079615208,806750.2033898305,Growth
208,1206547.3333333333,PRINCES HIGHWAY EAST / CLYDE / LYALL,1341335.4166666667,134788.0833333335,11.171387943890597,0.13845258845331876,1318195.2108843538,Stable
2080,132718.33333333334,CAMERON ST / CLOVERTON BOULEVARD,136264.0,3545.666666666657,2.6715726287501025,0.25900149480016743,130191.26666666666,Stable
2081,398235.5833333333,NEPEAN HIGHWAY NEAR WELLWOOD ROAD,892391.75,494156.1666666667,124.08639191165531,0.30096936443096456,793336.0172413794,Growth
2082,643232.75,NEPEAN HIGHWAY NEAR THE GLADE,937779.25,294546.5,45.791589436327676,0.29342838629225304,874177.2352941176,Growth
2085,356975.3333333333,CARNISH RD NEAR KANOOKA GROVE,278239.3333333333,-78736.0,-22.05642593419153,0.17052061630730717,304568.08235294116,Stable
2086,118168.25,CENTRE ROAD / HOMESTEAD ROAD / MAIN STREET,219356.83333333334,101188.58333333334,85.63094006497798,0.3529421654693663,182990.7380952381,Volatile
2087,303693.75,,510595.6666666667,206901.9166666667,68.12847372284305,0.2718324339796226,471254.7818181818,Growth
2089,148992.33333333334,NEPEAN HIGHWAY NEAR MONICA DRIVE,832215.8333333334,683223.5,458.562856701799,0.5069386931630466,640500.0588235294,Growth
209,715035.1666666666,HIGH / GLOUCESTER,770278.1666666666,55243.0,7.725913713801023,0.1412801867143582,765321.4761904762,Stable
2090,500771.4166666667,DOHERTYS RD / CARPARK ACCESS,589892.1666666666,89120.74999999994,17.79669266932666,0.26621996806434045,567199.9534883721,Stable
2091,10237.25,ISON / CALLAWAY,32768.916666666664,22531.666666666664,220.09491481273452,0.5059226259167238,22368.162162162163,Volatile
2092,1774767.5833333333,LEAKES ROAD NEAR MONTMARTE DRIVE,2228019.0833333335,453251.50000000023,25.538639777762462,0.17513687646750992,2134849.1016949154,Growth
2093,455879.75,BONEO ROAD / BESGROVE STREET / ALLAMBI AVENUE,489296.4166666667,33416.666666666686,7.330149379670119,0.21856138682900625,505190.32727272727,Stable
2095,29611.333333333332,RIDING BOUNDARY ROAD / INDUSTRIAL CONNECTOR / ACCES…,79764.83333333333,50153.5,169.37265011144382,0.48168169056914967,58922.28571428572,Volatile
2097,395683.1666666667,NEPEAN HIGHWAY NEAR PARK LANE,766568.9166666666,370885.74999999994,93.73301197633289,0.32071920322789677,751159.5636363636,Growth
2098,1404496.125,TRAM ROAD BETWEEN EILDON STREET & GRAND BOULEVARD,1404496.125,0.0,0.0,0.36118630964745846,1404496.125,Volatile
2100,2911146.3333333335,EASTERN / NICHOLSON / PRINCES,2631150.25,-279996.0833333335,-9.618069697400994,0.14125450374629012,2748817.0,Decline
2101,3324240.5,EASTERN HIGHWAY / QUEENS / BRUNSWICK,3143254.0833333335,-180986.4166666665,-5.444444126911591,0.17855097802286676,3383979.9727891157,Decline
2102,1800087.5,EASTERN HIGHWAY NEAR NAPIER,1677950.5833333333,-122136.91666666674,-6.78505443022446,0.1235504376504689,1756901.5782312925,Stable
2103,2778041.0,EASTERN HIGHWAY / SMITH,2435663.6666666665,-342377.3333333335,-12.324416138326738,0.14510686890385918,2620043.4149659863,Decline
2104,2647347.6666666665,EASTERN HIGHWAY / WELLINGTON,2443679.0833333335,-203668.58333333302,-7.693306999219207,0.14964080477753167,2498617.4285714286,Decline
2105,2086264.8333333333,EASTERN HIGHWAY NEAR GOLD,1737792.0833333333,-348472.75,-16.70318860924416,0.13063482452837638,1972815.469387755,Decline
2107,519609.5,QUEENS / RUSHALL,385740.25,-133869.25,-25.763433886408926,0.20527015348952946,428793.08843537414,Decline
2108,2341798.8333333335,EASTERN HIGHWAY / GEORGE,2164434.3333333335,-177364.5,-7.573857219304276,0.13134139817927085,2300427.5782312923,Decline
2109,2094247.25,EASTERN NEAR YOUNG (WEST BOUND),2028633.0,-65614.25,-3.1330708444287083,0.1550581217659715,2060466.142857143,Stable
211,1062611.25,NEPEAN / STREETATION,831051.0,-231560.25,-21.7916241711162,0.16183155798218749,959614.3605442176,Decline
2110,2148381.9166666665,EASTERN NEAR GOLD (WEST BOUND),1868827.1666666667,-279554.74999999977,-13.01233955803093,0.11161784876449274,2056250.6666666667,Decline
2111,597645.0,MAIN NEAR DALTON,565676.8333333334,-31968.166666666628,-5.349022691843256,0.1479749626776385,594035.3673469388,Stable
2112,529515.5,MAIN NEAR BAYFIELD,393019.5,-136496.0,-25.777526814606937,0.17304131884281307,506912.10204081633,Decline
2113,660628.6666666666,YAN YEAN ROAD / OLD YAN YEAN ROAD,888824.75,228196.08333333337,34.54226176480384,0.20879312573849398,821681.3902439025,Growth
2114,626669.5833333334,YAN YEAN ROAD / RIVER AVENUE,859085.0,232415.41666666663,37.08739387516148,0.2132412137998259,782907.3170731707,Growth
2115,601294.5,YAN YEAN ROAD / NILLUMBIK COUNCIL DEPOT,816581.4166666666,215286.91666666663,35.80390585090444,0.21339186174495375,748395.0243902439,Growth
2116,442305.1666666667,HOPKINS ROAD / RIDING BOUNDARY ROAD,630591.25,188286.0833333333,42.569270612936535,0.4064514139402116,593852.6176470588,Growth
2117,115091.16666666667,,321305.5833333333,206214.41666666663,179.1748425523534,0.41159170898050074,280254.67272727273,Growth
2118,1547491.1666666667,PRINCES FREEWAY / OLD GEELONG ROAD,1809781.9166666667,262290.75,16.949418235774527,0.15072486565583149,1747856.3396226414,Growth
2119,885395.1666666666,PRINCES FREEWAY / PRINCES HIGHWAY,1220417.5833333333,335022.4166666666,37.8387446961065,0.2709396082330367,1026335.358490566,Growth
212,525793.3333333334,NEPEAN NEAR THE STRAND,888369.25,362575.9166666666,68.95787635192534,0.36601033414082124,620270.4751773049,Growth
2121,52123.333333333336,,198736.66666666666,146613.3333333333,281.28157574982407,0.4494036699795812,165412.0181818182,Volatile
2122,675368.75,PALMERS ROAD / NATIONAL DRIVE,1074541.0833333333,399172.33333333326,59.10435348590429,0.5092151148200635,905000.8518518518,Growth
2123,642067.0833333334,,717563.5833333334,75496.5,11.758350795380284,0.21738294784234893,692187.6486486486,Stable
2124,10921.5,ISON ROAD / PLANE AVENUE,43300.166666666664,32378.666666666664,296.46721298966867,0.5620001232505856,27798.305555555555,Volatile
2125,1007582.8333333334,CLYDE ROAD NR GIBB STREET,1263429.5833333333,255846.74999999988,25.39213070488662,0.22356035275768651,1291646.6727272726,Growth
2126,819925.5833333334,OLD GEELONG ROAD / HEATHS ROAD,1067376.5833333333,247450.99999999988,30.179690087728474,0.21557178122540535,1028858.6981132076,Growth
2127,1042556.25,BULLEEN ROAD / GREENAWAY STREET / CARPARK,672183.0833333334,-370373.1666666666,-35.52548523560879,0.28004865115239796,933321.6029411765,Decline
2128,198528.33333333334,,383925.5833333333,185397.24999999997,93.3857887623093,0.36062400505457415,298427.7073170732,Growth
2129,171380.5,JARDIN ROAD / VOYAGER DRIVE / VOYAGER DRIVE EAST,194621.66666666666,23241.166666666657,13.561149994699898,0.3379186282714632,177180.15789473685,Volatile
213,661885.0,NEPEAN NEAR BAYVIEW,567708.75,-94176.25,-14.228491354238274,0.1881336712205613,583033.512605042,Stable
2130,243996.16666666666,OFFICER SOUTH ROAD / FLANAGAN AVENUE,324484.5833333333,80488.41666666666,32.98757425833875,0.29630469042111446,320119.73170731706,Volatile
2131,408299.5,OFFICER SOUTH ROAD / PRINCES FREEWAY ENTRY / EXIT R…,459888.8333333333,51589.333333333314,12.635169363012523,0.21644357160862318,469992.6923076923,Stable
2132,339302.6666666667,OFFICER SOUTH ROAD / RIX ROAD / BRIDGE ROAD,389709.5,50406.833333333314,14.856008598026534,0.21957465627346,394905.34146341466,Stable
2133,1194208.4166666667,DERRIMUT ROAD NEAR DRY CREEK,1691867.1666666667,497658.75,41.67268820538793,0.26741566093098024,1575543.7272727273,Growth
2135,839192.25,OLD PRINCES HIGHWAY / O'NEIL ROAD,806856.75,-32335.5,-3.8531695210483656,0.17361388367862202,778758.947368421,Stable
2136,345352.75,SUNBURY ROAD / HI-QUALITY ACCESS,525808.6666666666,180455.91666666663,52.252636374450944,0.29537413732275136,466739.6666666667,Growth
2137,272472.0,NEPEAN HIGHWAY NTH OF SWANSEA ROAD,693478.4166666666,421006.4166666666,154.51364421543008,0.361498642731284,606628.1428571428,Growth
2139,438698.75,,493656.25,54957.5,12.52738923919888,0.22744123160028587,474509.9555555555,Stable
214,1189706.25,NEPEAN / LINCOLN,1139204.0,-50502.25,-4.2449344113305285,0.13275845001508757,1197134.5238095238,Stable
2141,443046.1666666667,,584773.9166666666,141727.74999999994,31.98938635815604,0.20693027237159284,561422.5,Stable
2144,274706.75,SOMERTON ROAD NEAR BLOSSOM DRIVE,450035.1666666667,175328.4166666667,63.823847308690695,0.3004555087523664,379562.1886792453,Growth
2145,885739.8333333334,SYDNEY ROAD / GRASSLANDS,1324690.8333333333,438950.9999999999,49.557554428604774,0.16739492347275906,1126678.612244898,Growth
2146,1439914.8333333333,SYDNEY ROAD / MAJOR,1408452.6666666667,-31462.16666666651,-2.1850019138863317,0.11208743604974539,1444066.8095238095,Stable
2147,1249527.0,SYDNEY ROAD / AXIOM BUSINESS PARK,1413261.5,163734.5,13.103718447060366,0.11713983152439997,1381473.7006802722,Growth
2149,1451154.9166666667,SYDNEY / CAMPBELLFIELD SHOPPING CENTRE,1909205.8333333333,458050.9166666665,31.564577386321996,0.143862117499703,1884255.7074829931,Growth
215,1197418.0833333333,NEPEAN / LOCHIEL / STREETATION,937128.0833333334,-260289.99999999988,-21.73760390150557,0.24701163346867253,1020416.6223776224,Decline
2150,1125501.0,SYDNEY ROAD / BAKERS,1213828.3333333333,88327.33333333326,7.84782362106593,0.10700149721695236,1173850.9455782312,Stable
2151,1109043.6666666667,SYDNEY ROAD / SHORTS / KEADY,1110691.4166666667,1647.75,0.14857395155165215,0.11393943988182838,1107629.380952381,Stable
2152,1080870.3333333333,SYDNEY RD NEAR MATHIESON,890630.5833333334,-190239.74999999988,-17.600607966851396,0.12838959275371353,1056485.8299319728,Decline
2153,1191641.0833333333,SYDNEY ROAD / BOUNDARY / QUEENS,1168529.8333333333,-23111.25,-1.9394472314895155,0.10915813349673266,1196063.8095238095,Stable
2155,1846178.6666666667,SYDNEY ROAD / BOX FOREST,1649461.4166666667,-196717.25,-10.655374452743468,0.11805103239953792,1846575.0408163266,Decline
2157,2228845.3333333335,SYDNEY / MAHONEYS / CAMP,2602869.5833333335,374024.25,16.781076928322825,0.1473818135105795,2650689.462585034,Growth
2158,1731482.4166666667,SYDNEY / SOMERSET,1811705.0,80222.58333333326,4.633173433419692,0.10130545019807431,1806886.3401360544,Stable
2159,2000829.0833333333,HUME HIGHWAY / BARRY,1525568.75,-475260.33333333326,-23.753169987991225,0.15396691307909388,1636304.2925170069,Decline
216,1260593.25,NEPEAN / STREETATION / EDITHVALE,1135485.3333333333,-125107.91666666674,-9.924526937350073,0.31987307300721113,1096534.2176870748,Volatile
2160,1671859.9166666667,SYDNEY ROAD / ANDERSON,1726405.25,54545.333333333256,3.262554044724336,0.12176931182909473,1693903.1360544218,Stable
2161,2194809.75,SYDNEY ROAD / SOMERTON / COOPER,2058616.0,-136193.75,-6.205264488186277,0.12411967432824589,2433697.870748299,Decline
2162,1847986.5833333333,SYDNEY ROAD / JUKES,1733102.75,-114883.83333333326,-6.216702781797789,0.11595699046440816,1799543.530612245,Stable
2163,1415425.1666666667,SYDNEY ROAD / LYNCH,1358751.9166666667,-56673.25,-4.003973599923038,0.11426089700568097,1398010.8707482994,Stable
2164,631844.3333333334,CRAIGIEBURN NEAR BENSTON,1548176.0833333333,916331.7499999999,145.0249217502412,0.614106183137446,734996.735632184,Growth
2166,1279940.4166666667,PASCOE VALE / GIRGARRE,1269575.9166666667,-10364.5,-0.8097642566043928,0.12118282962397155,1274345.6258503401,Stable
2167,1556285.1666666667,SYDNEY ROAD / BOLINDA,1779011.9166666667,222726.75,14.311435639847925,0.11621012765610281,1716997.0544217688,Growth
2168,770303.5,MAHONEYS / PIPEWORKS MARKET,860556.1666666666,90252.66666666663,11.716507411256295,0.14145692738632365,809288.9727891156,Stable
2169,2066044.3333333333,,2346112.75,280068.41666666674,13.555779619443472,0.13669116138852194,2204620.4421768705,Growth
217,551887.0833333334,NEPEAN NEAR BRISTOL,513452.8333333333,-38434.25000000006,-6.964151030290777,0.1905008957320287,547084.0612244898,Stable
2171,580709.3333333334,BROADMEADOWS DEV / NTH CIRCULAR,595563.6666666666,14854.333333333256,2.557963593949455,0.13072412378478623,583984.3469387755,Stable
2172,2455490.0833333335,WRR / PASCOE VALE,2381778.6666666665,-73711.41666666698,-3.0019024376023364,0.11840064293686625,2553327.9183673467,Stable
2173,2667948.75,SYDNEY / WRR,2775141.0833333335,107192.33333333349,4.017780826312105,0.12973715445850678,2832384.1904761903,Stable
2175,818004.5,MICKLEHAM / GARDEN,673471.8333333334,-144532.66666666663,-17.66893295411781,0.14612805237589846,772993.1292517007,Decline
2176,452003.5,BOUNDARY / PASCOE / WEST,491332.75,39329.25,8.701094128695907,0.10932255851502638,484436.72789115645,Stable
2177,294936.25,MELROSE / TRADE PARK,251645.41666666666,-43290.83333333334,-14.678030704375383,0.18162994976746089,264345.2945736434,Stable
2178,1227482.0833333333,SYDNEY ROAD / NORTHBOURNE / TRUCK CITY,1235418.0833333333,7936.0,0.6465267483537608,0.11798690876080285,1360526.9659863946,Stable
2179,899555.9166666666,SYDNEY ROAD / KINGSWOOD,682134.6666666666,-217421.25,-24.16984269367728,0.2683383276590182,686870.1224489796,Decline
218,837740.8333333334,STREETATION STREET SOUTH OF CHELSEA ROAD,473326.0833333333,-364414.75000000006,-43.499700086243855,0.3233294491609922,682973.8928571428,Decline
2180,1020988.6666666666,SOMERTON / RESERVOIR / ROXBURGH PARK S / C,1184563.4166666667,163574.75000000012,16.02121113979066,0.12249275864214992,1132067.4081632653,Growth
2181,1363023.5833333333,HUME / AUSTRAK,1673915.0833333333,310891.5,22.80895971291277,0.12905195459735846,1555595.612244898,Growth
2182,729796.25,DONALD CAMERON / LINCOLN / THOMAS BRUNTON,536236.3333333334,-193559.91666666663,-26.522459750466876,0.177802921775939,630559.0476190476,Decline
2183,1331383.9166666667,SYDNEY ROAD / STREETANLEY / SOUTH PACIFIC,1738231.25,406847.33333333326,30.558228039282675,0.14496124096477142,1547216.081632653,Growth
2184,1037087.9166666666,SYDNEY / AMAROO / GRAND,1577285.1666666667,540197.2500000001,52.08789354486583,0.18558351191780162,1316011.4761904762,Growth
2185,1445478.5833333333,HUME / CRAIGIEBURN,2854146.0,1408667.4166666667,97.45335786423217,0.30495004066875797,1898802.693877551,Growth
2186,373000.75,AMAROO / HUME FREEWAY NB EXIT R,555125.3333333334,182124.58333333337,48.826867863759894,0.20111961973122788,499715.1156462585,Growth
2187,1662256.8333333333,SYDNEY / MITRE 10 ENTRY,1843667.25,181410.41666666674,10.913501032381584,0.1373763268000844,1815289.544217687,Growth
2188,1069484.9166666667,SOMERTON / UNION,1189397.25,119912.33333333326,11.212157503545898,0.15733347466876674,1206828.2789115647,Stable
2189,999953.3333333334,SOMERTON / AUSTRAK,1160505.3333333333,160551.99999999988,16.055949277632944,0.12206642312363539,1136216.9523809524,Growth
2190,686247.9166666666,MELROSE / APAC,1116449.6666666667,430201.7500000001,62.68896991186982,0.3316945849191505,952505.6258503401,Growth
2191,1863486.0,SYDNEY / LORNE,1792471.1666666667,-71014.83333333326,-3.8108595038188238,0.11065253797231406,1876555.4897959183,Stable
2193,122579.0,DONNYBROOK / HUME FREEWAY NB RAMPS,933019.4166666666,810440.4166666666,661.1576343963213,0.5856264040344562,530342.462585034,Growth
2194,1780931.75,SOMERTON / PASCOE VALE / DAVID MUNROE,1942905.0833333333,161973.33333333326,9.094864715244325,0.1150903522796255,1914434.8707482994,Growth
2195,758989.4166666666,SOMERTON / MAGNOLIA,842308.5833333334,83319.16666666674,10.97764538438339,0.1327453598342798,807845.0884353742,Stable
2196,193291.91666666666,,35916.75,-157375.16666666666,-81.41839006028447,0.6684014087050211,160856.16666666666,Decline
220,620070.6666666666,NEPEAN NEAR SWANPOOL,512690.5833333333,-107380.08333333331,-17.317394469017508,0.21127626191776855,557202.4829931973,Stable
2200,935732.8333333334,WHITEHORSE / UNION,873842.8333333334,-61890.0,-6.614067370013199,0.14338142496692385,841244.8843537415,Stable
2201,911124.5,WHITEHORSE NEAR MARLBOROUGH,943911.8333333334,32787.33333333337,3.5985568748654404,0.1990062867256097,1052826.931972789,Stable
2202,369441.5,MAROONDAH / HIGH,181397.33333333334,-188044.16666666666,-50.89957859814521,0.2765779002332932,315570.56462585035,Decline
2203,1610906.9166666667,MAROONDAH / ELGAR,1392948.1666666667,-217958.75,-13.53018897274377,0.15916676395559629,1515030.761904762,Decline
2204,1104485.6666666667,MAROONDAH / NELSON,858852.6666666666,-245633.00000000012,-22.239582405928317,0.18705808998313372,928269.6394557824,Decline
2205,1536565.5833333333,MAROONDAH NEAR MARKET,1283512.5833333333,-253053.0,-16.468740595571717,0.12261411082648419,1437703.6802721089,Decline
2206,1929729.4166666667,MAROONDAH / STREETATION,1399714.8333333333,-530014.5833333335,-27.46574616916284,0.15172768282791252,1844728.3605442178,Decline
2207,1070042.75,MAROONDAH / DORKING,794325.0,-275717.75,-25.766984543374555,0.17459817885401735,945965.8163265307,Decline
2208,1433093.4166666667,MAROONDAH / MIDDLEBOROUGH,1244732.4166666667,-188361.0,-13.14366515185885,0.14941382917897952,1318987.074829932,Decline
2209,937190.8333333334,MAROONDAH / LINSLEY,687342.0833333334,-249848.75,-26.659324986284368,0.1749766450518846,797147.9047619047,Decline
221,1015219.0,NEPEAN / ARGYLE / MAURY,839594.4166666666,-175624.58333333337,-17.29918208123896,0.3169237083549306,881611.5986394557,Decline
2210,1319151.4166666667,MAROONDAH NEAR WATTS,993663.5,-325487.91666666674,-24.674037608899717,0.18137273220264064,1106835.8639455782,Decline
2211,632901.5,STATION NEAR PAISLEY,637498.1666666666,4596.666666666628,0.7262846851629563,0.14438225814447653,629955.9047619047,Stable
2212,1905528.5,MAROONDAH HIGHWAY / MARKET / MURRAY,1551636.25,-353892.25,-18.571868644315735,0.12879501083223158,1880036.3197278911,Decline
2219,1439453.4166666667,ELGAR NEAR MAROONDAH,1427155.25,-12298.166666666744,-0.8543636441633193,0.13537858037003972,1441757.7414965986,Stable
222,939937.5,NEPEAN / BONDI,718553.0,-221384.5,-23.553108584347363,0.3194971487325262,774261.5448275862,Decline
2220,237830.5,NEW ST / ALBERT ST,260079.33333333334,22248.833333333343,9.354911726348531,0.2221286815022501,297641.1304347826,Stable
2221,147921.83333333334,MOLAN ST WEST OF NEWMAN ST,206225.66666666666,58303.833333333314,39.41529929658793,0.2339095657535831,196390.40217391305,Stable
2223,228324.5,HARDYS ROAD / TUCKERS ROAD,716244.3333333334,487919.8333333334,213.69578531140257,0.47395402446231755,465682.4285714286,Growth
2224,180421.91666666666,NEPEAN HIGHWAY NTH OF BAPAUME AVENUE,904087.25,723665.3333333334,401.09613438500406,0.5103846964689532,682678.4444444445,Growth
2227,901314.3636363636,,901314.3636363636,0.0,0.0,0.47281081961151405,901314.3636363636,Volatile
2228,830861.5,KINGSBURY DR NEAR RING RD,1168752.25,337890.75,40.66751799186748,0.21578063934149871,1087696.4647887324,Growth
2229,1162709.0833333333,HEATHERTON ROAD WEST OF FISHER CRESENT,1311241.5,148532.41666666674,12.774684467144947,0.18657910437003322,1277669.6296296297,Stable
223,401659.0833333333,STREETATION / MCLEOD,1070031.0,668371.9166666667,166.40278893232218,0.4814322195597585,708322.6734693878,Growth
2230,424288.3333333333,FLETCHER NEAR NICHOLSON,416246.9166666667,-8041.416666666628,-1.8952716902420828,0.1974789513151655,423241.14814814815,Stable
2231,542941.9166666666,MANCHESTER RD / STATION CAR PARK,675954.8333333334,133012.91666666674,24.498553635955243,0.24144739036752047,658242.82,Stable
2232,29128.5,SHIPWRIGHT PARADE / BRADFIELD STREET,149295.16666666666,120166.66666666666,412.5398378449513,0.6265105351838485,99862.3947368421,Volatile
2233,792886.4166666666,OLD PRINCES HWY / GLISMANN RD / BEACONSFIELD AVE,759101.4166666666,-33785.0,-4.261013846350628,0.19291054123144022,730997.1724137932,Stable
2234,208115.16666666666,BELGRAVE-GEMBROOK RD / BAYVIEW RD,250555.66666666666,42440.5,20.392795335275103,0.28879011125583415,236566.51612903227,Volatile
2236,938964.5833333334,EPPING PLAZA ACCESS ROAD NEAR NORTHERN HOSPITAL,1112654.75,173690.16666666663,18.498053041581702,0.258952761030958,1057157.0303030303,Growth
2237,331153.0,CHIFLEY / BRUTHEN,391740.1666666667,60587.166666666686,18.295822978099757,0.2682181253715593,390976.8,Stable
2239,492223.75,,638614.8333333334,146391.08333333337,29.74075983398472,0.3632712504839203,590834.7878787878,Volatile
224,806254.0,NEPEAN NEAR STEPRINCES HIGHWAY EASTNS,794981.3333333334,-11272.666666666628,-1.3981532701439778,0.16701305536838057,754992.7552447553,Stable
2240,44850.583333333336,,43909.5,-941.0833333333358,-2.098263307612132,0.3268012479431402,42070.307692307695,Volatile
2241,536626.5,,536626.5,0.0,0.0,0.40394183849543003,536626.5,Volatile
2242,469347.8333333333,OHERNS ROAD / MANOR HOUSE DRIVE,920583.9166666666,451236.0833333333,96.14108157880065,0.42795100435446115,798552.1162790698,Growth
2243,194423.5,PATTERSON DRIVE NEAR HAYES HILL BOULEVARD,369968.5833333333,175545.0833333333,90.29005410011305,0.3214003888777345,287958.34146341466,Growth
2244,404353.3333333333,WANTIRNA RD / REILLY ST,541866.0,137512.6666666667,34.008045768552265,0.33437488426959017,529527.6444444444,Volatile
2246,680065.0,MCCORMICKS RD BTW BALLARTO RD & GAMBLE ST,650107.0,-29958.0,-4.405167153139773,0.24732065661450287,701430.4915254237,Stable
2247,1312178.125,,1312178.125,0.0,0.0,0.40582350026448905,1312178.125,Volatile
2248,164438.25,LANCEFIELD / ROLLING MEADOWS / RHYE,202787.5,38349.25,23.32136835559853,0.22813225764824618,201189.90384615384,Stable
225,547049.75,NEPEAN NEAR RESERVE,435388.8333333333,-111660.91666666669,-20.411473849803734,0.19015097360360705,487092.2108843537,Stable
2250,821192.0833333334,COOPER STREETREET / YALE DRIVE,1055135.75,233943.66666666663,28.488300291091047,0.28874002597461945,1008244.5454545454,Growth
2253,372948.1666666667,EVANS RD / BOLAND DR / MERINDA PARK BLVD,569913.9166666666,196965.74999999994,52.81317019478576,0.21032002571484507,528580.5384615385,Growth
2257,181058.33333333334,,350143.8333333333,169085.49999999997,93.38730611681316,0.3159055158241588,317857.24528301886,Growth
2259,509992.9166666667,HOFFMANS NEAR ROSEHILL,581021.1666666666,71028.24999999994,13.927301277877213,0.20672486727706268,570932.4782608695,Stable
226,504039.0,NEPEAN NEAR ARMSTRONGS,479277.8333333333,-24761.166666666686,-4.912549756401129,0.18831146626171946,497380.5170068027,Stable
2260,697840.3333333334,MELBOURNE ROAD / MCLISTER STREET / BIRMINGHAM STREET,858187.25,160346.91666666663,22.977593728460324,0.2708784608026903,807862.1612903225,Growth
2261,301115.5,HALLAM NORTH ROAD / THOMAS MITCHELL DRIVE,363408.4166666667,62292.916666666686,20.687382969879227,0.17978033229305432,346234.5581395349,Stable
2262,358092.6666666667,MCDONALD / ACCESS,379814.9166666667,21722.25,6.0660974161250625,0.1879709539915757,376356.2121212121,Stable
2263,38629.25,SOFRA ROAD / BURLINA BOULEVARD,221764.25,183135.0,474.0837577742255,0.9786134070857071,105834.8125,Growth
2264,506759.0,ROBINSONS ROAD / QUINN STREET / WESTWOOD DRIVE,538265.25,31506.25,6.217205811835607,0.28189591015233995,538116.7380952381,Volatile
2266,72814.16666666667,,78819.25,6005.0833333333285,8.247135973997727,0.26526920382543534,79759.4054054054,Stable
2267,203453.16666666666,,203453.16666666666,0.0,0.0,0.4182052348525396,203453.16666666666,Volatile
2268,607055.0,HALLAM NORTH ROAD / HEATHERTON ROAD,721304.8333333334,114249.83333333337,18.820343022186353,0.17156541426733468,688943.0681818182,Stable
2269,987857.25,HUME HIGHWAY / RILEY RD,1109921.25,122064.0,12.356441176090978,0.1533603761752381,1066356.7368421052,Stable
227,643646.1666666666,NEPEAN / STREETATION,545000.0,-98646.16666666663,-15.326148398822639,0.1632749195193965,604376.537414966,Stable
2273,451389.9166666667,HEATHERTON ROAD / RETAIL ACCESS RD,520972.9166666667,69583.0,15.415275669833859,0.1591560301875727,504253.4418604651,Stable
2275,7428.833333333333,ISON ROAD / BLACK FOREST ROAD,32507.5,25078.666666666668,337.5855338433581,0.6304241285376402,19473.571428571428,Volatile
2276,1025533.75,BALLARAT ROAD / HULETT STREET,1151569.8333333333,126036.08333333326,12.289803561641268,0.25266888547980887,1002651.8367346938,Stable
2278,157448.58333333334,BOUNDARY ROAD / HURST DRIVE,351815.1666666667,194366.58333333334,123.44765460470428,0.41208968806648305,247315.4090909091,Growth
2279,923766.0,MARIBYRNONG RD NEAR MOORE ST,921497.75,-2268.25,-0.24554378489790707,0.17803242092065213,931852.5135135135,Stable
228,584024.1666666666,NEPEAN / SEAFORD,501756.9166666667,-82267.24999999994,-14.086274968644268,0.17331306822866888,532539.1904761905,Stable
2281,76343.33333333333,PATTERSONS RD / ORANA BLVD / SOUTH ST,131817.66666666666,55474.33333333333,72.66427978867397,0.3555561085920742,103869.19444444444,Volatile
2283,539815.4166666666,,663907.6666666666,124092.25,22.987904044360842,0.2994006008234884,601861.5416666666,Volatile
2284,506517.125,,506517.125,0.0,0.0,0.3578450997292599,506517.125,Volatile
2285,292066.9166666667,MICKLEHAM ROAD / MOUNT RIDLEY ROAD,438454.3333333333,146387.41666666663,50.12119083440637,0.31820553249889755,370096.3103448276,Volatile
2286,180942.0,MOUNT RIDLEY ROAD / BROSSARD ROAD,180942.0,0.0,0.0,0.36026281147392947,180942.0,Volatile
2288,886988.0,,886988.0,0.0,0.0,0.43546157250193523,886988.0,Volatile
2289,1561784.9166666667,SOUTH ROAD / BIGNELL ROAD,1645554.5833333333,83769.66666666651,5.363713387977709,0.13731503603305792,1650440.0869565217,Stable
229,368467.3333333333,NEPEAN NEAR MCCULLOCH,281290.75,-87176.58333333331,-23.659243424564092,0.19369982476489386,329939.8639455782,Stable
2290,2312636.75,SOUTH ROAD / TUCKER ROAD,2753369.8333333335,440733.0833333335,19.05760095412016,0.18367318128862922,2584852.0454545454,Growth
2291,297544.5833333333,ATKINSON ST NEAR DALGETY ST,273291.6666666667,-24252.916666666628,-8.151019385050127,0.13706192596933786,287756.7710843373,Stable
2292,1439395.6666666667,PRINCES HWY / COBAIN ST,1481212.5833333333,41816.91666666651,2.9051717769517515,0.16140028389716587,1513653.1355932204,Stable
2293,682521.5,BAY / ROUSE,652697.3333333334,-29824.166666666628,-4.369703616174235,0.2186732388279049,613221.7414965987,Stable
2294,24731.166666666668,ALBERT / MSAC ACCESS ROAD EXIT,25355.333333333332,624.1666666666642,2.5238059937865076,0.26676873510712223,20325.51020408163,Stable
2295,326819.3333333333,BRIDPORT NEAR MONTAGUE,542121.1666666666,215301.8333333333,65.8779366377754,0.30961485519913134,450026.84353741497,Growth
2297,346138.9166666667,CARLISLE NEAR ST KILDA (LIBRARY),749705.0,403566.0833333333,116.59078592482257,0.4312945575678249,565645.1496598639,Growth
2298,1258068.8333333333,JACKA NEAR LWR ESPLANADE,1086122.25,-171946.58333333326,-13.667502029896875,0.2194922779161134,1127048.7430555555,Decline
2299,1702336.8333333333,JACKA NTH LWR ESPLANADE,1516968.25,-185368.58333333326,-10.889066118035194,0.13068062307141276,1598237.9387755103,Decline
230,821083.75,NEPEAN / BEACH,686383.9166666666,-134699.83333333337,-16.40512716678821,0.15757921790107837,744212.5578231292,Decline
2300,1074246.0,STREET KILDA / UNION,760271.3333333334,-313974.6666666666,-29.22744573092817,0.20523557038181733,874061.0544217688,Decline
2301,1716049.8333333333,NEPEAN(STREET KILDA) / PUNT,1687964.6666666667,-28085.16666666651,-1.6366171961400797,0.15036783416391541,1633425.7891156462,Stable
2302,2495162.9166666665,NEPEAN / FITZROY / WELLINGTON,2962383.5,467220.5833333335,18.725053190414595,0.18981516628922956,2482378.1836734693,Growth
2303,1290643.9166666667,NEPEAN / BARKLY,905926.5833333334,-384717.3333333334,-29.808170043286538,0.195691999932116,1154600.081632653,Decline
2304,2095713.0833333333,NEPEAN / ALMA,1844234.6666666667,-251478.4166666665,-11.999658668288594,0.12175146750652426,1944655.7891156462,Decline
2305,2196470.4166666665,NEPEAN / INKERMAN,1861750.25,-334720.1666666665,-15.239001815222863,0.130555616304474,2059222.3945578232,Decline
2306,2844901.1666666665,NEPEAN / CARLISLE,1899065.5,-945835.6666666665,-33.24669685361653,0.24351469127210307,2212490.1768707484,Decline
2307,1919261.5,BRIGHTON NEAR DICKENS,1642871.6666666667,-276389.83333333326,-14.400842893651191,0.13636803677283812,1765298.925170068,Decline
2308,1171331.25,NEPEAN / CHAPEL,994878.0,-176453.25,-15.064333850906822,0.1368187097632771,1069855.4217687075,Decline
2309,2094922.5,NEPEAN NEAR MILTON,2809080.75,714158.25,34.08996036846232,0.20807102543671716,2410141.9455782315,Growth
231,1044985.4166666666,NEPEAN / WELLS,827992.5833333334,-216992.83333333326,-20.765154218659347,0.15458634436853358,955117.0272108844,Decline
2310,2232601.6666666665,NEPEAN / GLEN EIRA / BYRON,1973364.6666666667,-259236.99999999977,-11.611430909081397,0.14831563473228396,2162230.5034013605,Decline
2311,1164016.75,BEACONSFIELD / COWDEROY,1086550.1666666667,-77466.58333333326,-6.655108986475774,0.15747498328809728,1120060.3333333333,Stable
2312,2451767.0833333335,NEPEAN / GLENHUNTLY / HOTHAM,2219494.3333333335,-232272.75,-9.473687430545418,0.12936970976302542,2343469.775510204,Decline
2313,1793085.0,NEPEAN / RUSDEN,1583195.25,-209889.75,-11.70551033553903,0.12551376267629993,1691093.2925170069,Decline
2314,1996176.0,NEPEAN NEAR SCOTT,1750329.1666666667,-245846.83333333326,-12.315889647673012,0.13218157187828058,1867986.537414966,Decline
2315,3023904.4166666665,NEPEAN / MARTIN / GARDENVALE,2358495.3333333335,-665409.083333333,-22.004964167049692,0.1579504603780736,2639301.2517006802,Decline
2316,2966791.0,NEPEAN / NORTH,2731191.8333333335,-235599.1666666665,-7.941212126727717,0.13014596248447455,2941153.5782312923,Decline
2317,1764785.5,NEPEAN / BAY / MILROY / HAMPTON,1685157.4166666667,-79628.08333333326,-4.512054486697293,0.1399009814102085,1708978.2108843538,Stable
2318,548812.0,BAY NEAR JACK,733968.8333333334,185156.83333333337,33.7377523329179,0.18955404022055858,726191.7006802721,Growth
2319,2095071.4166666667,NEPEAN / HAWTHORN,2135186.75,40115.333333333256,1.9147477749067943,0.1355423418057534,2139777.095238095,Stable
232,979781.3333333334,NEPEAN / PLAYNE,786340.0,-193441.33333333337,-19.74331687614652,0.1563470439453469,884137.1088435374,Decline
2320,2447924.75,NEPEAN / CENTRE,2351744.75,-96180.0,-3.9290423449495333,0.1366055340416,2363955.231292517,Stable
2321,2180140.4166666665,NEPEAN / MARRIAGE / THOMAS,2227895.75,47755.33333333349,2.1904705297078606,0.13020124884325046,2261262.238095238,Stable
2322,1916163.0,NEPEAN / SOUTH,2208894.3333333335,292731.3333333335,15.27695364816738,0.13744001683133902,2014048.4013605441,Growth
2323,2090657.0833333333,NEPEAN / STREETATION / KEILLER,1682765.9166666667,-407891.1666666665,-19.510189878501112,0.14465601815077025,1944750.2993197278,Decline
2324,2294449.5,NEPEAN / WICKHAM,1921585.6666666667,-372863.83333333326,-16.250688164343266,0.13898277073871598,2134761.6666666665,Decline
2325,2393975.9166666665,NEPEAN / HIGHETT / ROWANS,2289905.6666666665,-104070.25,-4.347171969252963,0.15342749322319957,2383449.544217687,Stable
2326,3199376.3333333335,NEPEAN / BAY / KAREN,2816203.3333333335,-383173.0,-11.97649041808044,0.14128077131752007,3024533.074829932,Decline
2327,2417050.8333333335,NEPEAN / CHESTERVILLE / CHARMAN,1996224.25,-420826.5833333335,-17.41074608484652,0.16192777564424043,2168225.0136054424,Decline
2328,2337522.5,NEPEAN / CENTRE DANDENONG,2002487.6666666667,-335034.83333333326,-14.332903034444941,0.14581002703883078,2148393.5646258504,Decline
2329,2880469.9166666665,NEPEAN / WARRIGAL / BALCOMBE,2232362.1666666665,-648107.75,-22.50007008405081,0.17024307007957998,2823982.7210884355,Decline
233,1161539.75,NEPEAN / DAVEY,1151575.5,-9964.25,-0.8578483861615585,0.14950288220415942,1146894.6802721089,Stable
2330,1877734.25,NEPEAN / LWR DANDENONG,1759447.0,-118287.25,-6.299467030544924,0.14410225898942033,1912299.0612244897,Stable
2331,1590834.8333333333,NEPEAN / PARKERS / IMES,1153268.25,-437566.58333333326,-27.50546908860955,0.20211306673771415,1399614.0476190476,Decline
2332,1318023.9166666667,NEPEAN / WHITE,973038.8333333334,-344985.0833333334,-26.17441754818941,0.2057102952784785,1131131.5170068026,Decline
2333,2596974.3333333335,NEPEAN NEAR CENTREWAY,1038260.6666666666,-1558713.666666667,-60.02037242570618,0.3474617134383815,1326006.5850340135,Decline
2334,2023230.6666666667,NEPEAN / STREETATION,1612981.75,-410248.91666666674,-20.276922618149325,0.1598291371778389,1868640.3129251702,Decline
2335,1395805.5,NEPEAN NEAR ARNOT,1355551.4166666667,-40254.083333333256,-2.88393213333328,0.15415648361085352,1320095.6666666667,Stable
2336,2508333.25,NEPEAN / DENDY,2513350.0,5016.75,0.20000332890376507,0.12919296574685035,2508853.7210884355,Stable
2337,2734572.6666666665,NEPEAN / CUMMINS / PATTERSON,2745547.25,10974.583333333489,0.40132717872555423,0.1268494674749147,2744093.0,Stable
2339,2103135.3333333335,NEPEAN / SOUTHLAND NTH ENT,1744708.25,-358427.0833333335,-17.042511608858273,0.14501166757276296,1945109.1224489796,Decline
2340,2153998.0,NEPEAN / SOUTHLAND SHOPPING,1561523.8333333333,-592474.1666666667,-27.50579000847107,0.14761386626133946,1988914.0612244897,Decline
2341,773293.5833333334,BAY / CHELTENHAM MARKET,725798.4166666666,-47495.166666666744,-6.141932079914031,0.15712688753095577,752694.0204081633,Stable
2342,1001902.5,,774211.3333333334,-227691.16666666663,-22.725880678675484,0.34267343181777554,834799.4776119404,Decline
2343,1353802.3333333333,NEPEAN / TANTI / PENTECOST,1313033.75,-40768.583333333256,-3.0114132860853338,0.1485891222587729,1299034.612244898,Stable
2345,639064.1666666666,CENTRE DANDENONG NEAR NEPEAN,668335.1666666666,29271.0,4.580291233144298,0.1534933832981564,630255.5306122449,Stable
2346,115085.25,MACKIE NEAR DEAKIN,271159.25,156074.0,135.61598901683752,0.3271710843232463,247533.84684684683,Growth
2347,2125589.9166666665,CENTRE NEAR LORANNE,865875.4166666666,-1259714.5,-59.26423013783742,0.42119612884214663,1263825.0612244897,Decline
2348,381204.5833333333,CHARMAN NEAR STATION,374432.9166666667,-6771.666666666628,-1.7763864766403765,0.140252321618794,369171.2653061224,Stable
2349,549635.75,CENTRE / MONASH MEDICAL CENTRE,524548.0,-25087.75,-4.564431989731381,0.1359576409096396,544776.1768707483,Stable
235,840774.25,NEPEAN / CANADIAN BAY,765552.5,-75221.75,-8.94672380844204,0.14915358746265922,778545.7619047619,Stable
2350,728792.25,WICKHAM / BLUFF,709669.0833333334,-19123.166666666628,-2.6239530767055532,0.18892845060670244,691515.5238095238,Stable
2351,347535.25,NEW / HEAD,480162.8333333333,132627.5833333333,38.16233988734476,0.21051773752014652,459568.3448275862,Stable
2352,1839563.8333333333,NEPEAN HIGHWAY NEAR LATROBE,1559666.25,-279897.58333333326,-15.215431955201698,0.15999386711863073,1801981.9523809524,Decline
2353,747247.4166666666,WHITE / TREEBY,566254.9166666666,-180992.5,-24.221227931087974,0.18478585289596025,684744.2925170067,Decline
2354,1731644.9166666667,NEPEAN HIGHWAY / BUNNINGS ACCESS,1264595.25,-467049.66666666674,-26.971445599003918,0.1660108292572692,1593870.4353741496,Decline
2355,324417.5833333333,,751142.5,426724.9166666667,131.53569306636948,0.46937094434182147,344991.8671328671,Growth
2356,971494.6666666666,NEPEAN HIGHWAY NEAR OAK,781705.8333333334,-189788.83333333326,-19.535756586757717,0.16777898738960395,956449.4013605443,Decline
2359,166661.83333333334,BAXTERPARK DR BTWN SHAMROCK-ARKLAY,220620.5,53958.66666666666,32.376138908028324,0.3856003947172334,202103.73333333334,Volatile
236,1024690.75,NEPEAN / WOORALLA / MT ELIZA WAY,943852.75,-80838.0,-7.889014319686208,0.13775376317502672,960877.1428571428,Stable
2360,448571.6666666667,,509497.25,60925.583333333314,13.582129202691501,0.45916519347587137,448261.125,Volatile
2361,988623.0,SPRINGVALE ROAD / VIRGINIA STREETREET / NEWCOMEN RO…,997759.0,9136.0,0.9241136408924332,0.14748901929094121,1026811.4166666666,Stable
2362,406845.1666666667,THAMES PROMENADE / SCOTCH PARADE,460989.4166666667,54144.25,13.30831835698347,0.33226609455817063,435312.32,Volatile
2363,326839.5,NEWLANDS ROAD / MCMAHONS ROAD,349715.75,22876.25,6.999230509164284,0.18521517094236506,349128.3043478261,Stable
2364,25909.166666666668,HARDYS ROAD / BELLS ROAD,269055.6666666667,243146.50000000003,938.4574314110192,0.7531902467360838,163829.11111111112,Growth
2366,823432.8333333334,BORONIA ROAD / LEWIS ROAD,811450.0833333334,-11982.75,-1.4552188733466827,0.13540331534939298,843850.9130434783,Stable
2367,167489.91666666666,TIMBERTOP BOULEVARD / HEDGEVALE DRIVE / PINK HILL B…,156273.58333333334,-11216.333333333314,-6.696721543933728,0.19548326447751763,169226.8947368421,Stable
2369,607882.1666666666,FINDON NR MASERATI,684258.6666666666,76376.5,12.564359375569772,0.19929039952625474,678582.94,Stable
237,1227164.0833333333,NEPEAN / BUNGOWER,1320599.8333333333,93435.75,7.613957356558336,0.1320937973732352,1293732.768707483,Stable
2371,312096.5833333333,DONNYBROOK ROAD / MONAKEEBA BVD,343934.4166666667,31837.833333333372,10.201275833682908,0.39034602959460013,309322.86666666664,Volatile
2372,689012.0,,855186.5833333334,166174.58333333337,24.11780685000165,0.38751499187949334,761063.0952380953,Growth
2373,327824.0833333333,LATHAMS ROAD / STEPHENSON RD,372557.4166666667,44733.33333333337,13.645529906919093,0.18773769615323127,356347.9696969697,Stable
2374,290727.3333333333,LATHAMS ROAD / COLEMANS ROAD,394162.75,103435.41666666669,35.57815341293447,0.2678166041572178,358932.23529411765,Stable
2375,823032.5,BUCKLEY NEAR GARNET,825899.5,2867.0,0.3483459037158314,0.15536801376664322,843758.8205128205,Stable
2377,530062.8333333334,EDGARS ROAD / ROCKFIELD STREETREET,829834.4166666666,299771.58333333326,56.553971431688744,0.3305882586538246,744938.2051282051,Growth
238,856423.75,NEPEAN NEAR MOOMBA,716935.0833333334,-139488.66666666663,-16.287342179226886,0.12555657624776195,826699.7891156463,Decline
2380,1022705.3333333334,WESTERN PORT HIGHWAY / CRANBOURNE-FRANKSTON ROAD,1089962.0,67256.66666666663,6.576348482260771,0.17555907172760843,1099750.0454545454,Stable
2382,860740.5,WESTERN PORT HIGHWAY / BALLARTO ROAD,918929.75,58189.25,6.760370866713022,0.24268836448057426,900476.6590909091,Stable
2383,377402.0,BAXTER-TOORADIN ROAD WEST OF GOLF LINKS ROAD,495227.9166666667,117825.91666666669,31.220268219740937,0.21757465265340267,458395.76744186046,Stable
2385,1919621.3333333333,BELL STREET BTN BLANCH ST & DONOVAN ST,2481429.0,561807.6666666667,29.266587993743215,0.2692243934154678,2362383.2558139535,Growth
2386,1022170.5833333334,THOMAS STREET NEAR UNION STREET,1067791.1666666667,45620.58333333337,4.463108611926894,0.18405798678556357,1081524.6046511629,Stable
2387,475485.0833333333,CHILDS / BOWMAN,753158.8333333334,277673.75000000006,58.397993908326264,0.2647750060889139,691737.1304347826,Growth
2388,523045.875,,523045.875,0.0,0.0,0.3639773921246568,523045.875,Volatile
2389,365826.8333333333,FORREST STREET / FITGERALD ROAD CONNECTOR,486942.6666666667,121115.83333333337,33.10742195419419,0.21912362154469534,451552.4146341463,Stable
239,1365296.3333333333,NEPEAN / MAIN / MORNINGTON-TYABB,1421600.8333333333,56304.5,4.123976504246087,0.1631966398160244,1406637.6870748298,Stable
2392,272730.25,,272730.25,0.0,0.0,0.6441809275912933,272730.25,Volatile
2393,1230065.1666666667,ALEXANDRA AVE NEAR LINLITHGOW AVE,1513371.3333333333,283306.1666666665,23.031801431658554,0.2285081361927292,1524765.6753246754,Growth
2395,156331.58333333334,PARK STREET / WELLS STREET,73982.83333333333,-82348.75000000001,-52.675696263124486,0.6261575321987612,534264.9587628866,Volatile
2397,2016937.5,KINGSWAY / SOUTHERN LINK,1785016.5,-231921.0,-11.498670633076138,0.1438823548606788,1937984.768707483,Decline
2399,584298.1666666666,TODD / WEBB DOCK / WESTGATE WB RAMPS,980011.1666666666,395713.0,67.7244979660784,0.25221472292534175,925295.9370629371,Growth
240,575982.0,NEPEAN / CRAIGIE,603974.5833333334,27992.583333333372,4.859975369600677,0.12477645688887123,604069.5238095238,Stable
2400,1716688.9166666667,PRINCES HIGHWAY EAST / YORK,1739703.3333333333,23014.41666666651,1.3406282549638708,0.21151825385995068,1705106.9115646258,Stable
2402,1498380.9166666667,PRINCES HIGHWAY EAST / WEST GATE FREEWAY EXIT,1392314.25,-106066.66666666674,-7.0787518371913825,0.12758686829977153,1445885.3673469387,Stable
2403,3369308.9166666665,PRINCES HIGHWAY EAST / STURT,3004555.8333333335,-364753.083333333,-10.825753659126972,0.14791107341097545,3106631.3605442178,Decline
2404,4285511.416666667,PRINCES HIGHWAY EAST / PARK,3488200.75,-797310.666666667,-18.604796234257307,0.1557477295980303,3810779.741496599,Decline
2405,3608746.5,PRINCES HIGHWAY EAST / ALBERT,3305622.6666666665,-303123.8333333335,-8.399698713482188,0.11239564853394603,3527726.68707483,Decline
2406,2599021.1666666665,PRINCES HIGHWAY EAST / QUEENS,2516260.1666666665,-82761.0,-3.1843141972615716,0.12711550943729386,2597380.326530612,Stable
2407,2613588.5833333335,PRINCES HIGHWAY EAST / LORNE (X LAKESIDE),2517391.3333333335,-96197.25,-3.6806577214731866,0.13611600220182268,2556050.911564626,Stable
2408,2388210.6666666665,PRINCES HIGHWAY EAST / UNION,2346058.0833333335,-42152.58333333302,-1.765027847906202,0.12831359055515507,2387617.2517006802,Stable
2409,2559658.0,PRINCES HIGHWAY EAST / CHAPEL,2100833.0833333335,-458824.9166666665,-17.925243007724724,0.13954189109377538,2373152.768707483,Decline
241,1025979.3333333334,THOMPSON / GLADESVILLE,1415859.0,389879.6666666666,38.000732958233726,0.2074600821409279,1207361.2448979593,Growth
2410,919127.5,MARINE NEAR ELWOOD CANAL,960839.75,41712.25,4.538244150022712,0.1595824752147134,945626.2721088436,Stable
2411,2323006.8333333335,PRINCES HIGHWAY EAST / HOTHAM / WILLIAMS,2017807.0,-305199.8333333335,-13.1381375617994,0.13894148698541223,2273117.06122449,Decline
2412,2438293.5833333335,PRINCES HIGHWAY EAST / ORRONG,2387245.1666666665,-51048.41666666698,-2.093612394159685,0.1319777177356198,2493014.06122449,Stable
2413,2223753.4166666665,PRINCES HIGHWAY EAST / KOOYONG,2055265.8333333333,-168487.58333333326,-7.576720605375871,0.1513729351627932,2149588.782312925,Decline
2414,2249800.25,PRINCES HIGHWAY EAST / GLENFERRIE / HAWTHORN,1365723.0833333333,-884077.1666666667,-39.295807112949994,0.20172398655081833,1990855.8299319728,Decline
2415,2286578.75,PRINCES HIGHWAY EAST NEAR CARNARVON,2664820.1666666665,378241.4166666665,16.541805816513712,0.17871053158545644,2612558.328125,Growth
2416,2754596.25,PRINCES HIGHWAY EAST / NORMANBY / STATION,2482640.75,-271955.5,-9.872789887084178,0.13654045460860378,2661357.8571428573,Decline
2417,2097658.9166666665,DANDENONG / TOORONGA,1931002.1666666667,-166656.74999999977,-7.944892693271104,0.1347749472545024,2036911.3469387756,Decline
2418,2163339.25,PRINCES HIGHWAY EAST / FINCH / DERBY,1933549.0,-229790.25,-10.622016403576092,0.13569071228296845,2084399.8843537415,Decline
2419,2379880.5,PRINCES HIGHWAY EAST / BURKE / SIR JOHN MONASH,2084761.0833333333,-295119.41666666674,-12.400598125270019,0.13404606801801605,2273093.523809524,Decline
242,303314.4166666667,NEPEAN NEAR WILSON,518140.0,214825.5833333333,70.82603777763062,0.5227999758214714,431645.21527777775,Growth
2420,3446679.75,PRINCES HIGHWAY EAST / GRANGE,2318476.0,-1128203.75,-32.73305998330712,0.3066001492239853,2886543.2653061226,Decline
2421,2492735.6666666665,PRINCES HIGHWAY EAST / DARLING / KOORNANG,3433139.4166666665,940403.75,37.72577103040876,0.21158809609314833,2632834.523809524,Growth
2422,2326945.5,PRINCES HIGHWAY EAST / MURRUMBEENA / BELGRAVE,2759469.9166666665,432524.4166666665,18.58764705347274,0.15441193412641396,2550580.1088435375,Growth
2423,1322087.5,PRINCES HIGHWAY EAST NEAR SUTHERLAND,1187395.25,-134692.25,-10.187846870952187,0.12298066841617215,1278924.9387755103,Decline
2424,2239543.25,PRINCES HIGHWAY EAST / POATH / CHADSTONE,2863517.0833333335,623973.8333333335,27.86165586814782,0.18796890007970074,2457649.4081632653,Growth
2425,3140452.1666666665,PRINCES HIGHWAY EAST / WARRIGAL,2753107.9166666665,-387344.25,-12.33402801390649,0.18860272035457357,2711381.7482993198,Decline
2426,1940798.9166666667,PRINCES HIGHWAY EAST / ATKINSON,1783530.4166666667,-157268.5,-8.103286674856019,0.14085190742095222,1883452.2925170069,Decline
2427,1521573.4166666667,PRINCES HIGHWAY EAST / FERNTREE GULLY,1388018.0,-133555.41666666674,-8.777454653436873,0.14214795362171956,1473693.693877551,Decline
2428,1736881.5833333333,PRINCES HIGHWAY EAST / ATHERTON / HUNTINGDALE,1598251.5,-138630.08333333326,-7.981550651673189,0.13788339012592343,1690162.530612245,Decline
2429,1983307.9166666667,PRINCES HIGHWAY EAST / CLAYTON,1928554.5833333333,-54753.33333333349,-2.7607076477240646,0.1286571339089518,1962516.0476190476,Stable
243,402966.5,POINT NEPEAN / PIER,439856.5833333333,36890.083333333314,9.154627824728188,0.1773933514663947,438741.4693877551,Stable
2430,2395451.6666666665,PRINCES HIGHWAY EAST / NORTH / WELLINGTON,2259066.9166666665,-136384.75,-5.693487866936716,0.14142639173261698,2341637.455782313,Decline
2431,2059585.6666666667,PRINCES HIGHWAY EAST / BLACKBURN,1859991.6666666667,-199594.0,-9.690978298709595,0.1280366750293646,2000192.1088435375,Decline
2432,1971928.3333333333,PRINCES HIGHWAY EAST / MCNAUGHTON,1819702.0833333333,-152226.25,-7.719664423233772,0.14062592730498683,1934015.0612244897,Decline
2433,2000845.5,DANDENONG / WATTLETREE,1671151.0,-329694.5,-16.477759027371178,0.13575053492827982,1948408.4829931974,Decline
2434,1923935.5833333333,PRINCES HIGHWAY EAST / WAVERLEY,1754933.5833333333,-169002.0,-8.784181833530722,0.2946399449758649,2158918.544217687,Decline
2435,1758464.25,PRINCES HIGHWAY EAST / SMITH / RAILWAY / NORMANBY,1728640.9166666667,-29823.333333333256,-1.6959874693689825,0.5102436434708294,2015084.2857142857,Volatile
2437,1991725.4166666667,PRINCES HIGHWAY EAST / CHADSTONE ENT 3,2514740.3333333335,523014.91666666674,26.259388582889088,0.183869453224664,2410960.0476190476,Growth
2438,3292716.3333333335,PRINCES HIGHWAY EAST NEAR THE AVENUE,2919129.0,-373587.3333333335,-11.345870567451456,0.265179774781734,3199472.897959184,Decline
244,699158.6666666666,NEPEAN / JETTY,707521.6666666666,8363.0,1.1961519464346673,0.16076444363624784,712477.6802721089,Stable
2440,1954732.5,,1892106.3333333333,-62626.166666666744,-3.203822858967493,0.12080405233875036,1943506.3673469387,Stable
2441,1068216.9166666667,ORRONG NEAR AVALON,861490.9166666666,-206726.00000000012,-19.35243645504897,0.1409132853752899,969740.3265306122,Decline
2442,776885.1666666666,KOORNANG / ARAWATTA,1693653.9166666667,916768.7500000001,118.00569625154813,0.36289243907947344,1353706.2721088436,Growth
245,320229.1666666667,NEPEAN NEAR BEVERLEY,321981.4166666667,1752.25,0.5471862598399584,0.19119545738209162,325430.82352941175,Stable
2469,364434.5,TODD ROAD / WEBB DOCK DRIVE / COOK STREET,635772.9166666666,271338.4166666666,74.45464594232067,0.24555719219778266,594972.8731343284,Growth
247,602371.0,POINT NEPEAN / DUNDAS,591275.9166666666,-11095.083333333372,-1.8419019729258832,0.2563855304814234,646367.7006802721,Stable
2471,418474.3333333333,GRANGE ROAD - OAKLEIGH ROAD,474024.3333333333,55550.0,13.27441029836159,0.19717426497728632,485011.34545454546,Stable
2472,482300.5,BALCOMBE ROAD / COMO PARADE,639054.75,156754.25,32.50136584971403,0.21183842545144138,621551.8732394367,Growth
2473,68195.83333333333,GREENS ROAD / CALLAWAY STREETREET,283407.25,215211.4166666667,315.5785421885502,0.4547926002428098,189904.4375,Growth
2476,396777.9166666667,,396655.0833333333,-122.83333333337214,-0.030957704089304063,0.32139064963570174,384807.05555555556,Volatile
2477,75960.83333333333,,396218.3333333333,320257.5,421.60872379406055,0.6072455662292069,289945.85294117645,Growth
2478,600280.0833333334,PALMERS ROAD / DOHERTYS ROAD,1968777.25,1368497.1666666665,227.97644044217685,0.36117778874757833,1588802.9594594594,Growth
248,578123.0,NEPEAN / BONEO,475625.0,-102498.0,-17.72944511808041,0.1981285497009218,555485.1836734693,Stable
2482,952719.8333333334,ROSANNA ROAD NEAR BROWN STREET,1280982.3333333333,328262.4999999999,34.45530244200856,0.2352147589320235,1267316.894736842,Growth
2484,1090523.6666666667,GLENFERRIE NEAR JOHNSON,880932.4166666666,-209591.25000000012,-19.219321543075186,0.1401748565478876,984208.6666666666,Decline
2485,846600.5833333334,GLENFERRIE NEAR GARDINER,798879.5,-47721.08333333337,-5.6367883831877865,0.16152671459386367,787029.5782312925,Stable
2486,230678.66666666666,CHADSTONE SHOPPING- ENT 1-WSTRN ACCESS ROAD / CARPA…,330120.0833333333,99441.41666666666,43.10819812842106,0.3979265601632642,378700.7254901961,Volatile
2487,3821518.0833333335,PRINCES HIGHWAY EAST NEAR IRVING (LANSDOWNE),3463230.6666666665,-358287.416666667,-9.375525873585543,0.11491102084415626,3705549.476190476,Decline
2488,536951.1666666666,,551751.4166666666,14800.25,2.756349351446299,0.195575719541101,589617.679245283,Stable
249,607126.4166666666,NEPEAN NEAR CARMICHAEL,618102.3333333334,10975.916666666744,1.8078469928764278,0.20499349419632285,597742.1156462585,Stable
2490,272303.9166666667,DOHERTYS RD / PORT PHILLIP PRISON ACCESS,614756.0,342452.0833333333,125.7609833620339,0.3069072448791282,511146.7027027027,Growth
2491,681737.25,DOHERTYS RD / FITZGERALD RD,1138241.0,456503.75,66.96183170275644,0.24003330157371142,1059682.6184210526,Growth
2492,329706.0,HAMPSHIRE RD BET CORIO ST AND SUN CRESCENT,389993.5833333333,60287.583333333314,18.285255146504255,0.15062486288937801,385880.3918918919,Stable
2494,1325894.1666666667,PLENTY NEAR RIVERGUM,1767299.75,441405.58333333326,33.291162630501546,0.1708744802091337,1696301.3333333333,Growth
2495,714774.4166666666,YAN YEAN ROAD / KURRAK ROAD,933086.3333333334,218311.91666666674,30.542771478134195,0.2006119523289896,874995.0361445784,Growth
2496,1308119.0,PLENTY ROAD / RIVERGUM DRIVE,1501034.25,192915.25,14.74753061456947,0.16299962186491304,1434458.3170731708,Growth
2497,330267.5833333333,,531297.8333333334,201030.25000000006,60.868901504361006,0.5008159062914495,523155.306122449,Growth
2498,2771987.3333333335,PHW NEAR WALES,2318933.8333333335,-453053.5,-16.343996040385946,0.2765442761989325,2189300.9795918367,Decline
2499,1150038.1666666667,SMITHFIELD / SPEAKMEN,1128314.0,-21724.166666666744,-1.8889952782726551,0.12022549205190274,1161369.2108843538,Stable
250,613039.25,NEPEAN NEAR NAPIER (RYE),461581.8333333333,-151457.4166666667,-24.705990141196782,0.22422926382267835,612677.1156462585,Decline
2500,1626274.0,RACECOURSE / SMITHFIELD,1453392.9166666667,-172881.08333333326,-10.630501584193883,0.1480911398037022,1519942.7006802722,Decline
2501,1364587.4166666667,PHW(SMITHFIELD) / EPSOM,1145855.1666666667,-218732.25,-16.029185622589587,0.15586189586476487,1225653.0068027212,Decline
2502,1196498.8333333333,SMITHFIELD / GATEHOUSE / STREETABLES,1759253.5833333333,562754.75,47.03345580640628,0.3059932017786265,1417554.3129251702,Growth
2503,1566280.5833333333,BALLARAT / MOORE,1871950.5,305669.91666666674,19.515655107984863,0.16519001323788415,1684280.693877551,Growth
2504,1483005.8333333333,PHW / WESTERN HIGHWAY,1142737.3333333333,-340268.5,-22.94451527781134,0.154904817174806,1458801.7142857143,Decline
2505,1072858.6666666667,PHW / DROOP,996264.0833333334,-76594.58333333337,-7.139298559362901,0.135289755424207,1022201.6598639456,Stable
2506,1856911.6666666667,PHW / BARKLY / VICTORIA,1731778.4166666667,-125133.25,-6.7387831228733726,0.13270319281367318,1822425.1292517006,Stable
2507,1793850.4166666667,PHW / GEELONG,1933934.8333333333,140084.4166666665,7.80914703729709,0.12725752089674652,1874602.6666666667,Stable
2508,2123037.8333333335,PHW / SOMERVILLE / ROBERTS,1753328.0,-369709.8333333335,-17.414189588551064,0.22901948337848174,1856349.6666666667,Decline
2509,1134239.25,PHW / MILLERS / FRANCIS,1147576.8333333333,13337.583333333256,1.175905641894623,0.12912148423205777,1142712.4829931974,Stable
251,1292265.5833333333,STH GIPPS'D HIGHWAY / SLADEN(CRAN-DAND),1560679.75,268414.16666666674,20.770820652385254,0.14238248734619052,1545095.387755102,Growth
2510,974543.0,PHW / MCDONALD,954620.5,-19922.5,-2.044291529465606,0.1397867249955686,999583.2721088436,Stable
2511,1317522.6666666667,PHW / BURGESS / OLD GEELONG,1381010.6666666667,63488.0,4.818740626347226,0.1441278461586444,1345210.4013605441,Stable
2512,1560776.5833333333,PHW / GRIEVE,1586668.25,25891.666666666744,1.6588964072852885,0.12522279238850276,1604043.8843537415,Stable
2513,1208641.1666666667,PHW / LITTLE BOUNDARY,987019.8333333334,-221621.33333333337,-18.33640450494888,0.1761837507141039,1038494.0952380953,Decline
2514,391078.3333333333,SOMERVILLE / PARAMOUNT,411226.1666666667,20147.833333333372,5.151866420623329,0.12755029396992446,398522.96598639456,Stable
2515,462157.3333333333,DROOP / DONALD,391657.25,-70500.08333333331,-15.254563381013101,0.1377491029667711,425153.09523809527,Stable
2517,400499.5833333333,WHITEHALL NEAR HALL,139259.16666666666,-261240.41666666666,-65.22863631776562,0.35122348330004455,308513.8095238095,Decline
2518,674046.5,SUNSHINE / ROBERTS,744477.6666666666,70431.16666666663,10.449007103614754,0.1257406872116452,719837.2789115646,Stable
2519,1414923.8333333333,PHW / CEMETERY,1491178.25,76254.41666666674,5.3892948065637984,0.13391977159824967,1463604.6258503401,Stable
252,1193285.6666666667,STH GIPPS'D HIGHWAY / GREENS,1256376.5833333333,63090.91666666651,5.287159515030894,0.1257368584829686,1256735.775510204,Stable
2520,795818.0833333334,ASHLEY / CENTRAL WEST PLAZA,773935.8333333334,-21882.25,-2.7496547839607817,0.13623252730708757,791873.5306122449,Stable
2524,736462.4166666666,EPSOM NEAR BANGALORE,817040.25,80577.83333333337,10.941201004939272,0.16519974215984193,802346.7142857143,Stable
2526,279618.5833333333,INKERMAN ROAD NEAR ORRONG GROVE,423280.5,143661.9166666667,51.37781436200445,0.3035823582351291,432248.3153846154,Volatile
253,1188053.6666666667,FOSTER / ENT CAPITAL CENTRE,1071989.75,-116063.91666666674,-9.769248639441377,0.12658944822672882,1164445.9047619049,Stable
2530,818307.5,,760364.75,-57942.75,-7.080803976500276,0.47665402492284803,612896.0909090909,Volatile
2531,582117.6666666666,HUME DRIVE / OVERTON LEA BLVD,687426.6666666666,105309.0,18.090672389831838,0.18221797206951998,613027.369047619,Stable
2532,11468.916666666666,HAUGHTON ROAD NR THOMAS ST (BUS LANE),17460.25,5991.333333333334,52.23974946776433,0.2181691655262321,16531.305882352943,Stable
2533,67805.33333333333,WILTSHIRE BLVD NEAR SADIE AVE,128285.5,60480.16666666667,89.19676918236522,0.29156268442290906,96820.64705882352,Volatile
2534,1200030.5833333333,CHANDLER HWY / MAIN RD,1523783.0833333333,323752.5,26.97868741817483,0.2144898028383136,1399494.2696629213,Growth
2536,265466.1666666667,HARVESTER RD NR FOUNDRY RD,263110.4166666667,-2355.75,-0.8874012193644261,0.1940763362183662,291062.9875,Stable
254,838256.8333333334,STH GIPPS'D HIGHWAY / STAWELL,878144.8333333334,39888.0,4.7584461484656355,0.1377948116380966,952027.1020408163,Stable
2547,303885.4166666667,FITZGERALD / CALLAWAY,396717.1666666667,92831.75,30.548274089054946,0.3386313348684241,453949.25471698114,Volatile
2548,21643.166666666668,GOURLAY / HUME DRIVE,911088.0833333334,889444.9166666667,4109.587706666462,0.34932047692410234,745824.3819444445,Growth
255,1087570.9166666667,CRANBOURNE-FRANK / WARRANDYTE,1068093.25,-19477.666666666744,-1.7909330203831224,0.13076477469190517,1091458.9727891157,Stable
256,1961303.8333333333,STH GIPPS'D HIGHWAY / THOMPSONS,2550060.0,588756.1666666667,30.018610918943978,0.15047037558577192,2282329.006802721,Growth
2565,1196755.25,WESTERN HIGHWAY / CHISHOLM DR / PANAMAX DR,1692166.4166666667,495411.16666666674,41.396197482038765,0.19762788116823723,1446186.2448979593,Growth
2566,582823.8333333334,EPPING NEAR TAGGERTY,899039.0,316215.1666666666,54.25570276667362,0.262642228908419,687449.640625,Growth
2567,811876.75,TAYLORS / COPPERFIELD,891797.8333333334,79921.08333333337,9.843992124830939,0.19792027505350243,821591.7739726028,Stable
2568,482612.0833333333,O'HERNS / MILLER / GREAT BROME,1151746.8333333333,669134.75,138.6485695464525,0.2894764766764708,861292.592,Growth
257,1927686.5833333333,STH GIPPS'D HIGHWAY (HIGH) NEAR BAKEWELL,1718454.9166666667,-209231.6666666665,-10.854029305161502,0.10972275298754969,1910939.1292517006,Decline
2570,426356.4166666667,MT DERRIMUT / AUSTRALIS,567976.5,141620.0833333333,33.21636025570937,0.15762811797150394,512129.79591836734,Stable
2571,427868.8333333333,COMMERCIAL / LAKE,522522.5,94653.66666666669,22.122122317080827,0.13970444769374796,491813.5714285714,Stable
2577,217855.41666666666,FITZGERALD / ALLISON / DAVID,341544.25,123688.83333333334,56.77565204751623,0.2730392467750033,357140.8476190476,Stable
2579,1129218.75,TAYLORS / KERRISON / REGAN,1198064.5,68845.75,6.096759374567593,0.16665235996683964,1174555.7278911564,Stable
258,1353000.5,STH GIPPSLAND HIGHWAY / CAMMS RD.,2342216.1666666665,989215.6666666665,73.11273474523227,0.30889781673041466,1835500.0408163266,Growth
2580,1148673.6666666667,TAYLORS / EAST ESPLANADE,1226252.8333333333,77579.16666666651,6.753803879895089,0.14419703556346142,1188365.2653061224,Stable
2581,616224.8333333334,FITZGERALD / WRR IB RAMP,639970.4166666666,23745.583333333256,3.853396041325813,0.1413173881406329,614179.8435374149,Stable
2582,447765.8333333333,GOURLAY NEAR COMMUNITY HUB,226508.16666666666,-221257.66666666666,-49.413700241383616,0.34545948547938427,355860.8231292517,Decline
2583,872713.8333333334,KINGS / WATERGARDENS ENTRANCE 4,792685.4166666666,-80028.41666666674,-9.170063955672383,0.1246333082278587,832407.6666666666,Stable
2584,996354.3333333334,KINGS / WATERGARDENS ENTRANCE 5,933544.75,-62809.58333333337,-6.303940398713581,0.13650254225425976,956164.7482993198,Stable
2585,1160733.0833333333,KINGS / HUME,1149783.9166666667,-10949.166666666511,-0.9432975439300187,0.13992195296968327,1150465.544217687,Stable
2586,902655.3333333334,KINGS / GOLDSMITH,831346.8333333334,-71308.5,-7.899859156281873,0.13136704144858083,837804.3197278911,Stable
2587,899102.0833333334,KINGS / DELAHEY VILLAGE NORTH ENTRANCE,848406.1666666666,-50695.916666666744,-5.638505082617157,0.12213665423269146,849677.9115646258,Stable
259,788758.3333333334,CRANBOURNE-FRANKSTON / JOSEPHINE,794981.1666666666,6222.833333333256,0.7889404232390472,0.12073891246413644,807154.693877551,Stable
2591,808216.6666666666,CAROLINE SPRINGS / COLLEGE,728248.4166666666,-79968.25,-9.89440744024911,0.15622130397815245,805852.462585034,Stable
2592,688658.3333333334,KINGS / WATERGARDENS SHOP CENTRE ENT 3,705086.9166666666,16428.583333333256,2.3855927588668675,0.14273659951545706,691807.768707483,Stable
2593,1012991.8333333334,CAROLINE SPRINGS / LAKE,907229.0833333334,-105762.75,-10.44063204853083,0.1578296519756199,998096.7482993198,Stable
2595,1074321.5,MELTON HIGHWAY / GOURLAY,1499323.5,425002.0,39.56003859179957,0.20355617284494176,1237241.9657534247,Growth
2597,1373864.5,MELTON HIGHWAY / CALDER PARK,1845038.8333333333,471174.33333333326,34.2955461279721,0.17176873267270035,1578727.4149659865,Growth
2598,1166701.6666666667,MELTON HIGHWAY NEAR ARRAN,1348647.75,181946.08333333326,15.594910724106843,0.1537968060094893,1255193.7006802722,Growth
2599,1213315.8333333333,,9330.416666666666,-1203985.4166666665,-99.23099852401717,0.6409363809483996,1191706.6296296297,Decline
260,1092965.75,STH GIPPS'D HIGHWAY NEAR ELIZABETH,366121.6666666667,-726844.0833333333,-66.50200002455094,0.348220670662941,896908.2857142857,Decline
2601,2432093.6666666665,WESTERN HIGHWAY / TIERNAN / HOADLEY,754808.8333333334,-1677284.833333333,-68.96464788020089,0.30275134593306524,1975220.7482993198,Decline
2602,1300462.8333333333,WESTERN HIGHWAY / DROOP / FARNSWORTH,1185767.0,-114695.83333333326,-8.819616400673755,0.13766398421988393,1236377.5850340135,Stable
2603,1570163.25,WESTERN HIGHWAY / GORDON,1453656.5833333333,-116506.66666666674,-7.4200352521730935,0.11865635960026001,1545695.8299319728,Stable
2604,1029247.5833333334,WESTERN HIGHWAY / ELEANOR,918871.0,-110376.58333333337,-10.724007043656734,0.12295277800461121,1033372.0612244898,Stable
2605,1337665.1666666667,WESTERN HIGHWAY / ROSAMOND / S'HILL,1179298.25,-158366.91666666674,-11.839055139732906,0.1293836281207323,1244305.6802721089,Decline
2606,1466665.0833333333,WESTERN / CHURCHILL,1582304.3333333333,115639.25,7.88450282986101,0.14755508219335764,1496598.448979592,Stable
2607,1624535.0833333333,WESTERN HIGHWAY / ASHLEY,1543960.9166666667,-80574.16666666651,-4.959829276283703,0.12640926057414983,1591611.5170068026,Stable
2608,1633242.9166666667,WESTERN HIGHWAY / DARNLEY / BUTLER,1745683.6666666667,112440.75,6.8845086577496755,0.12504204673765384,1669059.2857142857,Stable
2609,1704539.0,WESTERN HIGHWAY / DUKE,1684532.8333333333,-20006.166666666744,-1.1736995555200993,0.12096513375132475,1700783.850340136,Stable
261,971855.75,CRANBOURNE-FRANKSTON / LONG,935794.8333333334,-36060.91666666663,-3.7105215117229724,0.11474095154974673,966537.0272108844,Stable
2610,1523992.1666666667,WESTERN HIGHWAY / NORTHUMBERLAND,1453528.8333333333,-70463.33333333349,-4.623602067945897,0.11873902859715106,1526018.9795918367,Stable
2611,1467442.9166666667,WESTERN HIGHWAY NEAR WESTMORELAND,1490476.3333333333,23033.41666666651,1.5696294830321231,0.1242419678898619,1534159.142857143,Stable
2612,1611600.9166666667,WESTERN HIGHWAY / HAMPSHIRE,1570221.1666666667,-41379.75,-2.5676176758193496,0.11667426647935629,1631713.0612244897,Stable
2613,2520560.6666666665,WESTERN HIGHWAY / MCINTYRE / ANDERSON,2372049.9166666665,-148510.75,-5.891972844137059,0.11478213388013955,2489738.3741496596,Decline
2614,2444946.3333333335,WESTERN HIGHWAY / STATION,3069300.0,624353.6666666665,25.536497801792237,0.15815275895220304,2636017.5306122447,Growth
2615,853347.0833333334,WESTERN HIGHWAY NEAR THOMSON,786023.8333333334,-67323.25,-7.88931623660361,0.13006844659954778,829902.1496598639,Stable
2616,1305615.4166666667,WESTERN HIGHWAY / HOLT / G & F ENT,1641350.0,335734.58333333326,25.71466138095157,0.1825419313066975,1311290.0408163266,Growth
2617,1958776.9166666667,WESTERN HIGHWAY NEAR MARCELLIN,2125472.75,166695.83333333326,8.510200008738442,0.11927498769412949,2037810.857142857,Growth
2618,846322.3333333334,RALEIGH NEAR WESTS / TRAM CROSSING,868734.1666666666,22411.833333333256,2.6481439104958735,0.1423369936231984,856806.387755102,Stable
262,623577.75,MONASH / HUNTINGDALE,697015.6666666666,73437.91666666663,11.776866103171036,0.1836611679289473,711673.4149659864,Stable
2620,243357.16666666666,CHURCHILL NEAR DOBSON,233738.16666666666,-9619.0,-3.952626557809749,0.15700294062158543,235798.91596638656,Stable
2621,406629.5,MARKET / SOMERVILLE,418154.3333333333,11524.833333333314,2.8342344402787583,0.1220159445875246,426050.4829931973,Stable
2623,881087.9166666666,STREETATION / TILBURN,1572346.6666666667,691258.7500000001,78.45513903029921,0.26581627453086154,1147860.2789115647,Growth
2624,748242.3333333334,ROSAMOND / HIGHPOINT CITY NORTH ENT,769153.5833333334,20911.25,2.7947162394357976,0.19106228155732694,741343.8707482993,Stable
2625,538055.0833333334,ROSAMOND / HIGHPOINT CITY SHOP ENT,514809.9166666667,-23245.166666666686,-4.320220621773394,0.17449097044242268,529799.306122449,Stable
2626,1143423.8333333333,RALEIGH / CLYDE,1102187.0833333333,-41236.75,-3.6064273629652934,0.13531049757921276,1116383.9863945579,Stable
2627,1909842.5,WESTERN HIGHWAY / WRR,2503961.3333333335,594118.8333333335,31.108263290472042,0.13609460901508127,2301009.544217687,Growth
2628,2216465.0,WRR / SUNSHINE / MCINTYRE,2872423.5,655958.5,29.594805241679882,0.31628370781609355,2846880.6258503404,Growth
2629,1393959.8333333333,SUNSHINE / MAIN ROAD EAST,1405693.8333333333,11734.0,0.841774613543982,0.11933776827905551,1407466.387755102,Stable
263,575474.8333333334,MONASH / FORSTER,951729.1666666666,376254.33333333326,65.38154434207809,0.24739090554607376,739088.8231292517,Growth
2630,926676.8333333334,WRR / FITZGERALD,1060252.5,133575.66666666663,14.414482143271446,0.15058209171275652,1031149.2585034013,Stable
2631,1098886.3333333333,WRR / BOUNDARY,1066495.5,-32390.833333333256,-2.9476054393250797,0.12321958400027422,1152102.2789115647,Stable
2633,680704.8333333334,TILBURN / FITZGERALD / FORREST,454964.9166666667,-225739.9166666667,-33.16267280801346,0.18139894492905068,676236.2524271845,Decline
2634,814784.4166666666,MCINTYRE / SUFFOLK,819198.9166666666,4414.5,0.5417997582796186,0.10796577992761938,828307.4557823129,Stable
2636,1371758.0,MELTON HIGHWAY / VERONA,1380902.3333333333,9144.333333333256,0.66661417927457,0.12615814007170856,1357384.530612245,Stable
2637,1274841.25,MELTON HIGHWAY / PARMELIA,1302151.5,27310.25,2.1422471229260895,0.12394260329091872,1279682.6598639456,Stable
2638,1855363.0,MELTON HIGHWAY / KINGS,1898270.1666666667,42907.166666666744,2.3126022598632585,0.11963044487418922,1882319.0408163266,Stable
2639,1249005.25,MELTON HIGHWAY / SHOPPING CENTRE ENT 2,1363885.9166666667,114880.66666666674,9.19777292102389,0.12570330259353246,1322975.2721088436,Stable
264,1737100.3333333333,MONASH / BLACKBURN,1595297.0,-141803.33333333326,-8.163220662172456,0.14810440820303364,1659476.9387755103,Decline
2640,1154151.75,MELTON HIGHWAY / MCCUBBIN,1291761.9166666667,137610.16666666674,11.923056622897876,0.144226864117593,1223071.6598639456,Stable
2641,1640841.9166666667,WESTERN HIGHWAY / HARVESTER,1550809.0833333333,-90032.83333333349,-5.486990088370802,0.1049514255008525,1643362.469387755,Stable
2642,706236.4166666666,ANDERSON / FOUNDRY,867861.5833333334,161625.16666666674,22.885419507183453,0.1277785641690432,833913.7006802721,Growth
2643,309103.0,DEVONSHIRE / HARVESTER,196283.75,-112819.25,-36.49891783644934,0.27033106297336423,253731.86394557822,Stable
2644,808902.3333333334,MCINTYRE / PHOENIX,813359.5833333334,4457.25,0.5510244953346243,0.10646401196457687,830580.4421768708,Stable
2645,1252080.75,MELTON HIGHWAY / OVERTON LEA,1536369.75,284289.0,22.70532471647695,0.18133881828814968,1379987.5646258504,Growth
2646,383433.8333333333,COBURNS / BARRIES,1097839.5,714405.6666666667,186.31784797290106,0.2609746093214593,1077004.9166666667,Growth
2647,755516.6666666666,BOUNDARY / PLUMMER / SPENCER,712199.8333333334,-43316.833333333256,-5.733405395865954,0.15462853051481618,780300.6666666666,Stable
2649,475309.3333333333,SHARPS / AIRPORT,1080172.5,604863.1666666667,127.256740873312,0.31298878801034963,954060.462585034,Growth
265,2213125.25,MONASH / SPRINGVALE,2024542.25,-188583.0,-8.52111736558968,0.1313271608322082,2136826.782312925,Decline
2650,472732.5,HIGH / PALMERSTON,955647.0,482914.5,102.15386079865463,0.34186422308128145,731279.2307692308,Growth
2651,696522.3333333334,HIGH / O'NEILLS / STREETATION,688217.8333333334,-8304.5,-1.1922805059612829,0.1083758444521763,699241.5714285715,Stable
2652,555164.75,BOUNDARY ROAD / EAST OF MT DERRIMUT ROAD,318103.0833333333,-237061.6666666667,-42.70113811560743,0.21962031852676522,553068.9455782312,Decline
2653,349005.5,HIGH / MELTON VALLEY,389464.75,40459.25,11.592725616071952,0.14607083070116678,350892.8911564626,Stable
2654,708778.0,COBURNS / SHOP CENTRE ACCESS,745980.25,37202.25,5.2487873494944814,0.10838012043553333,776699.775510204,Stable
2655,651297.0,ROBINSONS / AUSTRALIS / SCHEMBRI,910217.4166666666,258920.41666666663,39.75458456996833,0.41604763239105863,867002.5620437956,Growth
2656,1603949.4166666667,WESTERN HIGHWAY / WESTWOOD,2036476.5,432527.08333333326,26.96637929095124,0.15259258724791722,1834122.149659864,Growth
2658,1524626.25,WESTERN HIGHWAY / CHRISTIES / CAROLINE SPRING,2104914.0833333335,580287.8333333335,38.06098926430877,0.17628219864741165,1823266.6054421768,Growth
2659,957291.0833333334,TAYLORS / CARBINE,1033721.0833333334,76430.0,7.983987454878101,0.14688250890524315,996743.2721088436,Stable
266,902415.25,MONASH / JACKSONS,717492.5833333334,-184922.66666666663,-20.491970483285453,0.1608155276560337,818805.306122449,Decline
2660,684861.25,SOMERVILLE / MCDONALD,725944.0833333334,41082.83333333337,5.998708984240731,0.11147387157385336,707119.6598639456,Stable
2661,619621.1666666666,COBURNS / RICHARD,772760.3333333334,153139.16666666674,24.714966967719807,0.14851560172863792,689874.925170068,Stable
2662,452065.25,STREETATION / RICHARD,486014.25,33949.0,7.509756611462615,0.11162313637553006,465857.10204081633,Stable
2663,693962.4166666666,BAY NEAR LIARDET,723170.4166666666,29208.0,4.2088734632483105,0.11994280926874615,774584.7414965987,Stable
2664,726227.9166666666,RALEIGH / RANDALL,692745.3333333334,-33482.583333333256,-4.610478689254453,0.12880517814724146,704857.4557823129,Stable
2666,1996497.5833333333,WESTERN HIGHWAY / CAIRNLEA,1986200.75,-10296.833333333256,-0.5157448433341834,0.12193108420953183,1961982.3129251702,Stable
2669,75165.08333333333,HIGH NEAR COBURNS,941774.0,866608.9166666666,1152.9408047397894,0.7424354958346567,734585.3,Growth
267,1313611.6666666667,MONASH / STREETUD (SOUTH),1291079.8333333333,-22531.83333333349,-1.7152583145450255,0.11707425100895105,1313057.9863945579,Stable
2674,626684.5833333334,FURLONG / CAIRNLEA,609600.0833333334,-17084.5,-2.7261720575808006,0.21845733763883934,606611.3356164383,Stable
2677,426709.5,DUKE / SURREY,449283.5833333333,22574.083333333314,5.290269687769622,0.275541749182442,361336.5714285714,Volatile
2679,406268.75,ROBINSONS / RIDING BOUNDARY / FOLEYS,629262.0833333334,222993.33333333337,54.888133368203526,0.712238945158586,567563.6734693878,Growth
268,1434783.8333333333,WELLINGTON / JACKSONS,1335247.25,-99536.58333333326,-6.937392311013628,0.1320735236269345,1353918.6326530613,Stable
2680,854536.1666666666,CAROLINE SPRINGS / COMMERCIAL,904366.25,49830.08333333337,5.831243343123575,0.13301944499638046,911712.0272108844,Stable
2681,416795.5,ROBINSONS / HATCHLANDS,489160.6666666667,72365.16666666669,17.36227158562573,0.2123862550648269,445526.5170068027,Stable
2682,484003.25,MT DERRIMUT / PARAMOUNT BLVD,632187.75,148184.5,30.616426645895455,0.1478774277698955,577246.462585034,Stable
2683,661761.3333333334,HIGH / BARRIES,611154.5,-50606.83333333337,-7.647293787689827,0.11792068724063255,643030.4013605443,Stable
2684,1096073.0,SOUTH CENTRE / ANNANDALE / BELLATERRA,856891.75,-239181.25,-21.821653302289175,0.19105466026891865,860470.8639455782,Decline
2685,449597.6666666667,SOMERVILLE / ALICK,430514.0833333333,-19083.583333333372,-4.244591275310601,0.1526202277728526,412261.85714285716,Stable
2686,587733.3333333334,BALLARTO / MCCORMICKS,547934.5,-39798.83333333337,-6.771580081669698,0.16261779104264606,613834.8461538461,Stable
2687,572591.75,FRANKSTON-CRANBOURNE / BEACH,540730.8333333334,-31860.916666666628,-5.564333867308886,0.1219239606220542,563588.231292517,Stable
2688,641319.4166666666,ROBINSONS / CALARCO,1597838.25,956518.8333333334,149.1485846951201,0.4361068058863231,1065878.7357142856,Growth
269,933771.0833333334,CHELTENHAM / DINGLEY / SINCLAIR,803253.0,-130518.08333333337,-13.977524648484065,0.12333771903970413,882802.5918367347,Decline
2690,440181.3333333333,ROBINSONS / WINDSOR,641251.4166666666,201070.0833333333,45.67892095984685,0.46264207850985334,413433.54545454547,Growth
2691,274654.5,BALACLAVA NEAR LABASSA,217674.25,-56980.25,-20.746155624612012,0.1372024901045399,238325.48979591837,Stable
2692,713071.0833333334,EPPING / HAYSTON / LYNDARUM,693311.5833333334,-19759.5,-2.7710421109255936,0.18456952094248744,769395.1360544218,Stable
2693,300042.0833333333,BALACLAVA NEAR EMPRESS,237306.0,-62736.083333333314,-20.90909469643841,0.13003773661047927,263596.0136054422,Stable
2694,619396.0,FAIRBAIRN / INDUSTRIAL / NORTHERN ACCESS,633897.1666666666,14501.166666666628,2.341178610560389,0.10351853786858597,627934.6666666666,Stable
2697,4817.666666666667,WINDSOR / CAPESTHORNE / LENNON PARKWAY,161013.25,156195.58333333334,3242.141769874767,0.40650585858497107,174732.0136054422,Growth
2698,633230.75,DALTON NEAR GUILA,558033.5833333334,-75197.16666666663,-11.87516030557054,0.1281555086821318,610037.0408163265,Stable
270,1519482.1666666667,STH GIPPS'D FWY / PRINCES HIGHWAY EAST,1519791.5,309.3333333332557,0.020357812689032702,0.16320516433973617,1706464.8979591837,Stable
2701,2741540.4166666665,MELTON HIGHWAY / SUNSHINE,2722574.25,-18966.16666666651,-0.6918069327508489,0.1213951512390037,2740661.605442177,Stable
2703,354056.8333333333,SOUTH NEAR MYAMYN,370319.6666666667,16262.833333333372,4.5932832817330285,0.1561118597109341,374807.2166666667,Stable
2705,933593.5,STREET ALBANS / MULHALL,690927.25,-242666.25,-25.992709889261224,0.1783716819607519,698272.1224489796,Decline
2706,1320403.9166666667,STREETATION / BILLINGHAM / FURLONG,1270989.8333333333,-49414.08333333349,-3.7423460131865065,0.12483908314396873,1318617.6598639456,Stable
2707,690278.25,HAMPSTEAD NEAR KEITH,713261.8333333334,22983.583333333372,3.3296114042899907,0.13940702342563444,702025.1496598639,Stable
2708,606184.25,RIVER / GORDON,606209.5,25.25,0.004165400206290414,0.14013976725659155,621220.4897959183,Stable
271,1044804.3333333334,CRANBOURNE / LEE,1010514.75,-34289.58333333337,-3.2819143488748965,0.1140508833067065,1017740.6734693878,Stable
2710,527496.0833333334,MCDONALDS / OLEANDER / DANAHER,570373.1666666666,42877.083333333256,8.128417383193826,0.1486888567912843,566469.9115646258,Stable
2711,469406.25,DEVONSHIRE / WITHERS,428998.0,-40408.25,-8.608374941748218,0.16785130934043116,414838.60544217686,Stable
2712,847434.9166666666,CORDITE / AMRL / WATERFORD GRN EST ENT,836197.0,-11237.916666666628,-1.3261097041965517,0.14597439388033934,864406.9455782312,Stable
2713,860199.4166666666,MT DERRIMUT / FOLEYS,1077609.3333333333,217409.91666666663,25.274362253016324,0.1374982267618626,962626.925170068,Growth
2714,1339782.0833333333,WESTERN HIGHWAY / ROBINSONS,1574586.0833333333,234804.0,17.525536646662378,0.14316124201557257,1452469.2721088436,Growth
2715,1137311.5,MILLEARA / KEILOR PARK EXTN,1645684.8333333333,508373.33333333326,44.699568529231726,0.21223161004020155,1502475.448979592,Growth
2716,714326.3333333334,CANNING / MILITARY,760328.1666666666,46001.833333333256,6.4398904515629765,0.19450874892926256,752570.6054421769,Stable
2718,462192.3333333333,MILLEARA / DENNIS / BRADMAN,442296.8333333333,-19895.5,-4.304593253746456,0.127158948288865,464453.4285714286,Stable
2719,639274.4166666666,BUCKLEY / HOFFMANS,646420.9166666666,7146.5,1.117908024110147,0.13563394827876732,639317.1292517007,Stable
272,739783.0,CRANBOURNE / FLETCHER / FIRE STREETN,781083.8333333334,41300.83333333337,5.58283082111016,0.17144656852598303,735256.9931972789,Stable
2720,922615.5833333334,KEILOR / MATTHEWS,839577.0,-83038.58333333337,-9.000344762584854,0.13648271139196208,880401.8639455782,Stable
2721,716944.6666666666,TAYLORS / KEILOR DOWNS S / C EAST ENT,784175.5833333334,67230.91666666674,9.377420572670891,0.12315183484898982,754679.3129251701,Stable
2722,1196038.25,GREEN GULLY(STREET ALBANS) / SUNSHINE / TAYLORS,1227528.75,31490.5,2.6329007454402067,0.13241746075560354,1204659.149659864,Stable
2723,393202.75,FULLARTON / MOORNA / CALDER FREEWAY,395660.5,2457.75,0.6250592092756218,0.13846348760736904,397219.7551020408,Stable
2724,1193523.5,MILLEARA / DINAH / STREETERLING,638029.3333333334,-555494.1666666666,-46.54237362453832,0.18008400260071822,1140416.9455782312,Decline
2726,1091151.0,MILLEARA / BUCKLEY,1074270.5,-16880.5,-1.547036111408962,0.12551667570425631,1111404.8775510204,Stable
2727,499511.8333333333,KEILOR NEAR BIRDWOOD,438851.5,-60660.333333333314,-12.143923183668317,0.11409012776900138,480254.3469387755,Stable
2728,1108051.0833333333,KINGS / GILLESPIE,1024218.1666666666,-83832.91666666663,-7.565798899313679,0.12917250162249155,1052148.074829932,Stable
2729,579133.25,MAIN ROAD EAST / GRANTHAM,574107.4166666666,-5025.833333333372,-0.8678198555053387,0.10674638951834699,571422.8231292517,Stable
273,399833.4166666667,KLAUER / HARTNETT,341101.1666666667,-58732.25,-14.68917993139226,0.13631034879140883,373125.7346938776,Stable
2730,1340714.25,CALDER HIGHWAY / KEILOR PARK,1243590.25,-97124.0,-7.244198381571613,0.15760202435146203,1301243.224489796,Stable
2731,999294.0,KEILOR PARK / FULLARTON / HARRICK,885782.5833333334,-113511.41666666663,-11.359161234498218,0.13006511855109307,960678.0,Stable
2732,1025635.0833333334,KEILOR PARK / CALDER FREEWAY I / B ON / OFF,918395.9166666666,-107239.16666666674,-10.455879328750868,0.13172049009154116,980405.5306122449,Stable
2734,893097.8333333334,ARTHUR / TAYLORS,977458.0833333334,84360.25,9.445801663759495,0.13209944308598978,925967.8095238095,Stable
2735,854683.0,SUNSHINE / CALVERTON,798161.5833333334,-56521.41666666663,-6.613143898576037,0.12412256409742331,820494.1632653062,Stable
2736,719051.9166666666,GREEN GULLY(STREET ALBANS) / DRISCOLLS,804313.0833333334,85261.16666666674,11.857442375220252,0.1719366302785907,761178.7278911564,Stable
2737,869092.3333333334,MILITARY / TEMPLEWOOD,819573.0833333334,-49519.25,-5.697812315300599,0.14432600349995975,885631.6394557824,Stable
2738,788838.5,KEILOR PARK / THE LINK,658764.75,-130073.75,-16.489275054399602,0.15242258424370178,729408.4217687075,Decline
274,867261.75,NEPEAN / FLETCHER,683878.25,-183383.5,-21.145115647035052,0.1594865319749964,801809.2993197279,Decline
2741,561809.25,SUNSHINE / COPERNICUS,516208.4166666667,-45600.833333333314,-8.116782223385128,0.1254495862185242,540143.3605442176,Stable
2742,323799.9166666667,GLENHUNTLY / MANCHESTER / JAMES,256787.66666666666,-67012.25000000003,-20.695573578230803,0.1893751551310019,291517.1448275862,Stable
2743,556609.9166666666,,682234.6666666666,125624.75,22.569621244321468,0.19119354865027913,621700.3265306122,Stable
2745,488434.75,KOORNANG / ROSSTOWN,385300.0,-103134.75,-21.115358806882597,0.13974906078374666,462746.4557823129,Stable
2746,454346.0,NEERIM / QUEENS,490470.5,36124.5,7.950878845637465,0.23759543696503532,418865.77931034483,Stable
2748,379331.5833333333,BALACLAVA / BAMBRA,300785.0,-78546.58333333331,-20.706576194661704,0.14563823083615313,331854.12925170065,Stable
2749,504381.3333333333,SHARPS / SCHIAVELLO ENT,476252.0,-28129.333333333314,-5.576997298340405,0.14307138913502437,498421.49659863947,Stable
275,627457.0833333334,FRANKSTON-DANDENONG / FRANKSTON FREEWAY RAMPS,757061.0,129603.91666666663,20.65542331248418,0.1593674742736399,689806.2585034013,Stable
2750,521951.25,ST ALBANS NEAR DEBENHAM,531744.4166666666,9793.166666666628,1.8762607938321112,0.14035068012094706,531912.8299319728,Stable
2754,272098.9166666667,NEERIM NEAR AMES,310583.5,38484.583333333314,14.143600351220304,0.1384816268753124,290372.32653061225,Stable
2755,281351.1666666667,BOORAN NEAR MIRIAM,374346.0,92994.83333333331,33.05294036456219,0.16510028055863019,361235.3469387755,Stable
2756,2527292.4166666665,,2176538.0,-350754.4166666665,-13.878663757053038,0.24242186589918271,2326732.2789115645,Decline
2757,329790.5833333333,NEERIM NEAR TRUGANINI,315014.25,-14776.333333333314,-4.480520087621255,0.12098220269331385,317389.70068027213,Stable
276,1085576.75,CRANBOURNE / KARINGAL,1148367.5,62790.75,5.784091267614197,0.12424262895049178,1108279.0544217688,Stable
2760,1646439.9166666667,PLENTY / DALY,1589210.8333333333,-57229.08333333349,-3.4759290487318717,0.13457560668296506,1617373.8027210885,Stable
2762,573593.5833333334,KINGS ROAD / WELLESLEY DV / PALMERSTON CR,618289.8333333334,44696.25,7.792320433617124,0.1701610153999849,635873.918367347,Stable
2763,1718431.25,PLENTY / CHILDS,1900660.1666666667,182228.91666666674,10.60437632676121,0.1886887424314682,1749729.850340136,Growth
2764,1776959.4166666667,PLENTY / MCLEANS / MILTON,1748238.9166666667,-28720.5,-1.616272140523937,0.15849068026496915,1620497.6734693877,Stable
2765,624903.5833333334,SETTLEMENT / WOOD,643901.5,18997.916666666628,3.0401356582608745,0.12588618478496094,626062.693877551,Stable
2766,876232.1666666666,EDGARS / VICTORIA,1105845.3333333333,229613.16666666663,26.204603688558187,0.1428006810811814,1046552.7210884354,Growth
2768,1304334.25,DALTON / DAREBIN / ALEXANDER,1182912.5833333333,-121421.66666666674,-9.309091336570113,0.13490704864348632,1276007.0952380951,Stable
2769,615416.5,SETTLEMENT / GREENHILLS,636044.5,20628.0,3.351876330907605,0.13349026736520866,626029.9523809524,Stable
277,668573.4166666666,NEPEAN NEAR WELLS,863988.4166666666,195415.0,29.228652400552868,0.21182017401779693,680706.8775510204,Growth
2770,832135.8333333334,MAHONEYS / INDUSTRIAL,882511.4166666666,50375.583333333256,6.053769266435858,0.13481440142228257,850848.2857142857,Stable
2771,1180790.5,MCDONALDS NEAR DERBY,966686.3333333334,-214104.16666666663,-18.132273817130695,0.14167269955658296,1121620.4829931974,Decline
2772,1406549.5833333333,CHILDS / STREETABLES SHOPPING CENTRE,1139155.3333333333,-267394.25,-19.010652249194912,0.12690499621186274,1303188.9523809524,Decline
2773,1086645.5833333333,HIGH / MEMORIAL,764828.3333333334,-321817.2499999999,-29.61565895411927,0.15018665737517808,1043757.0680272109,Decline
2775,309821.5833333333,DAVISSON NEAR WEDGE,625875.75,316054.1666666667,102.01166854364301,0.3860507368142031,531750.9931972789,Growth
2776,744874.1666666666,CHILDS NEAR BEAUMONT,1535998.8333333333,791124.6666666666,106.20916955772172,0.47857521374780393,900416.0,Growth
2778,495359.9166666667,SETTLEMENT / BROWNHILL,490472.75,-4887.166666666686,-0.9865890440940371,0.12797146119750036,485221.02040816325,Stable
2779,632191.5833333334,CHILDS / REDLEAP,499088.75,-133102.83333333337,-21.054192564780276,0.1301282982116605,585478.0340136054,Decline
278,850980.4166666666,NEPEAN / HUMPHRIES,762051.1666666666,-88929.25,-10.45021110454461,0.15718515806157377,785850.1088435374,Stable
2781,1297466.6666666667,GORDON / EDGEWATER / MITCHELL,1278585.0,-18881.666666666744,-1.455271811735696,0.13995411602290686,1304206.3333333333,Stable
2782,714613.3333333334,MOORE / DONALD,651106.8333333334,-63506.5,-8.886833905515337,0.140037526427417,732792.5034013606,Stable
2783,369784.75,VICTORIA / PAISLEY,294040.5,-75744.25,-20.483335237594304,0.13995251319268487,336200.1632653061,Stable
2784,162700.83333333334,PAISLEY NEAR FRENCH,431861.5833333333,269160.75,165.4329264857279,0.37696655298519555,385008.9495798319,Growth
2785,1189055.0833333333,HIGH NEAR COULSTOCK,927891.6666666666,-261163.41666666663,-21.963946021283988,0.13906923993846487,1133478.9727891157,Decline
2786,540006.0,FRENCH / BARKLY,525580.6666666666,-14425.333333333372,-2.671328343265329,0.14587610241625884,531637.0,Stable
2787,1364815.0833333333,COOPER / MILLER / EPPING PLAZA SHOP C ACC 4,1067124.4166666667,-297690.6666666665,-21.811794894558663,0.16648326275058078,1280833.9863945579,Decline
2788,996922.0833333334,EDGARS / WOLSELEY (COMALCO ACCESS),1096010.4166666667,99088.33333333337,9.939426058455759,0.12377120958843653,1049517.6258503401,Stable
2789,1597892.75,MRR / EDGARS,1848771.1666666667,250878.41666666674,15.700579195109732,0.13650380299039322,1790776.074829932,Growth
279,989489.1666666666,HEATHERTON / TOOTAL,716269.5833333334,-273219.58333333326,-27.612185412169744,0.2666838458098185,720419.6394557824,Decline
2790,406851.6666666667,,283173.5,-123678.16666666669,-30.39883495622893,0.4573286778962537,388616.5,Volatile
2791,726296.25,KEILOR NEAR COOPER,623273.5833333334,-103022.66666666663,-14.184661791475122,0.11394781142150204,682838.619047619,Stable
2792,977525.0,DALTON NEAR DAVID,802017.4166666666,-175507.58333333337,-17.95428079418259,0.13863852401361634,941452.4013605443,Decline
2793,467995.5833333333,KEILOR / WOORITE,453584.8333333333,-14410.75,-3.0792491453355955,0.15172244595119316,467613.6692913386,Stable
2795,775160.75,MILITARY NEAR RIVERSIDE,747494.8333333334,-27665.916666666628,-3.569055407754666,0.14469944276182434,783523.1496598639,Stable
2796,554487.3333333334,SETTLEMENT / NORTHGATE,572402.8333333334,17915.5,3.231002571744951,0.11852302480255865,567026.7414965987,Stable
2797,1592392.8333333333,PLENTY / MAYFIELD - MILL PARK,1681685.1666666667,89292.33333333349,5.607431248382293,0.26948975054349994,1539327.9659863946,Stable
2798,1012256.4166666666,MILLEARA / THE CROSSWAY,944153.6666666666,-68102.75,-6.727816082832108,0.12349433150382,980997.7551020408,Stable
280,2175510.9166666665,SPRINGVALE / MORNINGTON PENINSULA FREEWAY,1184313.75,-991197.1666666665,-45.561580917524694,0.32659888106627455,1782857.0544217688,Decline
2808,829691.5833333334,CHILDS / PRINCE OF WALES,393248.0833333333,-436443.50000000006,-52.60310081085352,0.1990975689240173,721559.5918367347,Decline
2809,736581.3333333334,CHILDS / BETULA,666628.8333333334,-69952.5,-9.496914574719966,0.1345865649524064,686816.8843537415,Stable
281,1585578.9166666667,SPRINGVALE / WELLS / EDITHVALE,927969.9166666666,-657609.0000000001,-41.47437841709446,0.2507545570719477,1334046.2176870748,Decline
2811,932990.75,COOPER / TIP ACCESS ROAD,1082773.0833333333,149782.33333333326,16.053999820827084,0.12100009597419954,1078292.2857142857,Stable
2812,887362.25,COOPER / GATEWAY,1283103.8333333333,395741.58333333326,44.59752297704046,0.19980253995077635,1377891.3767123288,Growth
2813,936234.9166666666,COOPER / FREIGHT / REX,1056962.9166666667,120728.00000000012,12.89505420603573,0.11474976256499514,1053488.3265306123,Stable
2814,758260.8333333334,COOPER / EDGARS,1708086.0833333333,949825.2499999999,125.26365707490714,0.28105926684969573,1543575.6870748298,Growth
2815,1308525.4166666667,HUME FREEWAY / COOPER,1903542.0,595016.5833333333,45.47229849375616,0.16861185950844626,1951134.8979591837,Growth
2816,3205673.4166666665,DIAMOND CREEK RD / GREENSBOROUGH HIGHWAY / CIVIC,3453442.5833333335,247769.16666666698,7.729083236566971,0.1340793333123836,3341122.7346938774,Growth
2817,858285.1666666666,KEILOR PARK / THOMSONS,685623.5,-172661.66666666663,-20.117051228700014,0.14999422027285345,800581.5034013606,Decline
2818,736093.4166666666,COOPER / SCANLON,1289205.6666666667,553112.2500000001,75.14158359202825,0.21963513086285186,1407619.191780822,Growth
2819,429701.75,HUME FREEWAY / CRAIGIEBURN ROAD EAST,690126.3333333334,260424.58333333337,60.605893118502166,0.18302396531382062,560830.537414966,Growth
2820,1105635.5833333333,CHANDLER HIGHWAY / PRINCESS,1246686.75,141051.16666666674,12.757473510523026,0.13671373265497144,1171992.8095238095,Stable
2821,1844394.3333333333,CHANDLER HIGHWAY / EASTERN FREEWAY WB,1963044.4166666667,118650.08333333349,6.433010619746364,0.1537279797057996,1895014.6530612244,Stable
2822,765625.8333333334,CHANDLER HIGHWAY / EAST FREEWAY E ON,1183215.5,417589.6666666666,54.5422644437938,0.24127745127871128,1001408.619047619,Growth
2823,1322644.0,CHANDLER HIGHWAY / EAST FREEWAY E OFF,1602291.9166666667,279647.91666666674,21.143097966396606,0.16951593995412675,1417120.7142857143,Growth
2824,1234176.5833333333,CHANDLER HIGHWAY / YARRA BLVD / GUIDE DOG ACCESS,1930073.1666666667,695896.5833333335,56.38549561958281,0.320798919712006,1615907.1232876712,Growth
2825,1202540.25,EASTERN / BURKE ON RAMP,1177096.6666666667,-25443.583333333256,-2.115819685314754,0.1474432123449068,1146569.619047619,Stable
2826,930938.25,BURKE / OLD BURKE / BOULEVARD,981641.1666666666,50702.91666666663,5.446431776400489,0.2672648771623661,1019927.081632653,Stable
2827,2963925.0833333335,EASTERN FREEWAY / BULLEEN / THOMPSONS,1905156.25,-1058768.8333333335,-35.72184868257888,0.18679989542684106,2520966.482993197,Decline
2828,2026148.5833333333,EASTERN FREEWAY / DONCASTER,2056725.5833333333,30577.0,1.5091193336717696,0.1343672537065009,1984257.916083916,Stable
2829,1582007.4166666667,DONCASTER / GREYTHORN,1670587.0833333333,88579.66666666651,5.599194146213696,0.48647298966779234,1193607.850340136,Volatile
283,1487833.75,SPRINGVALE / GOVERNOR / HUTTON,1067315.75,-420518.0,-28.26377611073818,0.2189064313658256,1335591.0612244897,Decline
2830,1110823.5833333333,DONCASTER / HIGH,1670603.9166666667,559780.3333333335,50.39327051857846,0.2947507311010177,1414347.1360544218,Growth
2833,3012861.5833333335,,1589278.0,-1423583.5833333335,-47.250215250789125,0.1982336772137194,2745365.2237762236,Decline
2834,1075004.6666666667,CRAIGIEBURN / BRIDGEWATER,1178075.5833333333,103070.91666666651,9.587950625950755,0.18432249906699585,1008225.0,Stable
2835,757346.4166666666,SPENCER / LITTLE COLLINS,398123.1666666667,-359223.24999999994,-47.43182803730173,0.4663802779270778,498230.56462585035,Decline
2836,843809.0833333334,HUME FREEWAY / O'HERNS,1522425.0833333333,678615.9999999999,80.42293137201551,0.2792997051131334,1337921.5862068965,Growth
2837,1014543.9166666666,,864608.25,-149935.66666666663,-14.778627539287559,0.32782767732130635,954164.3461538461,Decline
2838,875196.8333333334,COOPER / METROLINK CIRCUIT,1075401.5833333333,200204.74999999988,22.87539698212648,0.13841000668967915,1062289.6462585034,Growth
2839,396522.3333333333,CAMBERWELL NEAR EVANS,293173.9166666667,-103348.41666666663,-26.063706373831813,0.1684017382462753,339173.2517006803,Stable
284,472474.8333333333,EDITHVALE NEAR KINROSS BICYCLE TRACK,515392.6666666667,42917.83333333337,9.083623148887304,0.13882222058493127,480326.55102040817,Stable
2841,717537.4166666666,MONASH ENTRY RAMP / BARKLY / GIBDON VM5,632251.8333333334,-85285.58333333326,-11.88587261825718,0.2015513249544738,657893.1972789116,Stable
2842,1716318.0,POWER NEAR LISSON,1596901.75,-119416.25,-6.957699563833741,0.1301829070284575,1698025.8299319728,Stable
2843,2228815.0833333335,MONASH / TOORAK / AUBURN,3567507.5,1338692.4166666665,60.06296469712362,0.3249697346672987,2790274.4421768705,Growth
2845,1671690.75,MONASH / BURKE,2145361.5833333335,473670.8333333335,28.334836053458663,0.16764204139681405,2022713.5850340135,Growth
2846,1742844.4166666667,MONASH / HIGH / WILLS,1332852.0,-409992.41666666674,-23.524326827222534,0.16525785796832673,1487021.4829931974,Decline
2849,846334.0833333334,CANNING / OLD CANNING / RETIREMENT VILLAGE,833533.6666666666,-12800.416666666744,-1.5124543509167916,0.14525101113517247,869503.0952380953,Stable
285,461622.0833333333,POLICE / WANDA / GRACE,606933.5,145311.4166666667,31.47843699707463,0.16633205027842382,580325.9626865672,Stable
2850,1186337.1666666667,WESTERN FREEWAY / ROBINSONS ON / OFF RAMPS,2622420.8333333335,1436083.6666666667,121.05189882078211,0.3945033837791884,1803034.619047619,Growth
2853,504207.9166666667,GORDON NEAR OWEN,970608.25,466400.3333333333,92.50158871298959,0.2735253887319523,817856.6884057971,Growth
2854,991255.5833333334,MICKLEHAM / BARRYMORE,1357533.3333333333,366277.7499999999,36.95088896935174,0.14392937154727464,1176721.5850340135,Growth
2857,1027796.3333333334,MICKLEHAM / ALANBRAE / CAMBRIDGE,1402752.8333333333,374956.4999999999,36.48159541335847,0.15542293369157853,1180182.6666666667,Growth
2858,1038204.0,MICKLEHAM / FAWKNER,1365552.8333333333,327348.83333333326,31.530299761254366,0.134793803220412,1226605.380952381,Growth
2860,1442475.5833333333,FLEMINGTON / WESTERN LINK OFF RMP / BOUNDARY,2091875.0,649399.4166666667,45.019785719076594,0.20889732368892341,1890783.1292517006,Growth
2861,1020009.1666666666,TULLAMARINE / ORMOND / BRUNSWICK,1229908.0833333333,209898.91666666663,20.578140229131925,0.20958067789096865,1035667.3333333334,Growth
2862,701055.75,TULLAMARINE / MORELAND / COONANS,667713.3333333334,-33342.41666666663,-4.756029269664592,0.14081237252047538,705043.8571428572,Stable
2863,900296.3333333334,TULLAMARINE / PASCOE VALE / LOEMAN,864994.3333333334,-35302.0,-3.921153368390926,0.1571813072206244,857619.8707482993,Stable
2864,1020290.75,TULLAMARINE / ENGLISH / MATTHEWS,1718900.0,698609.25,68.47158518294908,0.28380794732091164,1395728.2993197278,Growth
2865,979146.3333333334,MELROSE / MATTHEWS / DROMANA,910482.8333333334,-68663.5,-7.01258817629915,0.1519424609572942,943788.081632653,Stable
2866,1456559.3333333333,MELROSE / MASCOMA / WESTFIELD,1417181.0,-39378.333333333256,-2.7035172843399393,0.13735542251602648,1445795.9591836734,Stable
2867,1196018.0833333333,MELROSE / MALVERN / EXIT RAMP / CATERPILLAR,1123044.8333333333,-72973.25,-6.101350056231731,0.1432818648993095,1166222.0068027212,Stable
2868,2334025.3333333335,TULLAMARINE / MICKLEHAM,2944010.1666666665,609984.833333333,26.13445640978474,0.1686805918071709,2607682.8095238097,Growth
2869,1605877.1666666667,MICKLEHAM / RYLANDES / WESTERN,1752036.3333333333,146159.1666666665,9.101515962771323,0.14861544793956538,1865573.142857143,Stable
287,758576.5,SPRINGVALE NEAR BALMORAL,1838878.75,1080302.25,142.4117738949203,0.5628312572746667,1055994.2448979593,Growth
2870,771308.6666666666,ORMOND / MYRNONG / PATTISON,668104.4166666666,-103204.25,-13.380408448671218,0.1526979595374388,714464.2789115646,Stable
2871,1878099.6666666667,MICKLEHAM / GLADSTONE PARK / INTERNATIONAL,1986757.25,108657.58333333326,5.7855067684551305,0.12179405895915393,1949026.3741496599,Stable
2872,932174.75,MICKLEHAM NEAR TANGEMERE,1419975.6666666667,487800.91666666674,52.32934239708453,0.3512170633515553,1128312.5646258504,Growth
2873,957851.8333333334,MELROSE / SHARPS / ENT RAMP,891858.75,-65993.08333333337,-6.889696405724549,0.16416359971357616,926984.8503401361,Stable
2875,751972.0833333334,SUNSHINE NEAR FOX,753738.0833333334,1766.0,0.2348491438899826,0.11999741261008182,795367.5782312925,Stable
2876,1483042.5833333333,WESTERN HIGHWAY / CORNWALL,1437572.8333333333,-45469.75,-3.065977370508186,0.11398399979279272,1496359.074829932,Stable
2877,877512.75,TAYLORS / KEILOR DOWNS S / C WEST ENT,1383442.5,505929.75,57.65497424396398,0.22581489256791676,1053857.9591836734,Growth
2878,1101610.1666666667,KEILOR PARK EXT / WRR NB ON-OFF RAMPS,1280689.0833333333,179078.9166666665,16.25610602419699,0.13668061147009905,1241811.5714285714,Growth
2879,997356.0,KEILOR PARK / SLATER / WRR SB ON-RAMP,1591157.0,593801.0,59.53751719546481,0.23965842685770847,1376094.3129251702,Growth
288,937781.9166666666,SPRINGVALE / STREET JAMES,865020.5833333334,-72761.33333333326,-7.758875708753529,0.13850677490277186,936673.2721088436,Stable
2880,2672941.5833333335,WESTGATE FREEWAY / WILLIAMSTOWN,2187911.3333333335,-485030.25,-18.1459352880857,0.26497253845490576,2141395.768707483,Decline
2881,1090162.3333333333,WESTGATE FREEWAY / MILLERS,1524271.9166666667,434109.5833333335,39.82063680424354,0.23617500969405728,1230420.9591836734,Growth
2882,1560946.0833333333,MILLERS / DUOSA / MARIGOLD,1629458.25,68512.16666666674,4.38914369933662,0.2264622782626384,1614616.5782312925,Stable
2883,1050478.75,WESTGATE FREEWAY / GRIEVE,1092503.9166666667,42025.166666666744,4.000572754724143,0.19932778829650177,1004774.7328767123,Stable
2886,554475.6666666666,WESTGATE FREEWAY EB / LORIMER,468755.0,-85720.66666666663,-15.459770702291106,0.2080748814596082,527638.4217687075,Stable
2887,565217.3333333334,WILLIAMSTOWN / TODD,390722.5833333333,-174494.75000000006,-30.872151243297573,0.19423342913001684,439814.0612244898,Decline
2888,286731.6666666667,LORIMER / GRAHAM,262484.1666666667,-24247.5,-8.45651276745389,0.1744157233806315,278614.9591836735,Stable
289,171161.66666666666,STATION NEAR SWANPOOL,433724.0833333333,262562.4166666666,153.4002453820462,0.5649893964832245,301115.54545454547,Growth
2890,274670.5833333333,MATTHEWS NEAR FULLARTON,420616.3333333333,145945.75,53.13483090502047,0.34234792487569415,386058.1034482759,Volatile
2891,582532.0833333334,SUNSHINE / APOLLO,523131.9166666667,-59400.166666666686,-10.196891873623558,0.13270405946805913,563636.1428571428,Stable
2892,722446.8333333334,SUNSHINE / ODESSA,616970.4166666666,-105476.41666666674,-14.599886358419464,0.1845779672368629,611100.9319727891,Stable
2893,538226.5,MILLERS / BEURON,514333.9166666667,-23892.583333333314,-4.439131728618586,0.12468857901330482,529790.380952381,Stable
2894,1000668.5,MICKLEHAM / DPI DRIVEWAY,1349081.9166666667,348413.41666666674,34.81806578968627,0.14200996710617442,1177868.2040816327,Growth
2895,1050666.5833333333,TULLAMARINE FREEWAY / BULLA WB EXIT RAMP,2380179.5833333335,1329513.0000000002,126.53995292988209,0.3690989203681008,1714009.9659863946,Growth
2896,513301.8333333333,PLUMMER / SALMON,645172.9166666666,131871.0833333333,25.690748555674354,0.17096157522871397,549064.9591836735,Stable
2897,346612.9166666667,PLUMMER / PROHASKY,503226.6666666667,156613.75,45.18404896913103,0.23579338714466352,424148.34013605444,Growth
2898,808524.1666666666,TODD OFF RAMP / PROHASKY / SERVICE CENTRE,1341717.8333333333,533193.6666666666,65.94653427180593,0.2972626674352606,1161094.9115646258,Growth
2899,2929452.5,,2107298.9166666665,-822153.5833333335,-28.06509350581153,0.2503765470129171,2579481.310077519,Decline
290,1245040.25,PRINCES HIGHWAY EAST / SMITH,1155337.8333333333,-89702.41666666674,-7.204780461247477,0.12135069227787675,1246980.5850340135,Stable
2900,659946.9166666666,SPENCER / LITTLE BOURKE,364424.6666666667,-295522.24999999994,-44.779700084463855,0.29171100911173564,483592.0408163265,Decline
2901,749343.0,SPRING / LONSDALE,605810.9166666666,-143532.08333333337,-19.154390357063907,0.2238466863239034,657987.2653061225,Decline
2902,1271201.8333333333,EXHIBITION / LONSDALE,1252888.25,-18313.583333333256,-1.4406511108713205,0.20511807361068832,1326524.2857142857,Stable
2903,1384202.5,RUSSELL / LONSDALE,1301152.1666666667,-83050.33333333326,-5.999868757160405,0.18347703245578684,1323724.0544217688,Stable
2904,1147178.6666666667,SWANSTON / LONSDALE,968914.75,-178263.91666666674,-15.539333309313056,0.19205220292103392,1080206.0476190476,Decline
2905,703475.4166666666,LONSDALE NEAR ST FRANCIS,777684.9166666666,74209.5,10.548982699584977,0.2324103840811376,748968.0137931034,Stable
2906,463033.0,ELIZABETH / LONSDALE,578443.9166666666,115410.91666666663,24.924987347913998,0.17557440623492357,498975.48979591834,Stable
2907,1123081.3333333333,QUEEN / LONSDALE,858851.4166666666,-264229.9166666666,-23.52722895700044,0.19675872445984385,1065310.9727891157,Decline
2908,611480.5833333334,WILLIAM / LONSDALE,1082090.3333333333,470609.7499999999,76.96233745225214,0.2886245294259549,795541.1632653062,Growth
2909,1652243.5,KING / LONSDALE,1411106.25,-241137.25,-14.594534643350087,0.1879106801400568,1582811.612244898,Decline
291,2542741.5,STREETH GIPPS'D FREEWAY / POUND,1592376.3333333333,-950365.1666666667,-37.37561079907913,0.23816181690981725,1600988.8775510204,Decline
2910,1217600.1666666667,SPENCER / LONSDALE,671086.4166666666,-546513.7500000001,-44.88450026219609,0.5117020516995422,720076.0884353742,Decline
2911,66590.41666666667,EXHIBITION / LITTLE LONSDALE,28968.666666666668,-37621.75,-56.49724372250762,0.46122357607140474,41634.30612244898,Volatile
2912,707889.25,RUSSELL / LITTLE LONSDALE,760829.8333333334,52940.58333333337,7.478653381631855,0.19574790981690257,690550.9795918367,Stable
2913,182639.66666666666,SWANSTON / LITTLE LONSDALE,146193.75,-36445.91666666666,-19.955093727357507,0.8814450548595653,244942.16326530612,Volatile
2914,342738.3333333333,ELIZABETH / LITTLE LONSDALE,338229.6666666667,-4508.666666666628,-1.3154836293965644,0.27200915363707756,378898.9319727891,Stable
2915,63980.416666666664,QUEEN / LITTLE LONSDALE,39915.916666666664,-24064.5,-37.61229021901233,0.30805294667805083,50142.86394557823,Volatile
2916,61098.333333333336,WILLIAM / LITTLE LONSDALE,384226.6666666667,323128.3333333334,528.8660356256308,0.8337690768473824,195752.3605442177,Growth
2917,43764.5,KING / LITTLE LONSDALE,66914.08333333333,23149.58333333333,52.89580215319112,0.3407345236311962,51980.87755102041,Volatile
2918,2541078.5,VICTORIA / LATROBE,2127020.6666666665,-414057.8333333335,-16.29457072393999,0.16816437723279087,2395137.761904762,Decline
2919,1353075.8333333333,EXHIBITION / LATROBE,776733.75,-576342.0833333333,-42.59495803080758,0.25552145062741194,1068622.6054421768,Decline
2920,1757903.5,RUSSELL / LATROBE,1479015.0,-278888.5,-15.864835583978302,0.2122954326709895,1459975.462585034,Decline
2921,1435091.9166666667,SWANSTON / LATROBE,1025725.3333333334,-409366.5833333334,-28.525460883661168,0.24237937696670148,1083064.4761904762,Decline
2922,1543353.3333333333,ELIZABETH / LATROBE,1112263.1666666667,-431090.1666666665,-27.9320462369818,0.2225847780341937,1136552.850340136,Decline
2923,413629.9166666667,QUEEN / LATROBE,610580.3333333334,196950.4166666667,47.61512858011761,0.32775680045430244,381081.36734693876,Growth
2924,1017327.1666666666,WILLIAM / LATROBE,722224.75,-295102.4166666666,-29.007621769660137,0.1997177472739023,931118.0544217688,Decline
2925,1526552.9166666667,KING / LATROBE,1168722.25,-357830.66666666674,-23.440436473569132,0.1781731422925288,1411991.8231292516,Decline
2926,1070184.0833333333,SPENCER / LATROBE,753898.1666666666,-316285.9166666666,-29.55434691959927,0.24576741732387647,839808.231292517,Decline
2929,3301652.5,KING STREET / FLINDERS STREET,2879969.6666666665,-421682.8333333335,-12.771872065074488,0.17317925209466123,3299711.006802721,Decline
2931,247619.91666666666,FLINDERS / WELLINGTON STREETH,166139.83333333334,-81480.08333333331,-32.90530278427388,0.21890730226217212,211744.38095238095,Stable
2932,907240.8333333334,WELLINGTON / SPRING / FLINDERS,592878.1666666666,-314362.66666666674,-34.6504098048203,0.25523092387099644,698564.462585034,Decline
2933,1547892.5,VICTORIA / CLARENDON,1497561.75,-50330.75,-3.25156624248777,0.24059381352935047,1557246.6530612244,Stable
2934,1017469.1666666666,WELLINGTON / JOLIMONT,840239.0833333334,-177230.08333333326,-17.418717848124793,0.1995435246216537,904602.3945578231,Decline
2935,606453.1666666666,LONSDALE NEAR SWANSTON,536991.3333333334,-69461.83333333326,-11.453783598018962,0.18944167913477034,582178.5646258503,Stable
2936,687402.75,ST KILDA NEAR SOUTHBANK (NOLAN),478417.0833333333,-208985.6666666667,-30.40221568311542,0.26481199625087354,525159.7414965987,Decline
2937,610112.0833333334,DRYBURGH / QUEENSBERRY,506493.5,-103618.58333333337,-16.9835323973942,0.1563689120545465,564597.5578231292,Stable
2939,1208606.0833333333,RACECOURSE / NEWMARKET,1071429.5,-137176.58333333326,-11.349982862489034,0.2855108146601036,1063971.6462585034,Decline
294,343136.25,PLYMOUTH NEAR SANDGATE,653521.5833333334,310385.3333333334,90.4554191908705,0.4348491557451722,440200.57303370786,Growth
2941,1478139.4166666667,ROSANNA / STREETATION,1198384.8333333333,-279754.5833333335,-18.926129712730646,0.1555790065940032,1416846.8775510204,Decline
2942,1044414.6666666666,UPR HEIDELBERG NEAR KENILWORTH,988783.3333333334,-55631.333333333256,-5.326556118834019,0.2967153429814989,885883.0272108844,Volatile
2944,641620.4166666666,UPPER HEIDELBERG / BELL ENT. RAMP,657542.1666666666,15921.75,2.481490548994116,0.13175134580309888,638815.5782312925,Stable
2945,1493079.5,PLENTY / CENTENARY / UNIVERSITY,1765235.25,272155.75,18.227813723247824,0.25269966331831556,1532658.3945578232,Growth
2946,1319375.0833333333,BELL NEAR ORIEL & PLUNKETT,2590979.9166666665,1271604.8333333333,96.3793275617036,0.34995641366831154,2027125.9047619049,Growth
2947,584036.9166666666,WATERDALE / ALTONA,642733.75,58696.83333333337,10.05019231803698,0.13124750543681227,614181.3401360544,Stable
2948,376443.9166666667,ORIEL NEAR FORD,434558.25,58114.333333333314,15.43771349738462,0.26815217714744116,389472.5238095238,Stable
2949,511492.1666666667,UPPER HEIDELBERG / KIERNAN,481840.0,-29652.166666666686,-5.797188813253253,0.12289689607846602,498356.20408163266,Stable
295,1473107.1666666667,MAROONDAH / YARRA,1674178.4166666667,201071.25,13.649465195053132,0.136906635771394,1621008.1020408163,Growth
2951,254040.5,BOURKE / AURORA,227683.91666666666,-26356.583333333343,-10.374953337492778,0.294511139711718,247592.97278911565,Volatile
2955,402437.0,HUNTINGDALE NEAR HUME,831779.0833333334,429342.0833333334,106.68553918584358,0.28642278682763267,733948.3370786516,Growth
2956,1684537.75,WESTALL / CENTRE,1535786.8333333333,-148750.91666666674,-8.830370032768144,0.14135758927984668,1628124.0068027212,Decline
2957,376899.1666666667,ATHERTON / STREETATION,241219.83333333334,-135679.33333333334,-35.99884142310388,0.3946150129424033,264886.4149659864,Decline
2958,417642.1666666667,HUNTINGDALE / BURLINGTON,350683.75,-66958.41666666669,-16.032484746711003,0.15329442572171414,378786.61904761905,Stable
2960,603551.9166666666,CENTRE / SPRINGS,652441.0,48889.08333333337,8.100228328880304,0.1365198147689473,605641.462585034,Stable
2964,1286544.8333333333,COOPER / WILLANDRA,957552.9166666666,-328991.9166666666,-25.571741313847202,0.17637652479439006,1234994.0068027212,Decline
2965,631832.25,HIGH NEAR SMITH,940055.1666666666,308222.9166666666,48.78239701545254,0.2021225008375999,857169.1264367816,Growth
2967,244423.33333333334,WATERVIEW / MARATHON,396225.8333333333,151802.49999999997,62.10638646064886,0.2780668181587991,355325.14285714284,Volatile
2968,695155.5,MILLERS BETWEEN PRIMULA & CYPRESS,1616510.5833333333,921355.0833333333,132.53942223478535,0.45044699642832087,1136567.6870748298,Growth
2969,513520.8333333333,CALDER FREEWAY / KINGS ROAD INTERCHG - B'GO BD,579960.1666666666,66439.33333333331,12.93800154164469,0.15459269914329257,549459.9659863946,Stable
297,1198782.4166666667,MAROONDAH HIGHWAY / BRAND SMART,963198.1666666666,-235584.25000000012,-19.651960749897004,0.1593087027157588,1036995.1836734693,Decline
2970,466937.4166666667,VICTORIA / WESTGARTH / JEFFREY,586124.0833333334,119186.66666666669,25.52519083124809,0.18045335458772227,548198.2517006802,Stable
2976,284721.9166666667,CALDER FREEWAY / KINGS ROAD INT'CHG MELBOURNE BD,305488.75,20766.833333333314,7.293724900582813,0.15187076200516125,301925.48979591834,Stable
2978,384438.4166666667,MCDONALDS RD NEAR MEADOW GLEN DRV,613413.6666666666,228975.24999999994,59.56096999497751,0.2044228267645449,557570.2330827068,Growth
2979,350471.4166666667,MAIN / WINDROCK / CENTRAL PARK,372407.6666666667,21936.25,6.2590696293111865,0.20675144131556128,430041.54545454547,Stable
2980,334291.5,ORRONG / STREET GEORGES,335128.25,836.75,0.2503054968493067,0.1848115895002575,333537.44537815126,Stable
2981,698393.8333333334,WILLIAMS NEAR CASSELL,332829.0,-365564.8333333334,-52.3436513734013,0.22392997048254312,628135.4013605443,Decline
2982,714032.9166666666,TOORAK / RIVER,530883.3333333334,-183149.58333333326,-25.650019636116205,0.13952846851540993,611933.2721088436,Decline
2983,609171.8333333334,COMMERCIAL / BALMORAL / PORTER,486645.5,-122526.33333333337,-20.113591375832385,0.12632168079296455,556420.7482993198,Stable
2984,1364234.75,MALVERN NEAR WESTBOURNE,1032457.9166666666,-331776.8333333334,-24.319629252467976,0.1557281739806574,1159540.0952380951,Decline
2985,2999750.8333333335,PRINCES HIGHWAY EAST NEAR CLOSEBURN,3202956.0833333335,203205.25,6.7740709575600855,0.12150251364791238,2933416.925170068,Growth
2986,709691.5,WILLIAMS NEAR MURRAY,652178.5833333334,-57512.91666666663,-8.103932013651937,0.11130679069570426,686372.8911564626,Stable
2987,714540.8333333334,TOORAK / PARK,474215.9166666667,-240324.9166666667,-33.63347557697309,0.18455465676145116,582677.2925170067,Decline
2988,375420.0833333333,LANSDOWNE / STREET ANDREWS,415869.9166666667,40449.83333333337,10.77455232926849,0.1820942232805858,386178.4761904762,Stable
299,549564.5833333334,POINT NEPEAN / NINTH,460975.75,-88588.83333333337,-16.119822131915047,0.1864471478961307,536301.6734693878,Stable
2991,579428.3333333334,MELROSE NEAR MICKLEHAM,620484.3333333334,41056.0,7.085604489482448,0.16026627953054123,618614.452991453,Stable
2992,1381734.3333333333,MICKLEHAM / MELROSE / BROADMEADOWS,1154356.25,-227378.08333333326,-16.455991419479332,0.17027108273476207,1255077.347826087,Decline
2993,395705.6666666667,MICKLEHAM ROAD / AMIRA BOULEVARD,751057.0833333334,355351.4166666667,89.80195296672527,0.2404327935744726,562525.0681818182,Growth
2994,357136.5833333333,WESTERN FREEWAY WESTBOUND RAMPS / FERRIS R,1066513.8333333333,709377.25,198.6291192515282,0.3798443812412836,745349.5238095238,Growth
2995,46204.75,WEBB DOCK DRIVE / ACCESS ROAD,113603.33333333333,67398.58333333333,145.86938211619656,0.3040309587056372,96843.90677966102,Volatile
2996,978866.5833333334,MELROSE DRIVE / GRANTS ROAD / CENTRE ROAD,1200965.9166666667,222099.33333333337,22.68943869521204,0.35841893950992443,1023337.786259542,Growth
2997,120816.66666666667,WEBB DOCK DRIVE / KOORINGA WAY,183976.25,63159.58333333333,52.27721064974479,0.21862437268667956,184610.69747899158,Stable
2998,1342242.75,DALTON ROAD / CHILDS ROAD,1335328.5,-6914.25,-0.5151266415855106,0.15184617109328116,1345006.922330097,Stable
2999,210166.25,BARKLY NEAR SHELLEY,162891.0,-47275.25,-22.494215888611993,0.1692761259162311,178167.26530612246,Stable
300,854436.6666666666,PRINCES HIGHWAY EAST / MCGREGOR / THE AVENUE,1405553.9166666667,551117.2500000001,64.50065540258495,0.20255672446864534,1170061.6530612244,Growth
3000,657388.75,BARKERS NEAR FINDON,561958.4166666666,-95430.33333333337,-14.516575364779724,0.1522711446487915,614710.9591836735,Stable
3001,1028640.5,BARKERS / CHURCH / HIGH,895940.0833333334,-132700.41666666663,-12.900563089501787,0.18494484905807396,962194.8911564626,Decline
3002,1844322.6666666667,BARKERS / DENMARK / POWER,1614128.25,-230194.41666666674,-12.481244243595846,0.12971274093137047,1786110.3333333333,Decline
3003,1160446.6666666667,BARKERS / GLENFERRIE,1080161.0,-80285.66666666674,-6.918514135361677,0.1385581653696751,1144491.925170068,Stable
3004,859391.0,BARKERS / AUBURN / WRIXON,879463.5833333334,20072.583333333372,2.3356753018513543,0.19536345863571256,842282.6598639456,Stable
3005,497560.6666666667,BARKERS NEAR KILDARE,463365.3333333333,-34195.33333333337,-6.872595770566009,0.20423233624239617,473154.44217687077,Stable
3009,937583.5833333334,ORMOND ESP NEAR PINE,874842.5,-62741.08333333337,-6.691785612358298,0.14972413402772813,900718.2789115646,Stable
301,599712.5833333334,PLYMOUTH / YARRA,796323.75,196611.16666666663,32.78423233573971,0.16807691204545364,720131.0136054421,Growth
3010,1082742.0,BEACONSFIELD / BEACH / PICKLES,639441.5,-443300.5,-40.94239440235993,0.19895517587062383,881399.4149659864,Decline
3012,1179060.6666666667,BEACONSFIELD / KERFERD,1082248.9166666667,-96811.75,-8.210921858134526,0.15367948829260658,1093560.5170068026,Stable
3014,423468.5833333333,BEACONSFIELD NEAR MCGREGOR,507791.1666666667,84322.58333333337,19.91235870901876,0.21641657378868215,469869.75,Stable
3016,2292194.6666666665,JACKA / THE ESPLANADE / FITZROY,2267763.8333333335,-24430.833333333023,-1.0658271606948897,0.16029644032292764,2241509.5034013605,Stable
3017,1756688.0833333333,ST KILDA NEAR ARGYLE,1376391.25,-380296.83333333326,-21.64851215997983,0.15876756355932584,1512859.2857142857,Decline
3018,1131812.1666666667,MARINE / CAVELL,1090906.75,-40905.416666666744,-3.6141524072089175,0.1923785251658938,1057170.4897959183,Stable
3019,1228935.1666666667,MARINE / BARKLY / GLEN HUNTLY,1153946.4166666667,-74988.75,-6.101928892099135,0.1416431983399647,1183186.0068027212,Stable
302,809975.0833333334,CRANBOURNE-FRANK / SOUTHGATEWAY,748705.5,-61269.58333333337,-7.564378780787603,0.1244630168427202,812925.1904761905,Stable
3020,903515.6666666666,ORMOND ESP NEAR BYRNE,811830.5,-91685.16666666663,-10.147601203742267,0.15245293043269728,862326.2464788732,Stable
3021,900613.25,ORMOND ESP / ELWOOD BEACH CAR,884242.9166666666,-16370.333333333372,-1.8176873739458497,0.1552710693194907,875654.925170068,Stable
3022,2555622.3333333335,ORMOND ESP / STREET KILDA / HEAD,2379325.6666666665,-176296.66666666698,-6.898384959593024,0.15055854902993576,2396617.714285714,Decline
3023,912618.5,STREET KILDA / MARTIN,910488.0833333334,-2130.416666666628,-0.23344000441220814,0.14625879526305346,921441.3945578231,Stable
3024,968821.1666666666,NORTH / STREET KILDA,588235.25,-380585.9166666666,-39.28340232038007,0.17719221260975032,904534.0272108844,Decline
3025,724670.0833333334,STREET KILDA / BAY,666641.3333333334,-58028.75,-8.007609439743902,0.13955412122468752,693217.5034013606,Stable
3026,1211036.1666666667,STREET KILDA / GROSVENOR,622653.0833333334,-588383.0833333334,-48.585095930936276,0.3173420193347991,683901.3129251701,Decline
3027,688693.3333333334,DENDY / ESPLANADE,637541.0,-51152.33333333337,-7.427447146286694,0.15440862510646544,665777.2721088436,Stable
3028,891142.5,SOUTH / BEACH,819161.8333333334,-71980.66666666663,-8.077346402698405,0.15708164577745204,828593.4829931973,Stable
303,99350.75,HALLAM / CORAL / FORDHOLM,1310231.75,1210881.0,1218.7940201759927,0.3771642961750787,969632.1768707483,Growth
3030,1216171.3333333333,BEACH / HAMPTON / BRIDGE,1042349.3333333334,-173821.99999999988,-14.29255855945735,0.13805588592546958,1113579.231292517,Decline
3032,665178.1666666666,BAY / BEACH,582403.0833333334,-82775.08333333326,-12.444046945818265,0.14431231503580716,616074.2176870748,Stable
3033,182654.91666666666,BEACH NEAR BAYVIEW,431766.6666666667,249111.75000000003,136.38381848467444,0.34964083076464625,406097.44943820225,Growth
3034,769952.9166666666,BEACH NEAR TRAMWAY,706644.3333333334,-63308.583333333256,-8.222396715816489,0.11994081129386171,749328.4557823129,Stable
3035,1169828.9166666667,BEACH NEAR NAPLES,599562.5,-570266.4166666667,-48.74784753069662,0.30184060296030446,744050.5850340136,Decline
3036,463666.5833333333,BEACH / CENTREWAY,370130.75,-93535.83333333331,-20.17308054872044,0.2692353623124376,398406.0408163265,Stable
3037,538771.6666666666,BEACH NEAR BLUFF,442080.0,-96691.66666666663,-17.946687372201573,0.1606832502301837,482645.74149659864,Stable
304,1018152.4166666666,FRANKSTON-DANDENONG / ABBOTTS,1038479.8333333334,20327.416666666744,1.996500360252226,0.11970998079856562,1016568.8163265307,Stable
3040,126314.25,BEACH NEAR HERBERT,416316.1666666667,290001.9166666667,229.58764879391413,0.380611793679349,371225.28089887643,Growth
3042,1488308.25,BELL / ALVA,1525554.9166666667,37246.666666666744,2.502617765282612,0.12439439000265656,1506589.2925170069,Stable
3043,422912.75,BEACH NEAR BAY & HIGH,411173.0,-11739.75,-2.775927185926648,0.13239581231210998,420302.3741496599,Stable
3044,1907072.5833333333,BUCKLEY NEAR BATMAN,1335979.5833333333,-571093.0,-29.946054753815304,0.2065648541778745,1650461.761904762,Decline
3045,91758.66666666667,CHESTER NEAR EATON,86897.25,-4861.4166666666715,-5.2980463244162275,0.16208724493430765,91800.675,Stable
3046,118031.5,PORTMAN NEAR EATON,91434.41666666667,-26597.08333333333,-22.533885728244858,0.1910162398356394,100473.87394957984,Stable
3047,425559.0,BUCKLEY / DICKSON,441597.8333333333,16038.833333333314,3.7688859437430096,0.20210154930974283,406768.63265306124,Stable
305,1336408.9166666667,STH GIPPSLAND HIGHWAY / LYNBROOK,1518601.9166666667,182193.0,13.633027865036567,0.12519381185143255,1466655.7006802722,Growth
3050,1935791.8333333333,BELL / CUMBERLAND,1978890.25,43098.416666666744,2.226397277048819,0.12823873418921927,1888271.0544217688,Stable
3051,1840370.75,BELL / REYNOLDS,1006717.25,-833653.5,-45.298128108154295,0.16919253183273225,1620550.9115646258,Decline
3052,3130314.75,BELL / MELVILLE / TURNER,3317606.25,187291.5,5.983152333163941,0.12010758151757141,3186886.1768707484,Growth
3053,2116533.6666666665,BELL / SUSSEX,2033747.75,-82785.91666666651,-3.91139144018655,0.11787635993503588,2032047.1700680272,Stable
3054,1717893.1666666667,SYDNEY / BELL,1681326.0,-36567.166666666744,-2.1286053973670698,0.11786599226378557,1716129.857142857,Stable
3055,1301038.9166666667,BELL / ELM,2075253.8333333333,774214.9166666665,59.50743722949101,0.32634356036630063,1569141.0612244897,Growth
3056,3655442.25,BELL / NICHOLSON / ELIZABETH,2108768.5,-1546673.75,-42.311535628828494,0.2050569642580757,2414567.0136054424,Decline
3057,1526099.1666666667,BELL NEAR JESSIE,1620158.3333333333,94059.16666666651,6.163371864759761,0.1221027090847285,1532342.306122449,Stable
3058,1746615.3333333333,BELL / GILBERT,1803898.0,57282.666666666744,3.2796383710513672,0.12632383900791433,1734081.7959183673,Stable
3059,2962414.9166666665,BELL / STREET GEORGES,2975061.5833333335,12646.666666666977,0.4269039625582601,0.11569743894271621,2891016.870748299,Stable
306,1304.8333333333333,WARBURTON HIGHWAY NEAR HEARSE,352556.6666666667,351251.8333333334,26919.2872652957,0.5502316808952671,404666.95238095237,Growth
3060,3460477.3333333335,BELL / HIGH,3413846.0833333335,-46631.25,-1.3475380853046093,0.10474965829502823,3349884.9795918367,Stable
3061,1914852.5833333333,BELL / PLENTY,1923690.3333333333,8837.75,0.4615368345805211,0.1220053692653595,1884011.8775510204,Stable
3063,1559967.0833333333,BELL / VICTORIA,1509517.9166666667,-50449.16666666651,-3.2339891787246478,0.1195862216121455,1478927.7414965986,Stable
3064,2232337.6666666665,BELL / ALBERT,2237331.0833333335,4993.416666666977,0.22368554458533874,0.12781135502639618,2218430.448979592,Stable
3065,1659011.0,BELL / CHIFLEY,1521982.9166666667,-137028.08333333326,-8.2596247603743,0.12159150783945503,1560613.1224489796,Decline
3066,1908441.5833333333,BELL / ORIEL NTH,2095893.25,187451.66666666674,9.822237594470081,0.19192091073324433,1996067.1768707484,Growth
3067,1519560.5,BELL / WATERDALE,1408125.1666666667,-111435.33333333326,-7.333392341623335,0.11909770462955288,1471136.4353741496,Stable
3068,1526099.25,BELL / EDWIN,1435781.6666666667,-90317.58333333326,-5.918198526952507,0.12527506289993615,1467718.6530612244,Stable
3069,820065.75,BELL / BURGUNDY / UPR HEIDELBERG,804556.5833333334,-15509.166666666628,-1.8912101458531376,0.13171368780817183,797524.7210884354,Stable
307,978371.25,NEPEAN HIGHWAY / BUNNINGS / MORNINGTON SC,894233.6666666666,-84137.58333333337,-8.599760401108819,0.15677902805250357,907287.4693877551,Stable
3070,537048.0833333334,BURGUNDY / HAWDON,428952.9166666667,-108095.16666666669,-20.127651512271484,0.12802756149392203,483876.0816326531,Stable
3071,555843.6666666666,BURGUNDY / CAPE,446649.5,-109194.16666666663,-19.64476222630943,0.1256468947481247,495529.2108843537,Stable
3072,1847751.5,BURGUNDY / ROSANNA / LWR H'BERG,1432936.25,-414815.25,-22.449731470925606,0.13830277498310745,1658444.1904761905,Decline
3073,504502.4166666667,WATERDALE NEAR RAMU,527588.5,23086.083333333314,4.576010455186121,0.13143037372715508,518414.5918367347,Stable
3075,2464443.8333333335,BELL NEAR ALICE,1988807.3333333333,-475636.50000000023,-19.29995293731927,0.12395339087526294,2311131.5918367347,Decline
3076,1364750.25,BELL / HUDSON / MAIN,731848.9166666666,-632901.3333333334,-46.374883121166924,0.1869642923584816,1259985.9863945579,Decline
3078,517256.3333333333,BALCOMBE BETWEEN BLUFF AND EBDEN,556384.0833333334,39127.75000000006,7.564479635822095,0.1368565364329352,517734.7755102041,Stable
3079,1209390.75,UPPER HEIDELBERG NEAR IVANHOE,1091107.3333333333,-118283.41666666674,-9.780413540178536,0.3095676698404077,1046624.5442176871,Volatile
308,631672.25,POINT NEPEAN / HYGEIA,592025.5833333334,-39646.66666666663,-6.276461672436398,0.19568272330540093,654688.925170068,Stable
3081,423553.5,PLENTY / RAGLAN,381798.0833333333,-41755.416666666686,-9.858357130012308,0.14734987587201764,386533.7482993197,Stable
3082,297664.0,PENTRIDGE NEAR ACCESS ROAD,337027.5,39363.5,13.224138626101913,0.20655432005072535,322507.4512195122,Stable
3083,2117657.6666666665,BELL NEAR GILMOUR (UPFIELD RAILWAY),2281442.9166666665,163785.25,7.734264729285015,0.16170609536336042,2147696.4791666665,Growth
3084,528989.5,ST GEORGES NEAR SHOWER,1174069.3333333333,645079.8333333333,121.94567819083994,0.39543768355033243,897148.1836734693,Growth
3085,1256840.5833333333,CANTERBURY / RAMSAY,1255885.8333333333,-954.75,-0.07596428796624764,0.11200315352776555,1254749.231292517,Stable
3086,92827.5,PENTRIDGE / STREETOCKADE,425740.4166666667,332912.9166666667,358.6360902390635,0.3026245420430908,344442.9319727891,Growth
3087,363208.5833333333,BEACH NEAR RESERVE,312998.5,-50210.083333333314,-13.824035454375041,0.16002609879130175,348136.6462585034,Stable
3088,2111442.6666666665,POINT COOK NEAR JAMIESON,2280861.6666666665,169419.0,8.023850359501434,0.10995845526902118,2309806.993197279,Growth
309,1125834.9166666667,WELLS / PALM / NARELLE,432681.9166666667,-693153.0,-61.56790749146984,0.37339481176267597,885728.4421768708,Decline
3091,1497339.0833333333,BELL / THE BELL CENTRE ACCESS,1478293.0,-19046.083333333256,-1.2719953379520028,0.16856925877505644,1410036.448979592,Stable
3092,419683.0833333333,BLUFF BETWEEN BALCOMBE AND KARRAKATTA,434968.1666666667,15285.083333333372,3.6420537163260387,0.15935312900872178,451811.44897959183,Stable
3093,733764.3333333334,BEACH / NEW,921452.8333333334,187688.5,25.57885297413838,0.17253080549901814,837384.7346938775,Growth
3095,657485.5,JOHN / ACCESS,632315.25,-25170.25,-3.828259330433903,0.12747781157531,651766.537414966,Stable
3096,65878.33333333333,GREENS / ARMSTRONG,663041.6666666666,597163.3333333333,906.463936043717,0.6349311319366185,341630.26086956525,Growth
3099,721617.6666666666,BLUFF / LUDSTONE,594249.5833333334,-127368.08333333326,-17.650355474482556,0.16384465001718107,705897.0884353742,Decline
310,1131753.1666666667,STH GIPPS'D HIGHWAY / LESDON,1270794.0,139040.83333333326,12.285437976095782,0.1410012361024923,1273136.5986394559,Stable
3101,1480937.5833333333,BLUFF / HIGHETT,1345498.6666666667,-135438.9166666665,-9.145484468144636,0.1349130934253426,1443216.0,Decline
3102,775137.6666666666,BAY / BLUFF,615435.75,-159701.91666666663,-20.60303911606239,0.20871642251507602,694826.8843537415,Decline
3104,597130.1666666666,BEACH NEAR ORLANDO,691283.5833333334,94153.41666666674,15.767653674617579,0.18307104761846418,677513.3666666667,Stable
3106,526365.1666666666,BLUFF NEAR ABBOTT,510863.0833333333,-15502.083333333314,-2.9451195320358994,0.19434589786218848,504463.8231292517,Stable
3108,2082461.75,HEATHERTON NEAR JAMES COOK,1935343.25,-147118.5,-7.064643564281553,0.12139486534276958,1985202.5034013605,Decline
3109,574458.4166666666,BRUNSWICK NEAR WATSON,1087603.9166666667,513145.5000000001,89.32683117040241,0.3399293151324404,789662.3537414966,Growth
311,1120065.75,THOMPSONS / WOODBINE,1633870.5833333333,513804.83333333326,45.872738572118045,0.17826788453525239,1389953.2585034014,Growth
3110,911103.0,BRUNSWICK / FLEMING,810204.0,-100899.0,-11.074379076789342,0.1675644004763036,821456.1428571428,Stable
3111,793917.25,BRUNSWICK / GRANTHAM,725454.9166666666,-68462.33333333337,-8.623358836620993,0.13488913569738686,748509.2585034013,Stable
3112,2170956.8333333335,SYDNEY / BRUNSWICK,1350038.3333333333,-820918.5000000002,-37.81367217419724,0.19897667953064352,1804163.7210884353,Decline
3113,1262953.75,BRUNSWICK / LYGON,1156095.5833333333,-106858.16666666674,-8.46097227762036,0.19441823871189415,1300901.6530612244,Stable
3114,1044668.4166666666,BRUNSWICK NEAR RATHDOWNE,940651.0833333334,-104017.33333333326,-9.956971195246076,0.15568109316507098,951896.8095238095,Stable
3115,1134765.5,BRUNSWICK / NICHOLSON / HOLDEN,996721.5,-138044.0,-12.164980341753429,0.15586572715774902,1033130.3945578231,Decline
3116,1366522.3333333333,NICHOLSON NEAR PARK,790207.1666666666,-576315.1666666666,-42.17385640971351,0.27080670034036636,1052351.4829931974,Decline
3117,458152.5833333333,NORMANBY / LEINSTER,491873.6666666667,33721.08333333337,7.360229879747131,0.1276017142678002,488057.7210884354,Stable
3118,957316.0,BRUNSWICK / GIBSON,908892.0833333334,-48423.91666666663,-5.058300150281268,0.1527340265649235,924763.0952380953,Stable
3119,936840.0833333334,MIDDLEBOROUGH / CLARICE,948485.6666666666,11645.583333333256,1.2430705667393702,0.11922369144541162,951887.1768707483,Stable
312,1114531.25,WELLS / NURTEN / ROYAL PALMS,426286.25,-688245.0,-61.75196971821113,0.3744802407300172,877226.1156462585,Decline
3120,1265280.0,BURKE / CANTERBURY,1220296.75,-44983.25,-3.5552012202832577,0.13047562116283307,1199711.1836734693,Stable
3121,1024280.9166666666,CANTERBURY NEAR LOCH,560764.0833333334,-463516.83333333326,-45.25290140538431,0.30838986085966824,795663.619047619,Decline
3122,916227.8333333334,CANTERBURY / STREETANHOPE,831239.0,-84988.83333333337,-9.275949741030573,0.4763255570776231,1014696.8707482993,Volatile
3123,741797.75,CANTERBURY NEAR MANGARRA,694175.5833333334,-47622.16666666663,-6.419831640991985,0.13334588471265446,708328.6054421769,Stable
3124,717854.4166666666,CANTERBURY NEAR CHAUCER,685478.75,-32375.666666666628,-4.5100602455024195,0.3457978777819214,800694.5238095238,Volatile
3125,1651988.5833333333,CANTERBURY / UNION,1577601.3333333333,-74387.25,-4.502891288140964,0.15688863789163435,1542038.8707482994,Stable
3126,1043562.5,CANTERBURY / WARRIGAL,960862.0,-82700.5,-7.92482481882973,0.16979780316350565,975405.1020408163,Stable
3127,1144468.6666666667,CANTERBURY / BALWYN,953788.0,-190680.66666666674,-16.66106484348196,0.16364521392113074,1023647.8095238095,Decline
3128,1885765.6666666667,CANTERBURY NEAR ROCHESTER,2143659.1666666665,257893.49999999977,13.675797823589592,0.18612201289614938,1929270.8911564625,Growth
3129,1699317.25,CANTERBURY NEAR KENNEALY,1478879.1666666667,-220438.08333333326,-12.972155925171316,0.13626161835268719,1526817.387755102,Decline
313,964682.25,PRINCES HIGHWAY EAST / LAKESIDE,1306980.8333333333,342298.58333333326,35.48303944986375,0.16130927741376314,1178646.5714285714,Growth
3130,1603749.0,CANTERBURY / ELGAR,1560867.1666666667,-42881.833333333256,-2.6738494199112988,0.1561353767978481,1479394.4013605441,Stable
3131,1517626.8333333333,CANTERBURY / STREETATION,1441265.25,-76361.58333333326,-5.031644252468295,0.134862720537575,1440523.537414966,Stable
3132,1993795.8333333333,CANTERBURY / MIDDLEBOROUGH,1684366.5833333333,-309429.25,-15.519605609902385,0.15842105364203296,1755284.9931972788,Decline
3133,1796378.0833333333,CANTERBURY NEAR GIBSON,1803477.4166666667,7099.333333333489,0.3952026246145281,0.12744266728645026,1765058.768707483,Stable
3134,633135.1666666666,STATION NEAR KENT,652062.75,18927.583333333372,2.989501188661406,0.15875396790298588,623718.2993197279,Stable
3135,304212.5,MONT ALBERT NEAR HAMILTON,174855.58333333334,-129356.91666666666,-42.52189396118393,0.2728143734055292,274408.1081081081,Decline
3136,895467.5833333334,MIDDLEBOROUGH / LEXTON,856008.9166666666,-39458.666666666744,-4.406487448689524,0.13686879162003077,877842.6462585034,Stable
3137,1121784.8333333333,CANTERBURY NEAR CLYDESDALE,1147354.6666666667,25569.83333333349,2.2793883972699005,0.15776384130477972,1095268.6258992807,Stable
3138,927661.8333333334,CANTERBURY / SURREY,923434.75,-4227.083333333372,-0.45567071765196465,0.14905620911154724,893660.1360544218,Stable
3139,867635.0,CENTRE DANDENONG / KINGSTON CENTRAL,964804.0833333334,97169.08333333337,11.199304238917675,0.1557419356377682,903690.9047619047,Stable
314,754007.8333333334,SPRINGVALE / REYNOLDS,877386.4166666666,123378.58333333326,16.36303734245023,0.14293257167862658,805586.768707483,Stable
3141,784059.3333333334,CENTRE DANDENONG / GRANGE,764231.5,-19827.833333333372,-2.5288689886564755,0.1301685092475387,779802.8231292517,Stable
3142,477271.6666666667,CENTRE DANDENONG / MARCUS,327030.0833333333,-150241.58333333337,-31.479258842797435,0.1607898894249397,395885.25,Decline
3143,525974.4166666666,CENTRE DANDENONG / HOWARD,364345.5833333333,-161628.8333333333,-30.72940968453313,0.17279680645468373,426801.9183673469,Decline
3144,607511.0,CENTRE / BUCKLAND,737700.6666666666,130189.66666666663,21.43000977211386,0.15823720721570853,660571.8163265307,Stable
3145,807201.6666666666,CENTRE DANDENONG / CHIFLEY,826716.1666666666,19514.5,2.4175495177784985,0.1561610226924079,793193.8503401361,Stable
3146,1203566.25,CHELTENHAM / BUNNINGS ACCESS ROAD,1277986.0,74419.75,6.183269928016011,0.1130687251487442,1251257.4897959183,Stable
3147,830784.5833333334,LOWER DANDENONG / WOODLANDS,1509384.5,678599.9166666666,81.68181382759168,0.45252859304796117,997246.3469387755,Growth
3148,943838.9166666666,LOWER DANDENONG / HOWARD,939390.6666666666,-4448.25,-0.4712933448124579,0.26707018228439616,886912.2517006802,Stable
3149,803171.1666666666,LWR DANDENONG NEAR WILLOW-GLEN,737239.1666666666,-65932.0,-8.208960024502872,0.12390744040652302,769533.8367346938,Stable
315,340018.5833333333,WARRANDYTE NEAR ALEXANDER,255521.5,-84497.08333333331,-24.850725070664026,0.1826929197696019,293992.4285714286,Stable
3150,1258482.8333333333,CHELTENHAM / FIVEWAYS / LAKE VIEW,1274626.3333333333,16143.5,1.2827747484835248,0.12015125192508162,1266477.4829931974,Stable
3151,2460239.6666666665,SPRINGVALE / KEYLANA,1353446.0,-1106793.6666666665,-44.987229563948986,0.2795387875352245,2067701.1768707484,Decline
3152,253683.16666666666,OAK NEAR GALADA,251095.75,-2587.416666666657,-1.0199402272782483,0.15972375867717323,241785.98850574714,Stable
3155,501655.8333333333,NICHOLSON STREET / SUMNER STREET,526603.25,24947.416666666686,4.973014367419899,0.12506025000907153,530412.0,Stable
3156,203087.16666666666,,203087.16666666666,0.0,0.0,0.3922802809022582,203087.16666666666,Volatile
3157,245315.25,FLEMINGTON ROAD / CARPARK ACCESS,292524.75,47209.5,19.244421209036126,0.2657482379038225,281951.5847457627,Stable
3158,650436.5,TOORAK ROAD NEAR WALSH STREET,531692.25,-118744.25,-18.256086489611207,0.12877330981154886,596466.1855670103,Stable
3159,683492.9166666666,NARRE-WARREN-CRANBOURNE RD NR SIERRA BVD,1143443.75,459950.8333333334,67.29416239987857,0.24015293959712533,901590.8272727273,Growth
316,388972.1666666667,HIGH NEAR VILLAGE,421003.8333333333,32031.666666666628,8.234950829815148,0.2444302297609615,441259.77777777775,Stable
3160,603304.5,HIGH STREET ROAD NEAR WOLF STREET,914630.6666666666,311326.1666666666,51.60348823300118,0.21594056188277116,779091.6218487395,Growth
3161,354763.9166666667,VINEYARD ROAD / HOUDINI DRIVE,543032.0833333334,188268.1666666667,53.06857823524423,0.22481182454639462,478182.28155339806,Growth
3162,1082542.6666666667,DYNON ROAD / SOUTH GATE ENTRANCE,1012425.6666666666,-70117.00000000012,-6.477065723044645,0.19069453192378477,1003908.6484375,Stable
3164,476870.6666666667,NICHOLSON ST NEAR YORK ST,562129.0833333334,85258.41666666669,17.87872952274971,0.1660614570365023,559154.875,Stable
3166,673484.6666666666,NICHOLSON ST NEAR PRINCES ST,938888.75,265404.0833333334,39.407591066166326,0.26692568542568185,890207.7613636364,Growth
3167,351133.0833333333,CENTRE RD NEAR MILTON ST,397256.5,46123.416666666686,13.13559412539928,0.13139154519507537,393860.15748031496,Stable
3168,728054.25,NARRE WARREN-C'BOURNE / CAMMS / ROCHESTER,1142578.5,414524.25,56.935901411192916,0.21475773227512154,874524.6054421769,Growth
3169,684046.8333333334,THOMPSONS / LYNDHURST,1487738.75,803691.9166666666,117.49077365804143,0.4171150506584844,1055297.1360544218,Growth
317,1495672.25,MANNINGHAM / WILLIAMSONS,1506766.75,11094.5,0.7417734734331001,0.153140801889793,1422572.0476190476,Stable
3170,1684889.3333333333,STH GIPPS'D HIGHWAY (HIGHST) NEAR CHILDERS,1584776.6666666667,-100112.66666666651,-5.9417947924571815,0.1267234586193182,1784012.4149659865,Stable
3171,1750587.6666666667,STH GIPPS'D HIGHWAY (HIGH) NEAR LYALL,1726440.75,-24146.916666666744,-1.3793606070951836,0.1381630149349551,1810790.2517006802,Stable
3172,2341390.4166666665,DANDENONG-HASTINGS / THOMPSONS,2425372.8333333335,83982.41666666698,3.586860869885553,0.2045298106173387,2301007.741496599,Stable
3173,792415.25,NARRE WARREN - CRANBOURNE / KINGDOM,1233722.8333333333,441307.58333333326,55.69145512196203,0.2337113294026933,922036.8125,Growth
3174,2169291.1666666665,NARRE WARREN - CRANBOURNE / GREAVES,2430263.5833333335,260972.41666666698,12.030308364168434,0.16203258166469803,2469387.6394557822,Growth
3175,232304.08333333334,NARRE WARREN-CRANBOURNE / GLASSCOCKS,1267711.3333333333,1035407.2499999999,445.7120318949767,0.44029342342765965,882100.0476190476,Growth
3176,483495.75,POUND / SEEBECK,977231.6666666666,493735.9166666666,102.11794347037522,0.3774435609420113,670542.7074829933,Growth
3177,1075620.6666666667,BERWICK-CRANBOURNE / GLASSCOCKS / GRICES,1691754.3333333333,616133.6666666665,57.281687286286164,0.4039427821844206,1275417.7482993198,Growth
3178,1766322.0833333333,CLYDE / ENTERPRISE,1145712.6666666667,-620609.4166666665,-35.135688022168466,0.2584482091974882,1628553.4217687075,Decline
3179,859820.9166666666,CAMERON STREET / LYALL STREET / NEW HOLLAND DR,1022728.3333333334,162907.41666666674,18.946668254852693,0.21398048154625812,868078.1088435374,Growth
318,1881029.75,WILLIAMSONS / SHOP TOWN ENT N,1838133.4166666667,-42896.333333333256,-2.280470754560541,0.18964945400507727,1732109.0,Stable
3180,634441.5,DONCASTER / BALWYN,744159.1666666666,109717.66666666663,17.293582886155246,0.20155857253124393,802231.1836734693,Stable
3181,617382.6666666666,DONCASTER NEAR SYLVANDER,579897.5833333334,-37485.083333333256,-6.071612527724554,0.14531031148146503,608734.3197278911,Stable
3182,666156.8333333334,CLYDE ROAD / RESERVE STREET,1604399.6666666667,938242.8333333334,140.84413555266391,0.5471166604590258,977680.8707482993,Growth
3183,651658.6666666666,CLYDE ROAD / MANSFIELD ROAD / LANGMORE LANE,762826.3333333334,111167.66666666674,17.05918640433439,0.16258042528772418,720596.6870748299,Stable
3184,201650.66666666666,GRICE ROAD / LEISUREWOOD DRIVE,349281.25,147630.58333333334,73.21105641439321,0.2806001088310208,294208.91743119265,Volatile
3185,467711.25,ST ALBANS ROAD NEAR PRINCESS STREET,927823.9166666666,460112.6666666666,98.37536870594124,0.2809346559615399,842276.1037735849,Growth
3186,64114.583333333336,PATTERSONS ROAD / THOROUGHBRED DRIVE,563240.5,499125.9166666667,778.4904630381803,0.5422262401066411,346589.2792792793,Growth
3187,16632.916666666668,DEVENY ROAD / CENTRAL SITE ACCESS ROAD,749320.25,732687.3333333334,4405.044214534432,0.4182114332210969,593534.1075268817,Growth
3188,100684.5,SOLDIERS RD / VIEWBRIGHT RD / SKYLARK BLVD,744245.5833333334,643561.0833333334,639.1858561480003,0.7198972722551524,297340.60176991153,Growth
3189,622519.9166666666,CENTRE / KNIGHT,647122.0,24602.083333333372,3.952015457604509,0.1335979618132463,613399.4013605443,Stable
319,1529329.75,WILLIAMSONS / SHOP TOWN ENT SOUTH,1460327.75,-69002.0,-4.511911182006366,0.14947066495011313,1408397.925170068,Stable
3190,1135703.0,MIDDLEBOROUGH NEAR KATRINA,1251020.25,115317.25,10.153821025391322,0.21366598685110139,1354219.8639455782,Stable
3191,1531344.8333333333,CLAYTON / DUNSTAN,2289250.5,757905.6666666667,49.49281508443178,0.2354715306923327,2000133.1224489796,Growth
3192,1851981.9166666667,MIDDLEBOROUGH NEAR MCKEAN,1722752.6666666667,-129229.25,-6.977889407937433,0.12320371570147032,1786437.7482993198,Decline
3193,1019297.9166666666,MIDDLEBOROUGH / ALBION,1124679.75,105381.83333333337,10.338668568847433,0.14793267874974103,1053649.7278911564,Stable
3194,895205.75,MIDDLEBOROUGH / MASTERS,1044860.4166666666,149654.66666666663,16.717348683994338,0.11325390607162623,946721.8965517242,Stable
3195,1039342.5,MIDDLEBOROUGH / ELEY,1022540.0833333334,-16802.416666666628,-1.6166390450372836,0.13391673595826312,1030552.768707483,Stable
3196,999941.4166666666,HIGHBURY / STEPRINCES HIGHWAY EASTNSONS / MIDDLEB,1067172.9166666667,67231.50000000012,6.723543887612761,0.14157562740955312,1022760.1904761905,Stable
3197,831578.8333333334,CLAYTON NEAR DUNSTAN,692541.6666666666,-139037.16666666674,-16.719661575481027,0.14477921159519883,821313.6258503401,Decline
3198,2505183.0,CENTRE / CLAYTON,2589016.25,83833.25,3.3463922595674647,0.13622744076789936,2492628.5,Stable
3199,639747.0833333334,CENTRE / ESKAY,531073.8333333334,-108673.25,-16.986908237825755,0.18969469438659362,556413.0340136054,Stable
320,676654.6666666666,THOMPSONS / FOOTE / TEMPLESTOWE,591198.0833333334,-85456.58333333326,-12.62927569158861,0.15956230672011604,631298.1292517007,Stable
3200,624375.5833333334,CLAYTON / FAIRBANK,678198.6666666666,53823.083333333256,8.620305593308075,0.12984487685571897,645974.6734693878,Stable
32000,866957.0833333334,UNION ROAD BETWEEN SUNBURY CRES & STIRLING CRES,942147.1666666666,75190.08333333326,8.672872599902812,0.2182366050033478,916095.8333333334,Stable
32002,890607.75,MORELAND NEAR EVERETT,848729.5,-41878.25,-4.702210372635989,0.14599403792313803,873659.3243243244,Stable
32003,1268736.0833333333,MCGREGOR ROAD BETWEEN ROGER & HENTY STREET,1437370.25,168634.16666666674,13.291508681901476,0.3360075998148879,1318410.105263158,Growth
32005,584374.3333333334,CORRIGAN ROAD / HAROLD ROAD,566295.5,-18078.833333333372,-3.0937076291851806,0.17917763895461403,579285.8620689656,Stable
32006,209178.58333333334,HARDYS ROAD / THOROUGHBRED DRIVE,488673.8333333333,279495.25,133.61561472792584,0.46369485058428717,354572.8387096774,Growth
32007,157621.41666666666,HARDYS ROAD / KHAN BOULEVARD,415586.0,257964.58333333334,163.66087095820842,0.4941707395889464,294001.51612903224,Growth
32009,338947.25,,412676.3333333333,73729.08333333331,21.752376906239338,0.30674276043269744,385119.0967741936,Volatile
32010,250245.25,JELLS ROAD / WAVERLEY ROAD,250245.25,0.0,0.0,0.3751418690169563,250245.25,Volatile
32012,544447.75,,673502.25,129054.5,23.703743839514445,0.31904250926503686,624638.4838709678,Volatile
32016,297282.4166666667,,297282.4166666667,0.0,0.0,0.3771710944168429,297282.4166666667,Volatile
32018,338472.5,HEALESVILLE-KOO WEE RUP ROAD / GREEN HILLS ROAD,626086.6666666666,287614.1666666666,84.97416087471409,0.40460037604483157,510031.0344827586,Growth
32019,179989.0,DOHERTYS ROAD / MODESTO DRIVE,191918.16666666666,11929.166666666657,6.627719842138495,0.4378062142736201,174296.2857142857,Volatile
32020,385456.0833333333,SUNBURY ROAD / LANCEFIELD ROAD,615724.0,230267.9166666667,59.73907965736694,0.26338259386761426,534762.641025641,Growth
32022,405332.5,BELLS ROAD / GRICES ROAD,776240.25,370907.75,91.50703434834364,0.35542726686417975,596066.1470588235,Growth
32023,952425.8333333334,BERWICK-CRANBOURNE ROAD / WESTERN ROAD,991501.5,39075.66666666663,4.1027516578281205,0.2001798797659576,963027.0952380953,Stable
32024,483937.3333333333,BRIDGE INN ROAD / COOKES ROAD,635944.5833333334,152007.25000000006,31.410523538860417,0.403034714233073,545092.5238095238,Volatile
32025,442847.8333333333,BRIDGE INN ROAD / IVANHOE GRAMMAR ENTRY,460378.9166666667,17531.083333333372,3.958714938577481,0.21620016756070057,443419.63157894736,Stable
32026,288482.9166666667,BRIDGE INN ROAD / GARDEN ROAD,330933.1666666667,42450.25,14.714996121954071,0.2788431853059245,299593.6842105263,Volatile
32027,465059.5833333333,NEPEAN HIGHWAY / FORREST DRIVE,521783.5833333333,56724.0,12.197146781371204,0.4560396498213353,455349.93333333335,Volatile
3203,699093.5833333334,BOUNDARY / OLD DANDENONG,550259.0,-148834.58333333337,-21.289650896762396,0.15796674127153407,668132.5714285715,Decline
32035,1348306.0,,1246605.5833333333,-101700.41666666674,-7.5428290511698926,0.2252513870302991,1332674.2222222222,Stable
32036,989993.5,NARRE WARREN-CRANBOURNE RD / THOMPSONS RD,2303840.8333333335,1313847.3333333335,132.7127231980143,0.4321397713173298,1816073.3846153845,Growth
32038,3005925.3333333335,MORNINGTON PENINSULA FREEWAY / JETTY ROAD,2813039.8333333335,-192885.5,-6.4168426893726345,0.16291880636618397,2955076.09375,Decline
32039,1327738.0833333333,,1185892.4166666667,-141845.6666666665,-10.683256618696811,0.19402349309317157,1285352.9444444445,Decline
3204,1128290.4166666667,CENTRE DANDENONG / BOUNDARY,1208920.6666666667,80630.25,7.146231928319281,0.15173863693229026,1146853.8639455782,Stable
32040,5735.571428571428,,5735.571428571428,0.0,0.0,0.7593508973989511,5735.571428571428,Volatile
32041,511566.0,,511566.0,0.0,0.0,0.6871663940350858,511566.0,Volatile
32042,11346.5,BELLS ROAD / HEATHER GROVE,24598.833333333332,13252.333333333332,116.79666270068596,0.5222338152531617,17897.72,Volatile
32043,412050.6666666667,,412050.6666666667,0.0,0.0,0.6890159605363378,412050.6666666667,Volatile
32044,527221.4166666666,FRAWLEY ROAD BETWEEN ARCADIA AVENUE AND ADAM AVENUE,573557.5833333334,46336.166666666744,8.788748939605878,0.21022832838328379,563871.8095238095,Stable
32045,177719.58333333334,BALLARTO ROAD / RIVERLAND ROAD,220746.0,43026.41666666666,24.210284460303797,0.25871431677542217,202174.125,Stable
32046,1127383.3333333333,,1084091.3333333333,-43292.0,-3.840042576467632,0.23620613698050272,1071239.4285714286,Stable
32048,677988.0833333334,,667034.6666666666,-10953.416666666744,-1.615576576628632,0.28474207388131495,643558.5714285715,Volatile
32049,530435.5,BERESFORD ROAD / GARDINER STREET NEAR CREEK ROAD,548464.4166666666,18028.916666666628,3.3988895288242635,0.21738793434343756,551711.6666666666,Stable
3205,539719.4166666666,CLAYTON NEAR COLONEL,682734.0,143014.58333333337,26.497950401080324,0.35408567582353156,609512.125,Volatile
32050,899226.75,,1394147.3333333333,494920.58333333326,55.03846313883937,0.40706314052341414,1138247.5217391304,Growth
32051,864252.6666666666,CAMERON ST / BERWICK-CRANBOURNE RD / SLADEN ST,1487565.4166666667,623312.7500000001,72.12158828552454,0.3424548549942079,1225576.1612903227,Growth
32052,660195.8333333334,,736063.8333333334,75868.0,11.491741718050829,0.2648660822271259,701173.3571428572,Stable
32053,236809.41666666666,,394518.8333333333,157709.41666666666,66.5976120741257,0.4347677950810646,321729.3846153846,Growth
32054,371869.4166666667,BELLS ROAD / CONNECTOR RD / CARNIVAL BOULEVARD,763387.9166666666,391518.49999999994,105.28386644684635,0.38189894330681506,580464.8235294118,Growth
32055,609237.75,MICKLEHAM ROAD / AITKEN COLLEGE,860737.4166666666,251499.66666666663,41.28103793086798,0.32291446786467876,658321.9,Growth
32057,134572.0,,134572.0,0.0,0.0,,134572.0,Stable
32058,255128.2857142857,,255128.2857142857,0.0,0.0,0.47160562680679546,255128.2857142857,Volatile
32059,3425.0,,3425.0,0.0,0.0,0.8823866811069502,3425.0,Volatile
3206,929089.0833333334,CLAYTON / HAUGHTON / CARINISH,1329858.5833333333,400769.4999999999,43.135745235768105,0.42874438957234745,1396745.2789115647,Growth
32062,1382779.625,,1382779.625,0.0,0.0,0.3446115006475963,1382779.625,Volatile
32064,431462.8333333333,,459031.4166666667,27568.583333333372,6.389561557445861,0.37158148933114243,426059.26666666666,Volatile
32066,1410767.3333333333,FOOTE STREET NEAR MCLACHLAN STREET,1461519.9166666667,50752.58333333349,3.597516198040699,0.24725691198464642,1393938.388888889,Stable
32067,364381.25,BALLARTO ROAD / GREENWOOD DR,364381.25,0.0,0.0,0.4850206966157421,364381.25,Volatile
3207,455088.0,CLAYTON NEAR BRENTWOOD,567710.75,112622.75,24.747466424076222,0.1563366562559953,522067.1596638655,Stable
32070,296461.5833333333,BALLARTO ROAD / FLINDERS CHRISTIAN COMMUNITY COLLEG…,358911.0,62449.416666666686,21.06492718702452,0.4908484779958549,311635.9375,Volatile
32072,561989.25,WEBB ST NEAR NARRE WARREN STATION CAR PARK,591614.6666666666,29625.416666666628,5.2715272875178,0.20473707485474316,576801.9583333334,Stable
32073,127951.75,,127951.75,0.0,0.0,0.3958534643327979,127951.75,Volatile
32074,717465.3333333334,,717465.3333333334,0.0,0.0,0.253453912123144,717465.3333333334,Stable
32075,410046.4,,410046.4,0.0,0.0,0.4494639248156015,410046.4,Volatile
32076,937870.5833333334,LEAKES RD / TARNEIT PARK HUB ACCESS ROADWAY,1094603.5833333333,156732.99999999988,16.711580764474686,0.2649664874944849,1041643.5483870967,Growth
32079,212772.16666666666,HARDYS ROAD / BURLINA BOULEVARD,259953.16666666666,47181.0,22.174422876425723,0.3978254881516994,234785.65217391305,Volatile
3208,977111.0833333334,CLAYTON / MONASH MEDICAL CENTRE,1111990.5833333333,134879.49999999988,13.80390646474602,0.212333952133478,987836.768707483,Stable
32080,1155476.6666666667,,1069731.75,-85744.91666666674,-7.420739781273536,0.2005188671966865,1090866.375,Stable
32082,121711.41666666667,AITKEN / ENGLISH,244908.25,123196.83333333333,101.22044152253589,0.9304607262433157,179328.82352941178,Volatile
32088,638956.9166666666,,638956.9166666666,0.0,0.0,0.3370827886662775,638956.9166666666,Volatile
3209,513646.9166666667,CLAYTON / RYANS,583068.25,69421.33333333331,13.515380133856539,0.16932207871352808,514390.70068027213,Stable
32094,487615.3333333333,,508339.25,20723.916666666686,4.250054346117094,0.2508431937671153,485862.63157894736,Stable
32096,804563.1666666666,,894358.8333333334,89795.66666666674,11.160797608805948,0.24286478335169173,841048.7727272727,Stable
32097,486536.5833333333,,514362.0,27825.416666666686,5.71908004862259,0.2531366175265375,488392.15789473685,Stable
3210,487172.1666666667,DOUGLAS / NORTH,469096.0833333333,-18076.083333333372,-3.7104097011563066,0.1357478469394351,501124.8333333333,Stable
32100,305524.8333333333,GREIGS ROAD / INNOVATION AVENUENUE,368123.5,62598.666666666686,20.488896429040963,0.2631490181295534,328594.95238095237,Stable
32101,76876.625,,76876.625,0.0,0.0,0.6541705846978546,76876.625,Volatile
32102,64073.666666666664,,78339.25,14265.583333333336,22.264346767522806,0.691489114480208,67226.07142857143,Volatile
32104,803592.0,,803592.0,0.0,0.0,0.3882296141465718,803592.0,Volatile
32105,54343.666666666664,RIDING BOUNDARY ROAD / EVOLUTION ROAD,55109.166666666664,765.5,1.4086278069814944,0.22144511777400505,54794.52380952381,Stable
32106,59795.5,MOUNT ATKINSON ROAD / RIDING BOUNDARY ROAD,61648.166666666664,1852.6666666666642,3.0983379462780047,0.21999569824752904,60610.90476190476,Stable
32108,704802.4545454546,,704802.4545454546,0.0,0.0,0.34723156228508384,704802.4545454546,Volatile
3211,110259.0,MCNAUGHTON NEAR TORTEVAL,166554.5,56295.5,51.057510044531504,0.228979425736143,136674.42857142858,Stable
32110,6667.916666666667,MOUNT ATKINSON ROAD / COLLECTIVE ST,7958.833333333333,1290.916666666666,19.36011997750421,0.34161990742051823,7053.0952380952385,Volatile
32111,864916.1666666666,BALWYN ROAD NEAR TOWER ROAD,859978.6666666666,-4937.5,-0.5708645751216351,0.3419808061621868,823185.375,Volatile
32112,462706.4166666667,SUNBURY / FRANCIS,756270.3333333334,293563.9166666667,63.44496339201405,0.28410059704822954,657595.9166666666,Growth
32115,1100672.4166666667,HIGH STREETREET / HUGHES PARADE,1080676.0833333333,-19996.33333333349,-1.8167379349699178,0.25768820997928,1067392.55,Stable
32117,901205.75,BURWOOD HIGHWAY / MCMAHONS RD / CLYDE STREET,929098.5833333334,27892.833333333372,3.0950571868114882,0.22347815423601525,920686.1481481482,Stable
32119,920202.6666666666,,790709.0833333334,-129493.58333333326,-14.07228951013689,0.2674054144568234,849180.6206896552,Decline
3212,927244.25,HEATHERTON / KINGSTON / CLAYTON / BOUNDARY,892068.25,-35176.0,-3.7936067007155883,0.15020187309354893,836639.8707482993,Stable
32123,752218.0,,752218.0,0.0,0.0,0.7049046735154036,752218.0,Volatile
32125,1291889.1666666667,MICKLEHAM ROAD / SOMERTON ROAD,1454760.4166666667,162871.25,12.607215402250063,0.3766475462415539,1299293.9444444445,Growth
3213,1540400.8333333333,SPRING BETWEEN VIOLA & CLEELAND,1517076.9166666667,-23323.91666666651,-1.5141459392874372,0.10813334935878816,1577341.544217687,Stable
32131,738502.4166666666,PRINCES FWY / HEALESVILLE – KOO WEE RUP (NORTH),728577.5833333334,-9924.833333333256,-1.3439134536797281,0.2402675236563901,721684.9444444445,Stable
32132,859924.4166666666,PRINCES FWY / HEALESVILLE – KOO WEE RUP (SOUTH),861113.5,1189.0833333333721,0.1382776567669316,0.2363019349708184,850062.1666666666,Stable
32133,499668.0833333333,,489479.5833333333,-10188.5,-2.0390535917426518,0.2904295419367515,469652.07692307694,Volatile
32134,367363.625,,367363.625,0.0,0.0,0.35003040305694855,367363.625,Volatile
32138,1058451.0833333333,,1058451.0833333333,0.0,0.0,0.26281397546446805,1058451.0833333333,Stable
32139,748295.1666666666,,748295.1666666666,0.0,0.0,0.6170610732251787,748295.1666666666,Volatile
3214,607311.5833333334,HIGH / WOOD / SPENCER,681768.1666666666,74456.58333333326,12.260030168478853,0.15050183628035813,686638.4315068494,Stable
32143,705454.6,,705454.6,0.0,0.0,0.5288423614845911,705454.6,Volatile
32146,341912.6666666667,,364736.75,22824.083333333314,6.675413214680546,0.29203112647241547,338479.82352941175,Volatile
32148,899062.1,,899062.1,0.0,0.0,0.35377082296011303,899062.1,Volatile
32149,264056.5833333333,WELLS RD / BARDIA AVE / KANANOOK STATION CAR PARK A…,264056.5833333333,0.0,0.0,0.322665352573436,264056.5833333333,Volatile
32151,11879.0,,11879.0,0.0,0.0,0.4444543551937333,11879.0,Volatile
32152,351771.0,PARKERS ROAD BETWEEN COMO PARADE EAST & WEST,357644.75,5873.75,1.669765273430726,0.3440301254469823,336076.85714285716,Volatile
32154,1231245.2222222222,,1231245.2222222222,0.0,0.0,0.3133463899293966,1231245.2222222222,Volatile
32155,528345.25,,405793.5833333333,-122551.66666666669,-23.195375877168704,0.40235302985312127,490754.8333333333,Volatile
32156,651165.0,,704224.5,53059.5,8.14839556794361,0.4693550262949492,636134.1428571428,Volatile
32159,768210.1666666666,,790635.5833333334,22425.416666666744,2.9191772824320528,0.2942243110120947,741210.6153846154,Volatile
3216,669484.25,BROADWAY NEAR MARCHANT,784480.3333333334,114996.08333333337,17.17681683076687,0.258504938311009,632366.2108843537,Stable
32160,328213.4166666667,CITY CIRCUT / CHADSTONE CAR PARK C NE ACCESS,344044.5,15831.083333333314,4.823411393145866,0.2055376583109471,337474.5925925926,Stable
3217,1122169.5,HIGH / ALLENBY,1151481.3333333333,29311.833333333256,2.612068260038546,0.1398025811717956,1104029.0544217688,Stable
32176,784406.5,KOOYONG ROAD NR SYCAMORE STREET,749334.5,-35072.0,-4.471151118712045,0.23643637003732587,748949.4666666667,Stable
32177,113912.0,,113912.0,0.0,0.0,0.3743102556475344,113912.0,Volatile
32178,605979.8,,605979.8,0.0,0.0,0.29842937930781777,605979.8,Volatile
3218,992770.0,MURRAY NEAR MARY,816865.0,-175905.0,-17.718605517894375,0.12994190343979128,893636.380952381,Decline
32182,46318.583333333336,BALLARTO ROAD / POTTS ROAD SKYE,48360.416666666664,2041.8333333333285,4.408237874287307,0.27401571281518516,45759.05882352941,Stable
32183,335773.1,,335773.1,0.0,0.0,0.31335073508171046,335773.1,Volatile
32186,6002.2,,6002.2,0.0,0.0,0.6981519067482713,6002.2,Volatile
32188,1131273.8333333333,,1131273.8333333333,0.0,0.0,0.4014776971291602,1131273.8333333333,Volatile
3219,529867.5833333334,PLENTY / EAST PRESTON TRAM DEPOT,529768.0,-99.58333333337214,-0.018794003722006417,0.13814290612394212,499010.85034013604,Stable
32191,649099.3333333334,,649099.3333333334,0.0,0.0,0.45199108647206054,649099.3333333334,Volatile
32194,130366.22222222222,,130366.22222222222,0.0,0.0,0.39685334342876605,130366.22222222222,Volatile
32197,356469.0,,356469.0,0.0,0.0,0.8544511223342856,356469.0,Volatile
3220,1226400.8333333333,PLENTY / HIGH / DUNDAS / MILLER,678767.5833333334,-547633.2499999999,-44.653691934597234,0.4458164180063976,997525.5918367347,Decline
32202,22034.333333333332,,22034.333333333332,0.0,0.0,0.5670235121928201,22034.333333333332,Volatile
32203,250615.81818181818,,250615.81818181818,0.0,0.0,0.25733166728547685,250615.81818181818,Stable
3221,828200.75,HIGH / GOWER / CRAMER,685885.75,-142315.0,-17.183635730829753,0.12878553122929565,751325.3673469388,Decline
3222,989230.1666666666,HIGH / MURRAY,859576.6666666666,-129653.5,-13.106504873065436,0.1444301687925682,896545.4149659864,Decline
32223,10316.75,,10316.75,0.0,0.0,0.7539517995546137,10316.75,Volatile
3223,670787.75,HIGH / REGENT / TYLER,882027.4166666666,211239.66666666663,31.49128269958219,0.20804591906406988,904256.5845070423,Growth
32233,638416.3333333334,,638416.3333333334,0.0,0.0,0.40896594853970586,638416.3333333334,Volatile
3224,1188361.75,HIGH / BROADHURST,1204813.5833333333,16451.833333333256,1.384412897279238,0.12958865259880756,1161644.761904762,Stable
32249,271685.3,,271685.3,0.0,0.0,0.46373687506841044,271685.3,Volatile
3225,2020287.3333333333,HIGH / BROADWAY,2089415.1666666667,69127.83333333349,3.421683252316263,0.16120059736100528,1975843.7278911564,Stable
3226,1159513.5833333333,HIGH NEAR BARTON,1133067.5,-26446.083333333256,-2.2807911622136317,0.1259489345726317,1085562.2789115647,Stable
32268,838741.1111111111,,838741.1111111111,0.0,0.0,0.3578941681726471,838741.1111111111,Volatile
3227,910956.3333333334,HIGH NEAR GLASGOW,940809.0,29852.666666666628,3.277068897191921,0.11387586469100373,904966.380952381,Stable
3228,876418.6666666666,HIGH NEAR CHURCH,877972.5833333334,1553.9166666667443,0.17730300891203568,0.12434311995286994,859546.462585034,Stable
32282,216122.5,,216122.5,0.0,0.0,0.6848725751482626,216122.5,Volatile
3229,1269691.9166666667,HIGH / MAHONEYS / KEON,1285676.0,15984.083333333256,1.2588946281784963,0.15066886781935188,1300890.0068027212,Stable
323,973542.3333333334,DONCASTER NEAR HENDER,922916.8333333334,-50625.5,-5.200133396013938,0.15318389947071107,899344.020979021,Stable
3230,1906638.5833333333,HIGH / SETTLEMENT,810146.0833333334,-1096492.5,-57.5091949562369,0.349871832123761,1099681.3197278911,Decline
3231,855696.75,HIGH / MAIN,687547.6666666666,-168149.08333333337,-19.65054598294704,0.19204022453100128,754889.8979591837,Decline
3232,2333142.5,HIGH / MANNS CROSSING,914950.1666666666,-1418192.3333333335,-60.78464274399585,0.39794459614315136,1589763.1292517006,Decline
3233,1040811.6666666666,HIGH / PASCHKE / KINGSWAY,843073.5833333334,-197738.08333333326,-18.99844992770065,0.1281465765667739,942537.9047619047,Decline
3234,828525.25,HIGH / AUSTARC,721760.8333333334,-106764.41666666663,-12.886078808903727,0.12724119299604586,769399.6734693878,Stable
3235,568895.5,HIGH NEAR QUEEN,614323.6666666666,45428.16666666663,7.985327123639865,0.1397461296530278,603905.5646258503,Stable
3236,1304267.1666666667,HIGH / CHILDS,1776034.5833333333,471767.4166666665,36.17107205668367,0.2385196564861762,1553815.1224489796,Growth
3238,1395704.25,COOPER / NORTHERN HOSPITAL ENT,1086473.5,-309230.75,-22.155893700259206,0.17263390653751348,1284806.8707482994,Decline
3239,559226.4166666666,SETTLEMENT / APEX,626819.75,67593.33333333337,12.086934972820348,0.14598660750121445,584741.0136054421,Stable
3240,422474.8333333333,EVANS / CENTRAL PARKWAY,746536.6666666666,324061.8333333333,76.70559469222822,0.3114404330762127,603473.7622377622,Growth
3241,6392.916666666667,VICTORIA / DUNDAS,396831.3333333333,390438.4166666666,6107.359708010166,0.6585726869803076,284362.5625,Growth
3242,1511070.6666666667,PLENTY / BUSH / DEVELOPMENT,1777677.5,266606.83333333326,17.64357148970751,0.2687166269443397,1518041.4285714286,Growth
3243,675909.4166666666,HIGH / RESERVOIR STREETATION ENTRY,645499.1666666666,-30410.25,-4.499160575387752,0.1348996670972358,640601.1836734693,Stable
3245,641828.0833333334,SETTLEMENT / BRAND,643521.4166666666,1693.3333333332557,0.2638297352990432,0.12454317728567732,639826.2585034013,Stable
3246,13047.166666666666,EVANS / BROOK,379980.6666666667,366933.5,2812.361559981094,0.3300551202746194,374197.4755244755,Growth
3247,1079097.0833333333,STREETATION / EVANS,650919.0833333334,-428177.9999999999,-39.6792843399555,0.2906536058526093,867339.9319727891,Decline
325,1889975.1666666667,DONCASTER / TRAM / WILLIAMSONS,1847842.0833333333,-42133.08333333349,-2.2292929598457767,0.14257283820405664,1799538.380952381,Stable
3250,8802.916666666666,HORNE NEAR CORNISH,582446.9166666666,573644.0,6516.521986084159,0.595276267127134,437746.67910447763,Growth
3252,140308.5,MACEDON NEAR EVANS,1889489.0,1749180.5,1246.6675219249012,0.7448874858982932,1088576.850340136,Growth
3253,34968.75,RIDDELL NEAR HORNE,1652318.5833333333,1617349.8333333333,4625.1291033661,0.6543442873704924,1193453.537313433,Growth
3254,478793.6666666667,GAP / ALDI ENTRANCE,428488.25,-50305.416666666686,-10.506700520265866,0.16015620552527324,447095.6605504587,Stable
3255,728723.3333333334,VINEYARD / HORNE / MITCHELLS,798332.5,69609.16666666663,9.552207742307317,0.12842053488890756,761486.5714285715,Stable
3257,541833.8333333334,VINEYARD / ELIZABETH / DEVENY,1031674.4166666666,489840.58333333326,90.40420756301975,0.24368866258628274,806387.2448979592,Growth
3258,949256.0,BOUNDARY ROAD / CHIFLEY DRIVE,726767.0,-222489.0,-23.438250587828787,0.25429728485624925,913963.0733944954,Decline
3259,742992.4166666666,MURRAY / NORTHLAND SHOP EAST ACCESS ROAD,641863.5,-101128.91666666663,-13.611029453082121,0.13933433811789322,710377.0068027211,Stable
326,1972541.8333333333,DONCASTER / FREDERICK / SHOPPING,1883065.8333333333,-89476.0,-4.536076167712878,0.14826757757922893,1859491.5986394559,Stable
3260,1059070.25,ALBERT / TYLER,1129597.0833333333,70526.83333333326,6.659315879502163,0.12596307574322557,1107382.3673469387,Stable
3261,1151023.25,ALBERT / WOOD,1135826.8333333333,-15196.416666666744,-1.3202527982529235,0.12551408782091023,1157990.1360544218,Stable
3262,1377170.8333333333,ALBERT / MURRAY,1380181.1666666667,3010.3333333334886,0.21858822888713192,0.22276034211008525,1375337.5714285714,Stable
3263,1081673.25,ALBERT / GOWER,1128782.5833333333,47109.333333333256,4.3552277301239775,0.12259409703150365,1120907.857142857,Stable
3264,1026884.0,ALBERT / RAGLAN,823549.0833333334,-203334.91666666663,-19.801157352404616,0.13916650498352162,1019309.1360544218,Decline
3265,1098903.5,ALBERT / DUNDAS / STREETATION,958904.0833333334,-139999.41666666663,-12.739919079943473,0.15254432821937677,1128332.2993197278,Decline
3266,929385.3333333334,STATION NEAR CLARENDON,1065497.8333333333,136112.49999999988,14.645432321577404,0.14184403953952723,987529.5578231292,Stable
3267,1319986.8333333333,DAREBIN / STREETATION,1537874.8333333333,217888.0,16.506831318140673,0.14348868987007202,1436443.2653061224,Growth
3268,751364.3333333334,SEPARATION / STREETATION,751479.8333333334,115.5,0.015372036557497849,0.127713718825356,734359.4421768708,Stable
3269,1121637.1666666667,STATION NEAR DUNCAN,861258.6666666666,-260378.50000000012,-23.21414693967435,0.12918829145685237,1034102.2176870748,Decline
327,1111117.3333333333,DONCASTER / COUNCIL,1092999.0,-18118.333333333256,-1.63064086841113,0.20525268938488286,993250.0612244898,Stable
3270,363551.0,MCGREGOR RD NEAR LIVINGSTONE BLVD,729430.0833333334,365879.0833333334,100.64037324428577,0.26863860926219363,550651.6261682243,Growth
3271,2091574.5,STATION NEAR MANSFIELD,1960081.5,-131493.0,-6.286794948016435,0.31175701522467225,1677841.4965986395,Decline
3272,1558312.4166666667,STATION NEAR COLLINS,1392605.3333333333,-165707.0833333335,-10.63375235678298,0.30460126241619584,1420954.1972789115,Decline
3275,39093.666666666664,,52652.833333333336,13559.166666666672,34.68379362386066,0.19046317128772622,47060.333333333336,Stable
3276,83614.5,,83330.0,-284.5,-0.3402519897864605,0.3373095239748952,88682.55782312925,Volatile
3277,54767.25,,51457.166666666664,-3310.0833333333358,-6.043910061822231,0.13517863344300451,51630.76190476191,Stable
3278,40734.083333333336,,34596.666666666664,-6137.4166666666715,-15.067030271537565,0.11731602616377217,39786.09523809524,Stable
328,400902.25,RAILWAY / CHAPEL,499803.3333333333,98901.08333333331,24.669625409518982,0.19507787219170386,450760.3537414966,Stable
3280,893995.6666666666,FERNTREE GULLY / HUNTINGDALE,799020.3333333334,-94975.33333333326,-10.623690569715654,0.13661356036501282,841890.1632653062,Stable
3281,499339.5,HUNTINGDALE NEAR ESTELLE,485521.75,-13817.75,-2.7672054784370155,0.14641682802032716,505157.3197278912,Stable
3282,49364.666666666664,,38696.5,-10668.166666666664,-21.61093629721663,0.5234819262682099,50854.54421768708,Volatile
3283,489972.75,MORELAND ST / PARKER ST,361372.5833333333,-128600.16666666669,-26.246391593546107,0.22246598029556552,403836.7363636364,Decline
3284,495597.6666666667,MORELAND ST / WHITEHALL ST,383265.5833333333,-112332.08333333337,-22.66598309246816,0.18462880405240656,413044.9090909091,Stable
3285,925271.0,FOOTSCRAY RD / NAPIER ST / MORELAND ST,801450.25,-123820.75,-13.382106431521143,0.26887673841299053,900474.7454545455,Stable
3286,196535.91666666666,SIMS STREET NEAR FOOTSCRAY ROAD,146928.91666666666,-49607.0,-25.240679078590812,0.28449215990486737,176761.6448598131,Volatile
3287,379149.1666666667,BALCOMBE ROAD / DAVIES STREET,476096.4166666667,96947.25,25.569685633842436,0.20079694162627082,448461.06315789477,Stable
3288,141381.25,GOVERNOR ROAD / BATE DRIVE,646005.5,504624.25,356.92445073162105,0.41637854085065024,536934.6913580247,Growth
3289,232419.0,GLASSCOCKS ROAD / WHEELERS PARK DRIVE,393923.5,161504.5,69.48850997551835,0.5277176376673067,386768.06481481483,Growth
329,1005001.9166666666,DONCASTER / CHURCH,1008591.1666666666,3589.25,0.3571386223724449,0.16351605412824352,962626.8163265307,Stable
3290,815646.1666666666,GRANGE / NEERIM,819210.9166666666,3564.75,0.4370461292754191,0.14763788502617148,789774.9455782312,Stable
3291,616486.1666666666,GLENHUNTLY / GRANGE / WATSON,581558.0,-34928.16666666663,-5.665685388452885,0.12114606002900899,594017.2040816327,Stable
3292,226483.08333333334,NORMANBY / QUEENS,388353.0,161869.91666666666,71.4710848529158,0.32134296693800996,354040.2843137255,Growth
3293,1169890.5833333333,GRANGE BETWEEN GARDEN / WATTLE,1058612.5833333333,-111278.0,-9.511829703162412,0.11671179231327984,1115021.6462585034,Stable
3294,488902.0833333333,RACECOURSE ROAD / HENRY ST / AZOLA DR,481669.0,-7233.083333333314,-1.4794543897252734,0.20881279537378125,558581.6263736264,Stable
3295,337921.5,GREAVES ROAD NR BERWICK SPRINGS BVD,707448.1666666666,369526.6666666666,109.35281320267181,0.2996067612474348,568167.2666666667,Growth
3296,322642.25,VICTORIA RD / SWITCHBACK RD / NELSON RD,346561.1666666667,23918.916666666686,7.4134483833616605,0.18637572945432496,358173.10101010103,Stable
3297,839454.3333333334,HIGH STREET / DEBY PLACE / MARY STREET,725337.9166666666,-114116.41666666674,-13.594118480933853,0.15244488021453592,742979.5294117647,Stable
3299,998346.5,HEIDELBERG NEAR THE ESPLANADE,856148.75,-142197.75,-14.24332634010336,0.1595795888274289,915166.619047619,Decline
330,1346441.0,DONCASTER / WETHERBY / VICTORIA,1338629.3333333333,-7811.666666666744,-0.58017147923056,0.15231657061021836,1321703.761904762,Stable
3300,687399.0,QUEENS / SMITH,569102.5,-118296.5,-17.209291837782715,0.16856070390841438,609006.1700680272,Stable
3301,875384.1666666666,QUEENS / WELLINGTON / DELBRIDGE,752387.6666666666,-122996.5,-14.050573986088013,0.18223290570651482,768578.612244898,Stable
3302,1043354.5,QUEENS / GOLD / MICHAEL,839040.5833333334,-204313.91666666663,-19.582406235528445,0.17566662501131167,907018.4081632653,Decline
3303,1230931.1666666667,QUEENS / HEIDELBERG,830260.0,-400671.16666666674,-32.55024956039379,0.3769501283380013,989057.5714285715,Decline
3304,1058698.6666666667,HEIDELBERG / FENWICK,871509.9166666666,-187188.75000000012,-17.68102255095565,0.21164447601648398,944189.5442176871,Decline
3305,1085205.1666666667,HEIDELBERG / YARRA BEND / JEFFREY,894263.1666666666,-190942.00000000012,-17.595013907508434,0.16758305062025333,960223.2040816327,Decline
3306,1204340.8333333333,HEIDELBERG / STREETATION,1103569.3333333333,-100771.5,-8.367357247290878,0.15715130809420844,1119554.7006802722,Stable
3307,832191.4166666666,HEIDELBERG NEAR YARRAFORD,623098.3333333334,-209093.08333333326,-25.125599609144402,0.1569999510448437,726247.9319727891,Decline
3308,2367276.75,HEIDELBERG / CHANDLER / GRANGE,1884829.5833333333,-482447.16666666674,-20.379838000211286,0.26128336771563093,1913845.5578231292,Decline
3309,842387.1666666666,HEIDELBERG / YARRALEA,762921.0,-79466.16666666663,-9.433449346232914,0.14456267260566097,758979.5306122449,Stable
331,938151.1666666666,DONCASTER / JACKSON,845850.5833333334,-92300.58333333326,-9.838561909088204,0.141823331566803,871959.2448979592,Stable
3310,585916.4166666666,HEIDELBERG NEAR MERTON,577145.25,-8771.166666666628,-1.4969996431515977,0.12689793399988084,567531.5714285715,Stable
3311,727666.25,HEIDELBERG / LWR HEIDELBERG / UPP HEIDELBERG,523714.0833333333,-203952.1666666667,-28.028257001979505,0.1832623997139189,558814.7482993198,Decline
3312,1954228.4166666667,LWR HEIDELBERG / MARSHALL,437367.25,-1516861.1666666667,-77.6194406820663,0.7228749832763777,1424033.9047619049,Decline
3313,860839.8333333334,LWR HEIDELBERG NEAR BURTON,760340.0,-100499.83333333337,-11.674626270972983,0.3714716254031151,583921.1972789116,Volatile
3314,1426263.9166666667,ROSANNA / DAREBIN,1127965.8333333333,-298298.0833333335,-20.914648393439585,0.1639703117442542,1273672.836734694,Decline
3315,1370412.1666666667,ROSANNA ROAD / STREET JAMES ROAD,1016996.25,-353415.91666666674,-25.78902356991626,0.17731084892072432,1242611.068027211,Decline
3316,1426522.3333333333,ROSANNA / BANYULE,1089544.0833333333,-336978.25,-23.622360626670876,0.15887511953981423,1304129.0340136054,Decline
3317,810186.9166666666,BURGUNDY / STREETUDLEY / STREETRADBROKE / MOUNT,765942.25,-44244.66666666663,-5.461044328968115,0.19589014346985664,789367.1360544218,Stable
3318,1319348.3333333333,GRANGE NEAR EVANS,1689574.4166666667,370226.0833333335,28.061284043006097,0.1656424530084572,1520504.0204081633,Growth
332,1915672.75,DONCASTER NEAR LEEDS,1632624.8333333333,-283047.91666666674,-14.775379389129315,0.13439490237876403,1766849.7346938776,Decline
3320,516231.0,VICTORIA NEAR SIMPSON,850564.1666666666,334333.1666666666,64.76425605333013,0.24517552409958723,628471.984,Growth
3321,79362.16666666667,PATTERSON ROAD / TUCKERS ROAD,920154.25,840792.0833333334,1059.4369063344625,0.6802139845602335,455311.4893617021,Growth
3322,1004866.0833333334,GAP ROAD / HORNE STREETREET,1139895.5833333333,135029.49999999988,13.437561704946907,0.4458049884136957,1176039.2235294117,Volatile
3323,377521.1666666667,JOHNSTON STREET / CARPARK ACCESS,452549.75,75028.58333333331,19.874007064504546,0.1755117119286701,443259.5,Stable
3326,34287.416666666664,ARMSTRONG ROAD / FAIRHALL AVENUENUE,315096.9166666667,280809.5,818.987043351667,0.4852891427022074,206369.5975609756,Growth
3327,855961.0,BOUNDARY RD / GARDEN BVD / ACCESS RD,577058.3333333334,-278902.6666666666,-32.58357175930523,0.33497925211683627,919127.012345679,Decline
3328,186852.81818181818,,186852.81818181818,0.0,0.0,0.5445557870169819,186852.81818181818,Volatile
3329,1064075.8333333333,LOWER PLENTY NEAR GRANDVIEW,1078519.25,14443.416666666744,1.3573672302491047,0.11476058430403878,1059056.931972789,Stable
333,935628.5833333334,DONCASTER / DRYDEN,860718.75,-74909.83333333337,-8.006364348816126,0.13197542144970903,882533.2857142857,Stable
3330,1384485.25,LWR PLENTY / UPP. HEIDELBERG / WAIORA / ALTONA,1305840.4166666667,-78644.83333333326,-5.680438511954768,0.12679546201639352,1321012.6394557822,Stable
3331,864839.0,,780939.5,-83899.5,-9.701169813109724,0.1527472728379612,846371.5,Stable
3332,1793062.25,LWR PLENTY / ROSANNA,1486719.0,-306343.25,-17.08491994630973,0.13761889497216748,1690902.9115646258,Decline
3333,2014926.0,GREENSBOROUGH / LWR PLENTY,1717463.5,-297462.5,-14.762949110786202,0.12610406152110318,1950497.8979591837,Decline
3334,799091.0833333334,LWR PLENTY / YALLAMBIE,789399.75,-9691.333333333372,-1.2127945781733525,0.13851163383132792,772915.6598639456,Stable
3335,669220.25,LWR PLENTY / GRANTHAM,678786.0,9565.75,1.4293874101986603,0.1453838008091588,677882.8435374149,Stable
3336,772562.5,LWR PLENTY / TURNHAM / RAILWAY CROSSING,1384402.5833333333,611840.0833333333,79.19619232532426,0.2994076465740227,1155550.6326530613,Growth
3337,821995.75,LWR PLENTY / CREW / MARTINS,770347.0833333334,-51648.66666666663,-6.283325268611989,0.1372617536532732,780364.5034013606,Stable
3339,1975842.0833333333,DIAMOND CREEK / PLENTY RIVER,1732114.75,-243727.33333333326,-12.335365026852472,0.12031145432991205,1983161.142857143,Decline
334,918668.25,DONCASTER / DONCASTER BUS DEPOT,901453.9166666666,-17214.333333333372,-1.8738356673732188,0.13349582057727574,884810.0068027211,Stable
3340,1588506.1666666667,GREENSBOROUGH / YALLAMBIE,1293036.8333333333,-295469.3333333335,-18.60045239568371,0.17599550208691098,1520480.387755102,Decline
3341,1544905.25,GREENSBOROUGH HIGHWAY / WATSONIA,1306748.5,-238156.75,-15.415621767095425,0.1566597173263389,1483886.5850340135,Decline
3344,1054638.6666666667,GRIMSHAW STREET / GREENSBOROUGH ROAD,1245499.1666666667,190860.5,18.09724088755833,0.3923398085650407,1370437.3197278911,Growth
3345,1211922.3333333333,GRIMSHAW / HENRY / THE CIRCUIT,1465861.0833333333,253938.75,20.953384801611325,0.5414511004703698,1296840.612244898,Growth
3347,1240169.5833333333,MAIN / PARA / CIRCUIT / HAILES,1161395.5,-78774.08333333326,-6.351879968028561,0.13263183714143836,1210997.2721088436,Stable
3348,593462.5,CHUTE NEAR INGLES,596547.6666666666,3085.166666666628,0.5198587386172888,0.15005048239479998,591909.2613636364,Stable
3349,955228.1666666666,DIAMOND CREEK / STREET HELENA,1023363.4166666666,68135.25,7.132876979304596,0.1471559265993439,953063.8843537415,Stable
335,1320412.75,DONCASTER / BLACKBURN,1323632.25,3219.5,0.24382527357449404,0.13837385226638388,1301728.081632653,Stable
3350,1507780.1666666667,GREENSBOROUGH / ERSKINE,1127330.3333333333,-380449.8333333335,-25.23244712618916,0.1713073645764076,1487743.9591836734,Decline
3352,1306028.3333333333,MAIN HURSTBRIDGE / ELIZABETH,1268327.5,-37700.833333333256,-2.886678058286121,0.11118723172496496,1310347.530612245,Stable
3353,614147.5,MOUNTAIN VIEW / STREET HELENA,768397.25,154249.75,25.116075535600164,0.15856106517879665,694175.8911564626,Stable
3354,739811.9166666666,RYANS / WALLOWA / ALLENDALE,541841.5,-197970.41666666663,-26.759560397276644,0.1724669322958335,687768.4013605443,Decline
3355,538050.5,STREET HELENA / KARINGAL,701385.75,163335.25,30.356862413472342,0.16436783610814912,616380.3945578231,Growth
3356,459651.1666666667,HEIDELBERG-KINGLAKE NEAR THE PARKWAY,383539.9166666667,-76111.25,-16.558480760953866,0.1269630464200117,451780.6258503401,Stable
3357,3218448.9166666665,MRR / GREENSBOROUGH HIGHWAY,2817517.4166666665,-400931.5,-12.457289532351597,0.1319626208661869,3372354.707482993,Decline
3358,583511.5833333334,THE CIRCUIT / LORIMER / G'BOROURGH SHOP,504876.0833333333,-78635.50000000006,-13.47625347054665,0.12780191370380692,560020.2380952381,Stable
3360,2888126.0833333335,BANKSIA / LWR HEIDELBERG,2868136.5,-19989.58333333349,-0.6921298709460251,0.1700889396269136,3077308.0816326533,Stable
3361,2621769.8333333335,BANKSIA / DORA,1742070.4166666667,-879699.4166666667,-33.553647825301724,0.1666769025291682,2265833.6258503404,Decline
3362,1523603.9166666667,BANKSIA / CAPE,1120436.75,-403167.16666666674,-26.46141574305702,0.16094199833420603,1441698.875862069,Decline
3363,1330363.5,BANKSIA NEAR MOUNT,1247466.25,-82897.25,-6.231172908757644,0.1198347841785083,1325271.619047619,Stable
3364,687100.4166666666,KARINGAL / WEIDLICH,836834.8333333334,149734.41666666674,21.79221741606183,0.16697060635629904,737230.9523809524,Stable
3366,48192.63636363636,,48192.63636363636,0.0,0.0,0.5963526204716099,48192.63636363636,Volatile
3367,305761.75,VINEYARD ROAD NEAR CIVIC STREET,375431.4166666667,69669.66666666669,22.785605677187117,0.15972703761195553,361653.9393939394,Stable
3368,731490.4166666666,HOPKINS ST NR MARIBYRNONG ST,1007513.75,276023.3333333334,37.734374510488585,0.2247183683387218,989507.9066666666,Growth
3369,36864.75,TUCKER RD / APPLEJACK BVD / CREEKSIDE ST,154914.41666666666,118049.66666666666,320.2237005992626,0.4013403631039613,102871.625,Volatile
337,1475029.9166666667,DONCASTER / TUNSTALL,1508792.0,33762.083333333256,2.288908377508044,0.11340185230645923,1454817.3605442178,Stable
3370,580574.1666666666,,720785.4166666666,140211.25,24.150445894796675,0.47467878211485515,665051.2926829269,Volatile
3373,2176626.4166666665,HODDLE NEAR STANTON S / B,1696968.1666666667,-479658.24999999977,-22.036774263475078,0.1487621901248306,1873250.3605442178,Decline
3374,2278042.0,HODDLE NEAR STANTON N / B,2028596.5,-249445.5,-10.949995654162652,0.13863799412864178,1995404.931972789,Decline
3375,2001316.1666666667,HODDLE NEAR STUDLEY S / B,1702498.5833333333,-298817.5833333335,-14.931053289347842,0.18457329666142888,1942142.5576923077,Decline
3376,2194119.0833333335,HODDLE NEAR STUDLEY (NORTHBOUND),4029919.0,1835799.9166666665,83.66911033277628,0.3380085952735118,3325783.673469388,Growth
3377,460629.0,WELLINGTON / GIPPS,305830.8333333333,-154798.1666666667,-33.60582305210195,0.23579844077026504,383464.1768707483,Decline
338,824727.75,DONCASTER / MITCHAM / OLD WARRANDYTE,790059.25,-34668.5,-4.20362962201769,0.13773087148825255,775711.0408163265,Stable
3380,3852029.8333333335,EASTERN FREEWAY OFF RAMP / HODDLE,4847931.083333333,995901.2499999995,25.85393398000248,0.2575503895941301,4341295.408163265,Growth
3381,3143981.75,HODDLE / TRURO,3267137.5,123155.75,3.9171903590089223,0.19256314117232615,3132929.3469387754,Stable
3382,3044689.5,HODDLE / JOHNSTON,2913661.0833333335,-131028.41666666651,-4.303506701312778,0.21411122651533335,2828912.7278911564,Decline
3383,2834495.6666666665,HODDLE / GIPPS,2813307.0,-21188.66666666651,-0.7475286314896411,0.1288822877018331,2822517.1904761903,Stable
3384,2803976.5833333335,HODDLE / LANGRIDGE,2756949.4166666665,-47027.16666666698,-1.6771597504128104,0.12674204356358207,2729822.068027211,Stable
3385,3203199.0833333335,HODDLE / VICTORIA,2971170.6666666665,-232028.41666666698,-7.243646449386845,0.1277490115246064,3055898.3605442178,Decline
3386,3763901.0833333335,HODDLE / ALBERT / ELIZABETH,3502308.0,-261593.0833333335,-6.950052021602679,0.12349391445118935,3700502.7346938774,Decline
3387,1003299.4166666666,PUNT / UNION,1067931.0833333333,64631.66666666663,6.441912114470975,0.1345811451245194,1049075.2448979593,Stable
3389,2555182.1666666665,HODDLE / FREEMAN,1609165.25,-946016.9166666665,-37.02346271071475,0.16495522806640034,2342701.8911564625,Decline
339,1349168.1666666667,SPRINGVALE / MITCHAM,1468818.3333333333,119650.16666666651,8.86843980037575,0.1363301501742634,1379813.9591836734,Stable
3390,2695202.75,PUNT / BRIDGE / HODDLE / WELLINGTON,2545048.1666666665,-150154.5833333335,-5.571179508975104,0.11653491913827566,2625778.2517006802,Decline
3391,1955658.3333333333,PUNT / ROWENA,2071265.0833333333,115606.75,5.911398122541856,0.12814478987684821,2021624.8911564625,Stable
3392,2511962.0833333335,PUNT / BRUNTON,3269963.4166666665,758001.333333333,30.175667792225486,0.19224313879924793,2866583.3741496596,Growth
3393,2728543.8333333335,PUNT / SWAN,3950882.6666666665,1222338.833333333,44.79821135363837,0.2369502151017221,3330396.1224489794,Growth
3394,176427.16666666666,MONASH ON RAMP NEAR PUNT,135294.66666666666,-41132.5,-23.314153243595328,0.19945420574373093,152572.25170068027,Stable
3395,2004760.1666666667,PUNT / ALEXANDRA,2067339.3333333333,62579.16666666651,3.121528834579623,0.1282972854000583,2024953.2653061224,Stable
3396,1282534.25,PUNT / DOMAIN,1352151.4166666667,69617.16666666674,5.428094155510213,0.1263806194125597,1315797.6734693877,Stable
3397,1762013.3333333333,PUNT / TOORAK,1615201.0,-146812.33333333326,-8.332078455705968,0.14055117345150214,1670137.3945578232,Decline
3398,1052310.6666666667,PUNT / PASLEY NTH,1678715.25,626404.5833333333,59.526583087630634,0.2586018158129689,1393530.2448979593,Growth
3399,1467867.8333333333,PUNT / COMMERCIAL,1567006.5,99138.66666666674,6.7539232358226675,0.12289490817775484,1562024.8299319728,Stable
340,657261.8333333334,BLACKBURN / KING,563090.5833333334,-94171.25,-14.327813547670374,0.15177098819115126,610945.2380952381,Stable
3400,1069305.9166666667,PUNT / MOUBRAY / GREVILLE,1162711.75,93405.83333333326,8.735183437917001,0.13626723375090502,1079942.5714285714,Stable
3401,1913184.6666666667,PUNT / HIGH,2938740.3333333335,1025555.6666666667,53.6046354821298,0.232854339858597,1965714.857142857,Growth
3403,280076.0833333333,KENSINGTON ROAD / ALTONA STREET,230969.75,-49106.333333333314,-17.53321195758414,0.158900698880173,238882.42176870749,Stable
3404,327531.3333333333,KENSINGTON / HOBSONS / CHILDERS,312180.5833333333,-15350.75,-4.686803501751487,0.13378695482024847,314686.8299319728,Stable
3405,1090050.0,DYNON / DOCK LINK,1058764.4166666667,-31285.583333333256,-2.8701053468495257,0.15638127527471615,1059159.6394557822,Stable
3406,748766.5833333334,RATHDOWNE NEAR FARADAY ST,573785.5,-174981.08333333337,-23.369243129729238,0.5248205905520338,699349.6326530612,Decline
3408,990642.5,OLYMPIC BLVD / MELBOURNE PARK ENT D,984321.9166666666,-6320.583333333372,-0.6380286867697855,0.1478071437231048,966783.4965986394,Stable
3409,970810.9166666666,OLYMPIC BLVD / RECTANGULAR STREETADIUM EAST AC,893386.8333333334,-77424.08333333326,-7.975197023862603,0.1600075372653563,910262.1088435374,Stable
3410,199293.08333333334,FLINDERS LANE / MARKET,92220.91666666667,-107072.16666666667,-53.725982294919916,0.3599288386151599,145212.7619047619,Volatile
3416,259649.58333333334,STURT NEAR GRANT,207819.58333333334,-51830.0,-19.961518649333478,0.19336289062813908,233929.74829931973,Stable
3417,622105.0,ELGIN / DRUMMOND,461291.1666666667,-160813.8333333333,-25.849950303137465,0.19191680764602218,514952.3197278912,Decline
3419,301643.0,MCKINNON NEAR GLEN ORME,882894.5,581251.5,192.69517277046043,0.29925569958190756,791899.8775510204,Growth
342,715389.0833333334,BLACKBURN NEAR CANOPUS,934374.3333333334,218985.25,30.610650218430084,0.19621650286188663,826961.0136054421,Growth
3424,702345.3333333334,BARKLY / ALMA / PRINCES,594516.5,-107828.83333333337,-15.352680257954782,0.15986493192711998,660222.1020408163,Stable
3425,1134946.0833333333,BARKLY / GREY / INKERMAN,982613.5833333334,-152332.49999999988,-13.422003233193228,0.1407243534914328,1002001.1088435374,Decline
3426,925831.5,BARKLY / CARLISLE,742119.75,-183711.75,-19.842892578185122,0.3886234209835684,958216.8163265307,Decline
3427,744645.9166666666,BARKLY / ACLAND / MITFORD,456745.1666666667,-287900.74999999994,-38.66277160140205,0.36110291593780575,614065.6802721089,Decline
3428,816536.0833333334,FITZROY / ACLAND / BEACONSFIELD,666882.25,-149653.83333333337,-18.327889775844774,0.17301738575082182,750292.074829932,Decline
3429,426241.9166666667,WHITEHALL NEAR FREDERICK,304475.9166666667,-121766.0,-28.567345265394085,0.18226509682278247,370638.14285714284,Stable
343,732454.4166666666,MITCHAM / SPRINGFIELD,837602.8333333334,105148.41666666674,14.355625998568977,0.13609389212412826,777880.3401360544,Stable
3431,751545.75,HYDE / FRANCIS,589524.5,-162021.25,-21.558401467907977,0.14038742823061576,664111.918367347,Decline
3432,567475.8333333334,FRANCIS NEAR BALLARAT,412405.3333333333,-155070.50000000006,-27.326361915558824,0.22859782389362332,483707.74149659864,Decline
3434,256638.41666666666,BARKLY NEAR ALBERT,652323.0,395684.5833333334,154.17979446439074,0.3919629876889467,571071.4957983193,Growth
3435,597860.6666666666,WHITEHALL / SOMERVILLE,450682.25,-147178.41666666663,-24.617511214987655,0.18048190209189274,497589.8367346939,Decline
3436,252553.91666666666,KENSINGTON NEAR DEVON,213498.08333333334,-39055.833333333314,-15.46435464110468,0.16437741767928304,215539.7006802721,Stable
3437,380507.5833333333,FARNSWORTH / MEYERS,376986.6666666667,-3520.916666666628,-0.9253210240444077,0.14854910573515875,390267.03401360544,Stable
3438,400915.3333333333,FRANCIS / WHITEHALL,317218.75,-83696.58333333331,-20.87637373144454,0.1828313720753369,350317.15646258503,Stable
3439,580031.4166666666,JASPER / PATTERSON,558803.6666666666,-21227.75,-3.6597586596243277,0.14633944230170332,565641.0544217688,Stable
3440,753369.75,JASPER / MCKINNON,603567.8333333334,-149801.91666666663,-19.884248958319155,0.13163548173720463,739153.4557823129,Decline
3441,927342.3333333334,CENTRE / JASPER,877492.0,-49850.33333333337,-5.375612817560725,0.12732669019480714,890909.0,Stable
3442,460745.3333333333,JASPER NEAR BREWER,619434.3333333334,158689.00000000006,34.44180299167437,0.20538062346222818,491149.43537414965,Growth
3443,380884.5,CENTRE NEAR GILBERT,340678.25,-40206.25,-10.55602157609459,0.11231457249975749,360193.0612244898,Stable
3445,2131777.5833333335,OLYMPIC BLVD(SWAN) NEAR BATMAN,1945938.5,-185839.0833333335,-8.717564383182415,0.1498827485518345,1967279.081632653,Decline
3446,380531.3333333333,WHITEHALL / PARKER,271300.8333333333,-109230.5,-28.70473215521455,0.23454589706543702,309852.8814814815,Stable
3447,379471.5833333333,DOHERTYS ROAD / MORRIS ROAD,980422.3333333334,600950.75,158.36515206782062,0.35385416125866104,769589.4383561644,Growth
3448,305748.25,SMITH BETWEEN KEELE / ROSE,664116.0,358367.75,117.21007397425825,0.28664361823949625,605418.8411214954,Growth
3449,600673.3333333334,JOHNSTON / PATTERSON,499355.0,-101318.33333333337,-16.867459850612097,0.2151912059191209,510696.21768707485,Stable
345,930880.1666666666,MITCHAM / DONCASTER EAST,708855.5833333334,-222024.58333333326,-23.851038112496035,0.32786906794446596,696632.8843537415,Decline
3450,1309247.6666666667,NICHOLSON / ELGIN / JOHNSTON,1187688.25,-121559.41666666674,-9.284676976064885,0.15411063072111206,1211768.931972789,Stable
3451,1319027.1666666667,BRUNSWICK / JOHNSTON,1107442.0,-211585.16666666674,-16.041001429968023,0.14550234754982966,1189721.0612244897,Decline
3452,735335.4166666666,JOHNSTON / NAPIER,590701.4166666666,-144634.0,-19.669119251135395,0.16996896469563108,646675.8911564626,Decline
3453,1085383.6666666667,JOHNSTON / SMITH,851062.0,-234321.66666666674,-21.588832950314657,0.16813262510134064,973240.2040816327,Decline
3454,960975.25,JOHNSTON / WELLINGTON,683826.8333333334,-277148.4166666666,-28.840328267212566,0.2108777697626504,836544.7074829933,Decline
3456,567371.5833333334,JOHNSTON NEAR LULIE,465617.1666666667,-101754.41666666669,-17.934351958350636,0.16692294689816892,492328.43537414965,Stable
3457,794128.6666666666,JOHNSTON / NICHOLSON,659763.5833333334,-134365.08333333326,-16.919812742351567,0.20838994466226532,687075.5986394557,Decline
346,532347.6666666666,MITCHAM / VICTORIA,593820.0,61472.33333333337,11.54740354517694,0.15469861784646552,559983.306122449,Stable
3461,477884.5833333333,GRIMSHAW STREET / FLINTOFF STREET,422262.5833333333,-55622.0,-11.63921204823689,0.20567404222041205,456320.2718446602,Stable
3463,181523.5,ANDERSON ST NR FAIRLIE CRT-CLOWES ST,252893.08333333334,71369.58333333334,39.31699385111754,0.29099587019117124,200685.06097560975,Volatile
3464,51460.181818181816,,51460.181818181816,0.0,0.0,1.2452374052582653,51460.181818181816,Volatile
3465,2023039.8333333333,RACECOURSE ROAD NEAR VICTORIA STREET,2141134.4166666665,118094.58333333326,5.83748186207241,0.1545297930286375,2207666.0967741935,Stable
3466,308271.5833333333,LEAKES ROAD / TAYLORS ROAD,732391.9166666666,424120.3333333333,137.58009374309827,0.33388691726122927,588803.9193548387,Growth
3467,109645.5,TAYLORS RD / FIELDS ST / AINTREE BOULEVARD,630219.4166666666,520573.9166666666,474.7790987014211,0.4369745432762084,443756.5131578947,Growth
3469,643849.8333333334,POINT COOK RD NEAR TRISTANIA DR,806745.25,162895.41666666663,25.300218813962566,0.19260666427796116,768448.0357142857,Growth
3471,1049079.6666666667,ST KILDA RD NEAR BOWEN CRESCENT,670309.0,-378770.66666666674,-36.105043182294075,0.28757425071321363,757769.695652174,Decline
3473,12859.5,DOHERTYS / JESSICA,795383.0833333334,782523.5833333334,6085.178920901539,0.631775894664536,411926.02797202795,Growth
3476,187058.41666666666,CENTRAL NEAR KIORA,467348.25,280289.8333333334,149.84080285080287,0.3325230260877136,422567.2291666667,Growth
3478,596360.5833333334,MERTON / NEWLAND,534814.3333333334,-61546.25,-10.32030816926057,0.13427213918125275,560843.0476190476,Stable
3479,401557.9166666667,DOHERTYS ROAD EAST / WHITTAKER DRIVE,554791.8333333334,153233.9166666667,38.15985448342342,0.29482037483199636,435260.0444444445,Volatile
348,558126.5833333334,HUNTINGDALE / BROCKHOFF,691771.25,133644.66666666663,23.945225090066923,0.17415428713781247,625885.7142857143,Stable
3480,1039730.25,KOROROIT CK / MAIDSTONE,1062668.75,22938.5,2.2061972324071557,0.16960100428091518,1114737.6394557822,Stable
3482,516252.1666666667,KOROROIT CREEK / DRAKE,619034.3333333334,102782.16666666669,19.909294973096163,0.15740861915960114,604138.9863945579,Stable
3483,1283738.4166666667,PFW SB RAMPS / KOROROIT CREEK,1389707.5833333333,105969.16666666651,8.254732061522645,0.12132645694708898,1391414.857142857,Stable
3484,395892.5,MAIDSTONE NEAR GATE 6,374640.0833333333,-21252.416666666686,-5.3682291699556535,0.13400364353601477,393020.4285714286,Stable
3485,822784.5,PFW NB RAMPS / KOROROIT CREEK,894595.4166666666,71810.91666666663,8.727791623039401,0.12000352413055711,906850.3129251701,Stable
3486,821132.4166666666,WILLIAMSTOWN / SHOPPING CENTRE ENT,738277.5,-82854.91666666663,-10.090323434435916,0.12976982857595235,784169.2857142857,Stable
3487,1531610.5833333333,WILLIAMSTOWN NEAR THOMAS,1350330.0,-181280.58333333326,-11.835944809078152,0.15962146973247018,1399487.8911564625,Decline
349,211206.33333333334,ROOKS NEAR CARWEEN,149667.16666666666,-61539.166666666686,-29.136989263263896,0.25565402730514925,208273.75342465754,Stable
3490,253245.25,PERRY ROAD / NAXOS WAY,281685.25,28440.0,11.230220507590962,0.17562860835654887,283720.67346938775,Stable
3491,154041.5,PERRY ROAD / FREIGHT DRIVE,294071.3333333333,140029.8333333333,90.9039663553869,0.2516577416437347,275917.80733944953,Stable
3492,39187.666666666664,,39187.666666666664,0.0,0.0,0.8554917393932586,39187.666666666664,Volatile
3494,347558.6666666667,DONNYBROOK ROAD / CLOVERTON BLVD / ENGLISH STREET,829570.5833333334,482011.9166666667,138.6850517322735,0.36162543211164955,562961.9152542372,Growth
3498,461224.0833333333,ELGIN / CARDIGAN,378566.6666666667,-82657.41666666663,-17.921314097323258,0.15737753492744364,444334.3537414966,Stable
3499,446066.75,BLACKSHAWS / MILLS / KYLE,514192.3333333333,68125.58333333331,15.272508729541782,0.13401291916641203,492679.65986394556,Stable
3500,1204336.25,MILLERS NEAR EAMES,1136156.5,-68179.75,-5.66118889139142,0.14939452947025153,1183849.3129251702,Stable
3501,1352867.3333333333,MILLERS / BLACKSHAWS,1014490.0833333334,-338377.2499999999,-25.01185753123858,0.14874428601169118,1115613.551020408,Decline
3502,1016990.75,MILLERS / MASON,998167.25,-18823.5,-1.8509017904046816,0.12485385497821344,991908.3673469388,Stable
3503,1444290.0833333333,MILLERS NEAR HOBB,1341689.3333333333,-102600.75,-7.1038880058778595,0.1798527673086051,1369049.857142857,Stable
3506,1119588.8333333333,,1156321.25,36732.416666666744,3.280884515193308,0.1197758214919369,1149794.0952380951,Stable
3507,567893.25,KOROROIT CREEK NEAR ADELINE,685594.0,117700.75,20.725858248887445,0.16239436388138026,588320.1632653062,Stable
3508,327433.9166666667,BLACKSHAWS / CHAMBERS,347303.4166666667,19869.5,6.068247358818204,0.1547553795633703,345090.2244897959,Stable
351,971022.5,BLACKBURN / GEORGE,928636.25,-42386.25,-4.365115123490959,0.13571818811063957,948701.9387755102,Stable
3510,1575043.0,MT ALEXANDER / PUCKLE / DEAN,2037062.6666666667,462019.66666666674,29.333781151795012,0.31905564067441744,1604208.761904762,Growth
3511,1933547.5833333333,MT ALEXANDER / KELLAWAY / TAYLORS,1958464.75,24917.166666666744,1.2886761557587774,0.12292427348294946,2032331.3673469387,Stable
3513,1512051.0833333333,MT ALEXANDER / BUCKLEY,1265586.0833333333,-246465.0,-16.300044536634648,0.16887246293315591,1330319.8095238095,Decline
3514,1763407.3333333333,MT ALEXANDER / NAPIER / FLETCHER,1750931.0833333333,-12476.25,-0.7075081159164965,0.13089240050636794,1762252.7278911564,Stable
3515,1168210.5833333333,MT ALEXANDER / BREWSTER / THISTLE,1139624.1666666667,-28586.41666666651,-2.4470259963832017,0.13699513148212608,1174376.0136054421,Stable
3516,3264208.5,BULLA NEAR HOLYROOD,3496208.0,231999.5,7.10737380899535,0.13149922655859667,3361489.829931973,Growth
3518,176855.16666666666,MT ALEXANDER / TRAM DEPOT,357803.75,180948.58333333334,102.31455871141264,0.22636398323238258,344980.7619047619,Growth
3519,3623609.25,MT ALEXANDER NEAR LINCOLN,2893739.5,-729869.75,-20.142065538661488,0.13498430093526512,3496105.3333333335,Decline
352,841923.6666666666,BLACKBURN NEAR MONTGOMERY,743471.25,-98452.41666666663,-11.693746186807905,0.1351969081024602,807225.5986394557,Stable
3524,2051602.1666666667,RACECOURSE NEAR PIN OAK,1745187.75,-306414.41666666674,-14.935372054344848,0.11019392511276749,1906625.068027211,Decline
3526,978829.8333333334,MILLERS / CABOT DRIVE,1011321.6666666666,32491.833333333256,3.319456786751656,0.13537195142294875,976333.619047619,Stable
3527,647478.0,KOROROIT / MADDOX,739170.5833333334,91692.58333333337,14.16149789387954,0.13886532539419927,681988.4217687075,Stable
3528,559174.5833333334,LINCOLN NEAR SPENCER,660250.25,101075.66666666663,18.075869268616902,0.15349920592085037,609055.4855072463,Stable
3529,343363.75,BOUNDARY RD / DERRIMUT DV / MOORINNA - DERRIMUT,407983.3333333333,64619.583333333314,18.819570596294255,0.21500599166105658,468214.7699115044,Stable
353,1122641.0,BLACKBURN / CENTREWAY,1128303.4166666667,5662.416666666744,0.5043835622132761,0.13654932540439474,1118098.5034013605,Stable
3531,523327.5,,407867.4166666667,-115460.08333333331,-22.062682227349665,0.25166385097035116,535173.0845070423,Stable
3532,624497.0833333334,NICHOLSON ST NEAR CARLTON ST,722293.6666666666,97796.58333333326,15.660054457153175,0.3032506516140514,634149.4395604396,Volatile
3533,410891.5833333333,SUSSEX STREET NEAR MARION STREET,693809.0833333334,282917.50000000006,68.85453766291556,0.2646845670242815,579123.0625,Growth
3535,1391980.75,WELLINGTON RD / MAZDA RD / NESTLE RD,2023856.6666666667,631875.9166666667,45.394012572851075,0.2553685762555696,1707924.0161290322,Growth
3536,763689.4166666666,CLARENDON / COVENTRY,552406.8333333334,-211282.58333333326,-27.666035265426935,0.1705213963047225,632550.8299319728,Decline
3537,972000.3333333334,FERRARS NEAR COVENTRY,981603.5833333334,9603.25,0.9879883443112674,0.14673188837925297,950122.0544217688,Stable
3538,1044663.0833333334,BEACONSFIELD NEAR HAROLD,1041650.0833333334,-3013.0,-0.2884183473188365,0.15354494876480734,1035559.7346938775,Stable
3539,1175111.5833333333,BEACONSFIELD NEAR LANGRIDGE,1158673.0,-16438.583333333256,-1.398895523325828,0.15503598285800926,1156547.0476190476,Stable
354,773034.6666666666,BLACKBURN / SOUTH,757632.4166666666,-15402.25,-1.9924397525941056,0.24399251856715637,824522.4726027397,Stable
3541,2398302.0,MONTAGUE / NORMANBY / MUNRO,2150464.1666666665,-247837.8333333335,-10.333887614376067,0.15989369401068274,2237861.0816326533,Decline
3542,816172.75,WILLIAMSTOWN / INGLES / NORMANBY,762271.3333333334,-53901.41666666663,-6.604167643022464,0.14609097689681705,779976.8639455782,Stable
3543,352878.3333333333,BEACH NEAR CANBERRA,227798.25,-125080.08333333331,-35.44566824259541,0.22225105095463735,284479.96598639456,Stable
3544,433704.5833333333,NORMANBY / MELB CONVENTION CENTRE,358194.6666666667,-75509.91666666663,-17.41044931697939,0.23149415584305852,384330.38095238095,Stable
3546,320398.3333333333,HAWTHORN / UNION,297695.4166666667,-22702.916666666628,-7.0858410624274875,0.1498711128536388,300654.55782312923,Stable
3549,448776.3333333333,NORTH NEAR ST JAMES,370579.6666666667,-78196.66666666663,-17.42441854851228,0.14266793358020405,426357.4081632653,Stable
355,708547.5833333334,BLACKBURN NEAR BINDY,761431.8333333334,52884.25,7.463754198582993,0.1596153689244368,709085.6326530612,Stable
3550,629592.25,NORTH / NEW,541773.5833333334,-87818.66666666663,-13.94849867778179,0.3001260095426197,704953.8896551724,Volatile
3551,1203617.1666666667,NORTH / KOOYONG,1066946.8333333333,-136670.3333333335,-11.35496710401966,0.13937020499127,1157434.149659864,Decline
3552,876632.0,NORTH NEAR LANDCOX,803140.5833333334,-73491.41666666663,-8.383382840994468,0.1180038033131206,855998.7006802721,Stable
3553,1251101.4166666667,NORTH / HAWTHORN,1111595.0833333333,-139506.3333333335,-11.150681429569703,0.12950687796941387,1212958.2108843538,Decline
3554,1350885.3333333333,NORTH / BAMBRA / THOMAS,1247961.8333333333,-102923.5,-7.61896642596855,0.12912313839955683,1322021.9659863946,Stable
3555,1256528.4166666667,NORTH / BOORAN / WHEATLEY,890085.3333333334,-366443.0833333334,-29.163135387374517,0.14958671778715005,1203104.768707483,Decline
3556,995722.1666666666,NORTH NEAR DALMOR,2233471.4166666665,1237749.25,124.30668829474354,0.29569359410721174,2147231.7278911564,Growth
3557,808631.5,NORTH NEAR CARLYON,743430.8333333334,-65200.66666666663,-8.063087656944681,0.13301200958456363,832776.3945578231,Stable
3558,1490161.4166666667,NORTH / JASPER / GRANGE,1384664.6666666667,-105496.75,-7.079551840496921,0.12333674201087738,1469216.7074829931,Stable
3559,1455895.5833333333,NORTH / KOORNANG / TUCKER,1344042.0833333333,-111853.5,-7.6827968489269525,0.1322119378844735,1434535.619047619,Stable
356,994820.4166666666,HIGHBURY / BLACKBURN,1022126.5,27306.083333333372,2.744825385151177,0.14247577577099046,994886.2176870748,Stable
3560,1597314.25,NORTH / EAST BOUNDARY / MURRUMBEENA,1670782.4166666667,73468.16666666674,4.5994810768555245,0.12321167827455615,1659429.6394557822,Stable
3561,1265028.0,NORTH / POATH / POET,1208673.25,-56354.75,-4.454822343853258,0.16490881954763298,1202256.2653061224,Stable
3562,1179212.25,NORTH NEAR SHAFTON,1082179.75,-97032.5,-8.228586499165015,0.1543748623398466,1105825.9863945579,Stable
3563,1342129.3333333333,NORTH NEAR JASSA,1234809.0833333333,-107320.25,-7.996267374132845,0.12777363840088926,1336787.9863945579,Stable
3564,1305581.75,NORTH / GOLF / GOLF LINKS,1219304.4166666667,-86277.33333333326,-6.608344007055342,0.13053705872871188,1259069.3537414966,Stable
3565,985498.8333333334,NORTH NEAR WINDSOR,980491.25,-5007.583333333372,-0.5081267642292191,0.13966060686622783,989672.462585034,Stable
3566,1528973.0833333333,NORTH / MILGATE / FENTON,1311525.75,-217447.33333333326,-14.221789494114157,0.1531579093458226,1408110.9659863946,Decline
3567,533979.0833333334,MURRUMBEENA / KANGAROO,587961.0,53981.91666666663,10.109369140395472,0.1574022882071111,560223.8843537415,Stable
3568,511963.5833333333,HAMPTON / DURRANT / CLUDEN,484378.6666666667,-27584.916666666628,-5.388062269402943,0.13591961610157896,495340.43537414965,Stable
357,628149.4166666666,BLACKBURN NEAR HAWTHORN,588129.0,-40020.41666666663,-6.371161956822104,0.15050391927671683,591519.8775510204,Stable
3570,1957196.9166666667,CLAYTON / NORTH,2581692.3333333335,624495.4166666667,31.907643597265363,0.16955344453944077,2135622.843537415,Growth
3571,731254.0833333334,VICTORIA NEAR CROMWELL,1011454.8333333334,280200.75,38.31783731350104,0.19774039630378762,943907.5847457628,Growth
3573,711111.3333333334,MT.DANDENONG RD BTW FARNLEY ST & JARVIS,709533.0833333334,-1578.25,-0.22194133689333223,0.13502672605538726,705060.6111111111,Stable
3575,172559.0,HACKETTS ROAD / TOM ROBERTS PARADE,267733.3333333333,95174.33333333331,55.15466207693213,0.27456453210313136,242338.3260869565,Stable
3577,492331.9166666667,COOK STREET / SERVICE STATION ACCESS,564692.75,72360.83333333331,14.69757106613204,0.15359414220092832,552636.4390243902,Stable
3578,423559.5833333333,SNEYDES ROAD / HOPPERS LANE,526794.25,103234.66666666669,24.3731155494652,0.19113508856836997,547688.3361344538,Stable
358,1214085.5833333333,BLACKBURN / HIGH STREET ROAD,1438082.5,223996.91666666674,18.44984568976364,0.15696503999720074,1281187.469387755,Growth
3584,476984.3333333333,FERRES BOULEVARD BETWEEN FINDON & MCDONA,401230.6666666667,-75753.66666666663,-15.881793462119292,0.31362093086453574,413391.8347107438,Volatile
3586,36577.916666666664,VANTAGE BOULEVARD / ELEVATION BOULEVARD,243534.16666666666,206956.25,565.7956189413011,0.5237775848642416,185338.9175257732,Growth
3587,590292.5,COLERAINE BETWEEN PASCOE VALE / PEARCEDALE,668711.3333333334,78418.83333333337,13.284741604091762,0.16898219300732206,643193.5254237289,Stable
3588,1029270.0,PASCOE VALE NEAR ANSELM,1088386.6666666667,59116.666666666744,5.743552874043424,0.13227715873621412,1019427.0612244898,Stable
359,1027912.75,BLACKBURN / COLEMAN,922200.0833333334,-105712.66666666663,-10.284206190327597,0.14053085994080036,998811.2925170067,Stable
3590,837767.9166666666,PASCOE VALE / ALBION / FLETCHER,878876.0833333334,41108.166666666744,4.906868101398418,0.11798540326842118,878589.2585034013,Stable
3591,718867.6666666666,PASCOE VALE NEAR RALEIGH,703804.3333333334,-15063.333333333256,-2.0954250735995346,0.13413880932989822,706769.1836734693,Stable
3592,896045.6666666666,PASCOE VALE / MORELAND,841393.75,-54651.91666666663,-6.0992334096067236,0.12852188661775082,868632.7551020408,Stable
3593,809367.4166666666,PASCOE VALE / WOODLAND,784991.5833333334,-24375.833333333256,-3.011714189548639,0.14451471540734157,798831.5034013606,Stable
3594,1232823.0833333333,PASCOE VALE / PECK / GAFFNEY,1203760.75,-29062.333333333256,-2.357380692025485,0.12814999347126055,1230618.4353741496,Stable
3595,1190605.1666666667,PASCOE VALE / STREETEWART,1180525.6666666667,-10079.5,-0.8465862808423334,0.1254883842248889,1200472.7278911564,Stable
3596,1040580.6666666666,PASCOE VALE NEAR MAIN,986309.0,-54271.66666666663,-5.215517489914282,0.20366497665119512,995693.1496598639,Stable
3597,1136594.5,PASCOE VALE / DEVON / WINIFRED,1170503.4166666667,33908.916666666744,2.9833785634777175,0.14537226735070533,1229486.4421768708,Stable
3598,848560.5833333334,PASCOE VALE NEAR WILLETT,811309.4166666666,-37251.166666666744,-4.389924231495168,0.12266225180576204,841382.6394557824,Stable
3599,1417747.3333333333,PASCOE VALE / GLENROY,1507678.8333333333,89931.5,6.343267088964137,0.16973175186715694,1390706.8231292516,Stable
360,1390993.5,BLACKBURN / WAVERLEY,1315739.6666666667,-75253.83333333326,-5.410078000604119,0.16528597230013828,1383106.3197278911,Stable
3600,1156891.8333333333,PASCOE VALE / DIMBOOLA,1534399.5,377507.66666666674,32.63119816300891,0.19863947675972968,1416377.4897959183,Growth
3603,1626341.4166666667,PASCOE VALE NEAR BELAIR,1366576.1666666667,-259765.25,-15.972368860433516,0.15390361375939193,1392644.619047619,Decline
3604,844063.4166666666,PASCOE VALE NEAR MEAKER,744557.0833333334,-99506.33333333326,-11.788964119105971,0.12493999109599972,831160.4013605443,Stable
3605,484502.6666666667,PASCOE VALE / KELLAWAY,493034.75,8532.083333333314,1.7609982194800402,0.12039672840396066,501720.3197278912,Stable
3606,697770.8333333334,PASCOE VALE / BUCKLEY,694763.3333333334,-3007.5,-0.43101543606126647,0.11389388843356833,704934.4081632653,Stable
361,1087390.25,HIGH STREET ROAD / GALLAGHERS,1399016.1666666667,311625.91666666674,28.65814887218887,0.19649822848330864,1243498.4829931974,Growth
3610,1163098.75,PASCOE VALE / TANDERRUM WAY,1184470.4166666667,21371.666666666744,1.8374765398610173,0.12364459594217923,1151104.3401360544,Stable
3611,741637.9166666666,BARRY / LONGFORD,754512.6666666666,12874.75,1.7359886422563573,0.13666528922227078,736497.1428571428,Stable
3612,1342407.0833333333,PASCOE VALE / TAGGERTY CRES STREETH,1410899.6666666667,68492.58333333349,5.102221537989761,0.1374399575515706,1378642.5034013605,Stable
3613,660845.25,BARRY / KYABRAM,511688.25,-149157.0,-22.57063964672516,0.12588809246133412,652187.0340136054,Decline
3615,1229571.5,PASCOE VALE / COLERAINE,1265158.5833333333,35587.083333333256,2.8942670949459433,0.1232815761279465,1236002.1088435375,Stable
3616,1763205.0833333333,PASCOE VALE / BARRY,1858904.5,95699.41666666674,5.4275828473536,0.11970152209436337,1771112.9115646258,Stable
3617,1332740.75,PASCOE VALE / PARINGA,1418876.75,86136.0,6.463072431753887,0.11710104967234577,1400928.6258503401,Stable
3618,1310721.0833333333,PASCOE VALE / SHANKLAND / RESERVOIR,1449797.3333333333,139076.25,10.610667041863026,0.1277940128223252,1394215.6326530613,Stable
3619,1300041.5833333333,PASCOE VALE / TAGGERTY CRES (NTH),1411727.8333333333,111686.25,8.590975198934341,0.12941247641308837,1370047.6734693877,Stable
362,738093.9166666666,BLACKBURN NEAR CHERRY,750132.0,12038.083333333372,1.63096904899298,0.13331314334457317,748132.8299319728,Stable
3620,812893.1666666666,PRINCESS NEAR WILLS,854664.0,41770.83333333337,5.138539115123579,0.12417852348971983,830697.9115646258,Stable
3621,877291.25,PRINCESS NEAR MOLESWORTH,953881.5833333334,76590.33333333337,8.730319985903584,0.1287219392550061,913901.7891156463,Stable
3622,890281.4166666666,PRINCESS / DUKE,982629.0833333334,92347.66666666674,10.372862438534192,0.13271744379865485,938611.9387755102,Stable
3623,80597.66666666667,,68462.33333333333,-12135.333333333343,-15.056680714495469,0.2887726144963817,70977.14285714286,Volatile
3624,591556.3333333334,PEARCEDALE / BROADMEADOWS TOWN CENTRE,562934.3333333334,-28622.0,-4.83842339050268,0.15908802189579246,568194.4285714285,Stable
3626,872333.5,WESTGATE FREEWAY EXIT RAMP / COOK,673342.75,-198990.75,-22.811315855690513,0.1800654035926936,767893.5034013606,Decline
3627,354626.9166666667,COOK / SALMON / WESTGATE FREEWAY ENTRANCE,386527.9166666667,31901.0,8.99565106333581,0.26658437959156817,383182.2244897959,Stable
3628,36762.0,APPLETON DOCK / COODE,158691.83333333334,121929.83333333334,331.67355784052376,0.44284352957708967,131646.17,Volatile
3629,262677.4166666667,CHURCHILL NEAR BRAYBROOK COMMUNITY CENTRE,243249.66666666666,-19427.75000000003,-7.396048829219881,0.15041297797735226,252786.08403361344,Stable
363,1026345.1666666666,BLACKBURN / DUERDIN,932332.0833333334,-94013.08333333326,-9.159986950458993,0.15183076641374774,971401.1700680272,Stable
3631,363991.1666666667,SOUTH / NEW,485081.5833333333,121090.41666666663,33.26740529875495,0.18209838802732253,391693.231292517,Stable
3632,836827.8333333334,SOUTH / HAMPTON,591573.25,-245254.58333333337,-29.3076512950593,0.14831470471706973,760954.4013605443,Decline
3633,499939.0,SOUTH NEAR HAMPTON,410849.4166666667,-89089.58333333331,-17.820090717734228,0.16090256494246272,443773.6802721088,Stable
3634,1019272.5,SOUTH / BLUFF / CUMMINS,960746.9166666666,-58525.58333333337,-5.741897611613516,0.1253876225804091,1007314.2176870748,Stable
3635,1248672.8333333333,SOUTH / JASPER / TAYLOR,1481344.5833333333,232671.75,18.633523833371353,0.16521521264992603,1386511.5850340135,Growth
3636,389934.8333333333,BLUFF NEAR HOLLOWAY,395151.1666666667,5216.333333333372,1.3377448966900125,0.1391389132801528,403159.2244897959,Stable
3637,1259100.0,SOUTH / EAST BOUNDARY,2009127.5,750027.5,59.56854102136446,0.28149072177858325,1488080.081632653,Growth
3638,1333986.25,SOUTH / CHESTERVILLE,1738167.5833333333,404181.33333333326,30.298763074456968,0.17419505421893178,1617874.1156462585,Growth
364,1130572.4166666667,SNEDDEN / THE GLEN CAR PARK,977528.3333333334,-153044.08333333337,-13.536866907169227,0.2511125094160475,1030556.462585034,Decline
3640,1318459.6666666667,PASCOE VALE / COOLAROO STREETATION ACCESS,1397257.25,78797.58333333326,5.976487967398314,0.11955677281155853,1369603.1292517006,Stable
3641,528990.3333333334,PEARCEDALE PDE / SHOPPING CENTRE ACCESS ROAD,504166.5833333333,-24823.75000000006,-4.692666091566902,0.13206970745174912,514034.2653061224,Stable
3642,1119827.3333333333,SOUTH / STREETATION,1556000.0833333333,436172.75,38.95000032743143,0.18129230435056198,1232382.5578231292,Growth
3643,1142350.0,SOUTH / TAFE COLLEGE EXIT,1722075.9166666667,579725.9166666667,50.74853737179207,0.19999335319916237,1438014.2108843538,Growth
3644,619685.25,KINGSTON / BALL / STREET ANDREWS,529354.1666666666,-90331.08333333337,-14.57692971283944,0.1336182091597695,590760.6462585034,Stable
3646,1228482.3333333333,PASCOE VALE / CAR PARK ACCESS,1385182.3333333333,156700.0,12.755576189265508,0.1855772290144293,1252248.2925170069,Growth
3649,244077.58333333334,DONALD BTWN NICHOLSON & LEEDS,264515.0,20437.416666666657,8.373328016262583,0.2010847044576439,239030.7906976744,Stable
365,837366.8333333334,HIGH STREET ROAD / CAPITAL,853171.0833333334,15804.25,1.8873747288374807,0.15491546560553182,842751.9523809524,Stable
3651,643035.25,WHITE NEAR WARREN,483678.1666666667,-159357.0833333333,-24.782013635074176,0.19471179978610864,576612.4217687075,Decline
3652,822542.5833333334,NARRE WARREN-CRANBOURNE / LINSELL,1370285.0,547742.4166666666,66.5913750564687,0.22857020823093946,1046264.6482758621,Growth
3653,1132876.3333333333,RESERVE / PARK / TULIP,1109417.25,-23459.083333333256,-2.070754118793189,0.13716937226731823,1120877.8843537415,Stable
3654,600003.5,CHAPEL / MALCOLM,639328.75,39325.25,6.554170100674413,0.1202546843683195,668995.1020408163,Stable
3655,708490.5,PALMERS / DISTRIBUTION,1258940.8333333333,550450.3333333333,77.69339650049412,0.3725867952307858,856855.6054421769,Growth
3656,601956.9166666666,BURNLEY / HIGHETT,478339.9166666667,-123616.99999999994,-20.535855071576957,0.14845142025817826,535235.7551020408,Stable
3657,545139.25,BURNLEY / MURPHY,434088.0,-111051.25,-20.371171219096773,0.16470003717937573,476179.71428571426,Stable
3658,1368106.25,BELL / PENTRIDGE,1615289.5833333333,247183.33333333326,18.067553841913465,0.16260431629252342,1555793.9708029197,Growth
3659,1430474.75,MT ALEXANDER NEAR DAVIES,1152425.75,-278049.0,-19.437532888993672,0.13529589961442423,1281458.7142857143,Decline
366,785780.3333333334,BORONIA NEAR LUSK,793112.0833333334,7331.75,0.9330533851487756,0.1276494880940242,780160.0952380953,Stable
3660,445394.5,STUDLEY PARK NEAR HODGSON,399820.6666666667,-45573.833333333314,-10.232239808379608,0.1616296917892452,408119.5306122449,Stable
3661,599946.5,STREETUDLEY PARK / CARSON,466252.1666666667,-133694.3333333333,-22.284375912407743,0.19084070198163192,509707.387755102,Decline
3662,1456604.8333333333,HIGH / DENMARK / PRINCESS / STREETUDLEY PARK,1365710.9166666667,-90893.91666666651,-6.2401218632964754,0.1429089130200078,1343074.0544217688,Stable
3663,1500148.6666666667,DENMARK / WELLINGTON,1336490.0833333333,-163658.5833333335,-10.909490970450495,0.1634276596142915,1386760.2176870748,Decline
3664,457080.8333333333,TOORONGA NEAR BETHUNE,385050.0833333333,-72030.75,-15.758864679296334,0.16647851805260552,402885.04761904763,Stable
3665,233489.58333333334,APPLETON DOCK / ENTERPRIZE,302938.9166666667,69449.33333333334,29.74408208788758,0.1676009051477335,277331.3469387755,Stable
3666,210116.58333333334,POWER NEAR BATESFORD,140349.08333333334,-69767.5,-33.204185454186344,0.24983253680110143,193298.38938053098,Stable
3667,853332.6666666666,HIGH NEAR PAKINGTON,670863.0833333334,-182469.58333333326,-21.38317100247734,0.14670990165764755,750194.4761904762,Decline
3668,1064491.5833333333,BURWOOD / BUNNINGS ACCESS,546844.8333333334,-517646.7499999999,-48.62854325057681,0.2980986909039574,1024542.380952381,Decline
367,1347402.8333333333,BORONIA / WANTIRNA,1373555.6666666667,26152.83333333349,1.940981025595302,0.14813542754031112,1323195.4285714286,Stable
3671,2692040.8333333335,STREET GEORGES / MERRI / CHARLES,2515252.8333333335,-176788.0,-6.567062349537169,0.11827775380520018,2555838.5714285714,Decline
3672,2515.3333333333335,DIMBOOLA / MAIN,153337.58333333334,150822.25,5996.113835144447,0.6940871424579773,100903.28571428571,Volatile
3673,1079556.1666666667,TOORONGA / TOORONGA VILLAGE ACCESS,910922.3333333334,-168633.83333333337,-15.620663244787172,0.13387682193064054,961136.0204081633,Decline
3677,1080375.0833333333,WARRIGAL / HARVEY NORMAN ENT. NO 1,895522.0833333334,-184852.99999999988,-17.11007619961616,0.14546870142692855,963936.5170068027,Decline
3680,1785956.0,WARRIGAL / WAVERLEY,1771045.6666666667,-14910.333333333256,-0.8348656592510261,0.13652886056152327,1752200.9591836734,Stable
3681,2606932.0,MONASH / WARRIGAL,3104051.8333333335,497119.8333333335,19.069152296006703,0.16101821228756738,2766212.4421768705,Growth
3682,1148438.0,WARRIGAL / RIVERSDALE,1089544.9166666667,-58893.083333333256,-5.128102982776019,0.13968561766947424,1101546.8775510204,Stable
3683,1559557.0833333333,WARRIGAL NEAR GLEESON,1386299.6666666667,-173257.4166666665,-11.109398849085615,0.15002800150739135,1446448.8095238095,Decline
3684,730130.6666666666,WARRIGAL NEAR LOUDON,698278.9166666666,-31851.75,-4.362472561988905,0.16050243298347827,690471.5442176871,Stable
3685,1109500.1666666667,WARRIGAL / HIGHBURY,1182010.75,72510.58333333326,6.535427890126493,0.17243370283863918,1082945.857142857,Stable
3686,2124432.0833333335,WARRIGAL NEAR FAKENHAM,1690077.0,-434355.0833333335,-20.445703430152022,0.14527673634991903,1745718.5616438356,Decline
3687,1039702.8333333334,WARRIGAL NEAR POULTER,1031477.5,-8225.333333333372,-0.7911234892918959,0.14386290699812895,1021552.6462585034,Stable
3688,909797.6666666666,WARRIGAL NEAR MADELINE,801813.1666666666,-107984.5,-11.869067591219,0.141706491713984,867450.3265306122,Stable
3689,2370907.5,WARRIGAL / THE BOULEVARD,2350750.0833333335,-20157.41666666651,-0.8501983593483302,0.12420639623287581,2311964.3741496596,Stable
369,1502217.8333333333,BORONIA / STREETUD,1508959.0833333333,6741.25,0.4487531601885968,0.13400835147087875,1584329.0884353742,Stable
3690,1359234.5,WARRIGAL / BATESFORD,1308031.5,-51203.0,-3.7670468193678133,0.15192821570914247,1269014.6258503401,Stable
3691,1911208.25,WARRIGAL / ATHERTON,1706669.25,-204539.0,-10.702078122569846,0.13310908792116968,1799512.0,Decline
3692,1045706.0833333334,WARRIGAL NEAR KANGAROO,1121876.1666666667,76170.08333333337,7.284081497406102,0.12678604897820145,1062826.074829932,Stable
3693,2003623.1666666667,WARRIGAL / NORTH,2352107.4166666665,348484.24999999977,17.392704167009438,0.1455006305490158,2283867.8231292516,Growth
3694,1568677.5,CENTRE / WARRIGAL,1656046.8333333333,87369.33333333326,5.569617294398196,0.15499654994161186,1597954.8911564625,Stable
3695,1261826.0,WARRIGAL / OLD DANDENONG,1378626.6666666667,116800.66666666674,9.256479630841872,0.13188125039363316,1302311.0612244897,Stable
3696,1934104.4166666667,WARRIGAL / SOUTH / DINGLEY BYPASS,2367041.6666666665,432937.24999999977,22.3843783339343,0.19025370731252175,2020410.142857143,Growth
3697,1352097.5,WARRIGAL / KEYS / CORPORATE,1252081.5833333333,-100015.91666666674,-7.397093528141776,0.12165351235577414,1321031.551020408,Stable
3698,1142643.75,WARRIGAL / KINGSTON,1061707.5,-80936.25,-7.083244449549564,0.12511009570327197,1101274.9863945579,Stable
3699,1128972.8333333333,WARRIGAL / BERNARD,1384876.9166666667,255904.0833333335,22.666983276981732,0.17361766246286262,1296954.8299319728,Growth
370,859514.5833333334,BORONIA NEAR DINSDALE,677926.25,-181588.33333333337,-21.12684727571522,0.16793557266678397,761187.2653061225,Decline
3700,1358432.1666666667,WARRIGAL / CENTRE DANDENONG,1420366.1666666667,61934.0,4.5592265495283595,0.1335444482969832,1363496.761904762,Stable
3701,2285114.75,WARRIGAL NEAR DELIA,2312287.6666666665,27172.91666666651,1.1891270084649583,0.10095162557409548,2330006.551020408,Stable
3702,1001416.9166666666,WARRIGAL NEAR GLOVER,1013720.5,12303.583333333372,1.2286174847422477,0.12185190513884889,1047433.9659863946,Stable
3703,1100541.9166666667,WARRIGAL / COCHRANES,1102955.3333333333,2413.4166666665114,0.21929347988637213,0.1224973715831116,1090113.544217687,Stable
3704,946537.6666666666,WARRIGAL / FARM,837067.75,-109469.91666666663,-11.565299567229756,0.1456477884969721,851199.3945578231,Stable
3705,1035953.0,STREETUD / MOCKRIDGE,1455628.4166666667,419675.41666666674,40.51104795938298,0.7142577809477613,1886050.8655462186,Growth
3706,2652249.6666666665,WARRIGAL / MIDDLE,2608182.25,-44067.41666666651,-1.66151087586148,0.16943857094386452,2549762.217687075,Stable
3708,820416.6666666666,BEACH NEAR DIXON,1117892.5,297475.8333333334,36.25911630269173,0.22537606007591168,1074486.2471910112,Growth
3709,1023035.8333333334,BEACH NEAR NEPEAN,859268.3333333334,-163767.5,-16.00799255158055,0.3576450716728103,784359.1020408163,Decline
371,1167536.5833333333,BORONIA / SCORESBY,1136485.6666666667,-31050.91666666651,-2.6595240877177235,0.11805654100999943,1163157.857142857,Stable
3710,1644931.25,NEPEAN NEAR THIRD / THRIFT PARK,1222114.6666666667,-422816.58333333326,-25.70421002904123,0.16363775123335977,1502544.5646258504,Decline
3711,632172.1666666666,WARRIGAL / OAK / VOLTRI,620210.1666666666,-11962.0,-1.8922060525178666,0.12286295332759349,623909.6734693878,Stable
3713,166233.08333333334,GOVERNOR NEAR CHUTE,256480.66666666666,90247.58333333331,54.28978487535322,0.23720026621199322,305409.52777777775,Stable
3714,1141346.75,BEACH NEAR ANTIBES,1140500.6666666667,-846.0833333332557,-0.07413026175728417,0.12458134820698102,1159863.7142857143,Stable
3715,806803.8333333334,,465164.5,-341639.3333333334,-42.34478310816157,0.24066405267299065,671485.4217687075,Decline
3718,371579.6666666667,BAY / MALE / HILLCREST,348552.3333333333,-23027.333333333372,-6.197145699576324,0.11822921374942735,354799.85714285716,Stable
3719,531365.25,LEAKES / ESTATE / INTERCHANGE DRV,779133.5833333334,247768.33333333337,46.628629428313836,0.23396061761104744,657715.2857142857,Growth
372,781273.0,BORONIA NEAR ROSE,664879.8333333334,-116393.16666666663,-14.897886739547717,0.1284908639340853,740054.1156462585,Stable
3720,1204822.0,WELLINGTON / MONASH UNIVERSITY BUS ENT,1671954.8333333333,467132.83333333326,38.77193754208781,0.22237033585329039,1464185.9115646258,Growth
3721,1208987.1666666667,WELLINGTON / MONASH UNIVERSITY ENT,1126222.3333333333,-82764.83333333349,-6.84579916274271,0.17096036071761847,1154545.074829932,Stable
3722,1765707.75,BLACKBURN / WELLINGTON,1448504.0,-317203.75,-17.96468016861794,0.15429204557704404,1648065.5918367347,Decline
3725,743278.5833333334,FERNTREE GULLY / GILBY,692667.25,-50611.33333333337,-6.80920108129041,0.15207458673139554,735625.1360544218,Stable
3727,1730368.5,PLENTY / GRANGE / SNAKE GULLY,1658019.4166666667,-72349.08333333326,-4.181137331922839,0.12462428795032185,1701057.238095238,Stable
373,1049457.0833333333,BORONIA / TORMORE / NARCISSUS,995969.5,-53487.583333333256,-5.096690868333898,0.140911790742775,1128045.3605442178,Stable
3730,695368.6666666666,PLENTY / TYLER,613288.5833333334,-82080.08333333326,-11.80382252867303,0.13480204505345364,654657.3197278911,Stable
3731,776797.4166666666,PLENTY NEAR ETHEL,538836.25,-237961.16666666663,-30.633619726464502,0.3106273268212868,592403.1904761905,Decline
3732,1318523.25,PLENTY / ALBERT / BOLDREWOOD,1316622.9166666667,-1900.3333333332557,-0.14412588730105866,0.12307918607244482,1332645.9047619049,Stable
3734,1798603.5,PLENTY / DUNNE / KINGSBURY,1735682.0833333333,-62921.416666666744,-3.498348394555373,0.19024534988612862,1744595.2176870748,Stable
3735,2827623.3333333335,PLENTY / GRIMSHAW,2718624.8333333335,-108998.5,-3.854774386498909,0.12234210378766061,2771934.5850340137,Stable
3736,1924960.75,PLENTY / BENT / SETTLEMENT,1847017.6666666667,-77943.08333333326,-4.049073901030618,0.12752520101712914,1901468.2653061224,Stable
3737,1591628.1666666667,PLENTY / TAUNTON,1504864.0833333333,-86764.08333333349,-5.451278455007665,0.13177912344405882,1576049.306122449,Stable
3738,1065645.6666666667,PLENTY NEAR BRADSHAW,998025.0,-67620.66666666674,-6.345511344139726,0.13271904982976648,1033925.5986394557,Stable
3739,1062497.0,PLENTY / LODDON / TARGET ENT,1068832.8333333333,6335.833333333256,0.5963154092042854,0.16115336477701522,1075996.0136054421,Stable
374,1249560.25,DORSET / BORONIA,1130647.0,-118913.25,-9.516407872289472,0.1206313723579749,1202091.0612244897,Stable
3740,1866103.75,HIGH / SPRING / CHEDDAR,2606842.1666666665,740738.4166666665,39.694385516703804,0.22495053107369797,2143767.1944444445,Growth
3741,1692224.5,PLENTY / MT COOPER,1596215.5,-96009.0,-5.673537996879255,0.12437716166898108,1646830.6462585034,Stable
3742,1054993.5,KEON / DALTON,933971.25,-121022.25,-11.471373994247358,0.13628561716611243,1018480.306122449,Stable
3743,65308.083333333336,TYLER NEAR BOWDEN,26562.916666666668,-38745.16666666667,-59.32675511071244,0.9309991371684966,43538.72222222222,Volatile
3744,1876793.25,METROPOLITAN RING ROAD / DALTON,2028386.5833333333,151593.33333333326,8.077252693301899,0.13916910784121622,2256987.0544217685,Stable
3745,2121027.5,PLENTY / GREMEL,1960418.3333333333,-160609.16666666674,-7.5722340547997025,0.13555330720775305,2065774.6870748298,Decline
3746,1079137.3333333333,PLENTY / FRANKLINS ACCESS ROAD,1032834.25,-46303.083333333256,-4.290749833508981,0.13205048610116935,1072418.387755102,Stable
3747,2195902.75,PLENTY NEAR BROWNING,2060833.4166666667,-135069.33333333326,-6.150970635349551,0.12614171201265803,2158860.925170068,Decline
3749,903581.8333333334,PLENTY / RIVERDALE STREETH,1295366.75,391784.9166666666,43.35909623385891,0.34614714076273595,996944.7891156463,Growth
375,1851746.9166666667,BORONIA / ERICA,1512363.0833333333,-339383.8333333335,-18.32776554283449,0.12887531164759253,1721936.5102040817,Decline
3750,677441.4166666666,WILLIAMSTOWN / GRAHAM,837238.0833333334,159796.66666666674,23.588263536195086,0.16004826459737495,740192.3537414966,Growth
3753,590950.5833333334,WILLIAMSTOWN NEAR WEBB,635154.9166666666,44204.333333333256,7.480208088465365,0.12774827486288057,632149.4421768708,Stable
3755,307819.3333333333,GRAHAM / PLUMMER,561992.9166666666,254173.5833333333,82.57232597476009,0.27343082846487055,387276.42176870746,Growth
376,770657.3333333334,BORONIA / FLORISTON / HASTINGS,678930.0,-91727.33333333337,-11.902479787817503,0.12531794355164286,749575.2108843537,Stable
3760,691533.1666666666,MELBOURNE NEAR WILKINS,856742.0833333334,165208.91666666674,23.890237609716973,0.1433868007356301,756690.7346938775,Growth
3763,478992.1666666667,MAROONDAH HIGHWAY / MELBA HIGHWAY,479015.5833333333,23.41666666662786,0.004888736872167609,0.16966788889607215,489291.09523809527,Stable
3764,332632.5,ARDEN / LLOYD,498197.5833333333,165565.0833333333,49.77417520336507,0.2976462411341115,406199.0680272109,Growth
3765,704406.0,BOARDWALK / MURNONG,747429.5,43023.5,6.107770234779374,0.13003057627319559,751808.8503401361,Stable
3766,771787.3333333334,BOARDWALK / MAIN,904883.8333333334,133096.5,17.245229903574472,0.1559610949653342,813476.7891156463,Stable
3767,609867.5,DERRIMUT / POPLAR / BADEN POWELL,1098684.75,488817.25,80.15138534189803,0.633366681878304,889669.0408163265,Growth
3768,270953.75,MERNDA VILLAGE / GALLOWAY,200411.5,-70542.25,-26.034793760927833,0.22068897575177523,281799.32653061225,Stable
3769,589003.3333333334,GAFFNEY / DAWSON,572138.5833333334,-16864.75,-2.8632690250762587,0.12274521713287853,585233.6598639456,Stable
377,1398970.0833333333,FERNTREE GULLY / ENT BUNNINGS (KNOX),1317368.5833333333,-81601.5,-5.832969623308005,0.11941944617898916,1373047.775510204,Stable
3771,748141.75,MICKLEHAM / GREENVALE,1113318.5833333333,365176.83333333326,48.811182283749474,0.15375806728629945,955273.6802721089,Growth
3772,1133982.4166666667,PLENTY / GORDONS,1344052.25,210069.83333333326,18.524963901189228,0.1723145590551048,1316370.0188679246,Growth
3774,1070300.5833333333,CLAYTON BETWEEN BAYVIEW & STEWART,1274026.75,203726.16666666674,19.034481512864737,0.14420423170542354,1161604.5714285714,Growth
3775,294610.25,SOMERVILLE NEAR CORONATION,306957.1666666667,12346.916666666686,4.190932483396856,0.21313160179705362,309593.30833333335,Stable
3776,751982.5833333334,PALMERS / DUNNINGS,973506.3333333334,221523.75,29.458627754122407,0.23964890605406602,870549.1088435374,Growth
3777,1743546.6666666667,HIGH STREETREET / COOPER,1430278.4166666667,-313268.25,-17.96729941269137,0.13372527199976805,1651235.5918367347,Decline
3778,914920.0,FOOTSCRAY / MARKET GATE 1.,645900.1666666666,-269019.8333333334,-29.40364549177342,0.3229939115266981,806606.081632653,Decline
378,1417632.75,FERNTREE GULLY / BORG,1346238.0833333333,-71394.66666666674,-5.036189144661531,0.1685487858794764,1367757.4761904762,Stable
3780,676695.0833333334,GRANTHAM NEAR UNION,820391.0833333334,143696.0,21.23497030481848,0.26620159493887,650906.918367347,Stable
3781,771069.0833333334,MELVILLE NEAR CULLODEN,1136686.1666666667,365617.0833333334,47.41690352215523,0.26659163927445806,806181.8095238095,Growth
3782,555763.1666666666,LYGON NEAR STEWART,487709.9166666667,-68053.24999999994,-12.245009040121698,0.15344247739227007,511106.6394557823,Stable
3784,1048792.75,SYDNEY NEAR STEWART,1330329.8333333333,281537.08333333326,26.843919671768635,0.33880057411702214,1090566.2448979593,Growth
3788,527359.6666666666,DAWSON NEAR DALY,529850.6666666666,2491.0,0.4723531505063907,0.14114858460887414,518696.10204081633,Stable
379,779375.9166666666,HIGH NEAR FONTEYN,780251.5,875.5833333333721,0.11234416083552819,0.1482329764771678,755519.3129251701,Stable
3790,647925.1666666666,SYDNEY NEAR DONALD,892054.75,244129.58333333337,37.67866968176109,0.23889195720344644,828051.224489796,Growth
3791,658551.9166666666,BRUNSWICK / STREETRANGER,586757.6666666666,-71794.25,-10.901836010651147,0.1523568012652694,612184.1836734693,Stable
3792,746255.1666666666,NICHOLSON NEAR ALBERT,555702.8333333334,-190552.33333333326,-25.534474244846088,0.27733600374976974,599816.6462585034,Decline
3793,926683.75,BRUNSWICK NEAR EWING,866762.8333333334,-59920.91666666663,-6.466166765810518,0.15783317197578975,876711.4149659864,Stable
3794,311075.5,PARK WEST OF THE AVENUENUE,196956.91666666666,-114118.58333333334,-36.68517235633579,0.3241149486289918,246755.38095238095,Volatile
3795,415386.9166666667,DAWSON WEST OF SAXON,385667.0833333333,-29719.833333333372,-7.154735053242538,0.19644857463380008,371971.12925170065,Stable
3796,264820.5833333333,NICHOLSON NEAR HARRISON,278238.75,13418.166666666686,5.06688962684485,0.17086883589262347,315018.48979591834,Stable
3797,1663090.5,LYGON NEAR PARK,1340917.0,-322173.5,-19.371976449868484,0.12795840040452305,1503155.1904761905,Decline
3798,827639.1666666666,WHITEHORSE NEAR CAMPBELL,686573.0833333334,-141066.08333333326,-17.044394346570105,0.14665815961529305,742584.5918367347,Decline
3800,350349.3333333333,BELMORE NEAR UNION,416693.5833333333,66344.25,18.936599470243035,0.2544195774329126,500872.73333333334,Stable
3801,807686.4166666666,PROSPECT HILL / STREETANHOPE / TRAFALGAR,762097.0,-45589.41666666663,-5.644445136865716,0.18998642677445443,737439.8163265307,Stable
3804,895620.8333333334,RIVERSDALE / TRAFALGAR,812138.6666666666,-83482.16666666674,-9.321150598514075,0.15177710783813217,831909.6054421769,Stable
3805,413382.4166666667,RIVERSDALE NEAR WILLOW,363110.5833333333,-50271.83333333337,-12.161096192407806,0.1613490949836714,395577.7755102041,Stable
3806,523927.5,RIVERSDALE NEAR QUANTOCK,685947.0833333334,162019.58333333337,30.924046424998373,0.16555970117467447,626393.1156462585,Growth
3807,582561.3333333334,RIVERSDALE / WATTLE VALLEY,465042.6666666667,-117518.66666666669,-20.17275434231818,0.1436206828725761,517330.9727891156,Stable
3808,689494.1666666666,RIVERSDALE / HIGHFIELD,551827.3333333334,-137666.83333333326,-19.966352144627756,0.16405002498365487,606592.8095238095,Decline
3809,757092.6666666666,RIVERSDALE / THROUGH,656600.0833333334,-100492.58333333326,-13.273485236065325,0.14612616543863158,693873.6666666666,Stable
3810,670325.25,CAMBERWELL NEAR BUTLER,570197.75,-100127.5,-14.937151778185292,0.13971745959847762,617791.925170068,Stable
3811,702649.9166666666,CAMBERWELL NEAR INGLESBY,621752.4166666666,-80897.5,-11.513201393913684,0.14308983555904098,659740.2925170067,Stable
3812,832602.4166666666,CAMBERWELL / SEYMOUR / TRAFALGAR,710077.8333333334,-122524.58333333326,-14.715857278418893,0.16992826265299296,739309.0204081633,Stable
3813,517189.75,CAMBERWELL NEAR GLEN IRIS,450071.5833333333,-67118.16666666669,-12.977474257110991,0.14821067508064983,478424.9455782313,Stable
3816,1416968.25,HIGH NEAR HIGHGATE,1198123.8333333333,-218844.41666666674,-15.444553303623193,0.128700827287771,1260658.4829931974,Decline
3817,1350291.0,HIGH NEAR WARD,1234578.25,-115712.75,-8.569467618461502,0.11552283519989409,1262572.7551020407,Stable
3818,712916.4166666666,HIGH NEAR CAROOL,635153.0833333334,-77763.33333333326,-10.907777057081365,0.1487193228062712,644941.3605442176,Stable
3819,467840.9166666667,WHITEHORSE NEAR AUSTIN,628655.0,160814.0833333333,34.37366797225053,0.1846588405230641,576614.8775510204,Growth
3820,811907.25,HIGH / GLEN IRIS,727384.0833333334,-84523.16666666663,-10.410446102885105,0.15700305296915362,729581.5578231292,Stable
3821,1547991.1666666667,BURKE NEAR COOKSON,1352413.3333333333,-195577.8333333335,-12.634299054462744,0.13492599286951623,1391097.1224489796,Decline
3822,277065.0833333333,UNION NEAR GUILDFORD,229130.5,-47934.583333333314,-17.30083876201169,0.35168848350206244,286861.8461538461,Volatile
3823,558859.75,WHITEHORSE NEAR BANOOL,701126.8333333334,142267.08333333337,25.456670181263437,0.17227277036835428,639700.3401360544,Stable
3824,987373.25,WHITEHORSE NEAR ROCHESTER,835690.6666666666,-151682.58333333337,-15.362233414094758,0.11850844077264952,888647.9795918367,Decline
3826,991096.8333333334,BURKE NEAR GORDON,523192.0,-467904.8333333334,-47.21080903463688,0.18105521821765458,899951.9387755102,Decline
3827,586610.0,DONCASTER NEAR VIEWHILL,562659.4166666666,-23950.583333333372,-4.082880164561356,0.16994577405171932,567246.7210884354,Stable
3828,627364.75,HIGH NEAR SEATON,550568.4166666666,-76796.33333333337,-12.241097915261157,0.1567466731931995,560163.8639455782,Stable
3829,543900.1666666666,CAMBERWELL NEAR BOWEN,480722.5833333333,-63177.583333333314,-11.615658020574239,0.14669996703511576,508207.29931972787,Stable
383,888283.4166666666,HIGH STREET ROAD / CATHIES,896378.0833333334,8094.666666666744,0.9112707177448427,0.159185534347709,894557.8571428572,Stable
3830,550433.5,PASCOE VALE NEAR MURRAY,539451.75,-10981.75,-1.9951093092989436,0.11078108271587321,553104.8707482993,Stable
3831,488887.6666666667,PASCOE VALE / WILSON,340845.4166666667,-148042.25,-30.281445021794372,0.264709608462361,460162.1224489796,Decline
3832,551131.1666666666,ASCOT VALE NEAR MOONEE,557575.4166666666,6444.25,1.1692770051412444,0.11813514693763862,565367.7278911564,Stable
3833,831835.5833333334,MT ALEXANDER NEAR FENTON,772003.5,-59832.08333333337,-7.192777579142998,0.13387643420896272,812966.619047619,Stable
3834,429148.75,BUCKLEY / ROSE / SHERBOURNE,161556.91666666666,-267591.8333333334,-62.35409827788928,0.6092241392309387,244879.07482993198,Decline
3835,867792.0833333334,MT ALEXANDER NEAR BARODA,788835.1666666666,-78956.91666666674,-9.098598406588376,0.19985356210916183,805656.3673469388,Stable
3836,470038.8333333333,UNION NEAR ST LEONARDS,58869.25,-411169.5833333333,-87.4756624718596,1.3641239366432947,116565.70149253731,Decline
3837,600894.75,STANHOPE NEAR LORNE,568082.9166666666,-32811.83333333337,-5.46049592434172,0.20628747475208606,556759.1564625851,Stable
384,1323965.9166666667,FERNTREE GULLY / HENDERSON / STREET LAURENT,1112298.0,-211667.91666666674,-15.987414328578831,0.1244189226698039,1268874.7671232878,Decline
3840,559316.4166666666,MALVERN NEAR MERCER,526052.5833333334,-33263.833333333256,-5.94722992962986,0.14705407087803135,533033.8163265307,Stable
3841,965741.1666666666,GLENFERRIE NEAR KOOYONG STN,962321.1666666666,-3420.0,-0.354132154457535,0.12683185104991607,925049.0680272109,Stable
3842,767995.1666666666,GLENFERRIE NEAR EDSALL,684335.0833333334,-83660.08333333326,-10.893308573339535,0.10637068051582213,720874.5034013606,Stable
3843,843779.5833333334,HIGH NEAR HUNTINGTOWER,678998.75,-164780.83333333337,-19.52889553008265,0.13293092452492,769939.4557823129,Decline
3844,384311.8333333333,TOORONGA NEAR COPPIN,380205.0,-4106.833333333314,-1.0686200572365012,0.137177102936175,383762.96598639456,Stable
3845,531525.0833333334,BURKE NEAR RANFURLIE,466118.75,-65406.33333333337,-12.305408603325564,0.12961088410064472,510147.28571428574,Stable
3846,1344985.1666666667,BURKE NEAR MANNING,1151227.6666666667,-193757.5,-14.40592095749259,0.13059692744248896,1246991.387755102,Decline
3848,401974.8333333333,KOOYONG NEAR UNION,353233.6666666667,-48741.16666666663,-12.125427421036713,0.29272520814926134,382619.3333333333,Volatile
385,314424.5833333333,FOREST NEAR DOYSAL,287397.8333333333,-27026.75,-8.595622426681544,0.17118315004135282,294870.95238095237,Stable
3850,492471.75,GLENFERRIE / EVANDALE,237092.91666666666,-255378.83333333334,-51.85654473243051,0.20753735423825248,401450.29931972787,Decline
3851,442533.3333333333,CHADSTONE / EXIT CHAD SHOPS,489292.6666666667,46759.33333333337,10.566285025610131,0.18864365178961845,472065.87074829935,Stable
3852,896972.5,WAVERLEY NEAR BATESFORD,917005.3333333334,20032.833333333372,2.2333832233801343,0.1573222179534438,889386.0476190476,Stable
3855,666855.1666666666,MALVERN / MOIRA,671095.9166666666,4240.75,0.6359326900318935,0.14602467466551716,669778.4897959183,Stable
3856,1003907.25,TOORONGA NEAR MILTON,1126399.5,122492.25,12.201550491840756,0.1425492496209894,1071805.1968503937,Stable
3860,674481.4166666666,CHURCH / BALMAIN / COTTER,556815.5833333334,-117665.83333333326,-17.44537809727151,0.149042436096002,600255.0680272109,Stable
3861,753505.25,SWAN / CREMORNE,771559.1666666666,18053.916666666628,2.39599082642976,0.22751006485222786,705466.0884353742,Stable
3863,492728.4166666667,BURNLEY NEAR KENT,383351.1666666667,-109377.25,-22.198283334243797,0.20555118182342239,431373.387755102,Stable
3864,625067.3333333334,CHURCH NEAR HOWARD,541457.25,-83610.08333333337,-13.376172273707052,0.15503553005428408,571204.4285714285,Stable
3868,1259435.1666666667,BRIDGE NEAR VERITY,854642.1666666666,-404793.0000000001,-32.14083667929976,0.17794432225365994,1019940.6666666666,Decline
3869,101760.33333333333,ERIN NEAR NORMANBY,90803.58333333333,-10956.75,-10.767211192311347,0.16314290316382046,94211.28275862068,Stable
387,644633.75,FLETCHER NEAR BEACH,630202.3333333334,-14431.416666666628,-2.238700140454425,0.1548714587133879,619260.2653061225,Stable
3870,782737.0833333334,ST GEORGES NEAR BRUCE,1600088.5,817351.4166666666,104.42221712377876,0.36335970833289305,1222641.612244898,Growth
3872,255070.25,GILBERT NEAR MILLER,229104.5,-25965.75,-10.179842611986306,0.14349731239011027,235290.6326530612,Stable
3873,562842.25,GILBERT NEAR JACKA,318236.75,-244605.5,-43.458979847372866,0.21557107560874567,485508.2244897959,Decline
3876,672878.25,SPRING NEAR VERDUN,682076.0833333334,9197.833333333372,1.366938719349804,0.12482532931870985,686348.5578231292,Stable
3877,790420.5833333334,MURRAY / NORTHLAND EXIT,735822.0833333334,-54598.5,-6.907525076048647,0.12097564541096271,760813.462585034,Stable
3878,489565.5833333333,BURNLEY / NORTHERN ACCESS ROAD,353674.75,-135890.8333333333,-27.757431886466687,0.19416976759003635,431927.25850340136,Decline
3879,792663.0833333334,KINGSBURY / RING,870568.9166666666,77905.83333333326,9.828366549596462,0.15047581739904092,819252.2517006802,Stable
3880,422969.75,HIGH NEAR DAVID,294705.25,-128264.5,-30.32474544574405,0.17907791019006344,481592.12925170065,Decline
3884,1370373.0833333333,BURKE NEAR KARDELLA,1149641.6666666667,-220731.4166666665,-16.107395814412328,0.1291744894869546,1266950.5034013605,Decline
3886,464617.0833333333,MORELAND NEAR MURDOCH,474488.75,9871.666666666686,2.1246886997446865,0.1550105413658474,445490.14965986396,Stable
3887,546967.4166666666,MORELAND / CAMERON,493056.8333333333,-53910.583333333314,-9.856269622398283,0.1500983828570395,501248.2653061224,Stable
3888,611010.1666666666,MELVILLE NEAR WOODLANDS,922712.9166666666,311702.75,51.01433118543309,0.2581153528173751,672332.0612244898,Growth
389,902075.0833333334,MAROONDAH NEAR COMO,849992.8333333334,-52082.25,-5.77360476553088,0.13096382240173068,878520.619047619,Stable
3891,479139.25,MORELAND NEAR HAIG,472531.5,-6607.75,-1.3790876034472233,0.1338090544559021,462473.42176870746,Stable
3892,531214.25,GAFFNEY NEAR BATMAN,449787.1666666667,-81427.08333333331,-15.328482497096662,0.1739999473317761,490011.0544217687,Stable
3893,1515452.0833333333,SYDNEY NEAR PAGE,1298338.5,-217113.58333333326,-14.326654449923492,0.42041127209613954,1085056.462585034,Decline
3894,176607.0,MCARTHURS / BORRACK,336129.5833333333,159522.5833333333,90.32630831922478,0.32477430898950643,317459.42452830187,Growth
3895,763991.5,OLD DANDENONG / CLARINDA,62830.083333333336,-701161.4166666666,-91.7760756064258,1.1069403818863002,216927.32653061225,Decline
3896,821229.4166666666,MCDONALDS / PLENTY VALLEY SC ACCESS 2,896402.6666666666,75173.25,9.153745405897034,0.11645585882752463,889411.2448979592,Stable
3897,795003.75,MCDONALDS / FERRES,803163.6666666666,8159.916666666628,1.026399770650972,0.11668445787960624,834619.7959183673,Stable
3898,712634.0833333334,MCDONALDS / PLENTY VALLEY SC ACCESS1,802279.5833333334,89645.5,12.57945726938638,0.11760902272801416,794596.6530612245,Stable
3899,918518.75,KOROROIT CREEK / BURNS,995978.5,77459.75,8.433115818267183,0.13087609950050427,998458.4285714285,Stable
3900,1287948.75,MILLERS / MCARTHURS,900041.9166666666,-387906.8333333334,-30.118188579579225,0.15983155718721986,1080706.544217687,Decline
3901,877992.0,MELBOURNE / VIC TRACK MAINT FACILITY ACCES,821665.25,-56326.75,-6.415405835132894,0.12985573908809056,813335.5306122449,Stable
3904,806072.8333333334,KOROROIT CREEK / DOW CHEMICAL / PRIXCAR,877604.3333333334,71531.5,8.874074034252901,0.16135658842613557,865190.4149659864,Stable
3905,842888.8333333334,BLACKSHAWS / GRIEVE,697161.75,-145727.08333333337,-17.289003907790928,0.159205518397157,749817.7006802721,Decline
3906,401343.1666666667,GRIEVE / THE GATEWAY,400650.8333333333,-692.3333333333721,-0.17250407901136278,0.1349054778691025,413427.12925170065,Stable
3907,474775.6666666667,GRIEVE / PINNACLE / TOYOTA ENT GATE 7,381835.0,-92940.66666666669,-19.575701366329504,0.148533795598351,461102.8843537415,Stable
3908,468381.0833333333,GRIEVE / TOYOTA ENT GATE 4,427772.75,-40608.333333333314,-8.669934542261078,0.13595694761411034,458515.1224489796,Stable
3909,780501.5833333334,GRIMSHAW / CHURCH,648535.9166666666,-131965.66666666674,-16.90780255730851,0.15338077288004315,715428.1904761905,Decline
391,1736924.1666666667,STREETUD / CENTRE,1622840.6666666667,-114083.5,-6.568133611666983,0.12797767500110818,1665025.8095238095,Stable
3910,331650.9166666667,GRIEVE / TARAS,346875.25,15224.333333333314,4.59046924590137,0.14606525110709742,358906.462585034,Stable
3912,1586341.75,GREENSBOROUGH BYPASS / ELDER,1288019.5833333333,-298322.16666666674,-18.80566824057091,0.16696127276608907,1504321.7959183673,Decline
3914,569515.0,RIVERSDALE / HAVELOCK / REDFERN,473395.9166666667,-96119.08333333331,-16.877357634712574,0.14976061958747575,499345.61904761905,Stable
3915,1060275.4166666667,PLENTY / STREETAGECOACH,1326174.0,265898.58333333326,25.078256003451926,0.31549729618576877,1040367.5306122449,Growth
3916,532093.5,ELGAR / UGANDA,468397.6666666667,-63695.833333333314,-11.970797112412257,0.22205427232774536,480372.51020408166,Stable
3917,461548.5833333333,CHAPEL / PALERMO,395519.8333333333,-66028.75,-14.305915429993558,0.42925785745524514,692237.9863945579,Volatile
3918,974372.0833333334,EASTERN FREEWAY / ELGAR,780124.8333333334,-194247.25,-19.935633760716836,0.16108763312761656,1009145.6530612245,Decline
3919,1283102.4166666667,EASTERN FREEWAY / TRAM,1373634.1666666667,90531.75,7.055691644256249,0.14369327245459346,1312059.8231292516,Stable
3920,1023457.5,ELGAR / BELMORE,1148485.25,125027.75,12.216213179345504,0.2569764074163677,1012463.6326530612,Stable
3921,706029.25,ELGAR NEAR LORAINE,645239.25,-60790.0,-8.610124863806988,0.14390591508517128,695206.4081632653,Stable
3922,914353.3333333334,ELGAR / MONT ALBERT,978183.25,63829.91666666663,6.980880841104456,0.15013983701575542,940227.5646258503,Stable
3923,561319.0833333334,ELGAR NEAR ERASMUS,514038.25,-47280.83333333337,-8.423165136763425,0.1788142215165779,528292.0884353742,Stable
3924,637606.9166666666,RIVERSDALE / PARK / ELGAR,577952.4166666666,-59654.5,-9.355999510147514,0.1885534554068336,590497.3401360544,Stable
3925,414567.25,RIVERSDALE / ELGAR,816918.25,402351.0,97.0532525181379,0.4456622848040928,474827.3605442177,Growth
3926,738850.3333333334,STREETATION / WOODHOUSE,712783.6666666666,-26066.666666666744,-3.528003641693795,0.141481551358813,729810.9523809524,Stable
3927,596512.5,STREETATION / THAMES,697286.5,100774.0,16.89386224094214,0.13495859093358184,680981.2040816327,Stable
3928,470542.8333333333,STATION NEAR HILL,499165.5,28622.666666666686,6.082903540131136,0.13354695481047704,485635.04761904763,Stable
3929,525714.0,STATION NEAR DUNCAN,571619.75,45905.75,8.732076756563455,0.15458326086639174,536072.8367346938,Stable
393,1848458.75,,1698943.5,-149515.25,-8.088644120405716,0.13322647505598423,1769994.0408163266,Decline
3930,657342.25,STREETATION / RIVERSDALE,699809.6666666666,42467.41666666663,6.460472709104979,0.1435974149009489,679465.0340136054,Stable
3933,563399.75,RIVERSDALE NEAR ALANDALE,390351.0,-173048.75,-30.715091726611522,0.18752556972214104,500009.55782312923,Decline
3934,838789.75,ELGAR NEAR SEVERN,783807.0833333334,-54982.66666666663,-6.554999827628631,0.13069627661876615,827531.3469387755,Stable
3935,546575.25,HUNTINGDALE / HIGHBURY / GILLARD,553694.0,7118.75,1.3024281651977472,0.16534067005901634,532190.2993197279,Stable
3937,744599.6666666666,STREETATION / HIGHBURY,816415.0833333334,71815.41666666674,9.644835994644113,0.16218970893141668,765620.8027210884,Stable
3938,149670.16666666666,EDGARS / DEVENY,1112024.9166666667,962354.7500000001,642.9836830096402,0.42757539603756584,810870.7118644068,Growth
3939,1388579.25,STREETATION / CARRINGTON / RUTLAND,1364875.5,-23703.75,-1.7070505698540432,0.1452049581894092,1312192.761904762,Stable
394,974911.25,PRINCES HIGHWAY EAST / DOHERTY,1086607.25,111696.0,11.457042884672836,0.12933407456970772,1073379.7142857143,Stable
3940,980889.25,ELGAR / CARRINGTON,999688.5833333334,18799.333333333372,1.9165602368802974,0.16208207111651146,953357.5646258503,Stable
3941,561330.5833333334,STREETATION / ELEY,656624.4166666666,95293.83333333326,16.976419272837873,0.15227568538940808,618649.8163265307,Stable
3942,411233.4166666667,HIGHBURY NEAR MONTPELLIER,431053.5,19820.083333333314,4.8196675002700164,0.1572315676540397,445944.9455782313,Stable
3943,872769.3333333334,ELGAR / ARNOLD,816046.25,-56723.08333333337,-6.499206739619637,0.13883863542726907,857374.5034013606,Stable
3946,1514913.25,PLENTY / MCDONALDS / GORGE,1790419.75,275506.5,18.18628888485859,0.19156815588521034,1568962.0952380951,Growth
3947,423598.75,ARDEN / LAURENS,22627.0,-400971.75,-94.65838839231702,0.34964265250791454,347075.612244898,Decline
395,675473.5833333334,HUTTON / CHAPEL,827434.3333333334,151960.75,22.4969197537086,0.15392414524939063,734937.3945578231,Stable
3950,362946.5,NEW / MARTIN,359076.5,-3870.0,-1.0662728528860315,0.17016054006031037,410669.97931034485,Stable
3957,656080.6666666666,DENDY / HAMPTON,611409.1666666666,-44671.5,-6.808842611833302,0.11271641327459608,647534.9097222222,Stable
3959,687012.4166666666,CENTRE / THOMAS,607186.1666666666,-79826.25,-11.619331479816777,0.15768503719809154,645511.9791666666,Stable
396,756496.25,NARRE WARREN NTH / MARAMBA,722564.9166666666,-33931.33333333337,-4.4853273672319425,0.14751522131043407,723782.537414966,Stable
3960,490907.5833333333,CENTRE / HAMPTON,440635.8333333333,-50271.75,-10.240573115340277,0.11582259058430883,469502.9319727891,Stable
3961,260802.25,HAWTHORN NEAR CHARLES,209664.75,-51137.5,-19.607767954455916,0.127518061583332,241756.97278911565,Stable
3962,265290.25,HAWTHORN NEAR CLIVE,296700.4166666667,31410.166666666686,11.83992501294966,0.18207991748824953,274972.42176870746,Stable
3963,529507.75,FORSTER / RICKETTS / HARDNER,520044.0,-9463.75,-1.7872731796654533,0.18735153919475733,503758.9319727891,Stable
3964,619966.4166666666,CAMP / MAYGAR / CSL ACCESS,778935.1666666666,158968.75,25.641509882860593,0.14056308531787814,742455.8367346938,Growth
3967,226272.16666666666,DOCKLANDS / DOEPEL / WATERFRONT,267904.0,41631.83333333334,18.399007684698297,0.17058550736581726,254310.21088435373,Stable
3968,638398.0833333334,CUMBERLAND / O'HEA,591588.9166666666,-46809.166666666744,-7.332284962739431,0.11697806643435464,622333.612244898,Stable
3969,792261.9166666666,CAMP / NORTHCORP,749941.0,-42320.91666666663,-5.341783541070115,0.132910072823379,853496.7959183673,Stable
397,586801.75,SHRIVES / CENTRE,654774.5,67972.75,11.583597015516741,0.20352118037035988,605132.1428571428,Stable
3971,1047722.3333333334,ORRONG RD / SYDNEY ST,403065.6666666667,-644656.6666666667,-61.52934285706105,0.47166532253822474,597488.0476190476,Decline
3973,275511.25,LINLITHGOW NEAR ST KILDA,194910.25,-80601.0,-29.255066716876353,0.2286661609917901,210970.90476190476,Stable
3975,730341.3333333334,EDGARS / KINGSWAY,930366.75,200025.41666666663,27.38793596053717,0.14287443795439472,839134.4149659864,Growth
3976,1185126.0833333333,PLENTY / OLD PLENTY,1340914.5,155788.41666666674,13.145303175548207,0.2920578237705676,1138714.3673469387,Growth
3979,773792.5833333334,RIVERSDALE / FAIRHOLM,618555.9166666666,-155236.66666666674,-20.061793045100057,0.14098237703199795,678791.8503401361,Decline
398,1410181.0,STH GIPPS'D HIGHWAY / HUON PARK / WENTWORTH,2095491.0,685310.0,48.59730772149107,0.2665648597266399,1575800.081632653,Growth
3980,800793.0,BARRY / BLAIR,757742.0833333334,-43050.91666666663,-5.376035588056667,0.13042591188693234,793948.4149659864,Stable
3981,739506.0,BARRY / KING / MAFFRA,752295.3333333334,12789.333333333372,1.7294428082170223,0.10569874770320818,746922.462585034,Stable
3982,734646.3333333334,EDGARS / BARRY,962667.1666666666,228020.83333333326,31.03817755391595,0.14678141884214022,864403.380952381,Growth
3983,643386.0833333334,BARRY NEAR DUNSTAN,658163.9166666666,14777.833333333256,2.2968842062561325,0.10784393878247374,663752.6598639456,Stable
3984,1763305.3333333333,CAMP NEAR JOSEPH,1703609.1666666667,-59696.16666666651,-3.3854696369469672,0.10074315111460519,1790292.8707482994,Stable
3985,900620.8333333334,CAMP / BLAIR / WIDFORD,919397.1666666666,18776.333333333256,2.0848211187652876,0.10962102782084213,932740.9523809524,Stable
3986,1543399.0833333333,CAMP NEAR SMILEY,1648873.3333333333,105474.25,6.83389352365064,0.10620500195909217,1646893.9047619049,Stable
3987,1587871.1666666667,JOHNSTONE NEAR SORRENTO,1431047.6666666667,-156823.5,-9.87633652478313,0.25049631619521023,1460594.0884353742,Decline
3988,1558011.1666666667,GLENROY / WHEATSHEAF / HART'TON,1647520.1666666667,89509.0,5.7450807744531565,0.1916111196272648,1502624.1700680272,Stable
3989,322589.75,BAKEHOUSE DR / LLOYD STREET,333003.0833333333,10413.333333333314,3.2280422218416156,0.19801455884315625,323502.5238095238,Stable
399,1764795.3333333333,BERWICK-CRANBOURNE / BEMERSYDE (NTH),1563599.0,-201196.33333333326,-11.400547674461208,0.12623633634635115,1842444.8639455782,Decline
3993,807642.1666666666,BOUNDARY / CUMBERLAND,920774.6666666666,113132.5,14.007750544640954,0.12610752234367473,868710.074829932,Stable
3994,2186270.1666666665,MAHONEYS NEAR CHEVIOT,2069276.6666666667,-116993.49999999977,-5.35128282788471,0.5241770527540969,1130148.1904761905,Volatile
3995,633129.8333333334,DIMBOOLA / PEARCEDALE,594372.5,-38757.33333333337,-6.121545896721031,0.12991998937006508,610772.5442176871,Stable
3996,824503.25,BARRY / FORD ENTRANCE,856513.9166666666,32010.666666666628,3.8824184946107407,0.11388981067818137,841818.7414965987,Stable
3997,650081.8333333334,CAMP / MAIN,753613.1666666666,103531.33333333326,15.925892406879019,0.13148018648465695,714820.6394557824,Stable
3998,591866.5,JOHNSTONE / PEARCEDALE,664304.5,72438.0,12.238908605234458,0.14552844073285764,649888.7823129252,Stable
3999,570518.0833333334,BROADMEADOWS / SHARPS / BARRIE,504697.75,-65820.33333333337,-11.53694076597339,0.14266695569544563,525138.9795918367,Stable
400,366968.0,HALLAM / POUND,1577528.75,1210560.75,329.881828933313,0.2652359110284864,1423088.6326530613,Growth
4000,980257.8333333334,MELVILLE / MORELAND,1049122.0,68864.16666666663,7.0251075099799385,0.1283077441280237,1000478.6258503401,Stable
4001,1195826.3333333333,SYDNEY / MORELAND,1177440.0,-18386.333333333256,-1.5375421012917363,0.1605478506589729,1174359.2517006802,Stable
4002,507279.9166666667,MORELAND NEAR DE CARLE,452209.9166666667,-55070.0,-10.855939332639984,0.12641805348707866,477529.9319727891,Stable
4003,418960.25,MORELAND NEAR BARROW,366816.0833333333,-52144.166666666686,-12.446089257075506,0.13422684702623053,388878.70068027213,Stable
4004,1282476.4166666667,NICHOLSON / MORELAND / HOLMES,1435422.4166666667,152946.0,11.925833334037266,0.2403184409092544,1462335.4149659865,Stable
4005,811400.0,MELVILLE / ALBION,735829.6666666666,-75570.33333333337,-9.31357324788432,0.12984229112695433,765425.2789115646,Stable
4006,878684.8333333334,SYDNEY / ALBION,726047.75,-152637.08333333337,-17.371084323180728,0.12166017963765399,791926.6802721089,Decline
4007,782677.1666666666,LYGON / ALBION / HOLMES,669447.0,-113230.16666666663,-14.467033342610605,0.13632775001921266,715134.0340136054,Stable
4008,750237.9166666666,MELVILLE / VICTORIA,715117.6666666666,-35120.25,-4.681215014570378,0.12917116780167753,720531.1360544218,Stable
401,783433.0,NARRE WARREN NTH / ERNST WANKE,946994.3333333334,163561.33333333337,20.87751388227626,0.19288104724790409,804536.7142857143,Growth
4010,794497.1666666666,SYDNEY / BLYTH,390326.6666666667,-404170.49999999994,-50.871232391640575,0.1900341431401592,675185.0204081633,Decline
4011,899740.0833333334,SYDNEY / VICTORIA,720363.4166666666,-179376.66666666674,-19.93649832761888,0.12487024977899887,765207.3741496599,Decline
4013,792717.9166666666,SYDNEY / ALBERT,676621.25,-116096.66666666663,-14.645394562904096,0.11533044333707292,737101.0680272109,Stable
4014,1475010.3333333333,SYDNEY / GLENLYON / DAWSON,1242482.6666666667,-232527.6666666665,-15.764477130216706,0.1441574210911842,1327428.4081632653,Decline
4015,457419.0833333333,MELVILLE / DAWSON,463025.0,5605.916666666686,1.2255537363712277,0.1320759378319102,458024.5238095238,Stable
4016,612762.8333333334,DAWSON / GRANTHAM,648759.0833333334,35996.25,5.874417970846251,0.14289720994465235,641692.612244898,Stable
4017,851116.25,LYGON / BLYTH,799943.3333333334,-51172.91666666663,-6.012447379152569,0.14434931000212767,864209.9455782312,Stable
4018,699891.8333333334,LYGON / VICTORIA,662562.75,-37329.08333333337,-5.333550350994718,0.16258269017986393,648997.9591836735,Stable
4019,578987.6666666666,LYGON NEAR ALBERT,542743.5,-36244.16666666663,-6.259920332212021,0.23527704798498736,541835.918367347,Stable
4020,1052146.5833333333,LYGON / GLENLYON,919360.0,-132786.58333333326,-12.62054027801417,0.13370264118661096,980070.1020408163,Decline
4021,993246.0,LYGON NEAR WESTON,891368.3333333334,-101877.66666666663,-10.257042733287285,0.22259891143250893,841984.6802721089,Stable
4022,859795.5833333334,SYDNEY / WESTON,649431.75,-210363.83333333337,-24.466726441856775,0.1417699798600086,739919.7959183673,Decline
4023,865105.5833333334,NICHOLSON / ARTHURTON / BLYTH,1350114.5833333333,485008.9999999999,56.06356141307221,0.30255321849946504,1119477.5102040817,Growth
4024,794160.4166666666,NICHOLSON / GLENLYON,691346.25,-102814.16666666663,-12.94627187517215,0.1754016246516347,731235.5170068027,Stable
4025,719191.9166666666,NICHOLSON NEAR MILLER,676579.0833333334,-42612.833333333256,-5.925099037658343,0.19775429839523898,658947.4897959183,Stable
4028,755029.3333333334,HOLMES NEAR DONALD,1290892.9166666667,535863.5833333334,70.97255161830357,0.37909289603825763,1103628.612244898,Growth
4029,613899.3333333334,MELVILLE / HOPE,582941.75,-30957.583333333372,-5.042778457705884,0.1365942734928116,589132.6394557824,Stable
403,1246608.5,NARRE WARREN NTH / MAGID / RYELANDS,1256071.1666666667,9462.666666666744,0.7590728497893882,0.1581548852668085,1286221.4897959183,Stable
4030,1618985.1666666667,BURKE / DONCASTER / KILBY / HIGH,1105643.25,-513341.91666666674,-31.707635575413452,0.2519156967651417,1162621.163265306,Decline
4032,1386410.4166666667,BURKE / BELMORE / HARP,1392226.4166666667,5816.0,0.41950059881859175,0.12953868869388163,1368892.3945578232,Stable
4033,891065.4166666666,BURKE NEAR TREGARRON,904902.8333333334,13837.416666666744,1.552906936780277,0.12429792928588793,887209.9455782312,Stable
4034,1756936.6666666667,BURKE / COTHAM / WHITEHORSE,1616293.25,-140643.41666666674,-8.005036227828365,0.1328952107131435,1654252.1292517006,Decline
4035,2451433.6666666665,BURKE / BARKERS / MONT ALBERT,4621652.0,2170218.3333333335,88.52853588668728,0.3674011350706694,3256402.5578231295,Growth
4037,1772942.6666666667,BURKE NEAR TORRINGTON,1582828.9166666667,-190113.75,-10.723062486698197,0.1351336469497616,1677193.462585034,Decline
4038,929302.5833333334,BURKE / HAROLD / PROSPECT HILL,685751.75,-243550.83333333337,-26.207915236793617,0.14357828336092537,844869.0408163265,Decline
4039,798429.6666666666,BURKE NEAR BURKE (RIVERSDALE),956372.6666666666,157943.0,19.78170483812183,0.11159905370473729,846606.1224489796,Growth
404,314550.1666666667,KINGSWAY NEAR O'SULLIVAN,322236.6666666667,7686.5,2.4436483634565973,0.378351057687532,312657.36363636365,Volatile
4040,1117130.25,BURKE / CAMBERWELL / RIVERSDALE,1083798.25,-33332.0,-2.983716536187253,0.21399786823579725,1170351.1292517006,Stable
4041,1276680.8333333333,BURKE NEAR CAMPBELL,1261927.9166666667,-14752.916666666511,-1.1555681170639631,0.10816175655280617,1288195.224489796,Stable
4042,798658.0833333334,BURKE / PLEASANT / SEYMOUR,807723.75,9065.666666666628,1.1351123660865672,0.14285787729742913,825812.0340136054,Stable
4043,1321269.4166666667,BURKE / TOORAK,1248404.8333333333,-72864.58333333349,-5.514740779905296,0.1182084520287529,1290780.462585034,Stable
4044,1318757.0,TOORAK NEAR BOWEN,1080110.5833333333,-238646.41666666674,-18.096314686228528,0.13963779801097367,1157136.4829931974,Decline
4045,857933.6666666666,TOORAK / GLEN IRIS,793191.5833333334,-64742.083333333256,-7.546280773066752,0.1650289983366379,816204.2993197279,Stable
4046,1925473.1666666667,TOORAK / SUMMERHILL / CAMBERWELL,3474226.5,1548753.3333333333,80.4349476349493,0.30371151764942667,1913259.5578231292,Growth
4048,1094700.0833333333,TOORAK / HIGHFIELD / LITHGOW,827356.9166666666,-267343.1666666666,-24.421590053470503,0.1839159152825784,985797.7346938775,Decline
4049,1624291.5833333333,TOORAK NEAR GRANDVIEW,861076.8333333334,-763214.7499999999,-46.98754569876847,0.21637959093980286,1389494.5170068026,Decline
405,689675.1666666666,MONASH EXIT RAMP / POLICE,804536.8333333334,114861.66666666674,16.654458826147877,0.21868764820864914,692494.537414966,Stable
4050,1561523.8333333333,TOORAK NEAR MYRNIONG & QUEENS,1210010.3333333333,-351513.5,-22.51092762699854,0.14969297808402307,1410106.5238095238,Decline
4051,560111.0,DONCASTER / BULLEEN / SEVERN,485330.6666666667,-74780.33333333331,-13.350984596505569,0.17243010371774634,494402.9319727891,Stable
4053,474865.4166666667,DONCASTER NEAR BUCHANAN,432082.5,-42782.916666666686,-9.009482511272934,0.1479214247732357,422578.8911564626,Stable
4054,540883.0,BULLEEN / HILLVIEW,408586.6666666667,-132296.3333333333,-24.459325461020835,0.194781272798351,472459.1360544218,Decline
4055,560433.0,BULLEEN NEAR LEONIS,434186.4166666667,-126246.58333333331,-22.526614837693945,0.15833902757532892,504316.78231292515,Decline
4057,872614.5,BALWYN / BELMORE,871907.9166666666,-706.5833333333721,-0.080973136858644,0.19211737568164824,806432.775510204,Stable
4059,560023.4166666666,BELMORE / GREYTHORN,570887.1666666666,10863.75,1.9398742403777463,0.14220886061701288,542539.3605442176,Stable
406,509908.4166666667,,366382.1666666667,-143526.25,-28.14745654489262,0.19578970478621166,465853.91752577317,Decline
4061,638636.0833333334,WHITEHORSE NEAR BARNSBURY,478396.5833333333,-160239.50000000006,-25.09089357488805,0.17884035228455797,536121.7619047619,Decline
4062,456111.9166666667,WHITEHORSE NEAR PARKSIDE,357450.5,-98661.41666666669,-21.630966668816484,0.16440301347825217,389105.5170068027,Stable
4063,893041.0,WHITEHORSE / BALWYN,764973.6666666666,-128067.33333333337,-14.34058831938661,0.14372949732592935,813786.768707483,Decline
4064,1037161.5,WHITEHORSE NEAR BRENBEAL,887366.5,-149795.0,-14.44278446510018,0.13788304058124232,937941.0136054421,Decline
4066,812296.25,BALWYN / MONT ALBERT,761844.4166666666,-50451.83333333337,-6.211013941444808,0.15815624721664895,771995.4217687075,Stable
4068,693388.8333333334,MONT ALBERT / UNION,681204.75,-12184.083333333372,-1.7571790527344862,0.17735272731249574,653414.5782312925,Stable
407,1216513.5,KINGSWAY / RAILWAY PDE NTH / COLEMAN,944495.0833333334,-272018.4166666666,-22.36049305385157,0.16638260122650322,1130690.2517006802,Decline
4070,594628.0,KOOYONG / ALMA,451172.6666666667,-143455.3333333333,-24.125223388964752,0.1499113226109225,540291.2448979592,Decline
4071,720622.75,INKERMAN / KOOYONG,692063.5833333334,-28559.166666666628,-3.9631230996615954,0.15586230790087943,732896.6258503401,Stable
4072,532070.1666666666,HAWTHORN / INKERMAN,552455.75,20385.583333333372,3.8313712383172596,0.11724505094696441,558174.0204081633,Stable
4073,593243.5,BALACLAVA / ORRONG,624591.0833333334,31347.583333333372,5.284100598377121,0.15015955573745376,577366.8163265307,Stable
4074,776450.5,BALACLAVA / KOOYONG,672349.0833333334,-104101.41666666663,-13.40734749564417,0.21650060813881955,720664.0952380953,Stable
4075,812210.0,BALACLAVA / HAWTHORN,533039.5833333334,-279170.4166666666,-34.37170395176945,0.21900461530643575,706875.5034013606,Decline
4076,418734.5,BALACLAVA / KAMBROOK,349418.4166666667,-69316.08333333331,-16.553707261602117,0.1896344257830228,405195.36734693876,Stable
4077,289860.6666666667,BALACLAVA / NORMANBY,275356.4166666667,-14504.25,-5.003869675315266,0.24585612767512094,261476.9455782313,Stable
4078,760742.75,ORRONG / GLEN EIRA,677940.4166666666,-82802.33333333337,-10.884406500532982,0.12213192494956186,726770.2585034013,Stable
4079,864802.75,GLEN EIRA / KOOYONG,761630.1666666666,-103172.58333333337,-11.930186777659225,0.12355087459195108,822572.9455782312,Stable
408,1892809.5,SPRINGVALE / THE GLEN SHOPPING,2779355.5833333335,886546.0833333335,46.83757574829023,0.23038404291731485,2392809.3333333335,Growth
4080,757934.75,HAWTHORN / GLEN EIRA,689605.75,-68329.0,-9.015155988031951,0.14297641990055285,702736.1836734693,Stable
4081,778778.25,BAMBRA / GLEN EIRA,704875.0,-73903.25,-9.489639701673743,0.13539369228290932,749883.0340136054,Stable
4082,567113.9166666666,BOORAN / NEERIM,591042.6666666666,23928.75,4.219390372334071,0.1356147118544213,565825.8707482993,Stable
4084,605325.8333333334,KOORNANG / NEERIM,521930.1666666667,-83395.66666666669,-13.776987875675776,0.12351605864780976,572751.9047619047,Stable
4085,1222651.3333333333,MURRUMBEENA / NEERIM,1803514.5833333333,580863.25,47.508495199230964,0.29049433462876906,1466138.0340136054,Growth
4086,399426.25,POATH / NEERIM,401048.1666666667,1621.916666666686,0.40606161129036616,0.20169141876317873,457179.3846153846,Stable
4087,1380812.4166666667,GLENHUNTLY NEAR GORDON,1039610.4166666666,-341202.0000000001,-24.71023550205861,0.14300806025365412,1226000.2789115647,Decline
4088,750652.0,GLENHUNTLY / ORRONG,636190.5,-114461.5,-15.248277497428903,0.1042253627624858,704516.9455782312,Stable
4089,870790.5833333334,GLENHUNTLY / KOOYONG,743204.3333333334,-127586.25,-14.65177190038133,0.12281040068360002,801351.5986394557,Decline
409,1786703.6666666667,SPRINGVALE NEAR MILTON,1707452.75,-79250.91666666674,-4.435593777815426,0.14655536859756055,1757566.3945578232,Stable
4090,741779.5833333334,GLENHUNTLY NEAR CEDAR,527108.0833333334,-214671.5,-28.940065866376525,0.17422922477372974,596238.9591836735,Decline
4091,605517.6666666666,HAWTHORN / GLENHUNTLY,643680.3333333334,38162.666666666744,6.3024860821567135,0.12654541549238918,611054.1564625851,Stable
4092,629311.4166666666,GLENHUNTLY / BAMBRA,593949.5833333334,-35361.833333333256,-5.619131068785885,0.14190947904252618,628810.2857142857,Stable
4093,619338.1666666666,GLENHUNTLY / BOORAN,516544.8333333333,-102793.33333333331,-16.59728705023561,0.13896955924230603,564022.925170068,Stable
4096,294833.0833333333,BALACLAVA NEAR KINROSS,264891.1666666667,-29941.916666666628,-10.155548464286419,0.13862071043727897,269205.9727891156,Stable
4097,377687.6666666667,HAWTHORN NEAR ELLINGTON,363252.4166666667,-14435.25,-3.8220072493762483,0.13145202011406132,352954.08843537414,Stable
4101,389201.4166666667,POATH / RAILWAY / WILLESDEN,806759.6666666666,417558.24999999994,107.28590187985354,0.3800597066685296,633360.2176870748,Growth
4102,348407.9166666667,KOORNANG NEAR JERSEY,540896.4166666666,192488.49999999994,55.2480270372731,0.3308558267934224,516803.2167832168,Growth
4103,643720.0833333334,INKERMAN / ORRONG,575019.9166666666,-68700.16666666674,-10.672366521628653,0.15425609342521784,619561.237704918,Stable
4105,574986.4166666666,ORRONG / ALMA,482808.3333333333,-92178.08333333331,-16.03134972608773,0.1444757285895967,538207.4081632653,Stable
4106,146427.75,GLENHUNTLY / TRUGANINI,131095.08333333334,-15332.666666666657,-10.471148171481607,0.25116599621762015,166046.48979591837,Stable
4107,24397.833333333332,YAN YEAN / IRONBARK,684506.5833333334,660108.75,2705.6039812278414,0.6608120448264039,495738.3379310345,Growth
4108,397142.4166666667,GLEN EIRA NEAR ST GEORGES,340174.0,-56968.416666666686,-14.344581257479216,0.1357380751270751,369090.0136054422,Stable
4109,426791.75,GLENHUNTLY NEAR CARRE,333210.75,-93581.0,-21.926618778362048,0.12025442201435976,380992.2925170068,Stable
411,1619017.25,SPRINGVALE / HAWTHORN,1775789.9166666667,156772.66666666674,9.68319927824529,0.14198996939472547,1725704.2585034014,Growth
4111,562709.1666666666,BOUNDARY / SUSSEX,583307.1666666666,20598.0,3.6605055009174365,0.11781233280092385,605027.8979591837,Stable
4112,752344.5833333334,GAFFNEY / CUMBERLAND,797644.3333333334,45299.75,6.021143901813608,0.13184148235525733,760654.6054421769,Stable
4113,467729.4166666667,GAFFNEY NEAR LANDELLS,459011.25,-8718.166666666686,-1.8639337950556567,0.24895309522346182,434176.70068027213,Stable
4114,725451.3333333334,GAFFNEY / DERBY,665801.5833333334,-59649.75,-8.222433023304113,0.2931635263152198,681858.3537414966,Volatile
4115,1457985.8333333333,SYDNEY / GAFFNEY / MURRAY,1396910.3333333333,-61075.5,-4.189032472309116,0.11042220881226708,1421142.4013605441,Stable
4116,606496.3333333334,MURRAY / CHAMP,697111.3333333334,90615.0,14.940733359751007,0.2615228237316294,627097.6734693878,Stable
4117,679169.3333333334,MURRAY / NEWLANDS,676864.25,-2305.083333333372,-0.3393974404026937,0.13265624494937375,665298.8571428572,Stable
4118,613212.0833333334,MURRAY NEAR COBURG POOL,584291.4166666666,-28920.666666666744,-4.716258445113822,0.12936467476807534,581514.1088435374,Stable
4119,909761.5,MURRAY / ELIZABETH,852773.5,-56988.0,-6.264059316645076,0.1340431133605041,838569.0952380953,Stable
412,1019449.5833333334,SPRINGVALE NEAR ASTELOT,1077205.1666666667,57755.58333333337,5.665369261762581,0.14111284101691432,1043392.1700680272,Stable
4120,86744.83333333333,O'HEA NEAR BISHOP,111696.0,24951.16666666667,28.763864898774,0.35149088503567627,180481.9115044248,Volatile
4121,1087152.0,SYDNEY / O'HEA,947769.0833333334,-139382.91666666663,-12.820922618609599,0.10836877046475725,999083.0136054421,Decline
4124,712945.4166666666,MELVILLE / REYNARD,669958.3333333334,-42987.083333333256,-6.029505531337417,0.12535998762301526,685277.2857142857,Stable
4126,761197.0833333334,SYDNEY / REYNARD / EDWARD,610653.9166666666,-150543.16666666674,-19.77716020763349,0.11515982720669486,680093.3197278911,Decline
4128,1033782.0,SYDNEY / URQUHART,686243.8333333334,-347538.1666666666,-33.61812903171719,0.17618397504410144,760917.1632653062,Decline
4129,871697.5833333334,SYDNEY NEAR VICTORIA ST MALL,1229916.9166666667,358219.3333333334,41.094450665277556,0.3911967296293917,945281.7551020408,Growth
413,1949249.0833333333,SPRINGVALE / SPRINGFIELD,1810799.8333333333,-138449.25,-7.102696683752876,0.1247887762517796,1902838.5782312925,Decline
4130,940459.0,SYDNEY / HARDING / MUNRO,817769.8333333334,-122689.16666666663,-13.045668834756924,0.12122282661743762,860182.5578231292,Stable
4131,1059953.0,SYDNEY NEAR THE AVENUE,838047.0833333334,-221905.91666666663,-20.93544871014721,0.269521322185944,863926.6530612245,Decline
4132,840978.1666666666,NICHOLSON / HARDING,801060.0833333334,-39918.083333333256,-4.746625407833607,0.12669065615324854,809843.5102040817,Stable
4133,196017.16666666666,ELIZABETH / MURPHY,225205.08333333334,29187.916666666686,14.890490033611012,0.12169960194688535,226008.42176870749,Stable
4136,462701.75,GAFFNEY NEAR MOLESWORTH,460848.3333333333,-1853.416666666686,-0.4005640062235956,0.11735361810543958,442269.2108843537,Stable
4137,281157.5833333333,NEWLANDS NEAR CARR,313204.5833333333,32047.0,11.398234264236754,0.19310341711171788,294832.8494623656,Stable
4138,731728.8333333334,NICHOLSON NEAR RENNIE,618279.0833333334,-113449.75,-15.504343252839792,0.1420309914196081,665162.619047619,Stable
414,3346830.25,SPRINGVALE NEAR TUNSTALL,3095603.8333333335,-251226.4166666665,-7.506398529374668,0.11095002008725521,3308468.993197279,Decline
4140,750501.0833333334,HODDLE / QUEENS,706750.3333333334,-43750.75,-5.829538553852853,0.12903481335179917,717080.7959183673,Stable
4142,547635.6666666666,WELLINGTON / LANGRIDGE,553956.0,6320.333333333372,1.154112801272386,0.22331399221569656,593636.1951219512,Stable
4143,1019415.5833333334,SMITH NEAR CHARLES,538238.25,-481177.3333333334,-47.20129270144733,0.2558900705321362,751930.9523809524,Decline
4144,623484.5,GERTRUDE / LANGRIDGE / SMITH,502634.9166666667,-120849.58333333331,-19.38293306944011,0.16155450214078906,590204.5102040817,Stable
4145,1284625.5833333333,HODDLE / ROSENEATH / SOUTH,1553689.0,269063.41666666674,20.94489010319285,0.22794712227850367,1274026.0952380951,Growth
4146,1288169.3333333333,HODDLE / RAMSDEN / NORTH,1227127.6666666667,-61041.66666666651,-4.738636845880499,0.20109638445567088,1229147.7482993198,Stable
4147,561272.25,NICHOLSON / GIPPS,761596.5,200324.25,35.69110177814777,0.2193591067632778,622840.2222222222,Growth
4148,361280.75,WELLINGTON NEAR OTTER,663192.9166666666,301912.1666666666,83.56718885981792,0.3308742561290073,490185.9863945578,Growth
4149,610420.5833333334,JOHNSTON / GOLD / DIGHT,447852.1666666667,-162568.4166666667,-26.63219771832181,0.17936344306744348,512650.43537414965,Decline
415,3352249.9166666665,SPRINGVALE NEAR WALKERS / SILVER,3035305.5833333335,-316944.333333333,-9.454674955991612,0.11787601949506944,3324618.455782313,Decline
4150,638124.75,BURNLEY / BARKLY / CITYLINK OFF RAMPS,540722.0,-97402.75,-15.263904119061358,0.1572101525938353,595500.4285714285,Stable
4152,545018.25,CHURCH NEAR GIBBONS,858022.9166666666,313004.6666666666,57.43012581077177,0.32632741145405203,642881.3945578231,Growth
4153,416189.0833333333,BURNLEY NEAR BOYD,358267.4166666667,-57921.66666666663,-13.917151839438354,0.15698381263642525,381853.8231292517,Stable
4154,609629.4166666666,VICTORIA NEAR CHARLES,634635.6666666666,25006.25,4.101877192332555,0.19045569125815107,687792.4353741497,Stable
4155,2817231.3333333335,HIGH NEAR WALKER,2280134.3333333335,-537097.0,-19.064710577548123,0.14789446527554562,2485966.448979592,Decline
4158,737165.9166666666,MURRAY / STREETOCKADE,464793.25,-272372.6666666666,-36.948624523809706,0.15838477751597752,692165.6326530612,Decline
4159,1257717.0833333333,CITY NEAR FANNING,1328790.9166666667,71073.83333333349,5.651019158057883,0.14053872636197637,1296210.9455782312,Stable
416,3719199.5833333335,SPRINGVALE NEAR LAUGHLIN AVE,3216635.5833333335,-502564.0,-13.512692415113062,0.12217352371477706,3442127.129251701,Decline
4160,1306002.4166666667,ST GEORGES NEAR KEMP,1253320.4166666667,-52682.0,-4.033836333508571,0.11571325939710919,1266175.7210884353,Stable
4161,543675.4166666666,GRATTAN NEAR BERKELEY,441610.6666666667,-102064.74999999994,-18.773103743731888,0.39412753444491794,441408.02469135803,Volatile
4162,1394589.4166666667,PEEL NEAR VICTORIA,1268452.1666666667,-126137.25,-9.044758872578566,0.20637678530995401,1489768.4081632653,Decline
4163,209484.25,DOCKLANDS DR / PEARL RIVER ROAD,187401.91666666666,-22082.333333333343,-10.541285721162017,0.16808173548869448,221647.42176870749,Stable
4164,834340.3333333334,MAIN / COLLINS / HYDE,826049.3333333334,-8291.0,-0.9937191897311289,0.17042399955205004,843984.918367347,Stable
4165,1708379.3333333333,PLENTY / PARADE COLLEGE,1496588.3333333333,-211791.0,-12.397188134251214,0.14343736186587785,1568551.2857142857,Decline
4166,1694632.9166666667,PLENTY / GREENHILLS,1554494.75,-140138.16666666674,-8.269529364643626,0.1472193016044404,1648602.6462585034,Decline
4169,2449865.3333333335,METROPOLITAN RING ROAD / PLENTY,2357870.9166666665,-91994.41666666698,-3.755080551366373,0.1386662098647072,2537873.707482993,Stable
417,2443886.0833333335,SPRINGVALE / CANTERBURY,2313026.25,-130859.83333333349,-5.3545799137596255,0.13106273415031297,2378736.387755102,Decline
4170,1399672.4166666667,GRIMSHAW NEAR BALAKA,1329535.25,-70137.16666666674,-5.010970126402796,0.1258790812971922,1389737.306122449,Stable
4171,1277559.6666666667,GRIMSHAW NEAR PATRICIA,1072717.75,-204841.91666666674,-16.03384342910012,0.16365460651329936,1143365.068027211,Decline
4172,902000.1666666666,GRIMSHAW / WATSONIA / MACORNA,971734.25,69734.08333333337,7.7310499388303935,0.18415891232956366,994931.1904761905,Stable
4174,843577.5,THE CIRCUIT NEAR HAILES,795581.5,-47996.0,-5.689578017431711,0.11849738095863271,850673.2585034013,Stable
4176,1471651.6666666667,DIAMOND CREEK / YAN YEAN / AQUEDUCT,1588465.3333333333,116813.66666666651,7.937589397853421,0.14009867716490876,1538389.7074829931,Stable
4177,308874.1666666667,WATSONIA-MORWELL,309377.5833333333,503.41666666662786,0.16298438684576336,0.36161013409359616,292180.4375,Volatile
4178,1082994.9166666667,GRIMSHAW NEAR DENDARYL,978330.5833333334,-104664.33333333337,-9.664342068703156,0.11940419789171987,1063887.6666666667,Stable
418,1737498.8333333333,SPRINGVALE NEAR JOLIMONT,1701881.25,-35617.583333333256,-2.049934230171661,0.12445523571079842,1746069.843537415,Stable
4180,603049.6666666666,THE CIRCUIT / VALLEY CENTRAL / HAILES E,557783.3333333334,-45266.333333333256,-7.506236357536045,0.13448826659276897,582298.1700680272,Stable
4181,1690385.8333333333,PLENTY / GREENWOOD,1598836.0,-91549.83333333326,-5.41591342804872,0.13842959814992695,1668141.5578231292,Stable
4183,1655678.0833333333,PLENTY NEAR LARUNDEL,1569756.25,-85921.83333333326,-5.1895253188560115,0.17319518294195874,1567877.5714285714,Stable
4184,1814315.1666666667,PLENTY / MAIN,1386370.5,-427944.66666666674,-23.587118408589618,0.1375987892749995,1703365.0612244897,Decline
4185,475516.5,WATTLETREE NEAR ELTHAM NTH PS,495033.1666666667,19516.666666666686,4.10430903379098,0.13996515380935132,494503.731092437,Stable
4186,636428.4166666666,PARA / FLINTOFF,482824.1666666667,-153604.24999999994,-24.135353792734733,0.254281847497019,531363.3537414966,Decline
4187,2470333.5,GREENSBOROUGH HIGHWAY / GRIMSHAW ST,1957751.6666666667,-512581.83333333326,-20.74949934222781,0.12424904705532913,2523895.714285714,Decline
4188,548330.3333333334,GRIMSHAW / THE CONCORD,519030.4166666667,-29299.916666666686,-5.343479082864286,0.14424847612850655,535741.3265306122,Stable
4189,601688.4166666666,HURSTBRIDGE-MAIN / SHOPPING CENTRE ACCESS,588175.8333333334,-13512.583333333256,-2.245777541836771,0.11451029242432657,616499.612244898,Stable
4190,459598.8333333333,NAPIER / WOODLANDS,456260.6666666667,-3338.166666666628,-0.7263218321195248,0.197892972707105,455924.6458333333,Stable
4191,454619.0833333333,KEILOR NEAR GILLIES,399629.0,-54990.083333333314,-12.095859005772045,0.1150252328820062,438594.4829931973,Stable
4193,447872.8333333333,KEILOR NEAR MT ALEXANDER,375649.1666666667,-72223.66666666663,-16.125931579536893,0.11034794890195118,418734.8095238095,Stable
4196,616429.5833333334,BUCKLEY / COOPER / FAWKNER,617065.75,636.1666666666279,0.10320183908542586,0.13587167333806432,607620.6530612245,Stable
4197,1972191.5,BUCKLEY NEAR MCCRACKEN,1858828.5,-113363.0,-5.748072638990686,0.12187316340420819,1933111.469387755,Stable
4198,1035521.5,BUCKLEY / WAVERLEY / LINCOLN,1028560.8333333334,-6960.666666666628,-0.672189487776606,0.15463560955688158,984991.5102040817,Stable
4199,1042528.8333333334,WAVERLEY / HOLMES,1021305.6666666666,-21223.166666666744,-2.0357390594952443,0.12130741700355666,1032567.6394557824,Stable
420,1639114.0,SPRINGVALE / HIGHBURY,1539433.4166666667,-99680.58333333326,-6.081369772531579,0.1333142332903824,1591451.7278911564,Stable
4201,1131127.75,RALEIGH NEAR WOODS,1030622.8333333334,-100504.91666666663,-8.885372732360834,0.14402665879418228,1095725.2448979593,Stable
4202,1066567.5833333333,MARIBYRNONG / ORFORD / WALTER,1098463.0,31895.416666666744,2.9904730994152575,0.14631705386817243,1063199.5170068026,Stable
4203,806257.25,MARIBYRNONG / EPSOM / SCOTIA,829467.25,23210.0,2.878733803634014,0.14150235817609402,836809.4421768708,Stable
4204,746825.5833333334,MARIBYRNONG / UNION,592793.1666666666,-154032.41666666674,-20.624951809921715,0.1608776646549513,642323.6462585034,Decline
4205,1061984.75,MARIBYRNONG / ASCOT VALE,968863.9166666666,-93120.83333333337,-8.76856596418483,0.1280961608380393,1017991.9591836735,Stable
4206,1218565.5,MT ALEXANDER / ORMOND / MARIBYRNONG,1109833.5,-108732.0,-8.922950797474572,0.12978090446985088,1191123.9115646258,Stable
4208,370656.9166666667,UNION NEAR BLOOMFIELD,347890.3333333333,-22766.583333333372,-6.1422254137530246,0.33139568247219775,312742.96598639456,Volatile
4209,188813.33333333334,UNION NEAR BURROWES,162734.91666666666,-26078.416666666686,-13.811745286349844,0.2101802756413372,179226.2380952381,Stable
4210,834535.5,ST GEORGES NEAR CLAUSCEN,1515907.0,681371.5,81.64679633161201,0.3511471977919629,1222264.224489796,Growth
4211,585360.5,MARIBYRNONG BTN LENNOX & BOWEN,495752.8333333333,-89607.66666666669,-15.308116394370083,0.2163146922636388,496998.65986394556,Stable
4212,1969708.25,STREET GEORGES / HOLDEN,1964720.0,-4988.25,-0.25324816505185477,0.13793213436401147,2011147.5238095238,Stable
4213,418990.1666666667,HOLDEN NEAR DEAN,339180.0833333333,-79810.08333333337,-19.048199619641043,0.15169819252873484,370455.8775510204,Stable
4214,816076.3333333334,STREET GEORGES / SCOTCHMER,690792.0,-125284.33333333337,-15.352036104465721,0.12750539833419933,742496.0,Stable
4215,602508.9166666666,ST GEORGES NEAR REID,1002434.1666666666,399925.25,66.37665251703744,0.3015331043386581,837424.2380952381,Growth
4216,897279.9166666666,BRUNSWICK / GERTRUDE,715465.5,-181814.41666666663,-20.262842541053935,0.20822716242706055,793305.0,Decline
4217,1164683.5,BRUNSWICK NEAR LEICESTER,867252.3333333334,-297431.1666666666,-25.537510118986546,0.15067947583679436,1108391.761904762,Decline
4218,1712351.25,VICTORIA / SMITH,1670125.75,-42225.5,-2.4659368222495237,0.19414274064379855,1748433.2671232878,Stable
4219,555004.4166666666,BRUNSWICK NEAR CHURCH,465853.1666666667,-89151.24999999994,-16.06316045833268,0.12276764337132723,517294.31292517006,Stable
422,2099907.0,SPRINGVALE / HIGH STREET ROAD,2205851.5,105944.5,5.045199620745109,0.15312614605577818,2104025.7482993198,Stable
4220,1066599.6666666667,BRUNSWICK NEAR PALMER,666195.5833333334,-400404.0833333334,-37.54024080887581,0.20825031030872088,890885.3333333334,Decline
4221,1059050.5,BRUNSWICK NEAR HANOVER,777035.1666666666,-282015.3333333334,-26.629073243753094,0.15000003441088816,945266.4693877551,Decline
4222,886822.25,GERTRUDE NEAR NAPIER,647598.0833333334,-239224.16666666663,-26.975435795241566,0.1509614139226739,748592.0680272109,Decline
4223,759593.8333333334,NICHOLSON NEAR FREEMAN,477950.3333333333,-281643.50000000006,-37.07817094355032,0.30195612440025055,610200.0136054421,Decline
4224,1885298.9166666667,SWAN / YARRA / AMRAD,1588953.5,-296345.41666666674,-15.71874963948025,0.134222189941624,1694310.142857143,Decline
4226,659766.8333333334,ST GEORGES NEAR PARK,1219162.5833333333,559395.7499999999,84.78688556891687,0.3527431151765607,998018.3401360544,Growth
4227,163548.08333333334,RUSHALL NEAR ROWE,155478.66666666666,-8069.416666666686,-4.9339720174036605,0.29663091379298023,155810.04761904763,Volatile
4228,1082519.0,SMITH NEAR ST DAVID,707131.1666666666,-375387.8333333334,-34.67725123839243,0.14685951784124562,933334.7006802721,Decline
4229,162490.0,SOMERVILLE NEAR POWELL,155371.41666666666,-7118.583333333343,-4.38093626274438,0.13434054908582782,165457.99159663866,Stable
423,1796727.0833333333,SPRINGVALE / COLEMAN / GLEN / RAILWAY,1825019.1666666667,28292.08333333349,1.5746455650262312,0.12642972107292771,1773758.3945578232,Stable
4230,1582418.0,WILLIAMSTOWN / FRANCIS,1135522.0833333333,-446895.91666666674,-28.241331725667095,0.15269467283378577,1209017.3741496599,Decline
4231,1220048.0,NAPIER / WHITEHALL,874354.6666666666,-345693.3333333334,-28.33440432944715,0.18257196834291323,1014255.3197278911,Decline
4232,799981.5833333334,HYDE / NAPIER,723382.5,-76599.08333333337,-9.575105843582445,0.16175712607662474,805221.8707482993,Stable
4233,958496.0,BUCKLEY / NICHOLSON,719849.25,-238646.75,-24.898043392982338,0.1883604666096912,788382.9863945579,Decline
4234,746743.3333333334,ALBERT / BUCKLEY,706109.75,-40633.58333333337,-5.441439048669115,0.1616199621561368,722679.1496598639,Stable
4235,765929.1666666666,BUCKLEY / VICTORIA,717136.6666666666,-48792.5,-6.370367146657382,0.2010307991051684,727963.918367347,Stable
4236,1189509.6666666667,HOPKINS / DYNON / WHITEHALL,768783.5833333334,-420726.0833333334,-35.369706957684805,0.177782273266241,1143957.0068027212,Decline
4237,1098550.9166666667,HOPKINS / IRVING / MOORE,995937.1666666666,-102613.75000000012,-9.340827852691712,0.1489437042007234,1060347.6598639456,Stable
4238,406060.3333333333,BARKLY / DROOP / HOPKINS / NICHOLS,363474.5833333333,-42585.75,-10.487542491633018,0.11715952184910668,384464.9591836735,Stable
4239,1461997.5,BUCKLEY NEAR ARRAN,1437945.3333333333,-24052.166666666744,-1.6451578519571166,0.1620716326519936,1592387.850340136,Stable
424,1991001.0,SPRINGVALE NEAR WILSON,1811049.6666666667,-179951.33333333326,-9.038234201456115,0.13496702444230285,1870709.6054421768,Decline
4240,1113341.4166666667,BARKLY / GORDON,966194.5833333334,-147146.83333333337,-13.216685477657835,0.14650131036555755,998613.7414965987,Decline
4241,1087223.25,GORDON NEAR SHEPRINCES HIGHWAY EASTRD,710413.8333333334,-376809.4166666666,-34.65796161613235,0.15277013771706033,981576.9115646258,Decline
4242,533905.25,BUCKLEY NEAR CUTHBERT,557675.3333333334,23770.083333333372,4.452116425776554,0.16839302803373943,554453.9523809524,Stable
4243,337227.75,ALBERT / IRVING,327435.5,-9792.25,-2.903749765551619,1.2442123733554402,703364.1904761905,Volatile
4244,319750.0833333333,NICHOLSON / IRVING,290910.0833333333,-28840.0,-9.019544170043218,0.15132741015650006,330498.2916666667,Stable
4245,228952.91666666666,IRVING / LEEDS,238990.08333333334,10037.166666666686,4.3839435691836295,0.1838420348519147,254366.73469387754,Stable
4246,193035.41666666666,BARKLY NEAR VICTORIA,659183.25,466147.8333333334,241.4830611826414,0.5094091621086927,450188.4789915966,Growth
4247,411504.3333333333,HOPKINS / LEEDS,426591.0,15086.666666666686,3.6662230369384576,0.1911725560982839,397715.44217687077,Stable
4248,462105.0,BARKLY / WARLEIGH,346009.0833333333,-116095.91666666669,-25.123276455928128,0.13734465652292785,408345.0272108844,Stable
4249,650905.0833333334,WILLIAMSTOWN / CHARLES / DICKSON,686880.3333333334,35975.25,5.52695791155418,0.12974279699337082,688406.7414965987,Stable
4251,1768767.9166666667,WILLIAMSTOWN / SOMERVILLE,743510.75,-1025257.1666666667,-57.964482338577014,0.44234010638281523,1082598.3673469387,Decline
4253,352611.0,BARKLY NEAR ARGYLE,340969.0,-11642.0,-3.301655365260868,0.15761662216385944,376237.3469387755,Stable
4254,370979.4166666667,FRANCIS / WEMBLEY,1603442.1666666667,1232462.75,332.2186338729934,0.8375866763147157,500372.9863945578,Growth
4255,493066.5,FRANCIS / STEPRINCES HIGHWAY EASTN,388808.0,-104258.5,-21.144916557908516,0.176741903604277,438325.1360544218,Stable
4256,342693.4166666667,PAISLEY / FRENCH,298676.9166666667,-44016.5,-12.844279422739616,0.18732862206487746,361180.8775510204,Stable
4257,857992.4166666666,WILLIAMSTOWN / ANDERSON,770038.3333333334,-87954.08333333326,-10.251149267150662,0.12424751736456903,804046.1972789116,Stable
4258,794119.3333333334,WILLIAMSTOWN NEAR CASTLE,724986.5,-69132.83333333337,-8.705597563422462,0.13224690945153936,750943.3741496599,Stable
4259,321022.3333333333,BARKLY NEAR CLARKE,257057.08333333334,-63965.24999999997,-19.925482858409634,0.15402303599137349,293052.275,Stable
426,2155531.3333333335,SPRINGVALE / WAVERLEY,2012340.0833333333,-143191.25000000023,-6.642967689018371,0.1358552657603162,2056466.6598639456,Decline
4260,790547.5833333334,AUBURN / RATHMINES / LIDDIARD,722339.5833333334,-68208.0,-8.627943647920834,0.1483508276167465,757863.380952381,Stable
4261,263703.9166666667,RATHMINES NEAR STANLEY,239467.16666666666,-24236.75000000003,-9.190894965218261,0.19647867516111556,259163.6344827586,Stable
4262,809389.5,BURWOOD / CHURCH,611298.5,-198091.0,-24.47412525119241,0.16747328391916566,702337.5646258503,Decline
4263,1762521.4166666667,BURWOOD / POWER,1411021.6666666667,-351499.75,-19.943005893498125,0.15842173165533097,1546796.551020408,Decline
4264,1051176.5,BURWOOD / GLENFERRIE,989028.1666666666,-62148.33333333337,-5.91226433746696,0.1331975377562833,1000839.0884353742,Stable
4265,614050.0,BURWOOD NEAR LAUNDER,241726.75,-372323.25,-60.63402817360149,0.2750659212323513,497062.43537414965,Decline
4266,1426485.0,BURWOOD / AUBURN,1236017.0,-190468.0,-13.352260977157137,0.1691114786152209,1322042.5646258504,Decline
4267,512308.8333333333,CAMBERWELL / HAROLD,425275.5,-87033.33333333331,-16.988450651348646,0.15275760870049584,457616.0816326531,Stable
4268,1821601.6666666667,POWER / RIVERSDALE / WALLEN,1635990.4166666667,-185611.25,-10.189453237581212,0.13856083154722396,1696183.0408163266,Decline
4269,618221.6666666666,RIVERSDALE NEAR FORDHOLM,617395.8333333334,-825.8333333332557,-0.13358207546914225,0.12715819843062595,585480.9591836735,Stable
427,1718291.75,SPRINGVALE NEAR WHITES,1641867.5833333333,-76424.16666666674,-4.447682802799161,0.13306715753685963,1689494.4013605441,Stable
4270,993487.1666666666,GLENFERRIE / RIVERSDALE,859512.3333333334,-133974.83333333326,-13.485310915775955,0.1342902824912433,920975.8095238095,Decline
4271,1138534.25,AUBURN / RIVERSDALE,1004901.6666666666,-133632.58333333337,-11.737247547303332,0.12890072185544268,1068839.7823129252,Decline
4272,755290.4166666666,RIVERSDALE / TOORONGA,652222.9166666666,-103067.5,-13.646075433456337,0.1431924070073709,667335.775510204,Stable
4273,1312541.3333333333,TOORAK / TOORONGA,1110446.5,-202094.83333333326,-15.397216697175754,0.15324837383367207,1161594.2925170069,Decline
4274,454746.0,GLENFERRIE NEAR URQUHART,379249.9166666667,-75496.08333333331,-16.6018136131672,0.15255575458359902,405913.92517006805,Stable
4275,601095.75,GLENFERRIE / CALLANTINA,513487.5,-87608.25,-14.574757848479214,0.18100796948498576,551577.3129251701,Stable
4276,475218.4166666667,AUBURN NEAR AIREDALE,319834.5,-155383.9166666667,-32.697368455662755,0.4629340976285035,412956.5064935065,Decline
4277,456818.6666666667,TOORONGA NEAR BURGESS,391439.3333333333,-65379.33333333337,-14.311878673959624,0.1820155587706257,401963.7551020408,Stable
4278,570643.3333333334,RIVERSDALE NEAR KOOYONGKOOT,491902.25,-78741.08333333337,-13.798651229898425,0.130532602098609,511548.78231292515,Stable
4279,518758.5833333333,BURWOOD NEAR MORANG,367838.25,-150920.3333333333,-29.09259493377057,0.16221671310319385,437735.29931972787,Decline
4280,676028.4166666666,BURWOOD / WILLIAM,327028.3333333333,-349000.0833333333,-51.62506112600542,0.24095653152361104,550380.0204081633,Decline
4281,541187.4166666666,CAMBERWELL NEAR MAYSTON,451028.8333333333,-90158.58333333331,-16.659401264103053,0.1607695449914793,480263.387755102,Stable
4282,438347.6666666667,CHURCH NEAR GROVE,403090.8333333333,-35256.83333333337,-8.043121023419014,0.14721101158230104,407808.14965986396,Stable
4283,1723550.8333333333,TOORAK / TOORONGA OFFICE PARK,1417461.0833333333,-306089.75,-17.759252821573295,0.1730876093423358,1471830.1700680272,Decline
4284,373150.3333333333,GLENFERRIE / WAKEFIELD,435884.0833333333,62733.75,16.811923880545017,0.2833146761760818,323149.74149659864,Volatile
4285,644522.5,BURWOOD / CAMBERWELL,528668.0833333334,-115854.41666666663,-17.975232310224488,0.1801664145797137,572297.4149659864,Stable
4287,336440.5,TOORONGA NEAR CAMPBELL,317811.0833333333,-18629.416666666686,-5.537209897936392,0.15626126237422122,314816.3605442177,Stable
4289,462130.1666666667,BURWOOD NEAR BARTON,326014.3333333333,-136115.83333333337,-29.45400303882637,0.17931585169327702,376173.8095238095,Decline
429,2627178.9166666665,SPRINGVALE / FERNTREE GULLY,2515751.1666666665,-111427.75,-4.241346080128346,0.1443612268987715,2580165.387755102,Stable
4290,703389.75,KINGSBURY / RUTHVEN / WAIORA / ORR,679374.9166666666,-24014.833333333372,-3.4141574188895096,0.1487580698332234,683041.1564625851,Stable
4292,654053.6666666666,WATERDALE / DOUGHARTY,689820.5833333334,35766.916666666744,5.46849876233399,0.13362118328516298,676905.2993197279,Stable
4293,564590.4166666666,WAIORA / DOUGHARTY,542732.1666666666,-21858.25,-3.871523383101467,0.13597648785463115,551045.2925170067,Stable
4294,707622.0,SOUTHERN / LIBERTY,675176.0833333334,-32445.916666666628,-4.585204624314483,0.12847964930864186,681198.7142857143,Stable
4295,745309.4166666666,SOUTHERN / ORIEL,747592.0833333334,2282.6666666667443,0.30627100847266603,0.1269630071882514,720282.7959183673,Stable
4296,885322.8333333334,SOUTHERN / WATERDALE,896784.3333333334,11461.5,1.2946124925803901,0.1297951006250525,884976.6734693878,Stable
4297,749366.0,SOUTHERN / WAIORA,723010.1666666666,-26355.833333333372,-3.517084219638117,0.1303629603881803,732068.5986394557,Stable
4298,780302.6666666666,UPPER HEIDELBERG NEAR BROWN,1211256.0833333333,430953.4166666666,55.22900729118786,0.2510190416237191,1029627.0408163265,Growth
4299,337263.0833333333,BANKSIA / WATERDALE,399189.0,61925.916666666686,18.36130893859567,0.16823222113790295,388978.8920863309,Stable
430,2002960.1666666667,SPRINGVALE / DUNLOP,1699772.0833333333,-303188.0833333335,-15.137000145035342,0.1340819431915123,1909644.0544217688,Decline
4300,640226.0833333334,BANKSIA / UPPER HEIDELBERG,655696.3333333334,15470.25,2.4163729661644266,0.13660810324616843,644578.6734693878,Stable
4301,2263330.5,BANKSIA / STREETUDLEY,2014888.5,-248442.0,-10.976832592500301,0.11759405094175883,2154112.7482993198,Decline
4302,2886.4166666666665,ORIEL NEAR BANKSIA,40134.583333333336,37248.16666666667,1290.4639547304907,2.4344578199830136,57302.619047619046,Volatile
4303,472603.3333333333,ORIEL / LIVINGSTONE,440257.0833333333,-32346.25,-6.844270388839126,0.1302401262095524,441084.1360544218,Stable
4305,849901.9166666666,UPPER HEIDELBERG / WATERDALE / LIVINGSTONE,698438.6666666666,-151463.25,-17.82126231624963,0.12781815305613461,795721.5986394557,Decline
4306,1394765.5,UPPER HEIDELBERG NEAR ST ELMO,1247420.0833333333,-147345.41666666674,-10.564171300958243,0.32186353769892795,1074242.7346938776,Decline
4307,1059801.5,BURKE / MCARTHUR,997452.5,-62349.0,-5.883082822585173,0.12918454175611302,1055288.7482993198,Stable
431,2656377.6666666665,SPRINGVALE / MAGID,1829466.6666666667,-826910.9999999998,-31.12927090061114,0.19861338231081624,2001149.2721088436,Decline
4310,1433609.9166666667,KEILOR NEAR MATTHEWS,1352088.1666666667,-81521.75,-5.686466663787377,0.34136005016404547,1114375.469387755,Volatile
4314,763135.8333333334,MILLEARA NEAR CHAUMONT,743937.4166666666,-19198.416666666744,-2.5157273224622627,0.17358341289283383,747296.4772727273,Stable
4315,905996.3333333334,MILITARY / DAVIS,904816.75,-1179.5833333333721,-0.13019736282965516,0.13126505461425178,923057.1360544218,Stable
432,2438702.5833333335,SPRINGVALE / WELLINGTON,2103613.8333333335,-335088.75,-13.740451676644591,0.13881220864777302,2321934.2653061226,Decline
4320,391899.0833333333,HIGH NEAR PARK HILL,405292.5,13393.416666666686,3.4175677454378715,0.16263580315390877,411884.4829931973,Stable
4321,1510668.0833333333,HIGH / HARP / VALERIE,1574134.8333333333,63466.75,4.201237234055992,0.13505331243125948,1536419.3673469387,Stable
4322,358916.6666666667,HIGH NEAR KEW HIGH SCHOOL,298709.25,-60207.416666666686,-16.774762015323898,0.15991837691957614,318609.91156462586,Stable
4323,524083.5,COTHAM / CHARLES,386733.75,-137349.75,-26.207608138779413,0.17921336839079693,448237.03401360544,Decline
4324,591100.5,COTHAM / GLENFERRIE,408968.0,-182132.5,-30.81244221583301,0.16036857343197666,515365.99319727893,Decline
4325,432160.5833333333,COTHAM NEAR FLORENCE,347410.1666666667,-84750.41666666663,-19.610862243143792,0.17331764984190895,369929.95238095237,Stable
4326,468393.0,COTHAM NEAR BRADFORD,377089.5833333333,-91303.41666666669,-19.492908020970997,0.20910830976072808,394254.65986394556,Stable
4328,436703.75,GLENFERRIE / WELLINGTON,270880.1666666667,-165823.5833333333,-37.97164172126603,0.20998721165546888,374575.5850340136,Decline
4329,565228.8333333334,HIGH / STREETEVENSON,523765.5,-41463.33333333337,-7.335672012485805,0.2547641063094132,497666.0,Stable
433,2014134.5833333333,SPRINGVALE / KINGSWAY,1845006.6666666667,-169127.9166666665,-8.3970514217955,0.1428402973921108,1883602.5578231292,Decline
4330,485671.9166666667,GLENFERRIE NEAR FITZWILLIAM,644692.5,159020.5833333333,32.742387994089974,0.19621359026012183,540130.3197278911,Growth
4332,1165488.3333333333,COTHAM NEAR JOHN,778028.5833333334,-387459.7499999999,-33.2444125709824,0.17387968503157708,980624.3129251701,Decline
4333,477596.5,COTHAM NEAR MARSHALL,371515.8333333333,-106080.66666666669,-22.211357634879377,0.178543919707565,387314.4761904762,Stable
4334,1562264.4166666667,HIGH NEAR WALPOLE,1146476.4166666667,-415788.0,-26.614444748549555,0.15642271715195114,1338563.761904762,Decline
4335,674887.5,HIGH / CHARLES,503712.9166666667,-171174.5833333333,-25.363424768325583,0.18202479951325565,557070.5986394557,Decline
4336,530611.25,HIGH NEAR CHILDERS,437019.9166666667,-93591.33333333331,-17.638399738666173,0.15580472294225783,463330.2653061224,Stable
4339,386538.0833333333,HIGH NEAR WESTBROOK,333408.1666666667,-53129.91666666663,-13.745066516731741,0.15293974893701578,348498.70068027213,Stable
434,827426.0,SPRINGVALE NEAR LUCIAN,753827.75,-73598.25,-8.894843768506187,0.18264593926954512,824372.3401360544,Stable
4340,627697.1666666666,WAVERLEY / BATESFORD,579324.1666666666,-48373.0,-7.7064231876146225,0.15928132151065855,630500.5442176871,Stable
4341,1000810.25,WAVERLEY / CHADSTONE,1037582.75,36772.5,3.6742729203662736,0.15592091844019434,995641.8367346938,Stable
4342,996584.1666666666,MALVERN / WAVERLEY / BELGRAVE,1081229.4166666667,84645.25000000012,8.4935375085396,0.15980220527505673,1016461.8979591837,Stable
4343,635458.5,WAVERLEY / DARLING,702220.9166666666,66762.41666666663,10.50618044556279,0.14058741844102046,634364.9047619047,Stable
4344,407677.0833333333,WAVERLEY NEAR MACGREGOR,426065.6666666667,18388.583333333372,4.510575670082029,0.1395845841406673,399247.92517006805,Stable
4345,746904.3333333334,WAVERLEY NEAR TENNYSON,778298.9166666666,31394.583333333256,4.203293773008849,0.1310243489708249,738032.8163265307,Stable
4346,798403.9166666666,BURKE / WAVERLEY,825053.0833333334,26649.166666666744,3.337805102200264,0.14750549972825655,816350.2448979592,Stable
4347,664960.6666666666,MALVERN / WINTON,543403.4166666666,-121557.25,-18.280366959048205,0.23920312932775975,577735.9655172414,Stable
4348,677457.0833333334,MALVERN / DARLING / DENE,390387.4166666667,-287069.6666666667,-42.37459076435961,0.2230649067946885,570636.9115646258,Decline
4349,578598.3333333334,MALVERN / WATTLETREE,564559.8333333334,-14038.5,-2.4262945797170747,0.14456244836711465,567277.5782312925,Stable
435,974043.25,SPRINGVALE / LIGHTWOOD,981012.75,6969.5,0.7155226423467336,0.15001342277944946,1108356.0340136054,Stable
4350,1106796.0833333333,MALVERN / HIGH,794839.5,-311956.58333333326,-28.185551795034808,0.1650219220967223,918190.4693877551,Decline
4351,1140367.9166666667,MALVERN / BURKE,1273986.4166666667,133618.5,11.71713953428042,0.1565815626809357,1256815.2993197278,Stable
4352,373563.8333333333,MALVERN NEAR BELMONT,355846.6666666667,-17717.166666666628,-4.742741423487185,0.13503096345765842,382135.537414966,Stable
4353,1407337.9166666667,MALVERN / TOORONGA,1132799.6666666667,-274538.25,-19.50762832072728,0.15256275406126482,1239935.3197278911,Decline
4354,488879.0,MALVERN NEAR ELIZABETH,624223.4166666666,135344.41666666663,27.684645212141785,0.35040832856096965,505599.6530612245,Volatile
4355,961662.25,MALVERN / GLENFERRIE,937661.4166666666,-24000.833333333372,-2.495765361833988,0.14907028116024906,944976.925170068,Stable
4356,1462424.8333333333,GLENFERRIE / TOORAK,1370800.3333333333,-91624.5,-6.265245085530892,0.1608694213978243,1267198.306122449,Stable
4357,903503.3333333334,HIGH / GLENFERRIE,657066.4166666666,-246436.91666666674,-27.275706416873586,0.18640711279755776,786193.9047619047,Decline
4358,499454.1666666667,HIGH NEAR NORTHBROOK,464658.4166666667,-34795.75,-6.966755374617291,0.1649643557202311,494115.50340136053,Stable
4359,497655.0,HIGH NEAR PARK,392006.1666666667,-105648.83333333331,-21.2293322348481,0.15497682868934834,415165.4693877551,Stable
436,888682.6666666666,SPRINGVALE / WINDSOR,847240.6666666666,-41442.0,-4.66330688719783,0.2647124371868186,838608.2176870748,Stable
4360,928158.5,HIGH / TOORONGA,825361.3333333334,-102797.16666666663,-11.075389242965143,0.1454305416077391,841630.5306122449,Stable
4361,481927.0833333333,HIGH NEAR VINCENT,412596.0833333333,-69331.0,-14.386201232032855,0.15961901279967494,420675.90476190473,Stable
4362,475889.9166666667,HIGH NEAR ERICA,410267.8333333333,-65622.08333333337,-13.789340987297665,0.15346749287931513,421205.8843537415,Stable
4363,923220.0,HIGH / BURKE,1859776.9166666667,936556.9166666667,101.44460872453661,0.4413794159253074,1149422.612244898,Growth
4365,707486.0833333334,GLENFERRIE / WATTLETREE,686770.0,-20716.083333333372,-2.928125912488508,0.1481571822129226,784258.8163265307,Stable
4366,572844.4166666666,WATTLETREE / COONIL,533247.6666666666,-39596.75,-6.912304431700697,0.11690689337757462,546314.2857142857,Stable
4367,841217.0,TOORONGA / WATTLETREE,793549.0833333334,-47667.91666666663,-5.666542243757155,0.1388255831304501,806669.8503401361,Stable
4368,868956.4166666666,BURKE / WATTLETREE,726093.25,-142863.16666666663,-16.440774695547155,0.1393514472321154,816804.7414965987,Decline
4369,910444.25,BURKE / CARROLL / WILLS,1140772.4166666667,230328.16666666674,25.29843718236089,0.21120263548670545,1097293.7278911564,Growth
437,793021.0833333334,SPRINGVALE NEAR ANDREW,661480.6666666666,-131540.41666666674,-16.587253407407314,0.20532317888485604,799171.6462585034,Decline
4370,1716464.3333333333,WURUNDJERI / BATMANS HILL DR,1549342.8333333333,-167121.5,-9.736380579225552,0.17791068828484755,1645352.612244898,Decline
4372,769313.6666666666,HARBOUR ESP / BOURKE,476665.0,-292648.6666666666,-38.04022719818227,0.2108647771259276,572862.768707483,Decline
4373,1357301.75,FOOTSCRAY / WURUNDJERI / DOCKLANDS / HARBOUR,1128352.0833333333,-228949.66666666674,-16.868000550847796,0.1967184194206085,1257493.6802721089,Decline
4374,1146870.4166666667,FOOTSCRAY / APPLETON DOCK,837804.8333333334,-309065.5833333334,-26.948605425852744,0.2861322711483116,991914.5034013606,Decline
4376,987487.5,FOOTSCRAY / MARKET GATE 2,585903.25,-401584.25,-40.667274269294545,0.48388964836358234,704531.9375,Decline
4377,996302.5833333334,FOOTSCRAY ROAD / DOCK LINK ROAD (COODE),664720.6666666666,-331581.91666666674,-33.281246301429015,0.3067684811545983,850710.0544217688,Decline
4378,983804.6666666666,FOOTSCRAY / LINFOX ACCESS,698294.0,-285510.6666666666,-29.021072611297498,0.4975919261182018,698128.7210884354,Decline
438,1279597.5,SPRINGVALE / HEATHERTON,1242606.4166666667,-36991.083333333256,-2.8908374182767047,0.12558341314267893,1279596.3333333333,Stable
4380,2163546.25,CEMETERY / LYGON / PRINCES,2146521.25,-17025.0,-0.7869025217279271,0.12451848694182728,2190980.034013605,Stable
4381,2796145.5833333335,RATHDOWNE / PRINCES,2345874.1666666665,-450271.416666667,-16.103289447822338,0.16793788631876388,2506899.768707483,Decline
4382,2260766.9166666665,CEMETERY / COLLEGE,2375870.4166666665,115103.5,5.0913475047534575,0.1661751915639129,2217423.2108843536,Stable
4383,1089581.4166666667,ROYAL / GATEHOUSE / COLLEGE,833569.8333333334,-256011.58333333337,-23.49632431475788,0.14435178299239174,953505.2857142857,Decline
4384,2260247.0,ROYAL / CEMETERY / MACARTHUR,2113504.0,-146743.0,-6.49234353590559,0.12350235415163908,2170242.5850340137,Decline
4385,677186.4166666666,ROYAL / MELBOURNE HOSPITAL ENT,1312153.4166666667,634967.0000000001,93.7654661068832,0.4797503204770034,710222.6054421769,Growth
4386,1360269.9166666667,ROYAL / GRATTAN,1220289.9166666667,-139980.0,-10.29060470167716,0.4538456141391984,890418.5986394557,Decline
4387,1142415.9166666667,ELIZABETH / QUEENSBERRY,1156763.3333333333,14347.416666666511,1.255883821063112,0.17669887224226224,1191202.9047619049,Stable
4388,1336346.4166666667,ELIZABETH / VICTORIA,1093692.6666666667,-242653.75,-18.157997580093536,0.2006110050796524,1236003.8843537415,Decline
4389,1323665.0,VICTORIA / SWANSTON,996045.0833333334,-327619.9166666666,-24.750969215524066,0.2046825471948316,1240723.4421768708,Decline
439,962491.5833333334,SPRINGVALE / ATHOL,865366.5833333334,-97125.0,-10.090997332530787,0.15535325026391836,953931.9931972789,Stable
4390,656740.4166666666,SWANSTON / QUEENSBERRY,796784.5833333334,140044.16666666674,21.324127937408058,0.23661825807458384,757153.2176870748,Stable
4391,794615.1666666666,GRATTAN / SWANSTON,462098.9166666667,-332516.24999999994,-41.84619976420451,0.3731491615027488,556522.3605442176,Decline
4392,638195.4166666666,SWANSTON / FARADAY,457885.25,-180310.16666666663,-28.253127797193777,0.20274183729546275,550204.4285714285,Decline
4393,545961.25,SWANSTON / ELGIN,525344.0,-20617.25,-3.7763211216913293,0.19649307942271685,553832.4421768708,Stable
4394,538928.8333333334,GRATTAN / MELBOURNE UNIVERSITY,124120.66666666667,-414808.1666666667,-76.969006111815,0.42903305075215914,453518.2586206897,Decline
4395,639342.5,GRATTAN / CARDIGAN,341287.6666666667,-298054.8333333333,-46.61896140696627,0.4435408215259615,390209.92517006805,Decline
4396,887639.4166666666,GRATTAN / LYGON,569184.0,-318455.4166666666,-35.876664632870344,0.2587766753222195,669903.5986394557,Decline
4397,744548.4166666666,RATHDOWNE / GRATTAN,552539.0833333334,-192009.33333333326,-25.788696750300872,0.21966990348587725,634054.7823129252,Decline
4398,420771.25,BOUVERIE / QUEENSBERRY,560799.3333333334,140028.08333333337,33.27890946288117,0.34076483271446306,521379.0544217687,Volatile
4399,714184.5,LYGON / QUEENSBERRY,537915.25,-176269.25,-24.681192324952445,0.2144922505886605,682963.0136054421,Decline
440,868471.25,SPRINGVALE / CLARKE / PATERSON,836518.1666666666,-31953.083333333372,-3.6792332887626817,0.12425203904743029,902447.2721088436,Stable
4400,703105.0833333334,RATHDOWNE / QUEENSBERRY,995222.75,292117.6666666666,41.54680055529869,0.3227903277806063,861414.918367347,Growth
4402,1187688.6666666667,VICTORIA / BOUVERIE,1204116.9166666667,16428.25,1.3832118181364028,0.26729201543571657,1199977.6137931035,Stable
4403,1327973.1666666667,VICTORIA / CARDIGAN / FRANKLIN,906923.0833333334,-421050.0833333334,-31.70621921451977,0.3175718369117514,1035667.5170068027,Decline
4404,1651467.5833333333,VICTORIA / LYGON,1307810.3333333333,-343657.25,-20.80920349077394,0.19613802055565185,1464407.224489796,Decline
4405,1546737.25,VICTORIA / RATHDOWNE,1260567.6666666667,-286169.58333333326,-18.501499419719362,0.156221802085037,1393090.0272108843,Decline
4406,2159562.3333333335,VICTORIA PDE AND NICHOLSON ST,1791853.3333333333,-367709.00000000023,-17.027014887430134,0.23281153087065368,1906745.074829932,Decline
4407,668622.0,LYGON / FARADAY,475549.1666666667,-193072.8333333333,-28.876231014434662,0.1979782148361145,560783.6870748299,Decline
4408,1066795.3333333333,LYGON / ELGIN,741730.0833333334,-325065.2499999999,-30.471191600013242,0.17785770489274494,880466.7346938775,Decline
4409,1209420.0,RATHDOWNE / ELGIN,898654.75,-310765.25,-25.69539531345604,0.6653829959257166,1163745.6054421768,Decline
441,1639391.9166666667,SPRINGVALE / SPRINGVALE BYPASS,1447248.5,-192143.41666666674,-11.720407714181427,0.1910152303518603,1770075.2925170069,Decline
4410,992374.6666666666,CANNING / ELGIN,456862.75,-535511.9166666666,-53.962675051492646,0.4525902246363144,561995.0340136054,Decline
4411,607721.9166666666,RATHDOWNE NEAR PALMERSTON,1113835.9166666667,506114.0000000001,83.28052454912563,0.3530704062034727,841955.9115646258,Growth
4412,531929.8333333334,PLENTY / MERNDA VILLAGE,605443.75,73513.91666666663,13.820228169191479,0.14697515337027367,546862.8231292517,Stable
4413,469178.75,LYGON NEAR PELHAM,743444.9166666666,274266.1666666666,58.456647208908464,0.3548425495905178,720562.7891156463,Growth
4414,595113.75,LYGON NEAR LYTTON,422417.75,-172696.0,-29.018990067025,0.18561087899134018,495463.8299319728,Decline
4415,4434601.083333333,PRINCES NEAR CANNING,4428438.0,-6163.083333333023,-0.13897717556819003,0.11650287702727007,4588427.013605442,Stable
4416,649597.8333333334,RATHDOWNE NEAR PELHAM,788362.4166666666,138764.58333333326,21.361614250047516,0.2754383403732164,758772.4013605443,Volatile
4417,624797.1666666666,RATHDOWNE NEAR NEILL,497290.4166666667,-127506.74999999994,-20.407702979873726,0.18051771032286143,548988.5510204082,Decline
4418,523105.0833333333,RATHDOWNE NEAR PRINCES,1027805.0833333334,504700.00000000006,96.48157054486026,0.35965463924721525,803076.0136054421,Growth
4419,1017091.5,NICHOLSON / GERTRUDE,790382.0,-226709.5,-22.289980793271795,0.17634962240450622,875141.0952380953,Decline
442,2055889.1666666667,SPRINGVALE / CHELTENHAM,1813397.5,-242491.66666666674,-11.794977598905911,0.17257840521241982,1889567.6258503401,Decline
4420,647420.4166666666,,428901.5833333333,-218518.8333333333,-33.7522308082911,0.28603290063294795,604042.5,Decline
4421,2008977.1666666667,NICHOLSON / SCOTCHMER / PIGDON,1716050.3333333333,-292926.8333333335,-14.580894108386671,0.12775198450351635,1857107.231292517,Decline
4422,377184.8333333333,RATHDOWNE / PIGDON,262279.25,-114905.58333333331,-30.463998861742848,0.20170607288082254,291740.84353741497,Stable
4423,868248.0833333334,LYGON / PIGDON,660514.5,-207733.58333333337,-23.925602292816276,0.1594882671092366,767665.5578231292,Decline
4424,578757.25,LYGON NEAR RICHARDSON,510827.25,-67930.0,-11.737217978694868,0.17395303618814142,581232.6326530612,Stable
4425,601990.5833333334,GRATTAN / BOUVERIE,238814.91666666666,-363175.66666666674,-60.3291275181907,0.5961488499027237,334844.4285714286,Decline
4426,874202.5833333334,NICHOLSON / RICHARDSON / REID,632468.6666666666,-241733.91666666674,-27.651933462028406,0.2758068355649745,691415.8027210884,Decline
4427,756780.1666666666,NICHOLSON NEAR KAY,958657.9166666666,201877.75,26.6758774730046,0.2421220100069042,824300.9657534247,Growth
4428,676256.5,NICHOLSON NEAR HANOVER,6708.083333333333,-669548.4166666666,-99.0080563612574,1.1726240091595224,284518.48529411765,Decline
4429,292009.0,RATHDOWNE NEAR NEWRY,247630.41666666666,-44378.58333333334,-15.19767655563128,0.18293356850535256,272999.49659863947,Stable
4432,835247.0,WAVERLEY NEAR ALMA (MOONEE VALLEY),814797.0833333334,-20449.916666666628,-2.448367568715198,0.1288152336591823,805107.7482993198,Stable
4433,437745.0,HAMPSHIRE NEAR SERVICE,769856.4166666666,332111.4166666666,75.8686944834702,0.3594272909249823,618796.5347222222,Growth
4434,1162758.9166666667,FOOTSCRAY / WATERFRONT WAY,799904.1666666666,-362854.7500000001,-31.206361421868266,0.2659968117877543,991596.537414966,Decline
4435,1236087.75,FOOTSCRAY / WESTERN LINK STREETH-BND OFF RAMP,853247.5,-382840.25,-30.971931402119306,0.3699286131807124,1039883.7891156463,Decline
4436,1082339.0833333333,FOOTSCRAY / WESTERN LINK NB ON & OFF RAMP,868360.0,-213979.08333333326,-19.770059737132588,0.33542371727550263,887578.7142857143,Decline
4437,1109206.8333333333,WURUNDJERI / BOURKE,1050849.6666666667,-58357.16666666651,-5.261161842223281,0.245460251967887,1059192.4353741496,Stable
444,838689.8333333334,SPRINGVALE NEAR WAREHAM,842545.8333333334,3856.0,0.45976472430511156,0.1273285438709129,881209.4598540146,Stable
4440,533068.1666666666,ALBERT NEAR EADES,280000.25,-253067.91666666663,-47.47383777371812,0.3119749227206739,385761.0544217687,Decline
4441,1695575.9166666667,VICTORIA / BRUNSWICK / GISBORNE,2124098.6666666665,428522.74999999977,25.272991069750084,0.30886099721708293,2023289.081632653,Growth
4443,1665897.8333333333,VICTORIA / WELLINGTON / POWLETT,1624116.4166666667,-41781.41666666651,-2.508041959756026,0.2621132912389592,1595558.231292517,Stable
4444,1134677.0833333333,ALBERT / NICHOLSON / LONSDALE,725460.5,-409216.58333333326,-36.064585188517285,0.25683310348384497,856826.8843537415,Decline
4445,908316.3333333334,ALBERT / GISBORNE,644698.5,-263617.8333333334,-29.02268996594065,0.23393917850873322,755890.3333333334,Decline
4446,906007.5,ALBERT / LANSDOWNE,666895.0833333334,-239112.41666666663,-26.391880493998848,0.3155224319960875,834351.2993197279,Decline
4447,767844.6666666666,ALBERT / CLARENDON,542210.6666666666,-225634.0,-29.3853704785777,0.21246866965435568,643338.2517006802,Decline
4448,552596.4166666666,ALBERT / POWLETT,2101989.9166666665,1549393.5,280.3842828634581,0.5326827686336938,1291923.1904761905,Growth
4449,488864.0833333333,ALBERT / SIMPSON,354014.4166666667,-134849.66666666663,-27.584285952690664,0.21754533410128446,431276.8231292517,Decline
445,1156038.5833333333,PRINCES HIGHWAY EAST / OVERLAND,525776.75,-630261.8333333333,-54.519100177091836,0.264954864878594,1029143.5442176871,Decline
4450,333876.8333333333,MACARTHUR NEAR ST ANDREWS,666558.25,332681.4166666667,99.64195878619911,0.31965441129290917,556077.5442176871,Growth
4451,616844.9166666666,WELLINGTON STREETH / JOLIMONT,583906.5,-32938.41666666663,-5.339821367850557,0.18819687793803483,577563.1632653062,Stable
4452,84617.25,WELLINGTON NEAR AGNES,73422.91666666667,-11194.333333333328,-13.229375019081013,0.22420747038453084,77519.85034013605,Stable
4453,657705.1666666666,WELLINGTON / POWLETT,464845.8333333333,-192859.3333333333,-29.323068010970466,0.22242884819125283,537403.7959183673,Decline
4454,1114828.75,WELLINGTON / LANSDOWNE,891985.0,-222843.75,-19.989056615197626,0.20798136414569662,975295.8707482993,Decline
4455,1683620.8333333333,VICTORIA / LANSDOWNE,1638178.8333333333,-45442.0,-2.699063773761412,0.2262559879213076,1733072.0,Stable
4456,1139606.1666666667,FLEMINGTON / ROYAL MELB HOSP(NEAR VILLIERS),935784.0,-203822.16666666674,-17.885316228398793,0.17047902967756565,977288.3673469388,Decline
4457,671107.5,WELLINGTON NEAR SIMPSON,604539.5833333334,-66567.91666666663,-9.919113803178572,0.19194680752825638,602409.1020408163,Stable
4458,1097381.3333333333,FOOTSCRAY / GATE F / WESTERN LINK SB ON RAMP,625843.5833333334,-471537.7499999999,-42.96936130375828,0.45716881182706554,810687.4149659864,Decline
446,528686.25,FERNTREE GULLY NEAR HOWLEYS,498701.5,-29984.75,-5.671558509418393,0.3106840849496726,522342.2925170068,Volatile
4460,910805.75,FLEMINGTON / CHURCH,1863267.75,952462.0,104.5735602789069,0.3339741495629764,1520749.8979591837,Growth
4461,2666182.3333333335,FLEMINGTON / RACECOURSE / ELLIOT,2490276.0833333335,-175906.25,-6.597682679116594,0.1367777013062635,2532297.5714285714,Decline
4462,1332568.5833333333,FLEMINGTON NEAR MELROSE,1192340.4166666667,-140228.1666666665,-10.523148183179803,0.1358035692021441,1216384.2857142857,Decline
4463,1539240.4166666667,FLEMINGTON / ABBOTSFORD,1458631.5833333333,-80608.83333333349,-5.2369228653635265,0.1469386441849458,1461261.0068027212,Stable
4465,1436724.5833333333,FLEMINGTON / GATEHOUSE / HARKER,1372063.0833333333,-64661.5,-4.500619029569284,0.17202552207327668,1363874.1768707484,Stable
4466,1032197.3333333334,FLEMINGTON / GRATTAN / WRECKYN,1741825.0833333333,709627.7499999999,68.74923302779312,0.34686773784184616,1041818.5442176871,Growth
4467,903796.9166666666,ELLIOT / TRAMWAY CROSSING,1163281.0833333333,259484.16666666663,28.71045053170591,0.18373862714145978,1146244.530612245,Growth
4468,1071727.1666666667,FLEMINGTON NEAR PARK,829660.4166666666,-242066.75000000012,-22.586602031642702,0.2182235738780539,919086.2040816327,Decline
4469,236559.5,RACECOURSE NEAR CROWN,2190222.3333333335,1953662.8333333335,825.8653037960148,1.4719980105518151,479844.8843537415,Growth
4470,1017879.5833333334,MT ALEXANDER / MOOLTAN,974844.75,-43034.83333333337,-4.22789041434584,0.1673995383015762,1040504.7823129252,Stable
4471,801469.75,MT ALEXANDER / WELLINGTON,779931.0,-21538.75,-2.6874064804067777,0.18074657290725799,777923.5510204082,Stable
4472,1179645.5,RACECOURSE / EASTWOOD,1073300.0833333333,-106345.41666666674,-9.015031775789145,0.20256609294153288,1059718.7959183673,Stable
4473,1117932.9166666667,RACECOURSE / WELLINGTON,1010837.3333333334,-107095.58333333337,-9.57978620512039,0.11529662018656679,1071227.768707483,Stable
4474,1611472.9166666667,RACECOURSE / STREETUBBS,1552032.5,-59440.416666666744,-3.6885768325302855,0.15522940333209967,1668134.0,Stable
4475,1466334.3333333333,RACECOURSE / BOUNDARY,1415020.8333333333,-51313.5,-3.4994406687151614,0.14349985524830103,1430745.5238095238,Stable
4476,324457.75,BATMANS HILL / BOURKE / TELSTRA DOME STREETH ENT,355113.8333333333,30656.083333333314,9.448405326528126,0.24070567175291688,334675.768707483,Stable
4477,1170224.3333333333,ELLIOTT / BRENS,1182268.1666666667,12043.833333333489,1.0291901296418227,0.12791279456984006,1171593.5986394559,Stable
4478,1725612.4166666667,WESTERN LINK NB ENTRY / MT ALEXANDER,1576947.1666666667,-148665.25,-8.61521675227476,0.1524361835038634,1683928.6802721089,Decline
4479,619167.1666666666,MACAULAY NEAR HAINES,454073.1666666667,-165093.99999999994,-26.66388156348729,0.15305776248408792,569708.0204081633,Decline
448,1460073.4166666667,HIGH STREET ROAD / SNEDDEN,1475241.9166666667,15168.5,1.0388861153728512,0.17514249596947884,1403867.5034013605,Stable
4480,509569.0833333333,MACAULAY / EPSOM / KENSINGTON,407485.4166666667,-102083.66666666663,-20.033332085001877,0.12439601391974815,465402.79591836734,Stable
4481,388686.9166666667,MACAULAY NEAR BELLAIR,281038.8333333333,-107648.08333333337,-27.69531947627944,0.21747420086184407,360660.0272108844,Stable
4482,831195.0,DYNON / KENSINGTON,1243223.4166666667,412028.41666666674,49.57060818059141,0.27248900699985207,993870.4897959183,Growth
4483,1087399.5,DYNON / LLOYD,1084575.4166666667,-2824.0833333332557,-0.2597098245247727,0.1745421924953788,1031813.0136986302,Stable
4484,552794.75,MACAULAY / STREETUBBS,1253026.6666666667,700231.9166666667,126.67123135063542,0.3439763360754887,722935.612244898,Growth
4486,491231.3333333333,WESTERN LINK / DYNON ON RAMP NORTH BD,853113.75,361882.4166666667,73.66843116685011,0.43049113275454864,552734.6326530612,Growth
4487,916962.25,WESTERN LINK / DYNON OFF RAMP SOUTH BD,938942.6666666666,21980.416666666628,2.397090683576846,0.2655120991158551,1037579.925170068,Stable
4488,1471054.25,WURUNDJERI / DUDLEY,1355847.6666666667,-115206.58333333326,-7.831565921741721,0.2281223527588321,1383351.308219178,Stable
4489,420492.4166666667,WESTGATE FREEWAY / POWER,495675.4166666667,75183.0,17.879751695878777,0.14295809421534908,464393.2108843537,Stable
449,1177221.9166666667,FERNTREE GULLY / LUM,1161095.75,-16126.166666666744,-1.3698493409236203,0.15539653290379318,1181288.8979591837,Stable
4490,678624.75,BOUNDARY / MACAULAY,576754.9166666666,-101869.83333333337,-15.011216925603343,0.12946671759016293,645377.2448979592,Stable
4491,420225.8333333333,CURZON / HAINES,577496.25,157270.4166666667,37.425213823519506,0.20224740873654537,548677.9115646258,Growth
4492,902292.25,ARDEN / DRYBURGH / MACAULAY,679347.8333333334,-222944.41666666663,-24.708670241450776,0.20920929492548235,852745.9523809524,Decline
4493,761048.8333333334,ARDEN / ABBOTSFORD,562343.5833333334,-198705.25,-26.109395520611578,0.1795455606532889,704006.7074829933,Decline
4494,845012.25,ARDEN / CURZON,803010.0,-42002.25,-4.970608414256716,0.1537352610374948,892136.3605442176,Stable
4495,435166.6666666667,ARDEN / ERROL,357037.0,-78129.66666666669,-17.953963998468023,0.182344328137997,411200.42176870746,Stable
4496,335372.25,QUEENSBERRY / ABBOTSFORD,271707.5,-63664.75,-18.983308845618563,0.20225019946960623,345690.04761904763,Stable
4497,596430.5833333334,QUEENSBERRY / CURZON,635804.1666666666,39373.583333333256,6.601536613579075,0.1470914954955779,655553.8843537415,Stable
4498,342146.5,ERROL / QUEENSBERRY,325973.6666666667,-16172.833333333314,-4.726873819645477,0.19033651748680566,380570.6258503401,Stable
4499,984299.6666666666,QUEENSBERRY / PEEL,918842.9166666666,-65456.75,-6.650083528085451,0.1511029656834015,967619.5306122449,Stable
450,1298603.4166666667,FERNTREE GULLY / BRANDON PK,1225489.5,-73113.91666666674,-5.63019592650849,0.1415241612206352,1240698.0612244897,Stable
4500,495922.25,VICTORIA / DRYBURGH,398925.9166666667,-96996.33333333331,-19.558778282953288,0.2529550537099116,474464.2380952381,Stable
4501,380875.0,VICTORIA / ABBOTSFORD,280805.6666666667,-100069.33333333331,-26.273536812164966,0.18543192114741552,322839.9591836735,Stable
4502,743727.75,VICTORIA / KING / CURZON,757946.0,14218.25,1.911754670980073,0.14560722527049014,756985.4489795918,Stable
4503,456347.0833333333,VICTORIA / LEVESON,425974.0833333333,-30373.0,-6.655679659031458,0.16344849925725777,449460.71428571426,Stable
4504,444866.5833333333,VICTORIA / CHETWYND,416666.5833333333,-28200.0,-6.338979158358152,0.15852452101242914,440109.79591836734,Stable
4505,504645.25,VICTORIA / WILLIAM / HOWARD,489160.75,-15484.5,-3.0683930939605593,0.16485762729991227,493726.42176870746,Stable
4506,1377597.8333333333,VICTORIA / PEEL,1115423.0,-262174.83333333326,-19.03130412879327,0.15517268558223649,1266198.1904761905,Decline
4507,313068.5,QUEENSBERRY / CHETWYND,655650.5833333334,342582.0833333334,109.4271967104111,0.3453837577197359,366866.3333333333,Growth
451,1510057.0833333333,FERNTREE GULLY / BLACKBURN,1473900.1666666667,-36156.91666666651,-2.3944072754423917,0.14895903994124698,1461833.9659863946,Stable
4510,528791.8333333334,ELIZABETH / THERRY,388300.5,-140491.33333333337,-26.568362912816045,0.6028402863994913,502770.4285714286,Decline
4511,183060.08333333334,ELIZABETH / FRANKLIN,150363.16666666666,-32696.916666666686,-17.86130327884152,0.32132880303280115,228795.48979591837,Volatile
4512,185636.41666666666,ELIZABETH / A'BECKETT,197371.08333333334,11734.666666666686,6.321317162535918,0.19291830975497043,175181.75510204083,Stable
4514,837706.9166666666,KING / ROSSLYN / CHETWYND,842289.6666666666,4582.75,0.5470588709277102,0.16833585212753327,875100.5646258503,Stable
4515,320637.75,LATROBE NEAR HARBOUR,188206.83333333334,-132430.91666666666,-41.302347171119635,0.3395802422746602,250052.2380952381,Decline
4517,1645851.0833333333,KING / DUDLEY,1525988.9166666667,-119862.16666666651,-7.282686014576137,0.13566871755580895,1616913.074829932,Stable
4518,1112722.3333333333,DRYBURGH / SPENCER / MILLER,1023301.9166666666,-89420.41666666663,-8.036184229249162,0.20242273206266426,1069854.931972789,Stable
4519,1285168.75,SPENCER / ABBOTSFORD,992453.0833333334,-292715.6666666666,-22.776438243356495,0.23511207407483192,1193134.4137931035,Decline
4520,1070105.8333333333,SPENCER / HAWKE,937425.4166666666,-132680.41666666663,-12.398812578506641,0.20452887820993831,986927.2993197279,Decline
4521,1704231.0833333333,SPENCER / DUDLEY,1469549.75,-234681.33333333326,-13.770511266248956,0.16143460181771738,1533244.8299319728,Decline
4522,1063315.1666666667,DUDLEY / ADDERLEY,1015051.5833333334,-48263.58333333337,-4.538972531035408,0.17774521768419793,1029504.6326530612,Stable
4523,931441.1666666666,SWANSTON / FRANKLIN,251590.91666666666,-679850.25,-72.98907052100446,0.6451195811847795,359134.5442176871,Decline
4524,1094821.1666666667,KING / HAWKE,1057525.5833333333,-37295.58333333349,-3.4065456961235965,0.18266016447206782,1159274.5616438356,Stable
4525,855441.75,FLINDERS EXT / WORLD TRADE CENTRE ACCESS,753382.4166666666,-102059.33333333337,-11.930599989225845,0.2394869305506822,727057.2857142857,Stable
4526,1876904.5833333333,WURUNDJERI / FLINDERS,1394684.25,-482220.33333333326,-25.692320089970828,0.2603173920261889,1611157.8979591837,Decline
4527,1080488.0833333333,WURUNDJERI / TELSTRA DOME N / E ENTRANCE,1014692.0833333334,-65795.99999999988,-6.0894702139627075,0.4337374092372537,907142.2191780822,Volatile
4528,585626.75,BATMAN / MELB PARK NTH ACCESS,490424.5833333333,-95202.16666666669,-16.256458002758016,0.22891155702229207,507463.92517006805,Stable
4529,73661.75,MELBOURNE PARK NTH ACCESS / FED SQ ACCESS,51129.75,-22532.0,-30.588466877314207,0.23792129856764155,76370.68027210885,Stable
453,727070.4166666666,BLACKBURN NEAR TAMBO,558303.75,-168766.66666666663,-23.211873677985107,0.16700918068939832,594328.3197278911,Decline
4530,807855.75,SWANSTON NEAR YARRA RIVER,522759.4166666667,-285096.3333333333,-35.29049998509428,0.33485823210973914,588999.8435374149,Decline
4531,798605.6666666666,ST KILDA NEAR CONCERT HALL,543665.25,-254940.41666666663,-31.923191545931928,0.2343269517143822,628616.0680272109,Decline
4532,1467441.4166666667,STREET KILDA / SOUTHBANK,1024354.4166666666,-443087.0000000001,-30.194527356770696,0.3035236744362869,1046568.9387755102,Decline
4533,829516.75,ST KILDA NEAR GRANT,567834.8333333334,-261681.91666666663,-31.546308940315747,0.30754079068604706,767765.8911564626,Decline
4534,888167.6666666666,ST KILDA NEAR COVENTRY,396750.3333333333,-491417.3333333333,-55.32934284555131,0.37741790968371375,585026.7142857143,Decline
4535,898543.4166666666,ST KILDA NEAR DORCAS,531853.75,-366689.6666666666,-40.809343195343644,0.2808650171225775,677407.8095238095,Decline
4536,1580264.3333333333,STREET KILDA / PARK / DOMAIN,1265983.0833333333,-314281.25,-19.88789111863775,0.3741357207073091,1064872.448979592,Decline
4537,534955.4166666666,COMMERCIAL / IZETT,403266.6666666667,-131688.74999999994,-24.61677102375353,0.1485880650355817,462426.4761904762,Decline
4539,1702035.5,STREET KILDA / TOORAK,1732829.0833333333,30793.583333333256,1.809220978841702,0.225488172605694,1942431.3945578232,Stable
454,1313540.5,FERNTREE GULLY / WATSONS / STREETRADA,1193257.9166666667,-120282.58333333326,-9.157127879447437,0.15607538800379123,1332674.7210884353,Stable
4540,1484478.5,STREET KILDA / LEOPOLD / ARMADALE,1524732.5833333333,40254.083333333256,2.7116649606803502,0.21960844205269875,1309920.6462585034,Stable
4541,1353328.8333333333,STREET KILDA / COMMERCIAL,757345.0,-595983.8333333333,-44.038360718687116,0.2611829302309194,1034447.8639455782,Decline
4542,1544924.5,STREET KILDA / MOUBRAY,693422.4166666666,-851502.0833333334,-55.11609682760118,0.2946407683207049,1231115.074829932,Decline
4543,1245417.0833333333,STREET KILDA / HIGH / LORNE,756592.0,-488825.08333333326,-39.24990991973572,0.2983516415485466,948836.619047619,Decline
4544,841937.9166666666,COMMERCIAL NEAR ALFRED HOSP,705984.1666666666,-135953.75,-16.147716750690744,0.1379249427441138,800041.2040816327,Decline
4545,805371.8333333334,TOORAK NEAR MILLSWYN,686758.4166666666,-118613.41666666674,-14.72778308818433,0.15556640100421748,772426.4857142858,Stable
4546,254408.5,DOMAIN NEAR ST KILDA,145998.66666666666,-108409.83333333334,-42.612504430211,0.5501452113229085,180891.64864864864,Volatile
4547,263639.4166666667,DOMAIN NEAR DOMAIN,74884.83333333333,-188754.58333333337,-71.59573698040221,0.8178924200012212,115536.60544217686,Decline
4548,477636.1666666667,DOMAIN / PARK / BIRDWOOD,349401.4166666667,-128234.75,-26.8477889551217,0.25580515329032705,347509.9319727891,Decline
4549,2029345.5,ALEXANDRA / LINLITHGOW,2117268.1666666665,87922.66666666651,4.332562723630181,0.1412692676131346,2031754.156462585,Stable
455,1444910.8333333333,FERNTREE GULLY / JELLS,1356662.75,-88248.08333333326,-6.1075106710737,0.14392652591169547,1426231.3265306123,Stable
4550,1523604.5833333333,ALEXANDRA / SWAN BRIDGE.,1558377.5833333333,34773.0,2.28228507451217,0.336927035959667,1402533.3265306123,Volatile
4551,2199466.75,SWAN STREET BRIDGE / BATMAN / OLYMPIC BLVD,1790648.0833333333,-408818.66666666674,-18.587171943684382,0.20709772789655273,1898812.925170068,Decline
4552,978818.3333333334,ALEXANDRA / ANDERSON,553543.3333333334,-425275.0,-43.44779674811976,1.0669660491068373,804379.1972789116,Decline
4553,1356111.0,STREET KILDA / ARTHUR / SLATER,780213.4166666666,-575897.5833333334,-42.46684698622262,0.272987810791777,1000956.2517006802,Decline
4554,1027744.3333333334,ST KILDA NEAR BOWEN,785810.8333333334,-241933.5,-23.54024168786465,0.3468499464061323,777400.6483516484,Decline
4555,209510.83333333334,ANDERSON NEAR ACLAND,161849.33333333334,-47661.5,-22.7489429743092,0.207952393469274,177576.74829931973,Stable
4556,486310.9166666667,QUEEN / A'BECKETT,517724.75,31413.833333333314,6.459619197663494,0.2381149954357498,485672.7891156463,Stable
4557,563759.1666666666,BATMAN NEAR GATE 2 MELBOURNE PARK TENNIS C,470857.6666666667,-92901.49999999994,-16.478933823692437,0.2364487522933463,487712.7755102041,Stable
4558,476471.75,OLYMPIC BLVD(SWAN) / TRAM ACCESS,2013407.5,1536935.75,322.56597584221936,0.578361598955137,1325832.2653061224,Growth
456,2341049.5833333335,FERNTREE GULLY / STREETUD,2262077.6666666665,-78971.91666666698,-3.3733551492840146,0.1252572435930281,2283250.2448979593,Stable
4560,1920569.8333333333,EXHIBITION / FLINDERS,1210695.3333333333,-709874.5,-36.961660423872466,0.24634045877506305,1531839.3537414966,Decline
4561,2248954.5833333335,RUSSELL / FLINDERS,1758546.75,-490407.8333333335,-21.806035433871042,0.21794334502528181,1909458.7346938776,Decline
4562,3210488.6666666665,SWANSTON / FLINDERS,1320015.75,-1890472.9166666665,-58.88427317295207,0.3231225366291169,2280113.3605442178,Decline
4563,1470364.5833333333,ELIZABETH / FLINDERS,329821.75,-1140542.8333333333,-77.56870957458113,0.5023265186301504,902289.2176870748,Decline
4564,1623734.8333333333,QUEEN / FLINDERS,1119079.5,-504655.33333333326,-31.07991052315705,0.25301857135122247,1392432.9591836734,Decline
4565,1410681.0833333333,FLINDERS / MARKET,854129.5,-556551.5833333333,-39.45268635900637,0.33617404019964225,1339160.931972789,Decline
4566,2248310.9166666665,WILLIAM / FLINDERS,1248405.8333333333,-999905.0833333333,-44.47361243149533,0.3108704609369294,1619584.6054421768,Decline
4567,1529874.75,SPENCER / FLINDERS,1002515.1666666666,-527359.5833333334,-34.470768494828306,0.2984173825482542,1179322.2721088436,Decline
4568,66526.91666666667,EXHIBITION / FLINDERS LANE,48115.416666666664,-18411.500000000007,-27.675264272731724,0.1891981184371363,54759.39455782313,Stable
4569,903937.6666666666,RUSSELL / FLINDERS LANE,294897.0,-609040.6666666666,-67.37640095390059,0.5178661192119879,406613.10204081633,Decline
457,954457.1666666666,FERNTREE GULLY / MOUNTAIN GATE,860566.0,-93891.16666666663,-9.837127316521796,0.12249800841191345,906846.9931972789,Stable
4570,466488.25,SWANSTON / FLINDERS LANE,296226.0,-170262.25,-36.49872210071744,0.2403223977514332,378342.7891156463,Decline
4571,166605.25,ELIZABETH / FLINDERS LANE,204805.41666666666,38200.16666666666,22.928549170369276,0.40041448529739154,171061.85034013606,Volatile
4572,102629.25,QUEEN / FLINDERS LANE,140269.91666666666,37640.66666666666,36.67635363862316,0.24870226114284397,114455.97959183673,Stable
4573,603389.4166666666,WILLIAM / FLINDERS LANE,293598.9166666667,-309790.49999999994,-51.34171920206864,0.32989447273322825,439744.4149659864,Decline
4574,979293.6666666666,KING / FLINDERS LANE,859712.3333333334,-119581.33333333326,-12.210977912311622,0.13628519553927274,914836.8571428572,Stable
4575,1174933.0833333333,SPRING / COLLINS,677386.75,-497546.33333333326,-42.34678045848994,0.23535079265458106,850691.7482993198,Decline
4576,1185316.0,COLLINS / EXHIBITION,813334.5,-371981.5,-31.382475221797396,0.22555141963339445,953200.5034013606,Decline
4577,961470.5833333334,RUSSELL / COLLINS,781867.4166666666,-179603.16666666674,-18.68004802018991,0.18329642268998547,831539.8231292517,Decline
4578,208884.91666666666,SWANSTON / COLLINS,129649.75,-79235.16666666666,-37.93245004526017,0.2699232093264072,230531.25850340136,Stable
4579,464120.0833333333,COLLINS NEAR ELIZABETH,377015.75,-87104.33333333331,-18.76762856451841,0.16678699719608103,405016.5714285714,Stable
4580,704167.4166666666,ELIZABETH / COLLINS,520243.3333333333,-183924.0833333333,-26.11936863025826,0.1615953410272488,587953.081632653,Decline
4581,637498.8333333334,QUEEN / COLLINS,617843.4166666666,-19655.416666666744,-3.083208256851724,0.18200018613063024,602646.5510204082,Stable
4582,361493.6666666667,COLLINS NEAR MARKET,549658.5,188164.8333333333,52.05204148343769,0.29424913315719076,541215.7210884354,Growth
4583,920714.75,WILLIAM / COLLINS,561888.0833333334,-358826.6666666666,-38.97262063702864,0.2618347972561292,733504.1020408163,Decline
4584,1750315.4166666667,KING / COLLINS,1350567.6666666667,-399747.75,-22.83861218347074,0.15756043690370233,1575678.6462585034,Decline
4585,1082943.8333333333,SPENCER / COLLINS,638880.9166666666,-444062.9166666666,-41.00516601122588,0.24437276719134696,802054.2721088436,Decline
4586,63553.75,EXHIBITION / LITTLE COLLINS,64092.25,538.5,0.8473142812186535,0.36394274472657234,57943.510204081635,Volatile
4587,247996.25,RUSSELL / LITTLE COLLINS,207594.41666666666,-40401.83333333334,-16.29130816830228,0.20641610617068828,220759.04081632654,Stable
4588,63292.25,SWANSTON / LITTLE COLLINS,87137.16666666667,23844.91666666667,37.67430714924287,0.4315670183393442,61845.30136986302,Volatile
4589,269955.5833333333,ELIZABETH / LITTLE COLLINS,261151.91666666666,-8803.666666666657,-3.2611537638753503,0.20848083067545675,280368.1360544218,Stable
459,1289704.0,FERNTREE GULLY / SCORESBY,1250859.25,-38844.75,-3.011912035629881,0.12429573934637383,1269577.5646258504,Stable
4591,79001.33333333333,WILLIAM / LITTLE COLLINS,417046.5833333333,338045.25,427.89815783699856,0.8499784087243987,248653.38095238095,Growth
4592,76291.08333333333,KING / LITTLE COLLINS,69715.08333333333,-6576.0,-8.619618063709936,0.21819133204304278,77767.24489795919,Stable
4593,593640.25,SPRING / BOURKE,383802.9166666667,-209837.3333333333,-35.34755827849161,0.2738718604846036,454984.4149659864,Decline
4594,616874.5,BOURKE / EXHIBITION,481252.25,-135622.25,-21.985387627467176,0.26764082074277856,476957.70068027213,Decline
4595,782980.75,RUSSELL / BOURKE,624594.0833333334,-158386.66666666663,-20.228679525858922,0.19933460857191726,669827.5306122449,Decline
4596,171180.91666666666,SWANSTON / BOURKE,98777.91666666667,-72402.99999999999,-42.29618663684766,0.2869409898971562,112197.5306122449,Volatile
4597,516838.1666666667,ELIZABETH / BOURKE,834390.1666666666,317551.99999999994,61.44128287739326,0.2535474557332756,697894.4178082192,Growth
4598,463141.4166666667,BOURKE NEAR HARDWARE,322208.4166666667,-140933.0,-30.429798529858683,0.24331460145592604,388967.03401360544,Decline
4599,704205.9166666666,QUEEN / BOURKE,623411.25,-80794.66666666663,-11.473159306741595,0.17583424857251964,661342.8571428572,Stable
460,726543.9166666666,HIGH STREET ROAD / VANNAM / JORDAN,781841.9166666666,55298.0,7.61110219650636,0.20133228156433255,699469.1020408163,Stable
4600,493080.4166666667,WILLIAM / BOURKE,679202.5,186122.0833333333,37.7468009359528,0.325504828105491,535270.4829931973,Growth
4601,1511741.4166666667,KING / BOURKE,1666358.4166666667,154617.0,10.22774121919109,0.20652447022666645,1451274.0136054421,Stable
4602,851693.5,SPENCER / BOURKE,473183.75,-378509.75,-44.44201464493976,0.4770508258974653,746527.1768707483,Decline
4603,43172.416666666664,EXHIBITION / LITTLE BOURKE,32194.416666666668,-10977.999999999996,-25.428273067873192,0.4312994541585326,32920.03424657534,Volatile
4604,72434.08333333333,RUSSELL / LITTLE BOURKE,54754.583333333336,-17679.499999999993,-24.40770861783529,0.33681593282218075,66749.04761904762,Volatile
4605,384468.6666666667,SWANSTON / LITTLE BOURKE,261192.33333333334,-123276.33333333334,-32.064078043637714,0.14848078780413604,355907.21768707485,Stable
4606,464775.5,ELIZABETH / LITTLE BOURKE,413416.9166666667,-51358.583333333314,-11.050191615808776,0.5938278647757227,691289.1972789116,Volatile
4607,76169.75,QUEEN / LITTLE BOURKE,56054.833333333336,-20114.916666666664,-26.40801192949519,0.21924599703202108,72786.21088435374,Stable
4608,66972.25,WILLIAM / LITTLE BOURKE,401148.8333333333,334176.5833333333,498.97768603165235,0.7680908549230672,229484.45578231293,Growth
4609,78016.41666666667,KING / LITTLE BOURKE,62086.416666666664,-15930.000000000007,-20.418779380835453,0.2636062182467958,66779.57823129251,Stable
461,324339.1666666667,COLEMAN NEAR FIANDER,114781.16666666667,-209558.0,-64.61075982703292,0.329919813218887,292232.2323943662,Decline
4610,688372.3333333334,CENTRE / TUCKER,646538.5833333334,-41833.75,-6.077198047374555,0.11803371352293412,670097.2721088436,Stable
4612,456110.0833333333,CENTRE NEAR LILAC,411179.5833333333,-44930.5,-9.850801734449705,0.12176705710121112,443562.0272108844,Stable
4613,1189034.25,CENTRE / EAST BOUNDARY,1194133.1666666667,5098.916666666744,0.4288284098348508,0.12398579721678447,1194572.6462585034,Stable
4614,672279.5,CENTRE NEAR BIGNELL,535628.6666666666,-136650.83333333337,-20.326491189056544,0.15736827490627464,625355.0544217688,Decline
4615,753668.0,CENTRE / MACKIE,808166.9166666666,54498.91666666663,7.231157043508101,0.12962516276328653,801631.3401360544,Stable
4616,499154.5,WICKHAM / ROWANS,503693.1666666667,4538.666666666686,0.9092709104428961,0.16483268246956045,532143.2708333334,Stable
4617,743073.5,CHESTERVILLE / WICKHAM / KEYS,714557.3333333334,-28516.166666666628,-3.8375970434508333,0.13613873736198406,730256.2925170067,Stable
4618,1181533.5833333333,KINGSTON / OLD DANDENONG,508270.3333333333,-673263.25,-56.98215095169745,0.34275364938658154,708614.6666666666,Decline
4622,833115.0,EAST BOUNDARY NEAR JULIANA,855129.5,22014.5,2.642432317267124,0.14361670912553529,833291.5918367347,Stable
4624,536611.5833333334,CHESTERVILLE / BERNARD,484606.5,-52005.08333333337,-9.691382919892872,0.13270498251925747,517923.48979591834,Stable
4625,645773.75,CHESTERVILLE / ARGUS / TENNYSON,609589.8333333334,-36183.91666666663,-5.603187907013351,0.17675117411607125,643965.4217687075,Stable
4626,714053.25,CHARMAN / PARK,717653.3333333334,3600.083333333372,0.504175750664726,0.14012238334839303,697597.8163265307,Stable
463,956649.75,HIGH STREET ROAD / HUNTINGDALE,1036636.0833333334,79986.33333333337,8.36108861506872,0.1740743774636099,974671.0612244898,Stable
4630,805090.8333333334,MT ALEXANDER ROAD / TRAVANCORE,801328.25,-3762.583333333372,-0.46734892232657455,0.1798686798359274,847914.2108843537,Stable
4632,576197.8333333334,KINGSTON RD / TURNBERRY CT,502095.0,-74102.83333333337,-12.86065810151433,0.12861104204024576,548270.6802721089,Stable
4634,242793.91666666666,STATION NEAR CENTRAL,222402.5,-20391.416666666657,-8.398652217741585,0.14011870088271378,234299.1224489796,Stable
4635,644418.6666666666,CHESTERVILLE / COCHRANES,579192.1666666666,-65226.5,-10.121758318608608,0.13473532553516795,594663.4353741497,Stable
4636,743993.8333333334,BOURKE / CLAYTON / OSBORNE,761216.25,17222.416666666628,2.31486013660955,0.20602791529417364,721992.9659863946,Stable
4637,358900.8333333333,CHESTERVILLE NEAR RADCLIFFE,340292.8333333333,-18608.0,-5.1847190844267566,0.15181352982696072,341907.21768707485,Stable
4638,1680010.0,BOUNDARY / LOWER DANDENONG,1425089.5,-254920.5,-15.173748965779964,0.1277425232294534,1590603.1700680272,Decline
4639,527085.25,CENTRE NEAR CHESTER,482033.1666666667,-45052.083333333314,-8.54739974858589,0.14850314775047724,498943.8911564626,Stable
464,1314699.1666666667,HIGH ST RD / STEPRINCES HIGHWAY EASTNSONS,2918955.9166666665,1604256.7499999998,122.0246266731489,0.43211250504287463,1749674.4013605441,Growth
4640,647596.0833333334,BALCOMBE / CHARMAN,627164.0833333334,-20432.0,-3.1550530532599215,0.12775886276629855,630492.3673469388,Stable
4641,598358.5833333334,BALCOMBE / SWANSTON,1224625.1666666667,626266.5833333334,104.66409286627598,0.419290215768549,874273.8095238095,Growth
4644,697681.5833333334,LWR DANDENONG NEAR IVY,725399.75,27718.166666666628,3.972896422783119,0.12732756761472824,695654.6258503401,Stable
4645,934103.4166666666,LWR DANDENONG / THRIFT PARK EXIT,1043132.0,109028.58333333337,11.672003483554333,0.15184407917534717,985884.7619047619,Stable
4646,772484.0833333334,LWR DANDENONG / WARREN,917032.9166666666,144548.83333333326,18.712208633424908,0.14854653915295143,795304.9931972789,Stable
4647,1386958.5833333333,BOUNDARY / MALCOLM / WHITE,770694.3333333334,-616264.2499999999,-44.43277956569599,0.2676208966390482,1166839.0612244897,Decline
4648,746838.75,LWR DANDENONG / DE HAVILLAND,643713.6666666666,-103125.08333333337,-13.808212727758617,0.136629397268376,711513.5578231292,Stable
4649,754046.5833333334,LWR DANDENONG / SOUTHERN,793520.75,39474.16666666663,5.234977193606181,0.13433155804551675,752157.231292517,Stable
465,471445.1666666667,HIGH ST RD NEAR CHARLES,433223.5833333333,-38221.58333333337,-8.107323191703815,0.18424176766713102,441039.74166666664,Stable
4651,1441516.75,PASCOE VALE / SUNSET,1467184.1666666667,25667.416666666744,1.7805840040822796,0.11863485858987788,1426541.537414966,Stable
4652,1556561.4166666667,DAREBIN NEAR ARTHUR,1726833.5,170272.08333333326,10.938989076188605,0.3363174912351541,1418959.448979592,Growth
4653,1082156.5,GRANGE / WINGROVE,1250705.8333333333,168549.33333333326,15.575319589480197,0.2512467001289041,1196360.224489796,Growth
4654,843438.0833333334,VICTORIA / RIVER,437257.8333333333,-406180.25000000006,-48.157684366675014,0.2083022277934086,741334.3197278911,Decline
4655,663584.4166666666,CENTRE / BRADY,624303.5,-39280.91666666663,-5.919505594176471,0.13579216530155896,646243.9523809524,Stable
4656,1150161.75,STREETATION / DEER PARK SHOPPING CENTRE,1037407.0,-112754.75,-9.803382002574855,0.14324530883105593,1082654.2517006802,Stable
4657,1238334.9166666667,HIGH NEAR LAWRY,962851.3333333334,-275483.5833333334,-22.246290533006725,0.2700392630665519,962649.9727891156,Decline
466,553743.3333333334,HIGH STREET ROAD / LAWRENCE,507061.5,-46681.83333333337,-8.430229408329978,0.2123224876216299,510210.8911564626,Stable
4660,1813088.6666666667,STREET GEORGES / NORMANBY,1713890.5,-99198.16666666674,-5.4712253454786035,0.1160568570992116,1743641.0272108843,Stable
4661,1031563.4166666666,CLARENDON / HIGH / NORMANBY,1772092.6666666667,740529.2500000001,71.78707949850556,0.2930571912517962,1275229.8231292516,Growth
4662,916205.8333333334,HIGH / DAREBIN,370913.0,-545292.8333333334,-59.516411432292784,0.21828066465316695,787551.2857142857,Decline
4664,735250.5833333334,DAREBIN / VICTORIA,706282.75,-28967.833333333372,-3.939858599228137,0.13363955964376723,724617.4829931973,Stable
4665,1149571.0,ST GEORGES NEAR SUMNER,914328.0833333334,-235242.91666666663,-20.46353958708654,0.14506099849521212,1078258.7006802722,Decline
4666,687560.75,DAREBIN / JOHN CAIN MEMORIAL PK ACCESS / BUNNINGS A…,899942.1666666666,212381.41666666663,30.889112949898117,0.36917470933515845,897337.4965034965,Growth
4667,1115348.0,GRANGE / DAREBIN,1203115.75,87767.75,7.869091081886551,0.1233751931683281,1179394.6394557822,Stable
4668,1882671.25,STREET GEORGES / ARTHURTON,1751707.25,-130964.0,-6.956286181137572,0.13355619889337458,1735374.7414965986,Decline
4669,876897.1666666666,HIGH / SEPARATION / ARTHURTON,668916.1666666666,-207981.0,-23.71783236460832,0.15988286360789705,784835.1700680272,Decline
467,1212787.4166666667,HIGH ST RD NEAR HUNTER,1232596.4166666667,19809.0,1.6333447830820031,0.16222063885949986,1153208.4421768708,Stable
4671,755824.3333333334,GRANGE / SEPARATION,933180.3333333334,177356.0,23.465240820949134,0.15822865041241824,847699.3605442176,Growth
4675,1455454.9166666667,STREET GEORGES / HUTTON,1389653.1666666667,-65801.75,-4.521043506500458,0.1196242065420236,1413413.2721088436,Stable
4676,1199829.1666666667,ST GEORGES NEAR WESTBOURNE,1861164.0,661334.8333333333,55.11908292499973,0.28450157296616757,1545409.163265306,Growth
4677,2805045.8333333335,HIGH NEAR MANSFIELD,691842.9166666666,-2113202.916666667,-75.3357714000514,0.7266607339452197,982159.9387755102,Decline
4678,726057.4166666666,HIGH / DENNIS,540431.5,-185625.91666666663,-25.566286137379628,0.15935825186758235,621048.6598639456,Decline
4679,574105.25,HIGH NEAR MITCHELL,756694.9166666666,182589.66666666663,31.804214761433837,0.1755979914167622,674405.8367346938,Growth
4680,566550.25,HIGH NEAR WESTBOURNE,551339.5,-15210.75,-2.684801568792883,0.11495151892920519,568487.9523809524,Stable
4681,1112037.25,HIGH / CLARKE,984277.4166666666,-127759.83333333337,-11.488808790652774,0.14114649541866506,1058631.2653061224,Decline
4682,1721769.1666666667,HIGH / WESTGARTH,1118048.25,-603720.9166666667,-35.06398699399794,0.179754850841468,1512887.612244898,Decline
4685,1157298.1666666667,ST GEORGES NEAR BEAVERS,1092497.25,-64800.916666666744,-5.599327686944411,0.11043964309877219,1115515.4081632653,Stable
4686,1312915.3333333333,STREET GEORGES / MILLER,1231793.0833333333,-81122.25,-6.178787614128964,0.40835523391405093,1530854.693877551,Volatile
4688,1049377.1666666667,PLENTY / HAWKSTOWE / MCARTHURS ROAD.,1284888.0,235510.83333333326,22.44291574224265,0.2552345385051471,1149151.3493150685,Growth
469,666196.4166666666,HIGH ST RD NEAR WESLEY COLLEGE,697330.0,31133.583333333372,4.6733339529370586,0.1810741857140345,639897.6054421769,Stable
4690,397782.9166666667,ATHERTON NEAR DRUMMOND,405321.75,7538.833333333314,1.8952129459221323,0.18059682399301466,404070.76470588235,Stable
4691,1564673.25,ATHERTON / ATKINSON / HANOVER,520476.75,-1044196.5,-66.73575457367856,0.5744729401336509,932913.0136054421,Decline
4694,917731.6666666666,CENTRE / CLARINDA / HUNTINGDALE,904022.0833333334,-13709.583333333256,-1.4938553208181682,0.21206532023917501,959617.1156462585,Stable
4695,180201.08333333334,CENTRE NEAR MELALEUCA,505342.3333333333,325141.25,180.43246132908004,0.34136483950064217,447145.37078651687,Growth
4697,562556.5,CENTRE NEAR AUDSLEY,664766.1666666666,102209.66666666663,18.16878245414756,0.15577347895108493,600456.2721088436,Stable
4698,648387.0833333334,CENTRE / HAUGHTON / CARINISH,1510773.5,862386.4166666666,133.00487298932157,0.4595733971013849,1111332.231292517,Growth
4699,588532.0,CENTRE NEAR KIONGA,717300.5,128768.5,21.8796089252581,0.16259844558185996,644187.8775510204,Stable
4700,644369.4166666666,CENTRE / MCNAUGHTON / KOMBI,754496.5833333334,110127.16666666674,17.090688015014173,0.1452797963577087,670337.6598639456,Stable
4702,1781472.3333333333,WESTALL / FAIRBANK,1325798.4166666667,-455673.9166666665,-25.578500891678168,0.14571953989009873,1615682.4353741496,Decline
4704,1420613.0,WESTALL NEAR HAYDEN,1269354.6666666667,-151258.33333333326,-10.647398928021442,0.12979600758468746,1356055.5578231292,Decline
4705,13259.75,RING ROAD SOUTH AT MONASH UNI,7724.416666666667,-5535.333333333333,-41.74538232872666,1.0896045184217493,9606.3,Volatile
4709,548117.4166666666,WAVERLEY NEAR POWER,587490.0833333334,39372.666666666744,7.183254074666802,0.14691836390438362,573287.9455782312,Stable
4710,1368666.75,HUNTINGDALE / WAVERLEY,1212145.0,-156521.75,-11.436074559420693,0.16877988418013437,1308896.2653061224,Decline
4711,2430159.75,SWANSTON / CEMETERY EAST / COLLEGE,2647612.0,217452.25,8.948064011018205,0.13094807912916615,2593804.319727891,Growth
4712,532119.5833333334,HUNTINGDALE NEAR HILLCREST,534622.4166666666,2502.8333333332557,0.4703516675058013,0.1445580289389541,544951.0884353742,Stable
4715,1096050.6666666667,FERNTREE GULLY / CLAYTON / STEPRINCES HIGHWAY EASTN…,1193760.9166666667,97710.25,8.914756677915133,0.15007603857174343,1161024.768707483,Stable
4716,932851.1666666666,FERNTREE GULLY / FORSTER / GARDINER,888781.3333333334,-44069.833333333256,-4.724208416955394,0.1584159783584162,899788.081632653,Stable
4717,1102545.75,BLACKBURN / NORMANBY,1139688.9166666667,37143.166666666744,3.368854912974518,0.16851125554879934,1078792.1088435375,Stable
4718,300893.0,HUNTINGDALE NEAR STAFFORD,235200.91666666666,-65692.08333333334,-21.83237341291866,0.2481282699030998,283277.19727891154,Stable
472,1049248.6666666667,POLICE / BROWNS,1052590.3333333333,3341.6666666665114,0.31848185971801835,0.11964991984852807,1064960.6802721089,Stable
4720,922508.9166666666,INGLES / CROCKFORD,781797.5,-140711.41666666663,-15.253122666294008,0.1561557934278861,833341.0612244898,Decline
4721,507006.5,BAY / BRIDGE,353258.0,-153748.5,-30.324759150030623,0.1802364543054982,412134.08843537414,Decline
4722,733732.5,BAY / GRAHAM,744446.6666666666,10714.166666666628,1.4602278986778734,0.13592066036489792,722061.4217687075,Stable
4723,763219.9166666666,BAY / BEACH,717606.25,-45613.66666666663,-5.976477509376661,0.14611283689181728,726198.4285714285,Stable
4726,1537730.8333333333,CLARENDON NEAR MELBOURNE EXHIBITION CENTRE,1120998.3333333333,-416732.5,-27.100484100761022,0.19468785012789097,1256567.0272108843,Decline
4728,440349.25,GRAHAM NEAR CLARK,533455.8333333334,93106.58333333337,21.14380422660726,0.15808303330574092,475779.2244897959,Stable
4729,581326.3333333334,PICKLES / LIARDET / RICHARDSON,516495.1666666667,-64831.166666666686,-11.152284517187423,0.15463362730868116,550225.0068027211,Stable
473,486913.25,HIGH ST RD NEAR TECK,454464.6666666667,-32448.583333333314,-6.6641405493346735,0.17354273140199172,462863.9183673469,Stable
4732,273488.4166666667,LORIMER / SALMON,260871.25,-12617.166666666686,-4.613419032676894,0.17142307710530671,277391.1836734694,Stable
4733,850882.25,ALBERT / LAKESIDE,618765.8333333334,-232116.41666666663,-27.279499209986653,0.21719441301308431,711511.1428571428,Decline
4734,2380993.25,QUEENS / LINK,2299089.0833333335,-81904.16666666651,-3.4399159538426454,0.14097102156868024,2329595.2517006802,Stable
4735,470725.5,LAKESIDE / LINK,330648.5833333333,-140076.9166666667,-29.75766485279992,0.3836245926650968,370287.25850340136,Decline
4736,1153112.75,HIGH / EPPING PLAZA SHOPPING ACCESS 1,808862.1666666666,-344250.5833333334,-29.854026272221283,0.20432622478239762,950755.8979591837,Decline
4737,513342.0,CHAPEL / DALY,404988.5,-108353.5,-21.107468315469998,0.6489822509859116,518207.5238095238,Volatile
4738,434758.1666666667,CHAPEL NEAR MADDOCK,391438.4166666667,-43319.75,-9.964102648637231,0.10744598915459333,421190.29931972787,Stable
4739,834726.0,ALEXANDRA / WILLIAMS NTH,879129.9166666666,44403.91666666663,5.319579918040965,0.1328701705904323,857488.074829932,Stable
474,602516.0,HUNTINGDALE NEAR RAILWAY,736113.5,133597.5,22.173270087433362,0.19800736152496867,683753.0082644628,Stable
4740,982413.4166666666,CHAPEL / ALEXANDRA / CHURCH,1353729.25,371315.8333333334,37.79629095388475,0.2074221770000221,1273360.4353741496,Growth
4741,2157132.6666666665,TOORAK NEAR MYRTLE,946372.0,-1210760.6666666665,-56.128243078234405,0.32260254602406563,1466173.156462585,Decline
4742,2606477.3333333335,TOORAK NEAR OSBORNE,3038311.3333333335,431834.0,16.56772512376858,0.1855575508844148,2796783.9455782315,Growth
4743,1227607.6666666667,TOORAK / CHAPEL,525094.4166666666,-702513.2500000001,-57.22620256254509,0.24022930748602359,1119136.8911564625,Decline
4744,2717592.3333333335,TOORAK NEAR SURREY,1415546.8333333333,-1302045.5000000002,-47.91172995410031,0.24695976685089446,1973299.775510204,Decline
4745,1335298.6666666667,TOORAK / WILLIAMS,1188872.0,-146426.66666666674,-10.965836357209477,0.1353650370571789,1256865.619047619,Decline
4746,1624470.3333333333,TOORAK NEAR MATHOURA,866011.5833333334,-758458.7499999999,-46.689603031634306,0.2112119529006533,1367063.156462585,Decline
4747,919600.8333333334,TOORAK / GRANGE / CANTERBURY,821771.75,-97829.08333333337,-10.63821168786095,0.13616590527833772,854991.2380952381,Stable
4748,1141022.9166666667,TOORAK / ORRONG,1008870.9166666666,-132152.00000000012,-11.581888327542364,0.12761705721065872,1053783.1088435375,Decline
4749,845281.25,TOORAK NEAR IRVING,770548.0,-74733.25,-8.841228880919811,0.1158145278502166,794677.5918367347,Stable
4750,1074180.1666666667,TOORAK / KOOYONG,929856.75,-144323.41666666674,-13.435680637683225,0.17282610205562948,954659.5442176871,Decline
4751,488678.4166666667,COMMERCIAL NEAR TYRONE,414915.5833333333,-73762.83333333337,-15.094350562171005,0.12766985434068462,461738.8163265306,Stable
4753,1849830.1666666667,MALVERN / CHAPEL / BRAY / LITTLE CHAPEL,1226419.8333333333,-623410.3333333335,-33.70094966375743,0.1754390650859271,1662891.231292517,Decline
4754,537300.1666666666,MALVERN / BENDIGO / SURREY,418091.25,-119208.91666666663,-22.186651719507495,0.14468373142318788,461483.74149659864,Stable
4755,1196759.25,MALVERN / WILLIAMS,1057092.25,-139667.0,-11.670434132846685,0.12401582414649438,1158457.7074829931,Decline
4756,453599.25,MALVERN NEAR A'BECKETT,443125.0833333333,-10474.166666666686,-2.309123453503657,0.13986149900387163,433947.80272108846,Stable
4757,980138.4166666666,MALVERN / ORRONG,836085.0833333334,-144053.33333333326,-14.697243867171474,0.16300683471748523,882096.3469387755,Decline
4758,556752.4166666666,MALVERN / CLENDON,537037.9166666666,-19714.5,-3.540981486534485,0.1359687606330448,544833.7278911564,Stable
4759,834003.75,MALVERN / KOOYONG,608605.5,-225398.25,-27.02604754475025,0.18709803706533673,761498.8503401361,Decline
476,591100.3333333334,STEPRINCES HIGHWAY EASTNSONS NEAR SIMPSON,632215.0833333334,41114.75,6.955629642119414,0.13597804201628236,619553.9319727891,Stable
4760,483935.25,HIGH NEAR PERTH,377224.25,-106711.0,-22.050677234196105,0.14312410858851085,430706.0272108844,Stable
4761,634574.4166666666,HIGH / STREET EDMONDS,507488.4166666667,-127085.99999999994,-20.026965579161775,0.136825940129664,557505.8435374149,Decline
4762,847785.5,HIGH / CHAPEL,621550.75,-226234.75,-26.685376194803993,0.14170037941662741,720179.8163265307,Decline
4763,702378.8333333334,HIGH / HORNBY / BANGS,501431.6666666667,-200947.1666666667,-28.609513432091372,0.15406924815083095,581955.5034013606,Decline
4764,1248959.25,HIGH / WILLIAMS,1071714.9166666667,-177244.33333333326,-14.191362394996734,0.12169464209172587,1136883.6598639456,Decline
4765,876191.0833333334,HIGH NEAR HIGHBURY,707989.5,-168201.58333333337,-19.19690653475227,0.13966993448944098,782685.231292517,Decline
4766,962373.9166666666,HIGH / ORRONG,748381.25,-213992.66666666663,-22.235917137890006,0.15411673004800258,828211.6598639456,Decline
4767,545542.0833333334,HIGH NEAR CHEEL,308903.6666666667,-236638.4166666667,-43.376748356565834,0.19403438260899586,451740.0,Decline
4768,888571.75,HIGH / KOOYONG,571705.4166666666,-316866.3333333334,-35.66018538551708,0.16173117644277094,764099.9727891156,Decline
4771,743797.75,CHAPEL / WILSON / GARDEN,640366.5833333334,-103431.16666666663,-13.905818707661677,0.1288637102451808,717434.1292517007,Stable
4772,1349671.0833333333,CHAPEL / CHATHAM / PRINCES,1444558.8333333333,94887.75,7.030435131324898,0.13114346858889442,1570750.1224489796,Stable
4773,2269129.5833333335,CHAPEL NEAR KING,866882.5833333334,-1402247.0,-61.79669113211729,0.35026722809302946,1527471.1292517006,Decline
4774,1864277.75,CHAPEL NEAR UNION,684648.8333333334,-1179628.9166666665,-63.27538461834169,0.42010897802242053,1111495.9523809524,Decline
4775,951706.0,HIGH STREET / BUNNINGS ACCESS,830613.25,-121092.75,-12.72375607593101,0.11766786690264429,899914.2176870748,Stable
4776,563710.25,FURLONG / SUNSHINE HOSPITAL ENT,739710.0,175999.75,31.221669288433198,0.14383147755099837,671253.1020408163,Growth
4777,622392.3333333334,WILLIAMS NEAR GOOCH,1054038.9166666667,431646.5833333334,69.35281175807114,0.27568687155821636,791686.5646258503,Growth
4778,814546.3333333334,KOOYONG / WATTLETREE,741137.6666666666,-73408.66666666674,-9.01221497938117,0.12526665674368542,779895.081632653,Stable
4779,765241.3333333334,MALVERN NEAR CHATSWORTH,765767.4166666666,526.0833333332557,0.06874737555558799,0.13836852132225821,741707.306122449,Stable
4780,1269544.4166666667,SPRING / EDWARDES,1336886.4166666667,67342.0,5.304422524799414,0.1034791459881836,1316740.5986394559,Stable
4781,1182985.75,SPRING / REGENT,1119647.3333333333,-63338.416666666744,-5.354114930519387,0.13399266907224305,1173763.1360544218,Stable
4782,1766823.3333333333,STREET GEORGES / MURRAY,1737578.3333333333,-29245.0,-1.655230573892504,0.14635131010955568,1726726.081632653,Stable
4783,1544109.5833333333,STREET GEORGES / CRAMER,1124904.8333333333,-419204.75,-27.14863987146854,0.17668504785603656,1432591.9115646258,Decline
4784,1193378.25,STREET GEORGES / OAKOVER,1144727.9166666667,-48650.333333333256,-4.076690130168976,0.1416345814998873,1129722.142857143,Stable
4786,544530.9166666666,GILBERT / REGENT,46681.583333333336,-497849.3333333333,-91.42719322181125,0.498754113039901,419025.387755102,Decline
4787,794119.9166666666,GILBERT / MURRAY,639716.5,-154403.41666666663,-19.44333764033748,0.15744068720623455,741308.7482993198,Decline
4788,510333.5,GILBERT / CRAMER,469204.8333333333,-41128.666666666686,-8.059174376494328,0.14111443910281377,480954.20408163266,Stable
4789,758091.0833333334,PLENTY / WOOD,710496.9166666666,-47594.166666666744,-6.278159407626161,0.13589025348178363,732351.4353741497,Stable
479,758464.75,STEPRINCES HIGHWAY EASTNSONS NEAR KEMP,790916.8333333334,32452.083333333372,4.278654127740725,0.18300220244766036,769413.7142857143,Stable
4790,954562.0833333334,PLENTY / MURRAY,910531.0,-44031.08333333337,-4.612699802570903,0.12696988518023838,893217.768707483,Stable
4791,737592.1666666666,PLENTY / GOWER,707080.0833333334,-30512.083333333256,-4.136714665941173,0.1334147794809149,692584.2040816327,Stable
4792,360083.25,MURRAY NEAR JESSIE,479732.75,119649.5,33.22828818058046,0.2042931262833424,400078.9863945578,Stable
4793,991094.1666666666,MURRAY NEAR HIGHVIEW,847148.5,-143945.66666666663,-14.523914226112048,0.13909289879015535,918716.7823129252,Decline
4794,890912.3333333334,MURRAY / CHIFLEY,846320.6666666666,-44591.666666666744,-5.005168858739196,0.12957242976230804,859083.7074829933,Stable
4795,546606.75,BOLDREWOOD NEAR GENOA,651025.75,104419.0,19.10313035834263,0.1306684715643041,612694.1904761905,Stable
4796,1045896.25,KINGSBURY / WATERDALE,919902.0833333334,-125994.16666666663,-12.046526284673707,0.15262854789719474,927007.537414966,Decline
4798,301499.75,GILBERT NEAR OAKOVER,3215.0,-298284.75,-98.93366412409961,0.4479737303927564,238982.97278911565,Decline
4799,571501.0833333334,PLENTY NEAR DAVID,652232.4166666666,80731.33333333326,14.126190778582645,0.17360124844574842,600709.7006802721,Stable
480,834513.25,STEPRINCES HIGHWAY EASTNSONS / MILLER,919989.3333333334,85476.08333333337,10.242627463774047,0.2012251053146563,1003994.4013605443,Stable
4800,1345105.5833333333,BRIDGE / LENNOX,1117954.3333333333,-227151.25,-16.887243114186763,0.1564695068549741,1204588.231292517,Decline
4801,1023191.8333333334,BRIDGE / CHURCH,876180.5833333334,-147011.25,-14.367906897875619,0.1386876767523825,933165.9047619047,Decline
4802,1957389.4166666667,BRIDGE NEAR RICHMOND TOWN HALL,1562689.0833333333,-394700.3333333335,-20.16462998995304,0.1322281570235532,1758815.619047619,Decline
4803,893757.25,BRIDGE / COPPIN,660875.9166666666,-232881.33333333337,-26.056441313716157,0.17578621081859372,754430.4217687075,Decline
4805,1438843.9166666667,BRIDGE / BURNLEY,1238957.1666666667,-199886.75,-13.892177440835457,0.14255668449824568,1280229.6598639456,Decline
4806,1575021.1666666667,BRIDGE NEAR YARRA,973426.1666666666,-601595.0000000001,-38.195994614675556,0.30324539701804476,1003640.1564625851,Decline
4807,703561.8333333334,SWAN / LENNOX,500306.5833333333,-203255.25000000006,-28.889465057679136,0.2135521304152713,586926.6666666666,Decline
4808,1335871.8333333333,CHURCH / SWAN,970165.3333333334,-365706.4999999999,-27.375867270699988,0.16505391328277616,1145436.7414965986,Decline
4809,805033.1666666666,SWAN / COPPIN,693517.75,-111515.41666666663,-13.852276065644494,0.14336341200045252,721063.4829931973,Stable
481,1138758.5833333333,STEPRINCES HIGHWAY EASTNSONS / WAIMARIE,932519.6666666666,-206238.91666666663,-18.1108550736866,0.15885445754790936,1052685.0476190476,Decline
4810,1050887.4166666667,SWAN / BURNLEY,686313.25,-364574.16666666674,-34.69202893522769,0.37459532001952306,1022296.6734693878,Decline
4811,492259.5,SWAN NEAR STAWELL,399573.9166666667,-92685.58333333331,-18.82860225822626,0.16864402095480274,429637.6394557823,Stable
4812,1443707.4166666667,SWAN / MADDEN,1213051.8333333333,-230655.5833333335,-15.976615529612456,0.15628607477179707,1339789.1836734693,Decline
4813,1358656.75,VICTORIA NEAR JAMES,859926.5,-498730.25,-36.7075974119291,0.300014539974956,897000.4149659864,Decline
4814,1066720.75,VICTORIA / LENNOX / NICHOLSON,421851.9166666667,-644868.8333333333,-60.45338794931413,0.2516097351897893,795473.918367347,Decline
4815,612608.75,VICTORIA NEAR LITHGOW,926809.9166666666,314201.1666666666,51.28904323790129,0.3189855838906764,859659.462585034,Growth
4816,1647020.3333333333,VICTORIA / CHURCH,1056167.9166666667,-590852.4166666665,-35.87402078217613,0.2342510626436488,1387781.8775510204,Decline
4817,660222.3333333334,VICTORIA / SOUTH AUDLEY / MCKAY,543429.9166666666,-116792.41666666674,-17.68986154664061,0.13556100509896837,595026.7482993198,Stable
4818,715414.0,VICTORIA / JOHNSON,531954.0833333334,-183459.91666666663,-25.6438812584974,0.16573228176992458,631268.9591836735,Decline
4819,571723.9166666666,SWAN NEAR WAVERLEY,939654.5833333334,367930.66666666674,64.35460472107242,0.28475428011338305,772815.918367347,Growth
482,819869.5833333334,STEPRINCES HIGHWAY EASTNSONS / VIRGINIA,1269401.0,449531.4166666666,54.82962483362444,0.23413931409739938,1059620.551020408,Growth
4820,790803.4166666666,VICTORIA / FLOCKHART,652876.1666666666,-137927.25,-17.44140795210272,0.15123263196803544,725897.2176870748,Decline
4821,885994.25,VICTORIA / BURNLEY / WALMER,840052.3333333334,-45941.91666666663,-5.185351560313921,0.19567221004126675,846545.9387755102,Stable
4822,297432.3333333333,ELIZABETH / LENNOX,438961.9166666667,141529.58333333337,47.58379216785444,0.3784396846792647,379294.25850340136,Volatile
4823,778616.9166666666,ELIZABETH NEAR WILLIAMS,640565.3333333334,-138051.58333333326,-17.73036012681888,0.209591587590918,753306.1224489796,Decline
4824,477097.75,CHURCH / ELIZABETH / BAKER,418491.0833333333,-58606.666666666686,-12.28399561026366,0.1856894572714459,451579.74149659864,Stable
4825,298387.8333333333,HIGHETT / LENNOX,254398.25,-43989.583333333314,-14.742418563759577,0.3563739674329033,327698.8095238095,Volatile
4826,655146.8333333334,CHURCH / HIGHETT,764249.4166666666,109102.58333333326,16.653149764645622,0.18947434780128383,679747.4285714285,Stable
4827,747196.4166666666,HIGHETT NEAR GRIFFITHS,600195.75,-147000.66666666663,-19.67363110792934,0.2153714726269909,715479.4217687075,Decline
4828,598518.8333333334,CHURCH NEAR CAMERON,679459.0833333334,80940.25,13.523425745722845,0.19782775266437932,662014.7954545454,Stable
4829,972919.5833333334,CHURCH NEAR BROUGHAM,647947.75,-324971.8333333334,-33.401715712201295,0.22108185134138597,781249.074829932,Decline
483,1212475.75,STEPRINCES HIGHWAY EASTNSONS / WAVERLEY,1670229.6666666667,457753.91666666674,37.75365541675095,0.23774732578290947,1432608.1156462585,Growth
4830,414472.4166666667,CANTERBURY NEAR MARY,494022.8333333333,79550.41666666663,19.19317509870479,0.20726411893658528,462272.51219512196,Stable
4831,955880.4166666666,CANTERBURY / FITZROY / GREY,833016.1666666666,-122864.25,-12.853516805841736,0.13808062105858696,887231.4149659864,Stable
4832,1233096.4166666667,FITZROY / PRINCES / LAKESIDE,1066747.9166666667,-166348.5,-13.490307631391623,0.2777959129418032,1030282.3129251701,Decline
4833,905782.9166666666,FITZROY NEAR PARK,642336.1666666666,-263446.75,-29.08497667073466,0.25023686465011336,758975.8775510204,Decline
4834,865382.5,ST KILDA NEAR RALEIGH,420051.25,-445331.25,-51.460625792640826,0.2672410553934332,638425.0612244898,Decline
4835,259176.41666666666,WITHERS / DICKSON,267812.0,8635.583333333343,3.331932528583334,0.2973240021281765,326523.44217687077,Volatile
4837,457834.0,CARLISLE / WESTBURY,338279.25,-119554.75,-26.11312178649904,0.13332636094355013,390458.42176870746,Stable
4838,1052108.1666666667,MARINE / DICKENS / MARINA ENT,1079314.75,27206.583333333256,2.5859112394812307,0.17095421004771233,1062331.8707482994,Stable
4840,1023263.25,GREY NEAR ROBE,827172.6666666666,-196090.58333333337,-19.16325865639496,0.15808282777108473,994884.8911564626,Decline
4841,501387.0,CANTERBURY NEAR FRASER,518899.25,17512.25,3.4927610807619662,0.15841040120715216,496475.79591836734,Stable
4844,541081.0833333334,STREET KILDA STREET / G'HUNTLY / TENNYSON,541394.5833333334,313.5,0.05793956019838677,0.12195379791053723,548857.3263888889,Stable
4845,780966.6666666666,CHAPEL / ALMA,570457.5,-210509.16666666663,-26.95494899483546,0.21043183375847013,708892.1360544218,Decline
4846,362803.3333333333,ALMA / WESTBURY,275982.75,-86820.58333333331,-23.930481160592052,0.1656100948971933,326044.9387755102,Stable
4847,860560.9166666666,HOTHAM / ALMA,718801.5,-141759.41666666663,-16.47290899704853,0.13334038695227798,797935.9863945579,Decline
4848,1914801.4166666667,CHAPEL / INKERMAN,1657479.0,-257322.41666666674,-13.438595481855236,0.1210074191312459,1832253.8698630137,Decline
4849,483273.4166666667,INKERMAN / WESTBURY,372015.1666666667,-111258.25,-23.021802185477817,0.20297530739233793,422079.1768707483,Stable
4850,935372.75,HOTHAM / INKERMAN,828338.3333333334,-107034.41666666663,-11.442969304661338,0.23037892279844863,893518.4081632653,Stable
4851,696374.5833333334,CHAPEL / CARLISLE,341736.1666666667,-354638.4166666667,-50.92638719941793,0.20276360610522215,595004.0952380953,Decline
4852,327593.9166666667,CARLISLE NEAR WOODSTOCK,700531.0833333334,372937.1666666667,113.84129792804964,0.5711033108212222,714435.4897959183,Growth
4853,878113.9166666666,HOTHAM / CARLISLE / BALACLAVA,818645.1666666666,-59468.75,-6.772327470420267,0.11165236095034936,843673.9115646258,Stable
4854,578693.75,HOTHAM NEAR GROSVENOR,574556.3333333334,-4137.416666666628,-0.7149578972758265,0.1226495255443375,582270.1632653062,Stable
4855,860663.75,HOTHAM / GLEN EIRA,789661.8333333334,-71001.91666666663,-8.24966970743994,0.12627535548941654,822194.1972789116,Stable
4856,448816.5833333333,WATTLETREE / DUNCRAIG / MALVERN CENTRAL,461865.5833333333,13049.0,2.9074237638649345,0.11454864858224603,463075.6666666667,Stable
4857,736852.8333333334,ST KILDA NEAR OCTAVIA,637031.9166666666,-99820.91666666674,-13.546927167953267,0.12948692301005424,695833.8571428572,Stable
4858,311831.25,CARLISLE NEAR ACLAND,658379.3333333334,346548.0833333334,111.13321173978983,0.39477845843391923,495609.27210884355,Growth
4859,2002330.9166666667,NEPEAN NEAR BURNS,1759110.6666666667,-243220.25,-12.14685584563091,0.13170043938621404,1870983.3537414966,Decline
4861,750233.5833333334,HAMPTON / WILLIS,930642.1666666666,180408.58333333326,24.046988476811045,0.20889587927083134,850108.4375,Growth
4862,915808.1666666666,BAY NEAR STATION,864742.25,-51065.91666666663,-5.576049496537571,0.11042933419437949,901068.1904761905,Stable
4863,1081541.75,BAY NEAR LANSELL,913061.75,-168480.0,-15.57776202351874,0.25008406969466307,932537.03125,Decline
4864,829819.6666666666,BAY / RESERVE,796075.5,-33744.16666666663,-4.066445761910515,0.12864091312153939,821561.2789115646,Stable
4865,526301.4166666666,BALCOMBE NEAR HAYDENS,614181.9166666666,87880.5,16.69775098774989,0.18361391060955404,619492.6833333333,Stable
4866,641635.0,BALCOMBE / RESERVE,571945.9166666666,-69689.08333333337,-10.861172369545516,0.12635129710887844,605961.4693877551,Stable
4868,543070.1666666666,BEACH NEAR BALCOMBE,490133.8333333333,-52936.333333333314,-9.747604744752133,0.174213221635271,520124.462585034,Stable
4869,210001.25,BEACH NEAR MASEFIELD,519261.5,309260.25,147.26590913149326,0.35351828624850784,470248.40449438203,Growth
487,557190.4166666666,WAVERLEY / FORSTER,536292.75,-20897.666666666628,-3.7505430893238856,0.1517540139985393,545422.4965986394,Stable
4870,431266.8333333333,BALCOMBE NEAR MICHAEL,408110.25,-23156.583333333314,-5.369432922618282,0.1180290333896656,415550.08843537414,Stable
4872,402712.6666666667,INKERMAN / ALEXANDER,330756.8333333333,-71955.83333333337,-17.86778497158438,0.1388941921877692,374669.15646258503,Stable
4873,992127.0833333334,BALCOMBE NEAR COMO PDE WEST,1019533.6666666666,27406.583333333256,2.7624065297414355,0.3003412909096209,888209.925170068,Volatile
4875,52474.25,BRIDPORT / LIGHT RAIL CROSSING,43908.666666666664,-8565.583333333336,-16.323403065948224,0.12101294863860111,47633.639455782315,Stable
4876,20399.583333333332,INGLES / LIGHT RAIL CROSSING,18660.75,-1738.8333333333321,-8.523866909046339,0.43326047348212654,30436.47619047619,Volatile
4877,26893.583333333332,BRIDGE / LIGHT RAIL CROSSING,60764.416666666664,33870.83333333333,125.94392094768578,0.48426335867397335,31375.82993197279,Volatile
4878,1188596.9166666667,CLARENDON / WHITEMAN / NORMANBY,916963.3333333334,-271633.5833333334,-22.853296986089273,0.19111336860797923,1057977.4217687075,Decline
4879,1846076.25,QUEENS BRIDGE / WHITEMAN / POWER,1174886.3333333333,-671189.9166666667,-36.357648643530666,0.24892140348657507,1503531.7278911564,Decline
488,1209156.0833333333,WAVERLEY / ARISTOC / GLENWOOD,1434605.9166666667,225449.8333333335,18.64522177416716,0.19863918670590414,1262562.9206349207,Growth
4880,1612018.8333333333,CITY / SOUTHBANK,1546727.4166666667,-65291.41666666651,-4.0502887011348925,0.15706512094998454,1522529.9387755103,Stable
4881,1960297.5833333333,CITY / POWER,1935608.1666666667,-24689.41666666651,-1.2594728921046814,0.1809360772109467,1908670.836734694,Stable
4882,1281081.9166666667,CITY / MORAY / QUEENSBRIDGE,756561.75,-524520.1666666667,-40.94353060821053,0.22190851043749268,1170372.8639455782,Decline
4883,1272257.5,CITY / CLARENDON,954024.75,-318232.75,-25.013234349178525,0.16979750837996369,1094470.5714285714,Decline
4884,831327.3333333334,CITY / CECIL / BALLANTYNE,636882.9166666666,-194444.41666666674,-23.38963352582337,0.17441791262110978,735796.7959183673,Decline
4885,857605.3333333334,CITY / FERRARS / MARKET,686611.75,-170993.58333333337,-19.938493463971,0.17187288855993163,765864.1564625851,Decline
4886,1489864.25,CITY / MONTAGUE / YORK,1315967.5,-173896.75,-11.671986222905879,0.14358433723169853,1391492.1224489796,Decline
4887,312432.3333333333,POWER / STREETURT,266779.0,-45653.333333333314,-14.612230701687935,0.16894368888908468,289499.2517006803,Stable
4888,564065.8333333334,STREETURT / SOUTHBANK,586356.1666666666,22290.333333333256,3.95172549303493,0.2190439987789099,589856.4539007092,Stable
4889,177067.91666666666,STREETURT / KAVANAGH,575116.3333333334,398048.41666666674,224.79985316368726,0.6624917740638439,244115.7966101695,Growth
489,1538155.0833333333,WELLINGTON / WANDA / MONASH,1645068.8333333333,106913.75,6.950778316078987,0.12803800967246243,1605650.7823129252,Stable
4890,934078.0,POWER / KAVANAGH,1061911.9166666667,127833.91666666674,13.685571940102085,0.17398637235061948,993692.5034013606,Stable
4891,439510.25,CLARENDON / BALLANTYNE,338700.25,-100810.0,-22.936893963223838,0.1767347123687165,390623.9727891156,Stable
4892,633629.3333333334,CLARENDON / YORK,443178.0833333333,-190451.25000000006,-30.057202212860524,0.1967167009910053,525238.3129251701,Decline
4893,309620.4166666667,MORAY / YORK,45002.583333333336,-264617.8333333334,-85.46524036824661,0.8115398341801243,142744.86394557822,Decline
4894,261411.25,MARKET / MORAY,183678.33333333334,-77732.91666666666,-29.73587275477496,0.2543592596233058,211140.0680272109,Stable
4895,761334.1666666666,QUEENS BRIDGE / CROWN PORTE COCHERE EXIT,1350326.8333333333,588992.6666666666,77.36322530294953,0.3134102681571274,1106140.4897959183,Growth
4896,2186204.9166666665,PLENTY / ENTERPRISE,2065687.9166666667,-120516.99999999977,-5.512612247883585,0.1552455881566951,2082092.142857143,Stable
4897,805275.4166666666,YORK / FERRARS,759576.6666666666,-45698.75,-5.674921778832398,0.2832391665446886,768551.8299319728,Volatile
4898,405345.3333333333,DORCAS / MONTAGUE,281561.1666666667,-123784.16666666663,-30.53795282376508,0.35810733476802187,355783.12605042016,Volatile
4899,746752.3333333334,DORCAS / FERRARS,835337.0833333334,88584.75,11.862667988538814,0.14772587723377645,763971.387755102,Stable
490,411261.4166666667,GLADSTONE / HALTON,389263.4166666667,-21998.0,-5.348909260269775,0.25442397525435656,371227.3605442177,Stable
4900,812770.5833333334,MONTAGUE NEAR GLADSTONE,827555.5,14784.916666666628,1.8190762522470674,0.15495716548944816,806447.2517006802,Stable
4901,2377018.4166666665,WESTGATE FREEWAY WB / MONTAGUE,2182934.9166666665,-194083.5,-8.164997739990866,0.15809033848717474,2215006.448979592,Decline
4902,3256922.0833333335,MONTAGUE / LORIMER,1903829.9166666667,-1353092.1666666667,-41.54511935028637,0.3574318770847059,2213099.258503401,Decline
4903,1036526.5,PARK / FERRARS,702491.25,-334035.25,-32.22640713961486,0.1749811983061856,985835.1768707483,Decline
4904,402732.6666666667,CECIL / PARK,412023.25,9290.583333333314,2.3068859574341243,0.34287285076462454,380047.79591836734,Volatile
4905,1129686.6666666667,CLARENDON / PARK,922027.5833333334,-207659.08333333337,-18.382007105215017,0.1573916625880442,1031495.1564625851,Decline
4906,681676.3333333334,PARK / MORAY,545149.6666666666,-136526.66666666674,-20.028077841438936,0.1818726131023452,593305.4285714285,Decline
4907,683001.8333333334,FERRARS NEAR BRIDPORT,667280.0833333334,-15721.75,-2.3018605855377157,0.13762076447551444,674935.693877551,Stable
4908,118679.16666666667,VICTORIA NEAR DANKS,92801.75,-25877.41666666667,-21.80451497384405,0.12397514991946985,102399.54421768707,Stable
4909,1089825.25,CANTERBURY / KERFERD / ALBERT / FERRARS,1035965.8333333334,-53859.41666666663,-4.942023197449924,0.15108555619134736,1042715.1836734693,Stable
491,1353846.1666666667,WELLINGTON / COLES MYER HOUSE,1385670.8333333333,31824.66666666651,2.3506855838003142,0.13063445626010506,1375793.380952381,Stable
4910,461764.75,CANTERBURY NEAR ARMSTRONG,541667.8333333334,79903.08333333337,17.303850788379442,0.1871484662434774,486906.90476190473,Stable
4911,697850.25,ALBERT / CECIL / AUGHTIE,512598.4166666667,-185251.8333333333,-26.54607250385499,0.18372878258480208,618510.925170068,Decline
4912,808369.8333333334,ALBERT / CLARENDON,624659.75,-183710.08333333337,-22.725994434478118,0.17321403808782668,704183.1428571428,Decline
4913,791304.9166666666,ALBERT / MORAY,632783.9166666666,-158521.0,-20.03285922546292,0.17103860540408514,721357.6870748299,Decline
4915,623093.25,DORCAS / PICKLES / INGLES,593675.0,-29418.25,-4.721323814693868,0.1556428216936496,618083.081632653,Stable
4916,798711.9166666666,CLARENDON / DORCAS,647189.5833333334,-151522.33333333326,-18.970836689866164,0.1691718853284682,695492.4489795918,Decline
4917,190452.91666666666,VICTORIA NEAR BRIDPORT,182129.25,-8323.666666666657,-4.370459015460947,0.1452176742170598,173859.5918367347,Stable
4918,10540.333333333334,CANTERBURY / MILLS,9237.583333333334,-1302.75,-12.359666044717118,0.09161222067530243,9892.829931972788,Stable
4919,1181213.5,PLENTY / THE LAKES,1484363.4166666667,303149.91666666674,25.664278021430224,0.2223776254721554,1276287.3265306123,Growth
492,1770040.4166666667,WELLINGTON / JELLS,1623081.5,-146958.91666666674,-8.302574070224859,0.14385604534553648,1666744.4149659865,Decline
4920,1299913.3333333333,CITY / SOUTHGATE,1358589.6666666667,58676.33333333349,4.513865026899241,0.1418262646012725,1319805.2925170069,Stable
4921,750615.3333333334,QUEENS BRIDGE / QUEENSWHARF / BANANA ALLEY,375222.25,-375393.0833333334,-50.01137955259818,0.3138069560625569,569331.3469387755,Decline
4922,313430.8333333333,SOUTHBANK / RIVERSIDE,179855.08333333334,-133575.74999999997,-42.61729727717704,0.3657657034238817,224799.21088435373,Decline
4923,583252.3333333334,SOUTHBANK / KAVANAGH,640173.8333333334,56921.5,9.759326580776644,0.2544472917471564,558336.6232876712,Stable
4924,529279.6666666666,CANTERBURY NEAR WRIGHT,570385.4166666666,41105.75,7.766357294410832,0.21373751239688715,538702.2954545454,Stable
4925,578587.1666666666,WHITEMAN / CASINO / KINGSWAY RAMPS,457243.8333333333,-121343.33333333331,-20.97235132822107,0.23946526321567008,510103.768707483,Stable
4926,271725.4166666667,"DICKSON STREET, CLARKE STREET, BUS INTERCHANGE",173824.83333333334,-97900.58333333334,-36.029232941955804,0.24898382173722103,229596.03546099292,Stable
4927,837982.3333333334,KINGS NEAR MCLEOD (STEVENSVILLE PS),758868.25,-79114.08333333337,-9.441020435196132,0.14289225447157136,784231.4013605443,Stable
4928,444278.0833333333,MAIN ROAD EAST / COLLINS,460985.1666666667,16707.083333333372,3.760501352662578,0.11842036759048238,450289.5035460993,Stable
493,1491783.0,WELLINGTON / BRANDON PK,1490187.4166666667,-1595.5833333332557,-0.10695813890715042,0.1274821891681301,1478941.2517006802,Stable
4930,1464443.8333333333,MAIN / KINGS / STREETATION,1324309.3333333333,-140134.5,-9.569127665417463,0.13820854380351386,1384240.068027211,Decline
4932,1026926.5833333334,MAIN / STREET ALBANS / ESPLANADE,1488510.0,461583.4166666666,44.94804440336898,0.21503353450610693,1384937.3469387756,Growth
4933,1082867.5,STATION NEAR TRINACRIA,1013340.3333333334,-69527.16666666663,-6.420653188563387,0.1699403645553955,1030745.387755102,Stable
4934,1212691.25,MCINTYRE / FURLONG,1246029.8333333333,33338.583333333256,2.7491402558840314,0.1454356960315494,1226173.857142857,Stable
4935,1098346.5,FURLONG / STREET ALBANS,1639980.8333333333,541634.3333333333,49.31361217369321,0.2161498844702662,1442699.156462585,Growth
4936,789572.4166666666,HAMPSTEAD / WESTS / WILLIAMSON,1313240.6666666667,523668.2500000001,66.32301723643886,0.24792376590675466,868897.306122449,Growth
4937,762295.0833333334,HAMPSTEAD / MITCHELL / OMAR,977282.0833333334,214987.0,28.202595648382445,0.279720368250933,862446.6326530612,Growth
4938,483823.8333333333,WESTS ROAD / WATERFORD GREEN,510026.5,26202.666666666686,5.415745331548023,0.13458639633306588,516075.4013605442,Stable
4939,999676.5833333334,MCINTYRE / BERKSHIRE,1067381.3333333333,67704.74999999988,6.772665392865797,0.12223463230419154,1055553.5238095238,Stable
4940,402199.0,MITCHELL / ROSAMOND,544879.4166666666,142680.41666666663,35.47507991483485,0.3058296033499587,473789.65853658534,Volatile
4942,1030792.8333333334,RALEIGH / ROSAMOND,1060268.1666666667,29475.333333333372,2.859481787239179,0.14402585871829782,1033397.6462585034,Stable
4943,482686.1666666667,RALEIGH NEAR WARRS,506287.8333333333,23601.666666666628,4.889650521715792,0.14976339972894884,541369.306122449,Stable
4944,1087973.6666666667,RALEIGH / VAN NESS,1061146.6666666667,-26827.0,-2.4657765920192305,0.13180917823481714,1069978.6802721089,Stable
4945,457258.8333333333,ANDERSON NEAR RIDLEY,801419.75,344160.9166666667,75.2661056666301,0.19366303195109827,770991.6734693878,Growth
4946,347869.4166666667,DEVONSHIRE / HAMPSHIRE,427047.8333333333,79178.41666666663,22.760959392568992,0.3624889031057367,361459.42176870746,Volatile
4948,682488.6666666666,ASHLEY / CHURCHILL,723689.8333333334,41201.166666666744,6.036901223268188,0.12501903562797073,703886.619047619,Stable
4949,760281.75,ASHLEY / SOUTH,763421.9166666666,3140.166666666628,0.4130267057793545,0.12918251273016532,767011.7619047619,Stable
495,803795.5,HUTTON / GREEN / PERRY,920214.1666666666,116418.66666666663,14.483617619987502,0.13500864256302073,877190.4285714285,Stable
4950,854650.6666666666,ASHLEY / BARKLY,813978.1666666666,-40672.5,-4.758961946245484,0.13047019947830782,842251.619047619,Stable
4951,1091264.75,ASHLEY / SUNSHINE / DEMPSTER,1200294.1666666667,109029.41666666674,9.991105885777648,0.11954157465577267,1184767.462585034,Stable
4952,707698.8333333334,WRIGHT / ANDERSON,787807.0833333334,80108.25,11.31953964410002,0.12356728249452012,785971.918367347,Stable
4953,750203.3333333334,HAMPSHIRE / WRIGHT,758960.0,8756.666666666628,1.1672391040651149,0.1195305246179727,790139.9523809524,Stable
4954,1336896.9166666667,WRIGHT NEAR STANFORD,1111601.5,-225295.41666666674,-16.85211581072413,0.2044292052453351,1239064.544217687,Decline
4955,625195.3333333334,SUNSHINE / MARKET / WRIGHT,710929.0,85733.66666666663,13.713100865542815,0.12076370314943287,678882.4353741497,Stable
4956,716720.3333333334,ANDERSON / DURHAM / GLENGALA,871127.8333333334,154407.5,21.543619291764664,0.12699028086587863,844387.0204081633,Stable
4959,540085.1666666666,ANDERSON / FORREST / SUN / FRASER,935036.0833333334,394950.91666666674,73.12752525759056,0.18522980302753622,849423.1292517007,Growth
496,508810.5833333333,HIGH ST RD NEAR ALVIE,454476.5,-54334.083333333314,-10.678646457661795,0.18147806917601803,467676.1769911504,Stable
4960,336612.3333333333,HAMPSHIRE / HERTFORD,322900.3333333333,-13712.0,-4.073528698195847,0.31412673244696554,328270.0544217687,Volatile
4961,1561596.4166666667,ROSAMOND / WILLIAMSON / AQUATIC,1219732.3333333333,-341864.0833333335,-21.891961308611705,0.19309512904584145,1415500.306122449,Decline
4962,1439720.4166666667,STREETATION / NEALE,1407685.8333333333,-32034.58333333349,-2.2250558485168956,0.11970339653176171,1435750.156462585,Stable
4963,1613982.3333333333,MCINTYRE NEAR BARWON,1514890.5833333333,-99091.75,-6.139580833908343,0.10504051650741202,1559701.9523809524,Stable
4964,433254.25,MAIN / ALFREIDA,538858.3333333334,105604.08333333337,24.37462144533686,0.19226457553677073,472734.4081632653,Stable
4965,997723.9166666666,MELBOURNE / HUDSONS,956639.0,-41084.91666666663,-4.11786426889803,0.13186480898537017,947431.7278911564,Stable
4966,880107.75,,725251.9166666666,-154855.83333333337,-17.595099387925327,0.15198821434040938,809668.5254237289,Decline
4967,947194.9166666666,MELBOURNE / MASON,973089.25,25894.333333333372,2.7337914169197353,0.1508518942057092,975354.7482993198,Stable
4971,651636.5833333334,WRR / FURLONG,871853.5833333334,220217.0,33.794450101852526,0.13505477387115905,804451.5170068027,Growth
4972,636895.0,MICKLEHAM NEAR SOMERTON,557408.6666666666,-79486.33333333337,-12.480288482926287,0.22740750195255227,759561.619047619,Stable
4975,2592053.1666666665,AIRPORT / CENTRE,2240264.8333333335,-351788.333333333,-13.57180237879636,0.3505938081647829,2219717.850340136,Decline
4976,2407174.5,MELBOURNE / CENTRE,1902765.3333333333,-504409.16666666674,-20.954408027613567,0.3276050675050911,2014559.0952380951,Decline
4979,605800.1666666666,EXFORD / STREETAUGHTON,746618.5833333334,140818.41666666674,23.245027719536793,0.13122159616642984,718477.3333333334,Stable
498,592359.3333333334,JELLS / GRANDVIEW,568063.4166666666,-24295.916666666744,-4.101550410280259,0.12635154876564533,582451.7551020408,Stable
4980,308544.4166666667,EXFORD NEAR MORSHEAD,438181.75,129637.33333333331,42.01577676687823,0.19177273406156023,404762.64166666666,Stable
4982,714521.6666666666,COBURNS / WESTERN FREEWAY (NTH),814207.9166666666,99686.25,13.95146636561056,0.12381771973370125,789999.2517006802,Stable
4983,697301.4166666666,COBURNS / WESTERN FREEWAY (STH),816597.0,119295.58333333337,17.108180262074622,0.13027944665330965,782932.8911564626,Stable
4986,1977360.25,PLENTY / CLEMENTS,1894415.75,-82944.5,-4.194708576750241,0.1332896739724509,1983334.0136054421,Stable
4987,2005549.1666666667,PLENTY / BETULA,1546174.3333333333,-459374.8333333335,-22.90518931015986,0.16180979228426837,1784273.0068027212,Decline
4989,1415789.75,FITZGERALD / FEDERATION TRAIL,1122934.0,-292855.75,-20.68497458750496,0.13465967202246268,1303841.7482993198,Decline
499,581636.8333333334,JELLS / WHEELERS HILL SHOPPING CENTRE,570416.5833333334,-11220.25,-1.9290817494650871,0.12268199479387916,583852.8775510204,Stable
4990,927449.9166666666,EDGARS / MAIN,1041949.3333333334,114499.41666666674,12.345617225152958,0.14042768547714876,992156.4217687075,Stable
4991,1101583.0,MAHONEYS / HUGHES,1132533.5833333333,30950.583333333256,2.8096460578397866,0.11971629145170379,1107467.1904761905,Stable
4992,1335220.5833333333,MAHONEYS / EDGARS,1398487.6666666667,63267.08333333349,4.738324447889303,0.11395474448737078,1363843.5102040817,Stable
4994,1243273.75,DALTON / THE BOULEVARD,1151253.25,-92020.5,-7.401467295517178,0.15997729267690605,1233750.1224489796,Stable
4995,2005153.4166666667,PLENTY / MCKIMMIES,1993328.6666666667,-11824.75,-0.5897179687954882,0.2878480858431422,1869296.0884353742,Volatile
4996,1079722.25,SETTLEMENT NEAR COOK,1115013.75,35291.5,3.268572079532491,0.10502548489128828,1098951.6530612244,Stable
4998,483445.3333333333,SETTLEMENT NEAR NORRIS,511489.3333333333,28044.0,5.800862696644088,0.1543462808232432,488990.2789115646,Stable
4999,1661818.5,HIGH / HEYINGTON / SPRING,1435780.75,-226037.75,-13.601831367264236,0.16567268355182208,1568500.544217687,Decline
500,1353592.9166666667,SPRINGVALE / THE WATERWAYS,717414.5,-636178.4166666667,-46.99924244826193,0.2769193122834475,1141051.6666666667,Decline
5000,791115.0833333334,DERRIMUT / BAGGOTT,1091657.4166666667,300542.3333333334,37.989710936493545,0.16871492197124877,986230.6575342466,Growth
5001,452004.25,DUNCANS / WATTON,289160.25,-162844.0,-36.02709487797958,0.17086942385482307,384289.4583333333,Decline
5002,1416854.75,FITZGERALD / LEAKES / KOROROIT CREEK,1543711.5833333333,126856.83333333326,8.95341130298171,0.1562318879959089,1533048.448979592,Stable
5003,2171305.3333333335,PHW / OLD GEELONG,1305064.8333333333,-866240.5000000002,-39.89491881688374,0.420840328052516,2009361.693877551,Decline
5004,1151707.0833333333,CORIO-WAURN PONDS / BRODERICK,1319629.1666666667,167922.0833333335,14.580277030798861,0.1387535257101962,1261662.9591836734,Growth
5005,589958.9166666666,CORIO-WAURN PONDS / PLANTATION / SCHOOL,662740.6666666666,72781.75,12.336748872485048,0.27823106917468304,815763.0340136054,Volatile
5006,1062316.9166666667,CORIO-WAURN PONDS / PURNELL / STREETATION,1223878.5833333333,161561.6666666665,15.208424541860255,0.13218362181887386,1126081.3265306123,Growth
5007,1744634.4166666667,CORIO-WAURN / BACCHUS MARSH / COX / STREET GEORGES,1928523.9166666667,183889.5,10.540288454892627,0.122244017031002,1889863.8707482994,Growth
5008,1122599.0,CORIO-WAURN PONDS NEAR BELLBIRD,997505.9166666666,-125093.08333333337,-11.143167180207124,0.15944356877125723,1067475.081632653,Stable
5009,1032741.3333333334,CORIO-WAURN PONDS / SPARKS,1106518.25,73776.91666666663,7.143794315711191,0.18853619250777226,1011519.5170068027,Stable
501,705501.3333333334,POINT NEPEAN / TRUEMANS,727524.6666666666,22023.333333333256,3.1216572234212534,0.1675055559845233,737329.231292517,Stable
5011,1522812.4166666667,CORIO-WAURN POND / NTH SHORE / THE BOULEVARD,1675337.8333333333,152525.4166666665,10.016034476559781,0.16344711847500468,1604509.7074829931,Stable
5012,240711.16666666666,STREETATION LAKE / WAVERLEY,407533.4166666667,166822.25000000003,69.30390987262052,0.25740201527858325,408824.81904761906,Growth
5013,1677455.4166666667,CORIO-WAURN PONDS / MACKEY,1738923.6666666667,61468.25,3.6643745872033855,0.12918035184978324,1688423.2789115647,Stable
5014,1036076.0833333334,CORIO-WAURN PONDS / VICTORIA,1748440.25,712364.1666666666,68.75597054366904,0.3053683185785688,1292263.9455782312,Growth
5015,1655474.4166666667,CORIO-WAURN PONDS / BELL,1546909.8333333333,-108564.58333333349,-6.557913685669067,0.1359927451405457,1628505.387755102,Stable
5016,1424425.1666666667,CORIO-WAURN PONDS ROAD / MIDLAND,1667981.75,243556.58333333326,17.098587488684025,0.14133331998223392,1518843.9863945579,Growth
5017,1374793.0,CORIO-WAURN PONDS ( LATROBE ) / GORDON,1465480.5,90687.5,6.596447610658478,0.11708499955186707,1489683.3129251702,Stable
5018,1578215.5833333333,CORIO-WAURN PONDS(LATROBE / RYRIE / ABERDEEN,1864258.6666666667,286043.0833333335,18.124461978076834,0.14091042919646674,1630641.5578231292,Growth
5019,1267174.25,CORIO-WAURN PONDS(LATROBE) / MYERS / ROEBUCK,1429983.6666666667,162809.41666666674,12.848226411376867,0.13364567638928515,1374930.0884353742,Growth
502,1676917.4166666667,CLYDE / CENTRE,1598410.8333333333,-78506.58333333349,-4.681601046841463,0.11934117426991676,1776330.843537415,Stable
5020,1400950.25,CORIO-WAURN PONDS ( LATROBE ) / MCKILLOP,1256734.5833333333,-144215.66666666674,-10.294131905588136,0.11782211199033937,1472996.551020408,Decline
5021,1294788.0,CORIO-WAURN PONDS(LATROBE) / KILGOUR / NOBLE,1302621.0833333333,7833.083333333256,0.6049703374863882,0.11360609512897425,1294781.551020408,Stable
5022,543719.1666666666,CORIO-WAURN PONDS (SETTLEMENT) NEAR MERNDA,531521.5,-12197.666666666628,-2.2433762527530225,0.1523466367505617,542802.074829932,Stable
5023,1178232.6666666667,CORIO-WAURN PONDS(LATROBE / FYANS / W. FYANS,1272119.5833333333,93886.91666666651,7.9684530333284345,0.11071286643581282,1258914.612244898,Stable
5024,323293.5833333333,COX NEAR NEVADA,379642.5,56348.916666666686,17.42964276793823,0.12163563360113071,345768.2653061224,Stable
5025,260124.16666666666,THOMPSON / BOULEVARD,42497.0,-217627.16666666666,-83.66280205927298,0.6128058751637487,179460.68027210885,Decline
5026,519948.0,CORIO-WAURN PONDS / PIGDONS,658877.0833333334,138929.08333333337,26.719803390595477,0.14351582936576485,613331.7006802721,Stable
5027,256102.16666666666,MYERS / SWANSTON,231847.25,-24254.916666666657,-9.470797136299117,0.2380162279336776,261033.26530612246,Stable
5028,323596.1666666667,THOMPSON NEAR SPARKS,304335.1666666667,-19261.0,-5.952171868537792,0.5819257169363228,230364.09523809524,Volatile
5029,592434.5,PIONEER / GEELONG BASEBALL CENTRE,654018.5833333334,61584.08333333337,10.39508727687759,0.28899977201813043,565364.5306122449,Volatile
503,1280005.0833333333,BERWICK-CRANBOURNE (CLYDE) / KANGAN,664124.6666666666,-615880.4166666666,-48.11546646852509,0.2208591703003045,1257816.231292517,Decline
5030,307215.5833333333,PHW (MURRAY) NEAR WOOD,324011.75,16796.166666666686,5.467224834243712,0.14252191527113672,326584.0504201681,Stable
5031,603892.25,PIONEER / WAURNVALE S C WEST ENT,630248.75,26356.5,4.364437530039506,0.11800209044923982,587677.7278911564,Stable
5032,438685.0833333333,PHW (MURRAY) / GELLIBRAND,346342.0,-92343.08333333331,-21.049971116334206,0.12626135597945956,405479.4491525424,Stable
5033,452683.1666666667,PHW (MURRAY) / CORANGAMITE,437694.6666666667,-14988.5,-3.3110354224938043,0.12387829873413264,453261.97478991596,Stable
5034,237452.08333333334,PHW (MURRAY) NEAR MCLENNAN,281667.25,44215.16666666666,18.620669082358717,0.1963197608527114,274601.7572815534,Stable
5035,445962.0,PHW (MURRAY) / QUEEN,451644.25,5682.25,1.2741556455482754,0.1296343925130758,462124.3109243697,Stable
5036,458379.25,MERCER / RAILWAY,338737.75,-119641.5,-26.100985155850747,0.26202841729818305,392519.5714285714,Stable
5039,600378.75,GHERINGHAP / MALOP / MERCER,436444.1666666667,-163934.5833333333,-27.305194151747266,0.19075872510896252,493133.6258503401,Decline
504,1544162.0,THOMPSONS NEAR LESDON,1606581.9166666667,62419.916666666744,4.042316587681004,0.3120979428305911,1434089.0544217688,Volatile
5040,262239.25,MYERS / GHERINGHAP,238755.75,-23483.5,-8.954990528687068,0.3984116679413067,340671.4829931973,Volatile
5041,323599.25,LT MALOP / GHERINGHAP,263561.9166666667,-60037.333333333314,-18.55298902371786,0.17627849606860502,305678.87074829935,Stable
5042,830876.75,EASTERN BEACH / BELLERINE / BROUGHAM,630388.9166666666,-200487.83333333337,-24.129671859675142,0.15503773212917668,806359.8367346938,Decline
5043,551854.0833333334,WESTERN BEACH / EASTERN BEACH / MOORABOOL,435761.3333333333,-116092.75000000006,-21.03685621002775,0.1508219777333323,498143.61904761905,Stable
5044,283728.75,MYERS / FENWICK,264273.5833333333,-19455.166666666686,-6.856959919171633,0.15182399097973623,267392.2653061224,Stable
5045,37326.833333333336,ANAKIE / BELL POST SHOPS,445515.9166666667,408189.0833333334,1093.5540116359546,0.35572007063816863,380606.36551724136,Growth
5048,449726.25,YARRA / EASTERN BEACH,375593.4166666667,-74132.83333333331,-16.483990723986714,0.1588696754926973,432658.5944055944,Stable
5049,399077.5,BROUGHAM / YARRA,442101.9166666667,43024.416666666686,10.780967773594524,0.18797942894844405,428871.3741496599,Stable
505,925983.5,CRANBOURNE-FRANKSTON / MONAHANS / CHERRYHILL,1147588.1666666667,221604.66666666674,23.931815919686123,0.13537787742896462,1087535.925170068,Growth
5050,734108.9166666666,MERCER / BROUGHAM,727364.4166666666,-6744.5,-0.9187328810313912,0.35834739466863635,744635.6083916083,Volatile
5051,13984.5,GEELONG-PORTARLINGTON / RYRIE / BOUNDARY,1009652.25,995667.75,7119.795130322857,0.4018511251968033,822799.5714285715,Growth
5052,637764.0833333334,MOORABOOL / MALOP,448949.8333333333,-188814.25000000006,-29.605657473394366,0.5815778726219861,545059.2380952381,Decline
5053,270879.75,MOORABOOL / LT MALOP,265313.5,-5566.25,-2.0548785946531622,0.18475056383003674,264116.2789115646,Stable
5054,538460.8333333334,MOORABOOL / MYERS,483437.1666666667,-55023.666666666686,-10.21869433400449,0.15008870312735756,554409.7551020408,Stable
5055,738229.5833333334,BELLARINE HIGHWAY (MCKILLOP) / MOORABOOL,868902.5833333334,130673.0,17.70086202858076,0.15580841389974703,791483.1836734693,Stable
5056,602988.5833333334,MOORABOOL / KILGOUR,643629.6666666666,40641.083333333256,6.739942422901028,0.14289051447624165,659652.5034013606,Stable
5057,1112096.0,MOORABOOL / FYANS,1202267.0,90171.0,8.108202888959227,0.17330721690997616,1095858.303448276,Stable
5058,699078.25,HIGH STREET / BARWON HEADS / BARRABOOL,854014.6666666666,154936.41666666663,22.162957675577324,0.19355017844765984,729568.1224489796,Stable
5059,620197.3333333334,HIGH / MT PLEASANT,626533.6666666666,6336.333333333256,1.0216640725102422,0.12928546061113397,639197.7142857143,Stable
506,541339.4166666666,NARRE WARREN-CRANB / ORMOND / LITTLECROFT,1466904.1666666667,925564.7500000001,170.9767885921233,0.2559879402753116,1243464.2789115647,Growth
5062,946482.1666666666,HIGH / ROSLYN / THOMSON / CORIO,1035182.25,88700.08333333337,9.371553575670474,0.2246343263497036,986352.9455782312,Stable
5064,1312669.9166666667,CORIO-WAURN POND(LATROBE NEAR LITTLE MALOP,1426591.9166666667,113922.0,8.678647888060713,0.1725449287692399,1274410.1292517006,Stable
5065,1028572.75,CORIO-WAURN PONDS / PIONEER / SOUTH VALLEY,1331735.6666666667,303162.91666666674,29.474134587628026,0.27913620192896926,1208516.7551020407,Growth
5066,773060.5833333334,CORIO-WAURN PONDS / REYNOLDS,769914.9166666666,-3145.6666666667443,-0.4069107563475882,0.15744084015007112,777051.3741496599,Stable
5067,315668.9166666667,GEELONG-BACCHUS MARSH / CORIO VILLAGE SC,454579.5833333333,138910.66666666663,44.00517736542003,0.29286731156307927,420269.6228070175,Volatile
5068,973610.0,CORIO-WAURN(SETTLEMENT / TORQUAY / SURFCOAST,961348.1666666666,-12261.833333333372,-1.2594194116056092,0.10073458556298141,1005681.8299319728,Stable
5069,1107189.0,CORIO-WAURN PONDS (SETTLEMENT / BREAKWATER,1115143.25,7954.25,0.7184184452699585,0.10683863802978452,1158136.149659864,Stable
507,961376.75,STATION ST NEAR MASCOT AVE,209838.08333333334,-751538.6666666666,-78.17316849681112,0.7383692539277265,569358.4195804195,Decline
5070,394881.0833333333,BROUGHAM / MOORABOOL,458919.3333333333,64038.25,16.217097425743994,0.20887341412283283,446483.5918367347,Stable
5071,530107.5833333334,BELLARINE HIGHWAY ( MCKILLOP ) / GARDEN,679361.0,149253.41666666663,28.155306839445004,0.15531922112821045,611879.775510204,Stable
5072,458264.25,THOMPSON / COX,525526.1666666666,67261.91666666663,14.677539578238239,0.10513444752173846,500073.06293706293,Stable
5073,504743.25,BACCHUS MARSH / PURNELL,522613.8333333333,17870.583333333314,3.540529434189227,0.1074827146005039,506447.0408163265,Stable
5074,511589.3333333333,BELLARINE HIGHWAY (MCKILLOP) / GHERINGHAP,570780.0833333334,59190.75000000006,11.569973442240142,0.1397835806644159,536895.9115646258,Stable
5075,710940.5833333334,MALOP / BELLERINE,412419.9166666667,-298520.6666666667,-41.989538038047485,0.263940640287549,508598.0479452055,Decline
5076,1020859.25,CORIO-WAURN P(LATROBE)BETWEEN BOND&CLARENDON,1066426.8333333333,45567.583333333256,4.463649943254494,0.11367643349436847,1057190.8707482994,Stable
5077,474348.75,CORIO-WAURN PONDS (SETTLEMENT) / HIGH,595493.8333333334,121145.08333333337,25.53924371748284,0.1702750458640375,555611.4761904762,Stable
5078,908846.3333333334,MALOP / YARRA,587507.5,-321338.8333333334,-35.35678382007373,0.2070538799202792,758072.4217687075,Decline
5079,2078894.0833333333,CORIO-WAURN POND(SETTLEMENT / BARWON HEADS,2904288.75,825394.6666666667,39.703545903753565,0.24125985712450115,2194856.3401360544,Growth
508,1513569.25,CLYDE / GREAVES / O'SHEA,2256356.1666666665,742786.9166666665,49.07518547081123,0.22630236136136578,1849412.8911564625,Growth
5081,347830.8333333333,YARRA / LT MALOP,269757.25,-78073.58333333331,-22.445848916019994,0.20225529023137387,301348.8639455782,Stable
5082,364690.3333333333,MALOP NEAR YARRA,152300.66666666666,-212389.66666666666,-58.238359302092825,0.536328493232071,198316.1224489796,Decline
5083,682708.75,SURF COAST HIGHWAY / HEYERS,1128988.9166666667,446280.16666666674,65.36904158129902,0.30230223760489294,720945.0544217688,Growth
5085,467754.9166666667,THOMPSON / VICTORIA,462802.75,-4952.166666666686,-1.0587096982233792,0.09669979379973405,473948.14965986396,Stable
5086,777930.0,SURF COAST HIGHWAY NEAR CHERYL,872913.9166666666,94983.91666666663,12.209828219334211,0.170258892247881,895913.3292682926,Stable
5087,912114.5,SURF COAST HIGHWAY / MARSHALLTOWN,1027734.9166666666,115620.41666666663,12.676085805747702,0.14251871615870954,1070558.6896551724,Stable
5088,722453.75,SURF COAST HIGHWAY / PIONEER,935103.9166666666,212650.16666666663,29.434433230731607,0.16436554818013213,877861.5034013606,Growth
5089,715505.1666666666,RYRIE / GARDEN,308870.4166666667,-406634.74999999994,-56.83183978871803,0.3965667978455087,561390.4217687075,Decline
509,640213.1666666666,MONASH FREEWAY / TINKS,515463.4166666667,-124749.74999999994,-19.48565829245935,0.14852090877191776,626365.2721088436,Stable
5092,873029.75,PHW / WERRIBEE / WATTON / SYNNOT,1017030.25,144000.5,16.49434054223238,0.13844950300874845,943463.8911564626,Stable
5093,995547.0,WERRIBEE MAIN ROAD(PHW) / CHERRY / SYNNOT,1000626.75,5079.75,0.5102471304719918,0.11534458348881144,985546.693877551,Stable
5097,341993.5833333333,PAKINGTON / ALBERT,311344.1666666667,-30649.416666666628,-8.961985885212748,0.1271292502596408,328051.6666666667,Stable
5098,523647.3333333333,SEPARATION / THOMPSON,556075.5833333334,32428.25000000006,6.192765232580209,0.18790501314049504,526658.380952381,Stable
5099,374210.1666666667,ANAKIE / SEPARATION,339535.0833333333,-34675.08333333337,-9.266205576990837,0.1935052699463466,375282.5833333333,Stable
510,315956.0833333333,NEPEAN HIGHWAY / AVONDALE AVE / STATION ST / THAMES…,1018228.8333333334,702272.75,222.2691022723886,0.7295888995746407,498851.45714285714,Growth
5100,810886.1666666666,MIDLAND HIGHWAY / PAKINGTON / STUBBS,750249.9166666666,-60636.25,-7.4777758571538095,0.10575641211132121,811969.5986394557,Stable
5102,633889.0833333334,MIDLAND HIGHWAY / CHURCH,652476.75,18587.666666666628,2.932321624616498,0.13247754155042582,638300.4013605443,Stable
5103,943464.75,MIDLAND HIGHWAY / SHANNON / THOMPSON,916318.4166666666,-27146.333333333372,-2.877302340477837,0.10209009404908428,932063.1972789116,Stable
5104,1316875.0,MIDLAND HIGHWAY NEAR STODDART,777026.5,-539848.5,-40.99466540104414,0.23230910717657627,941862.3050847457,Decline
5105,222532.5,PHW / GRANT / HART,362409.3333333333,139876.8333333333,62.85681117739356,0.24862088102823124,416119.125,Stable
5106,731345.0,MIDLAND HIGHWAY / ANAKIE / VINES,728667.8333333334,-2677.166666666628,-0.3660607055037811,0.10605126279973859,733306.5510204082,Stable
5108,240527.83333333334,THOMPSON / MORGAN,511221.1666666667,270693.3333333334,112.54137601538838,0.2607628375848086,445580.3980582524,Growth
5109,208918.5,VINES NEAR MARLO,198970.16666666666,-9948.333333333343,-4.761824985979386,0.1085312829522853,202215.2372881356,Stable
511,1631533.4166666667,MOOROODUC HIGHWAY / GERTRUDE,1940858.25,309324.83333333326,18.959147889554405,0.13994270636182546,1774297.455782313,Growth
5110,272026.8333333333,ANAKIE NEAR BARTON,293667.4166666667,21640.583333333372,7.955312006597404,0.26347903557370583,272364.525862069,Stable
5111,1452263.3333333333,CORIO-WAURN PONDS / YOORINGA / FORSTER,1409477.9166666667,-42785.41666666651,-2.9461197349424584,0.11207395881037523,1475554.9659863946,Stable
5112,348342.0,BROUGHAM / GHERINGHAP,399433.4166666667,51091.416666666686,14.66702742324115,0.27074995802481905,335887.51020408166,Stable
5113,535725.0,WESTERN BEACH / GHERINGHAP,281556.25,-254168.75,-47.443884455644216,0.23956980829717628,412552.5874125874,Decline
5114,454640.8333333333,BARRABOOL / BELLE VUE,559528.9166666666,104888.08333333331,23.07053736557612,0.1335466526339199,545235.1008403362,Stable
5115,349043.3333333333,THOMPSON / DONNYBROOK,276580.6666666667,-72462.66666666663,-20.760364042669,0.13502744446053536,340625.5238095238,Stable
5116,745245.5,GEELONG-PORTARLINGTON / CHRISTIES,851141.8333333334,105896.33333333337,14.209590441449613,0.26385631499997997,730578.8163265307,Stable
5117,673173.25,RYRIE NEAR JAMES,578408.75,-94764.5,-14.077282482629844,0.13479744478461056,623279.1904761905,Stable
5118,713556.0833333334,RYRIE NEAR UNION,639889.5,-73666.58333333337,-10.32386732507478,0.1417770412129763,675180.8163265307,Stable
5119,516646.75,MERCER NEAR GINN,451112.8333333333,-65533.916666666686,-12.684472836936783,0.1618221877377605,463531.5238095238,Stable
512,1298637.6666666667,MONASH FREEWAY / BELGRAVE-HALLAM,1405384.6666666667,106747.0,8.21992174876595,0.1208446251031773,1355254.4761904762,Stable
5120,3099.0833333333335,BELLARINE HIGHWAY NEAR MURRAY,465798.8333333333,462699.75,14930.2132350964,0.5013264374407723,353808.3404255319,Growth
5121,950664.1666666666,GEELONG-PORTARLINGTON NEAR EVERSLEY,708038.8333333334,-242625.33333333326,-25.521665993160912,0.25619137191752195,903535.7073170731,Decline
5123,210214.16666666666,CLIFTON SPRINGS / HANCOCK,326165.25,115951.08333333334,55.15854862303128,0.1990227844697956,307784.7698412698,Stable
5125,968068.6666666666,MALOP NEAR CLARE,484336.0833333333,-483732.5833333333,-49.96882969045584,0.6102828575064632,472225.2108843537,Decline
5127,374219.25,ANAKIE / BELL PARK PLAZA (ALDI SUPERMARKET),389511.0,15291.75,4.086307692616026,0.13574481681057038,404350.38655462186,Stable
513,739460.6666666666,BEACONSFIELD-BERWICK / B'FIELD-EMERALD,819709.25,80248.58333333337,10.852312631458428,0.14674144747396253,813784.5578231292,Stable
5130,25354.833333333332,WARBURTON HIGHWAY NEAR WATER WHEEL,508482.0,483127.1666666667,1905.4637840253995,0.7568638815352688,316671.22222222225,Growth
5131,481948.5,PIONEER / CHURCH,608835.8333333334,126887.33333333337,26.327985943173047,0.2530515524435468,480038.85034013604,Stable
5132,353645.9166666667,ANAKIE ROAD INTERCHANGE / PRINCES HW (GRR),472637.1666666667,118991.25,33.6470023806769,0.1451175716009404,411857.21768707485,Stable
5133,1078571.3333333333,MIDLAND HIGHWAY / GRR SB RAMPS / ROLLINS,1539687.3333333333,461116.0,42.752480596245526,0.18495510379187977,1165669.836734694,Growth
5134,614369.8333333334,GEELONG-BACCHUS MARSH / PRINCES HW (GRR),397510.3333333333,-216859.50000000006,-35.29787568237265,0.17249183378471813,513121.9183673469,Decline
5135,487721.5833333333,MIDLAND HIGHWAY / KARDINIA COLLEGE ENTRANCE,509674.5,21952.916666666686,4.50111650106388,0.1141218103002039,518717.74149659864,Stable
5136,456398.3333333333,MYERS / YARRA,332955.0833333333,-123443.25,-27.047261346995867,0.17047456751170603,403428.306122449,Stable
5137,629877.4166666666,SEPARATION NEAR TALLINN,613384.4166666666,-16493.0,-2.618445996568909,0.3482783306745303,699540.9455782312,Volatile
5138,542669.0833333334,HAMILTON HIGHWAY / GRR INTERCHANGE,753986.5,211317.41666666663,38.94038248294041,0.16981848520561701,646799.2925170067,Growth
514,1051815.3333333333,CRANBOURNE-FRANKSTON / UNION / PINDARA,1034292.3333333334,-17522.999999999884,-1.6659768539851307,0.1292588958445538,1045157.1428571428,Stable
5140,3145.9166666666665,BELLARINE HIGHWAY NEAR PT LONSDALE,435845.9166666667,432700.0,13754.337633440176,0.5595513205045618,317313.45,Growth
5141,1341947.6666666667,CORIO-WAURN PONDS NEAR KIDMAN,1594366.3333333333,252418.6666666665,18.809874105870485,0.13840166636943327,1536511.062937063,Growth
5142,408977.0833333333,BARRABOOL RD / GRR RAMPS NORTH BOUND,273111.0,-135866.0833333333,-33.22095268174154,0.31857343973818464,290476.44897959183,Decline
5143,1147131.5,CORIO-WAURN PONDS / ROSSACK / GRR RAMPS,1392765.5833333333,245634.08333333326,21.412896719629202,0.12150341995602697,1321552.768707483,Growth
515,719721.3333333334,FRANKSTON-DANDENONG NEAR WILLOW,649180.5833333334,-70540.75,-9.801119785250217,0.13766518265762956,715763.1700680272,Stable
5150,94148.41666666667,VINES / CAREY,200522.75,106374.33333333333,112.98579105154008,0.32085527025847577,184511.13402061857,Volatile
5151,441239.8333333333,MIDLAND HIGHWAY / GRR NB RAMPS,493953.8333333333,52714.0,11.946790842017514,0.1108906890332461,492699.9387755102,Stable
5152,119523.08333333333,CHURCH / VINES,320606.6666666667,201083.58333333337,168.2382831210429,0.38892841028467867,293477.921875,Growth
5153,576112.6666666666,,816592.8333333334,240480.16666666674,41.74186414925786,0.4841330238527568,829264.8939393939,Growth
5154,1284934.4166666667,CORIO WAURN PONDS / SWINBURNE,1455695.0833333333,170760.6666666665,13.289446095595139,0.20117169095927834,1630798.0819672132,Growth
5155,829150.75,WARBURTON HIGHWAY NEAR SCHOOL LANE,799557.0,-29593.75,-3.5691639909871635,0.106886220934476,812365.9115646258,Stable
5157,352026.3333333333,BACCHUS MARSH-GEELONG NEAR STATION,574863.5833333334,222837.25000000006,63.3013013231018,0.2449979205064394,458591.6394557823,Growth
5158,619388.5,PRINCES WAY / COLEMAN,624295.0833333334,4906.583333333372,0.7921657139797351,0.1061498425976901,619030.4217687075,Stable
516,562537.1666666666,SEAFORD / WELLS,569878.4166666666,7341.25,1.3050248828003366,0.1283835204811423,557302.4421768708,Stable
5161,446898.6666666667,DROUIN-WARRAGUL / LARDNERS TRACK,553696.1666666666,106797.49999999994,23.897475639518564,0.1411064699782335,489524.6802721088,Stable
5162,392249.0833333333,SURF COAST / FEEHANS / COASTSIDE,615459.0833333334,223210.00000000006,56.90516803842118,0.21688397655944222,592698.519379845,Growth
5163,700862.3333333334,STREETURT / ARMSTRONG,508905.0833333333,-191957.25000000006,-27.388723986213183,0.28598093722293483,549681.7194244604,Decline
5164,776921.3333333334,BREAKWATER / FELLMONGERS,927550.5,150629.16666666663,19.38795605217859,0.11223764423383055,884034.074829932,Stable
5167,859002.0,BELLARINE HIGHWAY / RAIL TRAIL NEAR EARLS RD,906249.5833333334,47247.58333333337,5.500287931033149,0.1334029993381555,892632.1292517007,Stable
5168,254063.83333333334,,316819.25,62755.41666666666,24.700649377485835,0.2554803418526192,313735.56589147286,Stable
5169,2840.3333333333335,NORTHERN HIGHWAY / SPRINGRIDGE BVD,401866.5833333333,399026.25,14048.57117709189,0.648711747354369,273824.4822695035,Growth
517,464247.5,,408476.25,-55771.25,-12.013258014313486,0.1390444013946945,477848.6976744186,Stable
5170,266763.0833333333,WALLAN-WHITTLESEA ROAD / WINDHAM STREET,461819.5833333333,195056.5,73.11975014033989,0.22090613483998622,362435.29931972787,Growth
5173,300516.0833333333,CORIO-WAURN PONDS / WAURN PONDS SC ACCESS,758219.8333333334,457703.75000000006,152.30590819737048,0.33650368735980285,901929.8571428572,Growth
5175,365734.5,JETTY / WYNDHAM / CENTENNIAL,271301.3333333333,-94433.16666666669,-25.820141842420302,0.16854306582525697,322400.77,Stable
5177,810377.5,PRINCES HIGHWAY / AIRFIELD,935937.6666666666,125560.16666666663,15.494034158977342,0.15163558753413556,882906.3835616439,Stable
5178,293990.0833333333,GRUBB / EMPRESS,572931.6666666666,278941.5833333333,94.88128993013086,0.2512693217158188,526226.7364341086,Growth
5179,328772.6666666667,BURONGA-MILDURA SOUTH / ETIWANDA,323540.3333333333,-5232.333333333372,-1.5914745548596005,0.09312953898619337,334905.2653061224,Stable
5181,262389.6666666667,THOMPSON NEAR HOLLYDENE,276212.4166666667,13822.75,5.268023766179816,0.19552033981554867,285314.65853658534,Stable
5182,282829.6666666667,BACCHUS-MARSH / O'BRIENS,618777.6666666666,335947.99999999994,118.78103310708798,0.3266607852438981,474196.641509434,Growth
5185,360113.8333333333,PRINCES HIGHWAY EAST / REEVE / PARK,358627.9166666667,-1485.9166666666279,-0.41262415634314553,0.11163525344131191,362500.02040816325,Stable
5186,480895.9166666667,GREAT OCEAN ROAD / DIGGERS WAY / RACV ENTRY,496580.75,15684.833333333314,3.2615858837090657,0.12924364844603073,503286.25850340136,Stable
5187,141819.33333333334,BARWON / SWANSTON,47794.25,-94025.08333333334,-66.29919992102629,0.5368604821939755,151645.70754716982,Volatile
5189,569216.9166666666,FYANS / YARRA,533636.4166666666,-35580.5,-6.250780494782086,0.13942179048090503,532519.2040816327,Stable
519,728664.8333333334,HEATHERTON / BELGRAVE-HALLAM,765831.5,37166.66666666663,5.100653272457908,0.13174978372786056,748370.2925170067,Stable
5190,555631.0833333334,BELLARINE HIGHWAY / WALLINGTON-OCEAN GROVE,679991.9166666666,124360.83333333326,22.3819071797189,0.15879042465903692,642324.5986394557,Stable
5191,882501.5833333334,BELLARINE HIGHWAY / MELALUKA,989041.5,106539.91666666663,12.072490143785384,0.12767932833671003,965400.7142857143,Stable
5192,604108.5833333334,BELLARINE HIGHWAY(ORMOND RD) / HUMBLE,630113.0833333334,26004.5,4.304606939453351,0.1354294580150917,620345.0,Stable
5193,751380.6666666666,BELLARINE HIGHWAY / KENSINGTON,849442.25,98061.58333333337,13.050852608220783,0.1471841564917019,799085.1020408163,Stable
5194,371747.5,BELLARINE HIGHWAY / CHRISTIES RD / CLAREMONT DR,765978.3333333334,394230.8333333334,106.04801197945739,0.24576564765959133,695161.9516129033,Growth
5195,179921.83333333334,FENWICK / GORDON / RAILWAY,189362.75,9440.916666666657,5.247232362942791,0.29139692309530935,202635.05384615384,Volatile
5196,629723.4166666666,BELLARINE HIGHWAY (MCKILLOP) / YARRA,723429.4166666666,93706.0,14.880501108886296,0.1449938665604833,671532.9387755102,Stable
5197,699516.8333333334,RYRIE / FENWICK,675264.0,-24252.833333333372,-3.4670835893632344,0.19068850009149046,608107.3945578231,Stable
5198,549138.9166666666,BELLARINE HIGHWAY (MCKILLOP) / SWANSTON,621560.8333333334,72421.91666666674,13.188268845755044,0.159805594985766,622285.2448979592,Stable
5199,447953.0833333333,GREAT OCEAN ROAD / HOYLAKE,476975.0833333333,29022.0,6.478803490767356,0.1302689148877325,467305.2108843537,Stable
520,542859.75,MOOROODUC / SAGES,705816.9166666666,162957.16666666663,30.0182812718509,0.17509267622084923,562536.5646258503,Growth
5200,564678.5,FYANS / SWANSTON,455793.75,-108884.75,-19.282609484866168,0.1440550308424677,486822.3333333333,Stable
5201,935909.5833333334,RYRIE / GHERINGHAP,891024.4166666666,-44885.166666666744,-4.795887067082254,0.2510536454404134,805734.8639455782,Stable
5202,998366.8333333334,RYRIE / MOORABOOL,751396.5,-246970.33333333337,-24.737433685447286,0.1427570258033251,926751.4489795918,Decline
5203,1001435.0833333334,RYRIE / YARRA,895021.5833333334,-106413.5,-10.626100660044449,0.12869671611134603,936927.1156462585,Stable
5204,646095.25,RYRIE / BELLERINE,647265.5833333334,1170.3333333333721,0.1811394424171006,0.1443051110536742,622904.0136054421,Stable
5205,661276.1666666666,SYDNEY / SWANSTON / RYRIE,1403412.8333333333,742136.6666666666,112.22794712345348,0.3430629753325417,728636.8979591837,Growth
5206,449221.4166666667,ORMOND / GARDEN / MYERS,339716.0,-109505.41666666669,-24.37671326519198,0.20440335811038257,402338.6666666667,Stable
5207,634369.5,BELLARINE HIGHWAY (MCKILLOP) / ORMOND,650494.0,16124.5,2.5418151408603347,0.1415570749884596,660076.5102040817,Stable
5208,855061.5833333334,BELLARINE HIGHWAY / COPPARDS,928861.1666666666,73799.58333333326,8.630908553467728,0.1123334163564587,915542.2108843537,Stable
5209,961919.0833333334,BELLARINE HIGHWAY (ORMOND) / BOUNDARY,1024993.9166666666,63074.833333333256,6.55718702603969,0.10590012355682915,1016120.3129251701,Stable
521,981349.8333333334,BELGRAVE-HALLAM / FRAWLEY,967630.3333333334,-13719.5,-1.3980233688326231,0.1112643828292754,997209.4149659864,Stable
5210,958731.0833333334,BELLARINE HIGHWAY / WILSONS,704636.0,-254095.08333333337,-26.50326955603557,0.1530028597857621,894464.9523809524,Decline
5212,572881.0833333334,BELLARINE HIGHWAY / ASH / SIMONS,669482.4166666666,96601.33333333326,16.862370942893456,0.1678941541900478,665784.074829932,Stable
5213,21980.416666666668,GEELONG-PORTARLINGTON / POINT HENRY,875415.6666666666,853435.25,3882.7073341800465,0.38628333377636825,788576.448275862,Growth
5214,5828.25,BOARDWALK / TOM ROBERTS,604447.25,598619.0,10270.990434521513,0.38217746089453364,525140.7142857143,Growth
5215,780890.4166666666,BELLARINE HIGHWAY / MOOLAP STATION,910631.5,129741.08333333337,16.61450576985568,0.13651660840177066,889848.8027210884,Stable
5216,163151.16666666666,HODGSON / THE TERRACE,323401.8333333333,160250.66666666666,98.22220088322997,0.25305516724058624,307702.7708333333,Growth
5218,802083.4166666666,BELLARINE HIGHWAY NEAR NELSON,911338.0833333334,109254.66666666674,13.621359623754856,0.16445209924562523,839045.8843537415,Stable
5219,1103021.5833333333,CORIO-WAURN PONDS(SETTLEMENT) NEAR FRANCIS,1185444.8333333333,82423.25,7.472496571727707,0.13349577554111866,1160028.462585034,Stable
522,678795.4166666666,CRANBOURNE-FRANKSTON / BROOKLAND GREENS,789768.0,110972.58333333337,16.34845796076261,0.13908131080508881,752187.4149659864,Stable
5221,636670.6666666666,SHANNON / CHURCH,540963.75,-95706.91666666663,-15.032405555567186,0.20875540154823974,543604.8571428572,Stable
5222,638325.25,SHANNON / AUTUMN,531122.5833333334,-107202.66666666663,-16.79436410617732,0.11297357723614493,584996.8027210884,Stable
5223,505617.75,SHANNON NEAR CATHERINE,406159.9166666667,-99457.83333333331,-19.670558111010404,0.16066673954242733,454097.9183673469,Stable
5225,495883.0,FELLMONGERS NEAR HITCHCOCK,218838.91666666666,-277044.0833333334,-55.8688407009987,0.2934243242905068,552046.6923076923,Decline
5226,695671.25,MIDLAND HIGHWAY (CHURCH) / WEDDELL,663401.5,-32269.75,-4.638649362037025,0.09741736768152104,689804.387755102,Stable
5227,1047614.0,BARWON HEADS / BREAKWATER,1516398.75,468784.75,44.747850830554,0.18578608931440768,1245083.8843537415,Growth
5228,555600.75,SHANNON / ALBERT,460512.25,-95088.5,-17.114537732355473,0.12707796872966737,516414.231292517,Stable
5229,176268.58333333334,BREAKWATER / TUCKER / CURRIER,129413.5,-46855.08333333334,-26.581641746520347,0.1882605648946019,173480.231292517,Stable
523,111813.25,JOSEPHINE NEAR MONASH FWY,109656.83333333333,-2156.4166666666715,-1.9285877717235402,0.14991725351616408,111498.91596638656,Stable
5230,891967.1666666666,,624019.0833333334,-267948.08333333326,-30.040128532384315,0.17947935060832376,861557.1764705882,Decline
5231,469321.5833333333,SURF COAST HIGHWAY NEAR BEACH,545151.4166666666,75829.83333333331,16.157329222908455,0.17388932774712032,525928.756097561,Stable
5232,334590.5,,350288.5833333333,15698.083333333314,4.691730139777822,0.27209256101332663,273556.00680272107,Stable
5233,320196.5833333333,PRINCES HIGHWAY / FARM,463116.4166666667,142919.83333333337,44.63502759632821,0.291435745008256,368828.9202898551,Volatile
5234,811600.5,DUNNINGS / BOARDWALK,975126.5,163526.0,20.148582954298327,0.147264965079602,945740.8095238095,Growth
5235,772798.5,DERRIMUT / LEAKES,1903131.6666666667,1130333.1666666667,146.2649276191228,0.48935684602482715,1225932.469387755,Growth
5236,747953.75,POINT COOK / DUNNINGS,1037172.3333333334,289218.5833333334,38.66797690810874,0.15592732297119694,1005293.231292517,Growth
5237,827933.5833333334,HEATHS / WERRIBEE PLAZA REGIONAL SC ENT,1002496.8333333334,174563.25,21.08420935133384,0.2026258489527419,935822.4710144928,Growth
5238,993850.25,OLD GEELONG / FIAT DEALERSHIP ENT,981928.4166666666,-11921.833333333372,-1.199560329469492,0.133908000631199,1006046.6598639456,Stable
5239,860254.0833333334,HEATHS / WERRIBEE PLAZA / GLENDALE CRT,1064979.1666666667,204725.08333333337,23.798211168037664,0.20903535971402282,942382.306122449,Growth
5240,1103978.0833333333,OLD GEELONG / DUNLOP,917297.4166666666,-186680.66666666663,-16.909816370901684,0.13754091256701104,1029031.619047619,Decline
5241,181808.5,MAIN / MURNONG,487381.75,305573.25,168.07423745314438,0.5232264752865683,302695.0612244898,Growth
5242,536627.5,DUNCANS / COLLEGE,546959.5,10332.0,1.9253579065552922,0.18443944134288978,520328.15753424657,Stable
5243,752287.4166666666,LITTLE BOUNDARY / PIPE,781639.0,29351.583333333372,3.9016448611340864,0.15349291452632116,807456.2108843537,Stable
5244,1022395.0,HEATHS / MOSSFIEL,1079323.25,56928.25,5.568126800307122,0.2042267098192404,998755.4557823129,Stable
5246,683932.4166666666,DERRIMUT / WARRINGA,837081.8333333334,153149.41666666674,22.392478106694032,0.1543527796685876,810868.4013605443,Stable
5248,694324.8333333334,SURFCOAST / BEACON / MERRIJIG,712988.1666666666,18663.333333333256,2.6879829781881517,0.15918704428075517,781894.1008403362,Stable
5249,973135.6666666666,WERRIBEE MAIN ROAD(PHW) / SYNNOT / BRIDGE,1834026.75,860891.0833333334,88.46567984525625,0.41791736230559695,1275079.2585034014,Growth
525,904276.1666666666,NEPEAN / FRANKSTON PIER ACCESS,833000.0,-71276.16666666663,-7.8821237686053465,0.14156696189725895,867601.8503401361,Stable
5250,793587.25,PHW(SYNNOT) / WEDGE,857798.5833333334,64211.33333333337,8.091275827999175,0.22491678180099892,761508.8571428572,Stable
5251,516626.8333333333,COTTRELL (EAST) / MARKET,521786.25,5159.416666666686,0.9986737687195922,0.2131827086911394,496058.67226890754,Stable
5252,1375084.4166666667,MORRIS / HEATHS,1793933.6666666667,418849.25,30.45989358350302,0.19048656990915258,1619776.4013605441,Growth
5253,1946742.4166666667,DUNCANS / SYNNOT,1039070.5833333334,-907671.8333333334,-46.625163430070295,0.29229856443504715,1299474.537414966,Decline
5254,1504893.9166666667,DERRIMUT / HEATHS,1756481.5833333333,251587.6666666665,16.717966886591718,0.23652280671909953,1600871.4081632653,Growth
5255,584945.8333333334,BALLAN / CAMBRIDGE,663815.0,78869.16666666663,13.483157272397008,0.17122494392818133,610784.1836734693,Stable
5256,1221255.1666666667,PHW / WATTLE,1777993.0833333333,556737.9166666665,45.5873540487239,0.2043054544208365,1725960.1290322582,Growth
5257,1322098.5833333333,WERRIBEE MAIN ROAD(PHW) / DERRIMUT,1292214.25,-29884.333333333256,-2.260371027551331,0.12526148444803464,1322438.1088435375,Stable
5258,662732.75,FITZGERALD / GILBERTSON,625570.5833333334,-37162.16666666663,-5.60741364700426,0.13851697902562016,639500.5442176871,Stable
5259,1632648.5,WERRIBEE / COTTRELL / PHW,1968871.9166666667,336223.41666666674,20.593741804599507,0.1519282356890564,1819461.4965986395,Growth
5260,843903.3333333334,CHERRY / RAILWAY,1064300.6666666667,220397.33333333337,26.116419337127873,0.352160920854333,914431.4886363636,Growth
5261,63830.833333333336,,45960.0,-17870.833333333336,-27.997180046215913,0.26010412705851554,64111.583333333336,Stable
5262,835019.0,DERRIMUT / RAILWAY,793829.6666666666,-41189.33333333337,-4.932742049382513,0.14052522933022524,850500.5646258503,Stable
5263,620562.1666666666,BOUNDARY / WILLIAM ANGLISS / MARWEN,670735.5833333334,50173.416666666744,8.085155583391739,0.10937482220234221,651726.4557823129,Stable
5265,716544.8333333334,DERRIMUT / WILLMOTT,721625.75,5080.916666666628,0.7090856608414073,0.14359915276785992,722983.8095238095,Stable
5266,425864.5,DOHERTYS / HUME,636234.75,210370.25,49.3984001953673,0.21216829712300309,593600.2173913043,Growth
5268,1110416.4166666667,SAYERS / MORRIS,1240896.5,130480.08333333326,11.75055424027487,0.12129001122331272,1175888.761904762,Stable
5269,926215.0833333334,HEATHS / ROSELLA,1015074.5833333334,88859.5,9.59382994284715,0.12604803290363842,959220.1972789116,Stable
527,796461.25,POLICE / HANSWORTH,818569.1666666666,22107.916666666628,2.7757680196828947,0.11386988077568716,816909.6734693878,Stable
5270,22645.416666666668,TRIHOLM NEAR AVIATION,564348.9166666666,541703.5,2392.1109864026935,0.6863836629495759,383826.2068965517,Growth
5271,775440.25,SAYERS / MARQUANDS,784904.6666666666,9464.416666666628,1.2205217186838866,0.11995281161943079,776874.1496598639,Stable
5272,1352843.8333333333,SYNNOT BTN WEDGE & BRIDGE,1445257.4166666667,92413.58333333349,6.831060692765363,0.1542600772521144,1373042.4421768708,Stable
5273,1914943.5833333333,PFW / FORSYTH,2162246.0833333335,247302.50000000023,12.914349130302938,0.25456912431674755,1915170.0068027212,Growth
5274,28495.25,MORRIS / BELLBRIDGE,847993.9166666666,819498.6666666666,2875.9132370014886,0.3193623918503335,775062.8732394367,Growth
5275,15048.583333333334,MORRIS / HOGANS,729609.6666666666,714561.0833333333,4748.361141414197,0.662798926059927,505589.0909090909,Growth
5276,116049.58333333333,TARNEIT / PARRAMATTA,628037.6666666666,511988.0833333333,441.1804580656975,0.3361510903373596,572037.5646258503,Growth
5277,654195.25,SAYERS / DOUBELL,736959.0833333334,82763.83333333337,12.651243391530798,0.14670420793886,692474.306122449,Stable
5279,807017.0833333334,PALMERS / LEAKES,1929358.4166666667,1122341.3333333335,139.07280979698388,0.44602773354744124,1230966.8333333333,Growth
528,1274358.6666666667,DAVEY-HASTINGS NEAR FRANKSTON HOSP ENT,1112257.3333333333,-162101.3333333335,-12.720228423395206,0.1119885358663233,1187985.2789115647,Decline
5280,555876.6666666666,BOUNDARY / HUME,501245.0,-54631.66666666663,-9.82801940478403,0.10371539858461044,554616.3945578231,Stable
5281,1189752.9166666667,DERRIMUT / VIRGILIA / SYCAMORE,1266361.5,76608.58333333326,6.439033034520116,0.154811749469854,1239342.3945578232,Stable
5282,8721.666666666666,HOGANS / TARNEIT,1200347.4166666667,1191625.75,13662.821517294096,0.45238690350188626,887086.8712121212,Growth
5283,610431.6666666666,SAYERS / FORSYTH,1139498.1666666667,529066.5000000001,86.6708804425284,0.2171205284560614,982153.1914893617,Growth
5284,753263.3333333334,SAYERS / PALMERS,1278608.75,525345.4166666666,69.74259776350898,0.29796342721695124,917652.8299319728,Growth
5286,1311687.6666666667,PRINCES FREEWAY / EASTBOUND RAMP / FORSYTH,1894107.3333333333,582419.6666666665,44.40231325394281,0.26029519174911564,1559406.5850340135,Growth
5287,311831.5833333333,SHAWS / MARKET,458315.1666666667,146483.58333333337,46.97522353813318,0.19004936059540872,386490.43537414965,Stable
5289,561995.0,CHERRY NEAR WATTON,691667.8333333334,129672.83333333337,23.073663170194287,0.31145581664530725,630698.7191011236,Volatile
529,1199344.4166666667,WESTERN PORT HIGHWAY / MORETON BAY,2815624.9166666665,1616280.4999999998,134.76366567763094,0.29270574529730853,1942516.387755102,Growth
5290,364040.3333333333,BOUNDARY / LOT E ACCESS,503453.5,139413.1666666667,38.29607708303385,0.16202667966371997,446886.8367346939,Stable
5291,488265.5,DUNCANS / FEDERATION TRAIL,645627.5833333334,157362.08333333337,32.228794238653634,0.26479752977078913,550826.1724137932,Growth
5292,655452.25,SAYERS / PALMERS (STREETH),748580.8333333334,93128.58333333337,14.208294095158475,0.09460498530244202,673870.7662337662,Stable
5293,480202.9166666667,,349896.8333333333,-130306.08333333337,-27.135629295601603,0.304188637541154,500204.2837837838,Decline
5294,351783.4166666667,,225613.83333333334,-126169.58333333334,-35.86569956277549,0.26317160649615934,337230.55555555556,Decline
5295,1426212.25,LITTLE BOUNDARY ROAD / ACCESS ROAD,709170.5833333334,-717041.6666666666,-50.27594361685412,0.33041399204806465,890711.9115646258,Decline
5296,2850868.8333333335,PHW / FEDERATION TRAIL,3253288.5833333335,402419.75,14.11568800692514,0.34077011039905236,2598426.768707483,Growth
5297,720037.75,POINT COOK NEAR CATHERINE (NORTH),688511.5,-31526.25,-4.378416270535816,0.10994020368916223,731123.7142857143,Stable
5298,702518.1666666666,POINT COOK NEAR CATHERINE (SOUTH),679093.0,-23425.166666666628,-3.3344570686072355,0.1554633811189944,700234.3537414966,Stable
5299,600631.75,PALMERS / THE STREETRAND,836289.75,235658.0,39.23502212462128,0.3634272775826214,630240.7074829933,Growth
530,1932347.1666666667,MONASH / PRINCES HIGHWAY EAST,2030909.75,98562.58333333326,5.100666434766764,0.14033233545248425,1997951.455782313,Stable
5300,574462.3333333334,HAMILTON HIGHWAY (ABERDEEN) / PAKINGTON,671923.0833333334,97460.75,16.965559679862967,0.13620824741387264,695320.2268907563,Stable
5302,837316.8333333334,HAMILTON HIGHWAY (ABERDEEN) / SHANNON,832316.5833333334,-5000.25,-0.5971753822378267,0.11713755557682347,832324.9523809524,Stable
5304,458954.0,PAKINGTON / WEST FYANS,359668.4166666667,-99285.58333333331,-21.633014056601166,0.18044510097874986,457536.2735042735,Stable
5305,712775.6666666666,SHANNON / WEST FYANS,617578.0,-95197.66666666663,-13.35590861453837,0.14732505673606983,644997.2993197279,Stable
5306,571635.5,SHANNON / NOBLE,358579.3333333333,-213056.1666666667,-37.2713322854628,0.23109780028489352,479360.28571428574,Decline
5307,680259.1666666666,SHANNON / APHRASIA,623397.9166666666,-56861.25,-8.358762775461804,0.15200687708512448,687919.4897959183,Stable
5308,401070.0,HAMILTON HIGHWAY (ABERDEEN) / MINERVA,503894.8333333333,102824.83333333331,25.637627679291224,0.19733604968712484,463459.4310344828,Stable
531,353831.4166666667,FRANKSTON-FLINDERS / MORNINGTON-TYABB,375417.8333333333,21586.416666666628,6.100763145914344,0.15840294886284328,362163.5367647059,Stable
5310,429148.3333333333,MIDLAND HIGHWAY / GLENLEITH,375864.6666666667,-53283.66666666663,-12.416142048786542,0.1356257973798461,418158.65986394556,Stable
5312,606286.9166666666,MIDLAND HIGHWAY / JASMINE / WAIORA,563532.5833333334,-42754.333333333256,-7.0518317578737,0.12700172295014037,622966.1428571428,Stable
5313,1279924.1666666667,DERRIMUT / HOGANS,2449118.3333333335,1169194.1666666667,91.34870620590152,0.3139175634052185,1879436.6394557822,Growth
5316,1072066.75,SAYERS / TARNEIT,1302678.8333333333,230612.08333333326,21.510981786659578,0.24482145202855615,1139343.074829932,Growth
5317,373660.75,TARNEIT / LEAKES,372368.9166666667,-1291.833333333314,-0.34572358304513223,0.32654273953714386,614331.462585034,Volatile
5318,302106.25,PALMERS / ASHCROFT,923767.5833333334,621661.3333333334,205.77572735861418,0.4603795106294001,578995.7414965987,Growth
5319,456102.3333333333,SAYERS / PENROSE,870138.1666666666,414035.8333333333,90.77696014125485,0.38355424870579424,648083.918367347,Growth
532,1117708.75,NARRE WARREN-CRANBOURNE / CENTRE,1219660.9166666667,101952.16666666674,9.121532480323406,0.13394721474894333,1187063.0,Stable
5320,501150.5833333333,SAYERS / CROSSWAY,891698.75,390548.1666666667,77.93030271839453,0.2568792167380823,638154.0952380953,Growth
5321,511225.5833333333,MORRIS / THOMAS CARR / SPRING HAVEN,638223.8333333334,126998.25000000006,24.841919915653683,0.20265229082127773,583806.0823529412,Stable
5322,302159.8333333333,PHW / WESTLEIGH DVE,422760.3333333333,120600.5,39.912816561212914,0.27203045049948155,400574.362745098,Stable
5323,1081365.0833333333,OLD GEELONG / COSTA,910262.0,-171103.08333333326,-15.822878505185683,0.14418165286437612,1022362.8843537415,Decline
5324,436061.5,DERRIMUT / TARNEIT STREETATION,1056027.3333333333,619965.8333333333,142.17394411873858,0.3689681486300635,741790.2374100719,Growth
5325,380990.9166666667,LEAKES / SUNSET VIEWS / TARNEIT STREETATION,1267961.5,886970.5833333333,232.80622831996646,0.49555269405368185,769644.1459854015,Growth
5326,434495.75,GEELONG-BACCHUS MARSH RD / PHW STH O / P,361786.0,-72709.75,-16.734283361805037,0.21868408596395644,468899.8380952381,Stable
5327,176126.0,PIGDONS ROAD / UNIVERSITY DRIVE,291359.0,115233.0,65.42645605986624,0.2602684816543134,271236.0873786408,Stable
5328,1152668.8333333333,OLD GEELONG ROAD / FORSYTH ROAD / ASHCROFT AVENUE,1667683.1666666667,515014.3333333335,44.68016471339775,0.19834126495213888,1406984.2344827587,Growth
5329,683398.4166666666,RIVERSDALE ROAD EAST OF WESTBOURNE GROVE,580225.3333333334,-103173.08333333326,-15.097062096890518,0.14630541842352876,619217.5714285715,Stable
533,1519028.0833333333,NARRE WARREN-CRANBOURNE / FULLARD,1593604.5,74576.41666666674,4.909482417403194,0.12867048445856022,1589987.6530612244,Stable
5330,29320.75,WESTERN HIGHWAY / LAWRENCE,311558.8333333333,282238.0833333333,962.5882125570913,0.4307969588344268,283782.90277777775,Growth
5331,738602.0833333334,SURF COAST HIGHWAY / BAANIP BOULEVARD,869146.0833333334,130544.0,17.674469507430985,0.1884379052884888,927639.4958677687,Stable
5334,174254.91666666666,BAANIP BOULEVARD / SOVEREIGN DR,338654.5,164399.58333333334,94.3443011411921,0.30417329802652604,350655.0661157025,Growth
5335,315519.6666666667,PRINCES HIGHWAY WEST / HESSE STREETREET,406052.0,90532.33333333331,28.693087277179757,0.15909469300683396,360088.4516129032,Stable
5336,256474.75,PRINCES HIGHWAY WEST / DEANS MARSH RD / MURRELL,353262.9166666667,96788.16666666669,37.7378929764691,0.20005618639150285,317902.2845528455,Stable
5339,496829.0,DUNCANS / K / PRINCES FREEWAY OFF RAMP,646648.3333333334,149819.33333333337,30.15511037667555,0.19585153604939076,572954.3591549295,Stable
5340,140794.33333333334,BIRMINGHAM ROAD NEAR ALICE STREET,146282.5,5488.166666666657,3.898002523775808,0.1383029778157492,151694.87313432837,Stable
5342,722458.0,DERRIMUT ROAD / WYNDHAM LEISURE & EVENT,780570.5833333334,58112.58333333337,8.043731723274346,0.16530217344242018,782935.0153846154,Stable
5343,173454.91666666666,ARMSTRONG ROAD / BLACK FORREST ROAD,513353.8333333333,339898.9166666666,195.95807556142108,0.3688085890741225,363652.038961039,Growth
5345,496456.5833333333,TARNEIT RD / LORETTA BLVD / OBSIDIAN AV,481814.9166666667,-14641.666666666628,-2.94923406360307,0.16529906004197598,531748.4049586777,Stable
5346,1062152.5,PRINCES HWY / SNEYDES RD / TYRONE ST,1210536.5,148384.0,13.970121992840012,0.15399338000928545,1144387.3166666667,Stable
5347,219246.91666666666,BAANIP BOULEVARD / GHAZEEPORE ROAD,499654.8333333333,280407.9166666666,127.89594532496275,0.31509722060543427,419328.3923076923,Growth
5348,465815.0,SHELL ROAD / BELLARINE AQUATIC CENTRE,339345.5,-126469.5,-27.15015617788178,0.20113887616099338,405604.75409836066,Decline
5349,468316.25,JETTY ROAD / RAILWAY CRESENT,260208.5,-208107.75,-44.43743944396548,0.25603599746413563,312094.5747126437,Decline
535,838912.1666666666,PRINCES HIGHWAY EAST / MANUKA / BYRN MAWR,989964.5,151052.33333333337,18.00573878115568,0.17341224409845538,978305.1428571428,Stable
5350,869092.1666666666,SURF COAST HIGHWAY / KIDMAN AVENUENUE,806856.9166666666,-62235.25,-7.160949366129753,0.1250448108370504,877258.0472440945,Stable
5351,307501.75,SURF COAST HIGHWAY / ARMSTRONG / BURVILLES,772046.6666666666,464544.9166666666,151.07065786346473,0.33652004688982873,649480.8253968254,Growth
5352,371357.0,,467880.1666666667,96523.16666666669,25.992014871583596,0.2588578100120691,508351.1666666667,Stable
5353,613827.9166666666,SURF COAST HIGHWAY / WHITES RD / WARRALILY RD,739464.3333333334,125636.41666666674,20.467693510735582,0.16533634184147655,727505.2142857143,Stable
5354,324263.1666666667,JETTY ROAD / MCDOWELL STREET,211819.33333333334,-112443.83333333334,-34.67672091444244,0.22875381948376194,332694.452991453,Stable
5355,366286.6666666667,DRYSDALE-OCEAN GROVE ROAD / MARLIN DR,392832.0,26545.333333333314,7.247147043299414,0.13002471981258215,399197.3539823009,Stable
5356,464783.3333333333,SURF COAST HIGHWAY / UNITY DRIVE,912545.5833333334,447762.25000000006,96.33784559113568,0.28790364406548064,866099.7590361446,Growth
5357,575233.5833333334,SURF COAST HIGHWAY / BEACH ROAD,703491.0833333334,128257.5,22.29659458628618,0.19163084675212952,666197.1632653062,Stable
5359,669075.8333333334,PIONEER ROAD / MEADOWVALE DRIVE,785643.6666666666,116567.83333333326,17.422215468849434,0.24226495251559305,709075.9268292683,Stable
5360,170495.66666666666,WARRALILY BOULEVARD / HORSESHOE BEND ROAD,392715.9166666667,222220.25000000003,130.3377700704026,0.28367131951576063,287113.125,Growth
5361,859885.0,BELLARINE HIGHWAY / CLIFTON AVENUENUE,899142.75,39257.75,4.565465149409514,0.13457161061907616,889317.0363636364,Stable
5362,162881.41666666666,MELALUKA NEAR LEOPOLD PLAZA ACCESS SC,173313.33333333334,10431.916666666686,6.404608260508551,0.32879549158878946,180640.51428571428,Volatile
5363,350238.9166666667,BARRABOOL ROAD / GRR SOUTHBOUND RAMPS,465318.0,115079.08333333331,32.857309070213255,0.16691308004750233,425202.0598290598,Stable
5364,327777.5833333333,ECHUCA-MOOROOPNA / MACISAAC,339641.25,11863.666666666686,3.6194258759306104,0.2109662511302873,323648.4597701149,Stable
5365,274554.0833333333,GREAT OCEAN RD NEAR CAMP,411843.75,137289.6666666667,50.004598365410104,0.3487836676257717,371034.96428571426,Volatile
5368,927505.8333333334,GEELONG-PORTARLINGTON RD / MELALUKA RD,919190.25,-8315.583333333372,-0.8965532112556386,0.14017765052167364,923860.9302325582,Stable
5369,101206.75,UNITY DRIVE / SOVEREIGN DRIVE,231124.41666666666,129917.66666666666,128.36857884149688,0.2945682871075118,181712.4939759036,Volatile
537,1144289.25,CLYDE / MOONDARRA / MEADOWLANDS,1475457.9166666667,331168.66666666674,28.940992556442062,0.16565187582856303,1401980.1836734693,Growth
5371,731230.1666666666,SURF COAST HIGHWAY / BOUNDARY ROAD,1043687.1666666666,312457.0,42.73032134660746,0.2059986821263157,1002821.2739726028,Growth
5372,634218.8333333334,PORTARLINGTON ROAD / TIVOLI DRIVE,657264.9166666666,23046.083333333256,3.6337746724119544,0.17620056588526045,698873.3714285714,Stable
5373,61233.083333333336,DAVIS ROAD / HOGANS ROAD,398858.4166666667,337625.3333333334,551.3773191779499,0.5992446347626487,222766.36764705883,Growth
5374,29841.666666666668,SAYERS ROAD / HERMOSA DVE / MEDALLION BLVD,213265.0,183423.33333333334,614.6551242669645,0.5139651140846935,131080.01408450704,Growth
5375,486315.75,FOREST NEAR LAKE,500833.25,14517.5,2.9852004587554486,0.27320850753270687,493574.5,Stable
5376,354526.4166666667,BARWON HEADS ROAD / PRECINCT ROAD,470257.5833333333,115731.16666666663,32.64387679620488,0.26576997168734945,489161.0410958904,Stable
5377,147411.66666666666,DAVIS RD / BETHANY RD,408690.8333333333,261279.16666666666,177.24456454147682,0.35776662705094087,291241.45070422534,Growth
5378,131887.41666666666,BRODERICK - HEALES RD CORIO,151185.75,19298.333333333343,14.632429553236387,0.17065318839414084,144548.24675324676,Stable
538,3122578.6666666665,BURWOOD HIGHWAY / STANLEY / FORTESCUE,2643396.1666666665,-479182.5,-15.345730281041225,0.1286546138712354,2915405.911564626,Decline
5380,555306.0833333334,HOGANS NEAR RIVERSDALE,1043780.0,488473.9166666666,87.96480559595284,0.37515168051682696,793206.2325581395,Growth
5381,176547.33333333334,ISON ROAD / BULBAN EAST,417790.1666666667,241242.83333333334,136.64484689658298,0.3291096941580102,322465.0655737705,Growth
5382,178212.83333333334,ISON ROAD / BULBAN WEST,526225.0,348012.1666666666,195.27895952124658,0.40133020398969127,369706.0327868852,Growth
5383,81386.91666666667,ISON ROAD / ARMSTRONG ROAD / TOWNLEY,329122.75,247735.8333333333,304.39270030092877,0.42506672839226106,232342.54794520547,Growth
5385,567117.5,GEELONG / ALFRED / COLDSTREAM,690848.0833333334,123730.58333333337,21.81745111609735,0.18268206343162477,666432.5714285715,Stable
5386,258999.75,PRINCES HIGHWAY / GALLOP ST / BAILLIE ST,324415.0833333333,65415.333333333314,25.25690983614205,0.18745367103737928,310586.0128205128,Stable
5388,658231.3333333334,DERRIMUT / DOHERTYS,1434686.3333333333,776454.9999999999,117.96080810495194,0.29481604921506366,1200847.2083333333,Growth
5389,660165.4166666666,DERRIMUT / SAYERS,1647533.9166666667,987368.5000000001,149.56380250656878,0.3357060795291512,1382659.9104477612,Growth
5390,639799.6666666666,PALMERS NEAR LANCASTER,666075.6666666666,26276.0,4.106910548562337,0.19918103929743383,681103.4492753623,Stable
5395,382909.25,PIGDONS ROAD / ALFRED DEAKIN DRIVE,400409.25,17500.0,4.570273504753411,0.20312545285070494,393709.2588235294,Stable
5396,13479.0,MORRIS ROAD / TANGLEWOOD DR,387413.4166666667,373934.4166666667,2774.1999901080694,0.6810528413369252,241650.04347826086,Growth
5397,295416.5833333333,PIGDONS ROAD / NICOL DRIVE NORTH,287229.4166666667,-8187.166666666628,-2.7713971146395115,0.1580844528501228,296847.81707317074,Stable
5398,27446.75,HOGANS ROAD / CONNAUGHT ROAD,132611.33333333334,105164.58333333334,383.1586010486974,0.6058305294223356,68473.9076923077,Volatile
5399,417362.0833333333,PALMERS / DELANEY / WILDEBRAND,843705.8333333334,426343.75000000006,102.1520082981504,0.284434781908143,735504.3384615384,Growth
5401,4974.333333333333,MAIN BETWEEN ROBERTSON & VICTORIA,302158.0,297183.6666666667,5974.341620317631,0.6162595830343724,208628.9111111111,Growth
5402,163226.41666666666,BROADFORD-KILMORE ROAD / PINNIGER STREET,218595.08333333334,55368.666666666686,33.92138833736575,0.15310857782021248,196307.6834532374,Stable
541,860604.75,DANDENONG-FRANKSTON / QUALITY / COJO,775955.6666666666,-84649.08333333337,-9.836000014331011,0.16847238255146813,851683.2448979592,Stable
5410,683655.4166666666,PORTARLINGTON ROAD / GRUBB ROAD / ANDERSON ROAD,828080.0833333334,144424.66666666674,21.125359815160305,0.1605791983404263,812215.7972972973,Stable
5411,340872.0833333333,,335499.5833333333,-5372.5,-1.576104428225153,0.11687339474275099,348713.9818181818,Stable
5412,476233.9166666667,PORTARLINGTON / HIGH / RESERVE / JETTY,471870.4166666667,-4363.5,-0.9162514149646698,0.1875245595961728,482970.93333333335,Stable
5413,380039.8333333333,BARWON HEADS -OCEAN GROVE (ORTON) / PRESIDENTS,369358.6666666667,-10681.166666666628,-2.810538719844708,0.17237392034016816,383905.63636363635,Stable
5414,177839.33333333334,ISON ROAD NEAR BULBAN RD SOUTH,305679.4166666667,127840.08333333334,71.88515663951357,0.25317868906191027,257878.131147541,Stable
5415,368796.6666666667,PAKINGTON STREET BETWEEN VILLAMANTA ST & PIZER ST,499313.1666666667,130516.5,35.38982637225571,0.21733636739129736,499485.5263157895,Stable
5416,361381.25,SHANNON AVENUE BETWEEN GERTRUDE ST & CROFTON ST,448710.25,87329.0,24.165337853029175,0.20030681090497995,452830.9736842105,Stable
5417,443645.3333333333,GRUBB ROAD / COASTAL BLVD,442324.3333333333,-1321.0,-0.2977603731509254,0.16144625427953235,504684.8333333333,Stable
5418,308496.25,HAMILTON HIGHWAY / DELL BLVD / UPPER PAPER MILLS RD,444937.75,136441.5,44.227928216307326,0.182277018731694,411995.93846153846,Stable
542,662767.0833333334,WELLS / ENTERPRIZE,318546.0833333333,-344221.00000000006,-51.936948689239124,0.2824318605195941,548788.5918367347,Decline
5420,46128.083333333336,MORRIS ROAD / WOODS RD / FORTITUDE DR,421176.25,375048.1666666667,813.0582056845342,0.5160343833553844,300387.0,Growth
5422,199627.58333333334,CLARA AVE BTWEEN NILE DR & YUKON ST,296319.3333333333,96691.74999999997,48.43606699308001,0.35934936375717796,259979.2372881356,Volatile
5423,759349.8333333334,PORTARLINGTON ROAD / HERMSLEY ROAD / CURLEWIS ROAD,756416.25,-2933.583333333372,-0.38632830410402036,0.15316044716154298,793174.9818181818,Stable
5424,475073.4166666667,MOORABOOL STREET / LONSDALE STREET,544684.5,69611.08333333331,14.65270017037717,0.25237000860650444,549463.3555555556,Stable
5425,483662.9166666667,SURF COAST / COOMBES / ROSSER,718603.6666666666,234940.74999999994,48.575307699663405,0.430830369893704,634240.448275862,Growth
5426,684821.375,,684821.375,0.0,0.0,0.7624523847165536,684821.375,Volatile
5427,351677.1666666667,YORK STREET / CUNNINGHAME STREET,352242.6666666667,565.5,0.16080088603989548,0.18740176568716946,365588.4285714286,Stable
5429,266013.0,POUND ROAD WEST / HYDRIVE CLOSE,252286.16666666666,-13726.833333333343,-5.160211468361826,0.25694294051676486,259612.7142857143,Stable
543,1407894.5,NARRE WARREN NTH / OVERLAND / VICTOR,1366965.75,-40928.75,-2.9070892740897842,0.1258426045142048,1407926.2857142857,Stable
5430,262333.5,POUND ROAD WEST / VENTURA PLACE,361286.1666666667,98952.66666666669,37.7201793391491,0.25235258019825,322594.22857142857,Stable
5432,411583.5833333333,SUNBURY ROAD / MARINIS DRIVE,555063.3333333334,143479.75000000006,34.860416160913466,0.292028356649059,499683.12903225806,Volatile
5433,309371.9166666667,BAANIP BOULEVARD / BOUNDARY ROAD,337125.8333333333,27753.916666666628,8.971052371431028,0.38176309226007066,308089.5,Volatile
5434,649475.8333333334,HALL ROAD / MCCORMICKS ROAD,884656.0,235180.16666666663,36.21076483471927,0.2506031021406497,806167.7575757576,Growth
5436,350209.6666666667,CORIO QUAY ROAD / GEELONG PORT ACCESS ROAD,191380.16666666666,-158829.50000000003,-45.35268872266043,0.32803494383882115,324906.5,Decline
5437,1306552.6666666667,WESTERN PORT HIGHWAY / HALL ROAD,1530561.0833333333,224008.4166666665,17.144997089031737,0.2943132465605797,1457701.8333333333,Growth
5438,453182.1666666667,HALL ROAD / TAYLOR ROAD,543718.0833333334,90535.91666666669,19.977819809767453,0.26869569594996356,504555.6666666667,Stable
5439,67873.58333333333,BELLS ROAD / BELLAVITA AVENUE,164877.16666666666,97003.58333333333,142.91802284393904,0.42771843874516563,121496.66666666667,Volatile
544,1855465.0,BLACKBURN NEAR MATTHEW,1710562.25,-144902.75,-7.809511362380858,0.11322114266841594,1799130.537414966,Decline
5440,838456.4166666666,CRAIGIEBURN ROAD / CIMBERWOOD DRIVE,973134.0,134677.58333333337,16.06256218644639,0.3134378040156072,892162.2857142857,Volatile
5441,868418.3333333334,CRAIGIEBURN ROAD / DORCHESTER STREET,992926.25,124507.91666666663,14.337320147164093,0.3133868084698135,915803.8095238095,Volatile
5442,673059.8333333334,CRAIGIEBURN ROAD / BALYANG WAY,819417.1666666666,146357.33333333326,21.745070212925587,0.2898919994665608,742163.1739130435,Volatile
5443,659871.8333333334,,918005.5833333334,258133.75,39.11877079160069,0.28520981147412516,788938.7083333334,Growth
5444,271776.4166666667,BELLS ROAD / ST GERMAIN BOULEVARD,644499.75,372723.3333333333,137.14336876789343,0.44365436751783444,468203.36666666664,Growth
5445,505060.0833333333,,500408.6666666667,-4651.416666666628,-0.9209630339360538,0.3234510684764305,475245.3846153846,Volatile
5446,987966.4166666666,,1121503.5833333333,133537.16666666663,13.51636699526814,0.29548790700729377,923819.0961538461,Volatile
5447,1273348.3333333333,CRAIGIEBURN NEAR RAYFIELD,1722392.8333333333,449044.5,35.26485944537303,0.35235424588369046,1497870.5833333333,Growth
5448,896360.0,CRAIGIEBURN ROAD / CRAGIEBURN ROAD WEST,1283618.5,387258.5,43.203456200633674,0.2884556298323095,1138548.425,Growth
5449,525459.3333333334,TAYLORS / FRONTIER / RECREATION - AINTREE,579079.1666666666,53619.833333333256,10.204373570298479,0.270638678728057,546090.6818181818,Stable
545,337916.4166666667,FRANKSTON FREEWAY / SKYE,371220.1666666667,33303.75,9.855617649038951,0.1786475560239275,349328.5306122449,Stable
5451,581367.8333333334,,656507.6666666666,75139.83333333326,12.924663014551587,0.3152959433423735,615166.8181818182,Volatile
5452,233003.75,DOHERTYS ROAD / DAVIS ROAD,368910.0833333333,135906.3333333333,58.327959671607566,0.3565069412549893,304884.26666666666,Volatile
5453,301117.4166666667,PRINCES HIGHWAY / APSLEY PARKWAY / CONNECTOR B ROAD,295130.8333333333,-5986.583333333372,-1.9881225734479675,0.18093720081834616,297194.48148148146,Stable
5454,538982.8333333334,BALLARTO ROAD / LYREBIRD DRIVE,455944.5833333333,-83038.25000000006,-15.40647398479297,0.21153215324604213,472977.64705882355,Stable
5455,288287.5,,322923.8333333333,34636.333333333314,12.014510977178446,0.2849431118370488,300627.27777777775,Volatile
5458,752779.3333333334,BUSH BLVD BETWEENN OLEANDER & MCDONALDS,464454.0833333333,-288325.25000000006,-38.30143007822567,0.25132024053084656,647658.268292683,Decline
5459,548345.9166666666,CRAIGIEBURN ROAD / MICKLEHAM ROAD,935455.4166666666,387109.5,70.59585714674328,0.256158660015462,737706.387755102,Growth
546,703670.9166666666,HEATHERDALE NEAR RAIL STATION,632227.0,-71443.91666666663,-10.153029629972623,0.33778194541163836,711513.506849315,Volatile
5460,689990.8333333334,CRAIGIEBURN ROAD / WATERVIEW BOULEVARD,964418.8333333334,274428.0,39.772702294354154,0.31121008341267553,840536.8888888889,Growth
5461,1045782.9166666666,,1123744.75,77961.83333333337,7.454877306834318,0.3293004646167194,1042679.7777777778,Volatile
5462,554480.0833333334,BARWON HEADS RD / MARSHALLTOWN RD / TANNERY RD,685609.3333333334,131129.25,23.649046005710154,0.20071366866280108,648141.6315789474,Stable
5463,510307.4166666667,BARWON HEADS RD / RESERVE RD,724444.4166666666,214136.99999999994,41.96235308488069,0.27022060583135166,664357.6923076923,Growth
5466,311719.5833333333,MCGREGOR ROAD / SOUTH EAST BVD,333508.75,21789.166666666686,6.989989667529716,0.2671476618808928,353213.4054054054,Stable
5467,753929.0,,753929.0,0.0,0.0,0.5657585481439306,753929.0,Volatile
5469,704912.6666666666,LOWER HEIDELBERG RD BETWEEN CARMICHAEL ST & WILFRED…,668458.0833333334,-36454.583333333256,-5.171503514856203,0.17368335504377996,701291.8378378379,Stable
547,761576.9166666666,PRINCES HIGHWAY EAST / RACECOURSE,735991.0,-25585.916666666628,-3.3595971866706784,0.11231843942153344,811061.1700680272,Stable
5470,694633.5,BARWON HEADS / BARWARRE,856412.25,161778.75,23.289799584960992,0.22632231762436855,805315.1351351351,Growth
5471,763602.5833333334,BARWON HEADS / CROWS,940916.5833333334,177314.0,23.220717670437423,0.2288989149419869,884125.7027027027,Growth
5474,902591.6666666666,ST ALBANS ROAD BETWEEN FURLONG ROAD AND GILMOUR ROAD,864909.6666666666,-37682.0,-4.174866818698009,0.2072427973921969,868425.8421052631,Stable
5475,12596.0,,253929.08333333334,241333.08333333334,1915.9501693659365,1.3517775159898469,112475.2,Growth
5476,359575.6666666667,HULL ROAD / HOUNOR AVENUE,365034.4166666667,5458.75,1.518108844962627,0.18194102116557712,375723.6666666667,Stable
5478,823830.3333333334,,823830.3333333334,0.0,0.0,0.4204283711849159,823830.3333333334,Volatile
548,1029743.0,THOMPSONS / ROSEBANK / SPRINGHILL,1953910.25,924167.25,89.74736900372228,0.28752190055809973,1450367.9795918367,Growth
5480,744256.4166666666,NARRE WARREN-CRANBOURNE ROAD / LANSELL CLOSE,984689.0,240432.58333333337,32.30507362102018,0.3389848109765576,900871.2580645161,Growth
5481,755090.4166666666,POINT NEPEAN ROAD NEAR TYRONE AVENUE,782105.0833333334,27014.666666666744,3.5776730932333267,0.24720857175995245,805170.3170731707,Stable
5482,453257.8333333333,POINT NEPEAN ROAD NEAR ERLANDSEN AVENUE,498471.3333333333,45213.5,9.97522749193156,0.30254714942625055,504093.15,Volatile
5485,603039.625,,603039.625,0.0,0.0,0.3755180356983622,603039.625,Volatile
5486,194413.5,HORSESHOE BEND / WORN / PRECINCT,271022.5833333333,76609.08333333331,39.4052282034598,0.4302420725680992,212762.66666666666,Volatile
549,1404502.75,MAROONDAH HIGHWAY / OLD MELBOURNE / BUNNING,1320747.6666666667,-83755.08333333326,-5.963326403834614,0.12311817027933757,1409344.3945578232,Stable
5494,272972.4166666667,FYANS STREET / WOOD STREET,297806.5,24834.083333333314,9.097653029045356,0.2780187057706407,281589.90476190473,Volatile
5499,456162.0833333333,FYANS STREET NEAR CARR STREET,534334.1666666666,78172.08333333331,17.136909486668202,0.33326130920469244,486599.95238095237,Volatile
550,504621.5,EASTBOURNE ROAD / VILLAGE GLEN DR,552654.4166666666,48032.91666666663,9.51860288685017,0.19543874977638487,537697.9387755102,Stable
5500,371490.3333333333,,371490.3333333333,0.0,0.0,0.3192394092793212,371490.3333333333,Volatile
551,1064139.3333333333,MT DANDENONG / EASTFIELD,948945.5,-115193.83333333326,-10.825070526478669,0.14870792677475603,1004109.7346938775,Stable
552,494988.5833333333,,510723.8333333333,15735.25,3.1789117021722553,0.11540382475457123,508070.60544217686,Stable
554,440297.1666666667,BONEO / MCCOMBE,451880.75,11583.583333333314,2.6308557515889794,0.17012899460675338,456499.65986394556,Stable
555,462263.5833333333,NEPEAN / LONSDALE,503852.75,41589.166666666686,8.996851183208431,0.18568072183157266,488145.3469387755,Stable
556,1182059.0,CLYDE / CRESTHAVEN,1466250.1666666667,284191.16666666674,24.04204584260741,0.16355280558265067,1418032.2993197278,Growth
557,744058.5833333334,HALLAM NTH / BELGRAVE-HALLAM,733219.5,-10839.083333333372,-1.4567513333123574,0.12360924056719005,721598.6734693878,Stable
558,556684.25,HALLAM NTH / JAMES COOK,562996.6666666666,6312.416666666628,1.1339312485788178,0.1261428106833028,550907.8299319728,Stable
559,1131969.3333333333,HALLAM / SOMERVILLE,1771179.0,639209.6666666667,56.46881482066064,0.1628969610238308,1688481.6802721089,Growth
5603,362580.8333333333,PRINCES HIGHWAY EAST / RAYMOND,308329.5833333333,-54251.25,-14.962525597740276,0.1383844309756869,330321.6802721088,Stable
5606,612190.9166666666,PRINCES HIGHWAY EAST / MACARTHUR,495939.0833333333,-116251.83333333331,-18.989473735794018,0.5415703822719345,668190.6666666666,Volatile
5607,400585.6666666667,PRINCES HIGHWAY EAST(YORK) / MACALISTER,318715.4166666667,-81870.25,-20.43763839112233,0.13600851009065784,362962.1360544218,Stable
5609,371268.6666666667,PRINCES HIGHWAY EAST NEAR PINE,423669.0833333333,52400.41666666663,14.11388069376533,0.15889814074014744,418912.98780487804,Stable
5610,372221.9166666667,PRINCES HIGHWAY EAST / SALE-MAFFRA,409275.25,37053.333333333314,9.954635037386964,0.10904175732010159,396590.7551020408,Stable
5611,11763.25,PRINCES HIGHWAY EAST NEAR HOOD,347010.0,335246.75,2849.9500563194692,0.697868800714692,225073.49635036496,Growth
563,662774.1666666666,POINT NEPEAN / LYONS,673698.75,10924.583333333372,1.6483115792332539,0.20316291832697495,669736.768707483,Stable
564,745941.4166666666,CHELTENHAM / KENEALLY,567138.4166666666,-178803.0,-23.970112934471956,0.13803091768036682,665422.8027210884,Decline
565,376746.75,PRINCES HIGHWAY EAST / WINDERMERE,543379.0833333334,166632.33333333337,44.2292689541007,0.15690637467325544,486809.5986394558,Growth
5654,802485.25,PRINCES HIGHWAY EAST / SERVICE,814159.8333333334,11674.583333333372,1.4548034787347646,0.10360381693205761,829717.6220472441,Stable
5655,531909.75,PRINCES HIGHWAY EAST(NTH) NEAR SERVICE,566257.5,34347.75,6.4574394434394184,0.11404229194465361,566662.5354330709,Stable
5657,5716.083333333333,PRINCES HIGHWAY EAST / BAILEY,757455.6666666666,751739.5833333333,13151.305526803026,0.4566919589623157,889305.875,Growth
5658,167274.91666666666,PRINCES HIGHWAY EAST / MYER,235632.66666666666,68357.75,40.865511316450615,0.2388982218542809,228170.29268292684,Stable
5659,651578.25,PRINCES HIGHWAY EAST / MCCULLOCH,730313.6666666666,78735.41666666663,12.083800628192643,0.1220207942958113,699529.5118110236,Stable
5661,388691.5833333333,PRINCES HWY NR MECHANIC STREET,383070.25,-5621.333333333314,-1.4462194640609396,0.22077516719388596,396344.12941176473,Stable
5662,338482.9166666667,PRINCES HWY NR BARKES AVENUE,361647.3333333333,23164.416666666628,6.843599935496486,0.23363778521862022,338262.09411764704,Stable
5663,162421.16666666666,PRINCES HWY NR CARPENTER ST,233965.58333333334,71544.41666666669,44.048702601364575,0.24765351653781126,232114.03896103895,Stable
567,740350.9166666666,PRINCES HIGHWAY EAST / BRUNT / WHITESIDE,1150655.0,410304.0833333334,55.42021683186048,0.1858817422129857,1067311.2925170069,Growth
568,246891.25,PAPERBARK NEAR HAWTHORN,235264.91666666666,-11626.333333333343,-4.70909087840632,0.12302208999904823,239712.52380952382,Stable
569,1649688.5,STH GIPPS'D HIGHWAY / MCDOWALL / COMMERCIAL,1807871.4166666667,158182.91666666674,9.588653655927573,0.11514649358957829,1759758.149659864,Growth
570,972198.4166666666,CRANBOURNE-FRANKSTON / HALL,1379468.0,407269.5833333334,41.891611460314905,0.17821141507899577,1154392.006849315,Growth
571,309839.8333333333,BLACKBURN / THE PINES SHOPPING ACCESS,284179.5,-25660.333333333314,-8.281805814724699,0.28089116324875213,287834.8206896552,Volatile
572,489431.0833333333,WARBURTON / HEALESVILLE-KOO WEE RUP,488980.75,-450.33333333331393,-0.0920115923709342,0.14128426696076388,499485.56462585035,Stable
573,366027.0833333333,WARBURTON HIGHWAY NEAR DON,377002.3333333333,10975.25,2.998480303711588,0.13746417262115296,378686.4745762712,Stable
574,2098154.6666666665,EASTERN FREEWAY / MIDDLEBOROUGH,2184996.0833333335,86841.41666666698,4.138942569216393,0.16257452710077824,2100475.2448979593,Stable
575,1555651.5833333333,EASTERN FREEWAY / BLACKBURN,1816759.0833333333,261107.5,16.784446003038706,0.172185819592134,1845967.8231292516,Growth
576,2117518.5833333335,SPRINGVALE / EASTERN FREEWAY / EASTLINK,1900833.25,-216685.3333333335,-10.232983787666884,0.12882501611598277,2088047.6258503401,Decline
577,1629407.3333333333,BURWOOD HIGHWAY / HOLLAND / K-MART ENT,1453629.0833333333,-175778.25,-10.787864176381515,0.1376708446193994,1529694.9863945579,Decline
578,1284016.5833333333,BURWOOD HIGHWAY NEAR HIGHVIEW,1101996.5,-182020.08333333326,-14.175835865048207,0.16684104743945802,1144455.7891156462,Decline
579,1073447.9166666667,BURWOOD HIGHWAY NEAR CROW,987117.4166666666,-86330.50000000012,-8.042355726776073,0.153198113119623,1015671.3197278911,Stable
5799,232769.25,GISBOURNE NEAR LERDERDERG,608058.1666666666,375288.9166666666,161.22787553195565,0.27743556917603795,598095.0254237289,Growth
5800,1145.75,BACCHUS MARSH-GISBORNE NEAR MAIN,562428.0,561282.25,48988.195505127645,0.5820802358182884,439146.875,Growth
5801,1082399.9166666667,WESTERN FREEWAY / BACCHUS MARSH-GISBORNE,1470606.75,388206.83333333326,35.86537908547202,0.19722158722378316,1302263.3741496599,Growth
5802,622557.9166666666,MIDLAND HIGHWAY (ALBERT ST) NEAR VICKERS,608336.5833333334,-14221.333333333256,-2.284339007281104,0.1530793121711304,621465.4390243902,Stable
5806,455967.75,VICTORIA / FUSSELL / WATER,570247.4166666666,114279.66666666663,25.063102964336103,0.19433043780968176,519217.141509434,Stable
5807,530162.5,MAIR / HUMFFRAY,520852.4166666667,-9310.083333333314,-1.7560810757707899,0.21939910325252002,521056.35172413796,Stable
5808,480983.5,VICTORIA / QUEEN,528688.3333333334,47704.83333333337,9.918184996644037,0.1093465546261426,506931.72789115645,Stable
5809,441858.0,VICTORIA NEAR KING & OTWAY,449479.5833333333,7621.583333333314,1.7248942722171634,0.15054240481464717,440594.44897959183,Stable
581,1057937.0,MIDDLEBOROUGH / SPRINGFIELD,1047014.1666666666,-10922.833333333372,-1.0324653862501616,0.1492966575445094,1051308.9795918367,Stable
5810,580668.3333333334,VICTORIA / PRINCES,562528.75,-18139.583333333372,-3.1239146845158374,0.10015721574802627,577170.7074829933,Stable
5811,329789.6666666667,LITTLE-BRIDGE / PEEL STREET,329316.0833333333,-473.58333333337214,-0.14360162891702857,0.20593422957802773,310904.0,Stable
5812,299727.5,CURTIS / PEEL STREETREET,322044.6666666667,22317.166666666686,7.445818841002806,0.1511450836340619,303571.5238095238,Stable
5813,160124.66666666666,CURTIS STREET NEAR LOWE,14320.416666666666,-145804.25,-91.05670789842915,0.5047370145167916,108241.48979591837,Decline
5814,117984.25,LT BRIDGE NEAR GRENVILLE ST,140179.75,22195.5,18.812256720706365,0.26870723537445895,174242.47586206897,Stable
5815,757128.8333333334,STREETURT STREET / GRENVILLE,570592.5,-186536.33333333337,-24.637330546782774,0.23237629846935412,646752.1700680272,Decline
5817,903042.5,STREETURT STREET / LYDIARD,748565.6666666666,-154476.83333333337,-17.106263917072937,0.34017498444364797,734784.775510204,Decline
5819,1126264.0,STREETURT STREET / DOVETON,1021842.8333333334,-104421.16666666663,-9.271464476061265,0.2886947713690224,961648.8707482993,Volatile
582,486526.75,MITCHAM NEAR ORIENT,511036.8333333333,24510.083333333314,5.037766851120378,0.14039132704248242,500274.90476190473,Stable
5820,929187.6666666666,STREETURT / DRUMMOND,1066917.25,137729.58333333337,14.822579794609132,0.7588301225326333,1503361.9657534247,Volatile
5821,1001030.25,STREETURT / PLEASANT,841225.8333333334,-159804.41666666663,-15.963994761064077,0.12892453923754382,922112.6530612245,Decline
5824,1017988.5833333334,STREETURT / GILLIES,977529.8333333334,-40458.75,-3.9743815070617603,0.22355117990282466,1233982.8775510204,Stable
5827,119655.33333333333,DOVETON BETWEEN NORMAN & LANSBOROUGH,337385.0,217729.6666666667,181.9640300195562,0.3148711782835832,352636.1009174312,Growth
5830,404910.3333333333,MIDLAND HIGHWAY NEAR STURT,365992.8333333333,-38917.5,-9.611387212477496,0.13965288587693836,376229.90476190473,Stable
5831,380448.4166666667,GRANT NEAR PILMER,481944.6666666667,101496.25,26.678058194923928,0.23694447822168296,413406.8181818182,Stable
5832,662084.6666666666,STREETURT / RIPON,667168.0,5083.333333333372,0.7677769308457084,0.19618052055264804,670568.2574257426,Stable
5833,1933.0,STREETURT / RING,517220.6666666667,515287.6666666667,26657.406449387825,0.6909308636838534,353134.50694444444,Growth
5834,540271.6666666666,MIDLAND HIGHWAY (ALBERT) NEAR HERTFORD,434900.0833333333,-105371.58333333331,-19.503444254896454,0.3275497418447722,511463.85294117645,Volatile
5835,394176.3333333333,MIDLAND HIGHWAY NEAR VICTORIA,410786.5,16610.166666666686,4.213892428853758,0.14096133712971803,412770.03658536583,Stable
5836,185614.75,LYDIARD / RAIL CROSSING,146062.83333333334,-39551.91666666666,-21.308606490953256,0.41543635075118024,125968.04761904762,Volatile
5837,612480.25,GILLIES / LAKE GARDENS,507287.6666666667,-105192.58333333331,-17.174853121114243,0.2293394978774078,565803.7307692308,Stable
5838,323600.1666666667,STURT ST AT INSIGNIA BLVD,509793.75,186193.5833333333,57.5381605180467,0.20084080898359305,512754.51937984495,Growth
5839,187028.91666666666,DANA / ARMSTRONG,255328.91666666666,68300.0,36.518417160982686,0.2422816617374482,249238.72115384616,Stable
5840,38795.916666666664,BARKLY / VINCENT,389360.5833333333,350564.6666666666,903.6122787836348,0.34938008919909236,402041.0816326531,Growth
5841,227262.66666666666,BARKLY NEAR VINCENT,203895.75,-23366.916666666657,-10.281898478705987,0.11928735625331621,216998.86046511628,Stable
5842,784948.75,STREETURT / DAWSON,490667.1666666667,-294281.5833333333,-37.49054741896631,0.23205405414514718,560460.3673469388,Decline
5843,256986.41666666666,DYSON / BELLTOWER,413292.3333333333,156305.91666666666,60.82263751294248,0.2153756509855311,364107.1726618705,Growth
5844,311048.5,BALLARAT-BURRUMBEET / DYSON,561069.5,250021.0,80.38006934609876,0.25884974336325217,461743.65079365077,Growth
5845,163843.58333333334,PEEL / BRIDGE MALL,235042.33333333334,71198.75,43.4553179022879,0.2817645832600113,185547.85714285713,Volatile
5846,148958.5,BALLARAT-BUNINYONG RD NEAR FOREST,248934.0,99975.5,67.11634448520897,0.21350127670621363,219891.738317757,Stable
5847,470241.25,MIDLAND HIGHWAY / SEBASTOPOL STREETREET,584169.75,113928.5,24.227670371325356,0.2070032054554147,575551.4268292683,Stable
5848,262907.6666666667,,380133.0,117225.33333333331,44.58802393235647,0.1878802659541884,356002.1125,Stable
585,872591.5833333334,SURREY / SPRINGFIELD,902372.9166666666,29781.333333333256,3.4129750850412073,0.13761861714874563,861941.5714285715,Stable
5850,575082.5833333334,GILLIES ST BTN CARLTON ST & LAKE GARDENS,835940.0,260857.41666666663,45.35999249962794,0.20027172904315177,798271.5188679246,Growth
5851,214016.25,HALLETTS WAY / WESTERN FWY EXIT RAMP,352568.9166666667,138552.6666666667,64.73932080702596,0.24773699552131673,302134.1948051948,Stable
5852,124896.33333333333,HALLETTS WAY / WESTERN FWY ENTRY RAMP,197527.91666666666,72631.58333333333,58.15349529876778,0.2247491022345275,182489.3896103896,Stable
5853,560368.9166666666,MAIR ST BETWEEN DAVIES ST AND PEEL ST,621988.0833333334,61619.166666666744,10.996178559154572,0.16646688246840807,633428.2,Stable
5854,477922.6666666667,GLENELG HIGHWAY / CHERRY FLAT RD / WILTSHIRE,702649.3333333334,224726.6666666667,47.02155439373734,0.29987221674376946,638254.7209302326,Growth
5856,1085097.0833333333,DELACOMBE-WENDOUREE / GREGORY,1436533.9166666667,351436.8333333335,32.387593583216265,0.2834883275732932,1379694.4468085107,Growth
5857,569762.1666666666,STURT ST & ASCOT ST,544941.4166666666,-24820.75,-4.356335231103738,0.12479669029440293,577727.2686567164,Stable
5858,339404.0833333333,STURT ST & RAGLAN ST,493660.9166666667,154256.83333333337,45.44931570014013,0.2479100771654861,419047.2388059702,Stable
5861,295892.4166666667,BARKLY STREET NEAR STEINFELD STREET (NORTH),387597.6666666667,91705.25,30.992767923251378,0.3643260088085038,348153.9428571428,Volatile
5862,583253.9166666666,STREETURT STREETREET / RUSSELL STREETREET / MORRISO…,635785.5833333334,52531.666666666744,9.00665476314134,0.1801535681318544,644733.3275862068,Stable
5863,713368.3333333334,BALLARAT-CARNGHAM ROAD / WILTSHIRE LN / LEARMONTH S…,953645.0833333334,240276.75,33.682003920368395,0.2839817139284139,881059.175,Growth
5864,771630.8333333334,MIDLAND HIGHWAY / GLENELG HIGHWAY / SAYLE STREET,726245.25,-45385.58333333337,-5.881774207657596,0.18006648643659887,763998.9302325582,Stable
5865,258971.0,WESTERN / STREETAWELL-AVOCA / LAKE FYANS,284117.1666666667,25146.166666666686,9.710031882591752,0.28127236283953666,271544.0833333333,Volatile
5867,555259.0,MIDLAND HWY NEAR PARKER ST,555259.0,0.0,0.0,0.35215223313003563,555259.0,Volatile
5868,280794.4166666667,MIDLAND HWY / DOCWRA ST / PRINCE ST,301276.3333333333,20481.916666666628,7.294274903970358,0.1542460042324282,299055.0731707317,Stable
587,1466595.1666666667,SURREY NEAR JUNCTION,1214815.4166666667,-251779.75,-17.167638058719,0.2510961681570675,1413992.6462585034,Decline
5870,300419.5833333333,DYSON DRIVE / CUZENS ROAD / FAWCETT ROAD,320190.9166666667,19771.333333333372,6.581239849266386,0.19772780773646795,310750.12,Stable
5871,987134.6,,987134.6,0.0,0.0,0.5790773526567998,987134.6,Volatile
5872,313874.5833333333,BALLARAT-BUNINYONG ROAD / DAMASCUS COLLEGE,337121.0,23246.416666666686,7.406275595746184,0.16999161442984864,349455.91156462586,Stable
5873,262990.9166666667,BALLARAT-BUNINYONG / HOCKING,417743.0,154752.0833333333,58.84312861249009,0.1732614167320738,418517.9183673469,Stable
5874,48690.916666666664,BALLARAT-BUNINYONG / RECREATION,47272.75,-1418.1666666666642,-2.9125897883075336,0.18256327530622052,58974.617021276594,Stable
5875,760741.5833333334,MIDLAND HIGHWAY / MAIR,711980.5,-48761.08333333337,-6.4096776621145715,0.15227222023851486,723897.6780821917,Stable
5876,391896.75,BALLARAT-BUNINYONG / BARKLY,377381.5833333333,-14515.166666666686,-3.7038242002942576,0.1747744253698297,381056.537414966,Stable
5877,534919.0833333334,MIDLAND HIGHWAY / MACARTHUR,562388.6666666666,27469.583333333256,5.135278248470276,0.1270776273897463,572769.2857142857,Stable
5878,642781.0833333334,MIDLAND HIGHWAY / SUNRAYSIA / HOWITT,621438.3333333334,-21342.75,-3.3203761830265432,0.1196981151249838,644402.4897959183,Stable
5879,583140.75,MIDLAND HIGHWAY (CRESWICK) / NORMAN,565427.1666666666,-17713.583333333372,-3.0376171333135904,0.1960171179716629,545890.462585034,Stable
5881,588077.8333333334,MIDLAND HIGHWAY SKIPTON / DARLING / DRUMMOND,444488.0,-143589.83333333337,-24.416807639124873,0.20909165104463556,535813.6068965517,Decline
5882,385461.1666666667,BALLARAT-BUNINYONG ROAD / OLYMPIC AVENUE,347189.6666666667,-38271.5,-9.928756333863289,0.15212792397329997,365540.41911764705,Stable
5884,1858923.1666666667,LEARMONTH ST NEAR CUTHBERTS RD,1793601.1666666667,-65322.0,-3.513969870908238,0.2147302522936458,1783040.8235294118,Stable
589,308787.0,SPRINGFIELD NEAR PRIMROSE ST,214711.75,-94075.25,-30.46606560509348,0.3630558989398059,302577.42553191487,Volatile
590,663258.0,MITCHAM / PARK,769190.5833333334,105932.58333333337,15.971550035330651,0.15571158597215917,697962.5102040817,Stable
5901,8613.25,HOWITT NEAR FOREST & SCHOOL LANE,544466.6666666666,535853.4166666666,6221.268588124884,0.8927895559274291,294877.88157894736,Growth
5902,731343.9166666666,HOWITT / FOREST,654686.6666666666,-76657.25,-10.481696538803508,0.13331740118736904,711773.6530612245,Stable
5903,1553622.25,HOWITT / LEARMONTH / GILLIES,1612047.0,58424.75,3.760550545668356,0.19253183504944804,1502445.3055555555,Stable
5904,430331.9166666667,SUNRAYSIA (HOWITT) / BURNBANK,521931.25,91599.33333333331,21.285740096355852,0.1919368739260666,525574.8170731707,Stable
5905,474897.5,SUNRAYSIA (HOWITT) / DOWLING,528058.5833333334,53161.08333333337,11.194222612949819,0.20364454718865124,486235.26829268294,Stable
591,1372870.0,STH GIPPS'D HIGHWAY NEAR LYALL,1370395.75,-2474.25,-0.18022463889516124,0.1884929351081825,1520421.2073170731,Stable
5911,559476.75,MAIR / ARMSTRONG,574541.3333333334,15064.583333333372,2.692620083557247,0.1565979519416792,515852.09523809527,Stable
5912,703246.5,MAIR / LYDIARD,591818.9166666666,-111427.58333333337,-15.84474054735194,0.15660613878690308,628880.2993197279,Stable
5913,512740.0833333333,MAIR / PEEL,644408.25,131668.1666666667,25.67931998034742,0.2769945624389511,581898.3741496599,Volatile
5915,455253.5,PEEL / EASTWOOD,435025.1666666667,-20228.333333333314,-4.443311986252343,0.7949620247157402,529307.5850340136,Volatile
592,1072731.1666666667,MANNINGHAM / MACEDON,1144889.1666666667,72158.0,6.726568803274259,0.1573133071062289,1016763.4829931973,Stable
5936,264415.6666666667,MACEDON-WOODEND / ASHBOURNE,322155.75,57740.083333333314,21.83686165847459,0.1645538417265123,288062.68292682926,Stable
5937,274813.5,MOLLISON STREET / HIGH STREET - KYNETON,283627.5833333333,8814.083333333314,3.207296342185997,0.09892100826482249,287432.4285714286,Stable
5939,260990.16666666666,KYNETON MAIN ROAD JENNINGS AND LAURISTON,239787.08333333334,-21203.083333333314,-8.124092797876797,0.1270282229240648,253307.02739726027,Stable
594,1730947.75,MONASH FREEWAY / NARRE WARREN NTH,1674515.5833333333,-56432.166666666744,-3.2601889148107874,0.1294091283137768,1649558.544217687,Stable
5940,62697.416666666664,MT BAINBRIDGE NEAR STEWART,51162.083333333336,-11535.333333333328,-18.398418860957847,0.24754720331380697,57758.45384615385,Stable
5942,3813.75,GLENELG HIGHWAY / COX ST / FRENCH,307690.4166666667,303876.6666666667,7967.923085327216,0.5474222637085963,237979.9705882353,Growth
595,624752.0833333334,GREENS / SOUTH PARK DEVELOPMENT ACCESS,717574.0,92821.91666666663,14.857400102040469,0.13487346331362202,697183.2448979592,Stable
5950,603464.1666666666,MIDLAND HIGHWAY(DOVETON) / DANA,602607.6666666666,-856.5,-0.14193054820984952,0.11360925196401096,585582.6530612245,Stable
5951,556731.75,MIDLAND HIGHWAY(DOVETON) / EYRE,533188.0,-23543.75,-4.22892173834167,0.11435405547082804,546921.2108843537,Stable
5959,21312.25,GLENELG HIGHWAY / ALFRED,453307.9166666667,431995.6666666667,2026.9829167106554,0.651377656828963,307601.1094890511,Growth
596,531153.4166666666,MITCHAM / PREMIER / REDLAND,513062.6666666667,-18090.74999999994,-3.4059368597365283,0.15482105251658088,519468.90476190473,Stable
597,446140.8333333333,PRINCES HIGHWAY / ARMY,555403.9166666666,109263.08333333331,24.490715749324295,0.140232555110005,540809.5918367347,Stable
5975,196459.41666666666,MELBOURNE-LANCEFIELD ROAD BTN MURPHY ST & STAWELL ST,258805.16666666666,62345.75,31.7346712404131,0.18503946110869418,235972.61728395062,Stable
598,1211322.25,PRINCES HIGHWAY EAST / VICTOR,1230857.9166666667,19535.666666666744,1.6127555377329812,0.1334357549809704,1260298.8775510204,Stable
599,1282697.5833333333,PRINCES HIGHWAY EAST / PROGRESS,1371398.4166666667,88700.83333333349,6.915178954561334,0.12022355844322125,1331468.142857143,Stable
5997,275292.5833333333,MELBOURNE-LANCEFIELD RD NR REGAN DR,550816.8333333334,275524.25000000006,100.08415289066697,0.2469110255408513,450118.3559322034,Growth
5999,8069.833333333333,WESTERN HIGHWAY(HIGH) / PYRENEES(VINCENT),365997.0,357927.1666666667,4435.372477746339,0.3788216191388833,335945.38095238095,Growth
600,1217276.9166666667,PRINCES HIGHWAY EAST / FITZGERALD / HINRICHSEN,1203369.0,-13907.916666666744,-1.1425433667756981,0.1780602994182787,1348940.8843537415,Stable
6002,302831.6666666667,MIDLAND HIGHWAY / BUNNINGS ACCESS,373147.25,70315.58333333331,23.219362792310353,0.1722502223474079,361351.71698113205,Stable
6003,356872.5833333333,WELSFORD / NIXON,431745.0,74872.41666666669,20.98015374768446,0.2219029243033243,386567.79,Stable
6004,314413.0,STREETATION ROAD / SAUNDERS ROAD,326791.5,12378.5,3.937019143610474,0.2224832993678149,326717.58181818185,Stable
601,1097432.25,PRINCES HIGHWAY EAST / TINKS,1006682.1666666666,-90750.08333333337,-8.269310778258372,0.1441677839721849,1087782.7346938776,Stable
6018,3106.4166666666665,MIDLAND HIGHWAY / NUNN,404665.25,401558.8333333333,12926.753762373583,0.6660776443385139,278508.88732394367,Growth
602,1371600.6666666667,PRINCES HIGHWAY EAST / HARMER / WEDGEWOOD,1202502.5,-169098.16666666674,-12.32852759379431,0.14946205188037082,1336946.462585034,Decline
6025,534356.1666666666,MCIVOR BETWEEN PATRICK AND MURPHY,502463.1666666667,-31892.99999999994,-5.968491053251925,0.11665798248724986,517055.7346938776,Stable
6034,302960.6666666667,GISBORNE-KILMORE RD NR HAMILTON ST,324861.1666666667,21900.5,7.228826184257143,0.14593704734119012,320195.4130434783,Stable
6035,370574.5833333333,NORTHERN HIGHWAY / CLARKE ST KILMORE,442333.4166666667,71758.83333333337,19.36420805978105,0.17396320330717166,417237.2363636364,Stable
604,2271168.75,PRINCES HIGHWAY EAST / NARRE WARREN-CRANBOURNE,2256479.3333333335,-14689.416666666511,-0.6467778612516798,0.12607703608721413,2317479.482993197,Stable
6047,180634.16666666666,CLIFTON / ANDERSON,149246.83333333334,-31387.333333333314,-17.376188520997772,0.15384522572586984,164008.42222222223,Stable
6048,82186.16666666667,GOULBURN VALLEY HIGHWAY NEAR PRENTICE,86971.58333333333,4785.416666666657,5.822654664106072,0.1620099582043057,91166.30487804877,Stable
605,1410895.0833333333,HEATHERTON / POWER,1702563.75,291668.66666666674,20.67259785026539,0.1753535797186125,1534900.4081632653,Growth
6052,298087.5,NEW DOOKIE / WHEELER,298618.0,530.5,0.17796787855914792,0.15459186090512553,301207.8611111111,Stable
6053,256450.08333333334,VERNEY / PINE / SANTA ROSA,299994.5,43544.41666666666,16.979685130407116,0.28332417824910344,282698.13333333336,Volatile
606,883048.5,POWER / PAPERBARK / BOX,915759.4166666666,32710.916666666628,3.7043171090451574,0.10991752857807784,897841.3333333334,Stable
6064,197274.5,MAUDE STREETREET / VAUGHAN STREETREET,262047.41666666666,64772.91666666666,32.83390233743675,0.20780756092290922,251671.7288135593,Stable
6065,275160.1666666667,MIDLAND / CHARLES / WESTWOOD,343933.5833333333,68773.41666666663,24.99395806442428,0.17965773526999382,305669.7471264368,Stable
6066,396325.3333333333,BALACLAVA / NEW DOOKIE / VERNEY / HAWDON,518389.1666666667,122063.83333333337,30.798897538722407,0.17631494144588594,489750.2191780822,Stable
6067,254519.0,GOULBURN VALLEY HIGHWAY / SANCTUARY,324823.0833333333,70304.08333333331,27.62233205903422,0.18957004641354416,300191.3333333333,Stable
6068,458589.75,MIDLAND HIGHWAY / ZURCAS LA,395114.4166666667,-63475.333333333314,-13.841419991034105,0.13041191479809175,409864.9863945578,Stable
6069,383689.8333333333,ARCHER / WILMOT / POPLAR,422677.8333333333,38988.0,10.161332569406104,0.14537231383847535,424184.8292682927,Stable
607,874289.5,HEATHERTON / MATTHEW FLINDERS,806004.4166666666,-68285.08333333337,-7.81035152925128,0.11682512014784233,821681.9931972789,Stable
6070,327592.0,GVH / RIVERSIDE PLAZA ENTRANCE,363081.5,35489.5,10.83344526117854,0.10856199613773229,352593.4198473282,Stable
6071,276324.1666666667,GOULBURN VLY HIGHWAY NEAR MADELINE,298505.5,22181.333333333314,8.027286791781385,0.19665461330079445,297348.08510638296,Stable
6072,292722.0,GOULBURN VLY HIGHWAY NEAR GRANT,302441.4166666667,9719.416666666686,3.320357426727983,0.15563282902986736,304714.7021276596,Stable
6074,399891.4166666667,GVH / KIALLA LAKES,539632.0,139740.5833333333,34.94463184485287,0.15028261457471806,494531.0839160839,Stable
6075,597300.6666666666,GVH (WYNDHAM) / VAUGHAN,553992.8333333334,-43307.833333333256,-7.2505918292406495,0.11950204826046378,577658.9727891156,Stable
6077,438532.4166666667,GVH (WYNDHAM) / NIXON,554178.6666666666,115646.24999999994,26.37119756825273,0.2185416395429754,555643.2721088436,Stable
6078,700921.8333333334,MIDLAND HIGHWAY / FRYERS,708058.0,7136.166666666628,1.0181116249053868,0.09460165383766364,726877.2857142857,Stable
6079,441557.5,WELSFORD / FRYERS,496478.6666666667,54921.166666666686,12.43805544389274,0.19270241692856913,414515.5138888889,Stable
608,983217.4166666666,PRINCES HIGHWAY EAST / PAKENHAM / DUNCAN,1143283.9166666667,160066.50000000012,16.27986824548556,0.13776003108063847,1085992.857142857,Growth
6080,658613.6666666666,MIDLAND HIGHWAY / FLORENCE,611971.5833333334,-46642.083333333256,-7.081857801310925,0.16843113293964795,585960.9172413793,Stable
6081,711261.5,GVH / PINE / BRAUMAN,767888.0,56626.5,7.961417847022509,0.10887406761311613,790440.2448979592,Stable
6082,825812.0833333334,GVH (WYNDHAM) / MIDLAND(HIGH),496322.4166666667,-329489.6666666667,-39.89886722614961,0.16425464873134368,781217.7551020408,Decline
6083,650695.6666666666,GVH (WYNDHAM) / FRYERS,618229.5,-32466.166666666628,-4.989454875730431,0.12831872553690024,648748.5646258503,Stable
6085,577790.0,GVH (WYNDHAM) / KNIGHT,713632.4166666666,135842.41666666663,23.51069015847741,0.1692896003964864,705327.0136986302,Stable
6086,605761.5,GVH (WYNDHAM) / BALACLAVA,790990.8333333334,185229.33333333337,30.577930973383644,0.16488251492051162,733327.1224489796,Growth
6087,531058.0,GVH (WYNDHAM) NEAR FRASER,482360.75,-48697.25,-9.169855270045833,0.240197521647116,477098.60283687944,Stable
6088,599679.8333333334,GVH (WYNDHAM) / SOBRAON,551260.0833333334,-48419.75,-8.074266851839552,0.11000655029094786,587769.231292517,Stable
6089,692335.25,GVH / WILMOT / LONGSTAFF,771443.4166666666,79108.16666666663,11.426280355747686,0.1382093471554844,753155.0340136054,Stable
609,646318.4166666666,PRINCES HIGHWAY EAST NEAR DEVENEY,818175.0833333334,171856.66666666674,26.590092783214065,0.1404637920853184,758380.9591836735,Growth
6090,631567.9166666666,GVH (WYNDHAM) NEAR GUTHRIE,611625.75,-19942.166666666628,-3.1575648699697716,0.11612898478138656,618575.6129032258,Stable
6091,472700.4166666667,MIDLAND HIGHWAY / MAUDE,448617.5833333333,-24082.833333333372,-5.094734949285188,0.13320751604503947,449440.4013605442,Stable
6092,687282.25,MIDLAND HIGHWAY / CORIO,746217.4166666666,58935.16666666663,8.575103848043018,0.29078949631194384,774712.1156462585,Volatile
6093,854402.6666666666,MIDLAND HIGHWAY / ST GEORGES,900327.3333333334,45924.666666666744,5.375061251369387,0.1580942353756033,844343.8424657534,Stable
6094,665567.5833333334,MIDLAND HIGHWAY / ARCHER,723827.0833333334,58259.5,8.753356001538034,0.11136281047197791,706008.0408163265,Stable
6096,131901.91666666666,HAWDON NEAR REA (SHEPP HS),143180.33333333334,11278.416666666686,8.550608627749297,0.6219989364050927,177256.79411764705,Volatile
6097,555941.9166666666,MIDLAND HIGHWAY / WELSFORD,621335.9166666666,65394.0,11.762739602743274,0.20358071055083626,566221.0,Stable
6098,566376.9166666666,MIDLAND HIGHWAY(HIGH) / NORTH,457719.5,-108657.41666666663,-19.184647797116256,0.12218829565224713,559656.8367346938,Stable
6099,637569.6666666666,MIDLAND (HIGH) NEAR CORIO,599510.0,-38059.66666666663,-5.969491438582654,0.1389638802262156,638959.8452380953,Stable
610,730207.3333333334,PRINCES HIGHWAY EAST / TIVENDALE,798920.0,68712.66666666663,9.410021445963743,0.2966360390951588,819004.3469387755,Volatile
6101,597853.3333333334,MIDLAND / LOCKWOOD,596833.0,-1020.3333333333721,-0.17066616115435873,0.10505394827823619,599534.0204081633,Stable
6102,37703.333333333336,BELMORE BETWEEN ORR & PIPER,268189.8333333333,230486.49999999997,611.3159755989743,0.6411101466053379,207873.52083333334,Growth
611,1149370.4166666667,PRINCES HIGHWAY EAST / HOGS BREATH / GMH ENT,1302386.5833333333,153016.1666666665,13.313042031343958,0.13613996874667372,1321141.6258503401,Stable
612,997654.4166666666,PRINCES HIGHWAY EAST / MANSFIELD,1017985.4166666666,20331.0,2.0378800174041563,0.15044488409517728,973255.8775510204,Stable
6120,340381.4166666667,WANGARATTA (TONE) / SISELY,221529.25,-118852.16666666669,-34.91734884664924,0.17567732364186686,348466.1360544218,Stable
6121,659229.3333333334,WANGARATTA (RYLEY) / GRETA,578588.75,-80640.58333333337,-12.232553870984711,0.19312441550061046,606797.6223776224,Stable
6122,512939.3333333333,WANGARATTA (RYLEY) / WARBY,368227.25,-144712.0833333333,-28.21231945558214,0.135801645775059,523364.0909090909,Decline
6124,300187.0,WANGARATTA (MURPHY) / REID,455478.9166666667,155291.9166666667,51.73172611294517,0.2921095997284227,406056.97959183675,Growth
613,558591.1666666666,HEATHERTON / HANNA / FAWKNER,564866.5,6275.333333333372,1.123421512513482,0.13285529847582625,551239.2108843537,Stable
6138,366560.75,GVH / RIVERVIEW,632896.9166666666,266336.1666666666,72.65812465373519,0.21258608337726442,613145.3537414966,Growth
614,1546245.4166666667,MONASH / HEATHERTON (NB RAMPS),1379183.1666666667,-167062.25,-10.804381257934205,0.12548873426273788,1559450.2585034014,Decline
6142,210241.41666666666,FELLTIMBER CREEK BETWEEN BARTON & STEVENSON,256862.25,46620.83333333334,22.17490448480458,0.18650315036091045,259466.19736842104,Stable
6143,589697.8333333334,MELROSE STREETH OF LAWRENCE,473042.0833333333,-116655.75000000006,-19.782292456560388,0.2284342421417804,612235.7752808989,Stable
6144,443130.9166666667,MELROSE STREETH OF BROCKLEY,539357.5,96226.58333333331,21.71515904536112,0.19036893814684822,551748.8522727273,Stable
6145,238158.33333333334,OSBURN STREETREET / HAVELOCK STREETREET,278897.9166666667,40739.58333333334,17.106091885650308,0.15901110979806138,274002.94444444444,Stable
6146,8003.916666666667,MELROSE / VISY & UNCLE BENS,455939.0,447935.0833333333,5596.448613699543,0.4598215802705479,369808.31355932204,Growth
6148,213405.33333333334,SOUTH STREETREET / HOVELL STREETREET,270665.0833333333,57259.74999999997,26.83145219738337,0.17261359809334392,249514.0243902439,Stable
6149,402971.25,HIGH / ELGIN,423416.25,20445.0,5.0735629402842015,0.1606724811024794,430238.38383838383,Stable
6150,4167.75,HIGH / SOUTH,1349209.0,1345041.25,32272.5991242277,0.9354359536712624,827783.2827586207,Growth
6151,406968.9166666667,HIGH / OSBURN,305301.6666666667,-101667.25,-24.98157619326783,0.20721128184016818,370487.39,Stable
6152,1155959.4166666667,HUME FREEWAY / LINCOLN CAUSEWAY,1063851.6666666667,-92107.75,-7.968078175754872,0.1437259752274566,1065724.693877551,Stable
6154,868436.75,LINCOLN CWY / QUARRY ENTRY,950397.0833333334,81960.33333333337,9.437685972332858,0.19024665961951528,923611.0609756098,Stable
6155,2882.4166666666665,HIGH NEAR STANLEY,254745.25,251862.83333333334,8737.905114342711,1.4800086606417158,85077.39024390244,Growth
6158,6110.75,BEECHWORTH-WODONGA NEAR NILMAR,442898.8333333333,436788.0833333333,7147.863737402665,0.593675956090324,325798.46268656716,Growth
616,459626.5,POWER NEAR ACER,475926.5833333333,16300.083333333314,3.5463758798357605,0.1134984493087097,469211.5714285714,Stable
617,640975.6666666666,HALL / CADLES,764047.5833333334,123071.91666666674,19.200715887810627,0.14856060798751755,674832.1768707483,Stable
618,1385165.8333333333,PRINCES FREEWAY / CLYDE (NTH) EXIT,639423.5833333334,-745742.2499999999,-53.83775949811063,0.21432871190357977,1292185.0340136054,Decline
619,1822830.6666666667,PRINCES FREEWAY / CLYDE (STREETH) EXIT,757949.75,-1064880.9166666667,-58.419080616740416,0.23373714623655417,1786001.918367347,Decline
6196,362382.4166666667,MCIVOR HIGHWAY / ATLAS / LORDS RACEWAY ENTRANCE,438917.0,76534.58333333331,21.119839101832795,0.13576253570070718,409180.44137931033,Stable
6197,333406.9166666667,NOLAN BETWEEN BRIDGE & MIDLAND HIGHWAY,306991.5,-26415.416666666686,-7.922876025117461,0.10819744036427606,325343.20408163266,Stable
6198,439363.0,,483558.6666666667,44195.666666666686,10.059032432559565,0.11849745075961675,469961.6258503401,Stable
6199,503328.875,CHAPEL (MCIVOR HIGHWAY) / HARGREAVES,503328.875,0.0,0.0,0.3797086306496394,503328.875,Volatile
620,2124987.9166666665,FRANKSTON-DANDENONG / THOMPSONS,1932443.3333333333,-192544.58333333326,-9.060973091807774,0.19507223348536798,1968872.2176870748,Decline
6200,1535505.4166666667,MC IVOR / VIEW / MITCHELL,1514058.4166666667,-21447.0,-1.396738804514149,0.109055273492997,1610525.0,Stable
6201,774341.8333333334,PALL MALL (MC IVOR HIGHWAY) / WILLIAMSON,696933.8333333334,-77408.0,-9.996618633760153,0.10658739053031001,757460.3219178083,Stable
6203,845166.9166666666,MCCRAE (MIDLAND HIGHWAY) / CHAPEL (MCIVOR HIGHWAY),843791.5833333334,-1375.3333333332557,-0.16272919658965856,0.10918781735979864,863911.2448979592,Stable
6204,507625.8333333333,CHARLESTON / NOLAN,458875.6666666667,-48750.16666666663,-9.603562991770506,0.0985891422168126,491667.3605442177,Stable
6205,1039630.5833333334,MIDLAND HIGHWAY / NOLAN,1034496.75,-5133.833333333372,-0.49381322708619546,0.09848607113212268,1032283.6326530612,Stable
6206,385237.0833333333,STREETURT(DEAKIN) / SEVENTH,413269.0,28031.916666666686,7.276536418590722,0.16044774074239038,425189.0816326531,Stable
6207,749547.75,HIGH (MCIVOR HIGHWAY) / SHORT,659758.3333333334,-89789.41666666663,-11.979145647047387,0.15188054115656874,710176.4965986394,Stable
6208,338120.0,OLINDA / RUSSELL,340561.8333333333,2441.833333333314,0.7221795023463013,0.10638305065080395,338272.25850340136,Stable
621,902292.3333333334,DANDENONG VALLEY / MONTEREY / ELLIOTT,844287.8333333334,-58004.5,-6.428570636936957,0.1277234374381502,892102.6326530612,Stable
6211,415564.0,NORTHERN HIGHWAY / RUTLEDGE,474536.8333333333,58972.833333333314,14.191035155435339,0.12723178212971492,471381.8028169014,Stable
6214,496005.1666666667,NORTHERN HIGHWAY / WILLIAM,623669.5833333334,127664.41666666669,25.738525573154313,0.18092500546949858,559749.595890411,Stable
6216,430784.4166666667,CALDER / GOLDEN SQUARE - LONG GULLY,473990.5833333333,43206.16666666663,10.029649401198927,0.1114979176598662,462662.79591836734,Stable
6217,418797.1666666667,BARNARD / MERCY,466057.0,47259.833333333314,11.284659280168636,0.1085591278308145,449572.7808219178,Stable
6218,360198.0833333333,CALDER / EDWARDS,434583.3333333333,74385.25,20.651206500497295,0.21054299860565498,401145.1171171171,Stable
6219,169836.08333333334,NORTHERN HWY (NR CARDWELL ST),183727.5,13891.416666666657,8.179308185883146,0.1759985170097698,179817.24193548388,Stable
622,673755.0833333334,HULL NEAR MARION,1165984.25,492229.1666666666,73.0575811363699,0.3299133741081849,965014.6292134832,Growth
6220,465843.5833333333,MIDLAND HIGHWAY / TOMA CRT / WAVERLEY RD,560653.75,94810.16666666669,20.352360762008285,0.18991019020762415,501751.6771653543,Stable
6221,217834.08333333334,MIDLAND HWY BTW BURGOYNE AND STEPHENSON,293568.9166666667,75734.83333333334,34.76721005933798,0.2152108260899626,262279.6666666667,Stable
6222,400905.75,MC IVOR HIGHWAY NEAR PUTNAM,400905.75,0.0,0.0,0.35216375728191135,400905.75,Volatile
6223,757629.0,MCIVOR HIGHWAY / STERNBERG,712004.9166666666,-45624.08333333337,-6.021955776948001,0.10162725328113244,752110.0884353742,Stable
6224,623940.3333333334,MIDLAND HIGHWAY / SCOTT STREETREET,853370.1666666666,229429.83333333326,36.771117537414085,0.1632641969486813,792740.6847826086,Growth
6225,594909.5,MIDLAND HIGHWAY BTN GRACE ST & CAHILL ST,645363.5833333334,50454.08333333337,8.480967833482802,0.14216835748171955,646220.5344827586,Stable
6226,745611.4166666666,NORTHERN HIGHWAY NR CAMPASPE ESP,535492.75,-210118.66666666663,-28.18072014052896,0.18161757752602353,606505.7159090909,Decline
623,908827.8333333334,DORSET / EASTFIELD,722065.75,-186762.08333333337,-20.54977592932435,0.13317618880508933,826069.5102040817,Decline
6230,510176.1666666667,CALDER / LODDON VLY,503815.0833333333,-6361.083333333372,-1.2468405521360835,0.1013152663284668,523394.79591836734,Stable
6231,1076789.25,BARNARD ST NEAR WATERLOO,1106524.0,29734.75,2.7614270851979623,0.10078554950956123,1092554.2448979593,Stable
6232,445048.1666666667,LODDON VALLEY / CREETH,417267.3333333333,-27780.833333333372,-6.242208240381481,0.09624469304036883,435739.65986394556,Stable
6233,524737.0,CALDER HIGHWAY / IRONBARK RD,511091.6666666667,-13645.333333333314,-2.60041379459297,0.09852076913172991,524645.6666666666,Stable
6235,310233.3333333333,LODDON VALLEY / SANDHURST,334777.0833333333,24543.75,7.911383904587945,0.12328578943659146,341676.03401360544,Stable
6236,498934.1666666667,LODDON VALLEY / VICTORIA,444699.75,-54234.416666666686,-10.870054666530825,0.09926433219343433,482019.4761904762,Stable
624,625594.25,BAYSWATER / CENTRAL,611740.4166666666,-13853.833333333372,-2.214507779336746,0.12837283775140712,616874.5714285715,Stable
6243,1156148.1666666667,CALDER HWY ST MONICAS PRIMARY,1291867.75,135719.58333333326,11.738943783012811,0.22333245482207142,1301454.1320754718,Stable
6244,229162.5,NORTHERN HIGHWAY NR BARRACK ST,210579.75,-18582.75,-8.108983799705449,0.1888184624053089,231694.44680851063,Stable
6246,234263.25,MIDLAND HWY NEAR CHUTE STREET,234263.25,0.0,0.0,0.34195407735838645,234263.25,Volatile
6247,364138.9166666667,BENDIGO-REDESDALE ROAD / KAIRN ROAD,399495.0833333333,35356.16666666663,9.709527064648164,0.2676647955242592,384856.9259259259,Stable
6248,143325.0,,143325.0,0.0,0.0,0.11444941991952227,143325.0,Stable
6249,478363.5833333333,,515235.1666666667,36871.58333333337,7.707857499604128,0.415142215372657,458879.71428571426,Volatile
6250,355742.5,HOLDSWORTH / HOLMES / SANDHURST,411060.4166666667,55317.916666666686,15.54998817028235,0.11127440560069998,392235.36734693876,Stable
6251,238079.75,MIDLAND HIGHWAY (MCCRAE ST) NEAR TOMLINS ST,473199.5833333333,235119.8333333333,98.75675412685594,0.19664030865849522,456964.48979591834,Growth
6252,788516.8333333334,CALDER / TAYLOR / WESLEY,798942.9166666666,10426.083333333256,1.3222397915411135,0.10415340846118193,821028.4353741497,Stable
6253,866290.75,CALDER / LOCKWOOD / CAMP,931183.4166666666,64892.66666666663,7.49086454711269,0.13865594041604898,937410.6482758621,Stable
6254,690573.75,CALDER / LANSELL PLAZA,746893.1666666666,56319.41666666663,8.155452863168724,0.10745909363080845,761874.0544217688,Stable
6255,923563.6666666666,CALDER / OAK,953412.0,29848.333333333372,3.2318652639359686,0.12039354276581854,939074.0204081633,Stable
6256,867563.25,CALDER HIGHWAY / ALDER ST,659632.3333333334,-207930.91666666663,-23.9672342813814,0.12181080292244953,860230.6802721089,Decline
6257,823193.0833333334,CALDER HIGHWAY / THISTLE,746574.9166666666,-76618.16666666674,-9.307435669456659,0.10936930465623217,772704.9115646258,Stable
6258,763194.6666666666,CALDER HIGHWAY NEAR CAMP,764876.4166666666,1681.75,0.22035662373601494,0.09638716527056403,783297.5850340136,Stable
6259,757441.75,CALDER HIGHWAY[HIGH] / LAUREL,705827.25,-51614.5,-6.814319384956005,0.10007611718334262,744225.8707482993,Stable
626,664721.0833333334,BAYSWATER / EASTFIELD,814000.0833333334,149279.0,22.457389082864704,0.18327780829528703,748703.8435374149,Stable
6260,465096.25,GOLDEN SQUARE-LONG GULLY / SYMONDS,326447.4166666667,-138648.8333333333,-29.810782893505017,0.15383043277812117,430495.02040816325,Decline
6261,1034942.5,HIGH (CALDER HIGHWAY) / DON (CALDER) / MYRTLE,1004654.9166666666,-30287.583333333372,-2.926499137230655,0.10261023851317103,1018152.3945578231,Stable
6262,697152.0833333334,BARNARD / VIEW,747260.1666666666,50108.083333333256,7.1875397823884555,0.14733504107668396,747114.1496598639,Stable
6264,520765.25,IRONBARK / BARNARD / WATTLE,674769.0,154003.75,29.57258572840642,0.16873198893148988,588863.2653061225,Stable
6265,627629.9166666666,MCIVOR HIGHWAY NEAR VINE,572908.0833333334,-54721.833333333256,-8.718805761197638,0.3405252826888876,715542.6666666666,Volatile
6267,255272.16666666666,BENDIGO-REDESDALE RD AND TANNERY LANE,342721.0,87448.83333333334,34.257096837166614,0.1814816934858552,318314.78723404254,Stable
6268,334543.0,MURRAY VALLEY HIGHWAY / ELIZABETH STREET / ACCESS R…,359446.6666666667,24903.666666666686,7.444085414032482,0.17053591492672163,358829.46341463417,Stable
6269,501017.0,LUCAN / NOLAN,540317.9166666666,39300.91666666663,7.844228173228977,0.10154723907982592,514149.7482993197,Stable
627,148329.91666666666,CROYDON NEAR SURREY,202164.83333333334,53834.916666666686,36.294038233464946,0.2268904546741318,192347.64044943822,Stable
6270,247506.0,MITCHELL / HARGREAVES,404553.5,157047.5,63.451997123302064,0.18379980725289605,400144.0272108844,Growth
6271,257756.0,WILLS / EDWARDS,236834.5,-20921.5,-8.11678486630767,0.11937327543696566,242397.4081632653,Stable
6272,520917.5833333333,MITCHELL / WILLS / MYERS,521481.1666666667,563.5833333333721,0.10819049910487226,0.10469383528986785,517155.1360544218,Stable
6273,447255.0833333333,MITCHELL / QUEEN,447238.6666666667,-16.41666666662786,-0.0036705377486772432,0.12118567092577677,481988.14285714284,Stable
6274,424134.75,MITCHELL / MILLER / PYKE,407456.8333333333,-16677.916666666686,-3.932221226076545,0.2791690218852898,435513.9183673469,Volatile
6275,374821.25,SOMERVILLE / ELLIS,339508.5,-35312.75,-9.421224116829022,0.1245025383650082,358564.14965986396,Stable
6276,584831.6666666666,WILLIAMSON / MYERS,547926.3333333334,-36905.333333333256,-6.310419807408957,0.10125775377244504,552390.4489795918,Stable
6279,822464.25,STREETRATHFIELDSAYE / EDWARDS / CONDON,747266.0833333334,-75198.16666666663,-9.143031647474844,0.11610815045801261,786021.0952380953,Stable
628,835922.4166666666,DORSET / HULL / HEWISH,845864.3333333334,9941.916666666744,1.1893348555373404,0.11816408908563265,832958.7619047619,Stable
6280,676611.5,BARNARD / LUCAN / ARNOLD,748394.0,71782.5,10.609116161933398,0.11633975941465328,714319.3945578231,Stable
6283,291032.9166666667,MYERS-WILLS / ARTHUR,272506.4166666667,-18526.5,-6.365774776335437,0.13191783467092175,272693.6802721088,Stable
6284,538806.75,MYRTLE / WILLS-MYERS,474746.0833333333,-64060.666666666686,-11.889358599658726,0.10742908087904529,495762.5714285714,Stable
6285,607969.5,CALDER(DON) / BARNARD,586639.75,-21329.75,-3.5083585607501697,0.10870184969773522,585302.9047619047,Stable
6287,544843.75,MCIVOR / POWELLS / RESERVOIR,651530.4166666666,106686.66666666663,19.581149029729463,0.17856043973929694,606096.8095238095,Stable
6288,639131.5,MIDLAND HIGHWAY / NAPIER / LYONS,969935.3333333334,330803.8333333334,51.75833663859994,0.22440322439548965,793853.0,Growth
6289,596363.5,MYRTLE / HARGREAVES,1617555.25,1021191.75,171.23646064858093,0.7647519692446394,648372.7346938775,Growth
629,1368163.0,DORSET / MT DANDENONG,1333009.8333333333,-35153.166666666744,-2.5693697802576696,0.11876085010402626,1347934.931972789,Stable
6290,581236.4166666666,,777058.5833333334,195822.16666666674,33.690622447521015,0.1355340046096359,693623.2448979592,Growth
6291,555742.9166666666,CONDON / RESERVOIR,589437.6666666666,33694.75,6.063010249793257,0.13637334569234905,590552.2448979592,Stable
6292,598543.1666666666,MIDLAND HIGHWAY / POWELL,680107.0833333334,81563.91666666674,13.627073402391765,0.19203709593964802,620008.462585034,Stable
6293,570171.6666666666,MIDLAND HIGHWAY NEAR PLUMRIDGE,1085228.5,515056.8333333334,90.33364220717154,0.33377588670398417,831071.1768707483,Growth
6294,514182.0,BENDIGO - REDESDALE ROAD / MARNIE ROAD,603998.0,89816.0,17.467744884107184,0.13171340628768008,590869.2553191489,Stable
630,766796.1666666666,DORSET NEAR DUMOSA,728394.6666666666,-38401.5,-5.008045380160786,0.11849895414752482,737084.5918367347,Stable
6301,350741.0833333333,MIDLAND HIGHWAY(BARKER) / PYRENEES HIGHWAY(FOREST),398296.25,47555.166666666686,13.558482004650635,0.14364648645352526,390953.1951219512,Stable
6302,79399.33333333333,MIDLAND HIGHWAY / LYTTLETON,334589.25,255189.9166666667,321.400578510315,0.6269090981489821,248986.1958041958,Growth
6304,518321.6666666667,NORTHERN HIGHWAY / TAYLORS LANE,728914.5,210592.8333333333,40.62975693986681,0.18156136355298544,653414.6771653544,Growth
6305,383340.3333333333,WARRAGUL KORUMBURRA / ALFRED,523988.8333333333,140648.5,36.690243047735656,0.1446913067590338,490913.6857142857,Stable
6306,221162.33333333334,GISBORNE-KILMORE NEAR SUNBURY-RIDDELLS,247775.41666666666,26613.083333333314,12.03328023005725,0.17291777216925125,253331.75609756098,Stable
6307,420135.6666666667,DROUIN WARRAGUL / NORMANBY,619202.9166666666,199067.24999999994,47.381659257684205,0.1666475152543986,568188.052631579,Growth
6308,418583.3333333333,SWANHILL-SEALAKE RD / CAMPBELL ST,351002.75,-67580.58333333331,-16.145072665737604,0.15962113379658435,433032.2926829268,Stable
631,2080832.8333333333,DORSET / CANTERBURY,1647769.8333333333,-433063.0,-20.81200339895957,0.14192155028846934,1722187.857142857,Decline
6310,206631.16666666666,CAMPBELL NEAR MCCRAE,163257.33333333334,-43373.833333333314,-20.99094441222564,0.17122951328533967,180294.76377952757,Stable
6311,306672.0,MURRAY VALLEY HIGHWAY / CAMPBELL / BURKE,291007.0833333333,-15664.916666666686,-5.108036164588448,0.12477637441891423,304752.75294117647,Stable
6312,488940.8333333333,MURRAY VALLEY HIGHWAY / POWELL DRV,574772.0,85831.16666666669,17.554509833330215,0.23131201657504957,518109.79047619045,Stable
6313,485445.6666666667,NORTHERN HIGHWAY NEAR QUEEN ST,586722.5,101276.83333333331,20.862650609027988,0.1692224432210929,569664.3456790124,Stable
6318,204993.0,BARANDUDA BVD / JOHN SCHUBURT DRV / GLENWOOD BVD,213347.83333333334,8354.833333333343,4.075667624422953,0.27357834198814124,205099.05,Stable
6320,441963.75,NORTHERN / PAKENHAM,358848.3333333333,-83115.41666666669,-18.805935252985496,0.15153208222404238,429266.3237410072,Stable
6321,545799.6666666666,NORTHERN HIGHWAY / MURRAY HIGHWAY,512610.3333333333,-33189.333333333314,-6.080863613572498,0.12152396798145562,555556.1079136691,Stable
6324,13630.25,NORTHERN (OGILVIE) / HAVERFIELD,561433.1666666666,547802.9166666666,4019.0232509797447,0.6887511160446768,437926.4827586207,Growth
6325,1214523.0,MURRAY VALLEY HIGHWAY AND STURT ST,1043552.25,-170970.75,-14.07719326846836,0.14937887266793037,1100037.890625,Decline
633,692957.8333333334,DORSET / LINCOLN (SOUTH),640365.9166666666,-52591.916666666744,-7.58948295795777,0.12216492921806056,663797.8639455782,Stable
6330,408240.4166666667,NORTHERN NEAR BOURKE,395678.1666666667,-12562.25,-3.0771696008377414,0.134229305555938,412290.9137931034,Stable
6332,642739.0,NORTHERN / QUEEN,712817.25,70078.25,10.903064852140606,0.1445593459880114,649918.8503401361,Stable
6333,606679.4166666666,NORTHERN / WATSON,825787.0833333334,219107.66666666674,36.11588932265574,0.16262774542276445,733283.1972789116,Growth
6336,545730.0833333334,MIDLAND HIGHWAY / YOUNG / MORRELL,1156857.0,611126.9166666666,111.98336601381543,0.3783571878010662,835627.6258503401,Growth
6337,641488.5833333334,MIDLAND HIGHWAY / O'BRIEN,664827.0833333334,23338.5,3.638178543837426,0.10321430246723369,644370.1156462585,Stable
6338,666313.25,MIDLAND / ECHUCA-MOOROOPNA,597691.8333333334,-68621.41666666663,-10.29867208353828,0.13593220180466042,700911.6043165468,Stable
634,2150107.1666666665,MT DANDENONG / BAYSWATER / WICKLOW,2035626.6666666667,-114480.49999999977,-5.32440902364323,0.12978087809466254,2133528.2653061226,Stable
6340,105860.66666666667,,129046.33333333333,23185.666666666657,21.902059940424827,0.2523194532034198,111355.48979591837,Stable
6341,3842.25,ECHUCA-MOOROOPNA NEAR BAKER,362197.25,358355.0,9326.696597046002,0.6791906070153497,245504.0839160839,Growth
6350,513885.4166666667,,513885.4166666667,0.0,0.0,0.38781444719410046,513885.4166666667,Volatile
6352,305489.375,,305489.375,0.0,0.0,0.3650811503685019,305489.375,Volatile
6360,392278.6666666667,NORTHERN HWY / MCIVORS ROAD,392278.6666666667,0.0,0.0,0.25383603153728723,392278.6666666667,Stable
637,1055885.0833333333,MT DANDENONG / CIVIC,1013675.5,-42209.583333333256,-3.9975546581339545,0.13071436869429373,1014136.8503401361,Stable
638,737156.5833333334,MT DANDENONG NEAR RUSKIN,673859.3333333334,-63297.25,-8.586676349518232,0.12901630959007934,704344.5782312925,Stable
639,785152.25,MT DANDENONG / COLCHESTER,762249.9166666666,-22902.333333333372,-2.9169289565601284,0.12217816753509765,782203.4965986394,Stable
640,1470175.5,MT DANDENONG / MAIN,1217632.3333333333,-252543.16666666674,-17.17775644245648,0.13297848646288252,1362691.8095238095,Decline
6400,292891.3333333333,WESTERN HIGHWAY / WIMMERA HIGHWAY,420864.8333333333,127973.5,43.69316720421909,0.22704894180099314,301037.7074829932,Stable
6403,418264.0,WESTERN HIGHWAY / URQUHART (HORSHAM - KALKEE),330587.75,-87676.25,-20.961940305644283,0.13758904717344328,383403.48979591834,Stable
6404,365845.4166666667,WESTERN HIGHWAY / FIREBRACE,318342.0833333333,-47503.33333333337,-12.984536957207574,0.11895743230469485,337360.67346938775,Stable
6406,2515.75,SUNRAYSIA NEAR WALKER,110523.66666666667,108007.91666666667,4293.269071516115,0.728741560116526,78683.61940298507,Volatile
6407,332172.75,WESTERN / MCPRINCES HIGHWAY EASTRSON / HENTY,533561.25,201388.5,60.627640286567754,0.26272020387127254,358139.387755102,Growth
6408,618338.1666666666,WESTERN HIGHWAY / WILLIAMS / DUFF,632580.6666666666,14242.5,2.3033512676046466,0.11936209205563102,613627.8027210884,Stable
6409,451250.0833333333,WESTERN HIGHWAY / WAWUNNA,348178.6666666667,-103071.41666666663,-22.841306954513943,0.17896298424651697,372376.0680272109,Stable
641,562287.0,DORSET / LINCOLN (NORTH),541353.8333333334,-20933.166666666628,-3.722861575435076,0.11577903903413803,562633.3605442176,Stable
6411,213683.0,MVH / BUTCHER / BRIDLINGTON,350089.0833333333,136406.0833333333,63.83572082633307,0.40943824124190503,287889.4149659864,Volatile
6412,608663.6666666666,CALDER HIGHWAY (15TH ST) BIG W ENTRANCE,587071.75,-21591.916666666628,-3.5474298613739,0.34176118765029295,602834.2176870748,Volatile
6413,604284.0833333334,FIREBRACE / ROBERTS,229694.75,-374589.3333333334,-61.98894587245045,0.44492260248571414,442926.9387755102,Decline
6414,323106.6666666667,STURT HWY BTN CALDER HWY & PLANTATION ST,700676.4166666666,377569.74999999994,116.8560692031527,0.26170231925686704,628772.2929292929,Growth
6421,349433.9166666667,WILSON / FIREBRACE,273467.9166666667,-75966.0,-21.739732858406462,0.16743440918471955,310464.3605442177,Stable
643,371854.75,GLADSTONE NEAR JANICE,319372.0833333333,-52482.666666666686,-14.113754541703901,0.37384391802501027,285248.43537414965,Volatile
644,110917.25,CHANDLER NEAR ISAAC,423744.0833333333,312826.8333333333,282.03623271703304,0.36353509279105645,359331.5111111111,Growth
6440,588670.8333333334,STURT HIGHWAY (DEAKIN) / TWELFTH,524791.6666666666,-63879.166666666744,-10.85142375832562,0.14629523037825892,548839.1564625851,Stable
6442,756185.4166666666,STREETURT(DEAKIN) / EIGHTH,667668.0,-88517.41666666663,-11.70578203648245,0.1252750871286864,705236.2653061225,Stable
6443,536587.9166666666,STREETURT(DEAKIN) / NINTH,415271.8333333333,-121316.08333333331,-22.60879896195948,0.26868429854553133,452114.32653061225,Stable
6444,580868.6666666666,STREETURT(DEAKIN) / TENTH,562837.0,-18031.666666666628,-3.104258794013098,0.10401604909040257,579427.4285714285,Stable
6445,931374.6666666666,STREETURT(DEAKIN) / ELEVENTH,1006293.1666666666,74918.5,8.043862763427823,0.15983845904738234,1039878.4829931973,Stable
6447,644616.6666666666,STREETURT(DEAKIN) / THIRTEENTH,600490.0,-44126.66666666663,-6.845412001964986,0.13310368117934546,624610.7291666666,Stable
6449,655655.1666666666,STREETURT(DEAKIN) / FOURTEENTH,776475.5833333334,120820.41666666674,18.42743301801685,0.356082575919193,717716.1836734693,Volatile
6450,783329.5833333334,CALDER / SAN MATEO,606797.3333333334,-176532.25,-22.536139800669257,0.17684943367108313,716832.6530612245,Decline
6451,388369.75,CALDER HIGHWAY / KARADOC,402029.9166666667,13660.166666666686,3.5173096428510937,0.21512591138224818,403883.0273972603,Stable
6452,526618.75,,537051.9166666666,10433.166666666628,1.9811612607159597,0.11363154064773846,530884.6734693878,Stable
646,1154162.9166666667,STREETUD / CLOW,1088756.9166666667,-65406.0,-5.66696426089471,0.10203613338081088,1145657.2721088436,Stable
6461,327406.8333333333,CALDER / SANDILONG,346705.8333333333,19299.0,5.894501285607459,0.10772908567596179,338529.1088435374,Stable
648,968537.3333333334,MCCRAE / FOSTER,884411.0833333334,-84126.25,-8.68590679003253,0.11476229797096435,941858.1088435374,Stable
649,617777.1666666666,WALKER / THOMAS,614839.3333333334,-2937.8333333332557,-0.47554903156827405,0.1667874848111045,633755.1338028169,Stable
650,726961.0,CHELTENHAM / FOSTER / THOMAS,746374.4166666666,19413.416666666628,2.67048943019868,0.1360017291522586,777315.4761904762,Stable
651,799998.5,CHELTENHAM / HAMMOND,558765.0833333334,-241233.41666666663,-30.15423362252137,0.18497839522552723,699325.0680272109,Decline
653,362125.6666666667,GLADSTONE NEAR GLADSVILLE,155364.33333333334,-206761.33333333334,-57.09656960705169,0.6131126504549508,235911.26530612246,Decline
654,382866.5833333333,GLADSTONE NEAR O'MALLEYS,341775.9166666667,-41090.66666666663,-10.732372177514394,0.13406933517833075,361370.43537414965,Stable
655,523681.6666666667,HAMMOND / KIRKHAM,512892.0,-10789.666666666686,-2.060348366851367,0.17638644009962565,509085.32653061225,Stable
656,973017.0,HEATHERTON / CHANDLER,1223669.0833333333,250652.08333333326,25.76029846686474,0.1455644267194646,1096079.9387755103,Growth
657,1032960.1666666666,HEATHERTON / GLADSTONE,1093623.5,60663.33333333337,5.872765987588102,0.11575838879224432,1058816.4421768708,Stable
658,344741.1666666667,JACKSONS NEAR JUSTIN,41784.25,-302956.9166666667,-87.87952990818717,0.5442242963894461,273422.5,Decline
659,1246516.25,POLICE / JACKSONS,1453023.5,206507.25,16.566751536532315,0.13727892832243271,1340176.6802721089,Growth
660,1435884.8333333333,STREETUD ROAD / HERBERT STREET,1020326.6666666666,-415558.1666666666,-28.940912043897672,0.16930417070175446,1091223.387755102,Decline
6600,169656.25,,197880.08333333334,28223.833333333343,16.63589365751827,0.1863333075671421,190538.5487804878,Stable
6601,658647.1666666666,HAWDON NEAR KNIGHT,673240.9166666666,14593.75,2.215715900496042,0.18034054965775848,673516.0625,Stable
661,1436877.5833333333,STREETUD / HEATHERTON,1483102.5833333333,46225.0,3.217045107820888,0.1502018641953393,1484499.1156462585,Stable
6610,79862.25,PRINCES WAY NR SCHOOL ROAD,46279.0,-33583.25,-42.05146987469048,0.6588317210587714,103276.27777777778,Volatile
6611,699941.5833333334,QUEEN STREET / NAPIER STREET,811683.0,111741.41666666663,15.964391790314874,0.1870654721737636,783933.6710526316,Stable
6614,309916.3333333333,BURKE / COLEMAN,271587.5833333333,-38328.75,-12.367450785104369,0.1272153417525391,278523.2517006803,Stable
6615,402588.1666666667,DROUIN-WARRAGUL NEAR LATROBE,409408.75,6820.583333333314,1.6941837585058956,0.0961077847130929,410996.89795918367,Stable
6616,1724108.5833333333,PRINCES HIGHWAY EAST NEAR LOCH,1790533.1666666667,66424.58333333349,3.852691412562337,0.11840495998132484,1856457.5782312925,Stable
662,1329243.0,STREETUD / BRADY,1388357.3333333333,59114.333333333256,4.447217952874926,0.11555070216413521,1362104.1360544218,Stable
6620,158718.33333333334,BRANDY CREEK / ALBERT,158718.33333333334,0.0,0.0,1.027298693826172,158718.33333333334,Volatile
663,789349.5833333334,HEATHERTON / JAMES,891196.9166666666,101847.33333333326,12.902690453479885,0.1231832924174744,850552.6394557824,Stable
6630,16054.0,PRINCES HIGHWAY EAST NEAR CONTINGENT,1278235.75,1262181.75,7862.101345459076,0.6848381797882938,879090.151724138,Growth
6631,635255.8333333334,PRINCES HIGHWAY EAST / SHADY CREEK / RAILWAY / ROLL…,865657.1666666666,230401.33333333326,36.26906220197373,0.1865849847122929,777235.5034965035,Growth
6632,703800.6666666666,MIDLAND HIGHWAY / KIDSTOWN ACCESS,719525.25,15724.583333333372,2.2342381981261794,0.13820303547007035,734386.1098901099,Stable
6634,649562.1666666666,BREED ST BETWEEN SEYMOUR ST & HOTHAM ST,775668.25,126106.08333333337,19.41401297745944,0.27211269029795343,752375.38,Stable
664,1269836.1666666667,FRANKSTON-DANDENONG / GREENS,1180696.0833333333,-89140.08333333349,-7.019809773360539,0.1238704821795615,1248183.2653061224,Stable
6641,405902.1666666667,MOE-GLENGARRY / OLLERTON,372852.1666666667,-33050.0,-8.14235614246947,0.09547998000915445,388948.65986394556,Stable
6643,430132.5,MOE-GLENGARRY / DINWOODIE,391512.5833333333,-38619.916666666686,-8.978609304497262,0.11165667914746387,405441.0680272109,Stable
6644,347200.1666666667,,344845.1666666667,-2355.0,-0.6782830845415301,0.3151359618214489,329540.64285714284,Volatile
6645,322302.1666666667,MOE-GLENGARRY(JOHN FIELD) / SHANAHAN,333360.9166666667,11058.75,3.4311745758250667,0.12558080686957648,344201.3467741936,Stable
6647,218554.5,MOE-GLENGARRY(JOHN FIELD) / OLD SALE,193588.16666666666,-24966.333333333343,-11.423390199393443,0.18728237601551642,204065.81415929203,Stable
6648,148108.91666666666,,144598.5,-3510.416666666657,-2.370158897703092,0.14663978997910412,149134.79545454544,Stable
6649,463350.1666666667,BASS HIGHWAY / KORUMBURRA-WONTHAGGI ROAD,531886.75,68536.58333333331,14.791530955170328,0.16508018573496594,507311.0111111111,Stable
665,970150.4166666666,HAMMOND / GREENS,925623.9166666666,-44526.5,-4.589649113689845,0.12077574300096375,964344.2176870748,Stable
6651,191148.91666666666,,191148.91666666666,0.0,0.0,0.2562378967196548,191148.91666666666,Stable
6652,705363.9166666666,PRINCES HIGHWAY / KOSCIUSZKO STREE,716570.6666666666,11206.75,1.5887898055460026,0.1774882355648748,734859.6097560975,Stable
6654,367850.9166666667,PRINCES / VINCENT,329228.25,-38622.666666666686,-10.499543406511384,0.10003867522112611,344068.60544217686,Stable
6655,227466.66666666666,TRARALGON / JANE (RAIL O / PASS),254882.41666666666,27415.75,12.052645076201642,0.11730165902483077,240622.25170068027,Stable
6656,842975.0833333334,PRINCES HIGHWAY / VILLAGE,899444.4166666666,56469.333333333256,6.698814051542241,0.11518819378890126,878021.4285714285,Stable
6657,187729.0,MORWELL-THORPDALE / COMMERCIAL,237073.91666666666,49344.91666666666,26.28518591515784,0.14922052577923725,233725.72108843538,Stable
666,595186.4166666666,JACKSONS NEAR AHERN,580243.8333333334,-14942.583333333256,-2.5105719678582368,0.13329333295981652,558649.0476190476,Stable
6660,490960.25,MORWELL-TRARALGON / MCDONALD,749691.25,258731.0,52.69897104704505,0.1910480783757602,794907.9591836735,Growth
6661,832338.9166666666,MORWELL-TRARALGON NEAR BRIDLE,751400.3333333334,-80938.58333333326,-9.724233928346687,0.1188227240588745,849197.3142857143,Stable
6664,179455.83333333334,MONASH WAY / GEORGINA,200792.0,21336.166666666657,11.889369250558394,0.16051891813088298,202309.79268292684,Stable
6665,189002.41666666666,MORWELL-TRARALGON / CHURCH,173264.75,-15737.666666666657,-8.326701289974682,0.1055590182892726,180989.25850340136,Stable
667,553546.5833333334,HAMMOND / WEBSTER,255093.83333333334,-298452.75,-53.91646502500015,0.24862183610349164,445807.02040816325,Decline
6670,373802.1666666667,MORWELL-TRARALGON / MONASH WAY,441700.9166666667,67898.75,18.164354317546756,0.15842917333554485,445496.5352112676,Stable
6671,225069.91666666666,PRINCES HIGHWAY EAST EXIT RAMP (EAST BOUND) / MONAS…,247706.58333333334,22636.666666666686,10.057615429871985,0.18928778474951544,242254.05384615384,Stable
6672,221018.08333333334,PRINCES HIGHWAY EAST ON RAMP (WEST BOUND) / MONASH…,233783.83333333334,12765.75,5.775884854067371,0.14413634454874508,229586.71212121213,Stable
6673,431057.8333333333,MORWELL-TRARALGON / BRIDLE / CENTRE VALLEY,454142.1666666667,23084.333333333372,5.355275220223746,0.13973573906213854,465248.1360544218,Stable
6675,696387.0833333334,MORWELL-TRARALGON / ALEXANDER TRAMWAY,818050.0833333334,121663.0,17.470599744275365,0.1669713036698502,843661.2925170067,Stable
6676,243068.33333333334,PRINCES HIGHWAY EAST NEAR HOBSON,280386.0,37317.66666666666,15.352747169863065,0.20102351889037534,287279.7926829268,Stable
6677,32489.416666666668,BASS HIGHWAY / STANLEY,463545.8333333333,431056.4166666666,1326.7594832163293,0.6561512017912023,330339.4928571429,Growth
6678,266650.8333333333,BASS HIGHWAY / DONMIX SANDS / INCITEC PIVOT ENTR,292323.4166666667,25672.583333333372,9.627790400055018,0.2593555893833068,395672.89795918367,Stable
6679,262272.25,STH GIPPS'D HIGHWAY NEAR RADOVICK,704681.6666666666,442409.4166666666,168.68327345598578,0.5458043704884229,347550.7804878049,Growth
668,772891.4166666666,CHELTENHAM / BENNET,689003.9166666666,-83887.5,-10.853723846719737,0.12336343867981188,750775.3129251701,Stable
6681,448115.3333333333,BASS HIGHWAY / GRANTVILLE-GLEN ALVIE / PIER,474858.5,26743.166666666686,5.967920460952765,0.20768384985208152,469394.1842105263,Stable
6685,977160.1666666666,PRINCES HIGHWAY EAST / BREED TRARALGON,899215.25,-77944.91666666663,-7.976677654857328,0.1221156625056828,969546.4217687075,Stable
6686,645088.3333333334,PRINCES HIGHWAY EAST / FRANKLIN TRARALGON,662819.4166666666,17731.083333333256,2.748628740766756,0.11754658335804069,663909.6462585034,Stable
6688,850450.1666666666,PRINCES HIGHWAY EAST / GREY TRARALGON,868100.9166666666,17650.75,2.075459643823928,0.12882035018098503,865576.6438356164,Stable
6689,840231.1666666666,PRINCES HIGHWAY EAST / TRARALGON-MAFFRA / EASTERN RD,980513.75,140282.58333333337,16.695712905991947,0.18493015431517776,955523.4829931973,Stable
669,505277.9166666667,CLOW / WALKER,468741.6666666667,-36536.25,-7.2309215967780105,0.1673500351189324,492404.39455782314,Stable
6690,406067.8333333333,SEYMOUR / FRANKLIN,393000.0833333333,-13067.75,-3.2181199610738274,0.16753829238502238,404422.625,Stable
6691,680380.1666666666,PRINCES HIGHWAY EAST NEAR LAFAYETTE,650161.75,-30218.416666666628,-4.441401755538136,0.1031922243540804,686740.693877551,Stable
6692,771860.6666666666,PRINCES HIGHWAY EAST / SEYMOUR TRARALGON,725657.5,-46203.16666666663,-5.985946513662651,0.10982165751310233,746453.9727891156,Stable
6695,1121200.5,PRINCES HIGHWAY EAST / LIDDIARD TRARALGON,911367.5833333334,-209832.91666666663,-18.71502168137337,0.14683767415316892,1018499.8571428572,Decline
6697,692665.75,PRINCES HIGHWAY / ASHBY,942921.1666666666,250255.41666666663,36.12931874669228,0.18111613599668278,849732.5633802817,Growth
670,1194467.75,CHELTENHAM / CHANDLER,1155652.0,-38815.75,-3.249627292155858,0.13516359511197767,1185704.380952381,Stable
6701,2813.75,STH GIPPS'D HIGHWAY NEAR YARRAM,284025.5833333333,281211.8333333333,9994.201095809269,0.391291360368447,311114.1052631579,Growth
6702,729714.75,STH GIPPSLAND HWY / NERRENA RD / LONG ST,854762.8333333334,125048.08333333337,17.136570602873707,0.1425695294320151,846200.6173913043,Stable
6705,286877.4166666667,,287407.6666666667,530.25,0.1848350442363739,0.26238607402880804,286723.35,Stable
671,1068440.6666666667,STREETUD / DAVID,989150.8333333334,-79289.83333333337,-7.421079691837516,0.13373335150156365,1050559.6054421768,Stable
6723,234881.16666666666,OLD DOOKIE / ANDREW FAIRLEY / LOCKWOOD / SPC,247469.83333333334,12588.666666666686,5.359589636461567,0.2275759076281803,249200.66666666666,Stable
674,2104292.75,PRINCES HIGHWAY EAST (LONSDALE) / SCOTT / LANGHORNE,1503685.5833333333,-600607.1666666667,-28.541996671644988,0.1726704067580456,1793727.6258503401,Decline
676,486570.75,GLADSTONE / BRADY,420466.5,-66104.25,-13.585742669488457,0.13735027976869243,452552.51020408166,Stable
678,1391509.75,HIGH / MANNINGHAM,1466539.6666666667,75029.91666666674,5.391979227358395,0.14808278761106117,1353641.9591836734,Stable
679,347918.4166666667,JAMES NEAR ANDERSON,162808.0,-185110.4166666667,-53.205121602981166,0.3147412816643781,341816.243902439,Decline
680,1267656.3333333333,MANNINGHAM / THOMPSONS,1383464.5,115808.16666666674,9.135612201940123,0.1586247559059564,1235182.9863945579,Stable
6801,333457.5833333333,HOPKINS HIGHWAY / WOLLASTON ROAD,350562.1666666667,17104.583333333372,5.129462992669494,0.17078113991247262,346006.3095238095,Stable
6802,453531.0,PRINCES HIGHWAY WEST / ROONEYS ROAD,489123.4166666667,35592.416666666686,7.8478464904640886,0.16620838842658936,492247.296875,Stable
6803,349043.9166666667,PRINCES HIGHWAY WEST / LINDSAY STREET,333155.8333333333,-15888.083333333372,-4.551886617896947,0.15625938130743283,367013.08661417325,Stable
6805,257239.41666666666,LAVA STREET BTN KEPLER ST & LIEBIG ST,264747.8333333333,7508.416666666657,2.9188437619558654,0.30391471044612695,242480.54411764705,Volatile
6809,75846.41666666667,COMMERCIAL NEAR HIGH,260952.41666666666,185106.0,244.05371820466138,0.3820548559295618,209283.9568965517,Growth
681,735579.1666666666,FOOTE / HIGH,678094.75,-57484.41666666663,-7.81485110938659,0.1888952240952024,695574.4761904762,Stable
6810,7520.333333333333,PHW NEAR REGENT,429275.4166666667,421755.0833333334,5608.196666814415,0.6467026441624116,312677.19847328245,Growth
6811,214868.41666666666,LIEBIG NEAR LAVA,484583.4166666667,269715.0,125.52566085988286,0.42622906008709405,401405.76271186443,Growth
6812,1078736.8333333333,PHW / BANYAN,941317.9166666666,-137418.91666666663,-12.738873135724635,0.13962906910952308,1042930.306122449,Decline
6813,942614.5,PHW (RAGLAN ) / KING / HENNA,890288.5,-52326.0,-5.551155854275528,0.10083945747674129,931774.8299319728,Stable
6814,386298.75,HOPKINS HIGHWAY / HAYLEY / NORTHPOINT SC,440814.1666666667,54515.416666666686,14.112242575640405,0.19263405743759413,410364.8548387097,Stable
6815,754652.1666666666,PHW (RAGLAN PDE) / FAIRY / JAMIESON,774499.3333333334,19847.166666666744,2.6299754434327793,0.1025005254763393,777447.7551020408,Stable
6816,182276.16666666666,PERTOBE NEAR PARK ENT,208582.58333333334,26306.416666666686,14.43217571871255,0.2715416886182976,208039.60655737706,Stable
6817,822696.9166666666,PHW(RAGLAN) / KEPLER,824471.25,1774.3333333333721,0.21567278269650808,0.1237953963631339,838557.8571428572,Stable
6818,995665.8333333334,PHW(RAGLAN) / LIEBIG,952923.25,-42742.58333333337,-4.292864322785677,0.10522433913922907,957700.1496598639,Stable
6819,562224.8333333334,PHW(RAGLAN PDE) / CARAMUT / WALSH,581012.0833333334,18787.25,3.341590211982217,0.13738403559812573,575468.8881118881,Stable
682,734853.0833333334,MANNINGHAM / GRANT OLSEN,688642.1666666666,-46210.916666666744,-6.288456524813303,0.14982721591052414,699333.2517006802,Stable
6820,687473.8333333334,PHW / K-MART ENTRANCE,734284.6666666666,46810.833333333256,6.809107643612121,0.12756478723818757,706681.081632653,Stable
6821,577670.3333333334,PHW / SIMPSON / GLENROWE,606416.6666666666,28746.333333333256,4.976252314613108,0.15421361961436814,570287.7006802721,Stable
6822,469781.9166666667,PHW / MAHONEYS / HORNE,569114.6666666666,99332.74999999994,21.144438829151742,0.17273941084130498,528854.3537414966,Stable
6823,218970.75,KOROIT NEAR LIEBIG & KEPLER,183354.33333333334,-35616.41666666666,-16.265376387789992,0.1791487724049419,195821.52,Stable
6824,221743.41666666666,PERCY / HENTY,253922.0,32178.583333333343,14.511629619969932,0.19115500271227082,252501.28205128206,Stable
6825,193280.16666666666,CAPE NELSON / MUST,199962.83333333334,6682.666666666686,3.4575025373357082,0.16310100976044464,210353.7894736842,Stable
6827,564580.75,PHW (RAGLAN PDE) / MORRISS,573195.4166666666,8614.666666666628,1.5258520002084073,0.10188213286832884,571907.5578231292,Stable
6828,623647.4166666666,PHW (RAGLAN PDE) / LAVEROCK,618524.9166666666,-5122.5,-0.8213775705797441,0.12250487583639316,621404.2191780822,Stable
683,1846606.0833333333,,1508151.75,-338454.33333333326,-18.32845328454593,0.154610553582349,1807700.496,Decline
6830,141523.91666666666,MERRI NEAR KEPLER,177142.5,35618.58333333334,25.167889761860046,0.1547373858750672,174566.40322580645,Stable
6831,438115.4166666667,MC MEEKIN / ALBERT / KOROIT,443807.25,5691.833333333314,1.2991629869222012,0.29054410095643846,437211.45967741933,Volatile
685,506266.75,TEMPLESTOWE / SHEAHANS,372670.3333333333,-133596.4166666667,-26.38854253546509,0.16478573446712808,450158.25850340136,Decline
686,2050279.75,MANNINGHAM / BULLEEN,1691762.9166666667,-358516.83333333326,-17.486239784270087,0.15567285846516976,1833293.931972789,Decline
687,959773.4166666666,WILLIAMSONS / GEORGE,924514.25,-35259.16666666663,-3.6736969428808717,0.1454441928942639,911421.8095238095,Stable
690,965771.0,THOMPSONS NEAR JEFFREY,996924.1666666666,31153.166666666628,3.225730185175019,0.18211699619247307,1016934.9024390244,Stable
691,1079876.5,WILLIAMSONS / LYNNWOOD / KING,1200574.8333333333,120698.33333333326,11.177049721272132,0.14187791659355234,1107408.7823129252,Stable
692,629624.6666666666,VICTORIA / GEORGE,179270.58333333334,-450354.08333333326,-71.5273888041235,0.39622894783510215,507608.4285714286,Decline
693,876504.9166666666,THOMPSONS NEAR WARATAH,1071033.1666666667,194528.25000000012,22.19362907167569,0.19943631941055281,969226.2926829269,Growth
694,247820.75,WARRANDYTE NEAR MELBOURNE HILL,227267.75,-20553.0,-8.293494390602886,0.132986909347836,234520.21088435373,Stable
695,380165.6666666667,YARRA NEAR WHIPSTICK,329661.75,-50503.916666666686,-13.284712717350422,0.12218407233577255,350400.7551020408,Stable
696,1476708.5,WETHERBY NEAR ROSS,1645923.75,169215.25,11.458947381964688,0.1309197494759779,1523511.0272108843,Growth
697,488028.0,FOOTE NEAR ELISA,564878.4166666666,76850.41666666663,15.747132678179659,0.1835454684713946,483893.231292517,Stable
698,1159145.25,BLACKBURN / REYNOLDS,1159224.0833333333,78.83333333325572,0.006800988343199933,0.13584555727038178,1156850.9863945579,Stable
700,1465449.8333333333,WILLIAMSONS / FOOTE,1881343.5,415893.66666666674,28.37993203224631,0.31994327773429404,1452381.7191780822,Growth
701,622131.8333333334,HALL / LYREBIRD,741504.4166666666,119372.58333333326,19.187666815527564,0.16081537294507697,662925.9115646258,Stable
702,879090.75,DANDENONG-FRANKSTON / EXCELSIOR,850094.6666666666,-28996.083333333372,-3.298417522119687,0.14371800370954396,834183.074829932,Stable
703,754736.0,REYNOLDS / THE PINES SHOPPING CENTRE,875104.5833333334,120368.58333333337,15.948435391094817,0.17681478889850707,781524.1768707483,Stable
704,770179.6666666666,REYNOLDS / ANDERSON CREEK,878258.75,108079.08333333337,14.032970229024489,0.13955529378261372,804541.1496598639,Stable
7047,10353.75,SWALLOW / LIGHT RAIL CROSSING,73636.33333333333,63282.58333333333,611.2044750291763,0.5688143197001375,66242.69230769231,Volatile
705,1000033.5833333334,MANNINGHAM / AYR,1106375.1666666667,106341.58333333337,10.633801214842538,0.16517021240148194,965752.6666666666,Stable
706,431886.4166666667,HIGH / LYNNWOOD,448267.3333333333,16380.916666666628,3.7928760976313702,0.14515657463968465,444721.3605442177,Stable
707,322751.5,WARRANDYTE - RINGWOOD / FALCONER,563186.25,240434.75,74.495316055851,0.25508186731691246,476486.25850340136,Growth
708,853370.1666666666,BLACKBURN / ANDERSON CREEK,805565.5833333334,-47804.583333333256,-5.601857810434345,0.12668423866833664,824543.4557823129,Stable
709,997731.25,EASTERN FREEWAY RAMP / THOMPSONS,940076.5,-57654.75,-5.778585165093306,0.15574835738713783,946489.0204081633,Stable
710,1089717.5,STUD / MONASH FREEWAY RAMPS (NORTH),1490129.1666666667,400411.66666666674,36.74453853101072,0.16493662751418584,1406600.9795918367,Growth
711,908767.4166666666,MAIN / WATTLETREE / PARK WEST,933075.0,24307.583333333372,2.6747859669631318,0.1482549775637989,938117.4013605443,Stable
712,1050237.5,MAIN / BOLTON,1392384.9166666667,342147.41666666674,32.57809939815201,0.1840371823238428,1155728.149659864,Growth
713,910236.1666666666,MAIN / DIAMOND / CECIL,808668.25,-101567.91666666663,-11.158413649790884,0.12470653274246805,861764.1020408163,Stable
714,900242.1666666666,MAIN / DUDLEY,788146.25,-112095.91666666663,-12.45175140837104,0.11953966167895183,839581.6802721089,Stable
715,826131.0,MAIN / BRIDGE - ELTHAM,721144.1666666666,-104986.83333333337,-12.708254905497235,0.12873131650552744,772693.8979591837,Stable
716,703087.5,MAIN NEAR PROSPERITY,704704.4166666666,1616.9166666666279,0.22997374674796917,0.14639186441676685,677869.5034013606,Stable
717,1277295.75,MAIN NEAR PRYOR,1215615.0833333333,-61680.666666666744,-4.829004298077931,0.11373718076337659,1279317.9115646258,Stable
718,741242.75,MAIN / PANORAMA / GRAND,710608.6666666666,-30634.083333333372,-4.132800399509253,0.14113179591981595,692102.8231292517,Stable
719,885284.0833333334,MAIN / PARA,847630.8333333334,-37653.25,-4.253239237988484,0.18479623424933622,816182.1224489796,Stable
720,525914.3333333334,PARA NEAR DOBSON,697872.6666666666,171958.33333333326,32.69702353298349,0.1703992265651593,587147.5238095238,Growth
721,463714.1666666667,MOUNTAIN VIEW / SHERBOURNE,387398.6666666667,-76315.5,-16.45744415112039,0.2145090254897859,493538.6530612245,Stable
723,1200365.5,BURWOOD HIGHWAY / STATION,1071538.75,-128826.75,-10.732293622234227,0.1261298702381261,1116293.224489796,Decline
724,875570.0,SHERBOURNE NEAR OUTLOOK,612111.4166666666,-263458.5833333334,-30.08995092720552,0.18749437485998524,824523.380952381,Decline
725,2787652.9166666665,FITZSIMONS LANE / PORTER STREET / WILLIAMSONS ROAD,1943905.6666666667,-843747.2499999998,-30.26729923784449,0.26597597196697503,2376821.0625,Decline
727,632858.9166666666,GREENS / LANYON,605374.3333333334,-27484.583333333256,-4.342924245754077,0.1123807150768881,632308.0612244898,Stable
728,882593.0833333334,DAVEY / YOUNG,795896.6666666666,-86696.41666666674,-9.822920471938899,0.1359198720178694,821788.8775510204,Stable
729,755791.6666666666,FRANKSTON-DANDENONG / KLAUER,720088.3333333334,-35703.333333333256,-4.723964937427632,0.11376433031029351,763170.4149659864,Stable
730,365926.75,BEACH / YOUNG / DANDENONG,361170.75,-4756.0,-1.2997136722035216,0.18364771202263355,341274.72789115645,Stable
731,1779801.4166666667,CRANBOURNE / MOOROODUC / FRANKSTON FREEWAY,2003583.75,223782.33333333326,12.573443938057316,0.13919016809982532,1886048.0340136054,Growth
733,1219428.9166666667,FRANKSTON-DANDENONG / SEAFORD / BALLARTO,1077226.4166666667,-142202.5,-11.66140133766168,0.11279344226890067,1188541.7823129252,Decline
734,735446.0,FRANK-DAND NEAR BAWDEN,715177.5,-20268.5,-2.7559467316431117,0.11134227893524216,705801.1768707483,Stable
735,1097703.0833333333,FRANKSTON-DANDENONG / SKYE / OVERTON / WELLS,986328.25,-111374.83333333326,-10.14617112991316,0.21896878038714596,957588.4557823129,Stable
737,1965234.5833333333,MOOROODUC / GOLF LINKS / TOWERHILL,2132371.25,167136.66666666674,8.504667487744788,0.1290566239003758,2032478.4013605441,Growth
738,1050206.3333333333,FRANK-FLIND / MCMAHONS(MOOROODUC / HASTINGS),1180601.8333333333,130395.5,12.416179169871064,0.1388823783998473,1118258.7074829931,Stable
739,385464.25,RAILWAY / STREETATION / MCKENZIE,365752.75,-19711.5,-5.113703800028148,0.12401306171986752,373278.20408163266,Stable
740,398951.25,WELLS NEAR MCCULLOCH,233349.0,-165602.25,-41.50939494487108,0.2736923137974639,305392.3537414966,Decline
741,801992.5833333334,YOUNG / STREETATION,279912.0,-522080.5833333334,-65.09793159974151,0.6020609363872359,395299.0680272109,Decline
742,533489.0,SEAFORD / HARTNETT,509472.8333333333,-24016.166666666686,-4.50171731125978,0.11102960485514585,514617.19727891154,Stable
743,1003937.5833333334,MOOROODUC HIGHWAY / HEATHERHILL,1078629.0,74691.41666666663,7.439846650493124,0.15161746727862108,1025764.2176870748,Stable
744,1508387.5833333333,CRANBOURNE / MCCLELLAND,1564004.25,55616.666666666744,3.6871602021385916,0.10925822419120841,1572854.469387755,Stable
745,722357.9166666666,DAVEY / BAXTER / HASTINGS,615378.5,-106979.41666666663,-14.809752090809086,0.15781802392282204,686903.1836734693,Stable
746,935545.5833333334,CRANBOURNE NEAR WATTLE TREE,849320.0,-86225.58333333337,-9.216609523836675,0.11492578021336075,868742.0204081633,Stable
747,1213838.5833333333,CRANBOURNE / KARINGAL HUB ENT,1247307.4166666667,33468.83333333349,2.757272160638066,0.1606182004219927,1169040.0272108843,Stable
748,389396.25,FLETCHER / BEACH / RAILWAY,380187.5833333333,-9208.666666666686,-2.3648575626156356,0.15798535776953346,390808.07482993195,Stable
749,1054209.0,FRANKSTON-DANDENONG / O'GRADYS,1263083.5833333333,208874.58333333326,19.81339405500553,0.13373981666440407,1150135.9387755103,Growth
750,509152.0833333333,CRANBOURNE / PLAYNE,513645.5833333333,4493.5,0.8825457357616626,0.14903534573754643,495898.39455782314,Stable
751,660233.0833333334,BEACH / MCMAHONS,635118.75,-25114.333333333372,-3.8038586625405197,0.12217903845173186,656836.693877551,Stable
752,1061195.75,FRANKSTON-DANDENONG / LATHAMS / HALL,1498738.1666666667,437542.41666666674,41.231075102465006,0.2302529122037535,1149708.1862068966,Growth
753,872362.75,SEAFORD / RAILWAY / FORTESCUE,761731.8333333334,-110630.91666666663,-12.681756146358452,0.1836015066317076,751486.918367347,Stable
754,553546.0,GREENS / KITCHEN,632641.8333333334,79095.83333333337,14.288935939078842,0.12707484071662256,617980.081632653,Stable
755,1231735.1666666667,MOOROODUC HIGHWAY NEAR RAIL CROSSING,1524520.9166666667,292785.75,23.770186800165778,0.1387918749097002,1349724.0612244897,Growth
756,890391.6666666666,MOOROODUC HIGHWAY / ROBINSONS,979192.75,88801.08333333337,9.973260830907751,0.12970793472386624,918767.8571428572,Stable
761,673993.0,BALLARTO / MCCLELLAND,581696.75,-92296.25,-13.693947859992612,0.1276610012239556,677485.6666666666,Stable
763,276584.1666666667,MARINE / BARCLAY,303834.0833333333,27249.916666666628,9.852305356115213,0.16958770238450593,292183.34146341466,Stable
764,1606514.1666666667,BURWOOD / GLENFERN,1456255.25,-150258.91666666674,-9.35310249883677,0.14478188468086287,1518095.3197278911,Decline
765,2097290.8333333335,FERNTREE GULLY / LYNTON / JANINE,2017343.9166666667,-79946.91666666674,-3.8119137029556813,0.1327848613626063,2108360.1156462585,Stable
766,881260.75,MOUNTAIN HIGHWAY / JERSEY,784327.9166666666,-96932.83333333337,-10.999336272871947,0.12968796113944825,805040.5918367347,Stable
7664,46283.416666666664,,42379.916666666664,-3903.5,-8.433906312736204,0.10427812694478839,45213.0,Stable
7667,18469.083333333332,,9926.916666666666,-8542.166666666666,-46.25116749161888,0.260413089191875,12724.537414965986,Stable
767,970376.0833333334,DORSET / CHANDLER,592749.5833333334,-377626.5,-38.915478904098435,0.16652168224338318,878877.8435374149,Decline
770,700428.5833333334,DORSET NEAR ELSIE,597913.3333333334,-102515.25,-14.636074603370815,0.16783731021082335,644716.224489796,Stable
771,858097.6666666666,DORSET NEAR LUPTON,808502.3333333334,-49595.333333333256,-5.779683975367209,0.10709337023090655,846557.4353741497,Stable
773,757202.6666666666,MOUNTAIN HIGHWAY / HAROLD,707421.4166666666,-49781.25,-6.57436274216326,0.14255319216861234,716726.8435374149,Stable
774,1401461.1666666667,MOUNTAIN HIGHWAY / WANTIRNA,1295388.8333333333,-106072.33333333349,-7.568695862306578,0.13983655854348223,1314116.5850340135,Stable
775,1718255.1666666667,MOUNTAIN HIGHWAY / BORONIA,1587381.4166666667,-130873.75,-7.616665588376426,0.19794505770183246,1552891.0272108843,Decline
776,668028.3333333334,MOUNTAIN HIGHWAY NEAR RACHELLE,655556.0,-12472.333333333372,-1.8670365777898699,0.12802563789110077,655198.2653061225,Stable
777,1519485.3333333333,MOUNTAIN HIGHWAY / SCORESBY / BAYSWA,1589762.1666666667,70276.83333333349,4.625041900152167,0.12797338967577543,1548515.1020408163,Stable
778,1417124.0833333333,MOUNTAIN HIGHWAY / DORSET,1288354.9166666667,-128769.16666666651,-9.086654314968527,0.1104420592188747,1360443.5714285714,Decline
779,720019.4166666666,SCORESBY NEAR APPLEGUM,833915.0833333334,113895.66666666674,15.81841600799424,0.14631822513651419,809724.2638888889,Stable
780,489516.3333333333,SCORESBY NEAR VICTORIA,569013.3333333334,79497.00000000006,16.239907555008394,0.2512143584315327,522676.8314606742,Stable
781,1316153.3333333333,STREETUD / GEORGE,1140390.3333333333,-175763.0,-13.35429509226382,0.16536403394114177,1242472.0884353742,Decline
782,1653332.3333333333,STREETUD / AVALON,1511861.5,-141470.83333333326,-8.556708804460966,0.11939493444397785,1667126.4829931974,Decline
783,1180195.5833333333,STREETUD / COLEMAN / HAROLD,1261135.0833333333,80939.5,6.8581429335123625,0.14566286850406016,1145960.3945578232,Stable
784,2131607.5,STREETUD / WELLINGTON,2143643.75,12036.25,0.5646560166447153,0.11758017783078889,2140481.5646258504,Stable
785,1793302.8333333333,STREETUD / HIGH STREET ROAD,1686051.5833333333,-107251.25,-5.980654689573252,0.17360379091746667,1575136.1088435375,Stable
786,1528625.9166666667,STREETUD / KELLETTS,1494985.25,-33640.666666666744,-2.200712829730366,0.12451875433786835,1505349.612244898,Stable
787,597882.9166666666,LYSTERFIELD / NAPOLEON / GLENFERN,564046.1666666666,-33836.75,-5.6594274659405865,0.12569510493904865,595110.8503401361,Stable
788,880929.8333333334,SCORESBY / POWER / STREETATION,1138262.8333333333,257332.99999999988,29.211520630000976,0.21588355185019997,1045210.0136054421,Growth
789,717427.75,WELLINGTON / NAPOLEON,646560.8333333334,-70866.91666666663,-9.877916858759175,0.11798823253495316,701160.4353741497,Stable
790,559017.0,MOUNTAIN HIGHWAY / STUD,1140711.9166666667,581694.9166666667,104.05674901955875,0.23399534207532205,1054838.387755102,Growth
791,1142290.1666666667,MOUNTAIN HIGHWAY / HIGH / VALENTINE,1271141.4166666667,128851.25,11.280080469921462,0.17744591651031036,1143230.4421768708,Stable
792,600012.4166666666,SCORESBY NEAR ORANGE,656981.1666666666,56968.75,9.494595181294166,0.1297391097223156,627309.7278911564,Stable
793,1493093.5,WANTIRNA NEAR SELKIRK,1320371.8333333333,-172721.66666666674,-11.568040894067702,0.13669908473346007,1448024.163265306,Decline
794,1087295.8333333333,MOUNTAIN HIGHWAY NEAR VIOLEN,1104300.3333333333,17004.5,1.5639257944978175,0.16733832363384868,1014198.1700680272,Stable
795,1322501.0,STREETUD / LAKEVIEW / FULHAM,1502977.9166666667,180476.91666666674,13.646637444256507,0.12961593778134584,1353569.0,Growth
796,1521006.0,FERNTREE GULLY / CARIBBEAN / NYADALE,1440113.5,-80892.5,-5.318355088671576,0.14769490284919445,1493408.8775510204,Stable
798,1425318.9166666667,WELLINGTON / CORPORATE / JAYDEE,1290378.1666666667,-134940.75,-9.467407498918226,0.13203311082594676,1347262.3401360544,Decline
799,1340941.25,STREETUD / HARCREST BLVD,1465926.3333333333,124985.08333333326,9.320697930154155,0.1326816821246398,1374226.7210884353,Stable
800,644283.0,KELLETTS / STREET LAWRANCE WAY.,612657.8333333334,-31625.166666666628,-4.908583132981412,0.13106114578697803,631574.5986394557,Stable
801,706952.8333333334,STREETUD / STREETUD PARK SHOPPING CENTRE,762959.3333333334,56006.5,7.9222399797063305,0.11997885730582361,731262.7074829933,Stable
803,1043689.4166666666,WELLINGTON / TAYLORS,1007312.5,-36376.91666666663,-3.485415880027524,0.15220907215914015,963711.0272108844,Stable
804,673129.0833333334,SWANSEA / CAMBRIDGE,709834.0833333334,36705.0,5.452891712572712,0.1474736827605674,710566.1088435374,Stable
806,804177.5833333334,DORSET / LANDSCAPE,652754.9166666666,-151422.66666666674,-18.82950604504748,0.12865016192984727,722113.3197278911,Decline
807,839255.6666666666,DORSET / FRANCIS,801989.5,-37266.16666666663,-4.440383085488049,0.12893088942771858,867898.0544217688,Stable
808,357751.0833333333,GLADSTONE / OUTLOOK,343192.0833333333,-14559.0,-4.069589353677708,0.18642774172996285,370636.6462585034,Stable
812,442065.4166666667,HUTCHINSON / JOHN,450576.8333333333,8511.416666666628,1.9253749209440068,0.12520248758553176,442866.462585034,Stable
814,2648622.4166666665,MT DANDENONG NEAR LILYDALE-MON,1274597.6666666667,-1374024.7499999998,-51.87695842766564,0.22006319390695406,2466149.207692308,Decline
815,783243.3333333334,MT DANDENONG / DURHAM / LIVERPOOL,728165.3333333334,-55078.0,-7.032041979291237,0.12540013246712664,762890.3469387755,Stable
817,316274.25,WRAY NEAR STATION,277420.75,-38853.5,-12.284749706939468,0.13200978950046569,293882.1156462585,Stable
818,457505.6666666667,HULL NEAR REAY,436687.9166666667,-20817.75,-4.5502715084767615,0.11683206755107291,456014.14965986396,Stable
820,456138.8333333333,MONBULK / CLEGG,307567.0,-148571.8333333333,-32.571625670985405,0.20218939584518625,400907.2448979592,Decline
821,558780.6666666666,FRANKSTON-FLINDERS / STREETONY POINT,572399.5833333334,13618.916666666744,2.43725624007513,0.11894271872823135,568035.6802721089,Stable
822,1087628.8333333333,WARBURTON HIGHWAY / BELL RD / LINK RD,982640.5833333334,-104988.24999999988,-9.65294839400634,0.11266753008823797,1080916.149659864,Stable
823,315953.5,WARBURTON NEAR SEBIRE,313384.9166666667,-2568.583333333314,-0.8129624559732093,0.17135034870653407,336355.6776859504,Stable
824,858678.0,KELLETTS / TAYLORS,775731.8333333334,-82946.16666666663,-9.659752161656247,0.13198912988582176,812062.0680272109,Stable
825,1068260.5833333333,BURWOOD HIGHWAY NEAR KELVIN,882402.75,-185857.83333333326,-17.39817383820286,0.14234559224165674,977430.5102040817,Decline
827,990201.4166666666,FERNTREE GULLY / WINDERMERE,928873.0833333334,-61328.333333333256,-6.1935210656215745,0.12330789273930566,943677.7006802721,Stable
833,606324.75,POINT NEPEAN NEAR SIXTH,533348.0,-72976.75,-12.035918045568815,0.16537187104387693,572974.3741496599,Stable
834,418215.6666666667,POINT NEPEAN / MARINE,462288.8333333333,44073.16666666663,10.538382509183847,0.1896127712993483,463992.1700680272,Stable
841,849237.9166666666,CANTERBURY NEAR BRANKSOME,769750.0,-79487.91666666663,-9.359911410769751,0.12042128792979372,803613.0952380953,Stable
842,1060331.8333333333,CANTERBURY NEAR ORCHARD,1002616.5,-57715.333333333256,-5.443138790985394,0.16295413408090312,993239.6734693878,Stable
843,1132971.75,CANTERBURY / PACIFIC WAY,1027065.0,-105906.75,-9.347695562576913,0.13708248893387917,1065061.4965986395,Stable
844,1403761.75,CANTERBURY / BLACKBURN,1384014.6666666667,-19747.083333333256,-1.4067261295111693,0.14118618497582616,1377712.7551020407,Stable
845,855078.6666666666,CANTERBURY / GLEBE,831444.3333333334,-23634.333333333256,-2.763995203560209,0.15466789308552106,856818.3129251701,Stable
846,1234440.1666666667,CANTERBURY / MAHONEYS,1011194.3333333334,-223245.83333333337,-18.084783642139534,0.14142768649681536,1166322.2721088436,Decline
847,1064188.25,CANTERBURY NEAR BRENTFORD,1017649.1666666666,-46539.08333333337,-4.373200261639177,0.4256076785278232,880860.5510204082,Volatile
848,1400239.3333333333,CANTERBURY / STREETEVENS,1186995.3333333333,-213244.0,-15.229110832957604,0.1233078685362551,1342908.5170068026,Decline
849,2952478.0833333335,CANTERBURY / MITCHAM / BORONIA,3934008.25,981530.1666666665,33.24428290280562,0.15782814628971348,3729142.5102040814,Growth
850,847975.5,CANTERBURY NEAR ANDREW,841218.5833333334,-6756.916666666628,-0.7968292322911014,0.17260562098213875,845407.2857142857,Stable
851,1016472.1666666666,CANTERBURY / HEATHERDALE,977723.25,-38748.91666666663,-3.8120981505806077,0.13062651615160237,1019556.3469387755,Stable
8520,466895.8333333333,,360244.1666666667,-106651.66666666663,-22.842711168622547,0.19153008559867768,400670.39784946234,Stable
8521,471385.4166666667,HYDE STREET / LEEK STREET,471385.4166666667,0.0,0.0,0.06001734692863999,471385.4166666667,Stable
853,1680591.6666666667,CANTERBURY / WANTIRNA,1615802.75,-64788.916666666744,-3.8551254270569437,0.13420741208577963,1674124.1088435375,Stable
854,1120611.5833333333,CANTERBURY NEAR ALLENS,1296507.75,175896.16666666674,15.696443735076516,0.2012275063896897,1233154.925170068,Growth
855,3452324.8333333335,CANTERBURY / HEATHMONT,2761556.9166666665,-690767.916666667,-20.008775246091425,0.1278789585296622,3380978.673469388,Decline
857,1273451.1666666667,CANTERBURY / BEDFORD / ARINGA,1060251.1666666667,-213200.0,-16.74190621365274,0.17783944207895783,1248131.6870748298,Decline
858,929621.5833333334,CANTERBURY ROAD / ARMSTRONG ROAD,1143127.1666666667,213505.58333333337,22.96693484329063,0.17898906717905755,1134740.5238095238,Growth
859,1214904.5833333333,CANTERBURY / GATWICK,933682.5,-281222.08333333326,-23.147668318259555,0.14827864989281797,1091606.149659864,Decline
860,1532855.0,CANTERBURY / BAYSWATER,1532710.75,-144.25,-0.009410544376343491,0.1145225120938546,1549388.775510204,Stable
861,895922.0833333334,CANTERBURY NEAR BALFOUR,808876.8333333334,-87045.25,-9.715716535989689,0.14183692834679384,864216.074829932,Stable
863,1143880.8333333333,CANTERBURY / COLCHESTER,1322145.8333333333,178265.0,15.584228252214501,0.22164601178028503,1505782.5034013605,Growth
864,1179077.3333333333,CANTERBURY / LIVERPOOL,972101.0833333334,-206976.24999999988,-17.554086076344433,0.14404251651095448,1110994.469387755,Decline
865,1537430.8333333333,CANTERBURY / ROOKS,1482556.9166666667,-54873.91666666651,-3.5691957958000184,0.12397417702164765,1496803.8843537415,Stable
866,552418.4166666666,RINGWOOD / EASTLAND SHOP,500593.8333333333,-51824.583333333314,-9.381400360626401,0.13254708999730222,527573.9659863946,Stable
867,2081507.0833333333,RINGWOOD BYPASS / WARRANDYTE,2246433.1666666665,164926.08333333326,7.923397650380321,0.13791750605306913,2209509.034013605,Growth
868,766302.3333333334,BURWOOD HIGHWAY / MT DANDENONG TOURIST,659224.5,-107077.83333333337,-13.973314275001126,0.13382533917489717,706767.4081632653,Stable
869,2113555.5833333335,RINGWOOD / RINGWOOD BYPASS,1983210.1666666667,-130345.41666666674,-6.1671156270750265,0.13704280745780129,2199361.5782312923,Decline
871,1421013.4166666667,CANTERBURY / TERRARA,1405690.9166666667,-15322.5,-1.0782797558620283,0.1254136722645201,1416608.5170068026,Stable
873,1022922.25,WELLINGTON / SILKWOOD / BRAEBURN,921886.75,-101035.5,-9.877143644103938,0.11764071217733503,992699.4081632653,Stable
879,427338.75,POINT NEPEAN NEAR CAPEL,399074.0,-28264.75,-6.614132231163216,0.18154719045658738,416360.15646258503,Stable
881,758284.4166666666,WELLINGTON / PIONEER ACCESS,666398.1666666666,-91886.25,-12.117649786859879,0.12732364462368112,730327.9319727891,Stable
884,1822722.8333333333,MOUNTAIN HIGHWAY NEAR RAILWAY,1682604.5833333333,-140118.25,-7.6873042591866,0.16420512252297392,1791288.2571428572,Decline
886,1451926.3333333333,MAROONDAH NEAR RYLAND,1266480.9166666667,-185445.4166666665,-12.772370912298342,0.12435678698549625,1336490.5646258504,Decline
888,1564986.5,WHITEHORSE / OLIVER,1412747.8333333333,-152238.66666666674,-9.72779424401851,0.13484316146123035,1492706.7278911564,Decline
889,1034129.5833333334,BAYSWATER NEAR GLEN PARK,1194228.5833333333,160098.99999999988,15.481522101316273,0.13892214898416672,1097819.5034013605,Growth
891,347856.5,WARRANDYTE / EASTLAND NORTH ACCESS (ENTRANCE 7),693832.0,345975.5,99.4592597809729,0.41340361174401014,499942.7619047619,Growth
892,794256.4166666666,WARRANDYTE / WONGA,806713.9166666666,12457.5,1.5684481407505155,0.1355355104635267,798906.8027210884,Stable
893,1814644.25,CANTERBURY / CADBURY SCHWEPPES ENTRANCE,1745580.0833333333,-69064.16666666674,-3.8059342301757906,0.15763713567457255,1765528.6598639456,Stable
895,879780.4166666666,WANTIRNA / STREETATION,959114.8333333334,79334.41666666674,9.017524732733982,0.1466504827687107,981308.1904761905,Stable
896,688200.75,RINGWOOD / BOND,1146212.4166666667,458011.66666666674,66.55204410437895,0.2723852117834982,1049936.3129251702,Growth
897,577650.5,BEDFORD / WARRANDYTE,591345.25,13694.75,2.3707674450208214,0.18571012728415795,562940.9795918367,Stable
898,334993.0,STATION NEAR KENDALL,299612.8333333333,-35380.166666666686,-10.561464468411783,0.2870607858770427,411441.16949152545,Volatile
900,875796.25,MT DANDENONG / OLD LILYDALE / MIRABEL,757991.0,-117805.25,-13.451216535809557,0.14019976029331338,822552.1156462585,Stable
901,1108027.0833333333,MT DANDENONG / DUBLIN,1136064.0833333333,28037.0,2.5303533119113744,0.1359338629245152,1094118.156462585,Stable
904,372213.1666666667,BEDFORD NEAR LENA,361682.25,-10530.916666666686,-2.8292703240392316,0.2276635532058731,351682.6725663717,Stable
906,1345706.6666666667,WANTIRNA NEAR DAISY,1346363.6666666667,657.0,0.04882193246670894,0.15347464100192015,1244529.2108843538,Stable
907,1302322.0,WANTIRNA NEAR ELLISON,985865.0,-316457.0,-24.29944360918421,0.17992292452550795,1158913.836734694,Decline
908,431847.0833333333,WARRANDYTE NEAR OBAN / MELVIEW / DICKSON,472151.3333333333,40304.25,9.332991134014453,0.21481089875714537,488763.15730337077,Stable
910,864630.3333333334,WARRANDYTE / LOUGHNAN,839427.3333333334,-25203.0,-2.914887325643213,0.130868950656877,871896.918367347,Stable
912,560141.0833333334,WARRANDYTE NEAR POWRIE,577596.0833333334,17455.0,3.116179212588257,0.1279345216913338,569826.8503401361,Stable
913,728226.4166666666,RINGWOOD / LOUGHNANS,651729.25,-76497.16666666663,-10.504585512953442,0.13055817934343755,686181.9659863946,Stable
915,1194997.8333333333,WANTIRNA NEAR KIRK,1034049.0,-160948.83333333326,-13.468546037810105,0.1933193286268867,1170918.1836734693,Decline
917,386319.8333333333,WARRANDYTE NEAR WOODSIDE,389552.5833333333,3232.75,0.8368066356071978,0.1549107001208246,474404.1156462585,Stable
918,634473.5833333334,DUBLIN / RAILWAY,297857.1666666667,-336616.4166666667,-53.054441588913015,0.2886814532790102,519069.9591836735,Decline
919,657320.9166666666,BURWOOD HIGHWAY / GLENFERN,579739.3333333334,-77581.58333333326,-11.802695055979115,0.12659332963898126,616939.0408163265,Stable
920,792693.75,BURWOOD HIGHWAY / MORRIS / MAST GULLY,694394.5,-98299.25,-12.400659144846292,0.12698648121929168,738371.2517006802,Stable
921,598877.9166666666,BURWOOD HIGHWAY / SANDELLS,290898.0833333333,-307979.8333333333,-51.42614625824545,0.18749734466867668,537428.6666666666,Decline
923,1463053.6666666667,CHELTENHAM / CORRIGAN,1639405.5,176351.83333333326,12.053681785653335,0.16326380389992587,1573693.0544217688,Growth
924,1428342.6666666667,CHELTENHAM / KINGSCLERE,1354756.5,-73586.16666666674,-5.151856650644995,0.16189191319534257,1430600.8843537415,Stable
925,608450.5,CORRIGAN / ATHOL,520862.75,-87587.75,-14.395213743763872,0.18433384382314444,586907.1027397261,Stable
926,505568.75,MAIN NEAR TERRYS,433547.5833333333,-72021.16666666669,-14.24557326113742,0.12480239567264076,464949.99319727893,Stable
927,627107.5833333334,CORRIGAN / LIGHTWOOD,968137.75,341030.1666666666,54.3814451826514,0.2782121563178116,843840.4489795918,Growth
929,892441.1666666666,HEATHERTON / CORRIGAN,1005748.75,113307.58333333337,12.696364484904427,0.12662659820419067,946521.0476190476,Stable
930,771466.6666666666,HEATHERTON / KELVINSIDE,873527.75,102061.08333333337,13.229487124092643,0.15211830921326755,803942.3469387755,Stable
932,1618686.5833333333,HEATHERTON / WESTALL,1387364.1666666667,-231322.4166666665,-14.29074776108345,0.12567605312311336,1507138.2448979593,Decline
933,561133.0,CORRIGAN / NOBLE,511849.5,-49283.5,-8.782855401482358,0.1533704802352658,550688.6598639456,Stable
935,1229388.5833333333,WESTALL NEAR ROWAN,1202806.75,-26581.833333333256,-2.162199461886977,0.1973653167380684,1370542.3255813953,Stable
936,1573655.9166666667,WESTALL / OSBORNE,1333702.0833333333,-239953.8333333335,-15.24817660531573,0.1508885801994323,1437448.925170068,Decline
937,357023.4166666667,POLICE NEAR EDINBURGH,603314.8333333334,246291.4166666667,68.98466743894717,0.31105733278270253,484779.75187969924,Growth
938,635666.75,HEATHERTON ROAD / MEMORIAL DVE / MONS PDE,1156279.5,520612.75,81.90026456472673,0.29953252302370126,893774.2176870748,Growth
939,1575176.3333333333,NAPOLEON NEAR LAKESFIELD,1232876.5,-342299.83333333326,-21.730889811489885,0.13764285206997717,1445400.4829931974,Decline
941,1458093.9166666667,WESTALL NEAR LIBBETT,1290664.75,-167429.16666666674,-11.482742281061347,0.12744148881030992,1390801.7074829931,Decline
942,601725.9166666666,CORRIGAN / KINGSCLERE,572542.8333333334,-29183.083333333256,-4.849896360621538,0.15948614359870386,578369.5205479452,Stable
943,1029189.9166666666,SPRINGVALE / SPOTLIGHT CENTRE,994260.6666666666,-34929.25,-3.3938585516974964,0.12254479413179963,1072671.9387755103,Stable
944,1334997.5833333333,LWR DANDENONG / CTR DANDENONG,1111558.3333333333,-223439.25,-16.737052769945716,0.1394272803559893,1207674.0476190476,Decline
947,619445.0833333334,HEATHERTON / SPRINGVALE PLAZA,552001.1666666666,-67443.91666666674,-10.88779594532258,0.12185356198244733,635476.9455782312,Stable
948,2789590.5,PRINCES HIGHWAY EAST / SPRINGVALE BYPASS / WESTALL,2889198.1666666665,99607.66666666651,3.570691349381442,0.1337437328810372,2784763.5918367347,Stable
949,235533.58333333334,CENTRE DANDENONG NEAR HARLEY,216560.91666666666,-18972.666666666686,-8.05518533627371,0.22785334709623434,221993.32584269662,Stable
952,752846.4166666666,CLOW STREET / DANDENONG MARKET ACCESS,685339.5833333334,-67506.83333333326,-8.966879809593735,0.11356840827579362,734227.306122449,Stable
953,424815.0,ELONERA NEAR TITCHER,484387.5,59572.5,14.023163023904523,0.13021355600914006,447504.8367346939,Stable
954,999703.9166666666,CHANDLER / DOUGLAS / RAILWAY,1463677.0,463973.0833333334,46.41104987168285,0.20861065943662646,1228417.6054421768,Growth
955,195523.66666666666,CLEELAND NEAR KING,197634.33333333334,2110.666666666686,1.079494212976785,0.16152161124335002,227165.97959183675,Stable
959,791868.9166666666,HEATHERTON / BOYD / CLEELAND,874144.25,82275.33333333337,10.390019307698974,0.13323854691632694,828789.4353741497,Stable
960,969811.6666666666,CLOW NEAR CLEELAND,742035.6666666666,-227776.0,-23.486621972994758,0.12310753260851459,952508.6326530612,Decline
961,1288220.1666666667,STH GIPPS'D HIGHWAY / ABBOTTS,1245425.1666666667,-42795.0,-3.3220253111495817,0.13409431765547306,1345952.775510204,Stable
962,1666201.75,WESTALL / ROSEBANK,1376541.5,-289660.25,-17.38446439634336,0.1350400357038791,1540984.2517006802,Decline
963,1159629.5,CHELTENHAM / PARKMORE SHOP CENTRE,1105254.1666666667,-54375.333333333256,-4.689026394493522,0.13858186391363977,1195404.6462585034,Stable
964,482223.3333333333,ABBOTTS / CLELANDS DEVELOPMENTS,584454.3333333334,102231.00000000006,21.199928110764734,0.24834228841206096,467457.56462585035,Stable
965,1440681.0833333333,STH GIPPSLAND HIGHWAY / WATERVIEW,1537366.3333333333,96685.25,6.711079302596058,0.11470307504190948,1534764.1224489796,Stable
966,522197.8333333333,POWER NEAR MONASH FWY,553302.5833333334,31104.75000000006,5.956506904950147,0.12937312491180372,534717.8231292517,Stable
967,588797.5,WELLS / AMAROO (SOUTH),388087.5,-200710.0,-34.0881202790433,0.18711460200444358,518250.1224489796,Decline
968,482488.3333333333,ABBOTTS / GAINE / MONASH,269356.0,-213132.3333333333,-44.17357241798592,0.2629494620413638,469916.9455782313,Decline
969,439401.8333333333,GLADSTONE / PERKIN / GATEWAY,370627.25,-68774.58333333331,-15.651865357867187,0.17474525822528542,377791.31944444444,Stable
970,1529628.0833333333,WARRIGAL / HIGH STREET ROAD,1415686.25,-113941.83333333326,-7.448989370346393,0.1409118301693408,1422335.3605442178,Stable
971,1163624.3333333333,CANTERBURY / GREAT RYRIE,622596.0833333334,-541028.2499999999,-46.49509592586152,0.20936327046959924,1040612.6394557824,Decline
972,491482.1666666667,ABBOTTS / NATIONAL,74982.66666666667,-416499.5,-84.74356309299795,0.5164413905006011,420513.43537414965,Decline
973,225653.91666666666,BAXTER-TOORADIN NEAR PERYMAN,267528.25,41874.33333333334,18.55688301443915,0.2900632649779336,229586.32926829267,Volatile
974,1884327.9166666667,STH GIPPS'D HIGHWAY / POUND,2030678.5,146350.58333333326,7.7667258463284945,0.19365795989074833,1939304.238095238,Stable
975,810545.75,HALLAM SOUTH NEAR HALLAM STATION,619315.5833333334,-191230.16666666663,-23.592766560884026,0.22310420530105207,758109.5850340136,Decline
976,644961.75,HEATHERTON / VIEW,726575.3333333334,81613.58333333337,12.654019146613482,0.15009477410712746,677831.1360544218,Stable
977,664227.25,PRINCES NEAR WOODS,806333.5833333334,142106.33333333337,21.39423417713341,0.1420766813209801,779156.0,Stable
979,1062536.4166666667,CHELTENHAM / CAMBRIA,894063.5,-168472.91666666674,-15.855731062394183,0.22229022581385613,946660.4557823129,Decline
981,1060868.25,PRINCES HIGHWAY EAST / JAMES,873703.0,-187165.25,-17.6426478971352,0.14163288474098212,980024.9047619047,Decline
982,732803.3333333334,FRANKSTON-DANDENONG / JAYCO,818434.3333333334,85631.0,11.685399902656918,0.13306437786453212,782029.9863945579,Stable
983,493731.8333333333,ABBOTTS / REMINGTON,625105.75,131373.9166666667,26.608354535238597,0.23138749386621338,505819.20408163266,Stable
984,2347483.5833333335,MAIN / FITZSIMONS,1832150.25,-515333.3333333335,-21.952585184923024,0.28877936753137917,2011624.551020408,Decline
985,26694.583333333332,BONEO NEAR CAIN,375401.75,348707.1666666667,1306.2843585621304,0.6787226019809912,289811.44897959183,Growth
986,435319.5,MCCLELLAND / NORTH,490443.5833333333,55124.083333333314,12.662902381660668,0.15170504263912804,476539.85714285716,Stable
987,1262992.6666666667,SPRINGVALE / MILES,1201201.3333333333,-61791.33333333349,-4.892453849032654,0.12145964239995469,1251562.551020408,Stable
988,73401.5,BONEO / BUNNINGS ACCESS,332823.0,259421.5,353.4280634591936,0.6858735979843368,289351.74149659864,Growth
989,609560.5,YORK / WRAY,596250.8333333334,-13309.666666666628,-2.1834857518928192,0.10446007639983759,613835.2925170067,Stable
990,668961.9166666666,BRIDGE / SILVER,600768.5,-68193.41666666663,-10.193916121034787,0.11453491235572011,644497.0136054421,Stable
991,1972987.4166666667,PRINCES HIGHWAY EAST / ROBINSON,1584598.0833333333,-388389.3333333335,-19.685342646001846,0.1311890202647637,1796833.4829931974,Decline
992,625065.9166666666,HALLAM SOUTH / KEPPEL / EMPIRE,638303.8333333334,13237.916666666744,2.1178433047928005,0.1446089605467647,612807.7142857143,Stable
994,883163.8333333334,SPRINGVALE / HAROLD,822713.75,-60450.08333333337,-6.844719071565246,0.12925630047746736,895086.9523809524,Stable
995,1245736.6666666667,PRINCES HIGHWAY EAST NEAR PEEL,1138103.1666666667,-107633.5,-8.640148667053763,0.1637199203660537,1321961.7482993198,Stable
998,1192717.8333333333,EASTBOURNE NEAR WHITEHEAD,1082440.1666666667,-110277.66666666651,-9.24591412861409,0.15574841918581117,1234023.3197278911,Stable
999,2647461.0833333335,CANTERBURY NEAR GREEN HILL,2392580.6666666665,-254880.41666666698,-9.627352721867217,0.11601236699325469,2569791.8027210883,Decline
