site_id,total_volume,site_name,rank,cum_volume,cum_share,site_share
4415,674498771,PRINCES NEAR CANNING,1,674498771,0.1251341104687665,0.02101723413198823
3380,638170425,EASTERN FREEWAY OFF RAMP / HODDLE,2,1312669196,0.2435285270241225,0.04203446826397646
2404,560184622,PRINCES HIGHWAY EAST / PARK,3,1872853818,0.34745489040107247,0.06305170239596469
849,548183949,CANTERBURY / MITCHAM / BORONIA,4,2421037767,0.44915486937904847,0.08406893652795291
1359,546970945,WARRIGAL / LINKS ESTATE ACCESS,5,2968008712,0.5506298098794747,0.10508617065994115
2487,544715773,PRINCES HIGHWAY EAST NEAR IRVING (LANSDOWNE),6,3512724485,0.6516863671977408,0.12610340479192939
3386,543973902,HODDLE / ALBERT / ELIZABETH,7,4056698387,0.7526052913998932,0.1471206389239176
2405,518575823,PRINCES HIGHWAY EAST / ALBERT,8,4575274210,0.848812322623251,0.16813787305590583
3519,513927484,MT ALEXANDER NEAR LINCOLN,9,5089201694,0.9441569864251533,0.18915510718789408
416,505992688,SPRINGVALE NEAR LAUGHLIN AVE,10,5595194382,1.0380295739507133,0.2101723413198823
2101,497445056,EASTERN HIGHWAY / QUEENS / BRUNSWICK,11,6092639438,1.1303163908671605,0.23118957545187052
855,497003865,CANTERBURY / HEATHMONT,12,6589643303,1.2225213573107745,0.25220680958385877
3357,495736142,MRR / GREENSBOROUGH HIGHWAY,13,7085379445,1.3144911337188447,0.273224043715847
3516,494139005,BULLA NEAR HOLYROOD,14,7579518450,1.4061646066696152,0.2942412778478352
3060,492433092,BELL / HIGH,15,8071951542,1.4975215958624155,0.31525851197982346
2816,491145042,DIAMOND CREEK RD / GREENSBOROUGH HIGHWAY / CIVIC,16,8563096584,1.5886396239215284,0.33627574611181166
3393,489568230,PUNT / SWAN,17,9052664814,1.679465119250442,0.3572929802437999
3376,488890200,HODDLE NEAR STUDLEY (NORTHBOUND),18,9541555014,1.770164825349532,0.37831021437578816
415,488718913,SPRINGVALE NEAR WALKERS / SILVER,19,10030273927,1.8608327540054277,0.3993274485077764
414,486344942,SPRINGVALE NEAR TUNSTALL,20,10516618869,1.95106025969521,0.4203446826397646
2929,485057518,KING STREET / FLINDERS STREET,21,11001676387,2.041048920387844,0.4413619167717529
4035,478691176,BURKE / BARKERS / MONT ALBERT,22,11480367563,2.129856486944563,0.46237915090374104
2438,470322516,PRINCES HIGHWAY EAST NEAR THE AVENUE,23,11950690079,2.2171114860690797,0.48339638503572935
3052,468472268,BELL / MELVILLE / TURNER,24,12419162347,2.3040232241713654,0.5044136191677175
3381,460540614,HODDLE / TRURO,25,12879702961,2.3894634689062655,0.5254308532997058
2403,456674810,PRINCES HIGHWAY EAST / STURT,26,13336377771,2.4741865233873286,0.546448087431694
3360,452364288,BANKSIA / LWR HEIDELBERG,27,13788742059,2.558109882806937,0.5674653215636822
3385,449217059,HODDLE / VICTORIA,28,14237959118,2.641449363176961,0.5884825556956704
2326,444606362,NEPEAN / BAY / KAREN,29,14682565480,2.7239334595306737,0.6094997898276587
2316,432349576,NEPEAN / NORTH,30,15114915056,2.804143656984552,0.6305170239596469
2985,431212288,PRINCES HIGHWAY EAST NEAR CLOSEBURN,31,15546127344,2.88414286291651,0.6515342580916352
538,428564669,BURWOOD HIGHWAY / STANLEY / FORTESCUE,32,15974692013,2.9636508782597377,0.6725514922236233
3059,424979480,BELL / STREET GEORGES,33,16399671493,3.0424937635009313,0.6935687263556116
2420,424321860,PRINCES HIGHWAY EAST / GRANGE,34,16823993353,3.12121464600874,0.7145859604875998
3392,421387756,PUNT / BRUNTON,35,17245381109,3.199391188764056,0.7356031946195881
2628,418491452,WRR / SUNSHINE / MCINTYRE,36,17663872561,3.277030404484439,0.7566204287515763
2173,416360476,SYDNEY / WRR,37,18080233037,3.3542742780668453,0.7776376628835646
3382,415850171,HODDLE / JOHNSTON,38,18496083208,3.431423479034581,0.7986548970155528
2329,415125460,NEPEAN / WARRIGAL / BALCOMBE,39,18911208668,3.5084382304373487,0.819672131147541
3383,414910027,HODDLE / GIPPS,40,19326118695,3.5854130143591076,0.8406893652795292
4742,411127240,TOORAK NEAR OSBORNE,41,19737245935,3.661686009476068,0.8617065994115174
117,410542112,MAROONDAH / SPRINGVALE,42,20147788047,3.7378504506935433,0.8827238335435058
2843,410170343,MONASH / TOORAK / AUBURN,43,20557958390,3.813945920720684,0.903741067675494
948,409360248,PRINCES HIGHWAY EAST / SPRINGVALE BYPASS / WESTALL,44,20967318638,3.8898911006041232,0.9247583018074821
3735,407474384,PLENTY / GRIMSHAW,45,21374793022,3.9654864119270083,0.9457755359394703
3681,406633229,MONASH / WARRIGAL,46,21781426251,4.040925670804409,0.9667927700714587
2100,404076099,EASTERN / NICHOLSON / PRINCES,47,22185502350,4.115890526759728,0.9878100042034469
2337,403381671,NEPEAN / CUMMINS / PATTERSON,48,22588884021,4.190726551301557,1.008827238335435
2701,402877256,MELTON HIGHWAY / SUNSHINE,49,22991761277,4.265468995951107,1.0298444724674232
3384,401283844,HODDLE / LANGRIDGE,50,23393045121,4.339915828211425,1.0508617065994117
2425,398573117,PRINCES HIGHWAY EAST / WARRIGAL,51,23791618238,4.413859761984075,1.0718789407313998
2833,392587227,,52,24184205465,4.486693183695447,1.092896174863388
2416,391219605,PRINCES HIGHWAY EAST / NORMANBY / STATION,53,24575425070,4.559272881946101,1.1139134089953762
2157,389651351,SYDNEY / MAHONEYS / CAMP,54,24965076421,4.631561635160654,1.1349306431273645
2315,387977284,NEPEAN / MARTIN / GARDENVALE,55,25353053705,4.703539812739021,1.1559478772593528
2614,387494577,WESTERN HIGHWAY / STATION,56,25740548282,4.775428437728622,1.1769651113913409
2421,387026675,PRINCES HIGHWAY EAST / DARLING / KOORNANG,57,26127574957,4.847230256777169,1.1979823455233292
3390,385989403,PUNT / BRIDGE / HODDLE / WELLINGTON,58,26513564360,4.918839639434999,1.2189995796553175
2103,385146382,EASTERN HIGHWAY / SMITH,59,26898710742,4.9902926234639855,1.2400168137873055
2868,383329373,TULLAMARINE / MICKLEHAM,60,27282040115,5.061408513024154,1.2610340479192939
5296,381968735,PHW / FEDERATION TRAIL,61,27664008850,5.132271974806659,1.282051282051282
2406,381814908,PRINCES HIGHWAY EAST / QUEENS,62,28045823758,5.203106898353604,1.3030685161832705
4711,381289235,SWANSTON / CEMETERY EAST / COLLEGE,63,28427112993,5.273844298189491,1.3240857503152585
195,380350457,PRINCES HIGHWAY EAST (LONSDALE) / WALKER,64,28807463450,5.344407534401947,1.3451029844472466
1144,379896684,BORONIA NEAR AMESBURY & ROXBURGH,65,29187360134,5.414886585908437,1.366120218579235
429,379284312,SPRINGVALE / FERNTREE GULLY,66,29566644446,5.485252029164194,1.3871374527112232
999,377759395,CANTERBURY NEAR GREEN HILL,67,29944403841,5.555334567334667,1.4081546868432115
1156,377073282,SOUTH GIPPSLAND HIGHWAY BETWEEN STATION / LOCH,68,30321477123,5.625289816703992,1.4291719209751996
2407,375739484,PRINCES HIGHWAY EAST / LORNE (X LAKESIDE),69,30697216607,5.694997617696165,1.450189155107188
3671,375708270,STREET GEORGES / MERRI / CHARLES,70,31072924877,5.764699627816224,1.4712063892391762
2172,375339204,WRR / PASCOE VALE,71,31448264081,5.83433316821091,1.4922236233711643
2422,374935276,PRINCES HIGHWAY EAST / MURRUMBEENA / BELGRAVE,72,31823199357,5.90389177122521,1.5132408575031526
3706,374815046,WARRIGAL / MIDDLE,73,32198014403,5.973428068974104,1.5342580916351407
4169,373067435,METROPOLITAN RING ROAD / PLENTY,74,32571081838,6.042640147084161,1.5552753257671292
4461,372247743,FLEMINGTON / RACECOURSE / ELLIOT,75,32943329581,6.111700154599447,1.5762925598991173
2020,372199007,BURWOOD HIGHWAY NEAR MILPERA,76,33315528588,6.180751120532642,1.5973097940311056
4187,371012670,GREENSBOROUGH HIGHWAY / GRIMSHAW ST,77,33686541258,6.249581995293557,1.6183270281630937
2827,370582073,EASTERN FREEWAY / BULLEEN / THOMPSONS,78,34057123331,6.318332984997772,1.639344262295082
2336,368801497,NEPEAN / DENDY,79,34425924828,6.386753639342663,1.66036149642707
4381,368514266,RATHDOWNE / PRINCES,80,34794439094,6.455121006124655,1.6813787305590584
2104,367296762,EASTERN HIGHWAY / WELLINGTON,81,35161735856,6.52326249958177,1.7023959646910467
2412,366473067,PRINCES HIGHWAY EAST / ORRONG,82,35528208923,6.591251179801034,1.7234131988230348
2613,365991541,WESTERN HIGHWAY / MCINTYRE / ANDERSON,83,35894200464,6.659150526532576,1.744430432955023
4155,365437068,HIGH NEAR WALKER,84,36259637532,6.726947006530157,1.7654476670870116
2302,364909593,NEPEAN / FITZROY / WELLINGTON,85,36624547125,6.7946456285067045,1.7864649012189995
3198,363923761,CENTRE / CLAYTON,86,36988470886,6.862161357325109,1.807482135350988
3174,362999983,NARRE WARREN - CRANBOURNE / GREAVES,87,37351470869,6.929505705344509,1.8284993694829759
2424,361274463,PRINCES HIGHWAY EAST / POATH / CHADSTONE,88,37712745332,6.9965299320833685,1.8495166036149642
2161,357753587,SYDNEY ROAD / SOMERTON / COOPER,89,38070498919,7.062900960172692,1.8705338377469527
3056,354941351,BELL / NICHOLSON / ELIZABETH,90,38425440270,7.128750257659355,1.8915510718789406
2437,354411127,PRINCES HIGHWAY EAST / CHADSTONE ENT 3,91,38779851397,7.194501187126027,1.912568306010929
2309,354290866,NEPEAN NEAR MILTON,92,39134142263,7.260229805576126,1.9335855401429174
202,352422511,STUD NEAR OSWALD,93,39486564774,7.325611803763864,1.9546027742749055
3022,352302804,ORMOND ESP / STREET KILDA / HEAD,94,39838867578,7.390971593714012,1.9756200084068938
2918,352085251,VICTORIA / LATROBE,95,40190952829,7.456291022877297,1.9966372425388816
408,351742972,SPRINGVALE / THE GLEN SHOPPING,96,40542695801,7.5215469518830735,2.01765447667087
2408,350979736,PRINCES HIGHWAY EAST / UNION,97,40893675537,7.586661284103142,2.0386717108028583
2325,350367083,NEPEAN / HIGHETT / ROWANS,98,41244042620,7.6516619559409,2.0596889449348463
417,349674249,SPRINGVALE / CANTERBURY,99,41593716869,7.716534092086643,2.080706179066835
2409,348853457,PRINCES HIGHWAY EAST / CHAPEL,100,41942570326,7.781253953563826,2.1017234131988234
2320,347501419,NEPEAN / CENTRE,101,42290071745,7.84572298274935,2.122740647330811
2312,344490057,NEPEAN / GLENHUNTLY / HOTHAM,102,42634561802,7.9096333391524,2.1437578814627996
3389,344377178,HODDLE / FREEMAN,103,42978938980,7.973522754059539,2.1647751155947876
2430,344220706,PRINCES HIGHWAY EAST / NORTH / WELLINGTON,104,43323159686,8.03738314002641,2.185792349726776
3701,342510963,WARRIGAL NEAR DELIA,105,43665670649,8.100926331687477,2.2068095838587642
4734,342450502,QUEENS / LINK,106,44008121151,8.164458306525354,2.2278268179907523
725,342262233,FITZSIMONS LANE / PORTER STREET / WILLIAMSONS ROAD,107,44350383384,8.227955353391744,2.248844052122741
2756,342029645,,108,44692413029,8.291409250153585,2.269861286254729
432,341324337,SPRINGVALE / WELLINGTON,109,45033737366,8.354732297026619,2.290878520386717
604,340669484,PRINCES HIGHWAY EAST / NARRE WARREN-CRANBOURNE,110,45374406850,8.417933854504614,2.3118957545187055
1197,339931084,KOROROIT / FERGUSON,111,45714337934,8.480998422812068,2.3329129886506936
3689,339858763,WARRIGAL / THE BOULEVARD,112,46054196697,8.544049574009822,2.3539302227826817
3075,339736344,BELL NEAR ALICE,113,46393933041,8.607078013835329,2.3749474569146702
3088,339541628,POINT COOK NEAR JAMIESON,114,46733474669,8.670070329631404,2.3959646910466583
2627,338248403,WESTERN HIGHWAY / WRR,115,47071723072,8.732822724219364,2.4169819251786464
3172,338248138,DANDENONG-HASTINGS / THOMPSONS,116,47409971210,8.795575069644093,2.437999159310635
2108,338162854,EASTERN HIGHWAY / GEORGE,117,47748134064,8.858311593042249,2.459016393442623
121,336243923,MAROONDAH / MITCHAM,118,48084377987,8.920692113236159,2.480033627574611
3693,335728570,WARRIGAL / NORTH,119,48420106557,8.982977024302217,2.501050861706599
456,335637786,FERNTREE GULLY / STREETUD,120,48755744343,9.045245092972747,2.5220680958385877
256,335502364,STH GIPPS'D HIGHWAY / THOMPSONS,121,49091246707,9.107488037933292,2.543085329970576
4562,335176664,SWANSTON / FLINDERS,122,49426423371,9.16967055849941,2.564102564102564
164,334678369,BURWOOD HIGHWAY / SPRINGVALE,123,49761101740,9.231760634565617,2.5851197982345524
2411,334148208,PRINCES HIGHWAY EAST / HOTHAM / WILLIAMS,124,50095249948,9.293752354299695,2.606137032366541
2419,334144748,PRINCES HIGHWAY EAST / BURKE / SIR JOHN MONASH,125,50429394696,9.35574343212894,2.6271542664985286
3361,333077543,BANKSIA / DORA,126,50762472239,9.417536520348557,2.648171500630517
126,332820160,MAROONDAH / MT DANDENONG,127,51095292399,9.479281858454849,2.669188734762505
2899,332753089,,128,51428045488,9.541014753439988,2.6902059688944933
2321,332405549,NEPEAN / MARRIAGE / THOMAS,129,51760451037,9.602683172238333,2.711223203026482
3744,331777097,METROPOLITAN RING ROAD / DALTON,130,52092228134,9.664234999598156,2.73224043715847
3016,329501897,JACKA / THE ESPLANADE / FITZROY,131,52421730031,9.72536472814864,2.7532576712904584
3541,328965579,MONTAGUE / NORMANBY / MUNRO,132,52750695610,9.786394958110332,2.7742749054224465
2003,327062560,BURWOOD HIGHWAY NEAR PLC,133,53077758170,9.847072136887931,2.7952921395544346
4975,326298524,AIRPORT / CENTRE,134,53404056694,9.907607570462519,2.816309373686423
3064,326109276,BELL / ALBERT,135,53730165970,9.96810789443994,2.837326607818411
4382,325961212,CEMETERY / COLLEGE,136,54056127182,10.02858074934295,2.8583438419503993
4901,325605948,WESTGATE FREEWAY WB / MONTAGUE,137,54381733130,10.088987695090106,2.879361076082388
4902,325325591,MONTAGUE / LORIMER,138,54707058721,10.149342628550038,2.900378310214376
2306,325236056,NEPEAN / CARLISLE,139,55032294777,10.209680951330954,2.921395544346364
867,324797828,RINGWOOD BYPASS / WARRANDYTE,140,55357092605,10.269937973339625,2.9424127784783525
2169,324079205,,141,55681171810,10.330061675239,2.9634300126103406
2002,324076527,BURWOOD HIGHWAY NEAR MILLICENT,142,56005248337,10.390184880311455,2.9844472467423286
185,323703233,PRINCES HIGHWAY EAST / SPRINGVALE,143,56328951570,10.450238831273092,3.0054644808743167
869,323306152,RINGWOOD / RINGWOOD BYPASS,144,56652257722,10.510219115120933,3.0264817150063053
5079,322643882,CORIO-WAURN POND(SETTLEMENT / BARWON HEADS,145,56974901604,10.570076533559817,3.0474989491382933
4380,322074065,CEMETERY / LYGON / PRINCES,146,57296975669,10.62982823862087,3.0685161832702814
2498,321827244,PHW NEAR WALES,147,57618802913,10.689534153048037,3.08953341740227
1038,321321426,PUNT / GATE 6,148,57940124339,10.749146227296078,3.1105506515342585
814,320599397,MT DANDENONG NEAR LILYDALE-MON,149,58260723736,10.808624349548163,3.131567885666246
4384,319025660,ROYAL / CEMETERY / MACARTHUR,150,58579749396,10.867810509549054,3.1525851197982346
2327,318729077,NEPEAN / CHESTERVILLE / CHARMAN,151,58898478473,10.926941646988778,3.173602353930223
2310,317847884,NEPEAN / GLEN EIRA / BYRON,152,59216326357,10.985909304068054,3.1946195880622112
2017,317561062,STREETUD / BERGINS,153,59533887419,11.044823749462775,3.215636822194199
2434,317361026,PRINCES HIGHWAY EAST / WAVERLEY,154,59851248445,11.103701083853004,3.2366540563261874
3747,317352556,PLENTY NEAR BROWNING,155,60168601001,11.162576846875037,3.257671290458176
4301,316654574,BANKSIA / STREETUDLEY,156,60485255575,11.221323119139715,3.278688524590164
2413,315989551,PRINCES HIGHWAY EAST / KOOYONG,157,60801245126,11.27994601525439,3.2997057587221525
2328,315813854,NEPEAN / CENTRE DANDENONG,158,61117058980,11.338536315775492,3.32072299285414
3556,315643064,NORTH NEAR DALMOR,159,61432702044,11.397094931057648,3.3417402269861283
2880,314785178,WESTGATE FREEWAY / WILLIAMSTOWN,160,61747487222,11.45549438993195,3.362757461118117
784,314650790,STREETUD / WELLINGTON,161,62062138012,11.513868916925633,3.3837746952501053
2319,314547233,NEPEAN / HAWTHORN,162,62376685245,11.572224231856024,3.4047919293820934
265,314113537,MONASH / SPRINGVALE,163,62690798782,11.630499086798189,3.425809163514081
3570,313936558,CLAYTON / NORTH,164,63004735340,11.688741108308049,3.4468263976460696
2324,313809965,NEPEAN / WICKHAM,165,63318545305,11.746959644078382,3.467843631778058
634,313628655,MT DANDENONG / BAYSWATER / WICKLOW,166,63632173960,11.805144542922239,3.488860865910046
765,309928937,FERNTREE GULLY / LYNTON / JANINE,167,63942102897,11.862643064057462,3.5098781000420347
422,309291785,SPRINGVALE / HIGH STREET ROAD,168,64251394682,11.920023379715994,3.5308953341740232
3083,309268293,BELL NEAR GILMOUR (UPFIELD RAILWAY),169,64560662975,11.977399337100426,3.551912568306011
574,308769861,EASTERN FREEWAY / MIDDLEBOROUGH,170,64869432836,12.034682824568486,3.572929802437999
3740,308702476,HIGH / SPRING / CHEDDAR,171,65178135312,12.091953810661602,3.5939470365699875
576,306943001,SPRINGVALE / EASTERN FREEWAY / EASTLINK,172,65485078313,12.148898376087281,3.614964270701976
2418,306406783,PRINCES HIGHWAY EAST / FINCH / DERBY,173,65791485096,12.205743461476327,3.635981504833964
4896,306067545,PLENTY / ENTERPRISE,174,66097552641,12.262525610879138,3.6569987389659517
3151,303952073,SPRINGVALE / KEYLANA,175,66401504714,12.3189152944713,3.6780159730979403
3745,303668879,PLENTY / GREMEL,176,66705173593,12.37525243945138,3.6990332072299283
2109,302888523,EASTERN NEAR YOUNG (WEST BOUND),177,67008062116,12.43144481151547,3.720050441361917
2305,302705692,NEPEAN / INKERMAN,178,67310767808,12.487603264474686,3.7410676754939054
426,302300599,SPRINGVALE / WAVERLEY,179,67613068407,12.543686563920817,3.762084909625893
2110,302268848,EASTERN NEAR GOLD (WEST BOUND),180,67915337255,12.599763972869718,3.783102143757881
2617,299558196,WESTERN HIGHWAY NEAR MARCELLIN,181,68214895451,12.655338497245076,3.8041193778898696
1100,299516497,MAROONDAH HIGHWAY / EASTLINK,182,68514411948,12.710905285554045,3.825136612021858
2417,299425968,DANDENONG / TOORONGA,183,68813837916,12.7664552787755,3.8461538461538463
737,298774325,MOOROODUC / GOLF LINKS / TOWERHILL,184,69112612241,12.821884378126342,3.867171080285835
3511,298752711,MT ALEXANDER / KELLAWAY / TAYLORS,185,69411364952,12.877309467612708,3.8881883144178224
3053,298710934,BELL / SUSSEX,186,69710075886,12.932726806561993,3.909205548549811
4549,298667861,ALEXANDRA / LINLITHGOW,187,70008743747,12.988136154538171,3.930222782681799
2946,297987508,BELL NEAR ORIEL & PLUNKETT,188,70306731255,13.043419282317783,3.9512400168137876
3395,297668130,PUNT / ALEXANDRA,189,70604399385,13.098643158570706,3.9722572509457756
4441,297423495,VICTORIA / BRUNSWICK / GISBORNE,190,70901822880,13.153821649740019,3.9932744850777633
2845,297338897,MONASH / BURKE,191,71199161777,13.208984446150598,4.014291719209752
3391,297178859,PUNT / ROWENA,192,71496340636,13.264117552050786,4.03530895334174
3696,297000291,WARRIGAL / SOUTH / DINGLEY BYPASS,193,71793340927,13.319217529724797,4.056326187473728
2435,296217390,PRINCES HIGHWAY EAST / SMITH / RAILWAY / NORMANBY,194,72089558317,13.374172262330278,4.0773434216057165
4976,296140187,MELBOURNE / CENTRE,195,72385698504,13.429112672109467,4.098360655737705
2322,296065115,NEPEAN / SOUTH,196,72681763619,13.484039154408956,4.119377889869693
984,295708809,MAIN / FITZSIMONS,197,72977472428,13.538899534239052,4.140395124001682
4212,295638686,STREET GEORGES / HOLDEN,198,73273111114,13.593746904735987,4.16141235813367
5003,295376169,PHW / OLD GEELONG,199,73568487283,13.648545572651555,4.182429592265658
431,294168943,SPRINGVALE / MAGID,200,73862656226,13.703120274033543,4.203446826397647
2431,294028240,PRINCES HIGHWAY EAST / BLACKBURN,201,74156684466,13.757668871965823,4.224464060529634
3191,294019569,CLAYTON / DUNSTAN,202,74450704035,13.812215861240063,4.245481294661622
530,293698864,MONASH / PRINCES HIGHWAY EAST,203,74744402899,13.86670335280041,4.266498528793611
3066,293421875,BELL / ORIEL NTH,204,75037824774,13.921139456910382,4.287515762925599
3374,293324525,HODDLE NEAR STANTON N / B,205,75331149299,13.975557500489808,4.308532997057587
138,292735531,MAROONDAH / DORSET / BELLARA / EXETER,206,75623884830,14.029866272943133,4.329550231189575
2414,292655807,PRINCES HIGHWAY EAST / GLENFERRIE / HAWTHORN,207,75916540637,14.084160254870143,4.350567465321563
2340,292370367,NEPEAN / SOUTHLAND SHOPPING,208,76208911004,14.138401281503493,4.371584699453552
1121,292060666,DANDENONG SOUTHERN BYPASS / DAND FRANSTON,209,76500971670,14.192584851902948,4.39260193358554
3108,291824768,HEATHERTON NEAR JAMES COOK,210,76792796438,14.246724658121268,4.4136191677175285
4986,291550100,PLENTY / CLEMENTS,211,77084346538,14.300813507484907,4.434636401849517
3339,291524688,DIAMOND CREEK / PLENTY RIVER,212,77375871226,14.354897642372924,4.455653635981505
3225,290449028,HIGH / BROADWAY,213,77666320254,14.408782219065944,4.476670870113493
2601,290357450,WESTERN HIGHWAY / TIERNAN / HOADLEY,214,77956677704,14.462649806059263,4.497688104245482
4744,290075067,TOORAK NEAR SURREY,215,78246752771,14.51646500489854,4.51870533837747
2105,290003874,EASTERN HIGHWAY NEAR GOLD,216,78536756645,14.570266995896514,4.539722572509458
620,289424216,FRANKSTON-DANDENONG / THOMPSONS,217,78826180861,14.623961447798312,4.560739806641446
3445,289190025,OLYMPIC BLVD(SWAN) NEAR BATMAN,218,79115370886,14.67761245220439,4.581757040773434
3401,288960084,PUNT / HIGH,219,79404330970,14.73122079758167,4.602774274905422
2429,288489859,PRINCES HIGHWAY EAST / CLAYTON,220,79692820829,14.784741906051154,4.623791509037411
2666,288411400,WESTERN HIGHWAY / CAIRNLEA,221,79981232229,14.838248458679182,4.644808743169399
2815,286816830,HUME FREEWAY / COOPER,222,80268049059,14.89145918408393,4.665825977301387
3333,286723191,GREENSBOROUGH / LWR PLENTY,223,80554772250,14.944652537428901,4.686843211433375
2871,286506877,MICKLEHAM / GLADSTONE PARK / INTERNATIONAL,224,80841279127,14.997805759848307,4.707860445565363
2433,286416047,DANDENONG / WATTLETREE,225,81127695174,15.050942131338191,4.7288776796973515
2339,285931041,NEPEAN / SOUTHLAND NTH ENT,226,81413626215,15.103988523725084,4.7498949138293405
2323,285878294,NEPEAN / STREETATION / KEILLER,227,81699504509,15.157025130402635,4.770912147961328
2304,285864401,NEPEAN / ALMA,228,81985368910,15.2100591596282,4.791929382093317
2440,285695436,,229,82271064346,15.263061842191794,4.812946616225305
529,285549909,WESTERN PORT HIGHWAY / MORETON BAY,230,82556614255,15.316037526349344,4.833963850357293
4539,285537415,STREET KILDA / TOORAK,231,82842151670,15.369010892599666,4.854981084489282
974,285077723,STH GIPPS'D HIGHWAY / POUND,232,83127229393,15.421898976041506,4.87599831862127
2397,284883761,KINGSWAY / SOUTHERN LINK,233,83412113154,15.474751075337226,4.897015552753257
2432,284300214,PRINCES HIGHWAY EAST / MCNAUGHTON,234,83696413368,15.527494914043153,4.918032786885246
4197,284167386,BUCKLEY NEAR MCCRACKEN,235,83980580754,15.580214110282197,4.939050021017234
1182,284038392,PRINCES HIGHWAY EAST / LINK,236,84264619146,15.632909375344289,4.960067255149222
2828,283748882,EASTERN FREEWAY / DONCASTER,237,84548368028,15.685550930039687,4.981084489281211
3128,283602821,CANTERBURY NEAR ROCHESTER,238,84831970849,15.738165387260498,5.002101723413198
1302,282379243,CRANBOURNE-FRANKSTON / PENLINK,239,85114350092,15.790552844298055,5.023118957545187
5273,281529991,PFW / FORSYTH,240,85395880083,15.842782746721504,5.044136191677175
2194,281421926,SOMERTON / PASCOE VALE / DAVID MUNROE,241,85677302009,15.894992600750157,5.0651534258091635
3308,281335297,HEIDELBERG / CHANDLER / GRANGE,242,85958637306,15.94718638322565,5.086170659941152
4046,281249155,TOORAK / SUMMERHILL / CAMBERWELL,243,86239886461,15.999364184497015,5.10718789407314
2330,281107962,NEPEAN / LWR DANDENONG,244,86520994423,16.051515791413077,5.128205128205128
257,280908052,STH GIPPS'D HIGHWAY (HIGH) NEAR BAKEWELL,245,86801902475,16.103630310700368,5.149222362337117
430,280717676,SPRINGVALE / DUNLOP,246,87082620151,16.155709511122097,5.170239596469105
4561,280690434,RUSSELL / FLINDERS,247,87363310585,16.20778365756362,5.191256830601093
4881,280574613,CITY / POWER,248,87643885198,16.2598363167046,5.212274064733082
4406,280291526,VICTORIA PDE AND NICHOLSON ST,249,87924176724,16.311836457084315,5.233291298865069
3524,280273885,RACECOURSE NEAR PIN OAK,250,88204450609,16.36383332467698,5.254308532997057
413,279717271,SPRINGVALE / SPRINGFIELD,251,88484167880,16.415726928333868,5.275325767129046
3736,279515835,PLENTY / BENT / SETTLEMENT,252,88763683715,16.467583161255988,5.296343001261034
4551,279125500,SWAN STREET BRIDGE / BATMAN / OLYMPIC BLVD,253,89042809215,16.51936697859322,5.317360235393022
2185,279123996,HUME / CRAIGIEBURN,254,89321933211,16.57115051690592,5.33837746952501
2821,278567154,CHANDLER HIGHWAY / EASTERN FREEWAY WB,255,89600500365,16.62283074898392,5.359394703656998
2860,277945120,FLEMINGTON / WESTERN LINK OFF RMP / BOUNDARY,256,89878445485,16.67439558030121,5.3804119377889865
5007,277809989,CORIO-WAURN / BACCHUS MARSH / COX / STREET GEORGES,257,90156255474,16.72593534189531,5.4014291719209755
442,277766441,SPRINGVALE / CHELTENHAM,258,90434021915,16.777467024393523,5.422446406052964
3050,277575845,BELL / CUMBERLAND,259,90711597760,16.828963347211424,5.443463640184952
731,277249061,CRANBOURNE / MOOROODUC / FRANKSTON FREEWAY,260,90988846821,16.880399044529447,5.46448087431694
2149,276985589,SYDNEY / CAMPBELLFIELD SHOPPING CENTRE,261,91265832410,16.931785862092948,5.485498108448928
3061,276949746,BELL / PLENTY,262,91542782156,16.983166030004714,5.506515342580917
433,276889576,SPRINGVALE / KINGSWAY,263,91819671732,17.034535035080093,5.527532576712905
2426,276867487,PRINCES HIGHWAY EAST / ATKINSON,264,92096539219,17.085899942168215,5.548549810844893
177,276835424,BURWOOD HIGHWAY / DORSET,265,92373374643,17.137258900876358,5.569567044976881
2638,276700899,MELTON HIGHWAY / KINGS,266,92650075542,17.18859290228742,5.590584279108869
2212,276365339,MAROONDAH HIGHWAY / MARKET / MURRAY,267,92926440881,17.239864650060795,5.611601513240857
5313,276277186,DERRIMUT / HOGANS,268,93202718067,17.291120043546048,5.632618747372846
2191,275853657,SYDNEY / LORNE,269,93478571724,17.342296863241472,5.653635981504834
2507,275566592,PHW / GEELONG,270,93754138316,17.393420426170586,5.674653215636822
3373,275367803,HODDLE NEAR STANTON S / B,271,94029506119,17.44450710944068,5.69567044976881
1529,275339981,FITZSIMONS NORTH OF PARKWOOD,272,94304846100,17.495588631128022,5.7166876839007985
4859,275034553,NEPEAN NEAR BURNS,273,94579880653,17.54661348931539,5.737704918032787
424,274994312,SPRINGVALE NEAR WILSON,274,94854874965,17.597630881926904,5.758722152164776
4995,274786525,PLENTY / MCKIMMIES,275,95129661490,17.64860972555578,5.779739386296763
2334,274690126,NEPEAN / STREETATION,276,95404351616,17.699570685085185,5.800756620428752
2314,274594021,NEPEAN NEAR SCOTT,277,95678945637,17.750513815058476,5.82177385456074
2869,274239252,MICKLEHAM / RYLANDES / WESTERN,278,95953184889,17.801391127709117,5.842791088692728
326,273345265,DONCASTER / FREDERICK / SHOPPING,279,96226530154,17.85210258643559,5.863808322824717
4421,272994763,NICHOLSON / SCOTCHMER / PIGDON,280,96499524917,17.902749019460202,5.884825556956705
6616,272899264,PRINCES HIGHWAY EAST NEAR LOCH,281,96772424181,17.95337773535481,5.905842791088692
2508,272883401,PHW / SOMERVILLE / ROBERTS,282,97045307582,18.004003508319823,5.926860025220681
508,271863695,CLYDE / GREAVES / O'SHEA,283,97317171277,18.05444010376705,5.947877259352669
137,271694953,MAROONDAH / CROYDON / WARRIEN / LINCOLN,284,97588866230,18.104845393923625,5.968894493484657
2155,271446531,SYDNEY ROAD / BOX FOREST,285,97860312761,18.155204596426184,5.989911727616646
575,271357270,EASTERN FREEWAY / BLACKBURN,286,98131670031,18.20554723908266,6.0109289617486334
133,271176157,MAROONDAH / OBAN,287,98402846188,18.255856281360412,6.0319461958806215
2206,271175069,MAROONDAH / STREETATION,288,98674021257,18.306165121790638,6.0529634300126105
399,270839395,BERWICK-CRANBOURNE / BEMERSYDE (NTH),289,98944860652,18.356411687433713,6.073980664144599
258,269818506,STH GIPPSLAND HIGHWAY / CAMMS RD.,290,99214679158,18.40646885608691,6.094997898276587
2656,269615956,WESTERN HIGHWAY / WESTWOOD,291,99484295114,18.45648844733424,6.116015132408575
686,269494208,MANNINGHAM / BULLEEN,292,99753789322,18.50648545169433,6.137032366540563
2658,268020191,WESTERN HIGHWAY / CHRISTIES / CAROLINE SPRING,293,100021809513,18.556208994020036,6.158049600672552
2506,267896494,PHW / BARKLY / VICTORIA,294,100289706007,18.60590958787685,6.17906683480454
4848,267509065,CHAPEL / INKERMAN,295,100557215072,18.65553830527463,6.200084068936528
1900,267504855,,296,100824719927,18.705166241626348,6.221101303068517
5259,267460840,WERRIBEE / COTTRELL / PHW,297,101092180767,18.754786012243585,6.242118537200504
2187,266847563,SYDNEY / MITRE 10 ENTRY,298,101359028330,18.804292006713016,6.263135771332492
3171,266186167,STH GIPPS'D HIGHWAY (HIGH) NEAR LYALL,299,101625214497,18.85367529791939,6.284153005464481
2158,265612292,SYDNEY / SOMERSET,300,101890826789,18.90295212290117,6.305170239596469
203,265525387,PRINCES HIGHWAY EAST / BELGRAVE-HALLAM / HALLAM SOU…,301,102156352176,18.952212825125812,6.326187473728457
1190,265501425,DENMARK / STREETEVENSON,302,102421853601,19.001469081881194,6.347204707860446
3112,265212067,SYDNEY / BRUNSWICK,303,102687065668,19.050671656469174,6.368221941992434
2850,265046089,WESTERN FREEWAY / ROBINSONS ON / OFF RAMPS,304,102952111757,19.099843438548284,6.3892391761244225
2352,264891347,NEPEAN HIGHWAY NEAR LATROBE,305,103217003104,19.148986512639546,6.41025641025641
2162,264532899,SYDNEY ROAD / JUKES,306,103481536003,19.19806308687409,6.431273644388398
325,264532142,DONCASTER / TRAM / WILLIAMSONS,307,103746068145,19.247139520668757,6.452290878520387
3691,264528264,WARRIGAL / ATHERTON,308,104010596409,19.296215235010553,6.473308112652375
544,264472189,BLACKBURN NEAR MATTHEW,309,104275068598,19.345280546227023,6.494325346784363
991,264134522,PRINCES HIGHWAY EAST / ROBINSON,310,104539203120,19.394283212911738,6.515342580916352
674,263677961,PRINCES HIGHWAY EAST (LONSDALE) / SCOTT / LANGHORNE,311,104802881081,19.44320117765619,6.53635981504834
2789,263244083,MRR / EDGARS,312,105066125164,19.492038648647476,6.557377049180328
3984,263173052,CAMP NEAR JOSEPH,313,105329298216,19.540862941851962,6.578394283312317
120,263027750,MOUNTAIN HIGHWAY STH OF BARMAH,314,105592325966,19.589660278392778,6.599411517444305
3192,262606349,MIDDLEBOROUGH NEAR MCKEAN,315,105854932315,19.638379435933786,6.620428751576292
3002,262558219,BARKERS / DENMARK / POWER,316,106117490534,19.68708966431881,6.64144598570828
619,262542282,PRINCES FREEWAY / CLYDE (STREETH) EXIT,317,106380032816,19.735796936045638,6.6624632198402685
4987,262288132,PLENTY / BETULA,318,106642320948,19.784457057450567,6.6834804539722565
3170,262249825,STH GIPPS'D HIGHWAY (HIGHST) NEAR CHILDERS,319,106904570773,19.833110072078465,6.7044976881042455
280,262079987,SPRINGVALE / MORNINGTON PENINSULA FREEWAY,320,107166650760,19.881731578084015,6.725514922236234
502,261120634,CLYDE / CENTRE,321,107427771394,19.93017510335862,6.746532156368222
511,260821726,MOOROODUC HIGHWAY / GERTRUDE,322,107688593120,19.978563174734276,6.767549390500211
196,260815192,PRINCES HIGHWAY EAST / FOSTER,323,107949408312,20.026950033911607,6.788566624632199
423,260742484,SPRINGVALE / COLEMAN / GLEN / RAILWAY,324,108210150796,20.07532340418237,6.809583858764187
3616,260353598,PASCOE VALE / BARRY,325,108470504394,20.12362462768908,6.830601092896176
441,260201068,SPRINGVALE / SPRINGVALE BYPASS,326,108730705462,20.171897553581786,6.851618327028162
393,260189124,,327,108990894586,20.220168263604158,6.872635561160151
332,259726911,DONCASTER NEAR LEEDS,328,109250621497,20.268353223118023,6.893652795292139
893,259532713,CANTERBURY / CADBURY SCHWEPPES ENTRANCE,329,109510154210,20.316502154702658,6.914670029424127
2307,259498942,BRIGHTON NEAR DICKENS,330,109769653152,20.364644821036375,6.935687263556116
3133,259463639,CANTERBURY NEAR GIBSON,331,110029116791,20.412780937900042,6.956704497688104
3514,259051151,MT ALEXANDER / NAPIER / FLETCHER,332,110288167942,20.460840529318176,6.977721731820092
569,258684448,STH GIPPS'D HIGHWAY / MCDOWALL / COMMERCIAL,333,110546852390,20.50883208939855,6.998738965952081
4802,258545896,BRIDGE NEAR RICHMOND TOWN HALL,334,110805398286,20.556797945086238,7.019756200084069
409,258362260,SPRINGVALE NEAR MILTON,335,111063760546,20.60472973232414,7.0407734342160575
2102,258264532,EASTERN HIGHWAY NEAR NAPIER,336,111322025078,20.65264338890433,7.0617906683480465
3132,258026894,CANTERBURY / MIDDLEBOROUGH,337,111580051972,20.700512958495747,7.082807902480033
1108,257981828,EASTLINK / WELLINGTON,338,111838033800,20.748374167369448,7.103825136612022
3680,257573541,WARRIGAL / WAVERLEY,339,112095607341,20.79615963017398,7.12484237074401
2763,257210288,PLENTY / CHILDS,340,112352817629,20.84387770169037,7.145859604875998
464,257202137,HIGH ST RD / STEPRINCES HIGHWAY EASTNSONS,341,112610019766,20.891594261019968,7.166876839007987
418,256672267,SPRINGVALE NEAR JOLIMONT,342,112866692033,20.93921251800423,7.187894073139975
3734,256455497,PLENTY / DUNNE / KINGSBURY,343,113123147530,20.986790559465067,7.208911307271963
4660,256315231,STREET GEORGES / NORMANBY,344,113379462761,21.034342578549147,7.229928541403952
166,255513274,BURWOOD HIGHWAY / HANOVER / HARTLAND,345,113634976035,21.08174581726454,7.25094577553594
4218,255271257,VICTORIA / SMITH,346,113890247292,21.12910415659195,7.271963009667928
1120,255132963,DANDENONG SOUTHERN BYPASS / HAMMOND,347,114145380255,21.176436839391258,7.292980243799915
4668,255100087,STREET GEORGES / ARTHURTON,348,114400480342,21.223763422981502,7.3139974779319035
3058,254910024,BELL / GILBERT,349,114655390366,21.27105474577446,7.3350147120638916
3686,254874910,WARRIGAL NEAR FAKENHAM,350,114910265276,21.318339554160946,7.3560319461958805
4455,254761584,VICTORIA / LANSDOWNE,351,115165026860,21.365603338123353,7.377049180327869
318,254620023,WILLIAMSONS / SHOP TOWN ENT N,352,115419646883,21.412840859458502,7.398066414459857
162,254344384,BURWOOD HIGHWAY / BLACKBURN,353,115673991267,21.460027243797466,7.419083648591846
4782,253828734,STREET GEORGES / MURRAY,354,115927820001,21.507117963908655,7.440100882723834
411,253678526,SPRINGVALE / HAWTHORN,355,116181498527,21.554180817187063,7.461118116855822
631,253161615,DORSET / CANTERBURY,356,116434660142,21.60114777229492,7.482135350987811
170,253134715,BURWOOD HIGHWAY / STUD,357,116687794857,21.648109736870964,7.503152585119799
375,253124667,BORONIA / ERICA,358,116940919524,21.69506983732569,7.524169819251786
2167,252398567,SYDNEY ROAD / BOLINDA,359,117193318091,21.741895230525905,7.545187053383774
1267,252358211,FRANKSTON-DANDENONG / PENLINK,360,117445676302,21.78871313681528,7.566204287515762
3054,252271089,SYDNEY / BELL,361,117697947391,21.835514880089324,7.587221521647751
2895,251959465,TULLAMARINE FREEWAY / BULLA WB EXIT RAMP,362,117949906856,21.882258810371386,7.608238755779739
2317,251219797,NEPEAN / BAY / MILROY / HAMPTON,363,118201126653,21.928865516241483,7.629255989911727
270,250850340,STH GIPPS'D FWY / PRINCES HIGHWAY EAST,364,118451976993,21.975403679847254,7.650273224043716
2400,250650716,PRINCES HIGHWAY EAST / YORK,365,118702627709,22.021904808883438,7.671290458175704
4184,250394664,PLENTY / MAIN,366,118953022373,22.068358434735583,7.6923076923076925
198,250369410,PRINCES HIGHWAY EAST / FRANKSTON-DANDENONG,367,119203391783,22.11480737542452,7.7133249264396815
3727,250055414,PLENTY / GRANGE / SNAKE GULLY,368,119453447197,22.16119806306417,7.73434216057167
2609,250015226,WESTERN HIGHWAY / DUKE,369,119703462423,22.20758129496061,7.755359394703657
2842,249609797,POWER NEAR LISSON,370,119953072220,22.253889311008702,7.776376628835645
1107,249338908,FERNTREE GULLY / EASTLINK,371,120202411128,22.300147071288347,7.797393862967633
4268,249338907,POWER / RIVERSDALE / WALLEN,372,120451750035,22.34640483138247,7.818411097099622
4224,249063591,SWAN / YARRA / AMRAD,373,120700813626,22.3926115144039,7.83942833123161
2160,249003761,SYDNEY ROAD / ANDERSON,374,120949817387,22.438807097666295,7.860445565363598
2313,248590714,NEPEAN / RUSDEN,375,121198408101,22.48492605177657,7.881462799495587
3332,248562728,LWR PLENTY / ROSANNA,376,121446970829,22.531039813878547,7.902480033627575
2428,248453892,PRINCES HIGHWAY EAST / ATHERTON / HUNTINGDALE,377,121695424721,22.577133384548556,7.923497267759563
427,248355677,SPRINGVALE NEAR WHITES,378,121943780398,22.623208734211815,7.944514501891551
559,248206807,HALLAM / SOMERVILLE,379,122191987205,22.669256465270227,7.9655317360235385
5013,248198222,CORIO-WAURN PONDS / MACKEY,380,122440185427,22.715302603625457,7.986548970155527
2503,247589262,BALLARAT / MOORE,381,122687774689,22.76123576672975,8.007566204287516
4478,247537516,WESTERN LINK NB ENTRY / MT ALEXANDER,382,122935312205,22.80715932983185,8.028583438419505
2008,247062863,BURWOOD HIGHWAY / MIDDLEBOROUGH,383,123182375068,22.852994834536382,8.049600672551492
3271,246642700,STATION NEAR MANSFIELD,384,123429017768,22.898752389916886,8.07061790668348
4037,246547439,BURKE NEAR TORRINGTON,385,123675565207,22.944492272321533,8.09163514081547
1397,246266812,TOORAK / MASTERS CAR PARK,386,123921832019,22.990180092348115,8.112652374947457
853,246096244,CANTERBURY / WANTIRNA,387,124167928263,23.035836268321557,8.133669609079446
134,245576148,MAROONDAH / KALINDA / BEAUFORT,388,124413504411,23.081395955238058,8.154686843211433
3397,245510197,PUNT / TOORAK,389,124659014608,23.126943406817634,8.175704077343422
2608,245351715,WESTERN HIGHWAY / DARNLEY / BUTLER,390,124904366323,23.172461456558473,8.19672131147541
4181,245216809,PLENTY / GREENWOOD,391,125149583132,23.217954478318482,8.217738545607398
4474,245215698,RACECOURSE / STREETUBBS,392,125394798830,23.263447293963967,8.238755779739385
782,245067593,STREETUD / AVALON,393,125639866423,23.30891263292865,8.259773013871374
492,245011429,WELLINGTON / JELLS,394,125884877852,23.354367552256583,8.280790248003363
391,244758794,STREETUD / CENTRE,395,126129636646,23.399775602327885,8.30180748213535
4753,244445011,MALVERN / CHAPEL / BRAY / LITTLE CHAPEL,396,126374081657,23.445125438866004,8.32282471626734
264,243943110,MONASH / BLACKBURN,397,126618024767,23.49038216191322,8.343841950399328
3560,243936157,NORTH / EAST BOUNDARY / MURRUMBEENA,398,126861960924,23.535637595028554,8.364859184531316
169,243847748,BURWOOD HIGHWAY / MOUNTAIN HIGHWAY,399,127105808672,23.580876626362222,8.385876418663305
3072,243791296,BURGUNDY / ROSANNA / LWR H'BERG,400,127349599968,23.62610518462892,8.406893652795294
4034,243175063,BURKE / COTHAM / WHITEHORSE,401,127592775031,23.67121941834587,8.427910886927279
206,243121045,PRINCES HIGHWAY EAST / WEBB,402,127835896076,23.716323630555493,8.448928121059268
3777,242731632,HIGH STREETREET / COOPER,403,128078627708,23.761355598231162,8.469945355191257
3044,242617879,BUCKLEY NEAR BATMAN,404,128321245587,23.806366462265018,8.490962589323244
594,242485106,MONASH FREEWAY / NARRE WARREN NTH,405,128563730693,23.851352694035683,8.511979823455233
4166,242344589,PLENTY / GREENHILLS,406,128806075282,23.896312856863666,8.532997057587222
3722,242265642,BLACKBURN / WELLINGTON,407,129048340924,23.941258373315634,8.55401429171921
3986,242093404,CAMP NEAR SMILEY,408,129290434328,23.986171935893346,8.575031525851198
3741,242084105,PLENTY / MT COOPER,409,129532518433,24.03108377330543,8.596048759983187
4370,241866834,WURUNDJERI / BATMANS HILL DR,410,129774385267,24.07595530224775,8.617065994115174
2641,241574283,WESTERN HIGHWAY / HARVESTER,411,130015959550,24.12077255665211,8.638083228247162
2159,240536731,HUME HIGHWAY / BARRY,412,130256496281,24.1653973227197,8.65910046237915
1220,240317253,LOWER HEIDELBERG BETWEEN CARLSBERG / GLENARD,413,130496813534,24.209981370871287,8.68011769651114
2301,240113591,NEPEAN(STREET KILDA) / PUNT,414,130736927125,24.254527635316958,8.701134930643127
2011,240088258,CANTERBURY NEAR BALMORAL,415,130977015383,24.29906919994321,8.722152164775116
2612,239861820,WESTERN HIGHWAY / HAMPSHIRE,416,131216877203,24.343568755422936,8.743169398907105
5018,239704309,CORIO-WAURN PONDS(LATROBE / RYRIE / ABERDEEN,417,131456581512,24.38803908920542,8.764186633039092
3178,239397353,CLYDE / ENTERPRISE,418,131695978865,24.432452476010884,8.78520386717108
5015,239390292,CORIO-WAURN PONDS / BELL,419,131935369157,24.476864552848127,8.80622110130307
2956,239334229,WESTALL / CENTRE,420,132174703386,24.521266228786306,8.827238335435057
1061,239265865,ELIZABETH / PEEL / FLEM / BEDFORD,421,132413969251,24.56565522172387,8.848255569567046
295,238288191,MAROONDAH / YARRA,422,132652257442,24.60986283498874,8.869272803699033
3051,238220984,BELL / REYNOLDS,423,132890478426,24.654057979901513,8.89029003783102
2764,238213158,PLENTY / MCLEANS / MILTON,424,133128691584,24.698251672922027,8.91130727196301
5252,238107131,MORRIS / HEATHS,425,133366798715,24.742425695640826,8.932324506094998
4566,238078937,WILLIAM / FLINDERS,426,133604877652,24.786594487762827,8.953341740226985
3638,237827495,SOUTH / CHESTERVILLE,427,133842705147,24.830716631955493,8.974358974358974
2760,237753949,PLENTY / DALY,428,134080459096,24.874825131774468,8.995376208490963
4517,237686222,KING / DUDLEY,429,134318145318,24.918921066770103,9.01639344262295
4702,237505318,WESTALL / FAIRBANK,430,134555650636,24.96298344016104,9.03741067675494
2882,237348637,MILLERS / DUOSA / MARIGOLD,431,134792999273,25.007016745837696,9.058427910886929
4526,236840211,WURUNDJERI / FLINDERS,432,135029839484,25.050955727494816,9.079445145018916
2006,236775457,BURWOOD HIGHWAY / STATION,433,135266614941,25.0948826958844,9.100462379150903
6200,236747175,MC IVOR / VIEW / MITCHELL,434,135503362116,25.138804417351285,9.121479613282892
489,236030665,WELLINGTON / WANDA / MONASH,435,135739392781,25.18259321071608,9.14249684741488
2824,235922440,CHANDLER HIGHWAY / YARRA BLVD / GUIDE DOG ACCESS,436,135975315221,25.22636192600262,9.163514081546868
5011,235862927,CORIO-WAURN POND / NTH SHORE / THE BOULEVARD,437,136211178148,25.27011960034048,9.184531315678857
3510,235818688,MT ALEXANDER / PUCKLE / DEAN,438,136446996836,25.313869067387014,9.205548549810844
2512,235794451,PHW / GRIEVE,439,136682791287,25.357614037945837,9.226565783942833
291,235345365,STREETH GIPPS'D FREEWAY / POUND,440,136918136652,25.401275693338565,9.247583018074822
5254,235328097,DERRIMUT / HEATHS,441,137153464749,25.44493414514381,9.26860025220681
136,234950882,MAROONDAH / KENT,442,137388415631,25.488522615407938,9.289617486338798
2299,234940977,JACKA NTH LWR ESPLANADE,443,137623356608,25.53210924808033,9.310634720470786
3694,234899369,CENTRE / WARRIGAL,444,137858255977,25.575688161568806,9.331651954602775
4443,234547060,VICTORIA / WELLINGTON / POWLETT,445,138092803037,25.619201714117835,9.352669188734762
2354,234298954,NEPEAN HIGHWAY / BUNNINGS ACCESS,446,138327101991,25.66266923763768,9.37368642286675
4239,234081014,BUCKLEY NEAR ARRAN,447,138561183005,25.706096328573803,9.39470365699874
2607,233966893,WESTERN HIGHWAY / ASHLEY,448,138795149898,25.749502247596144,9.415720891130727
420,233943404,SPRINGVALE / HIGHBURY,449,139029093302,25.792903808900952,9.436738125262716
4638,233818666,BOUNDARY / LOWER DANDENONG,450,139262911968,25.83628222860886,9.457755359394703
533,233728185,NARRE WARREN-CRANBOURNE / FULLARD,451,139496640153,25.879643862134287,9.478772593526692
3232,233695180,HIGH / MANNS CROSSING,452,139730335333,25.922999372518362,9.499789827658681
1310,233321759,COOPER STREET / DALTON ROAD,453,139963657092,25.966285605230375,9.520807061790668
1112,233226509,DANDENONG SOUTHERN BYPASS / EASTLINK,454,140196883601,26.00955416700727,9.541824295922655
1001,233038887,MT ALEXANDER NEAR HALL,455,140429922488,26.052787920845162,9.562841530054644
369,232896376,BORONIA / STREETUD,456,140662818864,26.09599523581025,9.583858764186633
2018,232830584,BURWOOD HIGHWAY / BUNNINGS,457,140895649448,26.139190344936345,9.60487599831862
2909,232673307,KING / LONSDALE,458,141128322755,26.182356275777263,9.62589323245061
2597,232072930,MELTON HIGHWAY / CALDER PARK,459,141360395685,26.225410823699384,9.646910466582598
3213,231869207,SPRING BETWEEN VIOLA & CLEELAND,460,141592264892,26.268427576598764,9.667927700714586
3737,231679248,PLENTY / TAUNTON,461,141823944140,26.311409087995102,9.688944934846575
398,231642612,STH GIPPS'D HIGHWAY / HUON PARK / WENTWORTH,462,142055586752,26.354383802621058,9.709962168978564
4584,231624761,KING / COLLINS,463,142287211513,26.39735520550042,9.73097940311055
785,231545008,STREETUD / HIGH STREET ROAD,464,142518756521,26.44031181247334,9.75199663724254
923,231332879,CHELTENHAM / CORRIGAN,465,142750089400,26.48322906492871,9.773013871374527
190,231278867,PRINCES HIGHWAY EAST / CHANDLER / ELONERA,466,142981368267,26.526136296989876,9.794031105506514
744,231209607,CRANBOURNE / MCCLELLAND,467,143212577874,26.569030679823047,9.815048339638503
4772,230900268,CHAPEL / CHATHAM / PRINCES,468,143443478142,26.61186767358116,9.836065573770492
3055,230663736,BELL / ELM,469,143674141878,26.654660785537416,9.85708280790248
3946,230637428,PLENTY / MCDONALDS / GORGE,470,143904779306,26.69744901679067,9.878100042034468
4165,230577039,PLENTY / PARADE COLLEGE,471,144135356345,26.740226044578296,9.899117276166457
4999,230569580,HIGH / HEYINGTON / SPRING,472,144365925925,26.7830016885601,9.920134510298444
4183,230478003,PLENTY NEAR LARUNDEL,473,144596403928,26.825760343027717,9.941151744430433
1023,230133793,BERWICK-BEACONSFIELD NEAR GOFF,474,144826537721,26.868455139095566,9.962168978562422
2000,229750729,BURWOOD HIGHWAY / WARRIGAL,475,145056288450,26.911078868506284,9.98318621269441
2034,229653935,BURKE NEAR PINE,476,145285942385,26.95368464053648,10.004203446826397
3399,229617650,PUNT / COMMERCIAL,477,145515560035,26.99628368091439,10.025220680958386
3065,229410129,BELL / CHIFLEY,478,145744970164,27.038844221658415,10.046237915090375
4963,229276187,MCINTYRE NEAR BARWON,479,145974246351,27.081379913264463,10.067255149222362
614,229239188,MONASH / HEATHERTON (NB RAMPS),480,146203485539,27.12390874075578,10.08827238335435
5286,229232768,PRINCES FREEWAY / EASTBOUND RAMP / FORSYTH,481,146432718307,27.166436377198238,10.10928961748634
1138,229152479,SPRINGVALE / DONVALE RETIRMENT VILLAGE ENT,482,146661870786,27.20894911829466,10.130306851618327
2933,228915258,VICTORIA / CLARENDON,483,146890786044,27.25141784976483,10.151324085750316
2181,228672555,HUME / AUSTRAK,484,147119458599,27.293841554579178,10.172341319882303
3236,228410823,HIGH / CHILDS,485,147347869422,27.336216702446634,10.193358554014292
168,228322699,BURWOOD HIGHWAY / MORACK / TIP ENT / EXIT,486,147576192121,27.3785755014061,10.21437578814628
775,228274981,MOUNTAIN HIGHWAY / BORONIA,487,147804467102,27.420925447644485,10.235393022278268
860,227760150,CANTERBURY / BAYSWATER,488,148032227252,27.463179881597316,10.256410256410255
777,227631720,MOUNTAIN HIGHWAY / SCORESBY / BAYSWA,489,148259858972,27.50541048900738,10.277427490542244
2183,227440764,SYDNEY ROAD / STREETANLEY / SOUTH PACIFIC,490,148487299736,27.54760566994935,10.298444724674233
4263,227379093,BURWOOD / POWER,491,148714678829,27.589789409586952,10.31946195880622
2603,227217287,WESTERN HIGHWAY / GORDON,492,148941896116,27.631943130711928,10.34047919293821
4676,227175147,ST GEORGES NEAR WESTBOURNE,493,149169071263,27.674089033955475,10.361496427070199
251,227129022,STH GIPPS'D HIGHWAY / SLADEN(CRAN-DAND),494,149396200285,27.716226380013897,10.382513661202186
1396,227025325,PRINCES / DOVETON,495,149623225610,27.75834448803601,10.403530895334175
2814,226905626,COOPER / EDGARS,496,149850131236,27.800440389304697,10.424548129466164
3125,226679714,CANTERBURY / UNION,497,150076810950,27.842494379011235,10.44556536359815
962,226524685,WESTALL / ROSEBANK,498,150303335635,27.88451960748521,10.466582597730138
176,226398744,BURWOOD HIGHWAY / FERNTREE GULLY / COMMERCIAL,499,150529734379,27.926521471179765,10.487599831862127
2797,226281211,PLENTY / MAYFIELD - MILL PARK,500,150756015590,27.968501529960747,10.508617065994114
174,226208792,BURWOOD HIGHWAY / SCORESBY,501,150982224382,28.01046815345091,10.529634300126103
4176,226143287,DIAMOND CREEK / YAN YEAN / AQUEDUCT,502,151208367669,28.05242262434679,10.550651534258092
683,225962562,,503,151434330231,28.094343566846348,10.57166876839008
4321,225853647,HIGH / HARP / VALERIE,504,151660183878,28.13624430325773,10.592686002522068
605,225630360,HEATHERTON / POWER,505,151885814238,28.178103615101236,10.613703236654057
965,225610326,STH GIPPSLAND HIGHWAY / WATERVIEW,506,152111424564,28.219959210204426,10.634720470786045
2611,225521394,WESTERN HIGHWAY NEAR WESTMORELAND,507,152336945958,28.261798306498147,10.655737704918032
4521,225386990,SPENCER / DUDLEY,508,152562332948,28.303612467942905,10.67675493905002
5002,225358122,FITZGERALD / LEAKES / KOROROIT CREEK,509,152787691070,28.345421273749288,10.69777217318201
107,225342485,MAROONDAH / KALLAY / BRENTNALL,510,153013033555,28.38722717855396,10.718789407313997
2945,225300784,PLENTY / CENTENARY / UNIVERSITY,511,153238334339,28.429025346921204,10.739806641445986
3057,225254319,BELL NEAR JESSIE,512,153463588658,28.470814895025974,10.760823875577973
4560,225180385,EXHIBITION / FLINDERS,513,153688769043,28.512590726774654,10.781841109709962
4686,225035640,STREET GEORGES / MILLER,514,153913804683,28.554339705195208,10.802858343841951
577,224865163,BURWOOD HIGHWAY / HOLLAND / K-MART ENT,515,154138669846,28.59605705644509,10.823875577973938
4773,224538256,CHAPEL NEAR KING,516,154363208102,28.637713759375938,10.844892812105927
3129,224442156,CANTERBURY NEAR KENNEALY,517,154587650258,28.679352633678278,10.865910046237916
3705,224440053,STREETUD / MOCKRIDGE,518,154812090311,28.720991117828632,10.886927280369903
2610,224324790,WESTERN HIGHWAY / NORTHUMBERLAND,519,155036415101,28.762608218199514,10.90794451450189
696,223956121,WETHERBY NEAR ROSS,520,155260371222,28.80415692249711,10.92896174863388
4880,223811901,CITY / SOUTHBANK,521,155484183123,28.84567887086543,10.949978982765868
4460,223550235,FLEMINGTON / CHURCH,522,155707733358,28.887152274531292,10.970996216897856
3318,223514091,GRANGE NEAR EVANS,523,155931247449,28.928618972703408,10.992013451029845
3340,223510617,GREENSBOROUGH / YALLAMBIE,524,156154758066,28.970085026373383,11.013030685161834
2500,223431577,RACECOURSE / SMITHFIELD,525,156378189643,29.011536416413836,11.03404791929382
5016,223270066,CORIO-WAURN PONDS ROAD / MIDLAND,526,156601459709,29.05295784267054,11.05506515342581
764,223160012,BURWOOD / GLENFERN,527,156824619721,29.094358851529933,11.076082387557799
3242,223152090,PLENTY / BUSH / DEVELOPMENT,528,157047771811,29.135758390686984,11.097099621689786
2203,222709522,MAROONDAH / ELGAR,529,157270481333,29.177075823907916,11.118116855821773
4682,222394479,HIGH / WESTGARTH,530,157492875812,29.218334809838414,11.139134089953762
3017,222390315,ST KILDA NEAR ARGYLE,531,157715266127,29.25959302325686,11.16015132408575
932,221549322,HEATHERTON / WESTALL,532,157936815449,29.300695214284318,11.181168558217738
3042,221468626,BELL / ALVA,533,158158284075,29.341782434458434,11.202185792349727
863,221350028,CANTERBURY / COLCHESTER,534,158379634103,29.382847652138448,11.223203026481714
786,221286393,STREETUD / KELLETTS,535,158600920496,29.423901064149625,11.244220260613703
3912,221135304,GREENSBOROUGH BYPASS / ELDER,536,158822055800,29.464926445883467,11.265237494745692
4879,221019164,QUEENS BRIDGE / WHITEMAN / POWER,537,159043074964,29.505930281135363,11.28625472887768
3797,220963813,LYGON NEAR PARK,538,159264038777,29.546923847579592,11.307271963009669
1118,220917934,DANDENONG SOUTHERN BYPASS / PERRY,539,159484956711,29.58790890247703,11.328289197141656
3988,220885753,GLENROY / WHEATSHEAF / HART'TON,540,159705842464,29.628887987102935,11.349306431273645
3710,220874051,NEPEAN NEAR THIRD / THRIFT PARK,541,159926716515,29.669864900754746,11.370323665405632
2715,220863891,MILLEARA / KEILOR PARK EXTN,542,160147580406,29.710839929506804,11.39134089953762
865,220030171,CANTERBURY / ROOKS,543,160367610577,29.751660285166693,11.41235813366961
2606,219999972,WESTERN / CHURCHILL,544,160587610549,29.792475038258914,11.433375367801597
2876,219964784,WESTERN HIGHWAY / CORNWALL,545,160807575333,29.833283263216074,11.454392601933586
1050,219928506,HIGH BETWEEN CLYDE & GLOUCESTER,546,161027503839,29.874084757819592,11.475409836065573
5141,219721082,CORIO-WAURN PONDS NEAR KIDMAN,547,161247224921,29.91484777078482,11.496427070197562
796,219531105,FERNTREE GULLY / CARIBBEAN / NYADALE,548,161466756026,29.95557553890762,11.517444304329551
5820,219490847,STREETURT / DRUMMOND,549,161686246873,29.996295838300696,11.538461538461538
888,219427889,WHITEHORSE / OLIVER,550,161905674762,30.03700445762308,11.559478772593526
4162,218995956,PEEL NEAR VICTORIA,551,162124670718,30.077632944031862,11.580496006725514
5017,218983447,CORIO-WAURN PONDS ( LATROBE ) / GORDON,552,162343654165,30.1182591097506,11.601513240857503
3637,218747772,SOUTH / EAST BOUNDARY,553,162562401937,30.15884155265952,11.62253047498949
3350,218698362,GREENSBOROUGH / ERSKINE,554,162781100299,30.19941482894477,11.64354770912148
2846,218592158,MONASH / HIGH / WILLS,555,162999692457,30.239968402090984,11.664564943253469
661,218221370,STREETUD / HEATHERTON,556,163217913827,30.280453186043577,11.685582177385456
3341,218131328,GREENSBOROUGH HIGHWAY / WATSONIA,557,163436045155,30.320921265257695,11.706599411517445
3130,217470977,CANTERBURY / ELGAR,558,163653516132,30.361266835078855,11.727616645649434
493,217404364,WELLINGTON / BRANDON PK,559,163870920496,30.401600046747774,11.748633879781421
3063,217402378,BELL / VICTORIA,560,164088322874,30.441932889970737,11.76965111391341
1012,216931927,BULLA / WOODLAND,561,164305254801,30.482178454358017,11.790668348045397
5111,216906580,CORIO-WAURN PONDS / YOORINGA / FORSTER,562,164522161381,30.522419316328573,11.811685582177384
2427,216632973,PRINCES HIGHWAY EAST / FERNTREE GULLY,563,164738794354,30.5626094182829,11.832702816309373
5020,216530493,CORIO-WAURN PONDS ( LATROBE ) / MCKILLOP,564,164955324847,30.602780507980732,11.853720050441362
189,216491082,PRINCES HIGHWAY EAST / BROWNS,565,165171815929,30.642944286085662,11.87473728457335
4283,216359035,TOORAK / TOORONGA OFFICE PARK,566,165388174964,30.683083566616098,11.895754518705338
5903,216352124,HOWITT / LEARMONTH / GILLIES,567,165604527088,30.723221565006565,11.916771752837327
3067,216257056,BELL / WATERDALE,568,165820784144,30.763341926226843,11.937788986969315
3558,215974856,NORTH / JASPER / GRANGE,569,166036759000,30.803409933243543,11.958806221101304
3068,215754642,BELL / EDWIN,570,166252513642,30.843437085800318,11.979823455233293
105,215643400,MAROONDAH / COCHRANE / COOK,571,166468157042,30.88344360056009,12.00084068936528
305,215598388,STH GIPPSLAND HIGHWAY / LYNBROOK,572,166683755430,30.923441764620318,12.021857923497267
4741,215527454,TOORAK NEAR MYRTLE,573,166899282884,30.963426768889345,12.042875157629256
4085,215522291,MURRUMBEENA / NEERIM,574,167114805175,31.003410815310207,12.063892391761243
1122,215402072,DANDENONG SOUTH BYPASS / STH GIPPSLAND HIGHWAY,575,167330207247,31.043372558506395,12.084909625893232
4404,215267862,VICTORIA / LYGON,576,167545475109,31.083309402844815,12.105926860025221
3720,215235329,WELLINGTON / MONASH UNIVERSITY BUS ENT,577,167760710438,31.123240211608096,12.126944094157208
2519,215149880,PHW / CEMETERY,578,167975860318,31.16315516773373,12.147961328289197
1336,215008660,CHELTENHAM NEAR DINGLEY DANDENONG BYPASS,579,168190868978,31.203043924494985,12.168978562421186
4004,214963306,NICHOLSON / MORELAND / HOLMES,580,168405832284,31.24292426710829,12.189995796553173
451,214889593,FERNTREE GULLY / BLACKBURN,581,168620721877,31.282790934365796,12.211013030685162
4463,214805368,FLEMINGTON / ABBOTSFORD,582,168835527245,31.322641976064126,12.23203026481715
3987,214707331,JOHNSTONE NEAR SORRENTO,583,169050234576,31.36247482977856,12.253047498949138
1105,214625169,HIGH STREETREET ROAD / EASTLINK,584,169264859745,31.402292440664947,12.274064733081126
2920,214616393,RUSSELL / LATROBE,585,169479476138,31.44210842341352,12.295081967213115
2504,214443852,PHW / WESTERN HIGHWAY,586,169693919990,31.48189239607478,12.316099201345104
337,213858152,DONCASTER / TUNSTALL,587,169907778142,31.52156770871818,12.33711643547709
2714,213512983,WESTERN HIGHWAY / ROBINSONS,588,170121291125,31.561178985046563,12.35813366960908
4601,213337280,KING / BOURKE,589,170334628405,31.600757664668244,12.379150903741069
548,213204093,THOMPSONS / ROSEBANK / SPRINGHILL,590,170547832498,31.64031163522078,12.400168137873056
3658,213143774,BELL / PENTRIDGE,591,170760976272,31.6798544152942,12.421185372005045
1337,213099327,DANDENONG BYPASS / CHAPEL,592,170974075599,31.719388949487797,12.442202606137034
793,212859552,WANTIRNA NEAR SELKIRK,593,171186935151,31.7588790002329,12.46321984026902
3683,212627975,WARRIGAL NEAR GLEESON,594,171399563126,31.798326088435825,12.484237074401008
2565,212589378,WESTERN HIGHWAY / CHISHOLM DR / PANAMAX DR,595,171612152504,31.83776601606045,12.505254308532997
2402,212545149,PRINCES HIGHWAY EAST / WEST GATE FREEWAY EXIT,596,171824697653,31.877197738248963,12.526271542664984
2866,212532006,MELROSE / MASCOMA / WESTFIELD,597,172037229659,31.916627022126715,12.547288776796975
939,212473871,NAPOLEON NEAR LAKESFIELD,598,172249703530,31.956045520704585,12.568306010928962
2146,212277821,SYDNEY ROAD / MAJOR,599,172461981351,31.995427647767176,12.58932324506095
3101,212152752,BLUFF / HIGHETT,600,172674134103,32.0347865718252,12.610340479192939
4935,212076776,FURLONG / STREET ALBANS,601,172886210879,32.074131400691975,12.631357713324926
700,212047731,WILLIAMSONS / FOOTE,602,173098258610,32.11347084108305,12.652374947456915
2219,211938388,ELGAR NEAR MAROONDAH,603,173310196998,32.15278999598269,12.673392181588902
1103,211852367,BURWOOD HIGHWAY / EASTLINK,604,173522049365,32.19209319212631,12.694409415720893
3535,211782578,WELLINGTON RD / MAZDA RD / NESTLE RD,605,173733831943,32.231383440901,12.71542664985288
3131,211756960,CANTERBURY / STREETATION,606,173945588903,32.2706689369826,12.736443883984869
3643,211388089,SOUTH / TAFE COLLEGE EXIT,607,174156976992,32.30988599951556,12.757461118116856
2205,211342441,MAROONDAH NEAR MARKET,608,174368319433,32.349094593357215,12.778478352248845
936,211304992,WESTALL / OSBORNE,609,174579624425,32.3882962395994,12.799495586380832
3267,211157160,DAREBIN / STREETATION,610,174790781585,32.427470459808184,12.82051282051282
4962,211055273,STREETATION / NEALE,611,175001836858,32.4666257777748,12.841530054644808
3559,210876736,NORTH / KOORNANG / TUCKER,612,175212713594,32.505747973266416,12.862547288776796
504,210811091,THOMPSONS NEAR LESDON,613,175423524685,32.54485799019073,12.883564522908786
483,210593393,STEPRINCES HIGHWAY EASTNSONS / WAVERLEY,614,175634118078,32.58392761942754,12.904581757040773
4783,210591011,STREET GEORGES / CRAMER,615,175844709089,32.62299680675183,12.925598991172762
4475,210319592,RACECOURSE / BOUNDARY,616,176055028681,32.66201563998121,12.94661622530475
924,210298330,CHELTENHAM / KINGSCLERE,617,176265327011,32.70103052864973,12.967633459436739
1698,210210382,DINGLEY BYPASS / BOUNDARY ROAD,618,176475537393,32.740029101062056,12.988650693568726
1306,210152914,ALEXANDRA AVENUENUE / YARRA STREETREET,619,176685690307,32.77901701191744,13.009667927700713
4651,209701606,PASCOE VALE / SUNSET,620,176895391913,32.817921195377664,13.030685161832704
455,209656005,FERNTREE GULLY / JELLS,621,177105047918,32.8568169188661,13.05170239596469
3312,209332984,LWR HEIDELBERG / MARSHALL,622,177314380902,32.89565271497256,13.07271963009668
400,209194029,HALLAM / POUND,623,177523574931,32.93446273192112,13.093736864228667
317,209118091,MANNINGHAM / WILLIAMSONS,624,177732693022,32.97325866072825,13.114754098360656
970,209083298,WARRIGAL / HIGH STREET ROAD,625,177941776320,33.01204813468136,13.135771332492643
1196,209070147,PRINCES HIGHWAY E / GARDEN / IKEA ACCESS,626,178150846467,33.05083516883953,13.156788566624634
3362,209046337,BANKSIA / CAPE,627,178359892804,33.08961778572772,13.17780580075662
1390,208910821,MOOROODUC NEAR ERAMOSA WEST,628,178568803625,33.12837526146689,13.19882303488861
4115,208907933,SYDNEY / GAFFNEY / MURRAY,629,178777711558,33.1671322014196,13.219840269020597
3272,208880267,STATION NEAR COLLINS,630,178986591825,33.20588400873093,13.240857503152585
4652,208587039,DAREBIN NEAR ARTHUR,631,179195178864,33.24458141590616,13.261874737284574
556,208450748,CLYDE / CRESTHAVEN,632,179403629612,33.28325353815311,13.28289197141656
2502,208380484,SMITHFIELD / GATEHOUSE / STREETABLES,633,179612010096,33.32191262490835,13.30390920554855
2823,208316745,CHANDLER HIGHWAY / EAST FREEWAY E OFF,634,179820326841,33.36055988670051,13.324926439680537
2941,208276491,ROSANNA / STREETATION,635,180028603332,33.39919968050503,13.345943673812528
871,208241452,CANTERBURY / TERRARA,636,180236844784,33.4378329738172,13.366960907944513
3600,208207491,PASCOE VALE / DIMBOOLA,637,180445052275,33.47645996662935,13.387978142076504
4961,208078545,ROSAMOND / WILLIAMSON / AQUATIC,638,180653130820,33.515063037169575,13.408995376208491
2830,207909029,DONCASTER / HIGH,639,180861039849,33.55363465882541,13.43001261034048
587,207856919,SURREY NEAR JUNCTION,640,181068896768,33.59219661294919,13.451029844472467
4675,207771751,STREET GEORGES / HUTTON,641,181276668519,33.6307427665669,13.472047078604454
2925,207562798,KING / LATROBE,642,181484231317,33.66925015488375,13.493064312736443
4050,207285659,TOORAK NEAR MYRNIONG & QUEENS,643,181691516976,33.70770612792198,13.51408154686843
3091,207275358,BELL / THE BELL CENTRE ACCESS,644,181898792334,33.74616018990192,13.535098781000421
141,207254103,MAROONDAH / EDWARD / MANCHESTER,645,182106046437,33.78461030861964,13.556116015132408
549,207173626,MAROONDAH HIGHWAY / OLD MELBOURNE / BUNNING,646,182313220063,33.823045497113256,13.577133249264397
1699,207086768,DINGLEY BYPASS / KINGSTON ROAD,647,182520306831,33.86146457156926,13.598150483396385
319,207034495,WILLIAMSONS / SHOP TOWN ENT SOUTH,648,182727341326,33.89987394825318,13.619167717528374
3566,206992312,NORTH / MILGATE / FENTON,649,182934333638,33.93827549907823,13.64018495166036
543,206965164,NARRE WARREN NTH / OVERLAND / VICTOR,650,183141298802,33.97667201336211,13.661202185792352
2629,206897559,SUNSHINE / MAIN ROAD EAST,651,183348196361,34.01505598545629,13.682219419924339
239,206775740,NEPEAN / MAIN / MORNINGTON-TYABB,652,183554972101,34.053417357491206,13.703236654056324
710,206770344,STUD / MONASH FREEWAY RAMPS (NORTH),653,183761742445,34.091777728451405,13.724253888188315
1102,206747132,CANTERBURY / EASTLINK,654,183968489577,34.130133793083566,13.745271122320302
1304,206566685,MCDONALDS ROAD / CIVIC DRIVE,655,184175056262,34.16845638089442,13.766288356452291
448,206368523,HIGH STREET ROAD / SNEDDEN,656,184381424785,34.2067422053683,13.787305590584278
157,206328666,MAROONDAH HIGHWAY / KIMBERLEY / FLETCHER,657,184587753451,34.24502063550664,13.808322824716267
179,206277480,BURWOOD / BRENOCK PK / SELMAN / FOREST,658,184794030931,34.283289569534894,13.829340058848254
4550,206172399,ALEXANDRA / SWAN BRIDGE.,659,185000203330,34.3215390087649,13.850357292980245
537,206091087,CLYDE / MOONDARRA / MEADOWLANDS,660,185206294417,34.35977336286024,13.871374527112232
3617,205936508,PASCOE VALE / PARINGA,661,185412230925,34.397979039207755,13.892391761244221
2331,205743265,NEPEAN / PARKERS / IMES,662,185617974190,34.43614886479921,13.913408995376209
3487,205724720,WILLIAMSTOWN NEAR THOMAS,663,185823698910,34.474315249892044,13.934426229508196
2818,205512402,COOPER / SCANLON,664,186029211312,34.512442245403754,13.955443463640185
2163,205507598,SYDNEY ROAD / LYNCH,665,186234718910,34.55056834966956,13.976460697772172
3206,205321556,CLAYTON / HAUGHTON / CARINISH,666,186440040466,34.58865993912054,13.997477931904163
2864,205172060,TULLAMARINE / ENGLISH / MATTHEWS,667,186645212526,34.62672379383013,14.01849516603615
3618,204949698,PASCOE VALE / SHANKLAND / RESERVOIR,668,186850162224,34.66474639557936,14.039512400168139
3398,204848946,PUNT / PASLEY NTH,669,187055011170,34.70275030565346,14.060529634300126
4405,204784234,VICTORIA / RATHDOWNE,670,187259795404,34.74074221025192,14.081546868432115
3603,204718759,PASCOE VALE NEAR BELAIR,671,187464514163,34.77872196782177,14.102564102564102
4564,204687645,QUEEN / FLINDERS,672,187669201808,34.81669595307165,14.123581336696093
4886,204549342,CITY / MONTAGUE / YORK,673,187873751150,34.85464428012375,14.144598570828078
3483,204537984,PFW SB RAMPS / KOROROIT CREEK,674,188078289134,34.89259050002118,14.165615804960066
3821,204491277,BURKE NEAR COOKSON,675,188282780411,34.930528054759904,14.186633039092056
941,204447851,WESTALL NEAR LIBBETT,676,188487228262,34.968457553036394,14.207650273224044
3599,204433903,PASCOE VALE / GLENROY,677,188691662165,35.006384463657206,14.228667507356032
201,204391826,PRINCES HIGHWAY EAST / POWER,678,188896053991,35.044303568084445,14.24968474148802
311,204323129,THOMPSONS / WOODBINE,679,189100377120,35.08220992773237,14.270701975620009
4170,204291384,GRIMSHAW NEAR BALAKA,680,189304668504,35.1201103979962,14.291719209751996
4049,204255694,TOORAK NEAR GRANDVIEW,681,189508924198,35.1580042469931,14.312736443883987
5328,204012714,OLD GEELONG ROAD / FORSYTH ROAD / ASHCROFT AVENUE,682,189712936912,35.19585301794469,14.333753678015974
4816,204003936,VICTORIA / CHURCH,683,189916940848,35.23370016038743,14.35477091214796
3663,203853752,DENMARK / WELLINGTON,684,190120794600,35.2715194404499,14.37578814627995
3635,203817203,SOUTH / JASPER / TAYLOR,685,190324611803,35.30933193988236,14.396805380411937
139,203598210,CANTERBURY / BAYFIELD,686,190528210013,35.347103811376826,14.417822614543926
4932,203585790,MAIN / STREET ALBANS / ESPLANADE,687,190731795803,35.38487337869265,14.438839848675913
4930,203483290,MAIN / KINGS / STREETATION,688,190935279093,35.42262393004157,14.459857082807904
1093,203375127,WELLINGTON / NANTILLA,689,191138654220,35.46035441481455,14.48087431693989
360,203316629,BLACKBURN / WAVERLEY,690,191341970849,35.498074046943316,14.50189155107188
1064,203195052,RACECOURSE / WESTERN LINK ON / OFF RAMPS,691,191545165901,35.53577112390904,14.522908785203867
2147,203076634,SYDNEY ROAD / AXIOM BUSINESS PARK,692,191748242535,35.57344623177456,14.543926019335856
1094,203060411,PRINCES HIGHWAY EAST / OLIVE,693,191951302946,35.61111832992269,14.564943253467844
2645,202858172,MELTON HIGHWAY / OVERTON LEA,694,192154161118,35.648752908362184,14.58596048759983
339,202832652,SPRINGVALE / MITCHAM,695,192356993770,35.68638275228972,14.60697772173182
2012,202713309,BURWOOD HIGHWAY / HIGH ST RD / LEWIS,696,192559707079,35.72399045550952,14.627994955863807
3612,202660448,PASCOE VALE / TAGGERTY CRES STREETH,697,192762367527,35.76158835187053,14.649012189995798
844,202523775,CANTERBURY / BLACKBURN,698,192964891302,35.79916089243398,14.670029424127783
2879,202285864,KEILOR PARK / SLATER / WRR SB ON-RAMP,699,193167177166,35.83668929536127,14.691046658259774
153,202264221,MAROONDAH / CIVIC CENTRE,700,193369441387,35.87421368304395,14.712063892391761
491,202241627,WELLINGTON / COLES MYER HOUSE,701,193571683014,35.91173387905094,14.73308112652375
3262,202174623,ALBERT / MURRAY,702,193773857637,35.94924164436675,14.754098360655737
5019,202114723,CORIO-WAURN PONDS(LATROBE) / MYERS / ROEBUCK,703,193975972360,35.98673829693699,14.775115594787728
799,202011328,STREETUD / HARCREST BLVD,704,194177983688,36.02421576749846,14.796132828919713
4488,201969291,WURUNDJERI / DUDLEY,705,194379952979,36.06168543928722,14.8171500630517
161,201967519,BURWOOD HIGHWAY / LAKESIDE / WOODVALE,706,194581920498,36.09915478233165,14.838167297183691
1119,201952840,DANDENDONG SOUTH BYPASS / CHANDLER,707,194783873338,36.136621402104105,14.859184531315679
377,201838023,FERNTREE GULLY / ENT BUNNINGS (KNOX),708,194985711361,36.17406672083972,14.880201765447667
5272,201837239,SYNNOT BTN WEDGE & BRIDGE,709,195187548600,36.21151189412639,14.901218999579655
124,201751952,MAROONDAH / DEEP CREEK,710,195389300552,36.248941244829915,14.922236233711644
125,201486024,MAROONDAH / HEATHERDALE / DAMPIER,711,195590786576,36.2863212601378,14.94325346784363
3344,201454286,GRIMSHAW STREET / GREENSBOROUGH ROAD,712,195792240862,36.32369538736023,14.964270701975622
3619,201397008,PASCOE VALE / TAGGERTY CRES (NTH),713,195993637870,36.361058888274826,14.985287936107609
3640,201331660,PASCOE VALE / COOLAROO STREETATION ACCESS,714,196194969530,36.398410265722035,15.006305170239598
3503,201250329,MILLERS NEAR HOBB,715,196396219859,36.43574655450968,15.027322404371585
4032,201227182,BURKE / BELMORE / HARP,716,196597447041,36.47307854902817,15.048339638503572
2812,201172141,COOPER / GATEWAY,717,196798619182,36.51040033225071,15.069356872635561
378,201060349,FERNTREE GULLY / BORG,718,196999679531,36.54770137563935,15.090374106767548
4746,200958284,TOORAK NEAR MATHOURA,719,197200637815,36.58498348376297,15.111391340899537
4465,200489504,FLEMINGTON / GATEHOUSE / HARKER,720,197401127319,36.62217862305754,15.132408575031524
4992,200484996,MAHONEYS / EDGARS,721,197601612315,36.659372926020616,15.153425809163515
3700,200434024,WARRIGAL / CENTRE DANDENONG,722,197802046339,36.69655777257524,15.174443043295502
199,200339015,PRINCES HIGHWAY EAST / PLUNKETT,723,198002385354,36.73372499290545,15.195460277427491
640,200315696,MT DANDENONG / MAIN,724,198202701050,36.7708878870568,15.216477511559479
662,200229308,STREETUD / BRADY,725,198402930358,36.80803475436571,15.237494745691468
2178,199997464,SYDNEY ROAD / NORTHBOURNE / TRUCK CITY,726,198602927822,36.84513860959816,15.258511979823455
778,199985205,MOUNTAIN HIGHWAY / DORSET,727,198802913027,36.88224019052097,15.279529213955442
2636,199535526,MELTON HIGHWAY / VERONA,728,199002448553,36.91925834626335,15.300546448087433
4704,199340167,WESTALL NEAR HAYDEN,729,199201788720,36.9562402586859,15.32156368221942
512,199222408,MONASH FREEWAY / BELGRAVE-HALLAM,730,199401011128,36.993200324266994,15.342580916351409
3190,199070320,MIDDLEBOROUGH NEAR KATRINA,731,199600081448,37.03013217423464,15.363598150483396
268,199026039,WELLINGTON / JACKSONS,732,199799107487,37.06705580911905,15.384615384615385
2442,198994822,KOORNANG / ARAWATTA,733,199998102309,37.10397365257478,15.405632618747372
678,198985368,HIGH / MANNINGHAM,734,200197087677,37.14088974210903,15.426649852879363
795,198974643,STREETUD / LAKEVIEW / FULHAM,735,200396062320,37.17780384192382,15.447667087011348
5154,198957366,CORIO WAURN PONDS / SWINBURNE,736,200595019686,37.21471473648143,15.46868432114334
2022,198850182,STREETUD / EMMELINE,737,200793869868,37.2516057460888,15.489701555275326
1101,198681988,MAROONDAH HIGHWAY / HILLCREST / CARPARK,738,200992551856,37.28846555207138,15.510718789407314
755,198409437,MOOROODUC HIGHWAY NEAR RAIL CROSSING,739,201190961293,37.325274793948566,15.531736023539302
600,198294310,PRINCES HIGHWAY EAST / FITZGERALD / HINRICHSEN,740,201389255603,37.36206267727722,15.55275325767129
1178,198196845,FLEMINGTON / RC-HOSPITAL ENTRANCE,741,201587452448,37.39883247874034,15.573770491803279
1776,198160310,SPRINGVALE ROAD NR STATION STREET,742,201785612758,37.43559550217076,15.594787725935266
629,198146435,DORSET / MT DANDENONG,743,201983759193,37.472355951488595,15.615804960067257
798,198047564,WELLINGTON / CORPORATE / JAYDEE,744,202181806757,37.50909805809748,15.636822194199244
961,197855058,STH GIPPS'D HIGHWAY / ABBOTTS,745,202379661815,37.54580445067974,15.657839428331233
2511,197745929,PHW / BURGESS / OLD GEELONG,746,202577407744,37.58249059747219,15.67885666246322
3662,197431886,HIGH / DENMARK / PRINCESS / STREETUDLEY PARK,747,202774839630,37.619118482495836,15.699873896595207
848,197407552,CANTERBURY / STREETEVENS,748,202972247182,37.655741853036176,15.720891130727196
130,197212606,MAROONDAH HIGHWAY NR RAILWAY,749,203169459788,37.692329056877114,15.741908364859183
659,197005972,POLICE / JACKSONS,750,203366465760,37.728877925641854,15.762925598991174
4812,196949010,SWAN / MADDEN,751,203563414770,37.76541622672358,15.78394283312316
4565,196856657,FLINDERS / MARKET,752,203760271427,37.801937394326345,15.80496006725515
4334,196768873,HIGH NEAR WALPOLE,753,203957040300,37.83844227609847,15.825977301387137
602,196531130,PRINCES HIGHWAY EAST / HARMER / WEDGEWOOD,754,204153571430,37.87490305140205,15.846994535519126
3563,196507834,NORTH NEAR JASSA,755,204350079264,37.911359504793765,15.868011769651114
886,196464113,MAROONDAH NEAR RYLAND,756,204546543377,37.947807846994365,15.889029003783103
283,196331886,SPRINGVALE / GOVERNOR / HUTTON,757,204742875263,37.984231658226584,15.91004623791509
200,196123581,PRINCES HIGHWAY EAST / STH GIPPSLAND HIGHWAY,758,204938998844,38.02061682437595,15.931063472047077
281,196104794,SPRINGVALE / WELLS / EDITHVALE,759,205135103638,38.056998505130494,15.952080706179068
454,195903184,FERNTREE GULLY / WATSONS / STREETRADA,760,205331006822,38.09334278286949,15.973097940311053
3732,195898948,PLENTY / ALBERT / BOLDREWOOD,761,205526905770,38.12968627473888,15.994115174443044
599,195725817,PRINCES HIGHWAY EAST / PROGRESS,762,205722631587,38.16599764706318,16.01513240857503
3513,195557012,MT ALEXANDER / BUCKLEY,763,205918188599,38.20227770240898,16.03614964270702
1202,195205363,MAIN ROAD EAST NEAR STRADBROKE DRIVE,764,206113393962,38.2384925192596,16.05716687683901
197,195138741,PRINCES HIGHWAY EAST / WEBSTER,765,206308532703,38.274694976288295,16.078184110970998
4014,195131976,SYDNEY / GLENLYON / DAWSON,766,206503664679,38.31089617826316,16.099201345102983
2902,194999070,EXHIBITION / LONSDALE,767,206698663749,38.347072723300464,16.120218579234972
2333,194922968,NEPEAN NEAR CENTREWAY,768,206893586717,38.38323514977079,16.14123581336696
4558,194897343,OLYMPIC BLVD(SWAN) / TRAM ACCESS,769,207088484060,38.419392822249385,16.162253047498947
3363,194814928,BANKSIA NEAR MOUNT,770,207283298988,38.455535204962956,16.18327028163094
2903,194587436,RUSSELL / LONSDALE,771,207477886424,38.4916353829902,16.204287515762925
367,194509728,BORONIA / WANTIRNA,772,207672396152,38.52772114450273,16.225304749894914
2639,194477365,MELTON HIGHWAY / SHOPPING CENTRE ENT 2,773,207866873517,38.563800901978794,16.246321984026903
5257,194398402,WERRIBEE MAIN ROAD(PHW) / DERRIMUT,774,208061271919,38.5998660101105,16.26733921815889
4266,194340257,BURWOOD / AUBURN,775,208255612176,38.63592033108712,16.288356452290877
3554,194337229,NORTH / BAMBRA / THOMAS,776,208449949405,38.671974090304246,16.309373686422866
995,194328377,PRINCES HIGHWAY EAST NEAR PEEL,777,208644277782,38.708026207283915,16.330390920554855
330,194290453,DONCASTER / WETHERBY / VICTORIA,778,208838568235,38.744071288541335,16.351408154686844
5143,194268257,CORIO-WAURN PONDS / ROSSACK / GRR RAMPS,779,209032836492,38.780112251960695,16.372425388818833
611,194207819,PRINCES HIGHWAY EAST / HOGS BREATH / GMH ENT,780,209227044311,38.81614200282387,16.39344262295082
3697,194191638,WARRIGAL / KEYS / CORPORATE,781,209421235949,38.85216875176156,16.414459857082807
3330,194188858,LWR PLENTY / UPP. HEIDELBERG / WAIORA / ALTONA,782,209615424807,38.88819498494913,16.435477091214796
2335,194054063,NEPEAN NEAR ARNOT,783,209809478870,38.92419621074878,16.456494325346785
4920,194011378,CITY / SOUTHGATE,784,210003490248,38.96018951755771,16.47751155947877
2208,193891100,MAROONDAH / MIDDLEBOROUGH,785,210197381348,38.9961605101962,16.498528793610763
2706,193836796,STREETATION / BILLINGHAM / FURLONG,786,210391218144,39.03212142826817,16.51954602774275
149,193789937,ANDERSON / HARDY,787,210585008081,39.06807365298215,16.540563261874738
208,193774696,PRINCES HIGHWAY EAST / CLYDE / LYALL,788,210778782777,39.10402305016098,16.561580496006727
4780,193560868,SPRING / EDWARDES,789,210972343645,39.13993277762102,16.582597730138716
2184,193453687,SYDNEY / AMAROO / GRAND,790,211165797332,39.17582262068739,16.6036149642707
3396,193422258,PUNT / DOMAIN,791,211359219590,39.2117066329945,16.62463219840269
158,193420053,CANTERBURY / BUNNINGS HARDWARE ACCESS,792,211552639643,39.24759023622641,16.64564943253468
774,193175138,MOUNTAIN HIGHWAY / WANTIRNA,793,211745814781,39.283428402428655,16.666666666666664
267,193019524,MONASH / STREETUD (SOUTH),794,211938834305,39.3192376988682,16.687683900798657
3939,192892336,STREETATION / CARRINGTON / RUTLAND,795,212131726641,39.35502339918284,16.708701134930642
3919,192872794,EASTERN FREEWAY / TRAM,796,212324599435,39.390805474033826,16.72971836906263
2616,192759636,WESTERN HIGHWAY / HOLT / G & F ENT,797,212517359071,39.426566555628355,16.75073560319462
159,192741528,BURWOOD HIGHWAY / LAKEWOOD,798,212710100599,39.46232427779724,16.77175283732661
3352,192621087,MAIN HURSTBRIDGE / ELIZABETH,799,212902721686,39.49805965555565,16.792770071458595
4540,192558335,STREET KILDA / LEOPOLD / ARMADALE,800,213095280021,39.53378339146083,16.813787305590587
4710,192407751,HUNTINGDALE / WAVERLEY,801,213287687772,39.569479190777095,16.834804539722573
2781,191718331,GORDON / EDGEWATER / MITCHELL,802,213479406103,39.605047087772185,16.855821773854558
3316,191706968,ROSANNA / BANYULE,803,213671113071,39.640612876685005,16.87683900798655
4989,191664737,FITZGERALD / FEDERATION TRAIL,804,213862777808,39.67617083083393,16.897856242118536
2772,191568776,CHILDS / STREETABLES SHOPPING CENTRE,805,214054346584,39.71171098214186,16.918873476250525
1415,191463136,MONASH FREEWAY EXIT RAMP / FERNTREE GULLY RD,806,214245809720,39.74723153494494,16.939890710382514
3695,191439726,WARRIGAL / OLD DANDENONG,807,214437249446,39.782747744686695,16.960907944514503
5801,191432716,WESTERN FREEWAY / BACCHUS MARSH-GISBORNE,808,214628682162,39.81826265392184,16.981925178646488
335,191354028,DONCASTER / BLACKBURN,809,214820036190,39.85376296483108,17.00294241277848
2730,191282754,CALDER HIGHWAY / KEILOR PARK,810,215011318944,39.88925005287175,17.023959646910466
3113,191232543,BRUNSWICK / LYGON,811,215202551487,39.924727825685935,17.044976881042455
3229,191230831,HIGH / MAHONEYS / KEON,812,215393782318,39.960205280887095,17.065994115174444
5253,191022757,DUNCANS / SYNNOT,813,215584805075,39.99564413386091,17.08701134930643
2343,190958088,NEPEAN / TANTI / PENTECOST,814,215775763163,40.03107098933652,17.10802858343842
1145,190678315,CRANBOURNE / CLARENDON,815,215966441478,40.06644594086954,17.129045817570407
3699,190652360,WARRIGAL / BERNARD,816,216157093838,40.101816077188694,17.150063051702396
3345,190635570,GRIMSHAW / HENRY / THE CIRCUIT,817,216347729408,40.13718309859971,17.171080285834385
4159,190543009,CITY NEAR FANNING,818,216538272417,40.17253294794325,17.192097519966374
5021,190332888,CORIO-WAURN PONDS(LATROBE) / KILGOUR / NOBLE,819,216728605305,40.20784381529668,17.21311475409836
237,190178717,NEPEAN / BUNGOWER,820,216918784022,40.24312608059511,17.23413198823035
5014,189962800,CORIO-WAURN PONDS / VICTORIA,821,217108746822,40.27836828862006,17.255149222362338
618,189951200,PRINCES FREEWAY / CLYDE (NTH) EXIT,822,217298698022,40.31360834459412,17.276166456494323
4448,189912709,ALBERT / POWLETT,823,217488610731,40.348841259655174,17.297183690626312
2021,189801202,STATION BETWEEN BOARDMAN & GARDINER CK,824,217678411933,40.38405348775599,17.3182009247583
4043,189744728,BURKE / TOORAK,825,217868156661,40.41925523870836,17.33921815889029
1113,189737174,GREENS / EASTLINK,826,218057893835,40.45445558823034,17.36023539302228
194,189454388,PRINCES HIGHWAY EAST / CLOW,827,218247348223,40.48960347483306,17.381252627154268
4041,189364698,BURKE NEAR CAMPBELL,828,218436712921,40.52473472200092,17.402269861286253
403,189074559,NARRE WARREN NTH / MAGID / RYELANDS,829,218625787480,40.55981214210898,17.423287095418242
3238,188866610,COOPER / NORTHERN HOSPITAL ENT,830,218814654090,40.5948509831799,17.44430432955023
3659,188374431,MT ALEXANDER NEAR DAVIES,831,219003028521,40.629798514401195,17.46532156368222
358,188334558,BLACKBURN / HIGH STREET ROAD,832,219191363079,40.6647386483186,17.48633879781421
2787,188282596,COOPER / MILLER / EPPING PLAZA SHOP C ACC 4,833,219379645675,40.69966914216112,17.507356031946195
4805,188193760,BRIDGE / BURNLEY,834,219567839435,40.73458315500426,17.528373266078184
2637,188113351,MELTON HIGHWAY / PARMELIA,835,219755952786,40.76948225023876,17.549390500210173
438,188100661,SPRINGVALE / HEATHERTON,836,219944053447,40.80437899120379,17.57040773434216
717,188059733,MAIN NEAR PRYOR,837,220132113180,40.83926813913962,17.591424968474147
2423,188001966,PRINCES HIGHWAY EAST NEAR SUTHERLAND,838,220320115146,40.87414657004752,17.61244220260614
163,187677542,BURWOOD HIGHWAY / SEVENOAKS,839,220507792688,40.908964813286595,17.633459436738125
4919,187614237,PLENTY / THE LAKES,840,220695406925,40.94377131207897,17.654476670870114
2768,187573043,DALTON / DAREBIN / ALEXANDER,841,220882979968,40.978570168493384,17.675493905002103
3177,187486409,BERWICK-CRANBOURNE / GLASSCOCKS / GRICES,842,221070466377,41.01335295242702,17.696511139134092
4661,187458784,CLARENDON / HIGH / NORMANBY,843,221257925161,41.048130611325675,17.717528373266077
5249,187436651,WERRIBEE MAIN ROAD(PHW) / SYNNOT / BRIDGE,844,221445361812,41.082904164074115,17.738545607398066
5064,187338289,CORIO-WAURN POND(LATROBE NEAR LITTLE MALOP,845,221632700101,41.11765946854413,17.759562841530055
2166,187328807,PASCOE VALE / GIRGARRE,846,221820028908,41.15241301389806,17.78058007566204
4145,187281836,HODDLE / ROSENEATH / SOUTH,847,222007310744,41.18715784511558,17.801597309794033
3314,187229907,ROSANNA / DAREBIN,848,222194540651,41.22189304238045,17.82261454392602
4740,187183984,CHAPEL / ALEXANDRA / CHURCH,849,222381724635,41.256619719935564,17.843631778058008
310,187151080,STH GIPPS'D HIGHWAY / LESDON,850,222568875715,41.29134029308702,17.864649012189997
1331,187089408,THOMPSONS ROAD / MARRIOTT BIVD / MISSENS ROAD,851,222755965123,41.32604942474858,17.885666246321986
459,186627902,FERNTREE GULLY / SCORESBY,852,222942593025,41.36067293706544,17.90668348045397
3690,186545150,WARRIGAL / BATESFORD,853,223129138175,41.395281097096486,17.927700714585963
4356,186278151,GLENFERRIE / TOORAK,854,223315416326,41.42983972303823,17.94871794871795
3884,186241724,BURKE NEAR KARDELLA,855,223501658050,41.4643915909836,17.969735182849934
3150,186172190,CHELTENHAM / FIVEWAYS / LAKE VIEW,856,223687830240,41.498930558868054,17.990752416981927
4506,186131134,VICTORIA / PEEL,857,223873961374,41.53346190997652,18.011769651113912
4160,186127831,ST GEORGES NEAR KEMP,858,224060089205,41.567992648307055,18.0327868852459
191,185963015,PRINCES HIGHWAY EAST / HEATHERTON / EASTLINK,859,224246052220,41.60249280970485,18.05380411937789
2347,185782284,CENTRE NEAR LORANNE,860,224431834504,41.63695944159319,18.07482135350988
3817,185598195,HIGH NEAR WARD,861,224617432699,41.67139192099045,18.095838587641865
5004,185464455,CORIO-WAURN PONDS / BRODERICK,862,224802897154,41.70579958872511,18.116855821773857
1104,185396477,BORONIA / EASTLINK,863,224988293631,41.74019464507049,18.137873055905843
1701,185357045,DINGLEY BYPASS / WESTALL ROAD,864,225173650676,41.77458238592702,18.15889029003783
3816,185316797,HIGH NEAR HIGHGATE,865,225358967473,41.808962659909035,18.17990752416982
598,185263935,PRINCES HIGHWAY EAST / VICTOR,866,225544231408,41.84333312684673,18.200924758301806
384,185255716,FERNTREE GULLY / HENDERSON / STREET LAURENT,867,225729487124,41.87770206898215,18.221941992433795
3076,185217940,BELL / HUDSON / MAIN,868,225914705064,41.91206400285254,18.242959226565784
3564,185083195,NORTH / GOLF / GOLF LINKS,869,226099788259,41.94640093861108,18.263976460697773
5023,185060448,CORIO-WAURN PONDS(LATROBE / FYANS / W. FYANS,870,226284848707,41.980733654309134,18.28499369482976
503,184898986,BERWICK-CRANBOURNE (CLYDE) / KANGAN,871,226469747693,42.015036415314,18.30601092896175
4373,184851571,FOOTSCRAY / WURUNDJERI / DOCKLANDS / HARBOUR,872,226654599264,42.04933037981085,18.327028163093736
4745,184759246,TOORAK / WILLIAMS,873,226839358510,42.083607216023324,18.348045397225725
4351,184751849,MALVERN / BURKE,874,227024110359,42.11788267993233,18.369062631357714
252,184740159,STH GIPPS'D HIGHWAY / GREENS,875,227208850518,42.15215597509349,18.3900798654897
4726,184715353,CLARENDON NEAR MELBOURNE EXHIBITION CENTRE,876,227393565871,42.18642466820513,18.41109709962169
1195,184601322,WESTALL / IKEA ACCESS,877,227578167193,42.22067220609995,18.432114333753677
2598,184513474,MELTON HIGHWAY NEAR ARRAN,878,227762680667,42.25490344629073,18.453131567885666
3085,184448137,CANTERBURY / RAMSAY,879,227947128804,42.289122565054875,18.474148802017652
3646,184080499,PASCOE VALE / CAR PARK ACCESS,880,228131209303,42.32327347901853,18.495166036149644
987,183979695,SPRINGVALE / MILES,881,228315188998,42.35740569165994,18.51618327028163
3146,183934851,CHELTENHAM / BUNNINGS ACCESS ROAD,882,228499123849,42.39152958476943,18.53720050441362
664,183482940,FRANKSTON-DANDENONG / GREENS,883,228682606789,42.425569638614235,18.558217738545608
857,183475358,CANTERBURY / BEDFORD / ARINGA,884,228866082147,42.45960828583405,18.579234972677597
3846,183307734,BURKE NEAR MANNING,885,229049389881,42.4936158351764,18.600252206809582
290,183306146,PRINCES HIGHWAY EAST / SMITH,886,229232696027,42.5276230899104,18.62126944094157
165,183083979,BURWOOD HIGHWAY / SAFEWAY ENT / RSPCA ENT,887,229415780006,42.56158912786074,18.64228667507356
5227,183027331,BARWON HEADS / BREAKWATER,888,229598807337,42.595544656381875,18.66330390920555
906,182945794,WANTIRNA NEAR DAISY,889,229781753131,42.62948505802598,18.684321143337538
2605,182912935,WESTERN HIGHWAY / ROSAMOND / S'HILL,890,229964666066,42.663419363614885,18.705338377469523
1114,182904591,THOMPSON / EASTLINK,891,230147570657,42.697352121211324,18.726355611601512
361,182794277,HIGH STREET ROAD / GALLAGHERS,892,230330364934,42.73126441317483,18.7473728457335
506,182789249,NARRE WARREN-CRANB / ORMOND / LITTLECROFT,893,230513154183,42.76517577233558,18.76839007986549
3315,182663827,ROSANNA ROAD / STREET JAMES ROAD,894,230695818010,42.79906386300264,18.78940731399748
781,182643397,STREETUD / GEORGE,895,230878461407,42.83294816346282,18.81042454812947
2878,182546301,KEILOR PARK EXT / WRR NB ON-OFF RAMPS,896,231061007708,42.86681445051496,18.831441782261454
4389,182386346,VICTORIA / SWANSTON,897,231243394054,42.90065106245499,18.852459016393443
450,182382615,FERNTREE GULLY / BRANDON PK,898,231425776669,42.93448698221383,18.87347625052543
1046,182305195,ROYAL NEAR IEVERS,899,231608081864,42.96830853888819,18.894493484657417
4353,182270492,MALVERN / TOORONGA,900,231790352356,43.00212365740547,18.915510718789406
5281,182183332,DERRIMUT / VIRGILIA / SYCAMORE,901,231972535688,43.0359226058576,18.936527952921395
4954,182142488,WRIGHT NEAR STANFORD,902,232154678176,43.069713976864335,18.957545187053384
127,182070063,MAROONDAH / NEW,903,232336748239,43.103491911467124,18.978562421185373
1697,181971130,DINGLEY BYPASS / CLARINDA ROAD,904,232518719369,43.13725149185863,18.999579655317362
2602,181747505,WESTERN HIGHWAY / DROOP / FARNSWORTH,905,232700466874,43.17096958497594,19.020596889449347
4388,181692571,ELIZABETH / VICTORIA,906,232882159445,43.204677486648116,19.041614123581336
3615,181692310,PASCOE VALE / COLERAINE,907,233063851755,43.23838533989914,19.062631357713325
680,181571899,MANNINGHAM / THOMPSONS,908,233245423654,43.27207085430535,19.08364859184531
2964,181544119,COOPER / WILLANDRA,909,233426967773,43.30575121492071,19.104665825977303
998,181401428,EASTBOURNE NEAR WHITEHEAD,910,233608369201,43.33940510326937,19.12568306010929
5824,181395483,STREETURT / GILLIES,911,233789764684,43.37305788869196,19.146700294241278
4994,181361268,DALTON / THE BOULEVARD,912,233971125952,43.40670432649201,19.167717528373267
854,181273774,CANTERBURY NEAR ALLENS,913,234152399726,43.4403345322627,19.188734762505256
3642,181160236,SOUTH / STREETATION,914,234333559962,43.47394367427873,19.20975199663724
112,181113685,MAROONDAH / STREETATION,915,234514673647,43.50754418007742,19.230769230769234
4542,180973916,STREET KILDA / MOUBRAY,916,234695647563,43.5411187557036,19.25178646490122
3594,180900910,PASCOE VALE / PECK / GAFFNEY,917,234876548473,43.57467978713777,19.272803699033208
2881,180871881,WESTGATE FREEWAY / MILLERS,918,235057420354,43.60823543306459,19.293820933165197
3597,180734507,PASCOE VALE / DEVON / WINIFRED,919,235238154861,43.6417655931432,19.314838167297182
4146,180684719,HODDLE / RAMSDEN / NORTH,920,235418839580,43.67528651647097,19.33585540142917
2595,180637327,MELTON HIGHWAY / GOURLAY,921,235599476907,43.708798647557714,19.35687263556116
954,180577388,CHANDLER / DOUGLAS / RAILWAY,922,235780054295,43.74229965866356,19.37788986969315
2858,180310991,MICKLEHAM / FAWKNER,923,235960365286,43.77575124736413,19.398907103825135
4934,180247557,MCINTYRE / FURLONG,924,236140612843,43.809191067685695,19.419924337957127
4087,180222041,GLENHUNTLY NEAR GORDON,925,236320834884,43.842626154237394,19.440941572089113
5235,180212073,DERRIMUT / LEAKES,926,236501046957,43.8760593915095,19.4619588062211
2501,180170992,PHW(SMITHFIELD) / EPSOM,927,236681217949,43.909485007367586,19.48297604035309
2640,179791534,MELTON HIGHWAY / MCCUBBIN,928,236861009483,43.942840225559536,19.50399327448508
3870,179728317,ST GEORGES NEAR BRUCE,929,237040737800,43.97618371563069,19.525010508617065
4210,179672841,ST GEORGES NEAR CLAUSCEN,930,237220410641,44.009516913703976,19.546027742749054
188,179376050,PRINCES HIGHWAY EAST / CORRIGAN,931,237399786691,44.04279505062759,19.567044976881043
175,179250790,STREETUD / KNOX TAFE COLLEGE ENT / RIVERPARK,932,237579037481,44.07604994911202,19.58806221101303
1057,179159736,ROYAL NEAR MORRAH,933,237758197217,44.10928795511007,19.60907944514502
4462,178808490,FLEMINGTON NEAR MELROSE,934,237937005707,44.14246079737818,19.630096679277006
129,178428317,MAROONDAH / WANTIRNA / RINGWOOD,935,238115434024,44.17556310933218,19.651113913408995
3553,178304857,NORTH / HAWTHORN,936,238293738881,44.20864251678592,19.672131147540984
3450,178130033,NICHOLSON / ELGIN / JOHNSTON,937,238471868914,44.24168949060647,19.693148381672973
3347,178016599,MAIN / PARA / CIRCUIT / HAILES,938,238649885513,44.2747154199666,19.71416561580496
1185,177917406,FERNTREE GULLY NEAR KATHRYN,939,238827802919,44.30772294687982,19.735182849936947
4230,177725554,WILLIAMSTOWN / FRANCIS,940,239005528473,44.34069488109756,19.756200084068936
5065,177651963,CORIO-WAURN PONDS / PIONEER / SOUTH VALLEY,941,239183180436,44.373653162593136,19.777217318200925
944,177528085,LWR DANDENONG / CTR DANDENONG,942,239360708521,44.4065884620404,19.798234552332914
241,177482103,THOMPSON / GLADESVILLE,943,239538190624,44.43951523083214,19.8192517864649
2188,177403757,SOMERTON / UNION,944,239715594381,44.472427464746374,19.84026902059689
5279,177259224,PALMERS / LEAKES,945,239892853605,44.505312884663056,19.861286254728878
2722,177084895,GREEN GULLY(STREET ALBANS) / SUNSHINE / TAYLORS,946,240069938500,44.53816596277976,19.882303488860867
4800,177074470,BRIDGE / LENNOX,947,240247012970,44.57101710683348,19.903320722992852
3555,176856401,NORTH / BOORAN / WHEATLEY,948,240423869371,44.60382779437118,19.924337957124845
935,176799960,WESTALL NEAR ROWAN,949,240600669331,44.63662801088263,19.94535519125683
3561,176731671,NORTH / POATH / POET,950,240777401002,44.6694155583076,19.96637242538882
374,176707386,DORSET / BORONIA,951,240954108388,44.70219860033981,19.987389659520808
3595,176469491,PASCOE VALE / STREETEWART,952,241130577879,44.7349375077042,20.008406893652793
3120,176357544,BURKE / CANTERBURY,953,241306935423,44.76765564647883,20.029424127784782
1545,176172070,PRINCES HIGHWAY / BUNNINGS ENT,954,241483107493,44.80033937581493,20.05044136191677
214,175978775,NEPEAN / LINCOLN,955,241659086268,44.83298724474783,20.07145859604876
4653,175864953,GRANGE / WINGROVE,956,241834951221,44.865613997237915,20.09247583018075
2153,175821380,SYDNEY ROAD / BOUNDARY / QUEENS,957,242010772601,44.89823266599408,20.11349306431274
963,175724483,CHELTENHAM / PARKMORE SHOP CENTRE,958,242186497084,44.930833358261005,20.134510298444724
4613,175602179,CENTRE / EAST BOUNDARY,959,242362099263,44.96341136049067,20.155527532576713
2829,175460354,DONCASTER / GREYTHORN,960,242537559617,44.99596305111535,20.1765447667087
1211,175398173,CARDINIA / HENRY / RIX,961,242712957790,45.02850320581966,20.197562000840687
4387,175106827,ELIZABETH / QUEENSBERRY,962,242888064617,45.060989309539565,20.21857923497268
4206,175095215,MT ALEXANDER / ORMOND / MARIBYRNONG,963,243063159832,45.093473258982314,20.239596469104665
3451,174888996,BRUNSWICK / JOHNSTON,964,243238048828,45.12591895034034,20.260613703236654
2050,174849231,MCINTYRE / WHITEHILL,965,243412898059,45.15835726443081,20.281630937368643
2005,174829198,BURWOOD HIGHWAY / DEAKIN UNIVERSITY,966,243587727257,45.190791861966495,20.302648171500632
733,174715642,FRANKSTON-DANDENONG / SEAFORD / BALLARTO,967,243762442899,45.223205392408126,20.323665405632617
2580,174689694,TAYLORS / EAST ESPLANADE,968,243937132593,45.25561410893453,20.344682639764606
1257,174654237,BURKE RD NTH BETWEEN KEAM AND MACKENNEL,969,244111786830,45.28801624742056,20.365699873896595
528,174633836,DAVEY-HASTINGS NEAR FRANKSTON HOSP ENT,970,244286420666,45.32041460107984,20.386717108028584
532,174498261,NARRE WARREN-CRANBOURNE / CENTRE,971,244460918927,45.35278780264432,20.407734342160573
670,174298544,CHELTENHAM / CHANDLER,972,244635217471,45.38512395238572,20.42875157629256
4951,174160817,ASHLEY / SUNSHINE / DEMPSTER,973,244809378288,45.41743455078977,20.449768810424548
3500,174025849,MILLERS NEAR EAMES,974,244983404137,45.449720109710654,20.470786044556537
4402,173996754,VICTORIA / BOUVERIE,975,245157400891,45.482000270879766,20.491803278688526
3019,173928343,MARINE / BARKLY / GLEN HUNTLY,976,245331329234,45.514267740328734,20.51282051282051
2007,173735697,BURWOOD HIGHWAY NEAR STARLING,977,245505064931,45.54649946977805,20.533837746952504
449,173649468,FERNTREE GULLY / LUM,978,245678714399,45.57871520188285,20.55485498108449
2857,173486852,MICKLEHAM / ALANBRAE / CAMBRIDGE,979,245852201251,45.6109007652025,20.575872215216478
145,173410517,MAROONDAH / ANDERSON,980,246025611768,45.64307216672863,20.596889449348467
4667,173371012,GRANGE / DAREBIN,981,246198982780,45.675236239222826,20.617906683480456
4567,173360374,SPENCER / FLINDERS,982,246372343154,45.70739833813794,20.63892391761244
192,173347248,PRINCES HIGHWAY EAST / GLADSTONE / JONES,983,246545690402,45.73955800189615,20.65994115174443
313,173261046,PRINCES HIGHWAY EAST / LAKESIDE,984,246718951448,45.771701673318944,20.68095838587642
2894,173146626,MICKLEHAM / DPI DRIVEWAY,985,246892098074,45.80382411735698,20.701975620008405
1018,173120725,MAROONDAH HIGHWAY / LANDSCAPE,986,247065218799,45.835941756199325,20.722992854140397
4519,173004490,SPENCER / ABBOTSFORD,987,247238223289,45.86803783093518,20.744010088272383
2854,172978073,MICKLEHAM / BARRYMORE,988,247411201362,45.90012900474616,20.76502732240437
204,172872149,PRINCES HIGHWAY EAST / MAGID,989,247584073511,45.93220052736416,20.78604455653636
5268,172855648,SAYERS / MORRIS,990,247756929159,45.96426898868977,20.80706179066835
2579,172659692,TAYLORS / KERRISON / REGAN,991,247929588851,45.996301095939124,20.828079024800335
3515,172633274,MT ALEXANDER / BREWSTER / THISTLE,992,248102222125,46.028328302078094,20.849096258932327
4001,172630810,SYDNEY / MORELAND,993,248274852935,46.060355051091776,20.870113493064313
2150,172556089,SYDNEY ROAD / BAKERS,994,248447409024,46.092367937743845,20.8911307271963
4781,172543181,SPRING / REGENT,995,248619952205,46.124378429682736,20.91214796132829
1170,172446521,STUD NEAR TIMBERTOP,996,248792398726,46.156370989101006,20.933165195460276
2820,172282943,CHANDLER HIGHWAY / PRINCESS,997,248964681669,46.188333201262324,20.954182429592265
4477,172224259,ELLIOTT / BRENS,998,249136905928,46.22028452627238,20.975199663724254
915,172124973,WANTIRNA NEAR KIRK,999,249309030901,46.252217431582025,20.996216897856243
4882,172044811,CITY / MORAY / QUEENSBRIDGE,1000,249481075712,46.28413546510688,21.01723413198823
4040,172041616,BURKE / CAMBERWELL / RIVERSDALE,1001,249653117328,46.31605290589013,21.03825136612022
300,171999063,PRINCES HIGHWAY EAST / MCGREGOR / THE AVENUE,1002,249825116391,46.34796245217153,21.059268600252206
747,171848884,CRANBOURNE / KARINGAL HUB ENT,1003,249996965275,46.37984413700026,21.080285834384192
205,171659196,PRINCES HIGHWAY EAST / DECOR,1004,250168624471,46.411690630602315,21.101303068516184
4647,171525342,BOUNDARY / MALCOLM / WHITE,1005,250340149813,46.44351229139229,21.12232030264817
1333,171483840,PRINCES HIGHWAY EAST / CARDINIA RD / GRANDVUE,1006,250511633653,46.47532625266365,21.14333753678016
846,171449374,CANTERBURY / MAHONEYS,1007,250683083027,46.50713381974654,21.164354770912148
2867,171434635,MELROSE / MALVERN / EXIT RAMP / CATERPILLAR,1008,250854517662,46.53893865242617,21.185372005044137
5133,171353466,MIDLAND HIGHWAY / GRR SB RAMPS / ROLLINS,1009,251025871128,46.570728426500715,21.206389239176122
1379,171262800,BARKERS / CHURCH / HIGH (KEW TRAM DEPOT),1010,251197133928,46.60250138007128,21.227406473308115
253,171173548,FOSTER / ENT CAPITAL CENTRE,1011,251368307476,46.63425777546546,21.2484237074401
4409,171070604,RATHDOWNE / ELGIN,1012,251539378080,46.665995072521106,21.26944094157209
371,170984205,BORONIA / SCORESBY,1013,251710362285,46.69771634069356,21.290458175704078
4030,170905311,BURKE / DONCASTER / KILBY / HIGH,1014,251881267596,46.72942297232265,21.311475409836063
3224,170761780,HIGH / BROADHURST,1015,252052029376,46.761102975846875,21.332492643968052
3774,170755872,CLAYTON BETWEEN BAYVIEW & STEWART,1016,252222785248,46.79278188330932,21.35350987810004
4273,170754361,TOORAK / TOORONGA,1017,252393539609,46.824460510448574,21.37452711223203
2499,170721274,SMITHFIELD / SPEAKMEN,1018,252564260883,46.856132999233715,21.39554434636402
2898,170680952,TODD OFF RAMP / PROHASKY / SERVICE CENTRE,1019,252734941835,46.88779800741574,21.41656158049601
4715,170670641,FERNTREE GULLY / CLAYTON / STEPRINCES HIGHWAY EASTN…,1020,252905612476,46.91946110268425,21.437578814627994
5219,170524184,CORIO-WAURN PONDS(SETTLEMENT) NEAR FRANCIS,1021,253076136660,46.95109702701161,21.458596048759983
3714,170499966,BEACH NEAR ANTIBES,1022,253246636626,46.982728458376165,21.47961328289197
2984,170452394,MALVERN NEAR WESTBOURNE,1023,253417089020,47.01435106410582,21.50063051702396
907,170360334,WANTIRNA NEAR ELLISON,1024,253587449354,47.045956590714326,21.521647751155946
4755,170293283,MALVERN / WILLIAMS,1025,253757742637,47.07754967791213,21.542664985287935
5069,170246014,CORIO-WAURN PONDS (SETTLEMENT / BREAKWATER,1026,253927988651,47.10913399568806,21.563682219419924
3261,170224550,ALBERT / WOOD,1027,254098213201,47.140714331427766,21.584699453551913
3551,170142820,NORTH / KOOYONG,1028,254268356021,47.17227950448476,21.605716687683902
4044,170099063,TOORAK NEAR BOWEN,1029,254438455084,47.203836559671856,21.626733921815887
698,170057095,BLACKBURN / REYNOLDS,1030,254608512179,47.23538582888725,21.647751155947876
3539,170012416,BEACONSFIELD NEAR LANGRIDGE,1031,254778524595,47.26692680918179,21.668768390079865
712,169892038,MAIN / BOLTON,1032,254948416633,47.29844545675373,21.689785624211854
3336,169865943,LWR PLENTY / TURNHAM / RAILWAY CROSSING,1033,255118282576,47.329959263138775,21.710802858343843
2303,169726212,NEPEAN / BARKLY,1034,255288008788,47.36144714640113,21.731820092475832
3721,169718126,WELLINGTON / MONASH UNIVERSITY ENT,1035,255457726914,47.39293352953561,21.752837326607818
467,169521641,HIGH ST RD NEAR HUNTER,1036,255627248555,47.42438346045289,21.773854560739807
2631,169359035,WRR / BOUNDARY,1037,255796607590,47.45580322444023,21.794871794871796
1355,169276591,WELLINGTON BETWEEN WESTMINSTER & TAYLORS,1038,255965884181,47.48720769328243,21.81588902900378
4524,169254086,KING / HAWKE,1039,256135138267,47.518607986960376,21.836906263135774
3610,169212338,PASCOE VALE / TANDERRUM WAY,1040,256304350605,47.550000535481374,21.85792349726776
2585,169118435,KINGS / HUME,1041,256473469040,47.58137566296488,21.878940731399748
749,169069983,FRANKSTON-DANDENONG / O'GRADYS,1042,256642539023,47.61274180155444,21.899957965531737
3506,169019732,,1043,256811558755,47.644098617496645,21.920975199663726
4363,168965124,HIGH / BURKE,1044,256980523879,47.675445302473754,21.94199243379571
2623,168735461,STREETATION / TILBURN,1045,257149259340,47.706749379997085,21.9630096679277
233,168593518,NEPEAN / DAVEY,1046,257317852858,47.73802712402389,21.98402690205969
3204,168587518,CENTRE DANDENONG / BOUNDARY,1047,257486440376,47.76930375492091,22.005044136191675
2825,168545734,EASTERN / BURKE ON RAMP,1048,257654986110,47.80057263398221,22.026061370323667
570,168541233,CRANBOURNE-FRANKSTON / HALL,1049,257823527343,47.831840678010664,22.047078604455653
4467,168497946,ELLIOT / TRAMWAY CROSSING,1050,257992025289,47.86310069136438,22.06809583858764
783,168456178,STREETUD / COLEMAN / HAROLD,1051,258160481467,47.894352955850714,22.08911307271963
646,168411619,STREETUD / CLOW,1052,258328893086,47.92559695367879,22.11013030685162
4808,168379201,CHURCH / SWAN,1053,258497272287,47.95683493726673,22.131147540983605
3003,168240313,BARKERS / GLENFERRIE,1054,258665512600,47.988047154126704,22.152164775115597
578,168235001,BURWOOD HIGHWAY NEAR HIGHVIEW,1055,258833747601,48.019258385495796,22.173182009247583
4236,168161680,HOPKINS / DYNON / WHITEHALL,1056,259001909281,48.05045601423355,22.194199243379572
2063,168078874,KINGS ROAD / TAYLORS ROAD,1057,259169988155,48.081638280667335,22.21521647751156
4171,168074665,GRIMSHAW NEAR PATRICIA,1058,259338062820,48.11281976624059,22.236233711643546
791,168054875,MOUNTAIN HIGHWAY / HIGH / VALENTINE,1059,259506117695,48.14399758034081,22.257250945775535
1246,168038254,POUND ROAD / VANESSA DRIVE,1060,259674155949,48.17517231088604,22.278268179907524
2509,167978735,PHW / MILLERS / FRANCIS,1061,259842134684,48.20633599936946,22.299285414039513
4688,167776097,PLENTY / HAWKSTOWE / MCARTHURS ROAD.,1062,260009910781,48.237462094121106,22.3203026481715
500,167734595,SPRINGVALE / THE WATERWAYS,1063,260177645376,48.26858048935413,22.34131988230349
2724,167641291,MILLEARA / DINAH / STREETERLING,1064,260345286667,48.299681574677116,22.362337116435477
5316,167483432,SAYERS / TARNEIT,1065,260512770099,48.33075337374134,22.383354350567465
3976,167391012,PLENTY / OLD PLENTY,1066,260680161111,48.36180802689664,22.404371584699454
2415,167203733,PRINCES HIGHWAY EAST NEAR CARNARVON,1067,260847364844,48.39282793574687,22.42538881883144
4764,167121898,HIGH / WILLIAMS,1068,261014486742,48.42383266243463,22.44640605296343
2968,167075450,MILLERS BETWEEN PRIMULA & CYPRESS,1069,261181562192,48.454828772013784,22.467423287095418
2922,167073269,ELIZABETH / LATROBE,1070,261348635461,48.48582447697026,22.488440521227407
2189,167023892,SOMERTON / AUSTRAK,1071,261515659353,48.51681102142528,22.509457755359392
858,166806857,CANTERBURY ROAD / ARMSTRONG ROAD,1072,261682466210,48.54775730119365,22.530474989491385
172,166731478,BURWOOD HIGHWAY / KNOX CITY ENT 2 / TYNER,1073,261849197688,48.578689596527184,22.55149222362337
752,166707687,FRANKSTON-DANDENONG / LATHAMS / HALL,1074,262015905375,48.60961747811564,22.57250945775536
2785,166621409,HIGH NEAR COULSTOCK,1075,262182526784,48.64052935326903,22.593526691887348
2180,166413909,SOMERTON / RESERVOIR / ROXBURGH PARK S / C,1076,262348940693,48.67140273268449,22.614543926019337
2332,166276333,NEPEAN / WHITE,1077,262515217026,48.70225058877638,22.635561160151322
407,166211467,KINGSWAY / RAILWAY PDE NTH / COLEMAN,1078,262681428493,48.73308641082231,22.65657839428331
3994,166131784,MAHONEYS NEAR CHEVIOT,1079,262847560277,48.763907449948306,22.6775956284153
4784,166069155,STREET GEORGES / OAKOVER,1080,263013629432,48.794716870040226,22.69861286254729
142,166031994,MAROONDAH / VICTORIA,1081,263179661426,48.825519395962914,22.71963009667928
1234,165869889,PRINCES HIGHWAY EAST (EAST) / BEACONSFIELD-BERWICK…,1082,263345531315,48.85629184790199,22.740647330811264
3265,165864848,ALBERT / DUNDAS / STREETATION,1083,263511396163,48.88706336462655,22.761664564943253
2872,165861947,MICKLEHAM NEAR TANGEMERE,1084,263677258110,48.91783434315286,22.78268179907524
373,165822668,BORONIA / TORMORE / NARCISSUS,1085,263843080778,48.94859803457512,22.80369903320723
2145,165621756,SYDNEY ROAD / GRASSLANDS,1086,264008702534,48.979324452475936,22.82471626733922
5006,165533955,CORIO-WAURN PONDS / PURNELL / STREETATION,1087,264174236489,49.01003458139225,22.84573350147121
1095,165046114,MELBOURNE NEAR HOSKING,1088,264339282603,49.04065420525175,22.866750735603194
1367,165024107,BULLEEN / GOLDEN WAY,1089,264504306710,49.07126974633677,22.887767969735183
2771,164878211,MCDONALDS NEAR DERBY,1090,264669184921,49.10185822055827,22.908785203867172
3263,164773455,ALBERT / GOWER,1091,264833958376,49.132427260276046,22.929802437999157
3653,164769049,RESERVE / PARK / TULIP,1092,264998727425,49.16299548258553,22.950819672131146
2009,164654728,BURWOOD HIGHWAY / TEMPLETON / RENOU,1093,265163382153,49.193542495876905,22.971836906263135
2311,164648869,BEACONSFIELD / COWDEROY,1094,265328031022,49.22408842219706,22.992854140395124
3306,164574541,HEIDELBERG / STREETATION,1095,265492605563,49.254620559065614,23.013871374527113
4023,164563194,NICHOLSON / ARTHURTON / BLYTH,1096,265657168757,49.28515059082025,23.034888608659102
4743,164513123,TOORAK / CHAPEL,1097,265821681880,49.31567133332141,23.055905842791088
738,164384030,FRANK-FLIND / MCMAHONS(MOOROODUC / HASTINGS),1098,265986065910,49.34616812627898,23.076923076923077
353,164360480,BLACKBURN / CENTREWAY,1099,266150426390,49.376660550202196,23.097940311055066
140,164161727,MAROONDAH / BLACK SPRINGS,1100,266314588117,49.407116101145164,23.11895754518705
2626,164108446,RALEIGH / CLYDE,1101,266478696563,49.43756176731024,23.139974779319044
723,164095104,BURWOOD HIGHWAY / STATION,1102,266642791667,49.46800495824576,23.16099201345103
3501,163995192,MILLERS / BLACKSHAWS,1103,266806786859,49.49842961334431,23.182009247583018
4685,163980765,ST GEORGES NEAR BEAVERS,1104,266970767624,49.52885159192233,23.203026481715007
3293,163908182,GRANGE BETWEEN GARDEN / WATTLE,1105,267134675806,49.55926010478398,23.224043715846996
3480,163866433,KOROROIT CK / MAIDSTONE,1106,267298542239,49.58966087230316,23.24506094997898
4310,163813194,KEILOR NEAR MATTHEWS,1107,267462355433,49.62005176283636,23.266078184110974
3030,163696147,BEACH / HAMPTON / BRIDGE,1108,267626051580,49.6504209386195,23.28709541824296
4774,163389905,CHAPEL NEAR UNION,1109,267789441485,49.68073329988806,23.30811265237495
2726,163376517,MILLEARA / BUCKLEY,1110,267952818002,49.71104317739305,23.329129886506937
4698,163365838,CENTRE / HAUGHTON / CARINISH,1111,268116183840,49.74135107371258,23.350147120638923
864,163316187,CANTERBURY / LIVERPOOL,1112,268279500027,49.77164975869772,23.37116435477091
1007,163287048,BULLA / TULLAMARINE FREEWAY EB ON / OFF RAMP,1113,268442787075,49.80194303776813,23.3921815889029
4217,162933589,BRUNSWICK NEAR LEICESTER,1114,268605720664,49.83217074254922,23.41319882303489
435,162928337,SPRINGVALE / LIGHTWOOD,1115,268768649001,49.86239747297073,23.434216057166875
276,162917021,CRANBOURNE / KARINGAL,1116,268931566022,49.89262210402948,23.455233291298867
2151,162821519,SYDNEY ROAD / SHORTS / KEADY,1117,269094387541,49.92282901740166,23.476250525430853
4991,162797677,MAHONEYS / HUGHES,1118,269257185218,49.95303150756717,23.497267759562842
691,162789091,WILLIAMSONS / LYNNWOOD / KING,1119,269419974309,49.983232404843974,23.51828499369483
3260,162785208,ALBERT / TYLER,1120,269582759517,50.013432581740304,23.53930222782682
2210,162704872,MAROONDAH NEAR WATTS,1121,269745464389,50.04361785457107,23.560319461958805
4895,162602652,QUEENS BRIDGE / CROWN PORTE COCHERE EXIT,1122,269908067041,50.073784163380964,23.581336696090794
3562,162556420,NORTH NEAR SHAFTON,1123,270070623461,50.10394189515493,23.602353930222783
178,162539432,BURWOOD HIGHWAY / KNOX CITY ENT 5 / TYNER,1124,270233162893,50.13409647528747,23.62337116435477
2298,162295019,JACKA NEAR LWR ESPLANADE,1125,270395457912,50.1642057115222,23.64438839848676
3217,162292271,HIGH / ALLENBY,1126,270557750183,50.19431443794351,23.665405632618747
4028,162233406,HOLMES NEAR DONALD,1127,270719983589,50.22441224363414,23.686422866750735
3682,161927391,WARRIGAL / RIVERSDALE,1128,270881910980,50.254453276923606,23.707440100882724
115,161925037,MAROONDAH / SURREY,1129,271043836017,50.28449387349515,23.728457335014713
3698,161887423,WARRIGAL / KINGSTON,1130,271205723440,50.31452749185617,23.7494745691467
3230,161653154,HIGH / SETTLEMENT,1131,271367376594,50.34451764825077,23.770491803278688
4996,161545893,SETTLEMENT NEAR COOK,1132,271528922487,50.37448790540997,23.791509037410677
1111,161503491,EASTLINK / CHELTENHAM INTERCHANGE,1133,271690425978,50.40445029608108,23.812526271542662
889,161379467,BAYSWATER NEAR GLEN PARK,1134,271851805445,50.43438967761773,23.833543505674655
4369,161302178,BURKE / CARROLL / WILLS,1135,272013107623,50.464314720373224,23.85456073980664
216,161190530,NEPEAN / STREETATION / EDITHVALE,1136,272174298153,50.49421905000994,23.87557797393863
656,161123751,HEATHERTON / CHANDLER,1137,272335421904,50.524110990697814,23.896595208070618
4201,161071611,RALEIGH NEAR WOODS,1138,272496493515,50.55399325828797,23.917612442202607
4883,160887174,CITY / CLARENDON,1139,272657380689,50.58384130882552,23.938629676334592
901,160835369,MT DANDENONG / DUBLIN,1140,272818216058,50.61367974841511,23.959646910466585
3012,160753396,BEACONSFIELD / KERFERD,1141,272978969454,50.64350298024023,23.98066414459857
6231,160605474,BARNARD ST NEAR WATERLOO,1142,273139574928,50.673298769335005,24.00168137873056
859,160466104,CANTERBURY / GATWICK,1143,273300041032,50.703068702280405,24.02269861286255
255,160444469,CRANBOURNE-FRANK / WARRANDYTE,1144,273460485501,50.732834621465386,24.043715846994534
660,160409838,STREETUD ROAD / HERBERT STREET,1145,273620895339,50.76259411585083,24.064733081126523
3784,160313238,SYDNEY NEAR STEWART,1146,273781208577,50.79233568884697,24.08575031525851
3703,160246691,WARRIGAL / COCHRANES,1147,273941455268,50.822064915935286,24.1067675493905
1063,160036836,DUDLEY NEAR WILLIAM,1148,274101492104,50.85175521038223,24.127784783522486
3252,160020797,MACEDON NEAR EVANS,1149,274261512901,50.88144252924778,24.14880201765448
3253,159922774,RIDDELL NEAR HORNE,1150,274421435675,50.91111166272674,24.169819251786464
601,159904062,PRINCES HIGHWAY EAST / TINKS,1151,274581339737,50.940777324724976,24.190836485918453
505,159867781,CRANBOURNE-FRANKSTON / MONAHANS / CHERRYHILL,1152,274741207518,50.970436255813,24.211853720050442
608,159640950,PRINCES HIGHWAY EAST / PAKENHAM / DUNCAN,1153,274900848468,51.0000531048445,24.232870954182427
3226,159577655,HIGH NEAR BARTON,1154,275060426123,51.02965821128452,24.253888188314416
3893,159503300,SYDNEY NEAR PAGE,1155,275219929423,51.05924952326385,24.274905422446405
2921,159210478,SWANSTON / LATROBE,1156,275379139901,51.088786510428854,24.295922656578394
3685,159193041,WARRIGAL / HIGHBURY,1157,275538332942,51.118320262653214,24.316939890710383
4656,159150175,STREETATION / DEER PARK SHOPPING CENTRE,1158,275697483117,51.147846062307444,24.337957124842372
4251,159141960,WILLIAMSTOWN / SOMERVILLE,1159,275856625077,51.17737033790151,24.358974358974358
488,159082928,WAVERLEY / ARISTOC / GLENWOOD,1160,276015708005,51.206883661782776,24.379991593106347
5057,158899454,MOORABOOL / FYANS,1161,276174607459,51.23636294726877,24.401008827238336
822,158894674,WARBURTON HIGHWAY / BELL RD / LINK RD,1162,276333502133,51.26584134596139,24.422026061370325
1542,158871432,OLD GEELONG ROAD / NEW BUNNINGS ENTRANCE /,1163,276492373565,51.29531543276031,24.443043295502314
3900,158863862,MILLERS / MCARTHURS,1164,276651237427,51.3247881151605,24.4640605296343
2904,158790289,SWANSTON / LONSDALE,1165,276810027716,51.35424714817791,24.485077763766288
3400,158751558,PUNT / MOUBRAY / GREVILLE,1166,276968779274,51.38369899575713,24.506094997898277
4717,158582440,BLACKBURN / NORMANBY,1167,277127361714,51.41311946828957,24.527112232030266
2811,158508966,COOPER / TIP ACCESS ROAD,1168,277285870680,51.44252630980586,24.54812946616225
4665,158504029,ST GEORGES NEAR SUMNER,1169,277444374709,51.47193223540189,24.56914670029424
3739,158171414,PLENTY / LODDON / TARGET ENT,1170,277602546123,51.50127645372141,24.59016393442623
4306,157913682,UPPER HEIDELBERG NEAR ST ELMO,1171,277760459805,51.53057285718056,24.61118116855822
394,157786818,PRINCES HIGHWAY EAST / DOHERTY,1172,277918246623,51.55984572462382,24.632198402690207
943,157682775,SPRINGVALE / SPOTLIGHT CENTRE,1173,278075929398,51.58909928984028,24.653215636822196
3746,157645503,PLENTY / FRANKLINS ACCESS ROAD,1174,278233574901,51.61834594029461,24.67423287095418
4473,157470482,RACECOURSE / WELLINGTON,1175,278391045383,51.647560120567974,24.69525010508617
131,157377813,MAROONDAH / WARRANDYTE,1176,278548423196,51.67675710873753,24.71626733921816
4944,157286866,RALEIGH / VAN NESS,1177,278705710062,51.70593722427155,24.737284573350145
2308,157268747,NEPEAN / CHAPEL,1178,278862978809,51.73511397833918,24.758301807482137
4518,157268675,DRYBURGH / SPENCER / MILLER,1179,279020247484,51.76429071904924,24.779319041614123
4271,157119448,AUBURN / RIVERSDALE,1180,279177366932,51.79343977492324,24.800336275746112
2919,157087523,EXHIBITION / LATROBE,1181,279334454455,51.82258290801926,24.8213535098781
5008,156918837,CORIO-WAURN PONDS NEAR BELLBIRD,1182,279491373292,51.85169474621383,24.84237074401009
567,156894760,PRINCES HIGHWAY EAST / BRUNT / WHITESIDE,1183,279648268052,51.88080211760414,24.863387978142075
6152,156661530,HUME FREEWAY / LINCOLN CAUSEWAY,1184,279804929582,51.90986621978503,24.884405212274068
2907,156600713,QUEEN / LONSDALE,1185,279961530295,51.93891903909703,24.905422446406053
843,156564040,CANTERBURY / PACIFIC WAY,1186,280118094335,51.967965054774346,24.92643968053804
472,156549220,POLICE / BROWNS,1187,280274643555,51.99700832102112,24.94745691467003
4536,156536250,STREET KILDA / PARK / DOMAIN,1188,280431179805,52.02604918105238,24.968474148802017
2939,156403832,RACECOURSE / NEWMARKET,1189,280587583637,52.05506547468063,24.989491382934006
4178,156391487,GRIMSHAW NEAR DENDARYL,1190,280743975124,52.084079478044366,25.010508617065994
4202,156290329,MARIBYRNONG / ORFORD / WALTER,1191,280900265453,52.1130747144112,25.031525851197983
3692,156235433,WARRIGAL NEAR KANGAROO,1192,281056500886,52.14205976638272,25.05254308532997
4838,156162785,MARINE / DICKENS / MARINA ENT,1193,281212663671,52.17103134057896,25.073560319461958
2838,156156578,COOPER / METROLINK CIRCUIT,1194,281368820249,52.200001763242454,25.09457755359395
4237,155871106,HOPKINS / IRVING / MOORE,1195,281524691355,52.22891922467559,25.115594787725936
4472,155778663,RACECOURSE / EASTWOOD,1196,281680470018,52.257819535932825,25.136612021857925
482,155764221,STEPRINCES HIGHWAY EASTNSONS / VIRGINIA,1197,281836234239,52.2867171678867,25.15762925598991
4437,155701288,WURUNDJERI / BOURKE,1198,281991935527,52.315603124407914,25.1786464901219
3405,155696467,DYNON / DOCK LINK,1199,282147631994,52.34448818652936,25.19966372425389
3329,155681369,LOWER PLENTY NEAR GRANDVIEW,1200,282303313363,52.373370447645264,25.220680958385877
657,155646017,HEATHERTON / GLADSTONE,1201,282458959380,52.40224615020054,25.241698192517863
4681,155618796,HIGH / CLARKE,1202,282614578176,52.431116802671575,25.26271542664985
2004,155603762,BURWOOD HIGHWAY / ELGAR / MCINTYRE,1203,282770181938,52.45998466601045,25.283732660781844
4878,155522681,CLARENDON / WHITEMAN / NORMANBY,1204,282925704619,52.48883748707015,25.30474989491383
5076,155407058,CORIO-WAURN P(LATROBE)BETWEEN BOND&CLARENDON,1205,283081111677,52.5176688575626,25.32576712904582
3018,155404062,MARINE / CAVELL,1206,283236515739,52.54649967223224,25.346784363177804
2152,155303417,SYDNEY RD NEAR MATHIESON,1207,283391819156,52.575311815077576,25.367801597309793
287,155231154,SPRINGVALE NEAR BALMORAL,1208,283547050310,52.604110551573456,25.388818831441785
4939,155166368,MCINTYRE / BERKSHIRE,1209,283702216678,52.63289726886512,25.40983606557377
3169,155128679,THOMPSONS / LYNDHURST,1210,283857345357,52.66167699403213,25.43085329970576
4307,155127446,BURKE / MCARTHUR,1211,284012472803,52.690456490450956,25.451870533837745
2646,155088708,COBURNS / BARRIES,1212,284167561511,52.71922880013293,25.472887767969738
790,155061243,MOUNTAIN HIGHWAY / STUD,1213,284322622754,52.747996014463396,25.493905002101723
2877,154917120,TAYLORS / KEILOR DOWNS S / C WEST ENT,1214,284477539874,52.77673649086017,25.514922236233712
4748,154906117,TOORAK / ORRONG,1215,284632445991,52.80547492596248,25.535939470365697
3193,154886510,MIDDLEBOROUGH / ALBION,1216,284787332501,52.8342097235422,25.55695670449769
2813,154862784,COOPER / FREIGHT / REX,1217,284942195285,52.86294011943578,25.57797393862968
2201,154765559,WHITEHORSE NEAR MARLBOROUGH,1218,285096960844,52.891652477989005,25.598991172761664
481,154744702,STEPRINCES HIGHWAY EASTNSONS / WAIMARIE,1219,285251705546,52.92036096711763,25.620008406893653
3116,154695668,NICHOLSON NEAR PARK,1220,285406401214,52.94906035937872,25.64102564102564
2728,154665767,KINGS / GILLESPIE,1221,285561066981,52.977754204357595,25.66204287515763
581,154542420,MIDDLEBOROUGH / SPRINGFIELD,1222,285715609401,53.00642516580015,25.683060109289617
1056,154437869,CRANBOURNE-FRANKSTON / WILLOW GROVE,1223,285870047270,53.03507673077091,25.704077343421606
671,154432262,STREETUD / DAVID,1224,286024479532,53.06372725552191,25.72509457755359
896,154340638,RINGWOOD / BOND,1225,286178820170,53.09236078203921,25.746111811685584
2788,154279091,EDGARS / WOLSELEY (COMALCO ACCESS),1226,286333099261,53.12098289025682,25.767129045817573
3387,154214061,PUNT / UNION,1227,286487313322,53.14959293400294,25.788146279949558
3702,153972793,WARRIGAL NEAR GLOVER,1228,286641286115,53.17815821731677,25.809163514081547
3079,153853808,UPPER HEIDELBERG NEAR IVANHOE,1229,286795139923,53.206701426339635,25.830180748213532
4532,153845634,STREET KILDA / SOUTHBANK,1230,286948985557,53.23524311890869,25.851197982345525
2766,153843250,EDGARS / VICTORIA,1231,287102828807,53.26378436919419,25.872215216477514
788,153645872,SCORESBY / POWER / STREETATION,1232,287256474679,53.29228900159168,25.8932324506095
514,153638100,CRANBOURNE-FRANKSTON / UNION / PINDARA,1233,287410112779,53.320792192115086,25.914249684741485
2773,153432289,HIGH / MEMORIAL,1234,287563545068,53.34925720024659,25.935266918873477
412,153378649,SPRINGVALE NEAR ASTELOT,1235,287716923717,53.37771225699793,25.956284153005466
6812,153310755,PHW / BANYAN,1236,287870234472,53.40615471794382,25.97730138713745
4909,153279132,CANTERBURY / KERFERD / ALBERT / FERRARS,1237,288023513604,53.434591312139254,25.99831862126944
1247,153225736,STREETH GIPPSLAND FREEWAY / ON-RAMP / POUND ROAD,1238,288176739340,53.46301800022181,26.019335855401426
4466,153147326,FLEMINGTON / GRATTAN / WRECKYN,1239,288329886666,53.491430141553465,26.04035308953342
971,152970058,CANTERBURY / GREAT RYRIE,1240,288482856724,53.51980939583706,26.061370323665408
4470,152954203,MT ALEXANDER / MOOLTAN,1241,288635810927,53.54818570867524,26.082387557797393
3915,152934027,PLENTY / STREETAGECOACH,1242,288788744954,53.57655827842904,26.10340479192938
4435,152862917,FOOTSCRAY / WESTERN LINK STREETH-BND OFF RAMP,1243,288941607871,53.60491765573984,26.12442202606137
6445,152862137,STREETURT(DEAKIN) / ELEVENTH,1244,289094470008,53.63327688834376,26.14543926019336
182,152777783,BURWOOD HIGHWAY / DAWSON,1245,289247247791,53.66162047145623,26.166456494325345
2513,152658632,PHW / LITTLE BOUNDARY,1246,289399906423,53.68994194948114,26.187473728457334
4487,152524249,WESTERN LINK / DYNON OFF RAMP SOUTH BD,1247,289552430672,53.71823849655301,26.208490962589327
297,152438292,MAROONDAH HIGHWAY / BRAND SMART,1248,289704868964,53.74651909674228,26.229508196721312
4403,152243125,VICTORIA / CARDIGAN / FRANKLIN,1249,289857112089,53.77476348923186,26.2505254308533
2861,152243098,TULLAMARINE / ORMOND / BRUNSWICK,1250,290009355187,53.80300787671235,26.271542664985287
3137,152242339,CANTERBURY NEAR CLYDESDALE,1251,290161597526,53.83125212338192,26.292559899117272
3538,152227281,BEACONSFIELD NEAR HAROLD,1252,290313824807,53.85949357646681,26.313577133249268
4541,152063836,STREET KILDA / COMMERCIAL,1253,290465888643,53.88770470696912,26.334594367381253
3269,152013026,STATION NEAR DUNCAN,1254,290617901669,53.91590641111749,26.35561160151324
3738,151987063,PLENTY NEAR BRADSHAW,1255,290769888732,53.9441032985678,26.376628835645228
167,151936587,BURWOOD HIGHWAY NEAR BENWERRIN,1256,290921825319,53.9722908216284,26.39764606977722
4942,151909454,RALEIGH / ROSAMOND,1257,291073734773,54.000473310930644,26.418663303909206
2604,151905693,WESTERN HIGHWAY / ELEANOR,1258,291225640466,54.02865510248604,26.439680538041195
3115,151870168,BRUNSWICK / NICHOLSON / HOLDEN,1259,291377510634,54.056830303385595,26.46069777217318
4199,151787443,WAVERLEY / HOLMES,1260,291529298077,54.08499015700842,26.48171500630517
6205,151745694,MIDLAND HIGHWAY / NOLAN,1261,291681043771,54.11314226528876,26.50273224043716
3652,151708374,NARRE WARREN-CRANBOURNE / LINSELL,1262,291832752145,54.141287449901945,26.523749474569147
4905,151629788,CLARENDON / PARK,1263,291984381933,54.16941805511241,26.544766708701133
2630,151578941,WRR / FITZGERALD,1264,292135960874,54.19753922710463,26.56578394283312
1309,151578921,JASPER NEAR CARCOOLA,1265,292287539795,54.22566039538642,26.586801176965114
4933,151519572,STATION NEAR TRINACRIA,1266,292439059367,54.253770553145074,26.6078184110971
364,151491800,SNEDDEN / THE GLEN CAR PARK,1267,292590551167,54.28187555859706,26.62883564522909
3195,151491257,MIDDLEBOROUGH / ELEY,1268,292742042424,54.309980463310794,26.649852879361074
4832,151451500,FITZROY / PRINCES / LAKESIDE,1269,292893493924,54.33807799224115,26.670870113493066
4298,151355175,UPPER HEIDELBERG NEAR BROWN,1270,293044849099,54.36615765080063,26.691887347625055
4522,151337181,DUDLEY / ADDERLEY,1271,293196186280,54.39423397108393,26.71290458175704
445,151284101,PRINCES HIGHWAY EAST / OVERLAND,1272,293347470381,54.42230044387918,26.733921815889026
5240,151267648,OLD GEELONG / DUNLOP,1273,293498738029,54.45036386428708,26.754939050021015
743,150787340,MOOROODUC HIGHWAY / HEATHERHILL,1274,293649525369,54.47833817717259,26.775956284153008
1744,150714840,KING STREET NORTH OF JEFFCOTT STREET,1275,293800240209,54.506299039740036,26.796973518284993
171,150682448,STREETUD / KNOX CITY ENT 1,1276,293950922657,54.534253892890895,26.817990752416982
1303,150652422,MELBOURNE ROAD / THE AVENUENUE,1277,294101575079,54.56220317556932,26.839007986548967
4483,150644700,DYNON / LLOYD,1278,294252219779,54.590151025649746,26.86002522068096
3668,150607730,BURWOOD / BUNNINGS ACCESS,1279,294402827509,54.618092016995554,26.88104245481295
3127,150476228,CANTERBURY / BALWYN,1280,294553303737,54.64600861187616,26.902059688944934
1123,150380706,DORSET / CLIPSAL,1281,294703684443,54.67390748535976,26.923076923076923
3196,150345748,HIGHBURY / STEPRINCES HIGHWAY EASTNSONS / MIDDLEB,1282,294854030191,54.70179987337828,26.94409415720891
5323,150287344,OLD GEELONG / COSTA,1283,295004317535,54.72968142619159,26.9651113913409
4810,150277611,SWAN / BURNLEY,1284,295154595146,54.7575611733229,26.986128625472887
2505,150263644,PHW / DROOP,1285,295304858790,54.78543832927362,27.007145859604876
3687,150168239,WARRIGAL NEAR POULTER,1286,295455027029,54.813297785533365,27.02816309373686
3868,149931278,BRIDGE NEAR VERITY,1287,295604958307,54.841113280402475,27.049180327868854
2826,149929281,BURKE / OLD BURKE / BOULEVARD,1288,295754887588,54.8689284047849,27.070197562000843
851,149874783,CANTERBURY / HEATHERDALE,1289,295904762371,54.896733418609614,27.091214796132828
3588,149855778,PASCOE VALE NEAR ANSELM,1290,296054618149,54.92453490659577,27.112232030264817
3264,149838443,ALBERT / RAGLAN,1291,296204456592,54.952333178564494,27.133249264396802
6695,149719479,PRINCES HIGHWAY EAST / LIDDIARD TRARALGON,1292,296354176071,54.980109380138195,27.154266498528795
3742,149716605,KEON / DALTON,1293,296503892676,55.007885048522745,27.17528373266078
6261,149668402,HIGH (CALDER HIGHWAY) / DON (CALDER) / MYRTLE,1294,296653561078,55.035651774208226,27.19630096679277
4205,149644818,MARIBYRNONG / ASCOT VALE,1295,296803205896,55.06341412455163,27.217318200924755
271,149607879,CRANBOURNE / LEE,1296,296952813775,55.091169621911575,27.238335435056747
592,149464232,MANNINGHAM / MACEDON,1297,297102278007,55.11889846964615,27.259352669188736
304,149435616,FRANKSTON-DANDENONG / ABBOTTS,1298,297251713623,55.14662200849381,27.28036990332072
4342,149419899,MALVERN / WAVERLEY / BELGRAVE,1299,297401133522,55.17434263149802,27.30138713745271
5209,149369686,BELLARINE HIGHWAY (ORMOND) / BOUNDARY,1300,297550503208,55.202053938904704,27.322404371584703
579,149303684,BURWOOD HIGHWAY NEAR CROW,1301,297699806892,55.22975300151285,27.34342160571669
2688,149223023,ROBINSONS / CALARCO,1302,297849029915,55.25743709976092,27.364438839848678
3122,149160440,CANTERBURY / STREETANHOPE,1303,297998190355,55.285109587508906,27.385456073980663
4231,149095532,NAPIER / WHITEHALL,1304,298147285887,55.31277003341902,27.40647330811265
794,149087131,MOUNTAIN HIGHWAY NEAR VIOLEN,1305,298296373018,55.340428920761944,27.42749054224464
637,149078117,MT DANDENONG / CIVIC,1306,298445451135,55.3680861358129,27.44850777637663
3920,148832154,ELGAR / BELMORE,1307,298594283289,55.395697719407536,27.469525010508615
5009,148693369,CORIO-WAURN PONDS / SPARKS,1308,298742976658,55.42328355538294,27.490542244640604
3918,148344411,EASTERN FREEWAY / ELGAR,1309,298891321069,55.45080465210188,27.511559478772597
3634,148075190,SOUTH / BLUFF / CUMMINS,1310,299039396259,55.47827580250245,27.532576712904582
1539,148026078,SUNSHINE / GEELONG,1311,299187422337,55.50573784156481,27.55359394703657
1045,147916316,SPENCER NEAR FLINDERS,1312,299335338653,55.53317951740217,27.574611181168557
1477,147895577,THOMPSONS NEAR RAPALLO,1313,299483234230,55.56061734570646,27.595628415300546
5238,147888859,OLD GEELONG / FIAT DEALERSHIP ENT,1314,299631123089,55.58805392767646,27.616645649432535
5068,147835229,CORIO-WAURN(SETTLEMENT / TORQUAY / SURFCOAST,1315,299778958318,55.61548056012152,27.637662883564523
5236,147778105,POINT COOK / DUNNINGS,1316,299926736423,55.642896594829075,27.65868011769651
551,147604131,MT DANDENONG / EASTFIELD,1317,300074340554,55.670280353596816,27.679697351828498
480,147587177,STEPRINCES HIGHWAY EASTNSONS / MILLER,1318,300221927731,55.697660967030856,27.70071458596049
4806,147535103,BRIDGE NEAR YARRA,1319,300369462834,55.725031919611624,27.721731820092476
146,147431883,CANTERBURY / MT DANDENONG,1320,300516894717,55.75238372264988,27.742749054224465
3425,147294163,BARKLY / GREY / INKERMAN,1321,300664188880,55.77970997564945,27.76376628835645
2822,147207067,CHANDLER HIGHWAY / EAST FREEWAY E ON,1322,300811395947,55.807020070457256,27.784783522488443
2834,147200850,CRAIGIEBURN / BRIDGEWATER,1323,300958596797,55.8343290118771,27.80580075662043
4553,147140569,STREET KILDA / ARTHUR / SLATER,1324,301105737366,55.861626769867655,27.826817990752417
4264,147123346,BURWOOD / GLENFERRIE,1325,301252860712,55.888921332619205,27.847835224884403
4000,147070358,MELVILLE / MORELAND,1326,301399931070,55.91620606495069,27.86885245901639
2510,146938741,PHW / MCDONALD,1327,301546869811,55.94346637948199,27.889869693148384
4121,146865203,SYDNEY / O'HEA,1328,301693735014,55.97071305112377,27.91088692728037
359,146825260,BLACKBURN / COLEMAN,1329,301840560274,55.99795231247514,27.93190416141236
5244,146817052,HEATHS / MOSSFIEL,1330,301987377326,56.025190051064975,27.952921395544344
4240,146796220,BARKLY / GORDON,1331,302134173546,56.05242392486824,27.973938629676336
3899,146773389,KOROROIT CREEK / BURNS,1332,302280946935,56.07965356302722,27.994955863808325
2593,146720222,CAROLINE SPRINGS / LAKE,1333,302427667157,56.10687333755777,28.01597309794031
4226,146708696,ST GEORGES NEAR PARK,1334,302574375853,56.13409097376603,28.0369903320723
180,146699361,BURWOOD HIGHWAY / KNOX CITY ENT 4,1335,302721075214,56.16130687812987,28.058007566204285
2883,146697111,WESTGATE FREEWAY / GRIEVE,1336,302867772325,56.18852236507006,28.079024800336278
2041,146650888,DONCASTER NEAR CENTREWAY,1337,303014423213,56.21572927664401,28.100042034468263
3220,146636262,PLENTY / HIGH / DUNDAS / MILLER,1338,303161059475,56.242933474778624,28.121059268600252
3147,146595213,LOWER DANDENONG / WOODLANDS,1339,303307654688,56.2701300574359,28.142076502732237
521,146589784,BELGRAVE-HALLAM / FRAWLEY,1340,303454244472,56.29732563289625,28.16309373686423
3749,146550884,PLENTY / RIVERDALE STREETH,1341,303600795356,56.32451399156526,28.18411097099622
2659,146521261,TAYLORS / CARBINE,1342,303747316617,56.35169685452707,28.205128205128204
3596,146366893,PASCOE VALE NEAR MAIN,1343,303893683510,56.37885107888611,28.226145439260193
4341,146359350,WAVERLEY / CHADSTONE,1344,304040042860,56.406003903855506,28.247162673392186
4172,146254885,GRIMSHAW / WATSONIA / MACORNA,1345,304186297745,56.43313734830797,28.26817990752417
356,146248274,HIGHBURY / BLACKBURN,1346,304332546019,56.460269566276956,28.289197141656157
4840,146248079,GREY NEAR ROBE,1347,304478794098,56.487401748069225,28.310214375788146
4482,146098962,DYNON / KENSINGTON,1348,304624893060,56.51450626543279,28.33123160992013
4890,146072798,POWER / KAVANAGH,1349,304770965858,56.54160592880848,28.352248844052124
327,146007759,DONCASTER / COUNCIL,1350,304916973617,56.56869352604297,28.373266078184113
842,146006232,CANTERBURY NEAR ORCHARD,1351,305062979849,56.59578083998592,28.394283312316098
114,145990624,WHITEHORSE / CHAPEL,1352,305208970473,56.6228652583073,28.415300546448087
873,145926813,WELLINGTON / SILKWOOD / BRAEBURN,1353,305354897286,56.64993783830804,28.43631778058008
215,145919577,NEPEAN / LOCHIEL / STREETATION,1354,305500816863,56.677009075874274,28.457335014712065
4990,145846994,EDGARS / MAIN,1355,305646663857,56.70406684772414,28.478352248844054
4374,145811432,FOOTSCRAY / APPLETON DOCK,1356,305792475289,56.73111802205385,28.49936948297604
3502,145810530,MILLERS / MASON,1357,305938285819,56.758169029043046,28.520386717108025
4434,145764691,FOOTSCRAY / WATERFRONT WAY,1358,306084050510,56.78521153190632,28.541403951240017
1218,145741800,LEAKES / MORRIS,1359,306229792310,56.812249787994,28.562421185372006
3565,145481852,NORTH NEAR WINDSOR,1360,306375274162,56.839239818105355,28.58343841950399
3303,145391463,QUEENS / HEIDELBERG,1361,306520665625,56.86621307910224,28.60445565363598
3208,145212005,CLAYTON / MONASH MEDICAL CENTRE,1362,306665877630,56.89315304675869,28.625472887767973
3266,145166845,STATION NEAR CLARENDON,1363,306811044475,56.92008463625841,28.64649012189996
4520,145078313,SPENCER / HAWKE,1364,306956122788,56.946999801157304,28.667507356031948
5062,144993883,HIGH / ROSLYN / THOMSON / CORIO,1365,307101116671,56.97389930246509,28.688524590163933
4645,144925060,LWR DANDENONG / THRIFT PARK EXIT,1366,307246041731,57.000786035617836,28.70954182429592
4903,144917771,PARK / FERRARS,1367,307390959502,57.02767141650343,28.73055905842791
4048,144912267,TOORAK / HIGHFIELD / LITHGOW,1368,307535871769,57.05455577627798,28.7515762925599
5093,144875364,WERRIBEE MAIN ROAD(PHW) / CHERRY / SYNNOT,1369,307680747133,57.08143328974787,28.772593526691885
4198,144793752,BUCKLEY / WAVERLEY / LINCOLN,1370,307825540885,57.10829566242662,28.793610760823874
2001,144717040,BURWOOD HIGHWAY / GILMOUR / SOMERS,1371,307970257925,57.13514380337019,28.814627994955867
1235,144680574,,1372,308114938499,57.16198517908205,28.835645229087852
2484,144678674,GLENFERRIE NEAR JOHNSON,1373,308259617173,57.18882620230282,28.85666246321984
4677,144377511,HIGH NEAR MANSFIELD,1374,308403994684,57.21561135327337,28.877679697351827
2992,144333895,MICKLEHAM / MELROSE / BROADMEADOWS,1375,308548328579,57.24238841253255,28.89869693148382
4241,144291806,GORDON NEAR SHEPRINCES HIGHWAY EASTRD,1376,308692620385,57.269157663371914,28.919714165615808
895,144252304,WANTIRNA / STREETATION,1377,308836872689,57.29591958573591,28.940731399747794
2798,144206670,MILLEARA / THE CROSSWAY,1378,308981079359,57.3226730420059,28.96174863387978
4332,144151774,COTHAM NEAR JOHN,1379,309125231133,57.349416313880575,28.982765868011768
173,144125449,BURWOOD HIGHWAY / KNOX CITY ENT 3 / LYNNE,1380,309269356582,57.37615470189837,29.00378310214376
2732,144119613,KEILOR PARK / CALDER FREEWAY I / B ON / OFF,1381,309413476195,57.402892007211946,29.024800336275746
4020,144070305,LYGON / GLENLYON,1382,309557546500,57.42962016482506,29.045817570407735
981,144063661,PRINCES HIGHWAY EAST / JAMES,1383,309701610161,57.45634708983247,29.06683480453972
5000,143989676,DERRIMUT / BAGGOTT,1384,309845599837,57.48306028902219,29.087852038671713
535,143810856,PRINCES HIGHWAY EAST / MANUKA / BYRN MAWR,1385,309989410693,57.50974031323429,29.1088692728037
111,143769186,MAROONDAH HIGHWAY / METROPOLITAN,1386,310133179879,57.53641260676014,29.129886506935687
3182,143719088,CLYDE ROAD / RESERVE STREET,1387,310276898967,57.56307560602342,29.150903741067673
825,143682285,BURWOOD HIGHWAY NEAR KELVIN,1388,310420581252,57.58973177753421,29.17192097519966
4456,143661390,FLEMINGTON / ROYAL MELB HOSP(NEAR VILLIERS),1389,310564242642,57.61638407257058,29.192938209331654
1078,143566415,CRANBOURNE-FRANKSTON / SCOTT,1390,310707809057,57.64301874769026,29.21395544346364
3526,143521042,MILLERS / CABOT DRIVE,1391,310851330099,57.669645005137106,29.23497267759563
1077,143481418,CRANBOURNE-FRANKSTON / FAIRBAIRN,1392,310994811517,57.69626391147493,29.255989911727614
119,143455043,MAROONDAH / ROOKS,1393,311138266560,57.72287792467981,29.277007145859606
3126,143384550,CANTERBURY / WARRIGAL,1394,311281651110,57.74947885990851,29.298024379991595
4967,143377148,MELBOURNE / MASON,1395,311425028258,57.77607842190612,29.31904161412358
4454,143368493,WELLINGTON / LANSDOWNE,1396,311568396751,57.80267637821404,29.340058848255566
463,143276646,HIGH STREET ROAD / HUNTINGDALE,1397,311711673397,57.829257294916935,29.361076082387562
612,143068614,PRINCES HIGHWAY EAST / MANSFIELD,1398,311854742011,57.8557996171844,29.382093316519548
3453,143066310,JOHNSTON / SMITH,1399,311997808321,57.88234151201003,29.403110550651533
1301,142946654,KEILOR PARK DRIVE / MILLEARA LEARNING CE,1400,312140754975,57.90886120805967,29.424127784783522
1531,142856841,BERWICK-CRANBOURNE / ARBOURLEA,1401,312283611816,57.93536424185528,29.445145018915508
2043,142820105,DONCASTER / WHITTENS,1402,312426431921,57.96186046032835,29.4661622530475
363,142795972,BLACKBURN / DUERDIN,1403,312569227893,57.98835220160795,29.48717948717949
186,142744105,PRINCES HIGHWAY EAST NEAR REILLY,1404,312711971998,58.014834320437245,29.508196721311474
1576,142621761,BERWICK-CRANBOURNE / MORISON / MACKILLOP WAY,1405,312854593759,58.04129374180842,29.529213955443463
1044,142578927,ROYAL / WALKER,1406,312997172686,58.06774521654615,29.550231189575456
2441,142551828,ORRONG NEAR AVALON,1407,313139724514,58.094191663833264,29.57124842370744
303,142535930,HALLAM / CORAL / FORDHOLM,1408,313282260444,58.12063516169753,29.592265657839427
6685,142523324,PRINCES HIGHWAY EAST / BREED TRARALGON,1409,313424783768,58.147076320876145,29.613282891971416
1256,142249625,MAROONDAH HIGHWAY NEAR LARISSA AV,1410,313567033393,58.17346670297054,29.6343001261034
4499,142240071,QUEENSBERRY / PEEL,1411,313709273464,58.199855312591296,29.655317360235394
3408,142117174,OLYMPIC BLVD / MELBOURNE PARK ENT D,1412,313851390638,58.22622112216047,29.676334594367383
1312,142099614,GREENS ROAD / ORDISH ROAD / NORTHERN ACCESS ROAD,1413,313993490252,58.25258367396984,29.697351828499368
261,142080943,CRANBOURNE-FRANKSTON / LONG,1414,314135571195,58.27894276190489,29.718369062631357
705,141965642,MANNINGHAM / AYR,1415,314277536837,58.30528045901063,29.73938629676335
5191,141913905,BELLARINE HIGHWAY / MELALUKA,1416,314419450742,58.33160855778389,29.760403530895335
665,141758600,HAMMOND / GREENS,1417,314561209342,58.357907844120604,29.78142076502732
1378,141715864,CENTRE / MASTERS ACCESS,1418,314702925206,58.384199202005014,29.80243799915931
3677,141698668,WARRIGAL / HARVEY NORMAN ENT. NO 1,1419,314844623874,58.41048736965949,29.823455233291295
803,141665521,WELLINGTON / TAYLORS,1420,314986289395,58.436769387828555,29.844472467423287
4657,141509546,HIGH NEAR LAWRY,1421,315127798941,58.463022469261595,29.865489701555276
2713,141506158,MT DERRIMUT / FOLEYS,1422,315269305099,58.48927492214736,29.88650693568726
329,141506142,DONCASTER / CHURCH,1423,315410811241,58.51552737206478,29.90752416981925
113,141481031,MAROONDAH / STREETATION / WILLIAMS,1424,315552292272,58.541775163348575,29.928541403951243
3001,141442649,BARKERS / CHURCH / HIGH,1425,315693734921,58.56801583394123,29.94955863808323
5819,141362384,STREETURT STREET / DOVETON,1426,315835097305,58.594241613640364,29.970575872215218
3673,141286995,TOORONGA / TOORONGA VILLAGE ACCESS,1427,315976384300,58.620453407049446,29.991593106347203
236,141248940,NEPEAN / WOORALLA / MT ELIZA WAY,1428,316117633240,58.64665814043295,30.012610340479196
2731,141219666,KEILOR PARK / FULLARTON / HARRICK,1429,316258852906,58.6728574428563,30.03362757461118
3305,141152811,HEIDELBERG / YARRA BEND / JEFFREY,1430,316400005717,58.69904434223117,30.05464480874317
4694,141063716,CENTRE / CLARINDA / HUNTINGDALE,1431,316541069433,58.725214712556536,30.075662042875155
211,141063311,NEPEAN / STREETATION,1432,316682132744,58.75138500774566,30.096679277007144
5269,141005369,HEATHS / ROSELLA,1433,316823138113,58.77754455344056,30.117696511139137
3426,140857872,BARKLY / CARLISLE,1434,316963995985,58.803676735251834,30.138713745271122
6818,140781922,PHW(RAGLAN) / LIEBIG,1435,317104777907,58.82979482669539,30.15973097940311
735,140765503,FRANKSTON-DANDENONG / SKYE / OVERTON / WELLS,1436,317245543410,58.85590987205934,30.180748213535097
143,140741199,MAROONDAH HWY & CARPARK ACCESS & WILLIAM ST EAST &…,1437,317386284609,58.88202040850563,30.20176544766709
2356,140598062,NEPEAN HIGHWAY NEAR OAK,1438,317526882671,58.90810438994257,30.222782681799075
2584,140556218,KINGS / WATERGARDENS ENTRANCE 5,1439,317667438889,58.93418060841249,30.243799915931064
6689,140461952,PRINCES HIGHWAY EAST / TRARALGON-MAFFRA / EASTERN RD,1440,317807900841,58.960239338500564,30.26481715006305
3771,140425231,MICKLEHAM / GREENVALE,1441,317948326072,58.986291256048915,30.285834384195038
231,140402203,NEPEAN / WELLS,1442,318088728275,59.0123389014052,30.30685161832703
4750,140334953,TOORAK / KOOYONG,1443,318229063228,59.03837407043196,30.327868852459016
1150,140334191,HEIDELBERG / WESTGARTH,1444,318369397419,59.064409098091254,30.348886086591005
2649,140246888,SHARPS / AIRPORT,1445,318509644307,59.090427929155794,30.36990332072299
439,140228003,SPRINGVALE / ATHOL,1446,318649872310,59.11644325664439,30.390920554854983
4383,140165277,ROYAL / GATEHOUSE / COLLEGE,1447,318790037587,59.1424469471033,30.41193778898697
3940,140143562,ELGAR / CARRINGTON,1448,318930181149,59.16844660896005,30.432955023118957
4576,140120474,COLLINS / EXHIBITION,1449,319070301623,59.19444198749345,30.453972257250943
3349,140100391,DIAMOND CREEK / STREET HELENA,1450,319210402014,59.22043364019597,30.474989491382935
960,140018769,CLOW NEAR CLEELAND,1451,319350420783,59.246410150252125,30.496006725514924
2190,140018327,MELROSE / APAC,1452,319490439110,59.272386578307724,30.51702395964691
1065,140010858,WURUNDJERI / TELSTRA DOME SE ENT,1453,319630449968,59.29836162070228,30.5380411937789
254,139947984,STH GIPPS'D HIGHWAY / STAWELL,1454,319770397952,59.32432499860995,30.559058427910884
3114,139928831,BRUNSWICK NEAR RATHDOWNE,1455,319910326783,59.35028482322188,30.580075662042876
3119,139927415,MIDDLEBOROUGH / CLARICE,1456,320050254198,59.37624438513518,30.601092896174865
1507,139859216,CRAIGIEBURN / AITKEN BOULEVARD,1457,320190113414,59.402191294658934,30.62211013030685
4736,139761117,HIGH / EPPING PLAZA SHOPPING ACCESS 1,1458,320329874531,59.42812000469644,30.64312736443884
3537,139667942,FERRARS NEAR COVENTRY,1459,320469542473,59.4540314287562,30.66414459857083
1426,139621524,THOMPSONS ROAD / EVANS ROAD,1460,320609163997,59.47993424127303,30.685161832702818
4543,139478983,STREET KILDA / HIGH / LORNE,1461,320748642980,59.50581060935137,30.706179066834803
1951,139472017,MORNINGTON PENINSULA FREEWAY / DINGLEY BYPASS,1462,320888114997,59.53168568508607,30.727196300966792
351,139459185,BLACKBURN / GEORGE,1463,321027574182,59.55755838020722,30.748213535098778
4965,139272464,MELBOURNE / HUDSONS,1464,321166846646,59.583396434544355,30.76923076923077
979,139159087,CHELTENHAM / CAMBRIA,1465,321306005733,59.60921345499581,30.79024800336276
929,139138594,HEATHERTON / CORRIGAN,1466,321445144327,59.63502667355254,30.811265237494744
709,139133886,EASTERN FREEWAY RAMP / THOMPSONS,1467,321584278213,59.66083901867344,30.832282471626733
2207,139056975,MAROONDAH / DORKING,1468,321723335188,59.68663709514036,30.853299705758726
5234,139023899,DUNNINGS / BOARDWALK,1469,321862359087,59.71242903529389,30.87431693989071
2410,139007062,MARINE NEAR ELWOOD CANAL,1470,322001366149,59.73821785181976,30.895334174022697
4129,138956418,SYDNEY NEAR VICTORIA ST MALL,1471,322140322567,59.76399727278828,30.916351408154686
4221,138954171,BRUNSWICK NEAR HANOVER,1472,322279276738,59.789776276889704,30.93736864228668
4355,138911608,MALVERN / GLENFERRIE,1473,322418188346,59.81554738463404,30.958385876418664
1464,138806616,WELLINGTON NEAR HAVERBRACK,1474,322556994962,59.841299014091554,30.979403110550653
3304,138795863,HEIDELBERG / FENWICK,1475,322695790825,59.86704864863499,31.000420344682638
2865,138736848,MELROSE / MATTHEWS / DROMANA,1476,322834527673,59.89278733461953,31.021437578814627
827,138720622,FERNTREE GULLY / WINDERMERE,1477,322973248295,59.918523010330105,31.04245481294662
5092,138689192,PHW / WERRIBEE / WATTON / SYNNOT,1478,323111937487,59.944252855095904,31.063472047078605
3233,138553072,HIGH / PASCHKE / KINGSWAY,1479,323250490559,59.96995744665763,31.084489281210594
2998,138535713,DALTON ROAD / CHILDS ROAD,1480,323389026272,59.99565881774939,31.10550651534258
5239,138530199,HEATHS / WERRIBEE PLAZA / GLENDALE CRT,1481,323527556471,60.0213591658749,31.126523749474572
5283,138483600,SAYERS / FORSYTH,1482,323666040071,60.04705086887804,31.147540983606557
648,138453142,MCCRAE / FOSTER,1483,323804493213,60.072736921263406,31.168558217738546
2792,138393503,DALTON NEAR DAVID,1484,323942886716,60.098411909324376,31.18957545187053
3922,138213452,ELGAR / MONT ALBERT,1485,324081100168,60.12405349403059,31.21059268600252
6255,138043881,CALDER / OAK,1486,324219144049,60.14966361964873,31.231609920134513
3622,137975955,PRINCESS / DUKE,1487,324357120004,60.17526114352473,31.2526271542665
1249,137972237,AITKEN BLVD / SOMERTON / KIRKHAM,1488,324495092241,60.200857977631316,31.273644388398488
711,137903258,MAIN / WATTLETREE / PARK WEST,1489,324632995499,60.22644201464148,31.294661622530473
4064,137877329,WHITEHORSE NEAR BRENBEAL,1490,324770872828,60.25202124126133,31.315678856662466
5203,137728286,RYRIE / YARRA,1491,324908601114,60.2775728171811,31.33669609079445
288,137690971,SPRINGVALE / STREET JAMES,1492,325046292085,60.3031174703613,31.35771332492644
5346,137326478,PRINCES HWY / SNEYDES RD / TYRONE ST,1493,325183618563,60.32859450220654,31.378730559058425
3194,137274675,MIDDLEBOROUGH / MASTERS,1494,325320893238,60.354061923474845,31.399747793190414
1140,137246891,,1495,325458140129,60.37952419021023,31.420765027322407
4228,137200201,SMITH NEAR ST DAVID,1496,325595340330,60.40497779494077,31.441782261454392
4801,137175388,BRIDGE / CHURCH,1497,325732515718,60.43042679632315,31.46279949558638
4691,137138213,ATHERTON / ATKINSON / HANOVER,1498,325869653931,60.45586890093898,31.483816729718367
3985,137112920,CAMP / BLAIR / WIDFORD,1499,326006766851,60.48130631315626,31.50483396385036
5103,137013290,MIDLAND HIGHWAY / SHANNON / THOMPSON,1500,326143780141,60.50672524185367,31.525851197982348
6813,136970900,PHW (RAGLAN ) / KING / HENNA,1501,326280751041,60.532136306289274,31.546868432114334
3465,136875298,RACECOURSE ROAD NEAR VICTORIA STREET,1502,326417626339,60.557529634486116,31.56788566624632
2924,136874354,WILLIAM / LATROBE,1503,326554500693,60.582922787550565,31.58890290037831
2204,136455637,MAROONDAH / NELSON,1504,326690956330,60.60823825955525,31.6099201345103
4796,136270108,KINGSBURY / WATERDALE,1505,326827226438,60.633519311917695,31.630937368642286
2873,136266773,MELROSE / SHARPS / ENT RAMP,1506,326963493211,60.65879974556552,31.651954602774275
5202,136232463,RYRIE / MOORABOOL,1507,327099725674,60.684073813966265,31.67297183690626
3856,136119260,TOORONGA NEAR MILTON,1508,327235844934,60.70932688076209,31.693989071038253
2734,136117268,ARTHUR / TAYLORS,1509,327371962202,60.734579577998836,31.71500630517024
3841,135982213,GLENFERRIE NEAR KOOYONG STN,1510,327507944415,60.759807219612036,31.736023539302227
3118,135940175,BRUNSWICK / GIBSON,1511,327643884590,60.78502706226702,31.757040773434213
6253,135924544,CALDER / LOCKWOOD / CAMP,1512,327779809134,60.81024400503341,31.778058007566205
4315,135689399,MILITARY / DAVIS,1513,327915498533,60.835417323316456,31.799075241698194
1052,135663856,WELLINGTON / CLARENDON,1514,328051162389,60.86058590282054,31.82009247583018
5821,135550560,STREETURT / PLEASANT,1515,328186712949,60.885733463466195,31.84110970996217
3023,135451885,STREET KILDA / MARTIN,1516,328322164834,60.910862717765156,31.862126944094154
4270,135383444,GLENFERRIE / RIVERSDALE,1517,328457548278,60.935979274778326,31.883144178226146
4468,135105672,FLEMINGTON NEAR PARK,1518,328592653950,60.96104429907769,31.904161412358135
756,135058875,MOOROODUC HIGHWAY / ROBINSONS,1519,328727712825,60.9861006415214,31.92517864649012
4793,135051367,MURRAY NEAR HIGHVIEW,1520,328862764192,61.01115559106872,31.946195880622106
4350,134973999,MALVERN / HIGH,1521,328997738191,61.036196187178696,31.967213114754102
5284,134894966,SAYERS / PALMERS,1522,329132633157,61.06122212095778,31.988230348886088
1343,134858876,DERRIMUT RD BETWEEN INVERELL AND RIPPLESIDE,1523,329267492033,61.086241359261294,32.00924758301807
1186,134739077,OLD GEELONG / KMART DISTRIBUTION CENTRE,1524,329402231110,61.11123837225922,32.03026481715006
5208,134584705,BELLARINE HIGHWAY / COPPARDS,1525,329536815815,61.13620674591231,32.05128205128205
3299,134529493,HEIDELBERG NEAR THE ESPLANADE,1526,329671345308,61.16116487654525,32.07229928541404
4574,134481018,KING / FLINDERS LANE,1527,329805826326,61.186114014017235,32.09331651954603
3621,134343563,PRINCESS NEAR MOLESWORTH,1528,329940169889,61.21103765061376,32.11433375367802
1579,134170138,NARRE WARREN-CRANBOURNE RD / CASEY CENTRAL,1529,330074340027,61.235929113121855,32.13535098781
2996,134057250,MELROSE DRIVE / GRANTS ROAD / CENTRE ROAD,1530,330208397277,61.26079963246435,32.156368221941996
2680,134021668,CAROLINE SPRINGS / COMMERCIAL,1531,330342418945,61.28566355057624,32.17738545607398
687,133979006,WILLIAMSONS / GEORGE,1532,330476397951,61.310519553964426,32.19840269020597
3409,133808530,OLYMPIC BLVD / RECTANGULAR STREETADIUM EAST AC,1533,330610206481,61.33534393036745,32.219419924337956
307,133371258,NEPEAN HIGHWAY / BUNNINGS / MORNINGTON SC,1534,330743577739,61.3600871833569,32.240437158469945
3302,133331706,QUEENS / GOLD / MICHAEL,1535,330876909445,61.38482309859491,32.261454392601934
3485,133306996,PFW NB RAMPS / KOROROIT CREEK,1536,331010216441,61.40955442959347,32.28247162673392
457,133306508,FERNTREE GULLY / MOUNTAIN GATE,1537,331143522949,61.43428567005748,32.30348886086591
102,133220955,MAROONDAH / NELSON / GOODALL,1538,331276743904,61.45900103858959,32.32450609499789
3227,133030058,HIGH NEAR GLASGOW,1539,331409773962,61.48368099159938,32.34552332912989
2934,132976552,WELLINGTON / JOLIMONT,1540,331542750514,61.5083510180889,32.36654056326188
3024,132966502,NORTH / STREET KILDA,1541,331675717016,61.53301918008607,32.38755779739386
3139,132842563,CENTRE DANDENONG / KINGSTON CENTRAL,1542,331808559579,61.5576643487181,32.40857503152585
3173,132773301,NARRE WARREN - CRANBOURNE / KINGDOM,1543,331941332880,61.5822966677511,32.42959226565784
1506,132713330,PRINCES HIGHWAY EAST / TIMBERTOP,1544,332074046210,61.6069178608665,32.45060949978983
440,132659749,SPRINGVALE / CLARKE / PATERSON,1545,332206705959,61.631529113547536,32.471626733921816
4563,132636515,ELIZABETH / FLINDERS,1546,332339342474,61.65613605581905,32.492643968053805
4862,132457024,BAY NEAR STATION,1547,332471799498,61.68070969862792,32.51366120218579
4527,132442764,WURUNDJERI / TELSTRA DOME N / E ENTRANCE,1548,332604242262,61.70528069589838,32.53467843631778
3009,132405587,ORMOND ESP NEAR PINE,1549,332736647849,61.729844796031244,32.55569567044977
2776,132361152,CHILDS NEAR BEAUMONT,1550,332869009001,61.75440065251054,32.576712904581754
1181,132322354,HEATHERTON / LINK,1551,333001331355,61.7789493111217,32.59773013871374
2399,132317319,TODD / WEBB DOCK / WESTGATE WB RAMPS,1552,333133648674,61.80349703563146,32.61874737284573
2494,132311504,PLENTY NEAR RIVERGUM,1553,333265960178,61.82804368133294,32.63976460697772
3826,132292935,BURKE NEAR GORDON,1554,333398253113,61.8525868820833,32.66078184110971
4775,132287390,HIGH STREET / BUNNINGS ACCESS,1555,333530540503,61.87712905411624,32.6817990752417
4716,132268848,FERNTREE GULLY / FORSTER / GARDINER,1556,333662809351,61.901667786207135,32.70281630937369
606,131982676,POWER / PAPERBARK / BOX,1557,333794792027,61.92615342720254,32.72383354350568
3084,131880783,ST GEORGES NEAR SHOWER,1558,333926672810,61.950620164842654,32.744850777637666
4813,131859061,VICTORIA NEAR JAMES,1559,334058531871,61.975082872581936,32.76586801176965
1241,131852161,ST KILDA RD NEAR COMMERCIAL RD,1560,334190384032,61.999544300221984,32.78688524590164
260,131845518,STH GIPPS'D HIGHWAY NEAR ELIZABETH,1561,334322229550,62.024004495441865,32.80790248003363
3222,131792176,HIGH / MURRAY,1562,334454021726,62.04845479456702,32.828919714165615
1165,131736467,NEPEAN / OAKBANK / EAGLE,1563,334585758193,62.072894758467775,32.849936948297604
1700,131582688,DINGLEY BYPASS / TOOTAL ROAD,1564,334717340881,62.097306193038,32.87095418242959
994,131577782,SPRINGVALE / HAROLD,1565,334848918663,62.121716717439135,32.89197141656158
383,131500005,HIGH STREET ROAD / CATHIES,1566,334980418668,62.14611281252454,32.91298865069357
5210,131486348,BELLARINE HIGHWAY / WILSONS,1567,335111905016,62.17050637394108,32.93400588482556
938,131384810,HEATHERTON ROAD / MEMORIAL DVE / MONS PDE,1568,335243289826,62.1948810978625,32.95502311895754
3138,131368040,CANTERBURY / SURREY,1569,335374657866,62.219252710586204,32.97604035308953
3218,131364548,MURRAY NEAR MARY,1570,335506022414,62.24362367546837,32.997057587221526
4850,131347206,HOTHAM / INKERMAN,1571,335637369620,62.26799142303447,33.01807482135351
4790,131303012,PLENTY / MURRAY,1572,335768672632,62.292350971657704,33.0390920554855
1209,131287500,EAST BOUNDARY ROAD / ARDENA CRT,1573,335899960132,62.316707642469446,33.060109289617486
5167,131216923,BELLARINE HIGHWAY / RAIL TRAIL NEAR EARLS RD,1574,336031177055,62.3410512197212,33.081126523749475
4494,131144045,ARDEN / CURZON,1575,336162321100,62.36538127652771,33.102143757881464
621,131139087,DANDENONG VALLEY / MONTEREY / ELLIOTT,1576,336293460187,62.38971041351798,33.12316099201345
3441,130963623,CENTRE / JASPER,1577,336424423810,62.414006998141225,33.144178226145435
4220,130960144,BRUNSWICK NEAR PALMER,1578,336555383954,62.438302937334726,33.16519546027743
5295,130934651,LITTLE BOUNDARY ROAD / ACCESS ROAD,1579,336686318605,62.46259414702533,33.18621269440942
4386,130891534,ROYAL / GRATTAN,1580,336817210139,62.48687735757989,33.2072299285414
5215,130807774,BELLARINE HIGHWAY / MOOLAP STATION,1581,336948017913,62.51114502884284,33.22824716267339
3767,130781349,DERRIMUT / POPLAR / BADEN POWELL,1582,337078799262,62.53540779769675,33.24926439680538
3896,130743453,MCDONALDS / PLENTY VALLEY SC ACCESS 2,1583,337209542715,62.559663536023024,33.27028163093737
3852,130739749,WAVERLEY NEAR BATESFORD,1584,337340282464,62.58391858717719,33.29129886506936
1117,130675221,HIGH STREETREET / GEORGE,1585,337470957685,62.608161666991705,33.31231609920135
3824,130631253,WHITEHORSE NEAR ROCHESTER,1586,337601588938,62.63239658979125,33.33333333333333
1245,130626338,THOMPSON ROAD / WORSLEY ROAD,1587,337732215276,62.656630600751996,33.354350567465325
4873,130566859,BALCOMBE NEAR COMO PDE WEST,1588,337862782135,62.680853577071794,33.375367801597314
1335,130549237,BERWICK-CRANBOURNE / ADRIAN / BROAD OAK,1589,337993331372,62.705073284129455,33.396385035729296
4436,130474071,FOOTSCRAY / WESTERN LINK NB ON & OFF RAMP,1590,338123805443,62.729279046268374,33.417402269861284
4831,130423018,CANTERBURY / FITZROY / GREY,1591,338254228461,62.7534753369716,33.43841950399327
4033,130419862,BURKE NEAR TREGARRON,1592,338384648323,62.777671042168556,33.45943673812526
3148,130376101,LOWER DANDENONG / HOWARD,1593,338515024424,62.801858628753536,33.48045397225725
2942,130224805,UPR HEIDELBERG NEAR KENILWORTH,1594,338645249229,62.82601814665819,33.50147120638924
309,130202081,WELLS / PALM / NARELLE,1595,338775451310,62.85017344876936,33.52248844052122
2737,130187851,MILITARY / TEMPLEWOOD,1596,338905639161,62.87432611090775,33.54350567465322
4296,130091571,SOUTHERN / WATERDALE,1597,339035730732,62.89846091102375,33.56452290878521
334,130067071,DONCASTER / DONCASTER BUS DEPOT,1598,339165797803,62.92259116585984,33.58554014291719
232,129968155,NEPEAN / PLAYNE,1599,339295765958,62.946703069638524,33.60655737704918
5164,129953009,BREAKWATER / FELLMONGERS,1600,339425718967,62.970812163506615,33.627574611181174
269,129771981,CHELTENHAM / DINGLEY / SINCLAIR,1601,339555490948,62.994887672765344,33.648591845313156
333,129732393,DONCASTER / DRYDEN,1602,339685223341,63.01895583759383,33.669609079445145
1374,129693490,DERRIMUT / WERRIBEE PLAZA ENT 4,1603,339814916831,63.0430167850744,33.690626313577134
3175,129668707,NARRE WARREN-CRANBOURNE / GLASSCOCKS,1604,339944585538,63.06707313477244,33.711643547709116
4757,129668163,MALVERN / ORRONG,1605,340074253701,63.09112938354673,33.73266078184111
221,129596905,NEPEAN / ARGYLE / MAURY,1606,340203850606,63.115172412420804,33.7536780159731
3010,129565714,BEACONSFIELD / BEACH / PICKLES,1607,340333416320,63.13920965468975,33.77469525010508
847,129486501,CANTERBURY NEAR BRENTFORD,1608,340462902821,63.16323220123395,33.79571248423707
4408,129428610,LYGON / ELGIN,1609,340592331431,63.18724400774555,33.81672971836907
2720,129419074,KEILOR / MATTHEWS,1610,340721750505,63.211254045122885,33.83774695250105
767,129195043,DORSET / CHANDLER,1611,340850945548,63.235222519904255,33.85876418663304
3590,129152621,PASCOE VALE / ALBION / FLETCHER,1612,340980098169,63.259183124487095,33.87978142076503
5237,129143501,HEATHS / WERRIBEE PLAZA REGIONAL SC ENT,1613,341109241670,63.2831420371127,33.90079865489702
389,129142531,MAROONDAH NEAR COMO,1614,341238384201,63.307100769782295,33.921815889029006
1520,129124931,,1615,341367509132,63.331056237271255,33.942833123160995
6656,129069150,PRINCES HIGHWAY / VILLAGE,1616,341496578282,63.35500135617823,33.963850357292976
5088,129045641,SURF COAST HIGHWAY / PIONEER,1617,341625623923,63.37894211365725,33.984867591424965
3136,129042869,MIDDLEBOROUGH / LEXTON,1618,341754666792,63.402882356870315,34.00588482555696
312,128952239,WELLS / NURTEN / ROYAL PALMS,1619,341883619031,63.42680578625818,34.02690205968894
495,128946993,HUTTON / GREEN / PERRY,1620,342012566024,63.45072824239958,34.04791929382093
5177,128904332,PRINCES HIGHWAY / AIRFIELD,1621,342141470356,63.47464278400279,34.06893652795292
1261,128878286,CRANBOURNE-FRANKSTON / CENTRE / POTTS,1622,342270348642,63.49855249350965,34.08995376208491
3793,128876578,BRUNSWICK NEAR EWING,1623,342399225220,63.522461886145585,34.1109709962169
3021,128721274,ORMOND ESP / ELWOOD BEACH CAR,1624,342527946494,63.546342466530504,34.13198823034889
4419,128645741,NICHOLSON / GERTRUDE,1625,342656592235,63.57020903391025,34.15300546448087
4514,128639783,KING / ROSSLYN / CHETWYND,1626,342785232018,63.59407449595215,34.17402269861286
323,128606195,DONCASTER NEAR HENDER,1627,342913838213,63.617933726693565,34.195039932744855
1019,128573410,CHELTENHAM / ALLAN,1628,343042411623,63.64178687510841,34.21605716687684
3168,128555117,NARRE WARREN-C'BOURNE / CAMMS / ROCHESTER,1629,343170966740,63.66563662977609,34.237074401008826
1766,128531051,MOUNTAIN HIGHWAY / STATION STREET,1630,343299497791,63.689481919680254,34.258091635140815
4641,128518250,BALCOMBE / SWANSTON,1631,343428016041,63.71332483472205,34.279108869272804
3162,128500307,DYNON ROAD / SOUTH GATE ENTRANCE,1632,343556516348,63.73716442094928,34.30012610340479
2300,128486975,STREET KILDA / UNION,1633,343685003323,63.761001533802144,34.32114333753678
3223,128404435,HIGH / REGENT / TYLER,1634,343813407758,63.78482333369979,34.34216057166877
4666,128319262,DAREBIN / JOHN CAIN MEMORIAL PK ACCESS / BUNNINGS A…,1635,343941727020,63.80862933216377,34.36317780580075
331,128178009,DONCASTER / JACKSON,1636,344069905029,63.83240912514113,34.38419503993275
910,128168847,WARRANDYTE / LOUGHNAN,1637,344198073876,63.85618721836936,34.40521227406473
5657,128060046,PRINCES HIGHWAY EAST / BAILEY,1638,344326133922,63.87994512665885,34.42622950819672
2053,128043774,MAIN ROAD WEST NEAR AMY,1639,344454177696,63.903700016140405,34.44724674232871
3776,127970719,PALMERS / DUNNINGS,1640,344582148415,63.9274413523394,34.4682639764607
2849,127816955,CANNING / OLD CANNING / RETIREMENT VILLAGE,1641,344709965370,63.95115416199069,34.48928121059269
4936,127727904,HAMPSTEAD / WESTS / WILLIAMSON,1642,344837693274,63.974850450755426,34.510298444724675
746,127705077,CRANBOURNE NEAR WATTLE TREE,1643,344965398351,63.99854250461795,34.531315678856664
3993,127700381,BOUNDARY / CUMBERLAND,1644,345093098732,64.02223368727091,34.552332912988646
3592,127689015,PASCOE VALE / MORELAND,1645,345220787747,64.04592276128504,34.57335014712064
3179,127607482,CAMERON STREET / LYALL STREET / NEW HOLLAND DR,1646,345348395229,64.06959670916423,34.594367381252624
807,127581014,DORSET / FRANCIS,1647,345475976243,64.09326574665695,34.61538461538461
525,127537472,NEPEAN / FRANKSTON PIER ACCESS,1648,345603513715,64.11692670616692,34.6364018495166
3688,127515198,WARRIGAL NEAR MADELINE,1649,345731028913,64.14058353336813,34.65741908364859
3247,127498970,STREETATION / EVANS,1650,345858527883,64.16423734992436,34.67843631778058
6630,127468072,PRINCES HIGHWAY EAST NEAR CONTINGENT,1651,345985995955,64.18788543423331,34.69945355191257
3904,127182991,KOROROIT CREEK / DOW CHEMICAL / PRIXCAR,1652,346113178946,64.21148062985085,34.72047078604456
2712,127067821,CORDITE / AMRL / WATERFORD GRN EST ENT,1653,346240246767,64.23505445894244,34.74148802017655
3982,127067297,EDGARS / BARRY,1654,346367314064,64.2586281908207,34.762505254308536
861,127039763,CANTERBURY NEAR BALFOUR,1655,346494353827,64.28219681454644,34.783522488440525
4017,127038862,LYGON / BLYTH,1656,346621392689,64.30576527111718,34.80453972257251
4131,126997218,SYDNEY NEAR THE AVENUE,1657,346748389907,64.32932600182522,34.825556956704496
6203,126994953,MCCRAE (MIDLAND HIGHWAY) / CHAPEL (MCIVOR HIGHWAY),1658,346875384860,64.35288631232677,34.846574190836485
4937,126779655,HAMPSTEAD / MITCHELL / OMAR,1659,347002164515,64.37640668039273,34.867591424968474
585,126705411,SURREY / SPRINGFIELD,1660,347128869926,64.39991327459092,34.88860865910046
713,126679323,MAIN / DIAMOND / CECIL,1661,347255549249,64.42341502890085,34.90962589323245
4400,126627993,RATHDOWNE / QUEENSBERRY,1662,347382177242,64.44690726038557,34.93064312736444
1689,126558741,STREETATION / WITTON / TULLOCH,1663,347508735983,64.47038664412649,34.95166036149643
2684,126489217,SOUTH CENTRE / ANNANDALE / BELLATERRA,1664,347635225200,64.49385312966169,34.97267759562842
2010,126468267,MIDDLEBOROUGH / AILSA,1665,347761693467,64.51731572851878,34.9936948297604
6256,126453910,CALDER HIGHWAY / ALDER ST,1666,347888147377,64.54077566384186,35.01471206389239
4130,126446836,SYDNEY / HARDING / MUNRO,1667,348014594213,64.56423428678491,35.03572929802438
6688,126374190,PRINCES HIGHWAY EAST / GREY TRARALGON,1668,348140968403,64.58767943232375,35.05674653215637
4815,126369941,VICTORIA NEAR LITHGOW,1669,348267338344,64.61112378958119,35.077763766288356
3228,126353330,HIGH NEAR CHURCH,1670,348393691674,64.63456506513884,35.098781000420345
4794,126285305,MURRAY / CHIFLEY,1671,348519976979,64.65799372058773,35.119798234552334
2863,126070121,TULLAMARINE / PASCOE VALE / LOEMAN,1672,348646047100,64.68138245475048,35.14081546868432
4739,126050747,ALEXANDRA / WILLIAMS NTH,1673,348772097847,64.70476759461721,35.16183270281631
3943,126034052,ELGAR / ARNOLD,1674,348898131899,64.72814963720035,35.182849936948294
1720,125966592,SLADEN ST BTW CODRINGTON ST & RUSSELL ST,1675,349024098491,64.75151916449443,35.20386717108028
3655,125957774,PALMERS / DISTRIBUTION,1676,349150056265,64.77488705585877,35.22488440521228
2092,125956097,LEAKES ROAD NEAR MONTMARTE DRIVE,1677,349276012362,64.79825463610335,35.24590163934426
4444,125953552,ALBERT / NICHOLSON / LONSDALE,1678,349401965914,64.82162174419538,35.26691887347625
845,125952292,CANTERBURY / GLEBE,1679,349527918206,64.84498861853017,35.28793610760824
2618,125950539,RALEIGH NEAR WESTS / TRAM CROSSING,1680,349653868745,64.86835516764553,35.30895334174023
1475,125932268,STH GIPPSLAND HWY NR STIRLING AVE,1681,349779801013,64.89171832709523,35.32997057587222
3552,125831809,NORTH NEAR LANDCOX,1682,349905632822,64.91506284922764,35.350987810004206
4747,125683712,TOORAK / GRANGE / CANTERBURY,1683,350031316534,64.93837989616341,35.37200504413619
3969,125464029,CAMP / NORTHCORP,1684,350156780563,64.96165618715126,35.393022278268184
4492,125353655,ARDEN / DRYBURGH / MACAULAY,1685,350282134218,64.98491200137487,35.41403951240017
541,125197437,DANDENONG-FRANKSTON / QUALITY / COJO,1686,350407331655,65.00813883378072,35.435056746532155
3704,125126311,WARRIGAL / FARM,1687,350532457966,65.0313524707752,35.456073980664144
2770,125074698,MAHONEYS / INDUSTRIAL,1688,350657532664,65.05455653244188,35.47709121479613
4377,125054378,FOOTSCRAY ROAD / DOCK LINK ROAD (COODE),1689,350782587042,65.07775682430906,35.49810844892812
4575,125051687,SPRING / COLLINS,1690,350907638729,65.10095661693754,35.51912568306011
4174,125048969,THE CIRCUIT NEAR HAILES,1691,351032687698,65.12415590531823,35.5401429171921
663,125031238,HEATHERTON / JAMES,1692,351157718936,65.14735190421493,35.56116015132408
5262,125023583,DERRIMUT / RAILWAY,1693,351282742519,65.17054648294356,35.58217738545608
2587,124902653,KINGS / DELAHEY VILLAGE NORTH ENTRANCE,1694,351407645172,65.19371862654164,35.603194619588066
4959,124865200,ANDERSON / FORREST / SUN / FRASER,1695,351532510372,65.21688382179818,35.62421185372005
591,124674539,STH GIPPS'D HIGHWAY NEAR LYALL,1696,351657184911,65.24001364531547,35.64522908785204
4630,124643389,MT ALEXANDER ROAD / TRAVANCORE,1697,351781828300,65.26313768983405,35.666246321984026
4671,124611806,GRANGE / SEPARATION,1698,351906440106,65.28625587502303,35.687263556116015
2534,124554990,CHANDLER HWY / MAIN RD,1699,352030995096,65.30936351961516,35.708280790248004
4039,124451100,BURKE NEAR BURKE (RIVERSDALE),1700,352155446196,65.33245189036529,35.72929802437999
771,124443943,DORSET NEAR LUPTON,1701,352279890139,65.35553893333713,35.750315258511975
4821,124442253,VICTORIA / BURNLEY / WALMER,1702,352404332392,65.37862566277742,35.77133249264397
1305,124327897,FRANKSTON-FLINDERS / PENLINK,1703,352528660289,65.40169117670635,35.79234972677596
850,124274871,CANTERBURY NEAR ANDREW,1704,352652935160,65.42474685316542,35.81336696090794
4038,124195749,BURKE / HAROLD / PROSPECT HILL,1705,352777130909,65.44778785078216,35.83438419503993
5087,124184808,SURF COAST HIGHWAY / MARSHALLTOWN,1706,352901315717,65.47082681860678,35.85540142917193
4956,124124892,ANDERSON / DURHAM / GLENGALA,1707,353025440609,65.49385467071751,35.87641866330391
4164,124065783,MAIN / COLLINS / HYDE,1708,353149506392,65.5168715568303,35.8974358974359
927,124044546,CORRIGAN / LIGHTWOOD,1709,353273550938,65.53988450302025,35.91845313156789
4853,124020065,HOTHAM / CARLISLE / BALACLAVA,1710,353397571003,65.56289290745521,35.93947036569987
6675,124018210,MORWELL-TRARALGON / ALEXANDER TRAMWAY,1711,353521589213,65.58590096774755,35.960487599831865
365,123884537,HIGH STREET ROAD / CAPITAL,1712,353645473750,65.60888422880723,35.981504833963854
3004,123815551,BARKERS / AUBURN / WRIXON,1713,353769289301,65.63185469147184,36.002522068095836
4950,123810988,ASHLEY / BARKLY,1714,353893100289,65.65482430760127,36.023539302227825
4021,123771748,LYGON NEAR WESTON,1715,354016872037,65.67778664386199,36.04455653635982
4411,123767519,RATHDOWNE NEAR PALMERSTON,1716,354140639556,65.70074819555175,36.0655737704918
3280,123757854,FERNTREE GULLY / HUNTINGDALE,1717,354264397410,65.72370795417496,36.08659100462379
3996,123747355,BARRY / FORD ENTRANCE,1718,354388144765,65.7466657650066,36.10760823875578
4360,123719688,HIGH / TOORONGA,1719,354511864453,65.76961844301132,36.12862547288776
3598,123683248,PASCOE VALE NEAR WILLETT,1720,354635547701,65.79256436060791,36.14964270701976
2200,123662998,WHITEHORSE / UNION,1721,354759210699,65.81550652139153,36.17065994115175
2926,123451810,SPENCER / LATROBE,1722,354882662509,65.83840950223345,36.19167717528373
714,123418507,MAIN / DUDLEY,1723,355006081016,65.86130630464856,36.21269440941572
3975,123352759,EDGARS / KINGSWAY,1724,355129433775,65.88419090938766,36.233711643547714
5218,123339745,BELLARINE HIGHWAY NEAR NELSON,1725,355252773520,65.90707309974826,36.254728877679696
436,123275408,SPRINGVALE / WINDSOR,1726,355376048928,65.92994335420386,36.275746111811685
6093,123274201,MIDLAND HIGHWAY / ST GEORGES,1727,355499323129,65.95281338473484,36.296763345943674
4119,123269657,MURRAY / ELIZABETH,1728,355622592786,65.97568257225555,36.31778058007566
6817,123268005,PHW(RAGLAN) / KEPLER,1729,355745860791,65.99855145329452,36.33879781420765
2586,123157235,KINGS / GOLDSMITH,1730,355869018026,66.02139978410271,36.35981504833964
4215,123101363,ST GEORGES NEAR REID,1731,355992119389,66.04423774944644,36.38083228247162
3093,123095556,BEACH / NEW,1732,356115214945,66.06707463746609,36.40184951660361
1815,123021316,STH GIPPSLAND HIGHWAY / HALLAM RD / EVANS RD,1733,356238236261,66.08989775236005,36.42286675073561
4203,123010988,MARIBYRNONG / EPSOM / SCOTIA,1734,356361247249,66.11271895118661,36.44388398486759
1073,122999116,MIDDLE / CAPON,1735,356484246365,66.1355379475004,36.46490121899958
3212,122986061,HEATHERTON / KINGSTON / CLAYTON / BOUNDARY,1736,356607232426,66.15835452182932,36.48591845313157
3454,122972072,JOHNSTON / WELLINGTON,1737,356730204498,66.18116850089619,36.50693568726356
1562,122850748,PRINCES HIGHWAY EAST / STARLING ROAD / SIDING ROAD,1738,356853055246,66.20395997173699,36.527952921395546
6336,122837261,MIDLAND HIGHWAY / YOUNG / MORRELL,1739,356975892507,66.22674894044759,36.548970155527535
3897,122689110,MCDONALDS / FERRES,1740,357098581617,66.24951042394339,36.56998738965952
4446,122649641,ALBERT / LANSDOWNE,1741,357221231258,66.27226458508603,36.591004623791505
702,122624912,DANDENONG-FRANKSTON / EXCELSIOR,1742,357343856170,66.29501415846433,36.6120218579235
2642,122585314,ANDERSON / FOUNDRY,1743,357466441484,66.31775638555716,36.63303909205548
4720,122501136,INGLES / CROCKFORD,1744,357588942620,66.34048299581036,36.65405632618747
4622,122493864,EAST BOUNDARY NEAR JULIANA,1745,357711436484,66.36320825695027,36.67507356031946
3020,122450327,ORMOND ESP NEAR BYRNE,1746,357833886811,66.38592544103503,36.69609079445145
628,122444938,DORSET / HULL / HEWISH,1747,357956331749,66.40864162534373,36.71710802858344
3557,122418130,NORTH NEAR CARLYON,1748,358078749879,66.43135283618862,36.73812526271543
4861,122415615,HAMPTON / WILLIS,1749,358201165494,66.45406358044661,36.75914249684741
2583,122363927,KINGS / WATERGARDENS ENTRANCE 4,1750,358323529421,66.47676473546268,36.7801597309794
5302,122351768,HAMILTON HIGHWAY (ABERDEEN) / SHANNON,1751,358445881189,66.49946363472125,36.801176965111395
3804,122290712,RIVERSDALE / TRAFALGAR,1752,358568171901,66.52215120677127,36.82219419924338
4577,122236354,RUSSELL / COLLINS,1753,358690408255,66.5448286942366,36.843211433375366
3604,122180579,PASCOE VALE NEAR MEAKER,1754,358812588834,66.5674958342331,36.864228667507355
6293,122167463,MIDLAND HIGHWAY NEAR PLUMRIDGE,1755,358934756297,66.59016054092793,36.885245901639344
3620,122112593,PRINCESS NEAR WILLS,1756,359056868890,66.61281506805098,36.90626313577133
1534,122109630,CRAIGIEBURN / LYGON,1757,359178978520,66.63546904547346,36.92728036990332
2644,122095325,MCINTYRE / PHOENIX,1758,359301073845,66.65812036900903,36.948297604035304
2615,121995616,WESTERN HIGHWAY NEAR THOMSON,1759,359423069461,66.68075319436855,36.9693148381673
1198,121876029,THOMPSONS / WILLIAM THWAITES BVD,1760,359544945490,66.70336383375306,36.99033207229929
959,121832047,HEATHERTON / BOYD / CLEELAND,1761,359666777537,66.7259663135253,37.01134930643127
3028,121803242,SOUTH / BEACH,1762,359788580779,66.74856344934705,37.03236654056326
2634,121761196,MCINTYRE / SUFFOLK,1763,359910341975,66.77115278472638,37.05338377469525
4766,121747114,HIGH / ORRONG,1764,360032089089,66.79373950759016,37.07440100882724
3790,121723530,SYDNEY NEAR DONALD,1765,360153812619,66.81632185511184,37.09541824295923
3934,121647108,ELGAR NEAR SEVERN,1766,360275459727,66.83889002469961,37.116435477091215
342,121563269,BLACKBURN NEAR CANOPUS,1767,360397022996,66.86144264033959,37.137452711223204
238,121524869,NEPEAN NEAR MOOMBA,1768,360518547865,66.883988131949,37.15846994535519
623,121432218,DORSET / EASTFIELD,1769,360639980083,66.90651643479403,37.17948717948718
4042,121394369,BURKE / PLEASANT / SEYMOUR,1770,360761374452,66.92903771583092,37.200504413619164
708,121207888,BLACKBURN / ANDERSON CREEK,1771,360882582340,66.951524400609,37.22152164775115
724,121204937,SHERBOURNE NEAR OUTLOOK,1772,361003787277,66.97401053791275,37.24253888188314
434,121182734,SPRINGVALE NEAR LUCIAN,1773,361124970011,66.99649255607977,37.26355611601513
5051,120951537,GEELONG-PORTARLINGTON / RYRIE / BOUNDARY,1774,361245921548,67.01893168220285,37.28457335014712
1712,120926910,FRANKSTON-DANDENONG / WEDGE / BOUNDARY,1775,361366848458,67.04136623948477,37.30559058427911
2019,120919930,NEPEAN HIGHWAY / BENTONS,1776,361487768388,67.06379950182573,37.3266078184111
4079,120918223,GLEN EIRA / KOOYONG,1777,361608686611,67.08623244748127,37.34762505254309
900,120915161,MT DANDENONG / OLD LILYDALE / MIRABEL,1778,361729601772,67.10866482506958,37.368642286675076
4855,120862547,HOTHAM / GLEN EIRA,1779,361850464319,67.13108744162291,37.38965952080706
728,120802965,DAVEY / YOUNG,1780,361971267284,67.15349900442659,37.41067675493905
607,120787253,HEATHERTON / MATTHEW FLINDERS,1781,362092054537,67.17590765231442,37.43169398907104
4864,120769508,BAY / RESERVE,1782,362212824045,67.19831300812096,37.452711223203025
3110,120754053,BRUNSWICK / FLEMING,1783,362333578098,67.22071549669074,37.473728457335014
3197,120733103,CLAYTON NEAR DUNSTAN,1784,362454311201,67.2431140985824,37.494745691467
444,120725696,SPRINGVALE NEAR WAREHAM,1785,362575036897,67.26551132631535,37.51576292559899
6252,120691180,CALDER / TAYLOR / WESLEY,1786,362695728077,67.28790215058376,37.53678015973098
6697,120662024,PRINCES HIGHWAY / ASHBY,1787,362816390101,67.31028756578358,37.55779739386297
2735,120612642,SUNSHINE / CALVERTON,1788,362937002743,67.33266381955434,37.57881462799496
3879,120430081,KINGSBURY / RING,1789,363057432824,67.35500620431107,37.59983186212694
610,120393639,PRINCES HIGHWAY EAST / TIVENDALE,1790,363177826463,67.37734182828859,37.62084909625894
354,120380281,BLACKBURN / SOUTH,1791,363298206744,67.39967497406822,37.64186633039092
266,120364380,MONASH / JACKSONS,1792,363418571124,67.4220051698684,37.66288356452291
4427,120347941,NICHOLSON NEAR KAY,1793,363538919065,67.44433231587857,37.683900798654896
181,120159097,BURWOOD HIGHWAY NEAR WILLOW,1794,363659078162,67.46662442724228,37.704918032786885
527,120085722,POLICE / HANSWORTH,1795,363779163884,67.48890292595651,37.725935266918874
4368,120070297,BURKE / WATTLETREE,1796,363899234181,67.5111785629996,37.74695250105086
6150,120028576,HIGH / SOUTH,1797,364019262757,67.53344645989485,37.76796973518285
4346,120003486,BURKE / WAVERLEY,1798,364139266243,67.55570970205243,37.788986969314834
4045,119982032,TOORAK / GLEN IRIS,1799,364259248275,67.57796896402898,37.81000420344683
719,119978772,MAIN / PARA,1800,364379227047,67.60022762120504,37.83102143757881
2567,119952399,TAYLORS / COPPERFIELD,1801,364499179446,67.62248138561917,37.8520386717108
5005,119917166,CORIO-WAURN PONDS / PLANTATION / SCHOOL,1802,364619096612,67.64472861354976,37.87305590584279
4063,119626655,WHITEHORSE / BALWYN,1803,364738723267,67.66692194540653,37.89407313997478
513,119626330,BEACONSFIELD-BERWICK / B'FIELD-EMERALD,1804,364858349597,67.68911521696876,37.91509037410677
3766,119581088,BOARDWALK / MAIN,1805,364977930685,67.71130009516146,37.93610760823876
3901,119560323,MELBOURNE / VIC TRACK MAINT FACILITY ACCES,1806,365097491008,67.73348112099755,37.957124842370746
3833,119506093,MT ALEXANDER NEAR FENTON,1807,365216997101,67.75565208599573,37.97814207650273
302,119500003,CRANBOURNE-FRANK / SOUTHGATEWAY,1808,365336497104,67.77782192116717,37.999159310634724
122,119457432,MT DANDENONG / HAWTHORY,1809,365455954536,67.7999838584974,38.02017654476671
5155,119417789,WARBURTON HIGHWAY NEAR SCHOOL LANE,1810,365575372325,67.82213844119369,38.041193778898695
824,119373124,KELLETTS / TAYLORS,1811,365694745449,67.84428473756641,38.062211013030684
4863,119364740,BAY NEAR LANSELL,1812,365814110189,67.86642947852583,38.08322824716267
5100,119359531,MIDLAND HIGHWAY / PAKINGTON / STUBBS,1813,365933469720,67.88857325310308,38.10424548129466
1099,119339596,MELBOURNE NEAR MCROBERT,1814,366052809316,67.91071332930666,38.12526271542665
547,119225992,PRINCES HIGHWAY EAST / RACECOURSE,1815,366172035308,67.93283232951114,38.14627994955864
5246,119197655,DERRIMUT / WARRINGA,1816,366291232963,67.95494607258925,38.16729718369062
4458,119171050,FOOTSCRAY / GATE F / WESTERN LINK SB ON RAMP,1817,366410404013,67.97705487986441,38.18831441782262
4132,119046996,NICHOLSON / HARDING,1818,366529451009,67.99914067243948,38.20933165195461
2168,118965479,MAHONEYS / PIPEWORKS MARKET,1819,366648416488,68.02121134184794,38.23034888608659
6661,118887624,MORWELL-TRARALGON NEAR BRIDLE,1820,366767304112,68.04326756747001,38.25136612021858
2655,118779351,ROBINSONS / AUSTRALIS / SCHEMBRI,1821,366886083463,68.06530370610879,38.272383354350566
2195,118753228,SOMERTON / MAGNOLIA,1822,367004836691,68.08733499836606,38.293400588482555
5243,118696063,LITTLE BOUNDARY / PIPE,1823,367123532754,68.10935568527945,38.314417822614544
352,118662163,BLACKBURN NEAR MONTGOMERY,1824,367242194917,68.13137008300961,38.33543505674653
259,118651740,CRANBOURNE-FRANKSTON / JOSEPHINE,1825,367360846657,68.15338254704784,38.356452290878515
2052,118583521,OLD CALDER HIGHWAY / GREEN GULLY RD,1826,367479430178,68.1753823549861,38.37746952501051
4367,118580468,TOORONGA / WATTLETREE,1827,367598010646,68.19738159652682,38.3984867591425
3778,118571094,FOOTSCRAY / MARKET GATE 1.,1828,367716581740,68.21937909898782,38.41950399327448
4900,118547746,MONTAGUE NEAR GLADSTONE,1829,367835129486,68.2413722698898,38.44052122740647
4057,118545618,BALWYN / BELMORE,1830,367953675104,68.26336504600177,38.46153846153847
3257,118538925,VINEYARD / ELIZABETH / DEVENY,1831,368072214029,68.28535658041747,38.48255569567045
5042,118534896,EASTERN BEACH / BELLERINE / BROUGHAM,1832,368190748925,68.30734736736655,38.50357292980244
3781,118508726,MELVILLE NEAR CULLODEN,1833,368309257651,68.3293332992146,38.52459016393443
2591,118460312,CAROLINE SPRINGS / COLLEGE,1834,368427717963,68.35131024921851,38.545607398066416
5201,118443025,RYRIE / GHERINGHAP,1835,368546160988,68.37328399211003,38.566624632198405
3835,118431486,MT ALEXANDER NEAR BARODA,1836,368664592474,68.3952555942675,38.587641866330394
314,118421255,SPRINGVALE / REYNOLDS,1837,368783013729,68.41722529835316,38.608659100462376
4232,118367615,HYDE / NAPIER,1838,368901381344,68.43918505105869,38.629676334594365
4432,118350839,WAVERLEY NEAR ALMA (MOONEE VALLEY),1839,369019732183,68.46114169145335,38.65069356872636
766,118340967,MOUNTAIN HIGHWAY / JERSEY,1840,369138073150,68.48309650037851,38.67171080285834
1171,118334268,FRANKSTON-DANDENONG / COLEMANS,1841,369256407418,68.50505006649428,38.69272803699033
2054,118299244,MCINTYRE / MARKET ENT,1842,369374706662,68.52699713490053,38.71374527112232
704,118267549,REYNOLDS / ANDERSON CREEK,1843,369492974211,68.54893832319875,38.73476250525431
401,118266897,NARRE WARREN NTH / ERNST WANKE,1844,369611241108,68.57087939053689,38.7557797393863
4971,118254373,WRR / FURLONG,1845,369729495481,68.59281813440214,38.77679697351829
4552,118243742,ALEXANDRA / ANDERSON,1846,369847739223,68.61475490598696,38.79781420765027
4257,118194791,WILLIAMSTOWN / ANDERSON,1847,369965934014,68.63668259610253,38.81883144178226
930,118179525,HEATHERTON / KELVINSIDE,1848,370084113539,68.65860745404493,38.839848675914254
841,118131125,CANTERBURY NEAR BRANKSOME,1849,370202244664,68.6805233327405,38.860865910046236
4418,118052174,RATHDOWNE NEAR PRINCES,1850,370320296838,68.702424564318,38.881883144178225
1081,118027763,KELLETTS / NAPOLEON,1851,370438324601,68.72432126712698,38.902900378310214
2524,117944967,EPSOM NEAR BANGALORE,1852,370556269568,68.74620260948723,38.9239176124422
3180,117927984,DONCASTER / BALWYN,1853,370674197552,68.76808080113365,38.94493484657419
4585,117901978,SPENCER / COLLINS,1854,370792099530,68.7899541681046,38.96595208070618
274,117865967,NEPEAN / FLETCHER,1855,370909965497,68.81182085425618,38.98696931483816
4615,117839807,CENTRE / MACKIE,1856,371027805304,68.83368268716197,39.00798654897016
4089,117798685,GLENHUNTLY / KOOYONG,1857,371145603989,68.85553689104734,39.02900378310215
3124,117702095,CANTERBURY NEAR CHAUCER,1858,371263306084,68.8773731753986,39.05002101723413
2817,117685481,KEILOR PARK / THOMSONS,1859,371380991565,68.89920637749353,39.07103825136612
1427,117649425,THOMPSONS ROAD / MERINDA PARK BOULEVARD,1860,371498640990,68.92103289042062,39.09205548549811
2496,117625582,PLENTY ROAD / RIVERGUM DRIVE,1861,371616266572,68.94285497995551,39.1130727196301
4544,117606057,COMMERCIAL NEAR ALFRED HOSP,1862,371733872629,68.96467344718062,39.134089953762086
2478,117571419,PALMERS ROAD / DOHERTYS ROAD,1863,371851444048,68.98648548830755,39.155107187894075
437,117478232,SPRINGVALE NEAR ANDREW,1864,371968922280,69.00828024123047,39.17612442202606
1071,117468690,WAVERLEY NEAR BRUCE,1865,372086390970,69.03007322390602,39.19714165615805
5193,117465510,BELLARINE HIGHWAY / KENSINGTON,1866,372203856480,69.05186561662279,39.21815889029004
892,117439300,WARRANDYTE / WONGA,1867,372321295780,69.07365314681768,39.23917612442202
3593,117428231,PASCOE VALE / WOODLAND,1868,372438724011,69.09543862347365,39.26019335855401
2393,117406957,ALEXANDRA AVE NEAR LINLITHGOW AVE,1869,372556130968,69.1172201533425,39.281210592686
1499,117362377,EPPING ROAD / FINDON ROAD / O'HERNS ROAD,1870,372673493345,69.13899341265714,39.30222782681799
1717,117326447,NEPEAN HIGHWAY NEAR TOWER ROAD,1871,372790819792,69.16076000617969,39.32324506094998
4847,117296590,HOTHAM / ALMA,1872,372908116382,69.18252106058296,39.34426229508197
1500,117248158,PALMERS / PFW OB OFF RAMP,1873,373025364540,69.2042731298027,39.36527952921395
3069,117236134,BELL / BURGUNDY / UPR HEIDELBERG,1874,373142600674,69.2260229683104,39.386296763345946
2209,117180742,MAROONDAH / LINSLEY,1875,373259781416,69.24776253040405,39.407313997477935
5282,117095467,HOGANS / TARNEIT,1876,373376876883,69.26948627214081,39.42833123160992
4305,116971075,UPPER HEIDELBERG / WATERDALE / LIVINGSTONE,1877,373493847958,69.29118693647115,39.449348465741906
3121,116962552,CANTERBURY NEAR LOCH,1878,373610810510,69.31288601960065,39.470365699873895
2908,116944551,WILLIAM / LONSDALE,1879,373727755061,69.33458176315533,39.491382934005884
4814,116934666,VICTORIA / LENNOX / NICHOLSON,1880,373844689727,69.35627567282869,39.51240016813787
2875,116919034,SUNSHINE NEAR FOX,1881,373961608761,69.37796668242797,39.53341740226986
4646,116909834,LWR DANDENONG / WARREN,1882,374078518595,69.39965598522825,39.55443463640185
6660,116851470,MORWELL-TRARALGON / MCDONALD,1883,374195370065,69.42133446024421,39.57545187053384
4749,116817606,TOORAK NEAR IRVING,1884,374312187671,69.44300665275574,39.59646910466583
3898,116805708,MCDONALDS / PLENTY VALLEY SC ACCESS1,1885,374428993379,69.46467663793094,39.61748633879781
187,116768276,WELLS NEAR LANGSLOW,1886,374545761655,69.48633967866051,39.6385035729298
1264,116760411,THOMPSON ROAD / ALAN BIRD DRV,1887,374662522066,69.5080012602625,39.659520807061796
1205,116713852,WESTWOOD DR / INGLEWOOD DR / COMMERCIAL ROAD,1888,374779235918,69.52965420416297,39.68053804119378
3980,116710417,BARRY / BLAIR,1889,374895946335,69.55130651079666,39.70155527532577
6288,116696391,MIDLAND HIGHWAY / NAPIER / LYONS,1890,375012642726,69.57295621530399,39.722572509457756
4216,116615835,BRUNSWICK / GERTRUDE,1891,375129258561,69.594590974931,39.743589743589745
779,116600294,SCORESBY NEAR APPLEGUM,1892,375245858855,69.61622285136636,39.76460697772173
3145,116599496,CENTRE DANDENONG / CHIFLEY,1893,375362458351,69.63785457975548,39.78562421185372
4006,116413222,SYDNEY / ALBION,1894,375478871573,69.65945175028875,39.806641445985704
3419,116409282,MCKINNON NEAR GLEN ORME,1895,375595280855,69.68104818986683,39.82765868011769
2520,116405409,ASHLEY / CENTRAL WEST PLAZA,1896,375711686264,69.70264391091962,39.84867591424969
4777,116377925,WILLIAMS NEAR GOOCH,1897,375828064189,69.72423453309598,39.86969314838167
5055,116348028,BELLARINE HIGHWAY (MCKILLOP) / MOORABOOL,1898,375944412217,69.74581960873219,39.89071038251366
109,116260075,SWANSEA / HULL,1899,376060672292,69.76738836718462,39.91172761664565
1578,116209806,NARRE WARREN-CRANBOURNE RD / ROSEBANK DR,1900,376176882098,69.7889477996503,39.93274485077764
6081,116194716,GVH / PINE / BRAUMAN,1901,376293076814,69.8105044325946,39.95376208490963
4953,116150573,HAMPSHIRE / WRIGHT,1902,376409227387,69.83205287605766,39.974779319041616
4982,116129890,COBURNS / WESTERN FREEWAY (NTH),1903,376525357277,69.85359748237686,39.995796553173605
3290,116096917,GRANGE / NEERIM,1904,376641454194,69.87513597149142,40.01681378730559
3109,116080366,BRUNSWICK NEAR WATSON,1905,376757534560,69.8966713900375,40.03783102143758
3317,116036969,BURGUNDY / STREETUDLEY / STREETRADBROKE / MOUNT,1906,376873571529,69.91819875750144,40.058848255569565
1240,115944779,GREENS / KEY / PACIFIC,1907,376989516308,69.93970902172647,40.079865489701554
4233,115892299,BUCKLEY / NICHOLSON,1908,377105408607,69.96120954977643,40.10088272383354
4662,115770039,HIGH / DAREBIN,1909,377221178646,69.98268739595207,40.12189995796553
2485,115693348,GLENFERRIE NEAR GARDINER,1910,377336871994,70.0041510142885,40.14291719209752
1260,115642857,CRANBOURNE-FRANKSTON / NORTHGATEWAY / QUARRY,1911,377452514851,70.02560526545238,40.16393442622951
4357,115570504,HIGH / GLENFERRIE,1912,377568085355,70.04704609356986,40.1849516603615
6279,115545101,STREETRATHFIELDSAYE / EDWARDS / CONDON,1913,377683630456,70.06848220888142,40.20596889449348
4952,115537872,WRIGHT / ANDERSON,1914,377799168328,70.08991698305712,40.22698612862548
278,115519966,NEPEAN / HUMPHRIES,1915,377914688294,70.11134843528255,40.24800336275746
4669,115370770,HIGH / SEPARATION / ARTHURTON,1916,378030059064,70.13275220842307,40.26902059688945
3709,115300788,BEACH NEAR NEPEAN,1917,378145359852,70.15414299838899,40.290037831021436
4365,115286046,GLENFERRIE / WATTLETREE,1918,378260645898,70.17553105339505,40.311055065153425
4927,115282016,KINGS NEAR MCLEOD (STEVENSVILLE PS),1919,378375927914,70.19691836074895,40.332072299285414
3486,115272885,WILLIAMSTOWN / SHOPPING CENTRE ENT,1920,378491200799,70.21830397410487,40.3530895334174
2795,115177903,MILITARY NEAR RIVERSIDE,1921,378606378702,70.23967196624545,40.37410676754939
6258,115144745,CALDER HIGHWAY NEAR CAMP,1922,378721523447,70.26103380685987,40.395124001681374
4983,115091135,COBURNS / WESTERN FREEWAY (STH),1923,378836614582,70.28238570165979,40.41614123581337
4765,115054729,HIGH NEAR HIGHBURY,1924,378951669311,70.3037308423593,40.43715846994536
639,114983914,MT DANDENONG / COLCHESTER,1925,379066653225,70.32506284534468,40.45817570407734
982,114958408,FRANKSTON-DANDENONG / JAYCO,1926,379181611633,70.3463901164154,40.47919293820933
2040,114941575,WILLIAMSONS / AQUARENA / NORTH,1927,379296553208,70.36771426460055,40.50021017234132
703,114884054,REYNOLDS / THE PINES SHOPPING CENTRE,1928,379411437262,70.3890277413961,40.52122740647331
4829,114843614,CHURCH NEAR BROUGHAM,1929,379526280876,70.41033371569699,40.5422446406053
6082,114839010,GVH (WYNDHAM) / MIDLAND(HIGH),1930,379641119886,70.4316388358563,40.563261874737286
3337,114713582,LWR PLENTY / CREW / MARTINS,1931,379755833468,70.45292068640879,40.58427910886927
2647,114704198,BOUNDARY / PLUMMER / SPENCER,1932,379870537666,70.47420079602631,40.605296343001264
366,114683534,BORONIA NEAR LUSK,1933,379985221200,70.4954770720249,40.62631357713325
1392,114677897,TAYLORS / BRAESWOOD,1934,380099899097,70.51675230223806,40.647330811265235
1376,114665140,VICTORIA NEAR DOMAINE DR,1935,380214564237,70.53802516575182,40.668348045397224
3542,114656599,WILLIAMSTOWN / INGLES / NORMANBY,1936,380329220836,70.55929644472533,40.68936527952921
4778,114644577,KOOYONG / WATTLETREE,1937,380443865413,70.58056549335784,40.7103825136612
3141,114631015,CENTRE DANDENONG / GRANGE,1938,380558496428,70.60183202594602,40.73139974779319
977,114535932,PRINCES NEAR WOODS,1939,380673032360,70.62308091858118,40.75241698192518
235,114446227,NEPEAN / CANADIAN BAY,1940,380787478587,70.64431316899866,40.77343421605717
4471,114354762,MT ALEXANDER / WELLINGTON,1941,380901833349,70.66552845068038,40.79445145018916
343,114348410,MITCHAM / SPRINGFIELD,1942,381016181759,70.68674255392871,40.81546868432115
5213,114343585,GEELONG-PORTARLINGTON / POINT HENRY,1943,381130525344,70.7079557620352,40.83648591845313
6815,114284820,PHW (RAGLAN PDE) / FAIRY / JAMIESON,1944,381244810164,70.72915806796316,40.85750315258512
650,114265375,CHELTENHAM / FOSTER / THOMAS,1945,381359075539,70.75035676642307,40.87852038671711
1362,114255055,BERWICK-CRANBOURNE / CASEY FIELDS BLVD,1946,381473330594,70.77155355029976,40.899537620849095
5066,114226552,CORIO-WAURN PONDS / REYNOLDS,1947,381587557146,70.79274504625349,40.920554854981084
5271,114200500,SAYERS / MARQUANDS,1948,381701757646,70.81393170899773,40.94157208911307
2654,114174867,COBURNS / SHOP CENTRE ACCESS,1949,381815932513,70.83511361626607,40.96258932324506
1164,114037425,SPRINGVALE / OLD WARRANDYTE,1950,381929969938,70.85627002507074,40.98360655737705
338,114029523,DONCASTER / MITCHAM / OLD WARRANDYTE,1951,382043999461,70.87742496788351,41.00462379150904
6092,113882681,MIDLAND HIGHWAY / CORIO,1952,382157882142,70.89855266832929,41.02564102564102
2663,113863957,BAY NEAR LIARDET,1953,382271746099,70.91967689506808,41.04665825977301
1237,113859981,WALKER / MASON,1954,382385606080,70.9408003841729,41.06767549390501
1982,113838814,THOMPSONS ROAD / MCCORMICK ROAD,1955,382499444894,70.9619199463414,41.08869272803699
2290,113733490,SOUTH ROAD / TUCKER ROAD,1956,382613178384,70.98301996862989,41.10970996216898
2175,113629990,MICKLEHAM / GARDEN,1957,382726808374,71.00410078942981,41.13072719630097
3334,113618602,LWR PLENTY / YALLAMBIE,1958,382840426976,71.02517949750944,41.151744430432956
4819,113603940,SWAN NEAR WAVERLEY,1959,382954030916,71.04625548547094,41.172761664564945
6257,113587622,CALDER HIGHWAY / THISTLE,1960,383067618538,71.06732844609051,41.193778898696934
715,113586003,MAIN / BRIDGE - ELTHAM,1961,383181204541,71.08840110635057,41.214796132828916
1229,113535678,JOHNSTONE ST BETWEEN PEARCEDALE PDE / LORRAINE,1962,383294740219,71.10946443023467,41.23581336696091
4066,113483327,BALWYN / MONT ALBERT,1963,383408223546,71.13051804187599,41.2568306010929
4945,113335776,ANDERSON NEAR RIDLEY,1964,383521559322,71.15154427961549,41.27784783522488
3843,113181100,HIGH NEAR HUNTINGTOWER,1965,383634740422,71.17254182161157,41.29886506935687
3149,113121474,LWR DANDENONG NEAR WILLOW-GLEN,1966,383747861896,71.19352830169503,41.31988230348886
479,113103816,STEPRINCES HIGHWAY EASTNSONS NEAR KEMP,1967,383860965712,71.21451150583756,41.34089953762085
3234,113101752,HIGH / AUSTARC,1968,383974067464,71.23549432706345,41.36191677175284
2692,113101085,EPPING / HAYSTON / LYNDARUM,1969,384087168549,71.25647702454643,41.38293400588483
3301,112981056,QUEENS / WELLINGTON / DELBRIDGE,1970,384200149605,71.27743745405384,41.40395124001681
4897,112977119,YORK / FERRARS,1971,384313126724,71.2983971531626,41.424968474148805
3626,112880345,WESTGATE FREEWAY EXIT RAMP / COOK,1972,384426007069,71.31933889860129,41.445985708280794
2853,112864223,GORDON NEAR OWEN,1973,384538871292,71.34027765306026,41.467002942412776
4533,112861586,ST KILDA NEAR GRANT,1974,384651732878,71.3612159182987,41.488020176544765
4423,112846837,LYGON / PIGDON,1975,384764579715,71.38215144727866,41.509037410676754
4949,112750729,ASHLEY / SOUTH,1976,384877330444,71.40306914614591,41.53005464480874
4885,112582031,CITY / FERRARS / MARKET,1977,384989912475,71.42395554788548,41.55107187894073
3937,112546258,STREETATION / HIGHBURY,1978,385102458733,71.44483531295984,41.57208911307272
4005,112517516,MELVILLE / ALBION,1979,385214976249,71.46570974577155,41.5931063472047
209,112502257,HIGH / GLOUCESTER,1980,385327478506,71.48658134770871,41.6141235813367
4011,112485484,SYDNEY / VICTORIA,1981,385439963990,71.50744983789161,41.63514081546869
4768,112322696,HIGH / KOOYONG,1982,385552286686,71.52828812737964,41.65615804960067
4899,112303794,DORCAS / FERRARS,1983,385664590480,71.54912291013783,41.67717528373266
222,112267924,NEPEAN / BONDI,1984,385776858404,71.56995103823522,41.698192517864655
5331,112244379,SURF COAST HIGHWAY / BAANIP BOULEVARD,1985,385889102783,71.59077479822585,41.71920975199664
729,112186051,FRANKSTON-DANDENONG / KLAUER,1986,386001288834,71.61158773711094,41.740226986128626
815,112144881,MT DANDENONG / DURHAM / LIVERPOOL,1987,386113433715,71.63239303807057,41.761244220260615
6254,111995486,CALDER / LANSELL PLAZA,1988,386225429201,71.65317062302651,41.7822614543926
5250,111941802,PHW(SYNNOT) / WEDGE,1989,386337371003,71.67393824843934,41.80327868852459
4759,111940331,MALVERN / KOOYONG,1990,386449311334,71.69470560094985,41.82429592265658
3255,111938526,VINEYARD / HORNE / MITCHELLS,1991,386561249860,71.71547261859382,41.84531315678856
100,111922510,BURWOOD HIGHWAY / LIVINGSTONE,1992,386673172370,71.7362366649234,41.86633039092055
370,111894528,BORONIA NEAR DINSDALE,1993,386785066898,71.75699551998676,41.88734762505255
2736,111893273,GREEN GULLY(STREET ALBANS) / DRISCOLLS,1994,386896960171,71.77775414222046,41.90836485918453
1208,111888868,HALLAM / ORMOND / LYNBROOK,1995,387008849039,71.7985119472314,41.92938209331652
2342,111863130,,1996,387120712169,71.81926497728666,41.95039932744851
3632,111860297,SOUTH / HAMPTON,1997,387232572466,71.84001748175916,41.97141656158049
4128,111854823,SYDNEY / URQUHART,1998,387344427289,71.86076897068627,41.992433795712486
3877,111839579,MURRAY / NORTHLAND EXIT,1999,387456266868,71.88151763152165,42.013451029844475
4112,111816227,GAFFNEY / CUMBERLAND,2000,387568083095,71.90226196005597,42.03446826397646
4972,111655558,MICKLEHAM NEAR SOMERTON,2001,387679738653,71.92297648101574,42.055485498108446
3309,111569991,HEIDELBERG / YARRALEA,2002,387791308644,71.94367512744633,42.07650273224044
4833,111569454,FITZROY NEAR PARK,2003,387902878098,71.9643736742518,42.097519966372424
4416,111539543,RATHDOWNE NEAR PELHAM,2004,388014417641,71.98506667191984,42.11853720050441
609,111482001,PRINCES HIGHWAY EAST NEAR DEVENEY,2005,388125899642,72.00574899430232,42.1395544346364
975,111442109,HALLAM SOUTH NEAR HALLAM STATION,2006,388237341751,72.02642391585601,42.160571668768384
5078,111436646,MALOP / YARRA,2007,388348778397,72.04709782390502,42.18158890290038
5350,111411772,SURF COAST HIGHWAY / KIDMAN AVENUENUE,2008,388460190169,72.06776711728907,42.20260613703237
4260,111405917,AUBURN / RATHMINES / LIDDIARD,2009,388571596086,72.08843532444395,42.22362337116435
1315,111387720,TARNEIT ROAD / BETHANY ROAD,2010,388682983806,72.10910015566179,42.24464060529634
3571,111381095,VICTORIA NEAR CROMWELL,2011,388794364901,72.12976375779881,42.265657839428336
4390,111301523,SWANSTON / QUEENSBERRY,2012,388905666424,72.15041259760882,42.28667507356032
4502,111276861,VICTORIA / KING / CURZON,2013,389016943285,72.17105686208443,42.30769230769231
3760,111233538,MELBOURNE NEAR WILKINS,2014,389128176823,72.19169308920651,42.328709541824296
1161,111168396,WHITEHALL ST NEAR BUNBURY,2015,389239345219,72.21231723107866,42.349726775956285
6631,111144677,PRINCES HIGHWAY EAST / SHADY CREEK / RAILWAY / ROLL…,2016,389350489896,72.23293697256331,42.37074401008827
5104,111139752,MIDLAND HIGHWAY NEAR STODDART,2017,389461629648,72.25355580035394,42.39176124422026
5121,111134892,GEELONG-PORTARLINGTON NEAR EVERSLEY,2018,389572764540,72.27417372650946,42.412778478352244
4445,111115879,ALBERT / GISBORNE,2019,389683880419,72.29478812534225,42.43379571248423
379,111061339,HIGH NEAR FONTEYN,2020,389794941758,72.3153924058254,42.45481294661623
3231,110968815,HIGH / MAIN,2021,389905910573,72.33597952110541,42.47583018074821
2721,110937859,TAYLORS / KEILOR DOWNS S / C EAST ENT,2022,390016848432,72.35656089337789,42.4968474148802
1203,110902477,RINGWOOD-WARRANDYTE / MILNE,2023,390127750909,72.3771357015241,42.51786464901219
4803,110901272,BRIDGE / COPPIN,2024,390238652181,72.39771028611673,42.53888188314418
4823,110736000,ELIZABETH NEAR WILLIAMS,2025,390349388181,72.41825420917878,42.55989911727617
6089,110713790,GVH / WILMOT / LONGSTAFF,2026,390460101971,72.43879401180547,42.580916351408156
2341,110646021,BAY / CHELTENHAM MARKET,2027,390570747992,72.4593212418169,42.60193358554014
2716,110627879,CANNING / MILITARY,2028,390681375871,72.47984510609493,42.62295081967213
6201,110589207,PALL MALL (MC IVOR HIGHWAY) / WILLIAMSON,2029,390791965078,72.50036179588056,42.64396805380412
522,110571550,CRANBOURNE-FRANKSTON / BROOKLAND GREENS,2030,390902536628,72.52087520991078,42.664985287936105
4649,110567113,LWR DANDENONG / SOUTHERN,2031,391013103741,72.54138780078154,42.686002522068094
6223,110560183,MCIVOR HIGHWAY / STERNBERG,2032,391123663924,72.56189910598742,42.70701975620008
4143,110533850,SMITH NEAR CHARLES,2033,391234197774,72.58240552585225,42.72803699033207
3765,110515901,BOARDWALK / MURNONG,2034,391344713675,72.60290861578937,42.74905422446406
753,110468577,SEAFORD / RAILWAY / FORTESCUE,2035,391455182252,72.62340292610094,42.77007145859605
3221,110444829,HIGH / GOWER / CRAMER,2036,391565627081,72.64389283064487,42.79108869272804
4258,110388676,WILLIAMSTOWN NEAR CASTLE,2037,391676015757,72.6643723175928,42.81210592686003
1399,110383180,PALMERS / PFW IB ON RAMP,2038,391786398937,72.68485078491385,42.83312316099202
668,110363971,CHELTENHAM / BENNET,2039,391896762908,72.70532568854993,42.854140395124
3428,110292935,FITZROY / ACLAND / BEACONSFIELD,2040,392007055843,72.72578741347162,42.87515762925599
3667,110278588,HIGH NEAR PAKINGTON,2041,392117334431,72.74624647671449,42.89617486338798
4081,110232806,BAMBRA / GLEN EIRA,2042,392227567237,72.76669704640616,42.917192097519965
3905,110223202,BLACKSHAWS / GRIEVE,2043,392337790439,72.78714583434814,42.938209331651954
376,110187556,BORONIA / FLORISTON / HASTINGS,2044,392447977995,72.80758800918612,42.95922656578394
3034,110151283,BEACH NEAR TRAMWAY,2045,392558129278,72.82802345459807,42.98024379991593
1739,110129818,"TOORAK ROAD, WEST OF GLENBERVIE ROAD",2046,392668259096,72.84845491778826,43.00126103404792
1091,110098268,CRANBOURNE / PEN.POWER CENTRE ACCESS,2047,392778357364,72.86888052777107,43.02227826817991
626,110059465,BAYSWATER / EASTFIELD,2048,392888416829,72.88929893895812,43.04329550231189
5274,110058928,MORRIS / BELLBRIDGE,2049,392998475757,72.90971725052006,43.06431273644388
4222,110043034,GERTRUDE NEAR NAPIER,2050,393108518791,72.93013261340126,43.08532997057587
3111,110030861,BRUNSWICK / GRANTHAM,2051,393218549652,72.95054571792765,43.10634720470786
519,110010433,HEATHERTON / BELGRAVE-HALLAM,2052,393328560085,72.9709550326182,43.12736443883985
362,109975526,BLACKBURN NEAR CHERRY,2053,393438535611,72.99135787130528,43.14838167297184
6262,109825780,BARNARD / VIEW,2054,393548361391,73.01173292887057,43.169398907103826
3981,109797602,BARRY / KING / MAFFRA,2055,393658158993,73.03210275880741,43.190416141235815
4602,109739495,SPENCER / BOURKE,2056,393767898488,73.05246180863897,43.211433375367804
6692,109728734,PRINCES HIGHWAY EAST / SEYMOUR TRARALGON,2057,393877627222,73.07281886207228,43.23245060949979
1753,109726861,BERWICK-CRANBOURNE RD / PLYMOUTH BLVD,2058,393987354083,73.0931755680236,43.253467843631775
2994,109566380,WESTERN FREEWAY WESTBOUND RAMPS / FERRIS R,2059,394096920463,73.11350250127843,43.274485077763764
6259,109401203,CALDER HIGHWAY[HIGH] / LAUREL,2060,394206321666,73.13379879062721,43.29550231189575
230,109399246,NEPEAN / BEACH,2061,394315720912,73.15409471691018,43.31651954602774
3035,109375436,BEACH NEAR NAPLES,2062,394425096348,73.17438622592316,43.33753678015973
3798,109159935,WHITEHORSE NEAR CAMPBELL,2063,394534256283,73.19463775483966,43.35855401429172
4214,109146912,STREET GEORGES / SCOTCHMER,2064,394643403195,73.21488686770799,43.37957124842371
3964,109141008,CAMP / MAYGAR / CSL ACCESS,2065,394752544203,73.23513488525664,43.4005884825557
4779,109030974,MALVERN NEAR CHATSWORTH,2066,394861575177,73.2553624891184,43.42160571668769
2624,108977549,ROSAMOND / HIGHPOINT CITY NORTH ENT,2067,394970552726,73.27558018148716,43.44262295081967
4654,108976145,VICTORIA / RIVER,2068,395079528871,73.29579761338356,43.463640184951664
4787,108972386,GILBERT / MURRAY,2069,395188501257,73.31601434790413,43.484657419083646
3750,108808276,WILLIAMSTOWN / GRAHAM,2070,395297309533,73.33620063647025,43.505674653215635
372,108787955,BORONIA NEAR ROSE,2071,395406097488,73.35638315505136,43.526691887347624
4022,108768210,SYDNEY / WESTON,2072,395514865698,73.37656201050791,43.54770912147961
3812,108678426,CAMBERWELL / SEYMOUR / TRAFALGAR,2073,395623544124,73.39672420909056,43.5687263556116
3440,108655558,JASPER / MCKINNON,2074,395732199682,73.41688216516461,43.58974358974359
263,108646057,MONASH / FORSTER,2075,395840845739,73.43703835859766,43.61076082387558
2905,108600362,LONSDALE NEAR ST FRANCIS,2076,395949446101,73.45718607461991,43.63177805800756
920,108540574,BURWOOD HIGHWAY / MORRIS / MAST GULLY,2077,396057986675,73.47732269867501,43.65279529213956
4345,108490824,WAVERLEY NEAR TENNYSON,2078,396166477499,73.49745009302909,43.67381252627155
3801,108403653,PROSPECT HILL / STREETANHOPE / TRAFALGAR,2079,396274881152,73.5175613152773,43.69482976040353
501,108387397,POINT NEPEAN / TRUEMANS,2080,396383268549,73.5376695216859,43.71584699453552
3364,108372950,KARINGAL / WEIDLICH,2081,396491641499,73.55777504786354,43.73686422866751
1344,108364797,WANTIRNA NEAR GORDON,2082,396600006296,73.57787906148334,43.757881462799496
4013,108353857,SYDNEY / ALBERT,2083,396708360153,73.59798104549652,43.778898696931485
630,108351435,DORSET NEAR DUMOSA,2084,396816711588,73.61808258017633,43.799915931063474
1242,108336330,ST KILDA RD NEAR UNION ST,2085,396925047918,73.63818131255194,43.820933165195456
3611,108265080,BARRY / LONGFORD,2086,397033312998,73.6582668265115,43.84195039932745
1311,108165081,COOPER STREET / DAVISSON STREET,2087,397141478079,73.67833378849372,43.86296763345944
4884,108162129,CITY / CECIL / BALLANTYNE,2088,397249640208,73.6984002028161,43.88398486759142
3725,108136895,FERNTREE GULLY / GILBY,2089,397357777103,73.71846193568571,43.90500210172341
1830,108125821,DALTON ROAD / SPENCER STREET,2090,397465902924,73.7385216140888,43.9260193358554
1485,108117351,POUND ROAD NR HIGHLAND AVENUE,2091,397574020275,73.7585797211237,43.94703656998739
272,108082778,CRANBOURNE / FLETCHER / FIRE STREETN,2092,397682103053,73.77863141411933,43.96805380411938
395,108035797,HUTTON / CHAPEL,2093,397790138850,73.79867439112333,43.98907103825137
5817,108013362,STREETURT STREET / LYDIARD,2094,397898152212,73.81871320594959,44.01008827238335
224,107963964,NEPEAN NEAR STEPRINCES HIGHWAY EASTNS,2095,398006116176,73.83874285637845,44.031105506515345
3268,107950838,SEPARATION / STREETATION,2096,398114067014,73.8587700716504,44.052122740647334
952,107931414,CLOW STREET / DANDENONG MARKET ACCESS,2097,398221998428,73.87879368335025,44.073139974779316
4583,107825103,WILLIAM / COLLINS,2098,398329823531,73.89879757206023,44.094157208911305
6086,107799087,GVH (WYNDHAM) / BALACLAVA,2099,398437622618,73.91879663423954,44.1151744430433
5106,107796063,MIDLAND HIGHWAY / ANAKIE / VINES,2100,398545418681,73.93879513540143,44.13619167717528
6333,107792630,NORTHERN / WATSON,2101,398653211311,73.95879299966758,44.15720891130727
4071,107735804,INKERMAN / KOOYONG,2102,398760947115,73.97878032148166,44.17822614543926
2782,107720498,MOORE / DONALD,2103,398868667613,73.99876480370169,44.19924337957124
104,107664869,MAROONDAH / GREEN,2104,398976332482,74.01873896553904,44.22026061370324
2568,107661574,O'HERNS / MILLER / GREAT BROME,2105,399083994056,74.03871251608264,44.24127784783523
4789,107655661,PLENTY / WOOD,2106,399191649717,74.05868496963683,44.26229508196721
4297,107614084,SOUTHERN / WAIORA,2107,399299263801,74.07864970975828,44.2833123160992
801,107495618,STREETUD / STREETUD PARK SHOPPING CENTRE,2108,399406759419,74.09859247187448,44.304329550231195
4024,107491621,NICHOLSON / GLENLYON,2109,399514251040,74.11853449246073,44.32534678436318
5297,107475186,POINT COOK NEAR CATHERINE (NORTH),2110,399621726226,74.138473463999,44.346364018495166
2548,107398711,GOURLAY / HUME DRIVE,2111,399729124937,74.15839824777073,44.367381252627155
5116,107395086,GEELONG-PORTARLINGTON / CHRISTIES,2112,399836520023,74.17832235902658,44.388398486759144
1513,107372053,ASHLEY STREETREET / RUPERT STREETREET,2113,399943892076,74.19824219716274,44.40941572089113
881,107358206,WELLINGTON / PIONEER ACCESS,2114,400051250282,74.21815946638091,44.43043295502312
4617,107347675,CHESTERVILLE / WICKHAM / KEYS,2115,400158597957,74.23807478187081,44.4514501891551
3926,107282210,STREETATION / WOODHOUSE,2116,400265880167,74.25797795218729,44.47246742328709
1788,107271258,BERWICK-CRANBOURNE RD / HAMMERSLEY DR,2117,400373151425,74.27787909067091,44.49348465741909
3820,107248489,HIGH / GLEN IRIS,2118,400480399914,74.29777600501257,44.51450189155107
5058,107246514,HIGH STREET / BARWON HEADS / BARRABOOL,2119,400587646428,74.31767255294899,44.53551912568306
2738,107223038,KEILOR PARK / THE LINK,2120,400694869466,74.33756474557967,44.55653635981505
5205,107109624,SYDNEY / SWANSTON / RYRIE,2121,400801979090,74.35743589746036,44.57755359394704
1418,107097874,FORSYTH NEAR FEDERATION TRAIL,2122,400909076964,74.37730486946192,44.598570828079026
4235,107010696,BUCKLEY / VICTORIA,2123,401016087660,74.39715766805894,44.619588062211015
5256,107009528,PHW / WATTLE,2124,401123097188,74.41701024996671,44.640605296343
1713,106883521,LEAKES RD / BOLIVAR ESP / PROSPERITY ST,2125,401229980709,74.43683945485063,44.661622530474986
4525,106877421,FLINDERS EXT / WORLD TRADE CENTRE ACCESS,2126,401336858130,74.4566675280526,44.68263976460698
6078,106850961,MIDLAND HIGHWAY / FRYERS,2127,401443709091,74.47649069235229,44.703656998738964
4078,106835228,ORRONG / GLEN EIRA,2128,401550544319,74.49631093784018,44.72467423287095
3307,106758446,HEIDELBERG NEAR YARRAFORD,2129,401657302765,74.5161169386064,44.74569146700294
4723,106751169,BAY / BEACH,2130,401764053934,74.53592158933172,44.76670870113493
2318,106750180,BAY NEAR JACK,2131,401870804114,74.55572605657615,44.78772593526692
1002,106749415,EPSOM / LANGS,2132,401977553529,74.57553038189656,44.80874316939891
4820,106706891,VICTORIA / FLOCKHART,2133,402084260420,74.5953268180952,44.82976040353089
1590,106568109,BURWOOD HIGHWAY / TERRARA ROAD,2134,402190828529,74.6150975072312,44.85077763766288
4664,106518770,DAREBIN / VICTORIA,2135,402297347299,74.63485904291556,44.871794871794876
5050,106482892,MERCER / BROUGHAM,2136,402403830191,74.65461392245494,44.89281210592686
396,106396033,NARRE WARREN NTH / MARAMBA,2137,402510226224,74.67435268777119,44.91382934005885
5265,106278620,DERRIMUT / WILLMOTT,2138,402616504844,74.69406967043645,44.934846574190836
4484,106271535,MACAULAY / STREETUBBS,2139,402722776379,74.71378533868098,44.955863808322825
4234,106233835,ALBERT / BUCKLEY,2140,402829010214,74.73349401276009,44.976881042454814
806,106150658,DORSET / LANDSCAPE,2141,402935160872,74.75318725570672,44.9978982765868
4722,106143029,BAY / GRAHAM,2142,403041303901,74.77287908330884,45.018915510718784
4636,106132966,BOURKE / CLAYTON / OSBORNE,2143,403147436867,74.79256904400683,45.03993274485078
1704,106118501,FRANKSTON-DANDENONG RD / YAZAKI WAY,2144,403253555368,74.81225632113443,45.06094997898277
557,106075005,HALLAM NTH / BELGRAVE-HALLAM,2145,403359630373,74.8319355288133,45.08196721311475
2808,106069260,CHILDS / PRINCE OF WALES,2146,403465699633,74.8516136706704,45.10298444724674
4913,106039580,ALBERT / MORAY,2147,403571739213,74.87128630624557,45.12400168137873
4809,105996332,SWAN / COPPIN,2148,403677735545,74.89095091838134,45.14501891551072
5083,105978923,SURF COAST HIGHWAY / HEYERS,2149,403783714468,74.91061230077108,45.16603614964271
3842,105968552,GLENFERRIE NEAR EDSALL,2150,403889683020,74.93027175911602,45.187053383774696
4074,105937622,BALACLAVA / KOOYONG,2151,403995620642,74.94992547927698,45.208070617906685
3183,105927713,CLYDE ROAD / MANSFIELD ROAD / LANGMORE LANE,2152,404101548355,74.96957736110413,45.229087852038674
4413,105922730,LYGON NEAR PELHAM,2153,404207471085,74.989228318477,45.25010508617066
4008,105918077,MELVILLE / VICTORIA,2154,404313389162,75.00887841261772,45.271122320302645
279,105901687,HEATHERTON / TOOTAL,2155,404419290849,75.02852546605897,45.292139554434634
4295,105881571,SOUTHERN / ORIEL,2156,404525172420,75.04816878754713,45.31315678856662
4762,105866433,HIGH / CHAPEL,2157,404631038853,75.06780930060887,45.33417402269861
301,105859259,PLYMOUTH / YARRA,2158,404736898112,75.08744848273845,45.3551912568306
2910,105851185,SPENCER / LONSDALE,2159,404842749297,75.1070861669664,45.37620849096259
2518,105816080,SUNSHINE / ROBERTS,2160,404948565377,75.12671733845758,45.39722572509458
148,105793440,MANCHESTER / BRICE,2161,405054358817,75.14634430973909,45.41824295922657
5875,105689061,MIDLAND HIGHWAY / MAIR,2162,405160047878,75.16595191645852,45.43926019335856
1200,105679142,VINEYARD / MCDOUGALL,2163,405265727020,75.18555768298893,45.46027742749054
4979,105616168,EXFORD / STREETAUGHTON,2164,405371343188,75.2051517664803,45.48129466162253
6449,105504279,STREETURT(DEAKIN) / FOURTEENTH,2165,405476847467,75.22472509214218,45.502311895754524
4771,105462817,CHAPEL / WILSON / GARDEN,2166,405582310284,75.24429072570628,45.523329129886505
5325,105441248,LEAKES / SUNSET VIEWS / TARNEIT STREETATION,2167,405687751532,75.26385235775437,45.544346364018494
4140,105410877,HODDLE / QUEENS,2168,405793162409,75.2834083553251,45.56536359815048
6450,105374400,CALDER / SAN MATEO,2169,405898536809,75.30295758562336,45.58638083228247
5654,105374138,PRINCES HIGHWAY EAST / SERVICE,2170,406003910947,75.32250676731496,45.60739806641446
773,105358846,MOUNTAIN HIGHWAY / HAROLD,2171,406109269793,75.34205311200984,45.62841530054645
1068,105261900,HARBOUR ESP / COMTECHPORT ENT,2172,406214531693,75.36158147112488,45.64943253467844
515,105217186,FRANKSTON-DANDENONG NEAR WILLOW,2173,406319748879,75.38110153482585,45.67044976881042
6265,105184772,MCIVOR HIGHWAY NEAR VINE,2174,406424933651,75.40061558502873,45.69146700294242
4827,105175475,HIGHETT NEAR GRIFFITHS,2175,406530109126,75.42012791043705,45.7124842370744
3909,105167944,GRIMSHAW / CHURCH,2176,406635277070,75.43963883868197,45.73350147120639
4007,105124703,LYGON / ALBION / HOLMES,2177,406740401773,75.45914174478614,45.75451870533838
3997,105078634,CAMP / MAIN,2178,406845480407,75.47863610409442,45.775535939470366
2870,105026249,ORMOND / MYRNONG / PATTISON,2179,406950506656,75.49812074485219,45.796553173602355
4852,105022017,CARLISLE NEAR WOODSTOCK,2180,407055528673,75.5176046004824,45.817570407734344
6280,105004951,BARNARD / LUCAN / ARNOLD,2181,407160533624,75.53708529000052,45.83858764186633
1489,104837139,HODDLE / ABBOT,2182,407265370763,75.5565348467631,45.859604875998315
244,104734219,NEPEAN / JETTY,2183,407370104982,75.57596530963967,45.88062211013031
5902,104630727,HOWITT / FOREST,2184,407474735709,75.59537657251185,45.90163934426229
262,104615992,MONASH / HUNTINGDALE,2185,407579351701,75.61478510172283,45.92265657839428
4648,104592493,LWR DANDENONG / DE HAVILLAND,2186,407683944194,75.63418927136108,45.94367381252627
4733,104592138,ALBERT / LAKESIDE,2187,407788536332,75.65359337513912,45.96469104665826
2650,104572930,HIGH / PALMERSTON,2188,407893109262,75.67299391541775,45.98570828079025
804,104453218,SWANSEA / CAMBRIDGE,2189,407997562480,75.69237224653116,46.00672551492224
3259,104425420,MURRAY / NORTHLAND SHOP EAST ACCESS ROAD,2190,408101987900,75.71174542051435,46.02774274905423
4385,104402723,ROYAL / MELBOURNE HOSPITAL ENT,2191,408206390623,75.73111438371313,46.04875998318621
6207,104395945,HIGH (MCIVOR HIGHWAY) / SHORT,2192,408310786568,75.75048208944631,46.069777217318205
355,104235588,BLACKBURN NEAR BINDY,2193,408415022156,75.7698200454877,46.09079445145019
4845,104207144,CHAPEL / ALMA,2194,408519229300,75.78915272455188,46.111811685582175
4618,104166356,KINGSTON / OLD DANDENONG,2195,408623395656,75.80847783655989,46.132828919714164
3123,104124305,CANTERBURY NEAR MANGARRA,2196,408727519961,75.82779514719789,46.15384615384615
223,104123433,STREETATION / MCLEOD,2197,408831643394,75.84711229606101,46.17486338797814
2660,103946590,SOMERVILLE / MCDONALD,2198,408935589984,75.86639663672278,46.19588062211013
4075,103910699,BALACLAVA / HAWTHORN,2199,409039500683,75.8856743188278,46.21689785624212
3591,103895070,PASCOE VALE NEAR RALEIGH,2200,409143395753,75.90494910141527,46.2379150903741
868,103894809,BURWOOD HIGHWAY / MT DANDENONG TOURIST,2201,409247290562,75.92422383558159,46.2589323245061
6820,103882119,PHW / K-MART ENTRANCE,2202,409351172681,75.94349621547845,46.27994955863809
6094,103783182,MIDLAND HIGHWAY / ARCHER,2203,409454955863,75.96275024042194,46.30096679277007
3099,103766872,BLUFF / LUDSTONE,2204,409558722735,75.98200123950767,46.32198402690206
734,103752773,FRANK-DAND NEAR BAWDEN,2205,409662475508,76.00124962292395,46.34300126103405
3861,103703515,SWAN / CREMORNE,2206,409766179023,76.02048886791586,46.364018495166036
1723,103679748,BRUNSWICK STREET AT CANNING STREET,2207,409869858771,76.03972370361522,46.385035729298025
6442,103669731,STREETURT(DEAKIN) / EIGHTH,2208,409973528502,76.05895668094443,46.406052963430014
2862,103641447,TULLAMARINE / MORELAND / COONANS,2209,410077169949,76.0781844109799,46.427070197561996
3606,103625358,PASCOE VALE / BUCKLEY,2210,410180795307,76.09740915615788,46.44808743169399
2664,103614046,RALEIGH / RANDALL,2211,410284409353,76.11663180271519,46.46910466582598
4088,103563991,GLENHUNTLY / ORRONG,2212,410387973344,76.13584516298741,46.49012189995796
638,103538653,MT DANDENONG NEAR RUSKIN,2213,410491511997,76.15505382251257,46.51113913408995
4912,103514922,ALBERT / CLARENDON,2214,410595026919,76.17425807942398,46.53215636822195
4493,103488986,ARDEN / ABBOTSFORD,2215,410698515905,76.19345752464643,46.55317360235393
4948,103471333,ASHLEY / CHURCHILL,2216,410801987238,76.21265369485558,46.57419083648592
4243,103394536,ALBERT / IRVING,2217,410905381774,76.23183561756021,46.59520807061791
4080,103302219,HAWTHORN / GLEN EIRA,2218,411008683993,76.25100041346465,46.6162253047499
4262,103243622,BURWOOD / CHURCH,2219,411111927615,76.27015433835822,46.637242538881885
2707,103197697,HAMPSTEAD NEAR KEITH,2220,411215125312,76.28929974317101,46.658259773013874
5324,103108843,DERRIMUT / TARNEIT STREETATION,2221,411318234155,76.30842866364502,46.679277007145856
789,103070584,WELLINGTON / NAPOLEON,2222,411421304739,76.32755048624702,46.700294241277845
6085,102977744,GVH (WYNDHAM) / KNIGHT,2223,411524282483,76.34665508502103,46.72131147540984
5298,102934450,POINT COOK NEAR CATHERINE (SOUTH),2224,411627216933,76.36575165182167,46.74232870954182
5137,102832519,SEPARATION NEAR TALLINN,2225,411730049452,76.38482930821716,46.76334594367381
460,102821958,HIGH STREET ROAD / VANNAM / JORDAN,2226,411832871410,76.40390500531875,46.7843631778058
3406,102804396,RATHDOWNE NEAR FARADAY ST,2227,411935675806,76.4229774442895,46.80538041193779
682,102801988,MANNINGHAM / GRANT OLSEN,2228,412038477794,76.44204943652414,46.82639764606978
651,102800785,CHELTENHAM / HAMMOND,2229,412141278579,76.4611212055763,46.84741488020177
2651,102788511,HIGH / O'NEILLS / STREETATION,2230,412244067090,76.48019069753596,46.86843211433375
2932,102688976,WELLINGTON / SPRING / FLINDERS,2231,412346756066,76.49924172360033,46.88944934846574
2705,102646002,STREET ALBANS / MULHALL,2232,412449402068,76.51828477705826,46.910466582597735
4378,102624922,FOOTSCRAY / LINFOX ACCESS,2233,412552026990,76.53732391972022,46.93148381672972
590,102600489,MITCHAM / PARK,2234,412654627479,76.55635852953225,46.952501050861706
1010,102558051,EPSOM / UNION,2235,412757185530,76.57538526617739,46.973518284993695
4626,102546879,CHARMAN / PARK,2236,412859732409,76.59440993017492,46.994535519125684
5230,102525304,,2237,412962257713,76.61343059154329,47.01555275325767
595,102485937,GREENS / SOUTH PARK DEVELOPMENT ACCESS,2238,413064743650,76.63244394948173,47.03656998738966
345,102405034,MITCHAM / DONCASTER EAST,2239,413167148684,76.65144229816384,47.05758722152164
1262,102368743,LEAKES ROAD / BANFIELD COURT / FOUNDATION ROAD,2240,413269517427,76.67043391408053,47.07860445565364
1329,102339142,LEAKES ROAD / WOODS ROAD / CLEARWOOD DVE,2241,413371856569,76.6894200383715,47.09962168978563
4857,102287577,ST KILDA NEAR OCTAVIA,2242,413474144146,76.70839659623968,47.12063892391761
4644,102261230,LWR DANDENONG NEAR IVY,2243,413576405376,76.72736826616952,47.1416561580496
681,102249448,FOOTE / HIGH,2244,413678654824,76.74633775028352,47.16267339218159
4916,102237390,CLARENDON / DORCAS,2245,413780892214,76.76530499737773,47.18369062631358
3550,102218314,NORTH / NEW,2246,413883110528,76.78426870546136,47.204707860445566
3921,102195342,ELGAR NEAR LORAINE,2247,413985305870,76.80322815174213,47.225725094577555
3102,102139552,BAY / BLUFF,2248,414087445422,76.82217724777124,47.24674232870954
3353,102043856,MOUNTAIN VIEW / STREET HELENA,2249,414189489278,76.84110859012259,47.26775956284153
3809,101999429,RIVERSDALE / THROUGH,2250,414291488707,76.86003169030454,47.28877679697352
6290,101962617,,2251,414393451324,76.8789479610643,47.309794031105504
3025,101902973,STREET KILDA / BAY,2252,414495354297,76.89785316657205,47.33081126523749
4597,101892585,ELIZABETH / BOURKE,2253,414597246882,76.91675644488112,47.35182849936948
1563,101878975,LONSDALE STREET NEAR HEALEYS LANE,2254,414699125857,76.93565719824082,47.37284573350147
4791,101809878,PLENTY / GOWER,2255,414800935735,76.95454513261255,47.39386296763346
405,101796697,MONASH EXIT RAMP / POLICE,2256,414902732432,76.9734306216237,47.41488020176545
5277,101793723,SAYERS / DOUBELL,2257,415004526155,76.99231555889354,47.43589743589743
5342,101781552,DERRIMUT ROAD / WYNDHAM LEISURE & EVENT,2258,415106307707,77.01119823817962,47.45691467002943
3917,101758984,CHAPEL / PALERMO,2259,415208066691,77.03007673061359,47.477931904161416
4158,101748348,MURRAY / STREETOCKADE,2260,415309815039,77.04895324983951,47.4989491382934
718,101739115,MAIN / PANORAMA / GRAND,2261,415411554154,77.06782805614424,47.51996637242539
2592,101695742,KINGS / WATERGARDENS SHOP CENTRE ENT 3,2262,415513249896,77.08669481581938,47.540983606557376
2350,101652782,WICKHAM / BLUFF,2263,415614902678,77.10555360548534,47.562000840689365
4426,101638123,NICHOLSON / RICHARDSON / REID,2264,415716540801,77.12440967558976,47.583018074821354
4606,101619512,ELIZABETH / LITTLE BOURKE,2265,415818160313,77.14326229295115,47.60403530895334
2385,101582480,BELL STREET BTN BLANCH ST & DONOVAN ST,2266,415919742793,77.1621080400756,47.625052543085324
2912,101510994,RUSSELL / LITTLE LONSDALE,2267,416021253787,77.18094052500089,47.64606977721732
3684,101499317,WARRIGAL NEAR LOUDON,2268,416122753104,77.19977084359013,47.66708701134931
1157,101490791,BALLAN / BOLTON,2269,416224243895,77.21859958042198,47.68810424548129
2661,101411614,COBURNS / RICHARD,2270,416325655509,77.23741362820783,47.70912147961328
275,101401520,FRANKSTON-DANDENONG / FRANKSTON FREEWAY RAMPS,2271,416427057029,77.25622580333837,47.730138713745276
5226,101401245,MIDLAND HIGHWAY (CHURCH) / WEDDELL,2272,416528458274,77.27503792745044,47.75115594787726
1394,101215244,LILYDALE-MONBULK NEAR JOY AVENUE,2273,416629673518,77.29381554435409,47.77217318200925
4249,101195791,WILLIAMSTOWN / CHARLES / DICKSON,2274,416730869309,77.3125895523055,47.793190416141236
5307,101124165,SHANNON / APHRASIA,2275,416831993474,77.33135027208473,47.81420765027322
4154,101105488,VICTORIA NEAR CHARLES,2276,416933098962,77.35010752687653,47.835224884405214
3354,101101955,RYANS / WALLOWA / ALLENDALE,2277,417034200917,77.36886412622039,47.8562421185372
3457,101000113,JOHNSTON / NICHOLSON,2278,417135201030,77.38760183167057,47.877259352669185
3375,100991413,HODDLE NEAR STUDLEY S / B,2279,417236192443,77.40633792308256,47.898276586801174
745,100974768,DAVEY / BAXTER / HASTINGS,2280,417337167211,77.42507092648705,47.91929382093317
2179,100969908,SYDNEY ROAD / KINGSWOOD,2281,417438137119,77.44380302825643,47.94031105506515
2809,100962082,CHILDS / BETULA,2282,417539099201,77.46253367813355,47.96132828919714
6691,100950882,PRINCES HIGHWAY EAST NEAR LAFAYETTE,2283,417640050083,77.48126225016841,47.98234552332913
2986,100896815,WILLIAMS NEAR MURRAY,2284,417740946898,77.49998079160541,48.00336275746112
3876,100893238,SPRING NEAR VERDUN,2285,417841840136,77.51869866943152,48.02437999159311
913,100868749,RINGWOOD / LOUGHNANS,2286,417942708885,77.53741200401846,48.0453972257251
1031,100838220,BURKE / BURWOOD,2287,418043547105,77.55611967481563,48.06641445985708
4124,100735761,MELVILLE / REYNARD,2288,418144282866,77.57480833725225,48.08743169398907
2353,100657411,WHITE / TREEBY,2289,418244940277,77.59348246406925,48.108448928121064
3026,100533493,STREET KILDA / GROSVENOR,2290,418345473770,77.6121336014171,48.129466162253046
1324,100478773,SNEYDES ROAD / HACKETTS ROAD,2291,418445952543,77.63077458702142,48.150483396385034
4290,100407050,KINGSBURY / RUTHVEN / WAIORA / ORR,2292,418546359593,77.64940226645798,48.17150063051702
4399,100395563,LYGON / QUEENSBERRY,2293,418646755156,77.6680278148076,48.19251786464901
2791,100377277,KEILOR NEAR COOPER,2294,418747132433,77.68664997070871,48.213535098781
1067,100346429,HARBOUR ESP NEAR LA TROBE,2295,418847478862,77.70526640363863,48.23455233291299
1000,100270842,KEILOR / HOFFMANS,2296,418947749704,77.72386881354521,48.25556956704497
3527,100252298,KOROROIT / MADDOX,2297,419048002002,77.74246778313871,48.27658680117696
3214,100249211,HIGH / WOOD / SPENCER,2298,419148251213,77.76106618002693,48.29760403530896
4114,100233178,GAFFNEY / DERBY,2299,419248484391,77.7796616024469,48.31862126944094
1565,100181515,CARDINIA RD / ARENA PDE / SHEARWATER DR,2300,419348665906,77.79824744026294,48.33963850357293
4294,100136211,SOUTHERN / LIBERTY,2301,419448802117,77.81682487320715,48.36065573770492
3927,100104237,STREETATION / THAMES,2302,419548906354,77.8353963742828,48.381672971836906
277,100063911,NEPEAN NEAR WELLS,2303,419648970265,77.85396039401326,48.402690205968895
4126,99973718,SYDNEY / REYNARD / EDWARD,2304,419748943983,77.87250768099146,48.423707440100884
3322,99963334,GAP ROAD / HORNE STREETREET,2305,419848907317,77.89105304151308,48.44472467423287
4826,99922872,CHURCH / HIGHETT,2306,419948830189,77.90959089545856,48.465741908364855
3930,99881360,STREETATION / RIVERSDALE,2307,420048711549,77.92812104803019,48.48675914249685
4955,99795718,SUNSHINE / MARKET / WRIGHT,2308,420148507267,77.94663531215852,48.50777637662883
3979,99782402,RIVERSDALE / FAIRHOLM,2309,420248289669,77.96514710588083,48.52879361076082
1363,99738132,CRAIGIEBURN / VANTAGE / HIGHLANDER,2310,420348027801,77.98365068656065,48.54981084489281
1180,99692854,HEATHERTON NEAR LIEGE,2311,420447720655,78.00214586719217,48.5708280790248
3335,99648778,LWR PLENTY / GRANTHAM,2312,420547369433,78.02063287077239,48.59184531315679
716,99646817,MAIN NEAR PROSPERITY,2313,420647016250,78.03911951054468,48.61286254728878
976,99641177,HEATHERTON / VIEW,2314,420746657427,78.057605103975,48.63387978142077
3258,99621975,BOUNDARY ROAD / CHIFLEY DRIVE,2315,420846279402,78.07608713501901,48.65489701555275
761,99590393,BALLARTO / MCCLELLAND,2316,420945869795,78.09456330691896,48.675914249684745
4535,99578948,ST KILDA NEAR DORCAS,2317,421045448743,78.11303735552384,48.696931483816726
4292,99505079,WATERDALE / DOUGHARTY,2318,421144953822,78.13149769983156,48.717948717948715
4010,99252198,SYDNEY / BLYTH,2319,421244206020,78.14991112924432,48.738965952080704
5118,99251580,RYRIE NEAR UNION,2320,421343457600,78.1683244440047,48.75998318621269
4907,99215547,FERRARS NEAR BRIDPORT,2321,421442673147,78.18673107386425,48.78100042034468
617,99200330,HALL / CADLES,2322,421541873477,78.20513488064118,48.80201765447667
3159,99174991,NARRE-WARREN-CRANBOURNE RD NR SIERRA BVD,2323,421641048468,78.22353398648556,48.82303488860866
4679,99137658,HIGH NEAR MITCHELL,2324,421740186126,78.24192616625098,48.84405212274065
3285,99052222,FOOTSCRAY RD / NAPIER ST / MORELAND ST,2325,421839238348,78.26030249579054,48.86506935687264
3888,98832813,MELVILLE NEAR WOODLANDS,2326,421938071161,78.27863812021509,48.88608659100463
5196,98715342,BELLARINE HIGHWAY (MCKILLOP) / YARRA,2327,422036786503,78.29695195122842,48.90710382513661
3715,98708357,,2328,422135494860,78.31526448637317,48.9281210592686
4776,98674206,FURLONG / SUNSHINE HOSPITAL ENT,2329,422234169066,78.33357068576878,48.94913829340059
1398,98673572,BALLARAT / MAIN,2330,422332842638,78.35187676754369,48.970155527532576
144,98592791,MAROONDAH NEAR CLARKE,2331,422431435429,78.37016786269591,48.991172761664565
1512,98569970,AITKEN BOULEVARD / CENTRAL PARK AVENUENUE,2332,422530005399,78.38845472405905,49.012189995796554
3176,98569778,POUND / SEEBECK,2333,422628575177,78.40674154980204,49.03320722992854
1370,98558361,MICKLEHAM / DELLAMORE / GREENVALE GARDENS BVD,2334,422727133538,78.42502625744457,49.05422446406053
4700,98539636,CENTRE / MCNAUGHTON / KOMBI,2335,422825673174,78.44330749119463,49.07524169819252
4610,98504299,CENTRE / TUCKER,2336,422924177473,78.4615821691669,49.0962589323245
4396,98475829,GRATTAN / LYGON,2337,423022653302,78.4798515653384,49.11727616645649
4595,98464647,RUSSELL / BOURKE,2338,423121117949,78.49811888700705,49.13829340058848
3855,98457438,MALVERN / MOIRA,2339,423219575387,78.51638487125028,49.15931063472047
563,98451305,POINT NEPEAN / LYONS,2340,423318026692,78.53464971768936,49.18032786885246
1585,98422493,CRAIGIEBURN ROAD / HANSON ROAD,2341,423416449185,78.55290921887928,49.20134510298445
3654,98342280,CHAPEL / MALCOLM,2342,423514791465,78.57115383882281,49.22236233711644
5606,98224028,PRINCES HIGHWAY EAST / MACARTHUR,2343,423613015493,78.58937652046271,49.243379571248425
3203,98215488,BOUNDARY / OLD DANDENONG,2344,423711230981,78.6075976177479,49.264396805380414
4272,98098359,RIVERSDALE / TOORONGA,2345,423809329340,78.62579698507027,49.285414039512396
1340,98040824,HULL / CARDIGAN / BRICE,2346,423907370164,78.64398567840573,49.30643127364439
1505,97991023,PALMERS / OVERTON,2347,424005361187,78.66216513257856,49.32744850777638
1547,97918269,HALL ROAD / EASTWOOD BLVD / ATLAS DR,2348,424103279456,78.68033108931084,49.34846574190836
152,97912339,BELL NEAR HERBERT,2349,424201191795,78.69849594589985,49.36948297604035
5212,97870259,BELLARINE HIGHWAY / ASH / SIMONS,2350,424299062054,78.71665299573874,49.39050021017234
3027,97869259,DENDY / ESPLANADE,2351,424396931313,78.73480986005599,49.41151744430433
5361,97824874,BELLARINE HIGHWAY / CLIFTON AVENUENUE,2352,424494756187,78.75295848999576,49.43253467843632
564,97817152,CHELTENHAM / KENEALLY,2353,424592573339,78.77110568733752,49.45355191256831
4117,97798932,MURRAY / NEWLANDS,2354,424690372271,78.7892495044752,49.47456914670029
4138,97778905,NICHOLSON NEAR RENNIE,2355,424788151176,78.80738960617123,49.495586380832286
1366,97747743,KEILOR NEAR ELSTONE,2356,424885898919,78.82552392664226,49.516603614964275
3431,97624452,HYDE / FRANCIS,2357,424983523371,78.8436353739662,49.53762084909626
6686,97594718,PRINCES HIGHWAY EAST / FRANKLIN TRARALGON,2358,425081118089,78.86174130499002,49.558638083228246
633,97578286,DORSET / LINCOLN (SOUTH),2359,425178696375,78.87984418752244,49.579655317360235
3983,97571641,BARRY NEAR DUNSTAN,2360,425276268016,78.89794583726363,49.600672551492224
701,97450109,HALL / LYREBIRD,2361,425373718125,78.91602494019028,49.62168978562421
1184,97449735,MCGREGOR / HENRY,2362,425471167860,78.93410397373182,49.6427070197562
1011,97435544,ASCOT VALE / KENT,2363,425568603404,78.95218037453594,49.663724253888184
6338,97426713,MIDLAND / ECHUCA-MOOROOPNA,2364,425666030117,78.97025513699856,49.68474148802018
6702,97313071,STH GIPPSLAND HWY / NERRENA RD / LONG ST,2365,425763343188,78.98830881641226,49.70575872215217
4599,97217400,QUEEN / BOURKE,2366,425860560588,79.00634474678623,49.72677595628415
1719,97183702,MAROONDAH HIGHWAY AT OLINDA CREEK,2367,425957744290,79.02437442545236,49.74779319041614
3144,97104057,CENTRE / BUCKLAND,2368,426054848347,79.04238932824839,49.768810424548136
3424,97052649,BARKLY / ALMA / PRINCES,2369,426151900996,79.06039469374852,49.78982765868012
5207,97031247,BELLARINE HIGHWAY (MCKILLOP) / ORMOND,2370,426248932243,79.07839608871477,49.810844892812106
3811,96981823,CAMBERWELL NEAR INGLESBY,2371,426345914066,79.09638831446006,49.831862126944095
5056,96968918,MOORABOOL / KILGOUR,2372,426442882984,79.11437814604871,49.85287936107608
4025,96865281,NICHOLSON NEAR MILLER,2373,426539748265,79.13234875073236,49.87389659520807
1346,96807334,EPPING / CRAIGIEBURN / LEHMANNS,2374,426636555599,79.1503086049942,49.89491382934006
2901,96724128,SPRING / LONSDALE,2375,426733279727,79.16825302274339,49.915931063472044
2841,96710300,MONASH ENTRY RAMP / BARKLY / GIBDON VM5,2376,426829990027,79.18619487509952,49.93694829760403
3719,96684147,LEAKES / ESTATE / INTERCHANGE DRV,2377,426926674174,79.20413187550848,49.95796553173603
1509,96679013,HIGH STREETREET / WOODGROVE SHOPPING CENTRE,2378,427023353187,79.22206792344942,49.97898276586801
1236,96573713,PLENTY / MASONS / HAZEL GLEN DRV,2379,427119926900,79.23998443596285,50.0
751,96554994,BEACH / MCMAHONS,2380,427216481894,79.25789747569692,50.02101723413199
1554,96442708,LEAKES ROAD / FORSYTH ROAD,2381,427312924602,79.2757896839494,50.04203446826397
1243,96435189,ST KILDA RD NEAR HIGH ST,2382,427409359791,79.29368049726477,50.06305170239597
4497,96366421,QUEENSBERRY / CURZON,2383,427505726212,79.31155855262878,50.08406893652795
2482,96316084,ROSANNA ROAD NEAR BROWN STREET,2384,427602042296,79.32942726939058,50.10508617065994
776,96314145,MOUNTAIN HIGHWAY NEAR RACHELLE,2385,427698356441,79.34729562642593,50.126103404791934
308,96239272,POINT NEPEAN / HYGEIA,2386,427794595713,79.36515009290038,50.147120638923916
3730,96234626,PLENTY / TYLER,2387,427890830339,79.38300369744134,50.168137873055905
1561,96199008,MCDONALDS ROAD / SOUTHLEE DRIVE,2388,427987029347,79.40085069407296,50.1891551071879
4068,96051943,MONT ALBERT / UNION,2389,428083081290,79.41867040696626,50.21017234131988
1146,96031961,SNEYDES ROAD / BOARDWALK BLVD,2390,428179113251,79.43648641276637,50.23118957545187
1321,95997909,SURREY ROAD NEAR COOTAMUNDRA CR,2391,428275111160,79.45429610118399,50.25220680958385
1080,95920747,HIGH / WARNER,2392,428371031907,79.4720914743817,50.27322404371585
3613,95871494,BARRY / KYABRAM,2393,428466903401,79.48987771008265,50.29424127784784
3095,95809681,JOHN / ACCESS,2394,428562713082,79.50765247813516,50.31525851197982
5263,95803789,BOUNDARY / WILLIAM ANGLISS / MARWEN,2395,428658516871,79.52542615309423,50.336275746111816
1217,95802729,EPPING / HARVEST HOME,2396,428754319600,79.54319963140038,50.3572929802438
3780,95683317,GRANTHAM NEAR UNION,2397,428850002917,79.56095095619783,50.37831021437579
3938,95682744,EDGARS / DEVENY,2398,428945685661,79.57870217469137,50.39932744850778
1710,95666538,LWR DANDENONG RD / RIVETTE ST,2399,429041352199,79.59645038662141,50.420344682639765
3708,95629276,BEACH NEAR DIXON,2400,429136981475,79.61419168564451,50.441361916771754
218,95616345,STREETATION STREET SOUTH OF CHELSEA ROAD,2401,429232597820,79.63193058568746,50.462379150903736
1026,95568467,BEDFORD / GREAT RYRIE,2402,429328166287,79.64966060332586,50.483396385035725
4966,95540886,,2403,429423707173,79.66738550409221,50.50441361916772
6332,95538071,NORTHERN / QUEEN,2404,429519245244,79.6851098826152,50.5254308532997
3998,95533651,JOHNSTONE / PEARCEDALE,2405,429614778895,79.70283344113257,50.54644808743169
1716,95440398,SNEYDES RD / PRINCES FWY IB RAMPS,2406,429710219293,79.72053969920152,50.56746532156369
4018,95402700,LYGON / VICTORIA,2407,429805621993,79.73823896347612,50.58848255569567
6083,95366039,GVH (WYNDHAM) / FRYERS,2408,429900988032,79.75593142634229,50.60949978982766
421,95318842,SPRINGVALE NEAR TOLMIE,2409,429996306874,79.77361513314415,50.63051702395964
6289,95310792,MYRTLE / HARGREAVES,2410,430091617666,79.79129734649692,50.65153425809164
1174,95306952,FORSYTH / FEDERATION BLVD,2411,430186924618,79.80897884744661,50.672551492223626
5319,95268336,SAYERS / PENROSE,2412,430282192954,79.82665318429311,50.69356872635561
1166,95088660,EPSOM ROAD / SHOPPING CENTRE ACCESS,2413,430377281614,79.84429418735546,50.714585960487604
5138,95079496,HAMILTON HIGHWAY / GRR INTERCHANGE,2414,430472361110,79.86193349029762,50.735603194619586
5815,95072569,STREETURT STREET / GRENVILLE,2415,430567433679,79.87957150813145,50.756620428751575
3452,95061356,JOHNSTON / NAPIER,2416,430662495035,79.89720744571126,50.77763766288357
247,95016052,POINT NEPEAN / DUNDAS,2417,430757511087,79.91483497841921,50.79865489701555
4655,94997861,CENTRE / BRADY,2418,430852508948,79.93245913630321,50.81967213114754
3200,94958277,CLAYTON / FAIRBANK,2419,430947467225,79.95007595049907,50.84068936527954
116,94907398,,2420,431042374623,79.96768332553998,50.86170659941152
4490,94870455,BOUNDARY / MACAULAY,2421,431137245078,79.98528384685538,50.88272383354351
5305,94814603,SHANNON / WEST FYANS,2422,431232059681,80.00287400641677,50.90374106767549
3818,94806380,HIGH NEAR CAROOL,2423,431326866061,80.0204626404338,50.92475830180748
770,94773285,DORSET NEAR ELSIE,2424,431421639346,80.03804513461256,50.945775535939475
4300,94753065,BANKSIA / UPPER HEIDELBERG,2425,431516392411,80.05562387754397,50.96679277007146
990,94741061,BRIDGE / SILVER,2426,431611133472,80.07320039347377,50.987810004203446
5878,94727166,MIDLAND HIGHWAY / SUNRAYSIA / HOWITT,2427,431705860638,80.09077433158052,51.00882723833543
6337,94722407,MIDLAND HIGHWAY / O'BRIEN,2428,431800583045,80.10834738678984,51.029844472467424
1151,94721878,BURGUNDY NEAR CAPE,2429,431895304923,80.12592034385823,51.05086170659941
4699,94695618,CENTRE NEAR KIONGA,2430,431990000541,80.14348842912864,51.071878940731395
4625,94662917,CHESTERVILLE / ARGUS / TENNYSON,2431,432084663458,80.1610504476563,51.09289617486339
1794,94571706,PALMERS ROAD / ROBINSONS ROAD / BOUNDARY ROAD,2432,432179235164,80.17859554457067,51.11391340899538
4447,94570723,ALBERT / CLARENDON,2433,432273805887,80.19614045911729,51.13493064312736
32038,94562435,MORNINGTON PENINSULA FREEWAY / JETTY ROAD,2434,432368368322,80.21368383606064,51.15594787725936
2683,94525469,HIGH / BARRIES,2435,432462893791,80.23122035501147,51.17696511139134
4152,94503565,CHURCH NEAR GIBBONS,2436,432557397356,80.24875281029657,51.19798234552333
1009,94436567,EPSOM / FLEMINGTON RACECOURSE ENT,2437,432651833923,80.26627283600357,51.218999579655325
5190,94421716,BELLARINE HIGHWAY / WALLINGTON-OCEAN GROVE,2438,432746255639,80.28379010652888,51.24001681378731
4204,94421576,MARIBYRNONG / UNION,2439,432840677215,80.30130735108116,51.261034047919296
4016,94328814,DAWSON / GRANTHAM,2440,432935006029,80.31880738627613,51.28205128205128
2033,94305492,HIGH STREET / SOUTHERN ACCESS ROAD,2441,433029311521,80.33630309473568,51.303068516183274
2042,94265126,HIGH / SUMMERHILL,2442,433123576647,80.35379131442917,51.32408575031526
1796,94253236,ROBINSONS ROAD / MIDDLE ROAD,2443,433217829883,80.3712773282705,51.345102984447244
3243,94168374,HIGH / RESERVOIR STREETATION ENTRY,2444,433311998257,80.38874759837537,51.36612021857923
469,94064948,HIGH ST RD NEAR WESLEY COLLEGE,2445,433406063205,80.4061986807203,51.387137452711215
3245,94054460,SETTLEMENT / BRAND,2446,433500117665,80.42364781731438,51.40815468684321
3823,94035950,WHITEHORSE NEAR BANOOL,2447,433594153615,80.44109351990312,51.4291719209752
5258,94006580,FITZGERALD / GILBERTSON,2448,433688160195,80.45853377372163,51.45018915510718
2719,93979618,BUCKLEY / HOFFMANS,2449,433782139813,80.47596902550599,51.47120638923918
2944,93905890,UPPER HEIDELBERG / BELL ENT. RAMP,2450,433876045703,80.49339059915171,51.49222362337117
4834,93848484,ST KILDA NEAR RALEIGH,2451,433969894187,80.51080152274282,51.51324085750315
5102,93830159,MIDLAND HIGHWAY / CHURCH,2452,434063724346,80.5282090466501,51.534258091635145
5320,93808652,SAYERS / CROSSWAY,2453,434157532998,80.5456125805437,51.55527532576713
2762,93473466,KINGS ROAD / WELLESLEY DV / PALMERSTON CR,2454,434251006464,80.5629539301847,51.576292559899116
947,93415111,HEATHERTON / SPRINGVALE PLAZA,2455,434344421575,80.58028445371109,51.59730979403111
4343,93251641,WAVERLEY / DARLING,2456,434437673216,80.59758465001684,51.618327028163094
3957,93245027,DENDY / HAMPTON,2457,434530918243,80.61488361928254,51.63934426229508
4397,93206053,RATHDOWNE / GRATTAN,2458,434624124296,80.63217535802828,51.660361496427065
4101,93103952,POATH / RAILWAY / WILLESDEN,2459,434717228248,80.64944815483022,51.68137873055906
5248,93045398,SURFCOAST / BEACON / MERRIJIG,2460,434810273646,80.66671008859873,51.70239596469105
1162,92998182,DAVID MUNROE DR / STREETAINSBY CR,2461,434903271828,80.68396326277804,51.72341319882303
3536,92984972,CLARENDON / COVENTRY,2462,434996256800,80.70121398621662,51.74443043295503
3216,92957833,BROADWAY NEAR MARCHANT,2463,435089214633,80.71845967478372,51.76544766708702
3959,92953725,CENTRE / THOMAS,2464,435182168358,80.73570460122797,51.786464901219
727,92949285,GREENS / LANYON,2465,435275117643,80.75294870395618,51.80748213535099
1950,92947705,,2466,435368065348,80.77019251356023,51.82849936948297
3753,92925968,WILLIAMSTOWN NEAR WEBB,2467,435460991316,80.78743229048064,51.849516603614966
800,92841466,KELLETTS / STREET LAWRANCE WAY.,2468,435553832782,80.8046563904524,51.870533837746954
320,92800825,THOMPSONS / FOOTE / TEMPLESTOWE,2469,435646633607,80.82187295063964,51.891551071878936
4818,92796537,VICTORIA / JOHNSON,2470,435739430144,80.83908871531014,51.91256830601093
3160,92711903,HIGH STREET ROAD NEAR WOLF STREET,2471,435832142047,80.85628877854313,51.933585540142914
2182,92692180,DONALD CAMERON / LINCOLN / THOMAS BRUNTON,2472,435924834227,80.87348518273303,51.9546027742749
4340,92683580,WAVERLEY / BATESFORD,2473,436017517807,80.89067999143693,51.9756200084069
4640,92682378,BALCOMBE / CHARMAN,2474,436110200185,80.90787457714383,51.99663724253888
2345,92647563,CENTRE DANDENONG NEAR NEPEAN,2475,436202847748,80.92506270391524,52.01765447667087
5299,92645384,PALMERS / THE STREETRAND,2476,436295493132,80.94225042643501,52.03867171080285
5389,92638214,DERRIMUT / SAYERS,2477,436388131346,80.9594368187647,52.05968894493485
2118,92636386,PRINCES FREEWAY / OLD GEELONG ROAD,2478,436480767732,80.97662287196087,52.08070617906684
2211,92603518,STATION NEAR PAISLEY,2479,436573371250,80.99380282743213,52.10172341319882
5912,92445404,MAIR / LYDIARD,2480,436665816654,81.01095344933663,52.122740647330815
4092,92435112,GLENHUNTLY / BAMBRA,2481,436758251766,81.02810216185252,52.143757881462804
4531,92406562,ST KILDA NEAR CONCERT HALL,2482,436850658328,81.04524557772592,52.164775115594786
2981,92335904,WILLIAMS NEAR CASSELL,2483,436942994232,81.06237588501209,52.18579234972678
2694,92306396,FAIRBAIRN / INDUSTRIAL / NORTHERN ACCESS,2484,437035300628,81.07950071792604,52.20680958385876
1715,92246894,SNEYDES RD / PRINCES FWY OB RAMPS,2485,437127547522,81.09661451193203,52.22782681799075
792,92214530,SCORESBY NEAR ORANGE,2486,437219762052,81.11372230171605,52.24884405212274
4116,92183358,MURRAY / CHAMP,2487,437311945410,81.13082430841986,52.269861286254724
3806,92079788,RIVERSDALE NEAR QUANTOCK,2488,437404025198,81.1479071006486,52.29087852038672
509,92075695,MONASH FREEWAY / TINKS,2489,437496100893,81.16498913353732,52.3118957545187
2765,92031216,SETTLEMENT / WOOD,2490,437588132109,81.1820629146095,52.33291298865069
2769,92026403,SETTLEMENT / GREENHILLS,2491,437680158512,81.19913580276611,52.35393022278269
348,92005200,HUNTINGDALE / BROCKHOFF,2492,437772163712,81.21620475730761,52.37494745691467
4614,91927193,CENTRE NEAR BIGNELL,2493,437864090905,81.23325923986344,52.39596469104666
3711,91714722,WARRIGAL / OAK / VOLTRI,2494,437955805627,81.25027430445331,52.41698192517865
3134,91686590,STATION NEAR KENT,2495,438047492217,81.26728414994875,52.437999159310635
5117,91622041,RYRIE NEAR JAMES,2496,438139114258,81.28428202020856,52.459016393442624
5312,91576023,MIDLAND HIGHWAY / JASMINE / WAIORA,2497,438230690281,81.30127135313408,52.480033627574606
5204,91566890,RYRIE / BELLERINE,2498,438322257171,81.31825899169057,52.5010508617066
1369,91495449,HULL NEAR MANCHESTER,2499,438413752620,81.33523337639639,52.52206809583859
3968,91483041,CUMBERLAND / O'HEA,2500,438505235661,81.35220545914984,52.54308532997057
5198,91475931,BELLARINE HIGHWAY (MCKILLOP) / SWANSTON,2501,438596711592,81.3691762228445,52.56410256410257
2743,91389948,,2502,438688101540,81.386131034833,52.585119798234544
1564,91362419,AITKEN BVD / JAMES MIRAMS DR / LYSTERFIELD D,2503,438779463959,81.40308073959656,52.60613703236654
2708,91319412,RIVER / GORDON,2504,438870783371,81.42002246563145,52.627154266498536
4678,91294153,HIGH / DENNIS,2505,438962077524,81.43695950557553,52.64817150063051
5192,91190715,BELLARINE HIGHWAY(ORMOND RD) / HUMBLE,2506,439053268239,81.45387735553338,52.66918873476251
6292,91141244,MIDLAND HIGHWAY / POWELL,2507,439144409483,81.47078602755074,52.690205968894496
476,91074428,STEPRINCES HIGHWAY EASTNSONS NEAR SIMPSON,2508,439235483911,81.48768230375498,52.71122320302648
387,91031259,FLETCHER NEAR BEACH,2509,439326515170,81.50457057117603,52.732240437158474
5329,91024983,RIVERSDALE ROAD EAST OF WESTBOURNE GROVE,2510,439417540153,81.52145767426333,52.753257671290456
5158,90997472,PRINCES WAY / COLEMAN,2511,439508537625,81.53833967346512,52.774274905422445
3941,90941523,STREETATION / ELEY,2512,439599479148,81.5552112929173,52.79529213955444
4911,90921106,ALBERT / CECIL / AUGHTIE,2513,439690400254,81.5720791245744,52.81630937368642
4915,90858213,DORCAS / PICKLES / INGLES,2514,439781258467,81.58893528821972,52.83732660781841
754,90843072,GREENS / KITCHEN,2515,439872101539,81.60578864288205,52.85834384195039
3810,90815413,CAMBERWELL NEAR BUTLER,2516,439962916952,81.62263686620165,52.87936107608239
6828,90725016,PHW (RAGLAN PDE) / LAVEROCK,2517,440053641968,81.63946831892261,52.90037831021438
919,90690039,BURWOOD HIGHWAY / GLENFERN,2518,440144332007,81.65629328265355,52.92139554434636
624,90680562,BAYSWATER / CENTRAL,2519,440235012569,81.67311648819602,52.94241277847836
4189,90625443,HURSTBRIDGE-MAIN / SHOPPING CENTRE ACCESS,2520,440325638012,81.68992946797185,52.96343001261034
3355,90607918,STREET HELENA / KARINGAL,2521,440416245930,81.70673919648114,52.98444724674233
3032,90562910,BAY / BEACH,2522,440506808840,81.72354057503296,53.00546448087432
3000,90362511,BARKERS NEAR FINDON,2523,440597171351,81.74030477523594,53.0264817150063
5317,90306725,TARNEIT / LEAKES,2524,440687478076,81.75705862592935,53.047498949138294
2947,90284657,WATERDALE / ALTONA,2525,440777762733,81.77380838253147,53.06851618327029
2581,90284437,FITZGERALD / WRR IB RAMP,2526,440868047170,81.79055809831881,53.089533417402265
3427,90267655,BARKLY / ACLAND / MITFORD,2527,440958314825,81.8073047006822,53.11055065153426
989,90233788,YORK / WRAY,2528,441048548613,81.82404501998458,53.13156788566624
6408,90203287,WESTERN HIGHWAY / WILLIAMS / DUFF,2529,441138751900,81.84077968069178,53.15258511979823
4376,90180088,FOOTSCRAY / MARKET GATE 2,2530,441228931988,81.85751003748271,53.17360235393023
3189,90169712,CENTRE / KNIGHT,2531,441319101700,81.87423846930122,53.19461958806221
5026,90159760,CORIO-WAURN PONDS / PIGDONS,2532,441409261460,81.89096505480849,53.2156368221942
2293,90143596,BAY / ROUSE,2533,441499405056,81.90768864154415,53.23665405632618
6138,90132367,GVH / RIVERVIEW,2534,441589537423,81.92441014505745,53.25767129045818
992,90082734,HALLAM SOUTH / KEPPEL / EMPIRE,2535,441679620157,81.94112244057574,53.278688524590166
4795,90066046,BOLDREWOOD NEAR GENOA,2536,441769686203,81.95783164010912,53.29970575872215
250,90063536,NEPEAN NEAR NAPIER (RYE),2537,441859749739,81.97454037398319,53.320722992854144
649,89993229,WALKER / THOMAS,2538,441949742968,81.99123606438813,53.34174022698613
3791,89991075,BRUNSWICK / STREETRANGER,2539,442039734043,82.00793135517948,53.362757461118115
2982,89954191,TOORAK / RIVER,2540,442129688234,82.02461980319107,53.38377469525011
5071,89946327,BELLARINE HIGHWAY ( MCKILLOP ) / GARDEN,2541,442219634561,82.0413067922606,53.40479192938209
6447,89943945,STREETURT(DEAKIN) / THIRTEENTH,2542,442309578506,82.05799333941759,53.42580916351408
2892,89831837,SUNSHINE / ODESSA,2543,442399410343,82.07465908811584,53.44682639764608
4091,89824961,HAWTHORN / GLENHUNTLY,2544,442489235304,82.09132356116739,53.46784363177805
340,89808950,BLACKBURN / KING,2545,442579044254,82.10798506383213,53.48886086591005
5255,89785275,BALLAN / CAMBRIDGE,2546,442668829529,82.12464217427232,53.50987810004203
3995,89783564,DIMBOOLA / PEARCEDALE,2547,442758613093,82.14129896728501,53.53089533417402
4223,89699402,NICHOLSON NEAR FREEMAN,2548,442848312495,82.15794014642638,53.551912568306015
2698,89675445,DALTON NEAR GUILA,2549,442937987940,82.17457688102611,53.572929802438
3300,89523907,QUEENS / SMITH,2550,443027511847,82.19118550204928,53.593947036569986
3181,89483945,DONCASTER NEAR SYLVANDER,2551,443116995792,82.20778670925712,53.61496427070197
5197,89391787,RYRIE / FENWICK,2552,443206387579,82.22437081916273,53.635981504833964
4196,89320236,BUCKLEY / COOPER / FAWKNER,2553,443295707815,82.24094165481029,53.65699873896595
2292,89305535,PRINCES HWY / COBAIN ST,2554,443385013350,82.25750976310438,53.678015973097935
3185,89281267,ST ALBANS ROAD NEAR PRINCESS STREET,2555,443474294617,82.2740733691596,53.69903320722993
3808,89169143,RIVERSDALE / HIGHFIELD,2556,443563463760,82.29061617378773,53.72005044136192
101,89142646,WELLS / CHELSEA HEIGHTS HOTEL,2557,443652606406,82.30715406264927,53.7410676754939
4433,89106701,HAMPSHIRE NEAR SERVICE,2558,443741713107,82.32368528293587,53.7620849096259
6287,89096231,MCIVOR / POWELLS / RESERVOIR,2559,443830809338,82.340214560811,53.78310214375788
4866,89076336,BALCOMBE / RESERVE,2560,443919885674,82.35674014773335,53.80411937788987
2960,89029295,CENTRE / SPRINGS,2561,444008914969,82.37325700753277,53.825136612021865
397,88954425,SHRIVES / CENTRE,2562,444097869394,82.38975997732786,53.84615384615385
4111,88939101,BOUNDARY / SUSSEX,2563,444186808495,82.40626010418951,53.867171080285836
227,88843351,NEPEAN / STREETATION,2564,444275651846,82.42274246735522,53.88818831441782
5659,88840248,PRINCES HIGHWAY EAST / MCCULLOCH,2565,444364492094,82.43922425484732,53.90920554854981
3573,88837637,MT.DANDENONG RD BTW FARNLEY ST & JARVIS,2566,444453329731,82.45570555794245,53.9302227826818
3482,88808431,KOROROIT CREEK / DRAKE,2567,444542138162,82.4721814426929,53.951240016813784
240,88798220,NEPEAN / CRAIGIE,2568,444630936382,82.48865543308199,53.97225725094577
3235,88774118,HIGH NEAR QUEEN,2569,444719710500,82.5051249520288,53.99327448507777
6412,88616630,CALDER HIGHWAY (15TH ST) BIG W ENTRANCE,2570,444808327130,82.52156525354535,54.01429171920975
4581,88589043,QUEEN / COLLINS,2571,444896916173,82.53800043707675,54.03530895334174
2674,88565255,FURLONG / CAIRNLEA,2572,444985481428,82.55443120741964,54.05632618747372
4457,88554138,WELLINGTON NEAR SIMPSON,2573,445074035566,82.57085991531858,54.07734342160572
1476,88438847,CRANBOURNE-FRANKSTON NR LURLINE ST,2574,445162474413,82.58726723424346,54.09836065573771
5173,88389126,CORIO-WAURN PONDS / WAURN PONDS SC ACCESS,2575,445250863539,82.60366532884743,54.11937788986969
4799,88304326,PLENTY NEAR DAVID,2576,445339167865,82.62004769121731,54.140395124001685
4697,88267072,CENTRE NEAR AUDSLEY,2577,445427434937,82.63642314216442,54.16141235813367
3860,88237495,CHURCH / BALMAIN / COTTER,2578,445515672432,82.65279310593833,54.182429592265656
1037,88236346,QUEENSBERRY / LEICESTER,2579,445603908778,82.66916285654789,54.20344682639765
1522,88224499,HALLAM NEAR IVAN,2580,445692133277,82.68553040928272,54.224464060529634
3792,88173047,NICHOLSON NEAR ALBERT,2581,445780306324,82.7018884165587,54.24548129466162
2669,88150236,HIGH NEAR COBURNS,2582,445868456560,82.71824219190083,54.266498528793605
6101,88131501,MIDLAND / LOCKWOOD,2583,445956588061,82.73459249149523,54.2875157629256
2566,87993554,EPPING NEAR TAGGERTY,2584,446044581615,82.75091719893756,54.30853299705759
249,87868091,NEPEAN NEAR CARMICHAEL,2585,446132449706,82.76721863027979,54.32955023118957
3971,87830743,ORRONG RD / SYDNEY ST,2586,446220280449,82.78351313276022,54.35056746532156
1116,87780343,,2587,446308060792,82.79979828495058,54.37158469945356
2686,87778383,BALLARTO / MCCORMICKS,2588,446395839175,82.81608307351857,54.39260193358554
1566,87705610,THOMPSONS ROAD / WHEELERS PARK DRIVE,2589,446483544785,82.83235436112105,54.41361916771753
4090,87647127,GLENHUNTLY NEAR CEDAR,2590,446571191912,82.84861479886214,54.43463640184951
4150,87538563,BURNLEY / BARKLY / CITYLINK OFF RAMPS,2591,446658730475,82.86485509563315,54.455653635981506
787,87481295,LYSTERFIELD / NAPOLEON / GLENFERN,2592,446746211770,82.88108476795153,54.476670870113495
4817,87468932,VICTORIA / SOUTH AUDLEY / MCKAY,2593,446833680702,82.89731214666602,54.497688104245476
4851,87465602,CHAPEL / CARLISLE,2594,446921146304,82.91353890759349,54.51870533837747
212,87458137,NEPEAN NEAR THE STRAND,2595,447008604441,82.929764283602,54.539722572509454
4635,87415525,CHESTERVILLE / COCHRANES,2596,447096019966,82.94598175416286,54.56073980664144
4828,87385953,CHURCH NEAR CAMERON,2597,447183405919,82.96219373847813,54.58175704077344
453,87366263,BLACKBURN NEAR TAMBO,2598,447270772182,82.97840206987253,54.60277427490542
2111,87323199,MAIN NEAR DALTON,2599,447358095381,82.99460241196353,54.62379150903741
3291,87320529,GLENHUNTLY / GRANGE / WATSON,2600,447445415910,83.01080225871176,54.644808743169406
2058,87255717,MAIN ROAD WEST NEAR PENNELL,2601,447532671627,83.02699008143222,54.66582597730139
4906,87215898,PARK / MORAY,2602,447619887525,83.04317051686694,54.68684321143338
106,87085942,SWANSEA / BIRMINGHAM,2603,447706973467,83.0593268426529,54.70786044556536
3731,87083269,PLENTY NEAR ETHEL,2604,447794056736,83.07548267253954,54.728877679697355
357,86953422,BLACKBURN NEAR HAWTHORN,2605,447881010158,83.09161441299928,54.749894913829344
3644,86841815,KINGSTON / BALL / STREET ANDREWS,2606,447967851973,83.1077254479466,54.770912147961326
6291,86811180,CONDON / RESERVOIR,2607,448054663153,83.12383079943886,54.791929382093315
1325,86804424,SNEYDES ROAD / LENNON BLVD / MALIBU BLVD,2608,448141467577,83.13993489754698,54.8129466162253
3924,86803109,RIVERSDALE / PARK / ELGAR,2609,448228270686,83.15603875169417,54.83396385035729
6121,86772060,WANGARATTA (RYLEY) / GRETA,2610,448315042746,83.17213684558031,54.85498108448928
4144,86760063,GERTRUDE / LANGRIDGE / SMITH,2611,448401802809,83.18823271376347,54.875998318621264
2133,86654905,DERRIMUT ROAD NEAR DRY CREEK,2612,448488457714,83.20430907286321,54.89701555275326
4029,86602498,MELVILLE / HOPE,2613,448575060212,83.22037570933097,54.91803278688525
4530,86582977,SWANSTON NEAR YARRA RIVER,2614,448661643189,83.23643872423101,54.93905002101723
6264,86562900,IRONBARK / BARNARD / WATTLE,2615,448748206089,83.2524980144133,54.96006725514923
3507,86483064,KOROROIT CREEK NEAR ADELINE,2616,448834689153,83.26854249329088,54.98108448928121
5388,86460999,DERRIMUT / DOHERTYS,2617,448921150152,83.2845828786337,55.0021017234132
4580,86429103,ELIZABETH / COLLINS,2618,449007579255,83.30061734657868,55.02311895754519
6088,86402077,GVH (WYNDHAM) / SOBRAON,2619,449093981332,83.3166468006161,55.044136191677175
5031,86388626,PIONEER / WAURNVALE S C WEST ENT,2620,449180369958,83.33267375920211,55.065153425809164
720,86310686,PARA NEAR DOBSON,2621,449266680644,83.34868625823239,55.086170659941146
3240,86296748,EVANS / CENTRAL PARKWAY,2622,449352977392,83.3646961714622,55.10718789407314
1017,86280230,KOO WEE RUP / LIVESTOCK WAY / STREETH EAST BLVD,2623,449439257622,83.38070302024576,55.12820512820513
4807,86278220,SWAN / LENNOX,2624,449525535842,83.39670949613084,55.14922236233711
1006,86211191,PUCKLE / MOORE / MARGARET / HOLMES,2625,449611747033,83.41270353668668,55.17023959646911
5194,86200082,BELLARINE HIGHWAY / CHRISTIES RD / CLAREMONT DR,2626,449697947115,83.42869551628274,55.19125683060109
5950,86080650,MIDLAND HIGHWAY(DOVETON) / DANA,2627,449784027765,83.44466533865968,55.21227406473308
4269,86065701,RIVERSDALE NEAR FORDHOLM,2628,449870093466,83.46063238767375,55.23329129886507
2779,86065271,CHILDS / REDLEAP,2629,449956158737,83.47659935691357,55.25430853299705
6285,86039527,CALDER(DON) / BARNARD,2630,450042198264,83.49256155008456,55.27532576712905
3769,86029348,GAFFNEY / DAWSON,2631,450128227612,83.50852185483089,55.296343001261036
1382,86019798,MCDONALDS / MURDOCH,2632,450214247410,83.52448038784567,55.31736023539302
4534,85998927,ST KILDA NEAR COVENTRY,2633,450300246337,83.54043504883855,55.338377469525014
5222,85994530,SHANNON / AUTUMN,2634,450386240867,83.55638889409282,55.359394703656996
3239,85956929,SETTLEMENT / APEX,2635,450472197796,83.57233576354834,55.380411937788985
622,85886302,HULL NEAR MARION,2636,450558084098,83.58826953016778,55.40142917192098
4031,85859352,BURKE NEAR KEW HIGH SCHOOL,2637,450643943450,83.60419829697935,55.42244640605296
2171,85845699,BROADMEADOWS DEV / NTH CIRCULAR,2638,450729789149,83.62012453086412,55.44346364018495
3313,85836416,LWR HEIDELBERG NEAR BURTON,2639,450815625565,83.63604904255159,55.46448087431693
499,85826373,JELLS / WHEELERS HILL SHOPPING CENTRE,2640,450901451938,83.65197169104538,55.48549810844893
925,85688437,CORRIGAN / ATHOL,2641,450987140375,83.66786874942778,55.50651534258092
2987,85653562,TOORAK / PARK,2642,451072793937,83.68375933774341,55.5275325767129
498,85620408,JELLS / GRANDVIEW,2643,451158414345,83.69964377527495,55.5485498108449
1406,85617274,BERWICK-CRANBOURNE ROAD NR HEATHER GROVE,2644,451244031619,83.71552763138172,55.569567044976885
1005,85611805,ASCOT VALE / GLADSTONE,2645,451329643424,83.73141047287068,55.59058427910887
4180,85597831,THE CIRCUIT / VALLEY CENTRAL / HAILES E,2646,451415241255,83.74729072188042,55.61160151324086
4854,85593714,HOTHAM NEAR GROSVENOR,2647,451500834969,83.76317020709762,55.632618747372845
2935,85580249,LONSDALE NEAR SWANSTON,2648,451586415218,83.77904719426607,55.653635981504834
4763,85547459,HIGH / HORNBY / BANGS,2649,451671962677,83.79491809818033,55.67465321563682
5913,85539061,MAIR / PEEL,2650,451757501738,83.81078744408396,55.695670449768805
4118,85482574,MURRAY NEAR COBURG POOL,2651,451842984312,83.82664631042735,55.7166876839008
4424,85441197,LYGON NEAR RICHARDSON,2652,451928425509,83.84249750044232,55.73770491803278
1147,85287084,LYSTERFIELD / WELLINGTON,2653,452013712593,83.85832009916254,55.75872215216477
1192,85210545,WHITE NEAR DAVEY,2654,452098923138,83.87412849824283,55.77973938629677
6444,85175832,STREETURT(DEAKIN) / TENTH,2655,452184098970,83.88993045731083,55.80075662042875
5318,85112374,PALMERS / ASHCROFT,2656,452269211344,83.90572064354733,55.82177385456074
6080,84964333,MIDLAND HIGHWAY / FLORENCE,2657,452354175677,83.9214833649764,55.84279108869272
6075,84915869,GVH (WYNDHAM) / VAUGHAN,2658,452439091546,83.93723709528527,55.86380832282472
4451,84901785,WELLINGTON STREETH / JOLIMONT,2659,452523993331,83.95298821270751,55.884825556956706
4073,84872922,BALACLAVA / ORRONG,2660,452608866253,83.968733975419,55.90584279108869
2682,84855230,MT DERRIMUT / PARAMOUNT BLVD,2661,452693721483,83.98447645588183,55.926860025220684
5810,84844094,VICTORIA / PRINCES,2662,452778565577,84.00021687037581,55.94787725935267
3819,84762387,WHITEHORSE NEAR AUSTIN,2663,452863327964,84.01594212645408,55.968894493484655
3651,84762026,WHITE NEAR WARREN,2664,452948089990,84.03166731555905,55.98991172761665
5850,84616781,GILLIES ST BTN CARLTON ST & LAKE GARDENS,2665,453032706771,84.04736555857507,56.01092896174863
942,84441950,CORRIGAN / KINGSCLERE,2666,453117148721,84.06303136665925,56.03194619588062
1322,84408918,DOHERTYS ROAD / NITON / DUNMORE,2667,453201557639,84.07869104659298,56.05296343001262
1570,84321525,AIRPORT DRIVE / LINK ROAD,2668,453285879164,84.09433451323504,56.0739806641446
4709,84273328,WAVERLEY NEAR POWER,2669,453370152492,84.10996903829115,56.09499789827659
1714,84240066,SNEYDES ROAD / HOPPERS LANE SOUTH,2670,453454392558,84.12559739252687,56.11601513240857
833,84227233,POINT NEPEAN NEAR SIXTH,2671,453538619791,84.14122336596353,56.13703236654056
4372,84210827,HARBOUR ESP / BOURKE,2672,453622830618,84.15684629573234,56.158049600672555
5877,84197085,MIDLAND HIGHWAY / MACARTHUR,2673,453707027703,84.17246667606292,56.17906683480454
4084,84194530,KOORNANG / NEERIM,2674,453791222233,84.18808658238576,56.200084068936526
4285,84127720,BURWOOD / CAMBERWELL,2675,453875349953,84.20369409400858,56.22110130306852
5276,84089522,TARNEIT / PARRAMATTA,2676,453959439475,84.21929451907624,56.242118537200504
6827,84070411,PHW (RAGLAN PDE) / MORRISS,2677,454043509886,84.23489139864006,56.26313577133249
3528,84049657,LINCOLN NEAR SPENCER,2678,454127559543,84.25048442788801,56.284153005464475
2729,83999155,MAIN ROAD EAST / GRANTHAM,2679,454211558698,84.26606808792265,56.30517023959647
3864,83967051,CHURCH NEAR HOWARD,2680,454295525749,84.28164579197094,56.32618747372846
1425,83960034,LONSDALE NEAR HARDWARE,2681,454379485783,84.29722219421394,56.34720470786044
4348,83883626,MALVERN / DARLING / DENE,2682,454463369409,84.31278442112038,56.36822194199244
6821,83832292,PHW / SIMPSON / GLENROWE,2683,454547201701,84.32833712445952,56.38923917612442
4347,83771715,MALVERN / WINTON,2684,454630973416,84.34387858945497,56.41025641025641
912,83764547,WARRANDYTE NEAR POWRIE,2685,454714737963,84.35941872463137,56.431273644388405
4479,83747079,MACAULAY NEAR HAINES,2686,454798485042,84.37495561911598,56.45229087852039
4921,83691708,QUEENS BRIDGE / QUEENSWHARF / BANANA ALLEY,2687,454882176750,84.39048224108248,56.473308112652376
1400,83683242,CHRISTIES ROAD / WESTERN FREEWAY EXIT RAMP,2688,454965859992,84.40600729242288,56.49432534678437
4680,83567729,HIGH NEAR WESTBOURNE,2689,455049427721,84.42151091360341,56.515342580916354
3624,83524581,PEARCEDALE / BROADMEADOWS TOWN CENTRE,2690,455132952302,84.43700652989669,56.53635981504834
821,83501245,FRANKSTON-FLINDERS / STREETONY POINT,2691,455216453547,84.45249781685726,56.557377049180324
2679,83431860,ROBINSONS / RIDING BOUNDARY / FOLEYS,2692,455299885407,84.46797623139963,56.57839428331231
3310,83427141,HEIDELBERG NEAR MERTON,2693,455383312548,84.48345377046543,56.59941151744431
4349,83389804,MALVERN / WATTLETREE,2694,455466702352,84.49892438271019,56.62042875157629
690,83388662,THOMPSONS NEAR JEFFREY,2695,455550091014,84.51439478308924,56.64144598570828
3827,83385268,DONCASTER NEAR VIEWHILL,2696,455633476282,84.52986455380788,56.66246321984026
2796,83352931,SETTLEMENT / NORTHGATE,2697,455716829213,84.54532832531363,56.68348045397226
6294,83312565,BENDIGO - REDESDALE ROAD / MARNIE ROAD,2698,455800141778,84.56078460805332,56.70449768810425
2710,83271077,MCDONALDS / OLEANDER / DANAHER,2699,455883412855,84.57623319387167,56.72551492223623
6097,83234487,MIDLAND HIGHWAY / WELSFORD,2700,455966647342,84.59167499145364,56.746532156368225
4082,83176403,BOORAN / NEERIM,2701,456049823745,84.60710601319734,56.76754939050021
4888,83169760,STREETURT / SOUTHBANK,2702,456132993505,84.62253580252086,56.788566624632196
2297,83149837,CARLISLE NEAR ST KILDA (LIBRARY),2703,456216143342,84.63796189569696,56.80958385876419
3439,83149235,JASPER / PATTERSON,2704,456299292577,84.65338787718906,56.830601092896174
1519,83111687,CARDINIA / DAMON,2705,456382404264,84.66880689271504,56.85161832702816
3832,83109056,ASCOT VALE NEAR MOONEE,2706,456465513320,84.68422542013361,56.87263556116016
5029,83108586,PIONEER / GEELONG BASEBALL CENTRE,2707,456548621906,84.69964386035701,56.89365279529214
2937,82995841,DRYBURGH / QUEENSBERRY,2708,456631617747,84.71504138394442,56.91467002942413
6304,82983664,NORTHERN HIGHWAY / TAYLORS LANE,2709,456714601411,84.73043664843495,56.93568726355611
4093,82911370,GLENHUNTLY / BOORAN,2710,456797512781,84.74581850082485,56.95670449768811
2891,82854513,SUNSHINE / APOLLO,2711,456880367294,84.76118980501153,56.9777217318201
2687,82847470,FRANKSTON-CRANBOURNE / BEACH,2712,456963214764,84.77655980256938,56.99873896595208
897,82752324,BEDFORD / WARRANDYTE,2713,457045967088,84.79191214848633,57.01975620008407
5300,82743107,HAMILTON HIGHWAY (ABERDEEN) / PAKINGTON,2714,457128710195,84.80726278445047,57.04077343421605
474,82734114,HUNTINGDALE NEAR RAILWAY,2715,457211444309,84.82261175201857,57.061790668348046
641,82707104,DORSET / LINCOLN (NORTH),2716,457294151413,84.8379557086475,57.082807902480035
520,82692875,MOOROODUC / SAGES,2717,457376844288,84.85329702548917,57.103825136612016
4410,82613270,CANNING / ELGIN,2718,457459457558,84.8686235738816,57.12484237074401
5089,82524392,RYRIE / GARDEN,2719,457541981950,84.88393363348273,57.145859604876
3478,82443928,MERTON / NEWLAND,2720,457624425878,84.89922876527153,57.16687683900798
2819,82442089,HUME FREEWAY / CRAIGIEBURN ROAD EAST,2721,457706867967,84.91452355588606,57.18789407313998
4407,82435202,LYGON / FARADAY,2722,457789303169,84.92981706881312,57.20891130727196
5842,82387674,STREETURT / DAWSON,2723,457871690843,84.94510176426824,57.22992854140395
3567,82352911,MURRUMBEENA / KANGAROO,2724,457954043754,84.96038001043497,57.250945775535946
3828,82344088,HIGH NEAR SEATON,2725,458036387842,84.97565661974438,57.27196300966793
3358,82322975,THE CIRCUIT / LORIMER / G'BOROURGH SHOP,2726,458118710817,84.99092931213565,57.29298024379992
346,82317546,MITCHAM / VICTORIA,2727,458201028363,85.00620099732998,57.3139974779319
108,82298903,MITCHAM / BRUNSWICK / CULCUTTA,2728,458283327266,85.0214692238446,57.335014712063895
6819,82292051,PHW(RAGLAN PDE) / CARAMUT / WALSH,2729,458365619317,85.03673617916503,57.356031946195884
6098,82269555,MIDLAND HIGHWAY(HIGH) / NORTH,2730,458447888872,85.05199896099089,57.377049180327866
3311,82145768,HEIDELBERG / LWR HEIDELBERG / UPP HEIDELBERG,2731,458530034640,85.06723877765093,57.39806641445986
666,82121410,JACKSONS NEAR AHERN,2732,458612156050,85.08247407537512,57.41908364859184
4072,82051581,HAWTHORN / INKERMAN,2733,458694207631,85.09769641830951,57.44010088272383
4761,81953359,HIGH / STREET EDMONDS,2734,458776160990,85.1129005389385,57.46111811685582
516,81923459,SEAFORD / WELLS,2735,458858084449,85.1280991124708,57.482135350987804
220,81908765,NEPEAN NEAR SWANPOOL,2736,458939993214,85.1432949599483,57.5031525851198
4335,81889378,HIGH / CHARLES,2737,459021882592,85.15848721071796,57.52416981925179
3837,81843596,STANHOPE NEAR LORNE,2738,459103726188,85.17367096793646,57.54518705338377
5351,81834584,SURF COAST HIGHWAY / ARMSTRONG / BURVILLES,2739,459185560772,85.18885305323401,57.56620428751577
4391,81808787,GRATTAN / SWANSTON,2740,459267369559,85.20403035263013,57.58722152164775
2983,81793850,COMMERCIAL / BALMORAL / PORTER,2741,459349163409,85.21920488088966,57.60823875577974
3199,81792716,CENTRE / ESKAY,2742,459430956125,85.23437919876767,57.629255989911734
4450,81743399,MACARTHUR NEAR ST ANDREWS,2743,459512699524,85.24954436727553,57.650273224043715
6214,81723441,NORTHERN HIGHWAY / WILLIAM,2744,459594422965,85.26470583314273,57.671290458175704
6077,81679561,GVH (WYNDHAM) / NIXON,2745,459676102526,85.27985915832086,57.692307692307686
5077,81674887,CORIO-WAURN PONDS (SETTLEMENT) / HIGH,2746,459757777413,85.29501161637091,57.71332492643968
248,81656322,NEPEAN / BONEO,2747,459839433735,85.31016063021191,57.73434216057167
1518,81622875,SAYERS / WETLANDS,2748,459921056610,85.325303438911,57.75535939470365
5280,81528610,BOUNDARY / HUME,2749,460002585220,85.34042875941378,57.77637662883565
4923,81517147,SOUTHBANK / KAVANAGH,2750,460084102367,85.35555195328214,57.79739386296764
4242,81504731,BUCKLEY NEAR CUTHBERT,2751,460165607098,85.37067284371395,57.81841109709962
5054,81498234,MOORABOOL / MYERS,2752,460247105332,85.38579252881173,57.839428331231616
5353,81480584,SURF COAST HIGHWAY / WHITES RD / WARRALILY RD,2753,460328585916,85.40090893945278,57.86044556536359
507,81418254,STATION ST NEAR MASCOT AVE,2754,460410004170,85.41601378653071,57.88146279949559
4393,81413369,SWANSTON / ELGIN,2755,460491417539,85.43111772733549,57.902480033627576
1430,81370947,ASCOT VALE RD BETWEEN RACECOURSE & DUNCA,2756,460572788486,85.44621379794174,57.92349726775956
5339,81359519,DUNCANS / K / PRINCES FREEWAY OFF RAMP,2757,460654148005,85.46130774840682,57.944514501891554
3830,81306416,PASCOE VALE NEAR MURRAY,2758,460735454421,85.47639184711686,57.965531736023536
3104,81301604,BEACH NEAR ORLANDO,2759,460816756025,85.49147505309682,57.986548970155525
2652,81301135,BOUNDARY ROAD / EAST OF MT DERRIMUT ROAD,2760,460898057160,85.50655817206714,58.00756620428752
1148,81254798,HALLAM STH BETWEEN WILLOW & CENTRE,2761,460979311958,85.52163269452176,58.0285834384195
4486,81251991,WESTERN LINK / DYNON ON RAMP NORTH BD,2762,461060563949,85.53670669621715,58.04960067255149
1533,81202393,MORRIS BETWEEN BELLBRIDGE AND LOXLEY,2763,461141766342,85.55177149641082,58.07061790668349
6276,81201396,WILLIAMSON / MYERS,2764,461222967738,85.56683611163943,58.09163514081547
4545,81104781,TOORAK NEAR MILLSWYN,2765,461304072519,85.5818828026959,58.11265237494746
4275,81081865,GLENFERRIE / CALLANTINA,2766,461385154384,85.59692524233871,58.13366960907944
613,81032164,HEATHERTON / HANNA / FAWKNER,2767,461466186548,85.61195846137107,58.15468684321144
4293,81003658,WAIORA / DOUGHARTY,2768,461547190206,85.6269863919239,58.175704077343426
558,80983451,HALLAM NTH / JAMES COOK,2769,461628173657,85.64201057364114,58.19672131147541
933,80951233,CORRIGAN / NOBLE,2770,461709124890,85.65702877822258,58.2177385456074
4280,80905863,BURWOOD / WILLIAM,2771,461790030753,85.67203856568774,58.23875577973938
4729,80883076,PICKLES / LIARDET / RICHARDSON,2772,461870913829,85.68704412567153,58.259773013871374
4392,80880051,SWANSTON / FARADAY,2773,461951793880,85.7020491244524,58.28079024800337
1338,80835128,AITKEN BVD / MARATHON WAY,2774,462032629008,85.71704578904514,58.301807482135345
2013,80828309,STATION NEAR BRONTE & DELANY,2775,462113457317,85.73204118856592,58.32282471626734
2969,80770615,CALDER FREEWAY / KINGS ROAD INTERCHG - B'GO BD,2776,462194227932,85.74702588460184,58.34384195039932
2896,80712549,PLUMMER / SALMON,2777,462274940481,85.76199980813888,58.36485918453131
4417,80701317,RATHDOWNE NEAR NEILL,2778,462355641798,85.77697164789699,58.38587641866331
6440,80679356,STURT HIGHWAY (DEAKIN) / TWELFTH,2779,462436321154,85.79193941341461,58.40689365279529
542,80671923,WELLS / ENTERPRIZE,2780,462516993077,85.80690579994997,58.42791088692728
4491,80655653,CURZON / HAINES,2781,462597648730,85.82186916804842,58.448928121059275
4632,80595790,KINGSTON RD / TURNBERRY CT,2782,462678244520,85.83682143026564,58.46994535519126
2970,80585143,VICTORIA / WESTGARTH / JEFFREY,2783,462758829663,85.85177171723407,58.490962589323246
2491,80535879,DOHERTYS RD / FITZGERALD RD,2784,462839365542,85.86671286466499,58.51197982345523
5260,80469971,CHERRY / RAILWAY,2785,462919835513,85.8816417847364,58.532997057587224
1013,80457961,ASCOT VALE NEAR EDINBURGH,2786,463000293474,85.89656847669308,58.55401429171921
217,80421357,NEPEAN NEAR BRISTOL,2787,463080714831,85.91148837781604,58.575031525851195
5951,80397418,MIDLAND HIGHWAY(DOVETON) / EYRE,2788,463161112249,85.92640383773676,58.59604875998319
4412,80388835,PLENTY / MERNDA VILLAGE,2789,463241501084,85.94131770532532,58.61706599411517
4366,80308200,WATTLETREE / COONIL,2790,463321809284,85.95621661337736,58.63808322824716
118,80254115,HULL / MOOROOLBARK,2791,463402063399,85.97110548749214,58.65910046237916
5879,80245898,MIDLAND HIGHWAY (CRESWICK) / NORMAN,2792,463482309297,85.98599283717567,58.68011769651113
487,80177107,WAVERLEY / FORSTER,2793,463562486404,86.00086742464087,58.70113493064313
5052,80123708,MOORABOOL / MALOP,2794,463642610112,86.01573210543661,58.722152164775125
4712,80107810,HUNTINGDALE NEAR HILLCREST,2795,463722717922,86.03059383680952,58.7431693989071
4758,80090558,MALVERN / CLENDON,2796,463802808480,86.04545236756327,58.764186633039095
2349,80082098,CENTRE / MONASH MEDICAL CENTRE,2797,463882890578,86.06030932880405,58.78520386717108
1368,80080968,GOURLAY / ALLENBY,2798,463962971546,86.0751660804054,58.806221101303066
1768,79995504,YORK ROAD BTW KAREN CRT & HAWKINS RD,2799,464042967050,86.09000697658628,58.82723833543506
1259,79992197,FRANKSTON-FLINDERS RD NEAR HIGH & GLENDALE,2800,464122959247,86.10484725924714,58.848255569567044
5221,79909914,SHANNON / CHURCH,2801,464202869161,86.11967227663182,58.86927280369903
5291,79869795,DUNCANS / FEDERATION TRAIL,2802,464282738956,86.13448985107429,58.890290037831015
5022,79791905,CORIO-WAURN PONDS (SETTLEMENT) NEAR MERNDA,2803,464362530861,86.14929297523712,58.91130727196301
4059,79753286,BELMORE / GREYTHORN,2804,464442284147,86.16408893474016,58.932324506095
2469,79726365,TODD ROAD / WEBB DOCK DRIVE / COOK STREET,2805,464522010512,86.17887989981544,58.95334174022698
1352,79689289,EPSOM / DONCASTER / MIRAMS,2806,464601699801,86.19366398649082,58.97435897435898
1054,79680901,MACAULAY NEAR FOGARTY,2807,464681380702,86.20844651701078,58.99537620849096
1039,79675271,QUEENSBERRY / CARDIGAN,2808,464761055973,86.22322800304399,59.01639344262295
4019,79649880,LYGON NEAR ALBERT,2809,464840705853,86.2380047784975,59.037410676754945
4943,79581288,RALEIGH NEAR WARRS,2810,464920287141,86.25276882865148,59.05842791088693
1168,79569206,AQUEDUCT RD NEAR ERINNE CT,2811,464999856347,86.26753063733314,59.079445145018916
4582,79558711,COLLINS NEAR MARKET,2812,465079415058,86.28229049896531,59.10046237915091
597,79499010,PRINCES HIGHWAY / ARMY,2813,465158914068,86.29703928477073,59.12147961328289
693,79476556,THOMPSONS NEAR WARATAH,2814,465238390624,86.3117839048735,59.14249684741488
5368,79452040,GEELONG-PORTARLINGTON RD / MELALUKA RD,2815,465317842664,86.32652397672803,59.163514081546865
4070,79422813,KOOYONG / ALMA,2816,465397265477,86.34125862634191,59.18453131567885
2741,79401074,SUNSHINE / COPERNICUS,2817,465476666551,86.3559892429011,59.20554854981085
4330,79399157,GLENFERRIE NEAR FITZWILLIAM,2818,465556065708,86.37071950381535,59.22656578394283
4105,79116489,ORRONG / ALMA,2819,465635182197,86.38539732370188,59.24758301807482
550,79041597,EASTBOURNE ROAD / VILLAGE GLEN DR,2820,465714223794,86.40006124950261,59.2686002522068
4844,79035455,STREET KILDA STREET / G'HUNTLY / TENNYSON,2821,465793259249,86.4147240358295,59.2896174863388
1076,79010144,GEORGIANA / WURUNDJERI,2822,465872269393,86.42938212641845,59.31063472047079
921,79002014,BURWOOD HIGHWAY / SANDELLS,2823,465951271407,86.44403870871655,59.33165195460277
4453,78998358,WELLINGTON / POWLETT,2824,466030269765,86.45869461274758,59.352669188734765
5074,78923699,BELLARINE HIGHWAY (MCKILLOP) / GHERINGHAP,2825,466109193464,86.47333666591933,59.373686422866754
1707,78881538,BRIDGE RD NEAR WALTHAM ST,2826,466188075002,86.48797089731372,59.394703656998736
299,78836346,POINT NEPEAN / NINTH,2827,466266911348,86.50259674461466,59.41572089113073
4061,78809899,WHITEHORSE NEAR BARNSBURY,2828,466345721247,86.51721768542508,59.436738125262714
3929,78802707,STATION NEAR DUNCAN,2829,466424523954,86.53183729196397,59.4577553593947
1592,78798550,NEPEAN HIGHWAY NR DENMAN AVENUE,2830,466503322504,86.54645612728943,59.4787725935267
4188,78753975,GRIMSHAW / THE CONCORD,2831,466582076479,86.56106669298829,59.49978982765868
4600,78684761,WILLIAM / BOURKE,2832,466660761240,86.57566441799317,59.52080706179067
3656,78679656,BURNLEY / HIGHETT,2833,466739440896,86.59026119591013,59.54182429592265
1139,78604960,DORSET / GOLF LINKS / THE RANGE BVD,2834,466818045856,86.60484411610352,59.56284153005464
966,78603520,POWER NEAR MONASH FWY,2835,466896649376,86.61942676914578,59.58385876418664
3320,78558998,VICTORIA NEAR SIMPSON,2836,466975208374,86.63400116239406,59.60487599831862
3840,78355971,MALVERN NEAR MERCER,2837,467053564345,86.64853788974267,59.62589323245061
3166,78338283,NICHOLSON ST NEAR PRINCES ST,2838,467131902628,86.66307133558472,59.64691046658259
228,78283261,NEPEAN / SEAFORD,2839,467210185889,86.67759457365572,59.667927700714586
5189,78280323,FYANS / YARRA,2840,467288466212,86.69211726666418,59.688944934846575
3935,78231974,HUNTINGDALE / HIGHBURY / GILLARD,2841,467366698186,86.70663098988742,59.70996216897856
2750,78191186,ST ALBANS NEAR DEBENHAM,2842,467444889372,86.72113714605446,59.73097940311055
1879,78173423,MT ALEXANDER RD / SHAMROCK ST / GRICE CRES,2843,467523062795,86.73564000680082,59.75199663724254
2775,78167396,DAVISSON NEAR WEDGE,2844,467601230191,86.75014174940833,59.77301387137452
2786,78150639,FRENCH / BARKLY,2845,467679380830,86.7646403832299,59.79403110550652
4186,78110413,PARA / FLINTOFF,2846,467757491243,86.77913155425844,59.8150483396385
6452,78040047,,2847,467835531290,86.79360967087206,59.83606557377049
2193,77960342,DONNYBROOK / HUME FREEWAY NB RAMPS,2848,467913491632,86.80807300048428,59.857082807902486
2625,77880498,ROSAMOND / HIGHPOINT CITY SHOP ENT,2849,467991372130,86.82252151730759,59.87810004203447
2893,77879186,MILLERS / BEURON,2850,468069251316,86.83696979072653,59.89911727616646
1535,77852068,STREETUD ROAD BETWEEN PHYLLIS AND LEONARD,2851,468147103384,86.85141303316993,59.92013451029844
5915,77808215,PEEL / EASTWOOD,2852,468224911599,86.86584813993336,59.941151744430435
285,77763679,POLICE / WANDA / GRACE,2853,468302675278,86.88027498430554,59.962168978562424
6822,77741590,PHW / MAHONEYS / HORNE,2854,468380416868,86.89469773069047,59.983186212694406
5881,77692973,MIDLAND HIGHWAY SKIPTON / DARLING / DRUMMOND,2855,468458109841,86.90911145757039,60.004203446826395
3923,77658937,ELGAR NEAR ERASMUS,2856,468535768778,86.92351887003615,60.02522068095839
2836,77599452,HUME FREEWAY / O'HERNS,2857,468613368230,86.93791524674782,60.04623791509037
2886,77562848,WESTGATE FREEWAY EB / LORIMER,2858,468690931078,86.95230483262581,60.06725514922236
866,77553373,RINGWOOD / EASTLAND SHOP,2859,468768484451,86.96669266068638,60.088272383354344
1320,77499651,EPPING / PINE PARK / DE ROSSI,2860,468845984102,86.981070522154,60.10928961748634
5098,77418782,SEPARATION / THOMPSON,2861,468923402884,86.99543338067306,60.13030685161833
1442,77348911,POINT NEPEAN NEAR FIRST AVE,2862,469000751795,87.00978327661039,60.15132408575031
1003,77343786,MT ALEXANDER NEAR COMMU CENTRE,2863,469078095581,87.02413222174938,60.17234131988231
2228,77226449,KINGSBURY DR NEAR RING RD,2864,469155322030,87.03845939833704,60.19335855401429
6321,77222299,NORTHERN HIGHWAY / MURRAY HIGHWAY,2865,469232544329,87.05278580500995,60.21437578814628
4892,77210032,CLARENDON / YORK,2866,469309754361,87.06710993588904,60.235393022278274
2936,77198482,ST KILDA NEAR SOUTHBANK (NOLAN),2867,469386952843,87.0814319239933,60.256410256410255
5214,77195685,BOARDWALK / TOM ROBERTS,2868,469464148528,87.09575339319359,60.277427490542244
3999,77195430,BROADMEADOWS / SHARPS / BARRIE,2869,469541343958,87.11007481508585,60.29844472467424
6233,77122913,CALDER HIGHWAY / IRONBARK RD,2870,469618466871,87.12438278350618,60.31946195880622
6230,76939035,CALDER / LODDON VLY,2871,469695405906,87.13865663858049,60.34047919293821
446,76784317,FERNTREE GULLY NEAR HOWLEYS,2872,469772190223,87.15290179011946,60.36149642707019
4398,76642721,BOUVERIE / QUEENSBERRY,2873,469848832944,87.1671206725379,60.38251366120219
4616,76628631,WICKHAM / ROWANS,2874,469925461575,87.18133694095661,60.40353089533418
4868,76458296,BEACH NEAR BALCOMBE,2875,470001919871,87.19552160854872,60.42454812946616
5162,76458109,SURF COAST / FEEHANS / COASTSIDE,2876,470078377980,87.20970624144827,60.44556536359815
3574,76428928,DORSET RD BTW LEIGH RD & AFFLECK RD,2877,470154806908,87.2238854606412,60.46658259773013
5163,76405759,STREETURT / ARMSTRONG,2878,470231212667,87.23806038148349,60.48759983186213
596,76361929,MITCHAM / PREMIER / REDLAND,2879,470307574596,87.25222717091282,60.508617065994116
918,76303284,DUBLIN / RAILWAY,2880,470383877880,87.26638308042624,60.5296343001261
5135,76251508,MIDLAND HIGHWAY / KARDINIA COLLEGE ENTRANCE,2881,470460129388,87.2805293843718,60.550651534258094
3788,76248327,DAWSON NEAR DALY,2882,470536377715,87.29467509817309,60.571668768390076
3073,76206945,WATERDALE NEAR RAMU,2883,470612584660,87.30881313471832,60.592686002522065
967,76182768,WELLS / AMAROO (SOUTH),2884,470688767428,87.32294668590714,60.61370323665406
4737,76176506,CHAPEL / DALY,2885,470764943934,87.33707907535954,60.63472047078604
4624,76134753,CHESTERVILLE / BERNARD,2886,470841078687,87.35120371872736,60.65573770491803
3078,76107012,BALCOMBE BETWEEN BLUFF AND EBDEN,2887,470917185699,87.36532321553969,60.67675493905003
5059,76064528,HIGH / MT PLEASANT,2888,470993250227,87.37943483065116,60.69777217318201
3807,76047653,RIVERSDALE / WATTLE VALLEY,2889,471069297880,87.39354331508513,60.718789407314
4219,76042264,BRUNSWICK NEAR CHURCH,2890,471145340144,87.40765079974307,60.73980664144598
6272,76021805,MITCHELL / WILLS / MYERS,2891,471221361949,87.42175448881399,60.76082387557798
6025,76007193,MCIVOR BETWEEN PATRICK AND MURPHY,2892,471297369142,87.43585546704287,60.781841109709966
5242,75967911,DUNCANS / COLLEGE,2893,471373337053,87.44994915761114,60.80285834384195
2289,75920244,SOUTH ROAD / BIGNELL ROAD,2894,471449257297,87.46403400491995,60.82387557797394
5228,75912892,SHANNON / ALBERT,2895,471525170189,87.47811748827374,60.844892812105925
3587,75896836,COLERAINE BETWEEN PASCOE VALE / PEARCEDALE,2896,471601067025,87.49219799289226,60.865910046237914
4938,75863084,WESTS ROAD / WATERFORD GREEN,2897,471676930109,87.50627223578479,60.8869272803699
5911,75830258,MAIR / ARMSTRONG,2898,471752760367,87.52034038874432,60.907944514501885
4324,75758801,COTHAM / GLENFERRIE,2899,471828519168,87.53439528488484,60.92896174863388
6154,75736107,LINCOLN CWY / QUARRY ENTRY,2900,471904255275,87.54844597079753,60.94997898276587
3417,75697991,ELGIN / DRUMMOND,2901,471979953266,87.56248958536781,60.97099621689785
742,75648728,SEAFORD / HARTNETT,2902,472055601994,87.57652406058611,60.99201345102985
3209,75615433,CLAYTON / RYANS,2903,472131217427,87.5905523588618,61.01303068516183
4103,75586471,INKERMAN / ORRONG,2904,472206803898,87.60457528406006,61.03404791929382
6269,75580013,LUCAN / NOLAN,2905,472282383911,87.61859701115966,61.055065153425815
6307,75569011,DROUIN WARRAGUL / NORMANBY,2906,472357952922,87.63261669715028,61.0760823875578
3641,75563037,PEARCEDALE PDE / SHOPPING CENTRE ACCESS ROAD,2907,472433515959,87.64663527483472,61.097099621689786
5807,75553171,MAIR / HUMFFRAY,2908,472509069130,87.66065202216275,61.11811685582177
1532,75516905,FORSYTH / WATERWAYS,2909,472584586035,87.67466204136342,61.139134089953764
5134,75428922,GEELONG-BACCHUS MARSH / PRINCES HW (GRR),2910,472660014957,87.68865573781463,61.16015132408575
4149,75359614,JOHNSTON / GOLD / DIGHT,2911,472735374571,87.7026365761328,61.181168558217735
2570,75283080,MT DERRIMUT / AUSTRALIS,2912,472810657651,87.71660321573866,61.20218579234973
4278,75197671,RIVERSDALE NEAR KOOYONGKOOT,2913,472885855322,87.73055401012773,61.22320302648171
1014,75168539,EPSOM NEAR ROSEBERRY,2914,472961023861,87.74449939990073,61.2442202606137
3782,75132676,LYGON NEAR STEWART,2915,473036156537,87.75843813631155,61.2652374947457
3449,75072344,JOHNSTON / PATTERSON,2916,473111228881,87.7723656798315,61.28625472887768
466,75001001,HIGH STREET ROAD / LAWRENCE,2917,473186229882,87.78627998768188,61.30727196300967
3845,74991651,BURKE NEAR RANFURLIE,2918,473261221533,87.80019256090505,61.32828919714166
1212,74986682,HENRY / VILLAGE WAY / CAVERSHAM,2919,473336208215,87.81410421227123,61.34930643127364
4925,74985254,WHITEMAN / CASINO / KINGSWAY RAMPS,2920,473411193469,87.82801559871253,61.370323665405635
3661,74926986,STREETUDLEY PARK / CARSON,2921,473486120455,87.84191617517958,61.39134089953762
6122,74841065,WANGARATTA (RYLEY) / WARBY,2922,473560961520,87.85580081144279,61.412358133669606
655,74835543,HAMMOND / KIRKHAM,2923,473635797063,87.86968442325555,61.4333753678016
3829,74706473,CAMBERWELL NEAR BOWEN,2924,473710503536,87.88354408979171,61.454392601933584
552,74686379,,2925,473785189915,87.89740002845627,61.47540983606557
1551,74629910,DERRIMUT ROAD / ROSE GRANGE ACCESS ROAD,2926,473859819825,87.91124549089999,61.496427070197555
692,74618439,VICTORIA / GEORGE,2927,473934438264,87.9250888252251,61.51744430432955
4528,74597197,BATMAN / MELB PARK NTH ACCESS,2928,474009035461,87.93892821869979,61.53846153846154
2965,74573714,HIGH NEAR SMITH,2929,474083609175,87.95276325557006,61.55947877259352
1358,74573208,BAY / WESTERN ACCESS,2930,474158182383,87.9665981985664,61.58049600672552
5808,74518964,VICTORIA / QUEEN,2931,474232701347,87.98042307812752,61.60151324085751
2112,74516079,MAIN NEAR BAYFIELD,2932,474307217426,87.99424742245873,61.62253047498949
3327,74449288,BOUNDARY RD / GARDEN BVD / ACCESS RD,2933,474381666714,88.00805937561485,61.643547709121485
5073,74447715,BACCHUS MARSH / PURNELL,2934,474456114429,88.02187103694546,61.66456494325347
983,74355423,ABBOTTS / REMINGTON,2935,474530469852,88.03566557611391,61.685582177385456
4865,74339122,BALCOMBE NEAR HAYDENS,2936,474604808974,88.0494570910943,61.70659941151745
4354,74323149,MALVERN NEAR ELIZABETH,2937,474679132123,88.06324564273771,61.727616645649434
3281,74258126,HUNTINGDALE NEAR ESTELLE,2938,474753390249,88.07702213120827,61.74863387978142
5075,74255315,MALOP / BELLERINE,2939,474827645564,88.09079809817753,61.769651113913405
2993,74253309,MICKLEHAM ROAD / AMIRA BOULEVARD,2940,474901898873,88.1045736929904,61.79066834804539
3368,74213093,HOPKINS ST NR MARIBYRNONG ST,2941,474976111966,88.11834182686546,61.81168558217739
2046,74174543,DONCASTER ROAD / PETTYS LANE,2942,475050286509,88.13210280888174,61.83270281630937
2978,74156841,MCDONALDS RD NEAR MEADOW GLEN DRV,2943,475124443350,88.14586050679415,61.85372005044136
3106,74156182,BLUFF NEAR ABBOTT,2944,475198599532,88.15961808244779,61.87473728457336
4055,74134567,BULLEEN NEAR LEONIS,2945,475272734099,88.17337164805146,61.89575451870534
3533,74127752,SUSSEX STREET NEAR MARION STREET,2946,475346861851,88.18712394932521,61.91677175283733
3963,74052563,FORSTER / RICKETTS / HARDNER,2947,475420914414,88.20086230141322,61.93778898696931
1109,73999308,EASTLINK / POLICE INTERCHANGE,2948,475494913722,88.21459077354693,61.958806221101305
5186,73983080,GREAT OCEAN ROAD / DIGGERS WAY / RACV ENTRY,2949,475568896802,88.22831623503563,61.979823455233294
4510,73907253,ELIZABETH / THERRY,2950,475642804055,88.2420276289758,62.000840689365276
4102,73902860,KOORNANG NEAR JERSEY,2951,475716706915,88.25573820791946,62.02185792349727
1937,73823517,SPRINGVALE ROAD / HEATHER GR / HILLCREST GR,2952,475790530432,88.26943406702054,62.042875157629254
3605,73752887,PASCOE VALE / KELLAWAY,2953,475864283319,88.28311682272901,62.06389239176124
1152,73745840,SUNSHINE / OLYMPIA,2954,475938029159,88.29679827106656,62.08490962589324
3887,73683495,MORELAND / CAMERON,2955,476011712654,88.31046815305817,62.10592686002522
2023,73652043,NEPEAN HIGHWAY / BRUCE,2956,476085364697,88.32413220002351,62.12694409415721
4254,73554829,FRANCIS / WEMBLEY,2957,476158919526,88.33777821168925,62.14796132828919
582,73540411,MITCHAM NEAR ORIENT,2958,476232459937,88.35142154850416,62.16897856242119
3933,73501405,RIVERSDALE NEAR ALANDALE,2959,476305961342,88.36505764886242,62.18999579655318
891,73491586,WARRANDYTE / EASTLAND NORTH ACCESS (ENTRANCE 7),2960,476379452928,88.3786919275838,62.21101303068516
5086,73464893,SURF COAST HIGHWAY NEAR CHERYL,2961,476452917821,88.39232125417637,62.23203026481715
2186,73458122,AMAROO / HUME FREEWAY NB EXIT R,2962,476526375943,88.40594932460198,62.253047498949144
572,73424378,WARBURTON / HEALESVILLE-KOO WEE RUP,2963,476599800321,88.41957113478576,62.274064733081126
3914,73403806,RIVERSDALE / HAVELOCK / REDFERN,2964,476673204127,88.43318912841859,62.295081967213115
3219,73354595,PLENTY / EAST PRESTON TRAM DEPOT,2965,476746558722,88.44679799234656,62.3160992013451
2906,73349397,ELIZABETH / LONSDALE,2966,476819908119,88.4604058919331,62.33711643547709
4639,73344752,CENTRE NEAR CHESTER,2967,476893252871,88.47401292977169,62.35813366960908
2749,73267960,SHARPS / SCHIAVELLO ENT,2968,476966520831,88.48760572103336,62.37915090374106
2949,73258362,UPPER HEIDELBERG / KIERNAN,2969,477039779193,88.50119673165845,62.40016813787306
2835,73239893,SPENCER / LITTLE COLLINS,2970,477113019086,88.51478431588458,62.42118537200504
5043,73227112,WESTERN BEACH / EASTERN BEACH / MOORABOOL,2971,477186246198,88.52836952895876,62.44220260613703
5371,73205953,SURF COAST HIGHWAY / BOUNDARY ROAD,2972,477259452151,88.54195081658082,62.463219840269026
1524,73165130,HALLAM NEAR COMMERCE,2973,477332617281,88.55552453065343,62.48423707440101
4329,73156902,HIGH / STREETEVENSON,2974,477405774183,88.56909671825409,62.505254308533
3435,73145706,WHITEHALL / SOMERVILLE,2975,477478919889,88.58266682875458,62.52627154266499
1810,73120852,NICHOLSON ST NEAR MOORE ST,2976,477552040741,88.59623232830052,62.547288776796975
226,73114936,NEPEAN NEAR ARMSTRONGS,2977,477625155677,88.6097967303005,62.568306010928964
4265,73068178,BURWOOD NEAR LAUNDER,2978,477698223855,88.62335245768018,62.589323245060946
4211,73058803,MARIBYRNONG BTN LENNOX & BOWEN,2979,477771282658,88.6369064457946,62.61034047919294
3945,73055453,PLENTY / FINDON,2980,477844338111,88.65045981241155,62.63135771332493
4841,72981942,CANTERBURY NEAR FRASER,2981,477917320053,88.66399954114806,62.65237494745691
6224,72932143,MIDLAND HIGHWAY / SCOTT STREETREET,2982,477990252196,88.677530031093,62.6733921815889
750,72897064,CRANBOURNE / PLAYNE,2983,478063149260,88.69105401312473,62.694409415720884
6284,72877098,MYRTLE / WILLS-MYERS,2984,478136026358,88.70457429103162,62.71542664985288
4858,72854563,CARLISLE NEAR ACLAND,2985,478208880921,88.71809038820861,62.73644388398487
1297,72849328,GOLF LINKS / PENLINK,2986,478281730249,88.73160551417986,62.75746111811685
3071,72842794,BURGUNDY / CAPE,2987,478354573043,88.74511942795282,62.77847835224885
4414,72833183,LYGON NEAR LYTTON,2988,478427406226,88.75863155867738,62.79949558638083
3568,72815044,HAMPTON / DURRANT / CLUDEN,2989,478500221270,88.77214032422512,62.82051282051282
4051,72677231,DONCASTER / BULLEEN / SEVERN,2990,478572898501,88.78562352248068,62.841530054644814
4358,72634979,HIGH NEAR NORTHBROOK,2991,478645533480,88.79909888207638,62.862547288776796
2495,72624588,YAN YEAN ROAD / KURRAK ROAD,2992,478718158068,88.81257231391683,62.883564522908785
1544,72612219,BALLAN ROAD / SPORT CENTRE ACCESS,2993,478790770287,88.82604345104028,62.90458175704078
1238,72581699,GEORGE / RUDDOCK,2994,478863351986,88.83950892604359,62.92559899117276
4505,72577784,VICTORIA / WILLIAM / HOWARD,2995,478935929770,88.85297367472975,62.94661622530475
721,72550182,MOUNTAIN VIEW / SHERBOURNE,2996,479008479952,88.8664333026479,62.96763345943673
5039,72490643,GHERINGHAP / MALOP / MERCER,2997,479080970595,88.87988188479383,62.98865069356873
1460,72476042,BOLTON NEAR GRAND,2998,479153446637,88.89332775813845,63.00966792770072
5151,72426891,MIDLAND HIGHWAY / GRR NB RAMPS,2999,479225873528,88.9067645129095,63.0306851618327
3499,72423910,BLACKSHAWS / MILLS / KYLE,3000,479298297438,88.92020071464057,63.051702395964696
669,72383446,CLOW / WALKER,3001,479370680884,88.93362940942447,63.07271963009667
2991,72377891,MELROSE NEAR MICKLEHAM,3002,479443058775,88.94705707363573,63.09373686422867
3456,72372280,JOHNSTON NEAR LULIE,3003,479515431055,88.96048369688513,63.114754098360656
5275,72299240,MORRIS / HOGANS,3004,479587730295,88.97389676963476,63.13577133249264
2571,72296595,COMMERCIAL / LAKE,3005,479660026890,88.9873093516797,63.156788566624634
6204,72275102,CHARLESTON / NOLAN,3006,479732301992,89.00071794630827,63.17780580075662
3442,72198967,JASPER NEAR BREWER,3007,479804500959,89.01411241624766,63.198823034888605
3210,72161976,DOUGLAS / NORTH,3008,479876662935,89.02750002355647,63.2198402690206
4148,72057340,WELLINGTON NEAR OTTER,3009,479948720275,89.04086821862417,63.24085750315258
3892,72031625,GAFFNEY NEAR BATMAN,3010,480020751900,89.05423164300318,63.26187473728457
5655,71966142,PRINCES HIGHWAY EAST(NTH) NEAR SERVICE,3011,480092718042,89.06758291886938,63.28289197141657
5161,71960128,DROUIN-WARRAGUL / LARDNERS TRACK,3012,480164678170,89.08093307900852,63.30390920554855
3763,71925791,MAROONDAH HIGHWAY / MELBA HIGHWAY,3013,480236603961,89.09427686889148,63.32492643968054
5356,71886280,SURF COAST HIGHWAY / UNITY DRIVE,3014,480308490241,89.1076133286294,63.34594367381252
4107,71882059,YAN YEAN / IRONBARK,3015,480380372300,89.12094900528051,63.36696090794452
4998,71881571,SETTLEMENT NEAR NORRIS,3016,480452253871,89.13428459139706,63.387978142076506
1048,71766407,KING / VICTORIA,3017,480524020278,89.1475988121008,63.40899537620849
555,71757366,NEPEAN / LONSDALE,3018,480595777644,89.16091135550347,63.43001261034048
3117,71744485,NORMANBY / LEINSTER,3019,480667522129,89.17422150920206,63.45102984447247
4557,71693778,BATMAN NEAR GATE 2 MELBOURNE PARK TENNIS C,3020,480739215907,89.18752225565541,63.472047078604454
1313,71626172,BRIDGE INN ROAD / CRAVENS ROAD / GALLOWA,3021,480810842079,89.20081045973355,63.49306431273645
225,71602555,NEPEAN NEAR RESERVE,3022,480882444634,89.21409428234739,63.514081546868425
4910,71575315,CANTERBURY NEAR ARMSTRONG,3023,480954019949,89.22737305135206,63.53509878100042
5200,71562883,FYANS / SWANSTON,3024,481025582832,89.24064951395185,63.55611601513241
565,71561011,PRINCES HIGHWAY EAST / WINDERMERE,3025,481097143843,89.25392562925516,63.57713324926439
5072,71510448,THOMPSON / COX,3026,481168654291,89.26719236402835,63.59815048339639
1298,71508996,SKYE / PENLINK,3027,481240163287,89.28045882942415,63.61916771752837
1419,71398052,LOWER DANDENONG ROAD / HARGRAVE PLACE,3028,481311561339,89.29370471230837,63.64018495166036
4556,71393900,QUEEN / A'BECKETT,3029,481382955239,89.3069498249068,63.661202185792355
3928,71388352,STATION NEAR HILL,3030,481454343591,89.32019390823123,63.68221941992434
3873,71369709,GILBERT NEAR JACKA,3031,481525713300,89.33343453287594,63.703236654056326
2070,71353281,MIDDLEBOROUGH RD / THE BOULEVARD,3032,481597066581,89.34667210977135,63.72425388818831
2778,71327490,SETTLEMENT / BROWNHILL,3033,481668394071,89.35990490187842,63.745271122320304
2176,71212199,BOUNDARY / PASCOE / WEST,3034,481739606270,89.37311630501141,63.76628835645229
697,71132305,FOOTE NEAR ELISA,3035,481810738575,89.38631288607941,63.787305590584275
3070,71129784,BURGUNDY / HAWDON,3036,481881868359,89.39950899944739,63.80832282471627
3432,71105038,FRANCIS NEAR BALLARAT,3037,481952973397,89.41270052189714,63.82934005884826
2900,71088030,SPENCER / LITTLE BOURKE,3038,482024061427,89.42588888899503,63.85035729298024
2125,71040567,CLYDE ROAD NR GIBB STREET,3039,482095101994,89.43906845067987,63.87137452711224
3037,70948924,BEACH NEAR BLUFF,3040,482166050918,89.4522310106061,63.89239176124421
6236,70856863,LODDON VALLEY / VICTORIA,3041,482236907781,89.46537649122568,63.91340899537621
6273,70852257,MITCHELL / QUEEN,3042,482307760038,89.47852111733265,63.934426229508205
32036,70826862,NARRE WARREN-CRANBOURNE RD / THOMPSONS RD,3043,482378586900,89.49166103211785,63.95544346364018
3880,70794043,HIGH NEAR DAVID,3044,482449380943,89.50479485826872,63.976460697772175
4554,70743459,ST KILDA NEAR BOWEN,3045,482520124402,89.51791929999354,63.99747793190416
6074,70717945,GVH / KIALLA LAKES,3046,482590842347,89.53103900831951,64.01849516603615
4788,70700268,GILBERT / CRAMER,3047,482661542615,89.54415543717967,64.03951240016814
3916,70614759,ELGAR / UGANDA,3048,482732157374,89.55725600227089,64.06052963430012
284,70608003,EDITHVALE NEAR KINROSS BICYCLE TRACK,3049,482802765377,89.57035531397798,64.08154686843211
4281,70598718,CAMBERWELL NEAR MAYSTON,3050,482873364095,89.58345290311675,64.1025641025641
2727,70597389,KEILOR NEAR BIRDWOOD,3051,482943961484,89.59655024569729,64.12358133669609
5799,70575213,GISBOURNE NEAR LERDERDERG,3052,483014536697,89.60964347415018,64.14459857082808
5131,70565711,PIONEER / CHURCH,3053,483085102408,89.62273493977656,64.16561580496007
4469,70537198,RACECOURSE NEAR CROWN,3054,483155639606,89.63582111562474,64.18663303909206
5306,70465962,SHANNON / NOBLE,3055,483226105568,89.64889407565418,64.20765027322405
1059,70438500,FRANKLIN / PEEL / WILLIAM,3056,483296544068,89.66196194088867,64.22866750735604
6325,70402425,MURRAY VALLEY HIGHWAY AND STURT ST,3057,483366946493,89.67502311343041,64.24968474148802
1808,70362739,O'HERNS ROAD / EDGARS ROAD,3058,483437309232,89.6880769233608,64.27070197562
3813,70328467,CAMBERWELL NEAR GLEN IRIS,3059,483507637699,89.70112437509393,64.291719209752
1215,70298662,POINT COOK / SALTWATER,3060,483577936361,89.71416629735491,64.31273644388399
4002,70196900,MORELAND NEAR DE CARLE,3061,483648133261,89.72718934056392,64.33375367801597
4594,70112782,BOURKE / EXHIBITION,3062,483718246043,89.7401967780646,64.35477091214796
986,70051359,MCCLELLAND / NORTH,3063,483788297402,89.75319282027027,64.37578814627994
707,70043480,WARRANDYTE - RINGWOOD / FALCONER,3064,483858340882,89.76618740075104,64.39680538041193
3657,69998418,BURNLEY / MURPHY,3065,483928339300,89.77917362125618,64.41782261454392
4728,69939546,GRAHAM NEAR CLARK,3066,483998278846,89.792148919732,64.43883984867591
510,69839204,NEPEAN HIGHWAY / AVONDALE AVE / STATION ST / THAMES…,3067,484068118050,89.80510560259657,64.4598570828079
1183,69835850,BARKLY / SUMMERHILL,3068,484137953900,89.8180616632216,64.48087431693989
3925,69799622,RIVERSDALE / ELGAR,3069,484207753522,89.83101100276906,64.50189155107188
3772,69767611,PLENTY / GORDONS,3070,484277521133,89.84395440358367,64.52290878520387
4500,69746243,VICTORIA / DRYBURGH,3071,484347267376,89.85689384017212,64.54392601933586
917,69737405,WARRANDYTE NEAR WOODSIDE,3072,484417004781,89.86983163712043,64.56494325346785
3471,69714812,ST KILDA RD NEAR BOWEN CRESCENT,3073,484486719593,89.88276524257857,64.58596048759983
5085,69670378,THOMPSON / VICTORIA,3074,484556389971,89.89569060456867,64.60697772173182
2633,69652334,TILBURN / FITZGERALD / FORREST,3075,484626042305,89.9086126190065,64.62799495586381
3005,69553703,BARKERS NEAR KILDARE,3076,484695596008,89.92151633526059,64.64901218999579
4964,69491958,MAIN / ALFREIDA,3077,484765087966,89.9344085964817,64.67002942412779
4054,69451493,BULLEEN / HILLVIEW,3078,484834539459,89.94729335057015,64.69104665825978
5125,69417106,MALOP NEAR CLARE,3079,484903956565,89.96017172512633,64.71206389239175
3851,69393683,CHADSTONE / EXIT CHAD SHOPS,3080,484973350248,89.97304575420941,64.73308112652376
213,69380988,NEPEAN NEAR BAYVIEW,3081,485042731236,89.98591742809542,64.75409836065575
6198,69084359,,3082,485111815595,89.99873407088627,64.77511559478772
968,69077791,ABBOTTS / GAINE / MONASH,3083,485180893386,90.01154949517105,64.79613282891972
3960,69016931,CENTRE / HAMPTON,3084,485249910317,90.02435362860952,64.8171500630517
2229,68994160,HEATHERTON ROAD WEST OF FISHER CRESENT,3085,485318904477,90.03715353753499,64.83816729718369
6243,68977069,CALDER HWY ST MONICAS PRIMARY,3086,485387881546,90.0499502757103,64.85918453131568
616,68974101,POWER NEAR ACER,3087,485456855647,90.06274646325741,64.88020176544767
6305,68727916,WARRAGUL KORUMBURRA / ALFRED,3088,485525583563,90.0754969781624,64.90121899957965
964,68716262,ABBOTTS / CLELANDS DEVELOPMENTS,3089,485594299825,90.08824533099833,64.92223623371164
5199,68693866,GREAT OCEAN ROAD / HOYLAKE,3090,485662993691,90.10098952889187,64.94325346784363
1316,68648574,MARINE DRV NEAR VICTORIA ST,3091,485731642265,90.1137253241398,64.96427070197562
155,68642431,EDWARD / VIEWPOINT,3092,485800284696,90.12645997972838,64.98528793610761
1999,68502387,COOPER STREETREET / GREYSTONE COURT,3093,485868787083,90.139168654126,65.0063051702396
2662,68480994,STREETATION / RICHARD,3094,485937268077,90.15187335965942,65.02732240437157
4480,68414211,MACAULAY / EPSOM / KENSINGTON,3095,486005682288,90.1645656755019,65.04833963850358
6673,68391476,MORWELL-TRARALGON / BRIDLE / CENTRE VALLEY,3096,486074073764,90.17725377351017,65.06935687263557
926,68347649,MAIN NEAR TERRYS,3097,486142421413,90.18993374066203,65.09037410676754
1251,68289637,KANGAN DR NEAR CHISOLM TAFE (MCDONALDS ACCESS),3098,486210711050,90.20260294533318,65.11139134089954
2718,68274654,MILLEARA / DENNIS / BRADMAN,3099,486278985704,90.21526937033374,65.13240857503153
4489,68265802,WESTGATE FREEWAY / POWER,3100,486347251506,90.22793415309687,65.15342580916351
834,68206849,POINT NEPEAN / MARINE,3101,486415458355,90.24058799880342,65.17444304329551
5119,68139134,MERCER NEAR GINN,3102,486483597489,90.2532292819129,65.19546027742749
4336,68109549,HIGH NEAR CHILDERS,3103,486551707038,90.26586507636497,65.21647751155948
1330,68106809,TARNEIT ROAD / WICKFORD ROAD / HOUGHTON AVENUE,3104,486619813847,90.27850036248782,65.23749474569146
4856,68072123,WATTLETREE / DUNCRAIG / MALVERN CENTRAL,3105,486687885970,90.29112921360743,65.25851197982345
473,68040996,HIGH ST RD NEAR TECK,3106,486755926966,90.30375228999532,65.27952921395544
1833,68037261,NEPEAN HIGHWAY NR OSPREY LANE,3107,486823964227,90.31637467345992,65.30054644808743
2745,68023729,KOORNANG / ROSSTOWN,3108,486891987956,90.32899454644586,65.32156368221942
6216,68011431,CALDER / GOLDEN SQUARE - LONG GULLY,3109,486959999387,90.34161213788678,65.34258091635141
3891,67983593,MORELAND NEAR HAIG,3110,487027982980,90.35422456477663,65.3635981504834
4537,67976692,COMMERCIAL / IZETT,3111,487095959672,90.36683571138171,65.38461538461539
3577,67974282,COOK STREET / SERVICE STATION ACCESS,3112,487163933954,90.37944641087967,65.40563261874738
3434,67957508,BARKLY NEAR ALBERT,3113,487231891462,90.39205399843783,65.42664985287936
5178,67883249,GRUBB / EMPRESS,3114,487299774711,90.40464780934538,65.44766708701135
4751,67875606,COMMERCIAL NEAR TYRONE,3115,487367650317,90.4172402023111,65.46868432114333
4754,67838110,MALVERN / BENDIGO / SURREY,3116,487435488427,90.42982563895787,65.48970155527533
3907,67782124,GRIEVE / PINNACLE / TOYOTA ENT GATE 7,3117,487503270551,90.44240068899072,65.51071878940732
5832,67727394,STREETURT / RIPON,3118,487570997945,90.45496558542484,65.5317360235393
3831,67643832,PASCOE VALE / WILSON,3119,487638641777,90.46751497930063,65.5527532576713
1066,67627604,HARBOUR ESP / LATROBE,3120,487706269381,90.48006136253144,65.57377049180327
1765,67560817,HALL ROAD / BRADMAN DRIVE,3121,487773830198,90.49259535532924,65.59478772593526
5157,67412971,BACCHUS MARSH-GEELONG NEAR STATION,3122,487841243169,90.50510191949634,65.61580496006727
3908,67401723,GRIEVE / TOYOTA ENT GATE 4,3123,487908644892,90.51760639691616,65.63682219419924
2113,67377874,YAN YEAN ROAD / OLD YAN YEAN ROAD,3124,487976022766,90.53010644983065,65.65783942833123
4015,67329605,MELVILLE / DAWSON,3125,488043352371,90.54259754780168,65.67885666246323
1334,67287223,TARNEIT / BARATTA / HUMMINGBIRD,3126,488110639594,90.55508078299502,65.69987389659521
6087,67270903,GVH (WYNDHAM) NEAR FRASER,3127,488177910497,90.5675609904754,65.7208911307272
4267,67269564,CAMBERWELL / HAROLD,3128,488245180061,90.58004094954231,65.74190836485919
6251,67173780,MIDLAND HIGHWAY (MCCRAE ST) NEAR TOMLINS ST,3129,488312353841,90.59250313860555,65.76292559899117
1207,67137496,JACKSONS ROAD / STREET MARYS SEMINARY / ACCESS,3130,488379491337,90.60495859620202,65.78394283312316
554,67105450,BONEO / MCCOMBE,3131,488446596787,90.61740810857238,65.80496006725515
1793,67090850,ROBINSONS ROAD / PARAWEENA DRIVE / K & S ACCESS,3132,488513687637,90.62985491232696,65.82597730138714
818,67034080,HULL NEAR REAY,3133,488580721717,90.64229118401869,65.84699453551912
1568,66992469,AITKEN BOULEVARD / SILVESTER PARADE,3134,488647714186,90.65471973596992,65.86801176965112
6211,66936216,NORTHERN HIGHWAY / RUTLEDGE,3135,488714650402,90.66713785177299,65.88902900378311
4593,66882709,SPRING / BOURKE,3136,488781533111,90.67954604087028,65.91004623791508
6632,66829136,MIDLAND HIGHWAY / KIDSTOWN ACCESS,3137,488848362247,90.69194429101736,65.93106347204709
5223,66752394,SHANNON NEAR CATHERINE,3138,488915114641,90.70432830386362,65.95208070617906
2351,66637410,NEW / HEAD,3139,488981752051,90.71669098469094,65.97309794031105
6303,66586171,NORTHERN HIGHWAY / UNION ST,3140,489048338222,90.72904415957554,65.99411517444305
676,66525219,GLADSTONE / BRADY,3141,489114863441,90.74138602654583,66.01513240857503
6443,66460806,STREETURT(DEAKIN) / NINTH,3142,489181324247,90.75371594351145,66.03614964270702
3092,66416283,BLUFF BETWEEN BALCOMBE AND KARRAKATTA,3143,489247740530,90.76603760049761,66.05716687683902
3356,66411752,HEIDELBERG-KINGLAKE NEAR THE PARKWAY,3144,489314152282,90.77835841688527,66.078184110971
4767,66405780,HIGH NEAR CHEEL,3145,489380558062,90.79067812533775,66.09920134510298
4824,66382222,CHURCH / ELIZABETH / BAKER,3146,489446940284,90.80299346327173,66.12021857923497
1993,66375089,PLENTY ROAD / BRIDGE INN ROAD,3147,489513315373,90.81530747787991,66.14123581336696
1051,66303487,VICTORIA / ERROL,3148,489579618860,90.82760820876845,66.16225304749895
1711,66298997,FLINDERS ST NEAR RUSSELL ST,3149,489645917857,90.83990810666488,66.18327028163094
328,66261772,RAILWAY / CHAPEL,3150,489712179629,90.85220109851869,66.20428751576293
685,66173264,TEMPLESTOWE / SHEAHANS,3151,489778352893,90.8644776702242,66.2253047498949
2295,66153946,BRIDPORT NEAR MONTAGUE,3152,489844506839,90.87675065802287,66.2463219840269
5838,66145333,STURT ST AT INSIGNIA BLVD,3153,489910652172,90.88902204792377,66.2673392181589
4503,66070725,VICTORIA / LEVESON,3154,489976722897,90.901279596427,66.28835645229087
6091,66067739,MIDLAND HIGHWAY / MAUDE,3155,490042790636,90.91353659096264,66.30937368642287
4323,65890844,COTHAM / CHARLES,3156,490108681480,90.9257607676498,66.33039092055486
103,65877396,BURWOOD HIGHWAY NEAR REYNOLDS,3157,490174558876,90.9379824494421,66.35140815468684
953,65783211,ELONERA NEAR TITCHER,3158,490240342087,90.95018665787981,66.37242538881884
4314,65762090,MILLEARA NEAR CHAUMONT,3159,490306104177,90.9623869479152,66.39344262295081
5290,65692365,BOUNDARY / LOT E ACCESS,3160,490371796542,90.97457430245505,66.4144598570828
1583,65681943,PARA ROAD / RATTRAY ROAD,3161,490437478485,90.98675972348848,66.4354770912148
4190,65653149,NAPIER / WOODLANDS,3162,490503131634,90.99893980261213,66.45649432534678
6217,65637626,BARNARD / MERCY,3163,490568769260,91.01111700188355,66.47751155947877
5070,65633088,BROUGHAM / MOORABOOL,3164,490634402348,91.02329335925782,66.49852879361076
1990,65589447,PLENTY ROAD / WATERVIEW DRIVE,3165,490699991795,91.03546162028269,66.51954602774275
2025,65563447,NEPEAN HIGHWAY / BALCOMBE G-SCHOOL ACC / BAY,3166,490765555242,91.04762505774522,66.54056326187474
3942,65553907,HIGHBURY NEAR MONTPELLIER,3167,490831109149,91.0597867253314,66.56158049600673
667,65533632,HAMMOND / WEBSTER,3168,490896642781,91.07194463146658,66.58259773013872
1523,65529543,MANOR LAKES / ARMSTRONG,3169,490962172324,91.08410177900382,66.60361496427069
1749,65516323,CENTRE ROAD NEAR BURGESS STREET,3170,491027688647,91.09625647394512,66.6246321984027
2681,65492398,ROBINSONS / HATCHLANDS,3171,491093181045,91.10840673028146,66.64564943253468
3886,65487052,MORELAND NEAR MURDOCH,3172,491158668097,91.12055599481917,66.66666666666666
706,65374040,HIGH / LYNNWOOD,3173,491224042137,91.1326842931866,66.68768390079866
2955,65321402,HUNTINGDALE NEAR HUME,3174,491289363539,91.14480282606654,66.70870113493065
3498,65317150,ELGIN / CARDIGAN,3175,491354680689,91.15692057010851,66.72971836906262
5357,65287322,SURF COAST HIGHWAY / BEACH ROAD,3176,491419968011,91.16903278041136,66.75073560319463
3633,65234731,SOUTH NEAR HAMPTON,3177,491485202742,91.18113523394622,66.7717528373266
4612,65203618,CENTRE NEAR LILAC,3178,491550406360,91.19323191534666,66.79277007145859
3578,65174912,SNEYDES ROAD / HOPPERS LANE,3179,491615581272,91.20532327116322,66.8137873055906
1395,65166541,LINSELL / SELANDRA,3180,491680747813,91.21741307397825,66.83480453972257
6413,65110260,FIREBRACE / ROBERTS,3181,491745858073,91.22949243545048,66.85582177385456
812,65101370,HUTCHINSON / JOHN,3182,491810959443,91.24157014763546,66.87683900798655
4136,65013574,GAFFNEY NEAR MOLESWORTH,3183,491875973017,91.2536315717635,66.89785624211854
1782,64973039,PLENTY ROAD / TREVI DRIVE,3184,491940946056,91.26568547577236,66.91887347625052
1553,64898243,PALMERS ROAD / SEDGEFIELD AVE-TRUGANINA,3185,492005844299,91.27772550350547,66.93989071038251
5114,64882977,BARRABOOL / BELLE VUE,3186,492070727276,91.2897626990654,66.9609079445145
5856,64845639,DELACOMBE-WENDOUREE / GREGORY,3187,492135572915,91.30179296761875,66.98192517864649
4303,64839368,ORIEL / LIVINGSTONE,3188,492200412283,91.31382207276599,67.00294241277848
1350,64831694,EDITHVALE NEAR FRENCH,3189,492265243977,91.32584975422024,67.02395964691047
3448,64779816,SMITH BETWEEN KEELE / ROSE,3190,492330023793,91.33786781118344,67.04497688104244
5809,64767384,VICTORIA NEAR KING & OTWAY,3191,492394791177,91.34988356174178,67.06599411517445
4504,64696140,VICTORIA / CHETWYND,3192,492459487317,91.36188609499717,67.08701134930644
2887,64652667,WILLIAMSTOWN / TODD,3193,492524139984,91.37388056307084,67.10802858343841
4573,64642429,WILLIAM / FLINDERS LANE,3194,492588782413,91.38587313177405,67.12904581757041
5225,64589463,FELLMONGERS NEAR HITCHCOCK,3195,492653371876,91.3978558741387,67.15006305170239
147,64553296,MAROONDAH / WARBURTON,3196,492717925172,91.4098319067426,67.17108028583438
3469,64549635,POINT COOK RD NEAR TRISTANIA DR,3197,492782474807,91.42180726015182,67.19209751996638
243,64494996,POINT NEPEAN / PIER,3198,492846969803,91.43377247684478,67.21311475409836
937,64475707,POLICE NEAR EDINBURGH,3199,492911445510,91.44573411501104,67.23413198823035
4191,64473389,KEILOR NEAR GILLIES,3200,492975918899,91.45769532313817,67.25514922236235
4255,64433795,FRANCIS / STEPRINCES HIGHWAY EASTN,3201,493040352694,91.46964918572192,67.27616645649432
2599,64352158,,3202,493104704852,91.4815879028765,67.29718369062631
4279,64347089,BURWOOD NEAR MORANG,3203,493169051941,91.49352567962194,67.3182009247583
5345,64341557,TARNEIT RD / LORETTA BLVD / OBSIDIAN AV,3204,493233393498,91.50546243006173,67.33921815889029
1490,64332232,DUNCANS RD / PRINCES FWY IB RAMPS,3205,493297725730,91.51739745051233,67.36023539302228
1388,64207625,HIGHETT / GRAHAM / RAILWAY,3206,493361933355,91.52930935366935,67.38125262715427
2114,64198400,YAN YEAN ROAD / RIVER AVENUE,3207,493426131755,91.54121954538935,67.40226986128626
6232,64053730,LODDON VALLEY / CREETH,3208,493490185485,91.55310289769535,67.42328709541823
6274,64020546,MITCHELL / MILLER / PYKE,3209,493554206031,91.56498009365164,67.44430432955023
2059,64016306,CAIRNLEA / WOODBURN,3210,493618222337,91.57685650299621,67.46532156368222
2164,63944716,CRAIGIEBURN NEAR BENSTON,3211,493682167053,91.58871963084738,67.4863387978142
4113,63823975,GAFFNEY NEAR LANDELLS,3212,493745991028,91.60056035863161,67.5073560319462
4756,63790327,MALVERN NEAR A'BECKETT,3213,493809781355,91.61239484398408,67.52837326607818
6220,63722463,MIDLAND HIGHWAY / TOMA CRT / WAVERLEY RD,3214,493873503818,91.62421673909674,67.54939050021017
6324,63499340,NORTHERN (OGILVIE) / HAVERFIELD,3215,493937003158,91.63599724006708,67.57040773434217
3878,63493307,BURNLEY / NORTHERN ACCESS ROAD,3216,494000496465,91.64777662178543,67.59142496847414
4928,63490820,MAIN ROAD EAST / COLLINS,3217,494063987285,91.65955554211148,67.61244220260613
2127,63465869,BULLEEN ROAD / GREENAWAY STREET / CARPARK,3218,494127453154,91.67132983348738,67.63345943673814
3863,63411888,BURNLEY NEAR KENT,3219,494190865042,91.68309411022025,67.65447667087011
4449,63397693,ALBERT / SIMPSON,3220,494254262735,91.6948557534736,67.6754939050021
2014,63317186,HIGH STREET ROAD / TYNER,3221,494317579921,91.70660246093722,67.69651113913409
4760,63313786,HIGH NEAR PERTH,3222,494380893707,91.71834853762726,67.71752837326608
1528,63283191,BALLAN / HOBBS,3223,494444176898,91.73008893828312,67.73854560739807
6260,63282768,GOLDEN SQUARE-LONG GULLY / SYMONDS,3224,494507459666,91.7418292604633,67.75956284153006
6670,63260508,MORWELL-TRARALGON / MONASH WAY,3225,494570720174,91.75356545293204,67.78058007566204
1497,63246478,PALMERS / WALLACE,3226,494633966652,91.76529904253232,67.80159730979403
1167,63239888,BOLTON ST NEAR WITHERS ST,3227,494697206540,91.77703140954509,67.82261454392602
5800,63237150,BACCHUS MARSH-GISBORNE NEAR MAIN,3228,494760443690,91.78876326859961,67.84363177805801
4811,63156733,SWAN NEAR STAWELL,3229,494823600423,91.80048020856134,67.86464901218999
3297,63153260,HIGH STREET / DEBY PLACE / MARY STREET,3230,494886753683,91.81219650420647,67.88566624632199
1870,63119627,YAN YEAN ROAD / BROWNS LANE / FANECO ROAD,3231,494949873310,91.82390656020264,67.90668348045398
5049,63044092,BROUGHAM / YARRA,3232,495012917402,91.8356026028226,67.92770071458595
2107,63032584,QUEENS / RUSHALL,3233,495075949986,91.84729651045967,67.94871794871796
6802,63007654,PRINCES HIGHWAY WEST / ROONEYS ROAD,3234,495138957640,91.85898579304254,67.96973518284993
1548,62757498,ERAMOSA ROAD WEST / SHOPPING CENTRE ACCESS,3235,495201715138,91.87062866627689,67.99075241698192
3143,62739882,CENTRE DANDENONG / HOWARD,3236,495264455020,91.88226827136222,68.01176965111392
884,62695089,MOUNTAIN HIGHWAY NEAR RAILWAY,3237,495327150109,91.89389956637724,68.0327868852459
3549,62674539,NORTH NEAR ST JAMES,3238,495389824648,91.9055270489228,68.05380411937789
2621,62629421,MARKET / SOMERVILLE,3239,495452454069,91.91714616110353,68.07482135350988
1681,62533640,AITKEN BOULEVARD / FAIRWAYS BOULEVARD,3240,495514987709,91.92874750383714,68.09583858764186
6206,62502795,STREETURT(DEAKIN) / SEVENTH,3241,495577490504,91.94034312415613,68.11685582177385
2515,62497505,DROOP / DONALD,3242,495639988009,91.9519377630657,68.13787305590584
2897,62349806,PLUMMER / PROHASKY,3243,495702337815,91.96350500061625,68.15889029003783
1075,62318465,COLLINS NEAR SPENCER STATION,3244,495764656280,91.97506642373344,68.17990752416982
6414,62248457,STURT HWY BTN CALDER HWY & PLANTATION ST,3245,495826904737,91.98661485885246,68.20092475830181
242,62156911,NEPEAN NEAR WILSON,3246,495889061648,91.99814631020845,68.2219419924338
3207,62125992,CLAYTON NEAR BRENTWOOD,3247,495951187640,92.00967202542122,68.24295922656577
4053,62119097,DONCASTER NEAR BUCHANAN,3248,496013306737,92.02119646146237,68.26397646069778
4849,62045639,INKERMAN / WESTBURY,3249,496075352376,92.03270726945571,68.28499369482977
1230,61922137,GOURLAY / LANSFIELD DRIVE,3250,496137274513,92.04419516515689,68.30601092896174
4362,61917265,HIGH NEAR ERICA,3251,496199191778,92.0556821569967,68.32702816309374
4738,61914974,CHAPEL NEAR MADDOCK,3252,496261106752,92.06716872380645,68.34804539722572
5048,61870179,YARRA / EASTERN BEACH,3253,496322976931,92.07864698017485,68.3690626313577
4361,61839358,HIGH NEAR VINCENT,3254,496384816289,92.09011951858113,68.39007986548971
1423,61831434,NARRE WARREN NTH ROAD / FOX ROAD,3255,496446647723,92.10159058691404,68.41109709962168
972,61815475,ABBOTTS / NATIONAL,3256,496508463198,92.11305869450726,68.43211433375367
1351,61798373,BOUNDARY / DUNMORE / EFFICIENT,3257,496570261571,92.1245236293096,68.45313156788566
3043,61784449,BEACH NEAR BAY & HIGH,3258,496632046020,92.13598598090879,68.47414880201765
517,61642482,,3259,496693688502,92.14742199455893,68.49516603614964
4786,61596732,GILBERT / REGENT,3260,496755285234,92.15884952059456,68.51618327028163
4193,61554017,KEILOR NEAR MT ALEXANDER,3261,496816839251,92.17026912207382,68.53720050441362
5873,61522134,BALLARAT-BUNINYONG / HOCKING,3262,496878361385,92.181682808567,68.55821773854561
5310,61469323,MIDLAND HIGHWAY / GLENLEITH,3263,496939830708,92.19308669747745,68.5792349726776
2115,61368392,YAN YEAN ROAD / NILLUMBIK COUNCIL DEPOT,3264,497001199100,92.20447186150442,68.60025220680959
879,61204943,POINT NEPEAN NEAR CAPEL,3265,497062404043,92.2158267022067,68.62126944094157
4870,61085863,BALCOMBE NEAR MICHAEL,3266,497123489906,92.22715945099347,68.64228667507356
4359,61029324,HIGH NEAR PARK,3267,497184519230,92.23848171057287,68.66330390920555
2711,60981275,DEVONSHIRE / WITHERS,3268,497245500505,92.24979505602354,68.68432114333754
1510,60940280,BRIDGE INN / BASSETTS,3269,497306440785,92.26110079601504,68.70533837746953
2028,60931426,MORANG DR BET PINDARI AV AND MOORHEAD DR,3270,497367372211,92.27240489339805,68.7263556116015
2068,60923288,EDITHVALE ROAD NEAR KINROSS AVE,3271,497428295499,92.28370748100605,68.7473728457335
1783,60915560,PLENTY ROAD / CAMPANIA LANE / FLOURMILL DRIVE,3272,497489211059,92.2950086349029,68.7683900798655
3476,60849681,CENTRAL NEAR KIORA,3273,497550060740,92.30629756682038,68.78940731399747
3906,60773788,GRIEVE / THE GATEWAY,3274,497610834528,92.3175724189449,68.81042454812946
1861,60739683,PALMERS ROAD / NORTHERN ACCESS,3275,497671574211,92.32884094385429,68.83144178226146
2746,60735538,NEERIM / QUEENS,3276,497732309749,92.34010869977651,68.85245901639344
2685,60602493,SOMERVILLE / ALICK,3277,497792912242,92.35135177297367,68.87347625052543
4721,60583711,BAY / BRIDGE,3278,497853495953,92.3625913617036,68.89449348465742
4320,60547019,HIGH NEAR PARK HILL,3279,497914042972,92.37382414327394,68.9155107187894
5132,60543011,ANAKIE ROAD INTERCHANGE / PRINCES HW (GRR),3280,497974585983,92.38505618127357,68.9365279529214
4495,60446462,ARDEN / ERROL,3281,498035032445,92.3962703073455,68.95754518705338
1842,60434151,GREEN GULLY ROAD / ARUNDEL ROAD / CALDER FREEWAY EN…,3282,498095466596,92.40748214946066,68.97856242118537
6615,60416544,DROUIN-WARRAGUL NEAR LATROBE,3283,498155883140,92.41869072509651,68.99957965531736
1514,60401488,EPPING / BALTRUM,3284,498216284628,92.4298965075187,69.02059688944935
1872,60252817,,3285,498276537445,92.44107470825486,69.04161412358134
6068,60250153,MIDLAND HIGHWAY / ZURCAS LA,3286,498336787598,92.45225241476142,69.06263135771333
5410,60103969,PORTARLINGTON ROAD / GRUBB ROAD / ANDERSON ROAD,3287,498396891567,92.46340300097421,69.08364859184532
1326,60064759,EDGARS ROAD / HARVEST HOME ROAD,3288,498456956326,92.47454631288394,69.10466582597729
4248,60026719,BARKLY / WARLEIGH,3289,498516983045,92.48568256755092,69.12568306010928
3660,59993571,STUDLEY PARK NEAR HODGSON,3290,498576976616,92.49681267254697,69.14670029424128
4282,59947798,CHURCH NEAR GROVE,3291,498636924414,92.50793428566149,69.16771752837326
3047,59794989,BUCKLEY / DICKSON,3292,498696719403,92.51902754940149,69.18873476250525
4569,59772126,RUSSELL / FLINDERS LANE,3293,498756491529,92.5301165715605,69.20975199663725
3764,59711263,ARDEN / LLOYD,3294,498816202792,92.54119430231661,69.23076923076923
6124,59690376,WANGARATTA (MURPHY) / REID,3295,498875893168,92.55226815808247,69.25178646490122
6079,59690234,WELSFORD / FRYERS,3296,498935583402,92.56334198750426,69.2728036990332
1361,59679304,ESPLANADE NEAR WATSON,3297,498995262706,92.57441378917466,69.2938209331652
4274,59669347,GLENFERRIE NEAR URQUHART,3298,499054932053,92.5854837436062,69.31483816729718
6320,59668019,NORTHERN / PAKENHAM,3299,499114600072,92.596553451665,69.33585540142917
1901,59604965,THOMPSONS / FEATHERTOP / WELLINGTON,3300,499174205037,92.60761146184305,69.35687263556116
6643,59599837,MOE-GLENGARRY / DINWOODIE,3301,499233804874,92.61866852066619,69.37788986969315
6611,59578959,QUEEN STREET / NAPIER STREET,3302,499293383833,92.62972170616875,69.39890710382514
4076,59563719,BALACLAVA / KAMBROOK,3303,499352947552,92.64077206432171,69.41992433795713
3950,59547147,NEW / MARTIN,3304,499412494699,92.65181934801024,69.44094157208912
4579,59537436,COLLINS NEAR ELIZABETH,3305,499472032135,92.66286483009823,69.4619588062211
1961,59525050,,3306,499531557185,92.67390801431532,69.4829760403531
1452,59495245,GLENHUNTLY ROAD WEST OF ROYAL AVENUE,3307,499591052430,92.68494566906028,69.50399327448508
4086,59433320,POATH / NEERIM,3308,499650485750,92.69597183537839,69.52501050861707
2793,59386936,KEILOR / WOORITE,3309,499709872686,92.70698939646128,69.54602774274905
6196,59331164,MCIVOR HIGHWAY / ATLAS / LORDS RACEWAY ENTRANCE,3310,499769203850,92.71799661063189,69.56704497688105
5136,59303961,MYERS / YARRA,3311,499828507811,92.72899877805766,69.58806221101304
3636,59264406,BLUFF NEAR HOLLOWAY,3312,499887772217,92.73999360717539,69.60907944514501
3664,59224102,TOORONGA NEAR BETHUNE,3313,499946996319,92.75098095902942,69.630096679277
1323,59201122,HOGANS RD BETWEEN DERRIMUT RD AND MONTEATH,3314,500006197441,92.76196404759641,69.65111391340899
5206,59143784,ORMOND / GARDEN / MYERS,3315,500065341225,92.77293649872426,69.67213114754098
2690,59120997,ROBINSONS / WINDSOR,3316,500124462222,92.78390472237076,69.69314838167297
5840,59100039,BARKLY / VINCENT,3317,500183562261,92.794869057855,69.71416561580496
4277,59088672,TOORONGA NEAR BURGESS,3318,500242650933,92.80583128451485,69.73518284993695
2048,59079566,GLEN HUNTLY RD BTW HOPETOUN ST & VICTORI,3319,500301730499,92.81679182181476,69.75620008406894
5251,59030982,COTTRELL (EAST) / MARKET,3320,500360761481,92.82774334573188,69.77721731820093
3850,59013194,GLENFERRIE / EVANDALE,3321,500419774675,92.83869156959025,69.79823455233291
5113,58995020,WESTERN BEACH / GHERINGHAP,3322,500478769695,92.84963642177856,69.8192517864649
1978,58974416,STH GIPPSLAND HWY / GLASSCOCKS RD,3323,500537744111,92.86057745147922,69.84026902059689
1225,58974283,LIVERPOOL / GLASGOW,3324,500596718394,92.87151845650553,69.86128625472888
6451,58966922,CALDER HIGHWAY / KARADOC,3325,500655685316,92.8824580959071,69.88230348886087
820,58933365,MONBULK / CLEGG,3326,500714618681,92.8933915097594,69.90332072299286
3270,58919724,MCGREGOR RD NEAR LIVINGSTONE BLVD,3327,500773538405,92.90432239291115,69.92433795712483
3473,58905422,DOHERTYS / JESSICA,3328,500832443827,92.91525062273257,69.94535519125684
4185,58845944,WATTLETREE NEAR ELTHAM NTH PS,3329,500891289771,92.92616781809858,69.96637242538883
6270,58821172,MITCHELL / HARGREAVES,3330,500950110943,92.9370804177228,69.9873896595208
4792,58811611,MURRAY NEAR JESSIE,3331,501008922554,92.94799124357472,70.00840689365279
3479,58760106,DOHERTYS ROAD EAST / WHITTAKER DRIVE,3332,501067682660,92.95889251413517,70.02942412778478
4344,58689445,WAVERLEY NEAR MACGREGOR,3333,501126372105,92.96978067555182,70.05044136191677
3250,58658055,HORNE NEAR CORNISH,3334,501185030160,92.98066301344456,70.07145859604876
2514,58582876,SOMERVILLE / PARAMOUNT,3335,501243613036,92.99153140400676,70.09247583018075
3036,58565688,BEACH / CENTREWAY,3336,501302178724,93.00239660582324,70.11349306431273
1047,58495100,SALMON / HOLDEN ACCESS,3337,501360673824,93.01324871203897,70.13451029844472
4247,58464170,HOPKINS / LEEDS,3338,501419137994,93.02409508007075,70.15552753257671
1154,58405108,AITKEN / GRAND,3339,501477543102,93.0349304908241,70.1765447667087
2723,58391304,FULLARTON / MOORNA / CALDER FREEWAY,3340,501535934406,93.04576334063688,70.19756200084069
5610,58298841,PRINCES HIGHWAY EAST / SALE-MAFFRA,3341,501594233247,93.05657903656332,70.21857923497268
5844,58179700,BALLARAT-BURRUMBEET / DYSON,3342,501652412947,93.06737262925742,70.23959646910467
6678,58163916,BASS HIGHWAY / DONMIX SANDS / INCITEC PIVOT ENTR,3343,501710576863,93.07816329367812,70.26061370323666
3805,58149933,RIVERSDALE NEAR WILLOW,3344,501768726796,93.08895136394989,70.28163093736865
5359,58144226,PIONEER ROAD / MEADOWVALE DRIVE,3345,501826871022,93.09973837544973,70.30264817150062
741,58108963,YOUNG / STREETATION,3346,501884979985,93.11051884490038,70.32366540563262
4326,57955435,COTHAM NEAR BRADFORD,3347,501942935420,93.12127083158644,70.34468263976461
3158,57857220,TOORAK ROAD NEAR WALSH STREET,3348,502000792640,93.13200459726575,70.36569987389659
3484,57774003,MAIDSTONE NEAR GATE 6,3349,502058566643,93.14272292439169,70.38671710802859
3532,57707599,NICHOLSON ST NEAR CARLTON ST,3350,502116274242,93.15342893213942,70.40773434216057
5036,57700377,MERCER / RAILWAY,3351,502173974619,93.16413360004994,70.42875157629256
6250,57658599,HOLDSWORTH / HOLMES / SANDHURST,3352,502231633218,93.17483051723785,70.44976881042456
3631,57578905,SOUTH / NEW,3353,502289212123,93.18551264946511,70.47078604455653
1465,57534886,KEILOR ROAD / GRANGE ROAD,3354,502346747009,93.1961866152158,70.49180327868852
6090,57527532,GVH (WYNDHAM) NEAR GUTHRIE,3355,502404274541,93.20685921664041,70.51282051282051
748,57448787,FLETCHER / BEACH / RAILWAY,3356,502461723328,93.2175172091644,70.5338377469525
4891,57421724,CLARENDON / BALLANTYNE,3357,502519145052,93.22817018091655,70.55485498108449
4837,57397388,CARLISLE / WESTBURY,3358,502576542440,93.23881863781435,70.57587221521648
3437,57369254,FARNSWORTH / MEYERS,3359,502633911694,93.24946187524664,70.59688944934847
4395,57360859,GRATTAN / CARDIGAN,3360,502691272553,93.26010355522487,70.61790668348046
2948,57252461,ORIEL NEAR FORD,3361,502748525014,93.27072512502961,70.63892391761244
4062,57198511,WHITEHORSE NEAR PARKSIDE,3362,502805723525,93.28133668594248,70.65994115174443
1072,57178804,COLLINS / BATMANS HILL DR,3363,502862902329,93.29194459078062,70.68095838587641
4598,57178154,BOURKE NEAR HARDWARE,3364,502920080483,93.30255237502969,70.70197562000841
6641,57175453,MOE-GLENGARRY / OLLERTON,3365,502977255936,93.31315965818486,70.7229928541404
4003,57165169,MORELAND NEAR BARROW,3366,503034421105,93.32376503343558,70.74401008827238
1817,57103836,BLACKBURN ROAD / CONNAM AVENUE,3367,503091524941,93.33435903008827,70.76502732240438
3142,57007476,CENTRE DANDENONG / MARCUS,3368,503148532417,93.34493514987682,70.78604455653637
4333,56935228,COTHAM NEAR MARSHALL,3369,503205467645,93.35549786609876,70.80706179066834
3755,56929634,GRAHAM / PLUMMER,3370,503262397279,93.36605954451271,70.82807902480035
3081,56820461,PLENTY / RAGLAN,3371,503319217740,93.37660096897389,70.84909625893232
5287,56814094,SHAWS / MARKET,3372,503376031834,93.38714121221886,70.87011349306431
2988,56768236,LANSDOWNE / STREET ANDREWS,3373,503432800070,93.397672947813,70.8911307271963
1434,56751224,DOHERTYS ROAD / FORSYTH ROAD,3374,503489551294,93.4082015273132,70.91214796132829
4440,56706875,ALBERT NEAR EADES,3375,503546258169,93.41872187911467,70.93316519546028
1036,56587355,QUEENSBERRY / DRUMMOND,3376,503602845524,93.42922005737111,70.95418242959227
1801,56549194,MONASH FWY / PRINCES LINK / OSHEA RD,3377,503659394718,93.43971115593668,70.97519966372425
4238,56516349,BARKLY / DROOP / HOPKINS / NICHOLS,3378,503715911067,93.45019616104435,70.99621689785624
1588,56511820,ABBBOTTS ROAD / PRODUCE DRIVE,3379,503772422887,93.46068032592459,71.01723413198823
3544,56496566,NORMANBY / MELB CONVENTION CENTRE,3380,503828919453,93.47116166085789,71.03825136612022
3844,56413156,TOORONGA NEAR COPPIN,3381,503885332609,93.48162752143215,71.05926860025221
3377,56369234,WELLINGTON / GIPPS,3382,503941701843,93.49208523352543,71.0802858343842
6403,56360313,WESTERN HIGHWAY / URQUHART (HORSHAM - KALKEE),3383,503998062156,93.50254129058027,71.10130306851619
1556,56255019,FORSYTH ROAD / ELMHURST ROAD,3384,504054317175,93.51297781332076,71.12232030264816
3848,56245042,KOOYONG NEAR UNION,3385,504110562217,93.52341248511195,71.14333753678017
2045,56208137,DONNYBROOK ROAD / POLARIS ROAD,3386,504166770354,93.53384031022743,71.16435477091215
2526,56192281,INKERMAN ROAD NEAR ORRONG GROVE,3387,504222962635,93.54426519371198,71.18537200504413
3447,56180029,DOHERTYS ROAD / MORRIS ROAD,3388,504279142664,93.55468780418555,71.20638923917613
4352,56173924,MALVERN NEAR BELMONT,3389,504335316588,93.56510928204955,71.22740647330811
1445,56173710,MCLEOD NEAR SNAPPER POINT,3390,504391490298,93.57553072021193,71.2484237074401
1479,56133472,HIGH ST RD NEAR WINBIRRA PDE,3391,504447623770,93.58594469335503,71.2694409415721
4153,56132512,BURNLEY NEAR BOYD,3392,504503756282,93.59635848839736,71.29045817570407
5289,56132186,CHERRY NEAR WATTON,3393,504559888468,93.60677222295963,71.31147540983606
2923,56018961,QUEEN / LATROBE,3394,504615907429,93.61716495183552,71.33249264396805
5876,56015311,BALLARAT-BUNINYONG / BARKLY,3395,504671922740,93.62755700355746,71.35350987810004
4109,56005867,GLENHUNTLY NEAR CARRE,3396,504727928607,93.63794730321314,71.37452711223203
2890,55978425,MATTHEWS NEAR FULLARTON,3397,504783907032,93.64833251178428,71.39554434636402
4498,55943882,ERROL / QUEENSBERRY,3398,504839850914,93.65871131188182,71.41656158049601
4904,55867026,CECIL / PARK,3399,504895717940,93.66907585352907,71.437578814628
4822,55756256,ELIZABETH / LENNOX,3400,504951474196,93.67941984494551,71.45859604875999
2914,55698143,ELIZABETH / LITTLE LONSDALE,3401,505007172339,93.68975305514356,71.47961328289198
2958,55681633,HUNTINGDALE / BURLINGTON,3402,505062853972,93.70008320237952,71.50063051702395
1751,55672964,DONNYBROOK ROAD / ERROL BLVD / ELLSCOTT BLVD,3403,505118526936,93.71041174132849,71.52164775115595
5270,55654800,TRIHOLM NEAR AVIATION,3404,505174181736,93.72073691046258,71.54266498528794
4570,55616390,SWANSTON / FLINDERS LANE,3405,505229798126,93.73105495371092,71.56368221941992
1387,55320798,HIGHETT / TRAIN,3406,505285118924,93.74131815825002,71.58469945355192
4253,55306890,BARKLY NEAR ARGYLE,3407,505340425814,93.75157878255433,71.6057166876839
5830,55305796,MIDLAND HIGHWAY NEAR STURT,3408,505395731610,93.76183920389798,71.62673392181588
4289,55297550,BURWOOD NEAR BARTON,3409,505451029160,93.77209809543027,71.64775115594789
3187,55198672,DEVENY ROAD / CENTRAL SITE ACCESS ROAD,3410,505506227832,93.78233864295497,71.66876839007986
5045,55187923,ANAKIE / BELL POST SHOPS,3411,505561415755,93.79257719630768,71.68978562421185
4872,55076366,INKERMAN / ALEXANDER,3412,505616492121,93.80279505342408,71.71080285834385
4328,55062611,GLENFERRIE / WELLINGTON,3413,505671554732,93.81301035869046,71.73182009247583
5806,55037017,VICTORIA / FUSSELL / WATER,3414,505726591749,93.8232209157163,71.75283732660782
5035,54992793,PHW (MURRAY) / QUEEN,3415,505781584542,93.83342326823363,71.7738545607398
1748,54884135,DONNYBROOK ROAD / DWYER STREETREET,3416,505836468677,93.84360546234184,71.7948717948718
739,54871896,RAILWAY / STREETATION / MCKENZIE,3417,505891340573,93.85378538585084,71.81588902900378
1873,54861510,BLACKBURN RD / SYNCHROTRON ACCESS / HEART HOSPITAL…,3418,505946202083,93.8639633825322,71.83690626313577
273,54849483,KLAUER / HARTNETT,3419,506001051566,93.87413914794494,71.85792349726776
1818,54746863,O'HERNS ROAD / GATEWAY BOULEVARD,3420,506055798429,93.88429587512816,71.87894073139974
6409,54739282,WESTERN HIGHWAY / WAWUNNA,3421,506110537711,93.89445119587191,71.89995796553174
5153,54731483,,3422,506165269194,93.90460506973247,71.92097519966373
3795,54679756,DAWSON WEST OF SAXON,3423,506219948950,93.91474934711577,71.9419924337957
2038,54593656,,3424,506274542606,93.92487765108683,71.96300966792771
490,54570422,GLADSTONE / HALTON,3425,506329113028,93.93500164464838,71.98402690205968
3370,54534206,,3426,506383647234,93.94511891935862,72.00504413619167
1244,54529567,KOO WEE RUP-LONGWARRY(ROSSITER) / STREETATION,3427,506438176801,93.95523533343403,72.02606137032367
2126,54529511,OLD GEELONG ROAD / HEATHS ROAD,3428,506492706312,93.96535173712023,72.04707860445565
5347,54512691,BAANIP BOULEVARD / GHAZEEPORE ROAD,3429,506547219003,93.97546502033263,72.06809583858764
6143,54488984,MELROSE STREETH OF LAWRENCE,3430,506601707987,93.9855739053838,72.08911307271964
3429,54483807,WHITEHALL NEAR FREDERICK,3431,506656191794,93.99568182998948,72.11013030685162
808,54483587,GLADSTONE / OUTLOOK,3432,506710675381,94.00578971378042,72.1311475409836
4213,54457014,HOLDEN NEAR DEAN,3433,506765132395,94.0158926677051,72.1521647751156
4735,54432227,LAKESIDE / LINK,3434,506819564622,94.02599102310519,72.17318200924758
969,54401950,GLADSTONE / PERKIN / GATEWAY,3435,506873966572,94.03608376146693,72.19419924337957
6312,54401528,MURRAY VALLEY HIGHWAY / POWELL DRV,3436,506928368100,94.04617642153855,72.21521647751156
2119,54395774,PRINCES FREEWAY / PRINCES HIGHWAY,3437,506982763874,94.0562680141187,72.23623371164355
4325,54379703,COTHAM NEAR FLORENCE,3438,507037143577,94.06635662518077,72.25725094577552
1746,54344765,BAMBRA ROAD / NEERIM ROAD,3439,507091488342,94.07643875448818,72.27826817990753
2348,54268176,CHARMAN NEAR STATION,3440,507145756518,94.08650667487957,72.29928541403952
4108,54256232,GLEN EIRA NEAR ST GEORGES,3441,507200012750,94.09657237940064,72.32030264817149
6831,54214221,MC MEEKIN / ALBERT / KOROIT,3442,507254226971,94.10663028997256,72.3413198823035
4299,54068066,BANKSIA / WATERDALE,3443,507308295037,94.11666108563085,72.36233711643548
5033,53938175,PHW (MURRAY) / CORANGAMITE,3444,507362233212,94.1266677836993,72.38335435056746
2530,53934856,,3445,507416168068,94.13667386602147,72.40437158469946
4507,53929351,QUEENSBERRY / CHETWYND,3446,507470097419,94.14667892704706,72.42538881883144
1943,53776696,WARRS RD NEAR HIGHPOINT SC EASTERN ACCESS,3447,507523874115,94.15665566726844,72.44640605296343
5308,53761294,HAMILTON HIGHWAY (ABERDEEN) / MINERVA,3448,507577635409,94.1666295500857,72.46742328709543
6099,53672627,MIDLAND (HIGH) NEAR CORIO,3449,507631308036,94.17658698325671,72.4884405212274
4246,53572429,BARKLY NEAR VICTORIA,3450,507684880465,94.1865258275316,72.50945775535939
5304,53531744,PAKINGTON / WEST FYANS,3451,507738412209,94.19645712385902,72.53047498949138
6681,53510937,BASS HIGHWAY / GRANTVILLE-GLEN ALVIE / PIER,3452,507791923146,94.20638456003792,72.55149222362337
3246,53510239,EVANS / BROOK,3453,507845433385,94.21631186672272,72.57250945775536
6226,53372503,NORTHERN HIGHWAY NR CAMPASPE ESP,3454,507898805888,94.22621362040047,72.59352669188735
5607,53355434,PRINCES HIGHWAY EAST(YORK) / MACALISTER,3455,507952161322,94.23611220740956,72.61454392601934
2471,53351248,GRANGE ROAD - OAKLEIGH ROAD,3456,508005512570,94.24601001782511,72.63556116015133
5185,53287503,PRINCES HIGHWAY EAST / REEVE / PARK,3457,508058800073,94.25589600216443,72.65657839428331
5170,53277989,WALLAN-WHITTLESEA ROAD / WINDHAM STREET,3458,508112078062,94.265780221451,72.6775956284153
5105,53263248,PHW / GRANT / HART,3459,508165341310,94.27566170596324,72.69861286254728
2069,53230507,MERRI PARADE NEAR UNION STREET,3460,508218571817,94.28553711631183,72.71963009667928
4946,53134535,DEVONSHIRE / HAMPSHIRE,3461,508271706352,94.29539472177869,72.74064733081127
654,53121454,GLADSTONE NEAR O'MALLEYS,3462,508324827806,94.30524990043712,72.76166456494325
2677,53116476,DUKE / SURREY,3463,508377944282,94.31510415556889,72.78268179907525
5997,53113966,MELBOURNE-LANCEFIELD RD NR REGAN DR,3464,508431058248,94.32495794504136,72.80369903320722
2755,53101596,BOORAN NEAR MIRIAM,3465,508484159844,94.33480943961129,72.82471626733921
4256,53093589,PAISLEY / FRENCH,3466,508537253433,94.34465944870955,72.84573350147122
1371,53032592,CHADSTONE SHOPPING / BUS / CAR PARK,3467,508590286025,94.35449814154502,72.86675073560319
4481,53017024,MACAULAY NEAR BELLAIR,3468,508643303049,94.36433394617978,72.88776796973518
1976,52992075,THAMES PROMENADE / WELLS ROAD,3469,508696295124,94.37416512223542,72.90878520386717
1501,52982204,DUNNINGS NEAR MAIN,3470,508749277328,94.38399446700707,72.92980243799916
1781,52979652,BRIDGE INN ROAD / SCHOTTERS ROAD,3471,508802256980,94.39382333832754,72.95081967213115
3443,52948380,CENTRE NEAR GILBERT,3472,508855205360,94.40364640801562,72.97183690626314
2078,52947578,RAILWAY AVENUE / TARNEIT ROAD,3473,508908152938,94.41346932891535,72.99285414039512
465,52924769,HIGH ST RD NEAR CHARLES,3474,508961077707,94.42328801825226,73.01387137452711
3529,52908269,BOUNDARY RD / DERRIMUT DV / MOORINNA - DERRIMUT,3475,509013985976,94.43310364648232,73.0348886086591
1526,52864000,LIVERPOOL / PINKS,3476,509066849976,94.44291106185538,73.05590584279109
496,52847408,HIGH ST RD NEAR ALVIE,3477,509119697384,94.45271539905359,73.07692307692307
1733,52812105,BOUNDARY ROAD NEAR SUTTON STREET,3478,509172509489,94.46251318678175,73.09794031105507
4523,52792778,SWANSTON / FRANKLIN,3479,509225302267,94.47230738893339,73.11895754518706
3910,52759250,GRIEVE / TARAS,3480,509278061517,94.48209537091586,73.13997477931903
6275,52708930,SOMERVILLE / ELLIS,3481,509330770447,94.49187401744999,73.16099201345104
6407,52646490,WESTERN / MCPRINCES HIGHWAY EASTRSON / HENTY,3482,509383416937,94.50164108001363,73.18200924758301
1812,52640334,PRINCES FWY OB / BEACONSFIELD-NAR NAR GOON RD INTER…,3483,509436057271,94.51140700050611,73.203026481715
1742,52618537,RESERVE ROAD / WEATHERALL ROAD,3484,509488675808,94.52116887718365,73.224043715847
1339,52415272,,3485,509541091080,94.53089304380738,73.24506094997898
1433,52358869,TARNEIT ROAD / GOOD NEWS LUTHERAN COLLEGE,3486,509593449949,94.54060674645469,73.26607818411097
4605,52318361,SWANSTON / LITTLE BOURKE,3487,509645768310,94.55031293399186,73.28709541824297
2582,52311541,GOURLAY NEAR COMMUNITY HUB,3488,509698079851,94.56001785627153,73.30811265237494
2967,52232796,WATERVIEW / MARATHON,3489,509750312647,94.56970816965054,73.32912988650693
3718,52155579,BAY / MALE / HILLCREST,3490,509802468226,94.57938415760599,73.35014712063892
3348,52088015,CHUTE NEAR INGLES,3491,509854556241,94.5890476109781,73.37116435477091
546,51940486,HEATHERDALE NEAR RAIL STATION,3492,509906496727,94.59868369452987,73.3921815889029
5292,51888049,SAYERS / PALMERS (STREETH),3493,509958384776,94.608310049884,73.41319882303489
4097,51884251,HAWTHORN NEAR ELLINGTON,3494,510010269027,94.617935700627,73.43421605716688
5352,51851819,,3495,510062120846,94.62755533453253,73.45523329129887
2395,51823701,PARK STREET / WELLS STREET,3496,510113944547,94.63716975194092,73.47625052543086
1498,51788908,AITKEN BLVD / SHOPPING CENTRE ACCESS,3497,510165733455,94.64677771449527,73.49726775956285
1079,51766153,,3498,510217499608,94.65638145550498,73.51828499369482
1947,51591673,PARK ROAD NEAR CHURCHILL AVENUE,3499,510269091281,94.66595282670092,73.53930222782682
2653,51581255,HIGH / MELTON VALLEY,3500,510320672536,94.67552226513254,73.5603194619588
695,51508911,YARRA NEAR WHIPSTICK,3501,510372181447,94.68507828218746,73.58133669609079
1832,51504297,NEPEAN HIGHWAY NR PROGRESS AVENUE,3502,510423685744,94.69463344324559,73.60235393022279
3438,51496622,FRANCIS / WHITEHALL,3503,510475182366,94.70418718042521,73.62337116435477
2531,51494299,HUME DRIVE / OVERTON LEA BLVD,3504,510526676665,94.7137404866381,73.64438839848675
1483,51442071,HOPKINS ROAD / GRAND BOULEVARD,3505,510578118736,94.72328410342737,73.66540563261876
5872,51370019,BALLARAT-BUNINYONG ROAD / DAMASCUS COLLEGE,3506,510629488755,94.73281435301226,73.68642286675073
545,51351294,FRANKSTON FREEWAY / SKYE,3507,510680840049,94.74234112870464,73.70744010088272
1141,51240058,COLLINS / HARBOUR,3508,510732080107,94.75184726771316,73.72845733501471
4339,51229309,HIGH NEAR WESTBROOK,3509,510783309416,94.76135141254969,73.7494745691467
6120,51224522,WANGARATTA (TONE) / SISELY,3510,510834533938,94.77085466929418,73.77049180327869
3087,51176087,BEACH NEAR RESERVE,3511,510885710025,94.7803489402986,73.79150903741068
4548,51083960,DOMAIN / PARK / BIRDWOOD,3512,510936793985,94.78982611975194,73.81252627154267
3947,51020115,ARDEN / LAURENS,3513,510987814100,94.79929145457689,73.83354350567465
306,50988036,WARBURTON HIGHWAY NEAR HEARSE,3514,511038802136,94.80875083805354,73.85456073980664
5802,50960166,MIDLAND HIGHWAY (ALBERT ST) NEAR VICKERS,3515,511089762302,94.81820505104238,73.87557797393863
1737,50944495,DONNYBROOK ROAD / STREET GEORGES BOULEVARD,3516,511140706797,94.82765635672179,73.89659520807061
5233,50898391,PRINCES HIGHWAY / FARM,3517,511191605188,94.83709910911203,73.91761244220261
6814,50885242,HOPKINS HIGHWAY / HAYLEY / NORTHPOINT SC,3518,511242490430,94.84653942207838,73.9386296763346
5833,50851369,STREETURT / RING,3519,511293341799,94.85597345087061,73.95964691046657
3294,50830928,RACECOURSE ROAD / HENRY ST / AZOLA DR,3520,511344172727,94.86540368741522,73.98066414459858
5024,50827935,COX NEAR NEVADA,3521,511395000662,94.8748333686936,74.00168137873055
4496,50816437,QUEENSBERRY / ABBOTSFORD,3522,511445817099,94.88426091684428,74.02269861286254
3508,50728263,BLACKSHAWS / CHAMBERS,3523,511496545362,94.89367210681091,74.04371584699454
1819,50726398,O'HERNS ROAD / KOUKOURA DRIVE,3524,511547271760,94.90308295077969,74.06473308112652
3518,50712172,MT ALEXANDER / TRAM DEPOT,3525,511597983932,94.91249115551777,74.08575031525851
2024,50672109,SPRING / FLINDERS LANE,3526,511648656041,94.92189192770286,74.1067675493905
3086,50633111,PENTRIDGE / STREETOCKADE,3527,511699289152,94.93128546491548,74.12778478352249
5843,50610897,DYSON / BELLTOWER,3528,511749900049,94.94067488095064,74.14880201765448
6654,50578085,PRINCES / VINCENT,3529,511800478134,94.95005820965012,74.16981925178646
4147,50450058,NICHOLSON / GIPPS,3530,511850928192,94.95941778657205,74.19083648591845
1467,50448870,MICKLEHAM ROAD / HILLVIEW ROAD / LEMONWOOD DR,3531,511901377062,94.96877714309431,74.21185372005044
5182,50264844,BACCHUS-MARSH / O'BRIENS,3532,511951641906,94.97810235881332,74.23287095418243
4637,50260361,CHESTERVILLE NEAR RADCLIFFE,3533,512001902267,94.98742674283889,74.25388818831442
6235,50226377,LODDON VALLEY / SANDHURST,3534,512052128644,94.99674482209743,74.27490542244641
730,50167385,BEACH / YOUNG / DANDENONG,3535,512102296029,95.00605195706406,74.2959226565784
5040,50078708,MYERS / GHERINGHAP,3536,512152374737,95.01534264052923,74.31693989071039
5115,50071952,THOMPSON / DONNYBROOK,3537,512202446689,95.02463207061027,74.33795712484238
5831,50022225,GRANT NEAR PILMER,3538,512252468914,95.03391227525728,74.35897435897436
3584,50020412,FERRES BOULEVARD BETWEEN FINDON & MCDONA,3539,512302489326,95.0431921435536,74.37999159310634
3167,50020240,CENTRE RD NEAR MILTON ST,3540,512352509566,95.05247197994018,74.40100882723833
5120,49886976,BELLARINE HIGHWAY NEAR MURRAY,3541,512402396542,95.06172709297245,74.42202606137033
2839,49858468,CAMBERWELL NEAR EVANS,3542,512452255010,95.07097691715414,74.4430432955023
1404,49840564,CHRISTIES ROAD / WESTERN FREEWAY ENTRY RAM,3543,512502095574,95.08022341975659,74.4640605296343
1956,49787870,LEAKES / DELIVERY,3544,512551883444,95.08946014648235,74.48507776376628
6461,49763779,CALDER / SANDILONG,3545,512601647223,95.09869240380655,74.50609499789827
1149,49760014,HOGANS ROAD / DOWLING AVENUENUE,3546,512651407237,95.10792396264182,74.52711223203026
5363,49748641,BARRABOOL ROAD / GRR SOUTHBOUND RAMPS,3547,512701155878,95.1171534115396,74.54812946616225
6208,49726022,OLINDA / RUSSELL,3548,512750881900,95.12637866412368,74.56914670029424
5882,49713497,BALLARAT-BUNINYONG ROAD / OLYMPIC AVENUE,3549,512800595397,95.13560159304934,74.59016393442623
5321,49623517,MORRIS / THOMAS CARR / SPRING HAVEN,3550,512850218914,95.14480782873889,74.61118116855822
6404,49592019,WESTERN HIGHWAY / FIREBRACE,3551,512899810933,95.15400822086816,74.63219840269021
1391,49563050,WARRANDYTE / EASTLAND SHOPPING (ENTRANCE 8),3552,512949373983,95.16320323862138,74.6532156368222
5348,49483780,SHELL ROAD / BELLARINE AQUATIC CENTRE,3553,512998857763,95.1723835500751,74.67423287095419
2783,49421424,VICTORIA / PAISLEY,3554,513048279187,95.18155229314215,74.69525010508617
5999,49383971,WESTERN HIGHWAY(HIGH) / PYRENEES(VINCENT),3555,513097663158,95.19071408786765,74.71626733921816
5112,49375464,BROUGHAM / GHERINGHAP,3556,513147038622,95.19987430436065,74.73728457335015
2355,49333837,,3557,513196372459,95.20902679814482,74.75830180748213
2361,49286948,SPRINGVALE ROAD / VIRGINIA STREETREET / NEWCOMEN RO…,3558,513245659407,95.21817059300534,74.77931904161412
1029,49271637,GRATTAN / DRUMMOND,3559,513294931044,95.2273115473442,74.80033627574612
531,49254241,FRANKSTON-FLINDERS / MORNINGTON-TYABB,3560,513344185285,95.23644927434883,74.8213535098781
3161,49252775,VINEYARD ROAD / HOUDINI DRIVE,3561,513393438060,95.24558672937874,74.84237074401008
5326,49234483,GEELONG-BACCHUS MARSH RD / PHW STH O / P,3562,513442672543,95.25472079084702,74.86338797814209
5179,49231074,BURONGA-MILDURA SOUTH / ETIWANDA,3563,513491903617,95.26385421987207,74.88440521227406
4425,49222131,GRATTAN / BOUVERIE,3564,513541125748,95.2729859897772,74.90542244640605
4476,49197338,BATMANS HILL / BOURKE / TELSTRA DOME STREETH ENT,3565,513590323086,95.28211316004457,74.92643968053804
1953,49195994,MORNINGTON PENINSULA FREEWAY / GOVERNOR ROAD,3566,513639519080,95.29124008097091,74.94745691467003
1755,49141116,CORRIGAN ROAD / HENDERSON ROAD,3567,513688660196,95.30035682084129,74.96847414880202
1992,49133540,PLENTY ROAD / FRANCESCA DRIVE / TANGELO GROVE,3568,513737793736,95.30947215519981,74.989491382934
2276,49129940,BALLARAT ROAD / HULETT STREET,3569,513786923676,95.31858682168048,75.010508617066
1787,49033480,CLYDE-FIVE WAYS RD / WATERMAN DR,3570,513835957156,95.32768359274486,75.03152585119798
1508,48924788,BAXTER-TOORADIN RD NEAR THOMAS,3571,513884881944,95.33676019909237,75.05254308532997
5372,48921136,PORTARLINGTON ROAD / TIVOLI DRIVE,3572,513933803080,95.34583612791491,75.07356031946196
1176,48887651,MAROONDAH HIGHWAY / DON / ST LEONARDS,3573,513982690731,95.35490584454571,75.09457755359395
2748,48782557,BALACLAVA / BAMBRA,3574,514031473288,95.36395606396647,75.11559478772594
3254,48733427,GAP / ALDI ENTRANCE,3575,514080206715,95.37299716870963,75.13661202185791
1424,48715974,NARRE WARREN NORTH RD / BELGRAVE-HALLAM RD,3576,514128922689,95.3820350355438,75.15762925598992
4142,48678168,WELLINGTON / LANGRIDGE,3577,514177600857,95.39106588854727,75.1786464901219
1466,48653079,KEILOR ROAD / NEWMAN STREETREET / CALDER FREEWAY,3578,514226253936,95.40009208699863,75.19966372425388
1972,48604485,THAMES PROMENADE / MORNINGTON PENINSULA FWY,3579,514274858421,95.40910927021194,75.22068095838588
4980,48571517,EXFORD NEAR MORSHEAD,3580,514323429938,95.41812033714821,75.24169819251787
5603,48557287,PRINCES HIGHWAY EAST / RAYMOND,3581,514371987225,95.42712876411171,75.26271542664985
6144,48553899,MELROSE STREETH OF BROCKLEY,3582,514420541124,95.43613656252793,75.28373266078184
898,48550058,STATION NEAR KENDALL,3583,514469091182,95.44514364835557,75.30474989491383
1511,48508823,HAMMOND / RODEO DRV / L'AVENUENIR BLVD,3584,514517600005,95.45414308419886,75.32576712904581
229,48501160,NEPEAN NEAR MCCULLOCH,3585,514566101165,95.46314109838991,75.3467843631778
1342,48453394,RESERVE RD NEAR WOFF ST,3586,514614554559,95.47213025095485,75.36780159730979
2380,48389002,WESTERN PORT HIGHWAY / CRANBOURNE-FRANKSTON ROAD,3587,514662943561,95.48110745741108,75.38881883144178
4960,48255698,HAMPSHIRE / HERTFORD,3588,514711199259,95.49005993309213,75.40983606557377
4825,48171725,HIGHETT / LENNOX,3589,514759370984,95.49899682996548,75.43085329970576
1851,48155878,DONNYBROOK ROAD / MERRIFIELD BOULEVARD,3590,514807526862,95.50793078687757,75.45187053383775
2547,48118621,FITZGERALD / CALLAWAY,3591,514855645483,95.51685783181034,75.47288776796974
5127,48117696,ANAKIE / BELL PARK PLAZA (ALDI SUPERMARKET),3592,514903763179,95.5257847051356,75.49390500210173
1457,48084239,KANGAROOGROUNDWARRANDYTERD / RESEARCHWARRA,3593,514951847418,95.53470537146376,75.51492223623372
5446,48038593,,3594,514999886011,95.54361756947164,75.5359394703657
4835,47998946,WITHERS / DICKSON,3595,515047884957,95.55252241210351,75.5569567044977
1706,47988039,EAST BOUNDARY ROAD / SOUTH DRIVE,3596,515095872996,95.56142523125098,75.57797393862967
32035,47976272,,3597,515143849268,95.57032586736545,75.59899117276167
1784,47965831,EVANS ROAD / DUFF STREET,3598,515191815099,95.5792245664486,75.62000840689366
4846,47928606,ALMA / WESTBURY,3599,515239743705,95.58811635948912,75.64102564102564
5067,47910737,GEELONG-BACCHUS MARSH / CORIO VILLAGE SC,3600,515287654442,95.59700483744365,75.66204287515762
5032,47846575,PHW (MURRAY) / GELLIBRAND,3601,515335501017,95.60588141195947,75.68306010928961
6197,47825451,NOLAN BETWEEN BRIDGE & MIDLAND HIGHWAY,3602,515383326468,95.6147540675164,75.7040773434216
5399,47807782,PALMERS / DELANEY / WILDEBRAND,3603,515431134250,95.62362344509167,75.72509457755359
2079,47598262,RAILWAY AVENUE NR GLEN STREET,3604,515478732512,95.63245395217531,75.74611181168558
4244,47591754,NICHOLSON / IRVING,3605,515526324266,95.6412832518842,75.76712904581757
3989,47554871,BAKEHOUSE DR / LLOYD STREET,3606,515573879137,95.65010570899886,75.78814627994956
4284,47503012,GLENFERRIE / WAKEFIELD,3607,515621382149,95.6589185451474,75.80916351408155
1971,47497968,BUCKLEY STREET BTN LORRAINE ST & FLOWERS ST,3608,515668880117,95.66773044552484,75.83018074821354
5084,47484048,THOMPSON NEAR VISTULA,3609,515716364165,95.6765397634412,75.85119798234552
1599,47476109,FRANKSTON-FLINDERS ROAD NR PEDDLE STREET,3610,515763840274,95.68534760850136,75.87221521647751
4501,47457474,VICTORIA / ABBOTSFORD,3611,515811297748,95.69415199636596,75.8932324506095
4924,47405802,CANTERBURY NEAR WRIGHT,3612,515858703550,95.70294679795698,75.91424968474149
6811,47365880,LIEBIG NEAR LAVA,3613,515906069430,95.71173419315353,75.93526691887348
5847,47195217,MIDLAND HIGHWAY / SEBASTOPOL STREETREET,3614,515953264647,95.72048992667239,75.95628415300546
3096,47144976,GREENS / ARMSTRONG,3615,516000409623,95.72923633939911,75.97730138713746
1798,47009754,O'SHEA ROAD / SOLDIERS ROAD,3616,516047419377,95.73795766552018,75.99831862126945
3461,47000988,GRIMSHAW STREET / FLINTOFF STREET,3617,516094420365,95.74667736535865,76.01933585540142
5390,46996138,PALMERS NEAR LANCASTER,3618,516141416503,95.75539616541721,76.04035308953343
4322,46835657,HIGH NEAR KEW HIGH SCHOOL,3619,516188252160,95.7640851927793,76.0613703236654
1043,46835338,PARK / TRAMWAY CROSSING,3620,516235087498,95.77277416095998,76.08238755779739
1493,46818156,RAILWAY PDE NEAR WEATHERSON RD,3621,516281905654,95.78145994150805,76.10340479192939
1169,46816071,GOVERNOR / BURDEKIN,3622,516328721725,95.79014533524352,76.12442202606137
2757,46656286,NEERIM NEAR TRUGANINI,3623,516375378011,95.79880108540559,76.14543926019336
6803,46610662,PRINCES HIGHWAY WEST / LINDSAY STREET,3624,516421988673,95.80744837132885,76.16645649432535
780,46518238,SCORESBY NEAR VICTORIA,3625,516468506911,95.81607851060112,76.18747372845733
2386,46505558,THOMAS STREET NEAR UNION STREET,3626,516515012469,95.82470629745914,76.20849096258932
2202,46388873,MAROONDAH / HIGH,3627,516561401342,95.83331243672592,76.22950819672131
1377,46316396,KING BETWEEN WYENA AND NEDLANDS,3628,516607717738,95.84190512994164,76.2505254308533
3796,46307718,NICHOLSON NEAR HARRISON,3629,516654025456,95.85049621320067,76.27154266498529
4287,46278005,TOORONGA NEAR CAMPBELL,3630,516700303461,95.85908178405553,76.29255989911728
1431,46276344,CRAIGIEBURN ROAD / EDGARS ROAD,3631,516746579805,95.86766704675898,76.31357713324927
32039,46272706,,3632,516792852511,95.87625163453474,76.33459436738124
3404,46258964,KENSINGTON / HOBSONS / CHILDERS,3633,516839111475,95.88483367287228,76.35561160151325
6677,46247529,BASS HIGHWAY / STANLEY,3634,516885359004,95.89341358977,76.37662883564523
6070,46189738,GVH / RIVERSIDE PLAZA ENTRANCE,3635,516931548742,95.90198278518727,76.39764606977721
6313,46142812,NORTHERN HIGHWAY NEAR QUEEN ST,3636,516977691554,95.91054327481662,76.41866330390921
5001,46114735,DUNCANS / WATTON,3637,517023806289,95.9190985555552,76.4396805380412
2081,46013489,NEPEAN HIGHWAY NEAR WELLWOOD ROAD,3638,517069819778,95.92763505297096,76.46069777217318
4208,45973216,UNION NEAR BLOOMFIELD,3639,517115792994,95.93616407887417,76.48171500630518
6035,45896096,NORTHERN HIGHWAY / CLARKE ST KILMORE,3640,517161689090,95.9446787973494,76.50273224043715
5108,45894781,THOMPSON / MORGAN,3641,517207583871,95.9531932718637,76.52374947456914
2784,45816065,PAISLEY NEAR FRENCH,3642,517253399936,95.96169314285746,76.54476670870113
1559,45782191,MORNINGTON PENINSULA FWY / NEPEAN HWY,3643,517299182127,95.97018672949157,76.56578394283312
1752,45717254,BRIDGE INN ROAD / SISSINGHURST PARADE,3644,517344899381,95.9786682689077,76.58680117696511
5811,45702888,LITTLE-BRIDGE / PEEL STREET,3645,517390602269,95.98714714312011,76.6078184110971
6649,45657991,BASS HIGHWAY / KORUMBURRA-WONTHAGGI ROAD,3646,517436260260,95.99561768796796,76.62883564522909
6421,45638261,WILSON / FIREBRACE,3647,517481898521,96.00408457247408,76.64985287936108
5130,45600656,WARBURTON HIGHWAY NEAR WATER WHEEL,3648,517527499177,96.01254448043936,76.67087011349307
5448,45541937,CRAIGIEBURN ROAD / CRAGIEBURN ROAD WEST,3649,517573041114,96.02099349476012,76.69188734762506
1327,45455123,EDGARS ROAD / GAMMAGE BVD,3650,517618496237,96.02942640320623,76.71290458175703
1177,45452580,WALKER / LANGHORNE,3651,517663948817,96.03785883987082,76.73392181588903
3284,45434940,MORELAND ST / WHITEHALL ST,3652,517709383757,96.04628800393391,76.75493905002102
2517,45351530,WHITEHALL NEAR HALL,3653,517754735287,96.05470169363795,76.775956284153
1432,45311143,CRAIGIEBURN ROAD / MONTBELIARD ROAD / YANN DRIVE,3654,517800046430,96.06310789067997,76.796973518285
406,45187830,,3655,517845234260,96.07149121049339,76.81799075241699
1347,45165543,JOHN / JAMES,3656,517890399803,96.07987039558631,76.83900798654896
5355,45109301,DRYSDALE-OCEAN GROVE ROAD / MARLIN DR,3657,517935509104,96.08823914657178,76.86002522068097
3800,45078546,BELMORE NEAR UNION,3658,517980587650,96.09660219183955,76.88104245481294
5099,45033910,ANAKIE / SEPARATION,3659,518025621560,96.10495695616392,76.90205968894493
2703,44976866,SOUTH NEAR MYAMYN,3660,518070598426,96.11330113759252,76.92307692307693
5041,44934794,LT MALOP / GHERINGHAP,3661,518115533220,96.12163751375513,76.94409415720891
740,44892676,WELLS NEAR MCCULLOCH,3662,518160425896,96.12996607611781,76.9651113913409
1487,44873492,WAVERLEY RD BTW ANTHONY DR & JENNIFER CT,3663,518205299388,96.13829107943357,76.98612862547289
1763,44818266,,3664,518250117654,96.14660583713186,77.00714585960488
1053,44782493,ABBOTSFORD / HAINES,3665,518294900147,96.15491395816494,77.02816309373686
573,44685004,WARBURTON HIGHWAY NEAR DON,3666,518339585151,96.16320399287997,77.04918032786885
5335,44650968,PRINCES HIGHWAY WEST / HESSE STREETREET,3667,518384236119,96.17148771318085,77.07019756200084
5812,44625014,CURTIS / PEEL STREETREET,3668,518428861133,96.17976661845337,77.09121479613283
2082,44583039,NEPEAN HIGHWAY NEAR THE GLADE,3669,518473444172,96.18803773645554,77.11223203026482
6218,44527108,CALDER / EDWARDS,3670,518517971280,96.19629847804751,77.13324926439681
5241,44496174,MAIN / MURNONG,3671,518562467454,96.2045534807134,77.15426649852878
5140,44423883,BELLARINE HIGHWAY NEAR PT LONSDALE,3672,518606891337,96.21279507183526,77.17528373266079
3283,44422041,MORELAND ST / PARKER ST,3673,518651313378,96.22103632122628,77.19630096679278
2135,44389260,OLD PRINCES HIGHWAY / O'NEIL ROAD,3674,518695702638,96.22927148903277,77.21731820092475
2976,44383047,CALDER FREEWAY / KINGS ROAD INT'CHG MELBOURNE BD,3675,518740085685,96.2375055041934,77.23833543505675
1828,44366368,HALL ROAD / BANYAN DRIVE,3676,518784452053,96.24573642503879,77.25935266918873
2250,44362760,COOPER STREETREET / YALE DRIVE,3677,518828814813,96.25396667652214,77.28036990332072
5853,44339974,MAIR ST BETWEEN DAVIES ST AND PEEL ST,3678,518873154787,96.26219270070966,77.30138713745272
5216,44309199,HODGSON / THE TERRACE,3679,518917463986,96.27041301546906,77.3224043715847
1142,44308247,COLLINS / NAVIGATION DR,3680,518961772233,96.27863315361186,77.34342160571669
5081,44298283,YARRA / LT MALOP,3681,519006070516,96.28685144321717,77.36443883984867
1299,44283573,ANDERSON / GARDINER,3682,519050354089,96.29506700379932,77.38545607398066
1191,44269902,CHARLES GRIMES BRIDGE OFF RAMP,3683,519094623991,96.30328002811528,77.40647330811265
6400,44252543,WESTERN HIGHWAY / WIMMERA HIGHWAY,3684,519138876534,96.31148983196128,77.42749054224464
3546,44196220,HAWTHORN / UNION,3685,519183072754,96.3196891866726,77.44850777637663
2472,44130183,BALCOMBE ROAD / COMO PARADE,3686,519227202937,96.32787629009215,77.46952501050862
1732,44052559,MELTON HIGHWAY / GATEWAY DRIVE,3687,519271255496,96.33604899258079,77.49054224464061
3331,44011318,,3688,519315266814,96.34421404397196,77.5115594787726
3713,43978972,GOVERNOR NEAR CHUTE,3689,519359245786,96.35237309448051,77.53257671290457
5437,43731055,WESTERN PORT HIGHWAY / HALL ROAD,3690,519402976841,96.36048615102348,77.55359394703657
4627,43667603,CHARMAN NEAR GLEBE,3691,519446644444,96.36858743584807,77.57461118116856
6158,43656994,BEECHWORTH-WODONGA NEAR NILMAR,3692,519490301438,96.3766867524737,77.59562841530054
6146,43637381,MELROSE / VISY & UNCLE BENS,3693,519533938819,96.38478243046364,77.61664564943254
5423,43624624,PORTARLINGTON ROAD / HERMSLEY ROAD / CURLEWIS ROAD,3694,519577563443,96.39287574175415,77.63766288356452
6801,43596795,HOPKINS HIGHWAY / WOLLASTON ROAD,3695,519621160238,96.40096389016327,77.6586801176965
908,43499921,WARRANDYTE NEAR OBAN / MELVIEW / DICKSON,3696,519664660159,96.40903406635015,77.67969735182851
3288,43491710,GOVERNOR ROAD / BATE DRIVE,3697,519708151869,96.41710271921892,77.70071458596048
1480,43428316,EPSOM ROAD / NEWSOM STREETREET,3698,519751580185,96.42515961112957,77.72173182009247
385,43346030,FOREST NEAR DOYSAL,3699,519794926215,96.4332012372075,77.74274905422448
1899,43224650,CENTRE ROAD / WILLOW AVENUE,3700,519838150865,96.44122034467016,77.76376628835645
1160,43221303,MCCLELLAND DRV / QUARRYRD,3701,519881372168,96.4492388311919,77.78478352248844
315,43216887,WARRANDYTE NEAR ALEXANDER,3702,519924589055,96.45725649845015,77.80580075662043
817,43200671,WRAY NEAR STATION,3703,519967789726,96.46527115728966,77.82681799075242
5231,43126158,SURF COAST HIGHWAY NEAR BEACH,3704,520010915884,96.47327199235608,77.8478352248844
5904,43097135,SUNRAYSIA (HOWITT) / BURNBANK,3705,520054013019,96.48126744302826,77.8688524590164
5012,42926606,STREETATION LAKE / WAVERLEY,3706,520096939625,96.48923125688265,77.88986969314838
4422,42885904,RATHDOWNE / PIGDON,3707,520139825529,96.4971875196357,77.91088692728036
3321,42799280,PATTERSON ROAD / TUCKERS ROAD,3708,520182624809,96.5051277117632,77.93190416141236
1069,42734772,DOCKLANDS / SAINT MANGOS,3709,520225359581,96.51305593626148,77.95292139554435
1365,42727847,MCCLELLAND / CENTENARY PARK / BORAL,3710,520268087428,96.52098287602249,77.97393862967633
5142,42700038,BARRABOOL RD / GRR RAMPS NORTH BOUND,3711,520310787466,96.52890465661253,77.99495586380833
1188,42690550,COLLINS / MERCHANT,3712,520353478016,96.53682467697335,78.01597309794032
2754,42684732,NEERIM NEAR AMES,3713,520396162748,96.54474361796935,78.03699033207229
6645,42680967,MOE-GLENGARRY(JOHN FIELD) / SHANAHAN,3714,520438843715,96.5526618604764,78.0580075662043
3295,42612545,GREAVES ROAD NR BERWICK SPRINGS BVD,3715,520481456260,96.5605674092226,78.07902480033627
3287,42603801,BALCOMBE ROAD / DAVIES STREET,3716,520524060061,96.56847133576767,78.10004203446826
985,42602283,BONEO NEAR CAIN,3717,520566662344,96.5763749806909,78.12105926860026
6149,42593600,HIGH / ELGIN,3718,520609255944,96.58427701472984,78.14207650273224
1725,42588249,MILLEARA ROAD NR CENTREWAY,3719,520651844193,96.59217805604254,78.16309373686423
4887,42556390,POWER / STREETURT,3720,520694400583,96.60007318682167,78.18411097099622
988,42534706,BONEO / BUNNINGS ACCESS,3721,520736935289,96.60796429474982,78.2051282051282
5334,42429263,BAANIP BOULEVARD / SOVEREIGN DR,3722,520779364552,96.61583584072088,78.2261454392602
2233,42397836,OLD PRINCES HWY / GLISMANN RD / BEACONSFIELD AVE,3723,520821762388,96.62370155630371,78.24716267339218
1889,42340859,LIVINGSTONE ST NEAR WALLACE ST,3724,520864103247,96.63155670142073,78.26817990752417
4898,42338192,DORCAS / MONTAGUE,3725,520906441439,96.63941135175155,78.28919714165615
6411,42319744,MVH / BUTCHER / BRIDLINGTON,3726,520948761183,96.64726257957938,78.31021437578815
2742,42269986,GLENHUNTLY / MANCHESTER / JAMES,3727,520991031169,96.655104576222,78.33123160992014
5937,42252567,MOLLISON STREET / HIGH STREET - KYNETON,3728,521033283736,96.66294334126337,78.35224884405211
1097,42200530,MASON NEAR MIRLS,3729,521075484266,96.67077245231577,78.37326607818412
5959,42141352,GLENELG HIGHWAY / ALFRED,3730,521117625618,96.67859058456922,78.3942833123161
6690,42059953,SEYMOUR / FRANKLIN,3731,521159685571,96.68639361554763,78.41530054644808
1836,42040205,CLAYTON ROAD / DIXON STREET / SHANDEAU AVENUE,3732,521201725776,96.69419298284492,78.43631778058008
2037,41981051,PEARCEDALE PDE NEAR COLERAINE ST,3733,521243706827,96.7019813757958,78.45733501471206
643,41931520,GLADSTONE NEAR JANICE,3734,521285638347,96.70976057967489,78.47835224884405
4869,41852108,BEACH NEAR MASEFIELD,3735,521327490455,96.7175250509104,78.49936948297605
3446,41830139,WHITEHALL / PARKER,3736,521369320594,96.72528544642127,78.52038671710802
3543,41818555,BEACH NEAR CANBERRA,3737,521411139149,96.73304369284959,78.54140395124001
3289,41770951,GLASSCOCKS ROAD / WHEELERS PARK DRIVE,3738,521452910100,96.7407931077063,78.562421185372
571,41736049,BLACKBURN / THE PINES SHOPPING ACCESS,3739,521494646149,96.74853604748712,78.58343841950399
1581,41710180,AITKEN BLVD / ELEVATION BLVD / GOLF VIEW DR,3740,521536356329,96.75627418800894,78.60445565363598
4718,41641748,HUNTINGDALE NEAR STAFFORD,3741,521577998077,96.76399963291466,78.62547288776797
1226,41635939,MCGRATH / BLACK FOREST,3742,521619634016,96.77172400012526,78.64649012189996
1986,41596292,PLENTY ROAD / BELLEVUE BOULEVARD,3743,521661230308,96.77944101195985,78.66750735603195
5365,41555916,GREAT OCEAN RD NEAR CAMP,3744,521702786224,96.78715053317315,78.68852459016394
461,41496977,COLEMAN NEAR FIANDER,3745,521744283201,96.79484911992719,78.70954182429593
1797,41463543,O'SHEA ROAD / BELLS ROAD,3746,521785746744,96.8025415039511,78.7305590584279
3768,41424501,MERNDA VILLAGE / GALLOWAY,3747,521827171245,96.81022664483959,78.7515762925599
2246,41384399,MCCORMICKS RD BTW BALLARTO RD & GAMBLE ST,3748,521868555644,96.81790434593974,78.77259352669189
3014,41348538,BEACONSFIELD NEAR MCGREGOR,3749,521909904182,96.82557539404874,78.79361076082387
2097,41313776,NEPEAN HIGHWAY NEAR PARK LANE,3750,521951217958,96.83323999305492,78.81462799495587
4589,41214116,ELIZABETH / LITTLE COLLINS,3751,521992432074,96.84088610297557,78.83564522908785
2064,41173110,,3752,522033605184,96.84852460539634,78.85666246321983
1805,41092953,KAMBROOK RD / STATION STREET,3753,522074698137,96.85614823695991,78.87767969735184
1785,41020887,EVANS ROAD / STREETRATHLEA DR,3754,522115719024,96.86375849872181,78.89869693148381
6810,40960713,PHW NEAR REGENT,3755,522156679737,96.87135759690521,78.9197141656158
5266,40958415,DOHERTYS / HUME,3756,522197638152,96.87895626875994,78.94073139974779
2888,40956399,LORIMER / GRAHAM,3757,522238594551,96.88655456660304,78.96174863387978
3241,40948209,VICTORIA / DUNDAS,3758,522279542760,96.89415134502401,78.98276586801177
6614,40942918,BURKE / COLEMAN,3759,522320485678,96.90174714185005,79.00378310214376
1962,40900261,,3760,522361385939,96.90933502487997,79.02480033627575
5330,40864738,WESTERN HIGHWAY / LAWRENCE,3761,522402250677,96.91691631762508,79.04581757040773
5322,40858585,PHW / WESTLEIGH DVE,3762,522443109262,96.92449646885561,79.06683480453972
4732,40776504,LORIMER / SALMON,3763,522483885766,96.93206139228535,79.08785203867171
1439,40769724,HIGH ST / HOLLAND DR / SERVICE CENTRE ACCESS,3764,522524655490,96.93962505787844,79.1088692728037
3665,40767708,APPLETON DOCK / ENTERPRIZE,3765,522565423198,96.94718834945994,79.12988650693569
1478,40766327,SHRIVES ROAD NEAR HALLAM MAIN DRAIN,3766,522606189525,96.95475138483606,79.15090374106768
823,40699037,WARBURTON NEAR SEBIRE,3767,522646888562,96.9623019364618,79.17192097519965
2269,40521556,HUME HIGHWAY / RILEY RD,3768,522687410118,96.96981956152337,79.19293820933166
5168,40471888,,3769,522727882006,96.97732797209669,79.21395544346363
3962,40420946,HAWTHORN NEAR CLIVE,3770,522768302952,96.98482693182721,79.23497267759562
1726,40325321,PLENTY RD / LAUREL ST / WALLAN RD,3771,522808628273,96.99230815105201,79.25598991172762
3164,40259151,NICHOLSON ST NEAR YORK ST,3772,522848887424,96.99977709431063,79.2770071458596
1809,40230947,DONNYBROOK RD / THE WOODS BVLD / ROSEHILL BVLD,3773,522889118371,97.00724080511725,79.29802437999159
5232,40212733,,3774,522929331104,97.01470113683291,79.31904161412359
1722,40196855,BRIDGE INN / INDEPENDENCE / PAINTED HILLS,3775,522969527959,97.02215852283616,79.34005884825557
1745,40140300,LEAKES ROAD / DAVIS ROAD,3776,523009668259,97.02960541666373,79.36107608238756
4429,40130926,RATHDOWNE NEAR NEWRY,3777,523049799185,97.03705057141153,79.38209331651954
6283,40085971,MYERS-WILLS / ARTHUR,3778,523089885156,97.04448738603452,79.40311055065153
1516,40028819,BALLARTO ROAD B / W MCGOWAN DR & POTTS RD,3779,523129913975,97.05191359772539,79.42412778478352
1204,39901288,GLEN EIRA NEAR QUAT QUATTA AVE,3780,523169815263,97.05931614965745,79.44514501891551
5905,39871292,SUNRAYSIA (HOWITT) / DOWLING,3781,523209686555,97.06671313668274,79.4661622530475
4695,39795938,CENTRE NEAR MELALEUCA,3782,523249482493,97.07409614391122,79.48717948717949
1034,39756757,FARADAY / DRUMMOND,3783,523289239250,97.08147188221679,79.50819672131148
904,39740142,BEDFORD NEAR LENA,3784,523328979392,97.0888445380805,79.52921395544347
1952,39737389,MORNINGTON PENINSULA FREEWAY / CENTRE DANDENONG RD,3785,523368716781,97.09621668320314,79.55023118957544
316,39713380,HIGH NEAR VILLAGE,3786,523408430161,97.10358437413701,79.57124842370744
2980,39690956,ORRONG / STREET GEORGES,3787,523448121117,97.1109479049339,79.59226565783943
2382,39620973,WESTERN PORT HIGHWAY / BALLARTO ROAD,3788,523487742090,97.11829845237064,79.61328289197141
4096,39573278,BALACLAVA NEAR KINROSS,3789,523527315368,97.12564015135332,79.63430012610341
6018,39548262,MIDLAND HIGHWAY / NUNN,3790,523566863630,97.13297720932694,79.65531736023539
1448,39533512,DAVIS / HUMMINGBIRD,3791,523606397142,97.14031153085652,79.67633459436738
1738,39437252,THOMPSONS RD / LAKER BVD / MATTERHORN DR,3792,523645834394,97.14762799407414,79.69735182849938
5417,39365417,GRUBB ROAD / COASTAL BLVD,3793,523685199811,97.15493113034557,79.71836906263135
5044,39306663,MYERS / FENWICK,3794,523724506474,97.16222336647924,79.73938629676334
294,39177851,PLYMOUTH NEAR SANDGATE,3795,523763684325,97.16949170520088,79.76040353089533
5336,39101981,PRINCES HIGHWAY WEST / DEANS MARSH RD / MURRELL,3796,523802786306,97.17674596839657,79.78142076502732
2957,38938303,ATHERTON / STREETATION,3797,523841724609,97.18396986578314,79.80243799915931
5354,38925251,JETTY ROAD / MCDOWELL STREET,3798,523880649860,97.1911913417414,79.8234552332913
5030,38863502,PHW (MURRAY) NEAR WOOD,3799,523919513362,97.19840136192464,79.84447246742329
4940,38850752,MITCHELL / ROSAMOND,3800,523958364114,97.2056090167071,79.86548970155528
5053,38825093,MOORABOOL / LT MALOP,3801,523997189207,97.21281191119009,79.88650693568727
2366,38817142,BORONIA ROAD / LEWIS ROAD,3802,524036006349,97.22001333059062,79.90752416981925
1780,38816346,CRAIGIEBURN ROAD / BOUNDARY ROAD,3803,524074822695,97.22721460231593,79.92854140395124
5123,38780881,CLIFTON SPRINGS / HANCOCK,3804,524113603576,97.23440929451668,79.94955863808323
2693,38748614,BALACLAVA NEAR EMPRESS,3805,524152352190,97.24159800049104,79.97057587221522
245,38726268,NEPEAN NEAR BEVERLEY,3806,524191078458,97.24878256079909,79.99159310634721
5857,38707727,STURT ST & ASCOT ST,3807,524229786185,97.25596368135062,80.0126103404792
4428,38694514,NICHOLSON NEAR HANOVER,3808,524268480699,97.26314235060488,80.03362757461117
6003,38656779,WELSFORD / NIXON,3809,524307137478,97.27031401920047,80.05464480874316
2486,38627474,CHADSTONE SHOPPING- ENT 1-WSTRN ACCESS ROAD / CARPA…,3810,524345764952,97.27748025108475,80.07566204287517
5169,38609252,NORTHERN HIGHWAY / SPRINGRIDGE BVD,3811,524384374204,97.28464310239391,80.09667927700714
3186,38471410,PATTERSONS ROAD / THOROUGHBRED DRIVE,3812,524422845614,97.29178038103075,80.11769651113913
5827,38437335,DOVETON BETWEEN NORMAN & LANSBOROUGH,3813,524461282949,97.29891133801809,80.13871374527112
4077,38437111,BALACLAVA / NORMANBY,3814,524499720060,97.3060422534486,80.15973097940311
5027,38371890,MYERS / SWANSTON,3815,524538091950,97.31316106897295,80.1807482135351
6002,38303282,MIDLAND HIGHWAY / BUNNINGS ACCESS,3816,524576395232,97.3202671562294,80.20176544766709
1569,38280589,EDGARS ROAD / TARYN DRIVE,3817,524614675821,97.32736903344356,80.22278268179907
3531,37997289,,3818,524652673110,97.33441835238033,80.24379991593106
32051,37992861,CAMERON ST / BERWICK-CRANBOURNE RD / SLADEN ST,3819,524690665971,97.34146684982733,80.26481715006305
5415,37960900,PAKINGTON STREET BETWEEN VILLAMANTA ST & PIZER ST,3820,524728626871,97.34850941781755,80.28583438419504
4830,37906346,CANTERBURY NEAR MARY,3821,524766533217,97.35554186486087,80.30685161832703
1800,37900913,O'SHEA ROAD / KIMBARRA DRIVE,3822,524804434130,97.36257330396516,80.32786885245902
2490,37824856,DOHERTYS RD / PORT PHILLIP PRISON ACCESS,3823,524842258986,97.36959063285094,80.34888608659101
1775,37765460,YOUNG STREET / WELLS STREET,3824,524880024446,97.37659694249409,80.369903320723
160,37651705,STREETATION / ALPINE,3825,524917676151,97.38358214812438,80.39092055485499
6634,37618769,BREED ST BETWEEN SEYMOUR ST & HOTHAM ST,3826,524955294920,97.3905612434143,80.41193778898696
4261,37578727,RATHMINES NEAR STANLEY,3827,524992873647,97.39753291004718,80.43295502311895
3627,37551858,COOK / SALMON / WESTGATE FREEWAY ENTRANCE,3828,525030425505,97.4044995918994,80.45397225725095
2577,37499789,FITZGERALD / ALLISON / DAVID,3829,525067925294,97.41145661382595,80.47498949138293
6225,37480791,MIDLAND HIGHWAY BTN GRACE ST & CAHILL ST,3830,525105406085,97.41841011121261,80.49600672551492
1983,37399862,GAFFNEY / SUSSEX,3831,525142805947,97.42534859451939,80.5170239596469
5862,37394533,STREETURT STREETREET / RUSSELL STREETREET / MORRISO…,3832,525180200480,97.4322860891814,80.5380411937789
4245,37391910,IRVING / LEEDS,3833,525217592390,97.43922309722018,80.55905842791088
3967,37383601,DOCKLANDS / DOEPEL / WATERFRONT,3834,525254975991,97.44615856375977,80.58007566204287
5385,37320224,GEELONG / ALFRED / COLDSTREAM,3835,525292296215,97.45308227249508,80.60109289617486
1904,37318302,CRANBOURNE-FRANKSTON / WOODLANDS,3836,525329614517,97.46000562465782,80.62211013030685
2643,37298584,DEVONSHIRE / HARVESTER,3837,525366913101,97.46692531870511,80.64312736443884
8520,37262347,,3838,525404175448,97.47383829000513,80.66414459857083
3775,37151197,SOMERVILLE NEAR CORONATION,3839,525441326645,97.48073064057614,80.68516183270282
1890,37122368,FERRIS ROAD / HOLLINGSWORTH DRIVE,3840,525478449013,97.48761764274411,80.7061790668348
6151,37048739,HIGH / OSBURN,3841,525515497752,97.4944909851401,80.7271963009668
5293,37015117,,3842,525552512869,97.50135808992789,80.74821353509878
2035,37001109,HUME HIGHWAY / BUNNINGS ACCESS ROAD,3843,525589513978,97.5082225959287,80.76923076923077
5939,36982826,KYNETON MAIN ROAD JENNINGS AND LAURISTON,3844,525626496804,97.51508371003759,80.79024800336275
2224,36864636,NEPEAN HIGHWAY NTH OF BAPAUME AVENUE,3845,525663361440,97.52192289734519,80.81126523749475
4515,36757679,LATROBE NEAR HARBOUR,3846,525700119119,97.52874224181596,80.83228247162674
4591,36552047,WILLIAM / LITTLE COLLINS,3847,525736671166,97.5355234371032,80.85329970575872
3466,36505843,LEAKES ROAD / TAYLORS ROAD,3848,525773177009,97.54229606054913,80.87431693989072
2951,36396167,BOURKE / AURORA,3849,525809573176,97.54904833672491,80.89533417402271
1266,36395087,PERRY ROAD / PACIFIC DRV,3850,525845968263,97.55580041253734,80.91635140815468
3794,36273041,PARK WEST OF THE AVENUENUE,3851,525882241304,97.56252984617707,80.93736864228667
4420,36242550,,3852,525918483854,97.56925362307683,80.95838587641866
5412,36222820,PORTARLINGTON / HIGH / RESERVE / JETTY,3853,525954706674,97.57597373963488,80.97940311055065
1380,36204928,OVERTON / KENDALL,3854,525990911602,97.58269053683992,81.00042034468264
5459,36147613,CRAIGIEBURN ROAD / MICKLEHAM ROAD,3855,526027059215,97.58939670087284,81.02143757881463
3033,36142673,BEACH NEAR BAYVIEW,3856,526063201888,97.59610194842891,81.04245481294662
3292,36112109,NORMANBY / QUEENS,3857,526099313997,97.60280152570192,81.0634720470786
2913,36006498,SWANSTON / LITTLE LONSDALE,3858,526135320495,97.60948150985021,81.0844892812106
3834,35997224,BUCKLEY / ROSE / SHERBOURNE,3859,526171317719,97.61615977347093,81.10550651534258
5447,35948894,CRAIGIEBURN NEAR RAYFIELD,3860,526207266613,97.62282907083133,81.12652374947457
4161,35754050,GRATTAN NEAR BERKELEY,3861,526243020663,97.62946222041553,81.14754098360656
6066,35751766,BALACLAVA / NEW DOOKIE / VERNEY / HAWDON,3862,526278772429,97.63609494626834,81.16855821773854
5376,35708756,BARWON HEADS ROAD / PRECINCT ROAD,3863,526314481185,97.6427196928359,81.18957545187054
1731,35707104,YAN YEAN ROAD / COOKES ROAD,3864,526350188289,97.64934413292174,81.21059268600253
1429,35695735,SNEDDEN DRIVE / THE GLEN COLES ACCESS,3865,526385884024,97.65596646381218,81.2316099201345
1028,35691342,FRANK-DANDY / KIRKHAM,3866,526421575366,97.66258797970609,81.2526271542665
3011,35657101,BEACONSFIELD NEAR VICTORIA,3867,526457232467,97.66920314315392,81.2736443883985
6271,35632419,WILLS / EDWARDS,3868,526492864886,97.67581372755693,81.29466162253047
6302,35605026,MIDLAND HIGHWAY / LYTTLETON,3869,526528469912,97.68241922996596,81.31567885666246
3961,35538275,HAWTHORN NEAR CHARLES,3870,526564008187,97.68901234862075,81.33669609079445
3155,35537604,NICHOLSON STREET / SUMNER STREET,3871,526599545791,97.69560534279054,81.35771332492644
6308,35508648,SWANHILL-SEALAKE RD / CAMPBELL ST,3872,526635054439,97.70219296499604,81.37873055905843
6701,35467008,STH GIPPS'D HIGHWAY NEAR YARRAM,3873,526670521447,97.70877286208095,81.39974779319041
3296,35459137,VICTORIA RD / SWITCHBACK RD / NELSON RD,3874,526705980584,97.7153512989251,81.4207650273224
6655,35371471,TRARALGON / JANE (RAIL O / PASS),3875,526741352055,97.72191347183016,81.44178226145439
5863,35242367,BALLARAT-CARNGHAM ROAD / WILTSHIRE LN / LEARMONTH S…,3876,526776594422,97.7284516931509,81.46279949558638
568,35237741,PAPERBARK NEAR HAWTHORN,3877,526811832163,97.73498905624858,81.48381672971837
4259,35166273,BARKLY NEAR CLARKE,3878,526846998436,97.7415131604865,81.50483396385036
4798,35130497,GILBERT NEAR OAKOVER,3879,526882128933,97.74803062750264,81.52585119798235
3403,35115716,KENSINGTON ROAD / ALTONA STREET,3880,526917244649,97.75454535232359,81.54686843211434
6341,35107084,ECHUCA-MOOROOPNA NEAR BAKER,3881,526952351733,97.76105847572184,81.56788566624633
2691,35033847,BALACLAVA NEAR LABASSA,3882,526987385580,97.76755801207258,81.58890290037832
32080,34907724,,3883,527022293304,97.77403414987896,81.60992013451029
2236,34886182,EPPING PLAZA ACCESS ROAD NEAR NORTHERN HOSPITAL,3884,527057179486,97.78050629117841,81.6309373686423
2073,34884718,STATION STREET NEAR HARROW STREET,3885,527092064204,97.78697816087421,81.65195460277428
1364,34786386,BAY RD NEAR FERNHILL RD,3886,527126850590,97.79343178785722,81.67297183690626
6069,34783156,ARCHER / WILMOT / POPLAR,3887,527161633746,97.79988481560538,81.69398907103826
1881,34693370,GLENROY / WIDFORD,3888,527196327116,97.80632118610858,81.71500630517023
653,34678956,GLADSTONE NEAR GLADSVILLE,3889,527231006072,97.81275488250303,81.73602353930222
3872,34587723,GILBERT NEAR MILLER,3890,527265593795,97.81917165320274,81.75704077343423
1929,34538048,BALLAN / HIRATA / CARPARK ACCESS,3891,527300131843,97.82557920811556,81.7780580075662
2279,34478543,MARIBYRNONG RD NEAR MOORE ST,3892,527334610386,97.83197572356387,81.79907524169819
694,34474471,WARRANDYTE NEAR MELBOURNE HILL,3893,527369084857,97.8383714835681,81.82009247583018
4634,34441971,STATION NEAR CENTRAL,3894,527403526828,97.8447612141194,81.84110970996217
5416,34415154,SHANNON AVENUE BETWEEN GERTRUDE ST & CROFTON ST,3895,527437941982,97.85114596953719,81.86212694409416
3416,34387673,STURT NEAR GRANT,3896,527472329655,97.85752562663511,81.88314417822615
2253,34357735,EVANS RD / BOLAND DR / MERINDA PARK BLVD,3897,527506687390,97.8638997295865,81.90416141235814
6657,34357681,MORWELL-THORPDALE / COMMERCIAL,3898,527541045071,97.87027382251974,81.92517864649012
5609,34350865,PRINCES HIGHWAY EAST NEAR PINE,3899,527575395936,97.87664665093754,81.94619588062211
2242,34337741,OHERNS ROAD / MANOR HOUSE DRIVE,3900,527609733677,97.88301704456951,81.9672131147541
5380,34107868,HOGANS NEAR RIVERSDALE,3901,527643841545,97.88934479178815,81.98823034888608
2177,34100543,MELROSE / TRADE PARK,3902,527677942088,97.89567118006084,82.00924758301808
2137,33971176,NEPEAN HIGHWAY NTH OF SWANSEA ROAD,3903,527711913264,97.90197356795703,82.03026481715007
2369,33929147,FINDON NR MASERATI,3904,527745842411,97.90826815856467,82.05128205128204
1740,33892150,EDGARS ROAD / WILLANDRA DRIVE,3905,527779734561,97.91455588542863,82.07229928541405
4578,33888095,SWANSTON / COLLINS,3906,527813622656,97.9208428600024,82.09331651954602
1927,33886819,HOPKINS ROAD / NEALE ROAD,3907,527847509475,97.92712959785055,82.11433375367801
1846,33879548,,3908,527881389023,97.93341498677094,82.13535098781001
5028,33863522,THOMPSON NEAR SPARKS,3909,527915252545,97.93969740252172,82.15636822194199
5985,33857219,PYRENEES HIGHWAY(TUAGGRA) / HIGH,3910,527949109764,97.94597864892967,82.17738545607398
5835,33847143,MIDLAND HIGHWAY NEAR VICTORIA,3911,527982956907,97.95225802602168,82.19840269020597
1892,33774039,ASCOT VALE ROAD BETWEEN MIDDLE ST AND THE CRESCENT,3912,528016730946,97.95852384074057,82.21941992433796
4608,33734215,WILLIAM / LITTLE BOURKE,3913,528050465161,97.96478226724614,82.24043715846994
3467,33725495,TAYLORS RD / FIELDS ST / AINTREE BOULEVARD,3914,528084190656,97.97103907600308,82.26145439260193
5661,33689251,PRINCES HWY NR MECHANIC STREET,3915,528117879907,97.97728916071412,82.28247162673392
3894,33650699,MCARTHURS / BORRACK,3916,528151530606,97.98353209319534,82.30348886086591
4511,33632937,ELIZABETH / FRANKLIN,3917,528185163543,97.98977173044139,82.3245060949979
3188,33599488,SOLDIERS RD / VIEWBRIGHT RD / SKYLARK BLVD,3918,528218763031,97.99600516217448,82.34552332912989
1795,33567490,ROBINSONS ROAD / SUNLINE DRIVE,3919,528252330521,98.0022326575865,82.36654056326186
2030,33492193,ROOKS BTW QUEENS & STATION,3920,528285822714,98.00844618377647,82.38755779739387
5395,33465287,PIGDONS ROAD / ALFRED DEAKIN DRIVE,3921,528319288001,98.01465471832148,82.40857503152586
955,33393399,CLEELAND NEAR KING,3922,528352681400,98.02084991608767,82.42959226565783
3157,33270287,FLEMINGTON ROAD / CARPARK ACCESS,3923,528385951687,98.02702227391512,82.45060949978983
4133,33223238,ELIZABETH / MURPHY,3924,528419174925,98.03318590313546,82.47162673392182
3494,33214753,DONNYBROOK ROAD / CLOVERTON BLVD / ENGLISH STREET,3925,528452389678,98.03934795820479,82.4926439680538
4922,33045484,SOUTHBANK / RIVERSIDE,3926,528485435162,98.04547861021356,82.5136612021858
3040,33039050,BEACH NEAR HERBERT,3927,528518474212,98.05160806857619,82.53467843631778
5481,33011983,POINT NEPEAN ROAD NEAR TYRONE AVENUE,3928,528551486195,98.0577325054249,82.55569567044977
6805,32977354,LAVA STREET BTN KEPLER ST & LIEBIG ST,3929,528584463549,98.06385051784511,82.57671290458177
2231,32912141,MANCHESTER RD / STATION CAR PARK,3930,528617375690,98.06995643184338,82.59773013871374
6017,32908898,MIDLAND HIGHWAY / ARUNDEL,3931,528650284588,98.07606174419499,82.61874737284573
2375,32906594,BUCKLEY NEAR GARNET,3932,528683191182,98.08216662910478,82.63976460697772
1966,32875090,DOHERTYS ROAD / PADMA BOULEVARD / SAPLING BOULEVARD,3933,528716066272,98.08826566934117,82.66078184110971
5864,32851954,MIDLAND HIGHWAY / GLENELG HIGHWAY / SAYLE STREET,3934,528748918226,98.09436041734917,82.6817990752417
5471,32712651,BARWON HEADS / CROWS,3935,528781630877,98.10042932163775,82.70281630937369
2089,32665503,NEPEAN HIGHWAY NEAR MONICA DRIVE,3936,528814296380,98.10648947895257,82.72383354350568
4163,32582171,DOCKLANDS DR / PEARL RIVER ROAD,3937,528846878551,98.11253417637906,82.74485077763765
1807,32463282,EDGARS ROAD / SCANLON DRIVE / LONGFORD ROAD,3938,528879341833,98.11855681732463,82.76586801176965
4587,32451579,RUSSELL / LITTLE COLLINS,3939,528911793412,98.1245772871106,82.78688524590164
1024,32434727,MAIN / LEANE,3940,528944228139,98.13059463048607,82.80790248003362
1935,32417377,DUNNINGS ROAD / LENNON BOULEVARD,3941,528976645516,98.13660875506129,82.82891971416562
4926,32373041,"DICKSON STREET, CLARKE STREET, BUS INTERCHANGE",3942,529009018557,98.14261465434959,82.84993694829761
5942,32365276,GLENELG HIGHWAY / COX ST / FRENCH,3943,529041383833,98.14861911306242,82.87095418242959
644,32339836,CHANDLER NEAR ISAAC,3944,529073723669,98.15461885210505,82.89197141656159
6601,32328771,HAWDON NEAR KNIGHT,3945,529106052440,98.16061653835084,82.91298865069356
32002,32325395,MORELAND NEAR EVERETT,3946,529138377835,98.16661359827562,82.93400588482555
32076,32290950,LEAKES RD / TARNEIT PARK HUB ACCESS ROADWAY,3947,529170668785,98.1726042679079,82.95502311895756
5175,32240077,JETTY / WYNDHAM / CENTENNIAL,3948,529202908862,98.17858549949837,82.97604035308953
3184,32068772,GRICE ROAD / LEISUREWOOD DRIVE,3949,529234977634,98.18453495030626,82.99705758722152
6301,32058162,MIDLAND HIGHWAY(BARKER) / PYRENEES HIGHWAY(FOREST),3950,529267035796,98.19048243272968,83.01807482135351
1422,32015940,BRIDGE ROAD / SIDING AVENUE,3951,529299051736,98.19642208205887,83.0390920554855
1486,31932986,FORSTER RD NEAR WILGA ST,3952,529330984722,98.2023463416269,83.06010928961749
1521,31923277,FOSTER / RUDDUCK,3953,529362907999,98.20826879996545,83.08112652374948
3895,31888317,OLD DANDENONG / CLARINDA,3954,529394796316,98.21418477246785,83.10214375788146
2387,31819908,CHILDS / BOWMAN,3955,529426616224,98.22008805362117,83.12316099201345
4276,31797651,AUBURN NEAR AIREDALE,3956,529458413875,98.22598720561959,83.14417822614544
3436,31684336,KENSINGTON NEAR DEVON,3957,529490098211,98.23186533523469,83.16519546027743
5110,31594285,ANAKIE NEAR BARTON,3958,529521692496,98.2377267584416,83.1862126944094
6671,31493027,PRINCES HIGHWAY EAST EXIT RAMP (EAST BOUND) / MONAS…,3959,529553185523,98.24356939609943,83.20722992854141
1586,31308783,WELLINGTON PDE NEAR POWLETT ST,3960,529584494306,98.24937785251035,83.2282471626734
2488,31249737,,3961,529615744043,98.25517535461117,83.24926439680537
2016,31161118,ROOKS NEAR MAURICE,3962,529646905161,98.2609564159708,83.27028163093738
2931,31126424,FLINDERS / WELLINGTON STREETH,3963,529678031585,98.26673104084304,83.29129886506935
4894,31037590,MARKET / MORAY,3964,529709069175,98.27248918508693,83.31231609920134
3973,31012723,LINLITHGOW NEAR ST KILDA,3965,529740081898,98.27824271596448,83.33333333333334
1880,30836339,KIMBERLEY DRIVE / BLACK SPRINGS ROAD,3966,529770918237,98.2839635237951,83.35435056746532
5611,30835069,PRINCES HIGHWAY EAST NEAR HOOD,3967,529801753306,98.28968409601325,83.3753678015973
6221,30686721,MIDLAND HWY BTW BURGOYNE AND STEPHENSON,3968,529832440027,98.29537714646884,83.39638503572931
1864,30609142,EXFORD ROAD / ELPIS ROAD,3969,529863049169,98.30105580434201,83.41740226986128
2141,30316815,,3970,529893365984,98.30668022923406,83.43841950399327
2268,30313495,HALLAM NORTH ROAD / HEATHERTON ROAD,3971,529923679479,98.3123040381943,83.45943673812526
5884,30311694,LEARMONTH ST NEAR CUTHBERTS RD,3972,529953991173,98.31792751303009,83.48045397225725
6672,30305446,PRINCES HIGHWAY EAST ON RAMP (WEST BOUND) / MONASH…,3973,529984296619,98.32354982872675,83.50147120638924
2062,30295535,EDGARS NEAR STEEN,3974,530014592154,98.32917030571855,83.52248844052123
1816,30212431,HALLAM ROAD / SUEZ ACCESS ROAD,3975,530044804585,98.33477536512092,83.54350567465322
1213,30132789,,3976,530074937374,98.34036564920974,83.5645229087852
1767,30130531,BALLAN ROAD / WELCOME PARADE,3977,530105067905,98.34595551439075,83.5855401429172
6652,30129244,PRINCES HIGHWAY / KOSCIUSZKO STREE,3978,530135197149,98.35154514080541,83.60655737704919
3629,30081544,CHURCHILL NEAR BRAYBROOK COMMUNITY CENTRE,3979,530165278693,98.35712591783839,83.62757461118116
3491,30075041,PERRY ROAD / FREIGHT DRIVE,3980,530195353734,98.36270548842421,83.64859184531316
1214,30045633,,3981,530225399367,98.36827960318998,83.66960907944514
1799,29991541,O'SHEA ROAD / BRIDGEWATER BOULEVARD,3982,530255390908,98.37384368271982,83.69062631357713
1159,29957968,,3983,530285348876,98.37940153373202,83.71164354770913
6405,29951421,WESTERN HIGHWAY (MCPRINCES HIGHWAY EASTRSON) NEAR R…,3984,530315300297,98.38495817013411,83.7326607818411
6102,29933787,BELMORE BETWEEN ORR & PIPER,3985,530345234084,98.39051153504782,83.7536780159731
6267,29921590,BENDIGO-REDESDALE RD AND TANNERY LANE,3986,530375155674,98.39606263715423,83.7746952501051
5360,29859765,WARRALILY BOULEVARD / HORSESHOE BEND ROAD,3987,530405015439,98.40160226938593,83.79571248423707
289,29810439,STATION NEAR SWANPOOL,3988,530434825878,98.4071327505778,83.81672971836906
5470,29796660,BARWON HEADS / BARWARRE,3989,530464622538,98.41266067546714,83.83774695250105
6145,29592318,OSBURN STREETREET / HAVELOCK STREETREET,3990,530494214856,98.41815069049585,83.85876418663304
1405,29581380,TARNEIT ROAD / MADDEN BOULEVARD,3991,530523796236,98.42363867628899,83.87978142076503
6824,29542650,PERCY / HENTY,3992,530553338886,98.42911947682946,83.90079865489702
6034,29457978,GISBORNE-KILMORE RD NR HAMILTON ST,3993,530582796864,98.43458456888258,83.921815889029
1472,29429312,CLYDE-FIVE WAYS RD NEAR OROYA GROVE,3994,530612226176,98.44004434277271,83.94283312316098
3202,29390145,OSBORNE NEAR ROYAL,3995,530641616321,98.44549685033721,83.96385035729298
3205,29256582,CLAYTON NEAR COLONEL,3996,530670872903,98.45092457907643,83.98486759142497
5082,29152470,MALOP NEAR YARRA,3997,530700025373,98.45633299278785,84.00588482555695
2377,29052590,EDGARS ROAD / ROCKFIELD STREETREET,3998,530729077963,98.46172287659903,84.02690205968895
1328,28928935,EDGARS ROAD / EASTSTONE AVENUENUE,3999,530758006898,98.46708981973322,84.04791929382094
2065,28922277,CRAIGIEBURN ROAD EAST / ANDREW ROAD,4000,530786929175,98.4724555276644,84.06893652795291
1440,28861727,STATION STREET / LAURA STREET,4001,530815790902,98.47781000226095,84.08995376208492
1718,28815001,CAMBRIDGE RD BTW HAWTHORY RD-DUNROSSIL D,4002,530844605903,98.48315580817392,84.11097099621689
4889,28805664,STREETURT / KAVANAGH,4003,530873411567,98.48849988187142,84.13198823034888
2916,28775597,WILLIAM / LITTLE LONSDALE,4004,530902187164,98.49383837749012,84.15300546448088
5662,28752278,PRINCES HWY NR BARKES AVENUE,4005,530930939442,98.49917254692997,84.17402269861286
2492,28555149,HAMPSHIRE RD BET CORIO ST AND SUN CRESCENT,4006,530959494591,98.50447014467669,84.19503993274485
6679,28499164,STH GIPPS'D HIGHWAY NEAR RADOVICK,4007,530987993755,98.50975735599505,84.21605716687684
5848,28480169,,4008,531016473924,98.51504104333006,84.23707440100883
2979,28382742,MAIN / WINDROCK / CENTRAL PARK,4009,531044856666,98.52030665584935,84.25809163514081
5034,28283981,PHW (MURRAY) NEAR MCLENNAN,4010,531073140647,98.5255539460671,84.2791088692728
5401,28164903,MAIN BETWEEN ROBERTSON & VICTORIA,4011,531101305550,98.53077914474036,84.30012610340479
5364,28157416,ECHUCA-MOOROOPNA / MACISAAC,4012,531129462966,98.53600295441319,84.32114333753677
5858,28076165,STURT ST & RAGLAN ST,4013,531157539131,98.54121169026817,84.34216057166877
2620,28060071,CHURCHILL NEAR DOBSON,4014,531185599202,98.54641744033806,84.36317780580076
1802,28057052,POLICE ROAD / MONASH FWY OB ENTRY RAMP,4015,531213656254,98.55162263031816,84.38419503993273
679,28028932,JAMES NEAR ANDERSON,4016,531241685186,98.55682260343006,84.40521227406474
5343,28001207,ARMSTRONG ROAD / BLACK FORREST ROAD,4017,531269686393,98.5620174329548,84.42622950819673
1803,27997385,GLEN EIRA RD NEAR MCWHAE AVE,4018,531297683778,98.56721155341589,84.4472467423287
5841,27992853,BARKLY NEAR VINCENT,4019,531325676631,98.57240483309295,84.4682639764607
1470,27958729,DOUGLAS ST / LOENARD AVE / LINK RD,4020,531353635360,98.57759178202996,84.48928121059268
5327,27937317,PIGDONS ROAD / UNIVERSITY DRIVE,4021,531381572677,98.58277475857787,84.51029844472467
5480,27927009,NARRE WARREN-CRANBOURNE ROAD / LANSELL CLOSE,4022,531409499686,98.58795582276882,84.53131567885667
6067,27917794,GOULBURN VALLEY HIGHWAY / SANCTUARY,4023,531437417480,98.59313517737796,84.55233291298865
3097,27844994,RAILWAY NEAR CYRIL,4024,531465262474,98.59830102601254,84.57335014712064
3490,27804626,PERRY ROAD / NAXOS WAY,4025,531493067100,98.60345938551002,84.59436738125262
2093,27785468,BONEO ROAD / BESGROVE STREET / ALLAMBI AVENUE,4026,531520852568,98.60861419078414,84.61538461538461
1515,27591015,EDWARDS / SWITCHBACK,4027,531548443583,98.61373292082102,84.6364018495166
32000,27482875,UNION ROAD BETWEEN SUNBURY CRES & STIRLING CRES,4028,531575926458,98.61883158854899,84.65741908364859
2346,27476257,MACKIE NEAR DEAKIN,4029,531603402715,98.6239290284948,84.67843631778058
5854,27444953,GLENELG HIGHWAY / CHERRY FLAT RD / WILTSHIRE,4030,531630847668,98.62902066087157,84.69945355191257
1997,27422409,ROCKBANK MIDDLE RD BET HEPBURN WAY AND LANAGHAN AVE,4031,531658270077,98.63410811084874,84.72047078604456
4137,27419455,NEWLANDS NEAR CARR,4032,531685689532,98.63919501279503,84.74148802017655
2047,27417787,BRIDGEWATER ROAD / FOUZ STREETREET,4033,531713107319,98.64428160529123,84.76250525430854
2220,27382984,NEW ST / ALBERT ST,4034,531740490303,98.6493617410782,84.78352248844052
5402,27286768,BROADFORD-KILMORE ROAD / PINNIGER STREET,4035,531767777071,98.65442402671614,84.80453972257251
5845,27275535,PEEL / BRIDGE MALL,4036,531795052606,98.65948422838964,84.82555695670449
5349,27152228,JETTY ROAD / RAILWAY CRESENT,4037,531822204834,98.66452155394767,84.84657419083649
1936,27032746,BOARDWALK BOULEVARD / MILES FRANKLIN BOULEVARD,4038,531849237580,98.66953671301049,84.86759142496847
5418,26779736,HAMILTON HIGHWAY / DELL BLVD / UPPER PAPER MILLS RD,4039,531876017316,98.67450493324606,84.88860865910046
6665,26605421,MORWELL-TRARALGON / CHURCH,4040,531902622737,98.67944081427893,84.90962589323246
5434,26603536,HALL ROAD / MCCORMICKS ROAD,4041,531929226273,98.68437634560355,84.93064312736443
6065,26593268,MIDLAND / CHARLES / WESTWOOD,4042,531955819541,98.68930997199209,84.95166036149642
5458,26553989,BUSH BLVD BETWEENN OLEANDER & MCDONALDS,4043,531982373530,98.69423631127657,84.97267759562843
1988,26467680,BROOKFIELD / HIGHLANDER,4044,532008841210,98.69914663837481,84.9936948297604
1441,26451253,CHAPEL RD / KEYSBOROUGH SC ACCESS,4045,532035292463,98.70405391790926,85.01471206389239
3082,26445611,PENTRIDGE NEAR ACCESS ROAD,4046,532061738074,98.70896015073069,85.03572929802438
5025,26380720,THOMPSON / BOULEVARD,4047,532088118794,98.7138543448681,85.05674653215637
1572,26351754,MELROSE DR / WATSON DR / SPRINGBANK STREET,4048,532114470548,98.71874316518603,85.07776376628836
1550,26347106,HIGHETT ROAD WEST OF SPRING ROAD,4049,532140817654,98.72363112319943,85.09878100042035
4209,26346257,UNION NEAR BURROWES,4050,532167163911,98.72851892370497,85.11979823455233
5195,26342557,FENWICK / GORDON / RAILWAY,4051,532193506468,98.73340603778047,85.14081546868432
32055,26332876,MICKLEHAM ROAD / AITKEN COLLEGE,4052,532219839344,98.73829135582109,85.16183270281631
4394,26304059,GRATTAN / MELBOURNE UNIVERSITY,4053,532246143403,98.74317132768495,85.1828499369483
3038,26297790,BEACONSFIELD NEAR MILLS,4054,532272441193,98.74805013651371,85.20386717108028
2259,26262894,HOFFMANS NEAR ROSEHILL,4055,532298704087,98.75292247137972,85.22488440521228
2999,26190588,BARKLY NEAR SHELLEY,4056,532324894675,98.75778139191885,85.24590163934425
32050,26179693,,4057,532351074368,98.76263829119985,85.26691887347624
6137,26135693,OLD DOOKIE / WHEELER,4058,532377210061,98.76748702752919,85.28793610760825
1584,26111987,BLACK FOREST RD / CLITHEROE DV / SHIPWRIGHT,4059,532403322048,98.77233136588279,85.30895334174022
3822,26104428,UNION NEAR GUILDFORD,4060,532429426476,98.77717430187842,85.32997057587221
4555,26103782,ANDERSON NEAR ACLAND,4061,532455530258,98.78201711802706,85.35098781000421
32037,26041280,NARRE WARREN-CRANBOURNE RD / MAJESTIC BLVD,4062,532481571538,98.78684833870287,85.37200504413619
5469,25947798,LOWER HEIDELBERG RD BETWEEN CARMICHAEL ST & WILFRED…,4063,532507519336,98.79166221644581,85.39302227826818
5839,25920827,DANA / ARMSTRONG,4064,532533440163,98.7964710904849,85.41403951240017
2087,25919013,,4065,532559359176,98.80127962798775,85.43505674653215
5463,25909950,BARWON HEADS RD / RESERVE RD,4066,532585269126,98.80608648410809,85.45607398066414
6311,25903984,MURRAY VALLEY HIGHWAY / CAMPBELL / BURKE,4067,532611173110,98.81089223340639,85.47709121479613
2085,25888287,CARNISH RD NEAR KANOOKA GROVE,4068,532637061397,98.81569507057168,85.49810844892812
4512,25751718,ELIZABETH / A'BECKETT,4069,532662813115,98.82047257123368,85.51912568306011
3323,25709051,JOHNSTON STREET / CARPARK ACCESS,4070,532688522166,98.82524215624436,85.5401429171921
2697,25685606,WINDSOR / CAPESTHORNE / LENNON PARKWAY,4071,532714207772,98.83000739170046,85.56116015132409
2497,25634610,,4072,532739842382,98.83476316629557,85.58217738545608
2123,25610943,,4073,532765453325,98.83951455015033,85.60319461958807
4917,25557360,VICTORIA NEAR BRIDPORT,4074,532791010685,98.84425599319964,85.62421185372006
5229,25501594,BREAKWATER / TUCKER / CURRIER,4075,532816512279,98.84898709044981,85.64522908785204
1754,25449002,POINT NEPEAN ROAD NEAR THE LOOP,4076,532841961281,98.85370843074651,85.66624632198403
6816,25380832,PERTOBE NEAR PARK ENT,4077,532867342113,98.85841712403376,85.68726355611601
1741,25309746,DUNNINGS ROAD / HACKETTS ROAD,4078,532892651859,98.86311262933054,85.708280790248
5814,25265159,LT BRIDGE NEAR GRENVILLE ST,4079,532917917018,98.86779986277446,85.72929802438
2136,25203942,SUNBURY ROAD / HI-QUALITY ACCESS,4080,532943120960,98.87247573914085,85.75031525851198
4571,25146092,ELIZABETH / FLINDERS LANE,4081,532968267052,98.87714088308103,85.77133249264396
1958,25104256,LINCOLN ROAD BETWEEN MOUNT VIEW PARADE & ALLENDALE…,4082,532993371308,98.88179826553835,85.79234972677595
32066,25090891,FOOTE STREET NEAR MCLACHLAN STREET,4083,533018462199,98.88645316849912,85.81336696090794
32003,25049792,MCGREGOR ROAD BETWEEN ROGER & HENTY STREET,4084,533043511991,98.89110044670645,85.83438419503993
2260,25043727,MELBOURNE ROAD / MCLISTER STREET / BIRMINGHAM STREET,4085,533068555718,98.89574659972511,85.85540142917192
1852,25006431,DONNYBROOK ROAD / AITKEN BOULEVARD,4086,533093562149,98.90038583352911,85.87641866330391
154,24864796,WARBURTON HIGHWAY / YARRA JUNCTION-NOOJEE,4087,533118426945,98.90499879097726,85.8974358974359
32117,24858526,BURWOOD HIGHWAY / MCMAHONS RD / CLYDE STREET,4088,533143285471,98.90961058520479,85.91845313156789
2837,24808273,,4089,533168093744,98.91421305641393,85.93947036569988
5424,24725851,MOORABOOL STREET / LONSDALE STREET,4090,533192819595,98.91880023655938,85.96048759983186
1307,24630351,ROBINSONS RD NEAR MCCLELLAND DRV,4091,533217449946,98.92336969938931,85.98150483396385
5462,24629382,BARWON HEADS RD / MARSHALLTOWN RD / TANNERY RD,4092,533242079328,98.92793898244878,86.00252206809584
32119,24626238,,4093,533266705566,98.93250768222825,86.02353930222783
658,24608025,JACKSONS NEAR JUSTIN,4094,533291313591,98.9370730031023,86.04455653635982
1824,24579213,THOMPSONS ROAD / CEDUNA ROAD,4095,533315892804,98.9416329787272,86.0655737704918
6823,24477690,KOROIT NEAR LIEBIG & KEPLER,4096,533340370494,98.94617411963978,86.08659100462378
2122,24435023,PALMERS ROAD / NATIONAL DRIVE,4097,533364805517,98.95070734490106,86.10760823875579
4106,24408834,GLENHUNTLY / TRUGANINI,4098,533389214351,98.95523571153639,86.12862547288776
2090,24389598,DOHERTYS RD / CARPARK ACCESS,4099,533413603949,98.95976050947768,86.14964270701975
5397,24341521,PIGDONS ROAD / NICOL DRIVE NORTH,4100,533437945470,98.96427638809561,86.17065994115174
5294,24280600,,4101,533462226070,98.96878096455043,86.19167717528373
6809,24276939,COMMERCIAL NEAR HIGH,4102,533486503009,98.97328486181057,86.21269440941572
5386,24225709,PRINCES HIGHWAY / GALLOP ST / BAILLIE ST,4103,533510728718,98.97777925479767,86.23371164354771
1435,24176136,PERRY ROAD / ATLANTIC DRIVE,4104,533534904854,98.98226445092108,86.2547288776797
6825,23980332,CAPE NELSON / MUST,4105,533558885186,98.98671332116751,86.27574611181169
763,23959034,MARINE / BARCLAY,4106,533582844220,98.99115824017433,86.29676334594367
6330,23912873,NORTHERN NEAR BOURKE,4107,533606757093,98.99559459531723,86.31778058007566
2291,23883812,ATKINSON ST NEAR DALGETY ST,4108,533630640905,99.00002555901608,86.33879781420765
3367,23869160,VINEYARD ROAD NEAR CIVIC STREET,4109,533654510065,99.00445380445203,86.35981504833964
5109,23861398,VINES NEAR MARLO,4110,533678371463,99.0088806098691,86.38083228247163
2244,23828744,WANTIRNA RD / REILLY ST,4111,533702200207,99.01330135726292,86.40184951660362
32044,23682616,FRAWLEY ROAD BETWEEN ARCADIA AVENUE AND ADAM AVENUE,4112,533725882823,99.01769499475219,86.42286675073561
32112,23673453,SUNBURY / FRANCIS,4113,533749556276,99.02208693230678,86.44388398486758
5936,23621140,MACEDON-WOODEND / ASHBOURNE,4114,533773177416,99.02646916466841,86.46490121899959
5097,23619720,PAKINGTON / ALBERT,4115,533796797136,99.03085113358934,86.48591845313157
1219,23582272,FOLEYS / LENNON PARKWAY / CENTRAL PARK BVD,4116,533820379408,99.0352261550963,86.50693568726355
6676,23556943,PRINCES HIGHWAY EAST NEAR HOBSON,4117,533843936351,99.03959647752595,86.52795292139555
5846,23528416,BALLARAT-BUNINYONG RD NEAR FOREST,4118,533867464767,99.0439615075801,86.54897015552753
5181,23395802,THOMPSON NEAR HOLLYDENE,4119,533890860569,99.04830193486899,86.56998738965952
32125,23387291,MICKLEHAM ROAD / SOMERTON ROAD,4120,533914247860,99.05264078318329,86.5910046237915
2536,23285039,HARVESTER RD NR FOUNDRY RD,4121,533937532899,99.05696066154005,86.6120218579235
5851,23264333,HALLETTS WAY / WESTERN FWY EXIT RAMP,4122,533960797232,99.06127669848595,86.63303909205548
2067,23226862,CRAIG ROAD / SOUTHERN ACCESS ROAD / HUMMINGBIRD DVE,4123,533984024094,99.06558578375092,86.65405632618747
1941,23179647,DOHERTYS ROAD / WOODS ROAD,4124,534007203741,99.06988610961218,86.67507356031946
6647,23059437,MOE-GLENGARRY(JOHN FIELD) / OLD SALE,4125,534030263178,99.07416413391849,86.69609079445145
4227,22904077,RUSHALL NEAR ROWE,4126,534053167255,99.07841333558456,86.71710802858344
6310,22897435,CAMPBELL NEAR MCCRAE,4127,534076064690,99.08266130501599,86.73812526271543
1449,22840403,WELLS ROAD BTW BUNA AVE & BOONONG AVE,4128,534098905093,99.0868986937779,86.75914249684742
1381,22733109,OVERTON / ALTAIR,4129,534121638202,99.09111617718219,86.7801597309794
5460,22694496,CRAIGIEBURN ROAD / WATERVIEW BOULEVARD,4130,534144332698,99.09532649703982,86.8011769651114
2264,22600903,ROBINSONS ROAD / QUINN STREET / WESTWOOD DRIVE,4131,534166933601,99.09951945337167,86.82219419924337
1928,22564183,HEIDELBERG NR HARKER,4132,534189497784,99.10370559734933,86.84321143337537
5382,22552068,ISON ROAD / BULBAN WEST,4133,534212049852,99.10788949373247,86.86422866750736
1474,22532646,ENGLISH STREET / LARKIN STREET,4134,534234582498,99.11206978691453,86.88524590163934
3394,22428121,MONASH ON RAMP NEAR PUNT,4135,534257010619,99.11623068844835,86.90626313577134
5901,22410719,HOWITT NEAR FOREST & SCHOOL LANE,4136,534279421338,99.12038836153481,86.92728036990333
1979,22366325,PENTRIDGE BLVD NTH OF URQUHART STREET,4137,534301787663,99.12453779857408,86.9482976040353
1577,22298597,"MOUNTAIN HWY, NEAR FORREST RD, THE BASIN",4138,534324086260,99.12867467060448,86.96931483816729
6219,22297338,NORTHERN HWY (NR CARDWELL ST),4139,534346383598,99.13281130906316,86.99033207229928
3575,22295126,HACKETTS ROAD / TOM ROBERTS PARADE,4140,534368678724,99.136947537148,87.01134930643127
1813,22274961,BALLAN ROAD / ISON ROAD,4141,534390953685,99.1410800241892,87.03236654056326
1967,22198875,MELTON HIGHWAY / CROWN DRIVE,4142,534413152560,99.14519839563177,87.05338377469525
2997,21968673,WEBB DOCK DRIVE / KOORINGA WAY,4143,534435121233,99.14927405962439,87.07440100882724
5935,21912062,HIGH NEAR ANSLOW,4144,534457033295,99.15333922105211,87.09541824295923
3666,21842718,POWER NEAR BATESFORD,4145,534478876013,99.157391517668,87.11643547709122
2273,21682898,HEATHERTON ROAD / RETAIL ACCESS RD,4146,534500558911,99.16141416421722,87.1374527112232
6830,21646234,MERRI NEAR KEPLER,4147,534522205145,99.16543000880145,87.1584699453552
1409,21466245,TUCKER ROAD NR VALKSTONE STREET,4148,534543671390,99.16941246153327,87.17948717948718
1482,21367513,THOMAS STREET / SCOTT STREET,4149,534565038903,99.17337659734365,87.20050441361917
2139,21352948,,4150,534586391851,99.17733803103152,87.22152164775116
32115,21347851,HIGH STREETREET / HUGHES PARADE,4151,534607739702,99.18129851911566,87.24253888188315
3410,21346276,FLINDERS LANE / MARKET,4152,534629085978,99.18525871500322,87.26355611601512
1939,21168592,YAN YEAN / HAZEL GLEN,4153,534650254570,99.18918594666573,87.28457335014713
5413,21114810,BARWON HEADS -OCEAN GROVE (ORTON) / PRESIDENTS,4154,534671369380,99.19310320060401,87.30559058427912
1421,21044082,ATHOL ROAD / NOBLE STREET,4155,534692413462,99.19700733296855,87.32660781841109
689,21041942,THOMPSONS NEAR FULLER,4156,534713455404,99.2009110683168,87.3476250525431
3152,21035381,OAK NEAR GALADA,4157,534734490785,99.20481358645765,87.36864228667507
4893,20983495,MORAY / YORK,4158,534755474280,99.20870647862327,87.38965952080706
32020,20855743,SUNBURY ROAD / LANCEFIELD ROAD,4159,534776330023,99.2125756700298,87.41067675493906
1930,20828082,HYDE STREET NR LEEK STREET,4160,534797158105,99.21643972972257,87.43169398907104
1866,20805610,HOPKINS ROAD / KIRKPATRICK BOULEVARD,4161,534817963715,99.2202996203733,87.45271122320302
6724,20794991,PHW NEAR HUNTER,4162,534838758706,99.22415754096986,87.47372845733501
6306,20773204,GISBORNE-KILMORE NEAR SUNBURY-RIDDELLS,4163,534859531910,99.22801141960669,87.494745691467
1887,20714309,CHAPEL ROAD / HOMESLEIGH ROAD,4164,534880246219,99.23185437194721,87.51576292559899
5377,20678143,DAVIS RD / BETHANY RD,4165,534900924362,99.2356906147125,87.53678015973098
1957,20592747,POTTER ST NEAR CRAIGIEBURN STATION,4166,534921517109,99.23951101467281,87.55779739386297
3649,20556648,DONALD BTWN NICHOLSON & LEEDS,4167,534942073757,99.24332471748785,87.57881462799496
6148,20460150,SOUTH STREETREET / HOVELL STREETREET,4168,534962533907,99.24712051783676,87.59983186212695
4120,20394456,O'HEA NEAR BISHOP,4169,534982928363,99.25090413052781,87.62084909625894
5340,20327113,BIRMINGHAM ROAD NEAR ALICE STREET,4170,535003255476,99.25467524963582,87.64186633039091
1835,20312478,HAMPSHIRE ROAD / FOUNDRY ROAD,4171,535023567954,99.25844365363481,87.66288356452291
3135,20306200,MONT ALBERT NEAR HAMILTON,4172,535043874154,99.26221089292902,87.6839007986549
32022,20266249,BELLS ROAD / GRICES ROAD,4173,535064140403,99.26597072044862,87.70491803278688
32023,20223569,BERWICK-CRANBOURNE ROAD / WESTERN ROAD,4174,535084363972,99.26972262990515,87.72593526691888
2116,20190989,HOPKINS ROAD / RIDING BOUNDARY ROAD,4175,535104554961,99.273468495067,87.74695250105086
526,20190442,,4176,535124745403,99.27721425874851,87.76796973518285
5482,20163726,POINT NEPEAN ROAD NEAR ERLANDSEN AVENUE,4177,535144909129,99.28095506603421,87.78898696931485
2144,20116796,SOMERTON ROAD NEAR BLOSSOM DRIVE,4178,535165025925,99.28468716678987,87.81000420344682
1734,20033496,BLACK FOREST RD / HAINES DV / TREEVE RD,4179,535185059421,99.28840381359386,87.83102143757881
1258,19881726,OAK ST BETWEEN GARRARD AND POPLAR,4180,535204941147,99.2920923037803,87.8520386717108
949,19757406,CENTRE DANDENONG NEAR HARLEY,4181,535224698553,99.29575772991787,87.87305590584279
32054,19735804,BELLS ROAD / CONNECTOR RD / CARNIVAL BOULEVARD,4182,535244434357,99.29941914841721,87.89407313997478
6142,19719431,FELLTIMBER CREEK BETWEEN BARTON & STEVENSON,4183,535264153788,99.30307752937094,87.91509037410677
2383,19711018,BAXTER-TOORADIN ROAD WEST OF GOLF LINKS ROAD,4184,535283864806,99.30673434953118,87.93610760823876
4229,19689501,SOMERVILLE NEAR POWELL,4185,535303554307,99.31038717782256,87.95712484237075
5381,19670369,ISON ROAD / BULBAN EAST,4186,535323224676,99.31403645671415,87.97814207650273
32052,19632854,,4187,535342857530,99.31767877576183,87.99915931063472
2223,19558662,HARDYS ROAD / TUCKERS ROAD,4188,535362416192,99.32130733058885,88.0201765447667
2239,19497548,,4189,535381913740,99.32492454744705,88.0411937788987
32012,19363793,,4190,535401277533,99.32851694985983,88.06221101303069
5441,19231880,CRAIGIEBURN ROAD / DORCHESTER STREET,4191,535420509413,99.33208487955802,88.08322824716267
5411,19179269,,4192,535439688682,99.33564304877781,88.10424548129467
5975,19113782,MELBOURNE-LANCEFIELD ROAD BTN MURPHY ST & STAWELL ST,4193,535458802464,99.33918906874271,88.12526271542664
5362,18967254,MELALUKA NEAR LEOPOLD PLAZA ACCESS SC,4194,535477769718,99.34270790459442,88.14627994955863
1484,18954719,SALTWATER PROMENADE NEAR BOVARD AVE,4195,535496724437,99.34622441493251,88.16729718369064
5443,18934529,,4196,535515658966,99.34973717958891,88.18831441782261
1158,18920239,COLEMANS / PRODUCE,4197,535534579205,99.35324729314125,88.2093316519546
3286,18913496,SIMS STREET NEAR FOOTSCRAY ROAD,4198,535553492701,99.35675615572124,88.2303488860866
1496,18883217,PATTERSONS ROAD / CHEROKEE PDE,4199,535572375918,99.36025940089185,88.25136612021858
973,18826079,BAXTER-TOORADIN NEAR PERYMAN,4200,535591201997,99.36375204572764,88.27238335435057
5152,18782587,CHURCH / VINES,4201,535609984584,99.36723662185676,88.29340058848256
5461,18768236,,4202,535628752820,99.37071853556499,88.31441782261454
5440,18735408,CRAIGIEBURN ROAD / CIMBERWOOD DRIVE,4203,535647488228,99.37419435896919,88.33543505674653
5658,18709964,PRINCES HIGHWAY EAST / MYER,4204,535666198192,99.37766546196107,88.35645229087852
5836,18517303,LYDIARD / RAIL CROSSING,4205,535684715495,99.38110082217048,88.37746952501051
2389,18513649,FORREST STREET / FITGERALD ROAD CONNECTOR,4206,535703229144,99.38453550448385,88.39848675914249
32096,18503073,,4207,535721732217,99.38796822472048,88.41950399327449
5425,18392973,SURF COAST / COOMBES / ROSSER,4208,535740125190,99.3913805190258,88.44052122740648
2131,18329715,OFFICER SOUTH ROAD / PRINCES FREEWAY ENTRY / EXIT R…,4209,535758454905,99.39478107760395,88.46153846153845
1762,18216887,HACKETTS ROAD NEAR BROWNLOW DRIVE,4210,535776671792,99.39816070414778,88.48255569567046
32049,18206485,BERESFORD ROAD / GARDINER STREET NEAR CREEK ROAD,4211,535794878277,99.40153840089565,88.50357292980244
2221,18067917,MOLAN ST WEST OF NEWMAN ST,4212,535812946194,99.40489039028246,88.52459016393442
1837,18006631,DONNYBROOK ROAD / PATTERSON DRIVE,4213,535830952825,99.40823100979075,88.54560739806642
3586,17977875,VANTAGE BOULEVARD / ELEVATION BOULEVARD,4214,535848930700,99.4115662944391,88.5666246321984
6004,17969467,STREETATION ROAD / SAUNDERS ROAD,4215,535866900167,99.41490001922159,88.58764186633039
2072,17931651,DUBLIN ROAD / KNAITH ROAD,4216,535884831818,99.41822672831819,88.60865910046239
1964,17923276,MORNINGTON PENINSULA FWY EXIT RAMP / WOODLANDS DRIVE,4217,535902755094,99.42155188367113,88.62967633459436
1557,17916868,FRANKSTON-FLINDERS / PADUA COLLEGE ACCESS,4218,535920671962,99.42487585020147,88.65069356872635
5427,17913833,YORK STREET / CUNNINGHAME STREET,4219,535938585795,99.42819925367368,88.67171080285834
5150,17897580,VINES / CAREY,4220,535956483375,99.43151964186286,88.69272803699033
5663,17872781,PRINCES HWY NR CARPENTER ST,4221,535974356156,99.43483542930117,88.71374527112232
1227,17706822,MCGRATH / BULBAN,4222,535992062978,99.43812042775552,88.73476250525431
2237,17593956,CHIFLEY / BRUTHEN,4223,536009656934,99.44138448712575,88.7557797393863
1825,17545499,DUNLOP ROAD / PROPOSED ACCESS RD,4224,536027202433,99.44463955667442,88.77679697351829
5834,17389771,MIDLAND HIGHWAY (ALBERT) NEAR HERTFORD,4225,536044592204,99.44786573531091,88.79781420765028
1481,17298763,ARMSTRONG ROAD / CHARLWOOD PROMENADE,4226,536061890967,99.45107502999502,88.81883144178227
1491,17183735,HENRY STREET / STATION STREET,4227,536079074702,99.45426298449725,88.83984867591424
1860,17150085,CITY VISTA COURT NORTH OF ROYALE DRIVE,4228,536096224787,99.45744469619669,88.86086591004624
5420,17122059,MORRIS ROAD / WOODS RD / FORTITUDE DR,4229,536113346846,99.46062120846695,88.88188314417823
627,17118940,CROYDON NEAR SURREY,4230,536130465786,99.46379714209525,88.9029003783102
5442,17069753,CRAIGIEBURN ROAD / BALYANG WAY,4231,536147535539,99.46696395047121,88.92391761244221
1868,17032999,SALTWATER PROMENADE / KIRRA PL / COACHING PDE,4232,536164568538,99.47012394018523,88.94493484657418
4547,16983881,DOMAIN NEAR DOMAIN,4233,536181552419,99.4732748174479,88.96595208070617
2074,16965396,"COMO PARADE WEST, SOUTH OF MENTONE PARADE",4234,536198517815,99.47642226534327,88.98696931483818
5383,16961006,ISON ROAD / ARMSTRONG ROAD / TOWNLEY,4235,536215478821,99.47956889879868,89.00798654897015
3326,16922307,ARMSTRONG ROAD / FAIRHALL AVENUENUE,4236,536232401128,99.4827083527526,89.02900378310214
5171,16855192,STATION ST BETWEEN GVL AND HENRY ST,4237,536249256320,99.48583535542241,89.05002101723413
2257,16846434,,4238,536266102754,99.48896073329378,89.07103825136612
1954,16836867,OLD DANDENONG ROAD NEAR MORNINGTON PENINSULA FREEWAY,4239,536282939621,99.49208433627975,89.09205548549811
4572,16825029,QUEEN / FLINDERS LANE,4240,536299764650,99.49520574306068,89.1130727196301
32005,16799290,CORRIGAN ROAD / HAROLD ROAD,4241,536316563940,99.49832237470041,89.13408995376209
1970,16756347,GREENS ROAD / STREETORKBILL ROAD / HAINES DRIVE,4242,536333320287,99.50143103948484,89.15510718789407
1263,16690559,WESTERN PORT RD NEAR RUPERT ST,4243,536350010846,99.50452749917238,89.17612442202606
5396,16673853,MORRIS ROAD / TANGLEWOOD DR,4244,536366684699,99.50762085953558,89.19714165615805
1770,16616365,ISON ROAD / HOLYOAKE PARADE / EUREKA DV,4245,536383301064,99.51070355463139,89.21815889029003
6664,16589403,MONASH WAY / GEORGINA,4246,536399890467,99.51378124769307,89.23917612442203
5474,16500091,ST ALBANS ROAD BETWEEN FURLONG ROAD AND GILMOUR ROAD,4247,536416390558,99.51684237144705,89.26019335855402
4596,16493037,SWANSTON / BOURKE,4248,536432883595,99.51990218653147,89.281210592686
3463,16456175,ANDERSON ST NR FAIRLIE CRT-CLOWES ST,4249,536449339770,99.5229551629176,89.302227826818
6340,16369257,,4250,536465709027,99.52599201413483,89.32324506094997
3211,16264257,MCNAUGHTON NEAR TORTEVAL,4251,536481973284,99.52900938558106,89.34426229508196
2132,16191119,OFFICER SOUTH ROAD / RIX ROAD / BRIDGE ROAD,4252,536498164403,99.53201318834641,89.36527952921396
1444,16176426,HIGHBURY ROAD NR SEVENOAKS ROAD,4253,536514340829,99.53501426524248,89.38629676334594
5454,16081240,BALLARTO ROAD / LYREBIRD DRIVE,4254,536530422069,99.53799768307682,89.40731399747793
5187,16074445,BARWON / SWANSTON,4255,536546496514,99.54097984029168,89.42833123160993
2363,16059902,NEWLANDS ROAD / MCMAHONS ROAD,4256,536562556416,99.54395929946548,89.4493484657419
2372,15982325,,4257,536578538741,99.54692436642793,89.4703656998739
5813,15911499,CURTIS STREET NEAR LOWE,4258,536594450240,99.5498762936355,89.49138293400588
1831,15892456,STATION STREET NEAR WALKERS ROAD,4259,536610342696,99.55282468795471,89.51240016813787
1854,15848578,EEL RACE ROAD AT STATION STREET,4260,536626191274,99.5557649419559,89.53341740226986
5414,15730566,ISON ROAD NEAR BULBAN RD SOUTH,4261,536641921840,99.55868330217864,89.55443463640185
6600,15624161,,4262,536657546001,99.5615819219725,89.57545187053384
3836,15619804,UNION NEAR ST LEONARDS,4263,536673165805,99.56447973344864,89.59646910466581
5432,15490177,SUNBURY ROAD / MARINIS DRIVE,4264,536688655982,99.5673534963126,89.61748633879782
2117,15414007,,4265,536704069989,99.57021312799414,89.6385035729298
5422,15338775,CLARA AVE BTWEEN NILE DR & YUKON ST,4266,536719408764,99.5730588025125,89.65952080706178
3477,15308324,RAILWAY BETWEEN EPSOM & FITZROY,4267,536734717088,99.57589882771177,89.68053804119378
32132,15301119,PRINCES FWY / HEALESVILLE – KOO WEE RUP (SOUTH),4268,536750018207,99.57873751622768,89.70155527532576
349,15203984,ROOKS NEAR CARWEEN,4269,536765222191,99.58155818410022,89.72257250945775
1834,15202453,STATION STREET SOUTH OF PATTERSON RIVER,4270,536780424644,99.58437856793914,89.74358974358975
5373,15148113,DAVIS ROAD / HOGANS ROAD,4271,536795572757,99.58718887053276,89.76460697772173
5369,15082137,UNITY DRIVE / SOVEREIGN DRIVE,4272,536810654894,99.58998693315141,89.78562421185372
4908,15052733,VICTORIA NEAR DANKS,4273,536825707627,99.59277954069209,89.80664144598572
32046,14997352,,4274,536840704979,99.59556187385947,89.8276586801177
2261,14888086,HALLAM NORTH ROAD / THOMAS MITCHELL DRIVE,4275,536855593065,99.59832393582057,89.84867591424968
6064,14848632,MAUDE STREETREET / VAUGHAN STREETREET,4276,536870441697,99.60107867821135,89.86969314838167
3672,14832783,DIMBOOLA / MAIN,4277,536885274480,99.60383048026983,89.89071038251366
32018,14790900,HEALESVILLE-KOO WEE RUP ROAD / GREEN HILLS ROAD,4278,536900065380,99.60657451212595,89.91172761664565
1827,14783861,ARMSTRONGS ROAD / RAILWAY PARADE,4279,536914849241,99.6093172380953,89.93274485077764
6047,14760758,CLIFTON / ANDERSON,4280,536929609999,99.6120556779585,89.95376208490963
6268,14712008,MURRAY VALLEY HIGHWAY / ELIZABETH STREET / ACCESS R…,4281,536944322007,99.61478507364228,89.9747793190416
5837,14710897,GILLIES / LAKE GARDENS,4282,536959032904,99.61751426321155,89.9957965531736
2283,14444677,,4283,536973477581,99.62019406321285,90.0168137873056
6072,14321591,GOULBURN VLY HIGHWAY NEAR GRANT,4284,536987799172,99.62285102809896,90.03783102143757
5436,14295886,CORIO QUAY ROAD / GEELONG PORT ACCESS ROAD,4285,537002095058,99.62550322415163,90.05884825556957
589,14221139,SPRINGFIELD NEAR PRIMROSE ST,4286,537016316197,99.62814155301913,90.07986548970156
5852,14051683,HALLETTS WAY / WESTERN FWY ENTRY RAMP,4287,537030367880,99.63074844413353,90.10088272383354
5444,14046101,BELLS ROAD / ST GERMAIN BOULEVARD,4288,537044413981,99.6333542996662,90.12189995796554
2790,13990194,,4289,537058404175,99.63594978324119,90.14291719209751
6071,13975360,GOULBURN VLY HIGHWAY NEAR MADELINE,4290,537072379535,99.63854251478833,90.1639344262295
32072,13843247,WEBB ST NEAR NARRE WARREN STATION CAR PARK,4291,537086222782,99.64111073651655,90.1849516603615
4690,13738406,ATHERTON NEAR DRUMMOND,4292,537099961188,99.64365950797172,90.20596889449348
1969,13665393,TUCKERS ROAD / SOFRAS ROAD,4293,537113626581,99.64619473393621,90.22698612862547
3869,13660636,ERIN NEAR NORMANBY,4294,537127287217,99.64872907737433,90.24800336275746
5438,13623003,HALL ROAD / TAYLOR ROAD,4295,537140910220,99.65125643907699,90.26902059688945
32188,13575286,,4296,537154485506,99.6537749482441,90.29003783102144
5451,13533670,,4297,537168019176,99.65628573674311,90.31105506515343
5476,13526052,HULL ROAD / HOUNOR AVENUE,4298,537181545228,99.65879511193837,90.33207229928541
1771,13483897,ISON ROAD / MANOR LAKES BOULEVARD,4299,537195029125,99.66129666646937,90.3530895334174
1473,13443755,BRANDON PARK DRIVE SOUTH OF COLLEGUM AVE,4300,537208472880,99.66379077379115,90.37410676754939
1571,13425911,LINK ROAD / WATSON DRIVE,4301,537221898791,99.66628157066499,90.39512400168138
4546,13385982,DOMAIN NEAR ST KILDA,4302,537235284773,99.66876495984572,90.41614123581337
523,13268371,JOSEPHINE NEAR MONASH FWY,4303,537248553144,99.67122652964221,90.43715846994536
32111,13170966,BALWYN ROAD NEAR TOWER ROAD,4304,537261724110,99.67367002870445,90.45817570407735
3628,13164617,APPLETON DOCK / COODE,4305,537274888727,99.67611234988988,90.47919293820932
2130,13124909,OFFICER SOUTH ROAD / FLANAGAN AVENUE,4306,537288013636,99.67854730438248,90.50021017234133
5466,13068896,MCGREGOR ROAD / SOUTH EAST BVD,4307,537301082532,99.68097186725208,90.5212274064733
3276,13036336,,4308,537314118868,99.68339038953748,90.54224464060529
32131,12990329,PRINCES FWY / HEALESVILLE – KOO WEE RUP (NORTH),4309,537327109197,99.68580037652931,90.5632618747373
1414,12764809,,4310,537339874006,99.68816852468345,90.58427910886927
1874,12761296,BRIDGE INN ROAD / RIVERDALE BOULEVARD,4311,537352635302,99.69053602110012,90.60529634300126
1853,12751778,PATTERSONS ROAD / BELLS ROAD,4312,537365387080,99.69290175172193,90.62631357713325
32138,12701413,,4313,537378088493,99.6952581385469,90.64733081126523
1867,12541504,THOMPSONS ROAD / SMITHS LANE,4314,537390629997,99.69758485879379,90.66834804539722
2032,12534674,GRANTS ROAD / TAXI PARKING ACCESS,4315,537403164671,99.69991031192794,90.68936527952921
1582,12523698,SKY ROAD / TOLL ACCESS,4316,537415688369,99.7022337287767,90.7103825136612
2262,12419755,MCDONALD / ACCESS,4317,537428108124,99.70453786195083,90.73139974779319
1804,12305864,,4318,537440413988,99.70682086588114,90.75241698192518
5868,12261258,MIDLAND HWY / DOCWRA ST / PRINCE ST,4319,537452675246,99.7090955944337,90.77343421605717
2128,12235536,,4320,537464910782,99.71136555099893,90.79445145018916
2374,12203696,LATHAMS ROAD / COLEMANS ROAD,4321,537477114478,99.71362960055549,90.81546868432115
1552,12202321,BOURKE STREET / COLLINS STREET / TOM THUMB L,4322,537489316799,99.71589339501983,90.83648591845314
5861,12185388,BARKLY STREET NEAR STEINFELD STREET (NORTH),4323,537501502187,99.71815404804643,90.85750315258511
2473,12153884,GREENS ROAD / CALLAWAY STREETREET,4324,537513656071,99.72040885639964,90.87852038671711
5449,12013995,TAYLORS / FRONTIER / RECREATION - AINTREE,4325,537525670066,99.72263771231775,90.89953762084909
1863,11999732,,4326,537537669798,99.72486392214087,90.92055485498108
2031,11976032,GRANTS ROAD / SERVICE ROAD,4327,537549645830,99.7270857351014,90.94157208911308
3046,11956391,PORTMAN NEAR EATON,4328,537561602221,99.72930390423161,90.96258932324506
32009,11938692,,4329,537573540913,99.73151878981452,90.98360655737704
5375,11845788,FOREST NEAR LAKE,4330,537585386701,99.73371643969607,91.00462379150905
2243,11806292,PATTERSON DRIVE NEAR HAYES HILL BOULEVARD,4331,537597192993,99.73590676221535,91.02564102564102
1811,11774288,SOMERTON ROAD / FLEETWOOD DRIVE,4332,537608967281,99.73809114730044,91.04665825977301
2373,11759483,LATHAMS ROAD / STEPHENSON RD,4333,537620726764,99.74027278573782,91.067675493905
1348,11581623,,4334,537632308387,99.74242142729834,91.08869272803699
32024,11446943,BRIDGE INN ROAD / COOKES ROAD,4335,537643755330,99.74454508280591,91.10970996216898
4592,11431785,KING / LITTLE COLLINS,4336,537655187115,99.74666592617665,91.13072719630097
2995,11427581,WEBB DOCK DRIVE / ACCESS ROAD,4337,537666614696,99.74878598961446,91.15174443043296
2230,11427511,FLETCHER NEAR NICHOLSON,4338,537678042207,99.75090604006576,91.17276166456494
4452,11395418,WELLINGTON NEAR AGNES,4339,537689437625,99.75302013657142,91.19377889869693
1995,11359778,CENTENARY AVE BET SMOULT DR AND ARAWATA PDE,4340,537700797403,99.75512762108626,91.21479613282892
1987,11312342,MOUNT COTTRELL RD / ALFRED RD / FUTURE RD,4341,537712109745,99.75722630519711,91.23581336696091
5430,11290798,POUND ROAD WEST / VENTURA PLACE,4342,537723400543,99.75932099243,91.2568306010929
2098,11235969,TRAM ROAD BETWEEN EILDON STREET & GRAND BOULEVARD,4343,537734636512,99.7614055076975,91.27784783522488
32176,11234242,KOOYONG ROAD NR SYCAMORE STREET,4344,537745870754,99.76348970256917,91.29886506935688
4529,11226490,MELBOURNE PARK NTH ACCESS / FED SQ ACCESS,4345,537757097244,99.76557245927718,91.31988230348887
5378,11130215,BRODERICK - HEALES RD CORIO,4346,537768227459,99.76763735489038,91.34089953762084
32154,11081207,,4347,537779308666,99.76969315845962,91.36191677175283
32062,11062237,,4348,537790370903,99.77174544268355,91.38293400588483
3045,11016081,CHESTER NEAR EATON,4349,537801386984,99.7737891639712,91.40395124001681
32006,10991758,HARDYS ROAD / THOROUGHBRED DRIVE,4350,537812378742,99.77582837281628,91.4249684741488
1847,10981788,,4351,537823360530,99.77786573201072,91.44598570828079
6244,10889639,NORTHERN HIGHWAY NR BARRACK ST,4352,537834250169,99.77988599557261,91.46700294241278
2362,10882808,THAMES PROMENADE / SCOTCH PARADE,4353,537845132977,99.78190499183626,91.48802017654477
2278,10881878,BOUNDARY ROAD / HURST DRIVE,4354,537856014855,99.78392381556479,91.50903741067675
6052,10843483,NEW DOOKIE / WHEELER,4355,537866858338,99.78593551619039,91.53005464480874
1300,10734408,,4356,537877592746,99.78792698104436,91.55107187894073
2285,10732793,MICKLEHAM ROAD / MOUNT RIDLEY ROAD,4357,537888325539,99.78991814628088,91.57208911307272
4607,10699573,QUEEN / LITTLE BOURKE,4358,537899025112,99.79190314848893,91.59310634720471
3865,10578278,LENNOX NEAR YORK,4359,537909603390,99.79386564785102,91.6141235813367
6406,10543605,SUNRAYSIA NEAR WALKER,4360,537920146995,99.7958217146217,91.63514081546869
2247,10497425,,4361,537930644420,99.79776921400355,91.65615804960068
2248,10461875,LANCEFIELD / ROLLING MEADOWS / RHYE,4362,537941106295,99.79971011809151,91.67717528373267
3623,10433640,,4363,537951539935,99.80164578397628,91.69819251786465
1965,10417532,FERRIS ROAD / ALFRED ROAD / WIMBELDON BLVD,4364,537961957467,99.80357846147868,91.71920975199663
6247,10391137,BENDIGO-REDESDALE ROAD / KAIRN ROAD,4365,537972348604,99.80550624213768,91.74022698612862
1991,10342642,MOUNT COTTRELL ROAD / BAXTER PARK DRIVE,4366,537982691246,99.8074250259253,91.76124422026062
5499,10218599,FYANS STREET NEAR CARR STREET,4367,537992909845,99.80932079705356,91.7822614543926
3470,10095255,ALBION NR GRONN,4368,538003005100,99.81119368520204,91.80327868852459
1492,9989621,,4369,538012994721,99.81304697595883,91.82429592265657
5986,9945228,GLADSTONE / INKERMAN / PEKIN,4370,538022939949,99.81489203085395,91.84531315678856
2227,9914458,,4371,538032854407,99.81673137724857,91.86633039092055
1875,9910422,,4372,538042764829,99.81856997487789,91.88734762505254
2477,9858159,,4373,538052622988,99.82039887659033,91.90836485918453
4609,9816598,KING / LITTLE BOURKE,4374,538062439586,99.82222006783837,91.92938209331652
4604,9812110,RUSSELL / LITTLE BOURKE,4375,538072251696,99.82404042646534,91.95039932744851
32159,9635738,,4376,538081887434,99.82582806427165,91.9714165615805
1495,9462569,MORRIS ROAD / EVERTON ROAD,4377,538091350003,99.82758357548303,91.99243379571249
1871,9367140,,4378,538100717143,99.82932138255094,92.01345102984448
5374,9306681,SAYERS ROAD / HERMOSA DVE / MEDALLION BLVD,4379,538110023824,99.8310479731667,92.03446826397646
6610,9294865,PRINCES WAY NR SCHOOL ROAD,4380,538119318689,99.8327723716589,92.05548549810845
32097,9279451,,4381,538128598140,99.83449391052072,92.07650273224044
2192,9241430,,4382,538137839570,99.8362083956647,92.09751996637242
32094,9231390,,4383,538147070960,99.83792101817153,92.11853720050442
5452,9146528,DOHERTYS ROAD / DAVIS ROAD,4384,538156217488,99.8396178969419,92.13955443463641
32007,9114047,HARDYS ROAD / KHAN BOULEVARD,4385,538165331535,99.84130874978426,92.16057166876838
32160,9111814,CITY CIRCUT / CHADSTONE CAR PARK C NE ACCESS,4386,538174443349,99.84299918835683,92.18158890290039
2121,9097661,,4387,538183541010,99.8446870012418,92.20260613703236
5429,9086445,POUND ROAD WEST / HYDRIVE CLOSE,4388,538192627455,99.84637273331616,92.22362337116435
4588,9029414,SWANSTON / LITTLE COLLINS,4389,538201656869,99.84804788490653,92.24464060529634
32048,9009820,,4390,538210666689,99.84971940138611,92.26565783942833
32148,8990621,,4391,538219657310,99.85138735603594,92.28667507356032
32156,8905878,,4392,538228563188,99.85303958902641,92.3076923076923
32155,8833587,,4393,538237396775,99.85467841047281,92.3287095418243
32074,8609584,,4394,538246006359,99.85627567451787,92.34972677595628
1975,8557031,KOUKOURA DR / EASTSTONE AVE / YANN DR,4395,538254563390,99.85786318884476,92.37074401008827
4586,8517696,EXHIBITION / LITTLE COLLINS,4396,538263081086,99.8594434056784,92.39176124422026
6053,8480944,VERNEY / PINE / SANTA ROSA,4397,538271562030,99.86101680422115,92.41277847835225
32025,8424973,BRIDGE INN ROAD / IVANHOE GRAMMAR ENTRY,4398,538279987003,99.86257981893283,92.43379571248424
4302,8423485,ORIEL NEAR BANKSIA,4399,538288410488,99.86414255758832,92.45481294661623
32053,8364964,,4400,538296775452,99.86569443933257,92.4758301807482
5874,8315421,BALLARAT-BUNINYONG / RECREATION,4401,538305090873,99.8672371297788,92.49684741488021
3369,8229730,TUCKER RD / APPLEJACK BVD / CREEKSIDE ST,4402,538313320603,99.86876392269114,92.5178646490122
6723,8223622,OLD DOOKIE / ANDREW FAIRLEY / LOCKWOOD / SPC,4403,538321544225,99.87028958243738,92.53888188314417
1469,8077020,,4404,538329621245,99.87178804434183,92.55989911727617
4568,8049631,EXHIBITION / FLINDERS LANE,4405,538337670876,99.87328142499439,92.58091635140816
5453,8024251,PRINCES HIGHWAY / APSLEY PARKWAY / CONNECTOR B ROAD,4406,538345695127,99.87477009710801,92.60193358554014
2288,7982892,,4407,538353678019,99.87625109623261,92.62295081967213
1888,7865049,,4408,538361543068,99.87771023293192,92.64396805380412
4590,7840956,QUEEN / LITTLE COLLINS,4409,538369384024,99.87916489985864,92.6649852879361
5870,7768753,DYSON DRIVE / CUZENS ROAD / FAWCETT ROAD,4410,538377152777,99.8806061715672,92.6860025220681
32108,7752827,,4411,538384905604,99.88204448865832,92.70701975620008
2086,7685611,CENTRE ROAD / HOMESTEAD ROAD / MAIN STREET,4412,538392591215,99.88347033572764,92.72803699033207
32088,7667483,,4413,538400258698,99.88489281966089,92.74905422446406
2917,7641189,KING / LITTLE LONSDALE,4414,538407899887,99.88631042548842,92.77007145859605
1977,7592759,BALLAN / KINGLAKE,4415,538415492646,99.88771904650349,92.79108869272804
3277,7589722,,4416,538423082368,99.88912710408937,92.81210592686003
32268,7548670,,4417,538430631038,99.89052754564136,92.83312316099202
5940,7508599,MT BAINBRIDGE NEAR STEWART,4418,538438139637,99.89192055315617,92.85414039512399
6048,7475637,GOULBURN VALLEY HIGHWAY NEAR PRENTICE,4419,538445615274,99.89330744550705,92.875157629256
3282,7475618,,4420,538453090892,99.89469433433304,92.89617486338798
2915,7371001,QUEEN / LITTLE LONSDALE,4421,538460461893,99.89606181444279,92.91719209751996
2234,7333562,BELGRAVE-GEMBROOK RD / BAYVIEW RD,4422,538467795455,99.89742234880829,92.93820933165196
2360,7172178,,4423,538474967633,99.89875294295129,92.95922656578395
5486,7021168,HORSESHOE BEND / WORN / PRECINCT,4424,538481988801,99.90005552147316,92.98024379991593
4875,7002145,BRIDPORT / LIGHT RAIL CROSSING,4425,538488990946,99.90135457081709,93.00126103404793
2476,6926527,,4426,538495917473,99.90263959138652,93.0222782681799
3275,6917869,,4427,538502835342,99.90392300570967,93.04329550231189
32100,6900494,GREIGS ROAD / INNOVATION AVENUENUE,4428,538509735836,99.90520319659454,93.0643127364439
7047,6889240,SWALLOW / LIGHT RAIL CROSSING,4429,538516625076,99.90648129961899,93.08532997057587
404,6878462,KINGSWAY NEAR O'SULLIVAN,4430,538523503538,99.90775740309134,93.10634720470786
32027,6830249,NEPEAN HIGHWAY / FORREST DRIVE,4431,538530333787,99.90902456200939,93.12736443883985
7664,6646311,,4432,538536980098,99.91025759645014,93.14838167297184
2533,6583804,WILTSHIRE BLVD NEAR SADIE AVE,4433,538543563902,99.91147903449044,93.16939890710383
6648,6561931,,4434,538550125833,99.91269641461618,93.19041614123581
5865,6517058,WESTERN / STREETAWELL-AVOCA / LAKE FYANS,4435,538556642891,99.91390546982987,93.2114333753678
32045,6469572,BALLARTO ROAD / RIVERLAND ROAD,4436,538563112463,99.9151057153635,93.2324506094998
2367,6430622,TIMBERTOP BOULEVARD / HEDGEVALE DRIVE / PINK HILL B…,4437,538569543085,99.9162987348297,93.25346784363178
6249,6424316,,4438,538575967401,99.9174905843965,93.27448507776377
32064,6390889,,4439,538582358290,99.91867623253184,93.29550231189575
1869,6246328,GRAND BOULEVARD / ALTEZZE DRIVE,4440,538588604618,99.91983506147503,93.31651954602775
5445,6178190,,4441,538594782808,99.92098124934547,93.33753678015974
6350,6166625,,4442,538600949433,99.92212529165829,93.35855401429171
2911,6120243,EXHIBITION / LITTLE LONSDALE,4443,538607069676,99.92326072910694,93.37957124842372
32133,6105477,,4444,538613175153,99.92439342714322,93.40058848255569
2359,6063112,BAXTERPARK DR BTWN SHAMROCK-ARKLAY,4445,538619238265,99.9255182655557,93.42160571668768
32178,6059798,,4446,538625298063,99.9266424891495,93.44262295081968
6096,6026731,HAWDON NEAR REA (SHEPP HS),4447,538631324794,99.92776057809961,93.46364018495166
5494,5913388,FYANS STREET / WOOD STREET,4448,538637238182,99.92885763947179,93.48465741908365
2364,5897848,HARDYS ROAD / BELLS ROAD,4449,538643136030,99.92995181783783,93.50567465321564
3278,5848556,,4450,538648984586,99.93103685147177,93.52669188734762
32191,5841894,,4451,538654826480,99.93212064916062,93.54770912147961
2196,5790822,,4452,538660617302,99.93319497188887,93.5687263556116
32146,5754157,,4453,538666371459,99.93426249246659,93.58974358974359
1587,5750299,FOGARTY AVENUE NEAR WEMBLEY AVENUE,4454,538672121758,99.93532929730186,93.61076082387558
6705,5734467,,4455,538677856225,99.93639316495873,93.63177805800757
32026,5692280,BRIDGE INN ROAD / GARDEN ROAD,4456,538683548505,99.93744920601463,93.65279529213956
8521,5656625,HYDE STREET / LEEK STREET,4457,538689205130,99.93849863229688,93.67381252627153
32104,5625144,,4458,538694830274,99.93954221817275,93.69482976040354
1877,5591572,,4459,538700421846,99.9405795757165,93.71584699453553
5433,5545611,BAANIP BOULEVARD / BOUNDARY ROAD,4460,538705967457,99.94160840650066,93.7368642286675
1848,5522100,,4461,538711489557,99.94263287548583,93.7578814627995
5426,5478571,,4462,538716968128,99.94364926890002,93.77889869693148
5455,5411291,,4463,538722379419,99.94465318041904,93.79991593106347
32079,5400070,HARDYS ROAD / BURLINA BOULEVARD,4464,538727779489,99.94565501019986,93.82093316519547
2015,5365173,MELBOURNE NEAR HOBART (KNOX CITY),4465,538733144662,99.94665036583243,93.84195039932744
5467,5277503,,4466,538738422165,99.94762945678379,93.86296763345943
1878,5011683,HAYES HILL BOULEVARD / EUCALYPTUS PARADE,4467,538743433848,99.94855923237587,93.88398486759144
32070,4986175,BALLARTO ROAD / FLINDERS CHRISTIAN COMMUNITY COLLEG…,4468,538748420023,99.94948427568224,93.90500210172341
5478,4942982,,4469,538753363005,99.9504013057529,93.9260193358554
5871,4935673,,4470,538758298678,99.95131697984598,93.94703656998739
1546,4908018,HARVEST HOME ROAD NEAR GAMMAGE BOULEVARD,4471,538763206696,99.95222752333842,93.96805380411938
7050,4853520,,4472,538768060216,99.95312795627315,93.98907103825137
5485,4824317,,4473,538772884533,99.95402297141976,94.01008827238336
4603,4806325,EXHIBITION / LITTLE BOURKE,4474,538777690858,99.95491464866123,94.03110550651535
1216,4725592,HARVEST HOME / EDEN VALE BVD / REDDING RISE,4475,538782416450,99.95579134818506,94.05212274064732
6360,4707344,NORTHERN HWY / MCIVORS ROAD,4476,538787123794,99.9566646623102,94.07313997477932
32152,4705076,PARKERS ROAD BETWEEN COMO PARADE EAST & WEST,4477,538791828870,99.9575375556723,94.09415720891131
4177,4674887,WATSONIA-MORWELL,4478,538796503757,99.95840484832196,94.11517444304329
2371,4639843,DONNYBROOK ROAD / MONAKEEBA BVD,4479,538801143600,99.95926563955166,94.13619167717529
5261,4616034,,4480,538805759634,99.96012201369689,94.15720891130728
6644,4613569,,4481,538810373203,99.96097793053133,94.17822614543925
4877,4612247,BRIDGE / LIGHT RAIL CROSSING,4482,538814985450,99.96183360210617,94.19924337957126
1948,4581344,GRATTAN STREET / BARRY STREET,4483,538819566794,99.96268354050612,94.22026061370323
1838,4570430,PATTERSON DRIVE / HAYES HILL BOULEVARD,4484,538824137224,99.96353145412301,94.24127784783522
4316,4569647,MILITARY NEAR CLARENDON,4485,538828706871,99.96437922247647,94.26229508196722
1949,4551006,GRATTAN STREET / LEICESTER STREET,4486,538833257877,99.96522353252125,94.2833123160992
32139,4489771,,4487,538837747648,99.9660564821491,94.30432955023119
4876,4474162,INGLES / LIGHT RAIL CROSSING,4488,538842221810,99.96688653596986,94.32534678436318
5398,4450804,HOGANS ROAD / CONNAUGHT ROAD,4489,538846672614,99.96771225637642,94.34636401849517
5867,4442072,MIDLAND HWY NEAR PARKER ST,4490,538851114686,99.96853635680812,94.36738125262715
5439,4373880,BELLS ROAD / BELLAVITA AVENUE,4491,538855488566,99.96934780614892,94.38839848675914
32067,4372575,BALLARTO ROAD / GREENWOOD DR,4492,538859861141,99.97015901338398,94.40941572089113
2241,4293012,,4493,538864154153,99.97095545996171,94.43043295502311
2388,4184367,,4494,538868338520,99.97173175054212,94.45145018915511
6318,4101981,BARANDUDA BVD / JOHN SCHUBURT DRV / GLENWOOD BVD,4495,538872440501,99.97249275673764,94.4724674232871
2284,4052137,,4496,538876492638,99.97324451579308,94.49348465741907
6199,4026631,CHAPEL (MCIVOR HIGHWAY) / HARGREAVES,4497,538880519269,99.97399154293389,94.51450189155108
1963,4014204,EDWARDES NEAR HARBURY,4498,538884533473,99.9747362645974,94.53551912568307
2232,3794771,SHIPWRIGHT PARADE / BRADFIELD STREET,4499,538888328244,99.97544027669339,94.55653635981504
2281,3739291,PATTERSONS RD / ORANA BLVD / SOUTH ST,4500,538892067535,99.97613399604943,94.57755359394704
32016,3567389,,4501,538895634924,99.97679582386648,94.59857082807902
32143,3527273,,4502,538899162197,99.97745020929788,94.61958806221101
6155,3488173,HIGH NEAR STANLEY,4503,538902650370,99.9780973408336,94.64060529634301
1417,3435592,,4504,538906085962,99.97873471745655,94.66162253047499
2263,3386714,SOFRA ROAD / BURLINA BOULEVARD,4505,538909472676,99.97936302615335,94.68263976460698
5475,3374256,,4506,538912846932,99.97998902362171,94.70365699873896
2129,3366423,JARDIN ROAD / VOYAGER DRIVE / VOYAGER DRIVE EAST,4507,538916213355,99.98061356789914,94.72467423287095
32183,3357731,,4508,538919571086,99.9812364996226,94.74569146700294
5500,3343413,,4509,538922914499,99.98185677504735,94.76670870113493
6222,3207246,MC IVOR HIGHWAY NEAR PUTNAM,4510,538926121745,99.98245178854852,94.78772593526692
32149,3168679,WELLS RD / BARDIA AVE / KANANOOK STATION CAR PARK A…,4511,538929290424,99.98303964703705,94.80874316939891
32082,3048590,AITKEN / ENGLISH,4512,538932339014,99.9836052264187,94.8297604035309
32123,3008872,,4513,538935347886,99.98416343725232,94.85077763766289
2294,2987850,ALBERT / MSAC ACCESS ROAD EXIT,4514,538938335736,99.98471774805026,94.87179487179486
2266,2951098,,4515,538941286834,99.98526524055731,94.89281210592686
32134,2938909,,4516,538944225743,99.98581047174123,94.91382934005885
3458,2845526,,4517,538947071269,99.98633837835891,94.93484657419083
1857,2821420,,4518,538949892689,99.9868618127922,94.95586380832283
32203,2756774,,4519,538952649463,99.9873732539943,94.9768810424548
32249,2716853,,4520,538955366316,99.98787728898746,94.9978982765868
6352,2443915,,4521,538957810231,99.98833068807836,95.0189155107188
32019,2440148,DOHERTYS ROAD / MODESTO DRIVE,4522,538960250379,99.98878338830929,95.03993274485077
1703,2373194,RAILWAY PLACE @ RINGWOOD STATION BUS INT,4523,538962623573,99.9892236671251,95.06094997898276
3430,2319926,SOMERVILLE / HYDE,4524,538964943499,99.98965406357479,95.08196721311475
6651,2293787,,4525,538967237286,99.99007961067464,95.10298444724674
1829,2099407,LAURENS STREET NEAR BARWISE STREET,4526,538969336693,99.99046909608033,95.12400168137873
2095,2062280,RIDING BOUNDARY ROAD / INDUSTRIAL CONNECTOR / ACCES…,4527,538971398973,99.99085169362452,95.14501891551072
3328,2055381,,4528,538973454354,99.99123301125498,95.16603614964271
32075,2050232,,4529,538975504586,99.99161337363458,95.1870533837747
32010,2001962,JELLS ROAD / WAVERLEY ROAD,4530,538977506548,99.99198478088516,95.20807061790669
2080,1952869,CAMERON ST / CLOVERTON BOULEVARD,4531,538979459417,99.99234708032245,95.22908785203867
32233,1915249,,4532,538981374666,99.99270240043604,95.25010508617065
6246,1874106,MIDLAND HWY NEAR CHUTE STREET,4533,538983248772,99.99305008763329,95.27112232030265
7667,1870507,,4534,538985119279,99.99339710713821,95.29213955443464
32058,1785898,,4535,538986905177,99.99372842984363,95.31315678856662
1968,1781058,FERRIS ROAD / WEMBLEY AVENUE,4536,538988686235,99.99405885462438,95.33417402269862
7662,1672773,,4537,538990359008,99.99436919019557,95.3551912568306
32041,1534698,,4538,538991893706,99.99465390986792,95.37620849096258
4918,1454246,CANTERBURY / MILLS,4539,538993347952,99.99492370395419,95.39722572509459
2286,1447536,MOUNT RIDLEY ROAD / BROSSARD ROAD,4540,538994795488,99.99519225319033,95.41824295922656
2532,1405161,HAUGHTON ROAD NR THOMAS ST (BUS LANE),4541,538996200649,99.99545294094746,95.43926019335855
32106,1272829,MOUNT ATKINSON ROAD / RIDING BOUNDARY ROAD,4542,538997473478,99.99568907825643,95.46027742749055
32043,1236152,,4543,538998709630,99.99591841118864,95.48129466162253
1360,1234803,FOOTSCRAY (SERVICE RD) NEAR APPLETON DK RD,4544,538999944433,99.99614749385218,95.50231189575452
2267,1220719,,4545,539001165152,99.9963739636291,95.5233291298865
3156,1218523,,4546,539002383675,99.99660002600051,95.5443463640185
32194,1173296,,4547,539003556971,99.99681769778523,95.56536359815048
32105,1150685,RIDING BOUNDARY ROAD / EVOLUTION ROAD,4548,539004707656,99.99703117474041,95.58638083228247
32177,1139120,,4549,539005846776,99.99724250613795,95.60739806641446
2392,1090921,,4550,539006937697,99.99744489557852,95.62841530054644
32197,1069407,,4551,539008007104,99.99764329370677,95.64943253467844
32073,1023614,,4552,539009030718,99.99783319624309,95.67044976881043
2124,1000739,ISON ROAD / PLANE AVENUE,4553,539010031457,99.99801885497214,95.6914670029424
32102,941165,,4554,539010972622,99.9981934614357,95.7124842370744
32282,864490,,4555,539011837112,99.9983538430284,95.7335014712064
2091,827622,ISON / CALLAWAY,4556,539012664734,99.99850738480967,95.75451870533837
3743,783697,TYLER NEAR BOWDEN,4557,539013448431,99.99865277755343,95.77553593947037
32182,777904,BALLARTO ROAD / POTTS ROAD SKYE,4558,539014226335,99.9987970955704,95.79655317360235
2275,681575,ISON ROAD / BLACK FOREST ROAD,4559,539014907910,99.99892354247439,95.81757040773434
32101,615013,,4560,539015522923,99.99903764068773,95.83858764186634
3464,566062,,4561,539016088985,99.99914265743185,95.85960487599831
2240,546914,,4562,539016635899,99.99924412180783,95.8806221101303
3366,530119,,4563,539017166018,99.99934247034804,95.90163934426229
6620,476155,BRANDY CREEK / ALBERT,4564,539017642173,99.99943080739911,95.92265657839428
32042,447443,BELLS ROAD / HEATHER GROVE,4565,539018089616,99.99951381775315,95.94367381252627
7987,322435,,4566,539018412051,99.99957363641947,95.96469104665826
6248,286650,,4567,539018698701,99.9996268161943,95.98570828079025
4708,270071,WAVERLEY NEAR SAVIO,4568,539018968772,99.99967692020604,96.00672551492224
4705,192126,RING ROAD SOUTH AT MONASH UNI,4569,539019160898,99.99971256373445,96.02774274905423
32110,148115,MOUNT ATKINSON ROAD / COLLECTIVE ST,4570,539019309013,99.99974004227047,96.04875998318622
32057,134572,,4571,539019443585,99.99976500828708,96.0697772173182
32202,132206,,4572,539019575791,99.99978953535951,96.0907944514502
3492,117563,,4573,539019693354,99.99981134583874,96.11181168558218
534,108185,,4574,539019801539,99.99983141649611,96.13282891971416
1591,88260,,4575,539019889799,99.99984779063506,96.15384615384616
32151,71274,,4576,539019961073,99.9998610135036,96.17486338797814
7232,70336,,4577,539020031409,99.99987406235287,96.19588062211012
5101,66580,SEPARATION / DOURO,4578,539020097989,99.9998864143829,96.21689785624213
1314,46972,,4579,539020144961,99.99989512870484,96.2379150903741
32223,41267,,4580,539020186228,99.99990278462589,96.25893232450609
32040,40149,,4581,539020226377,99.99991023313375,96.27994955863808
388,39514,,4582,539020265891,99.99991756383538,96.30096679277007
443,35188,,4583,539020301079,99.99992409197046,96.32198402690206
3978,34916,,4584,539020335995,99.99993056964364,96.34300126103405
553,34669,,4585,539020370664,99.99993700149298,96.36401849516604
7233,32778,,4586,539020403442,99.99994308252091,96.38503572929802
1137,32523,,4587,539020435965,99.99994911624084,96.40605296343001
32186,30011,,4588,539020465976,99.99995468393044,96.427070197562
3944,22171,,4589,539020488147,99.99995879713046,96.44808743169399
2990,21336,MCG ACCESS / BRUNTON,4590,539020509483,99.99996275541993,96.46910466582598
4683,19033,WESTGARTH NEAR GREEN,4591,539020528516,99.99996628645309,96.49012189995797
193,18991,,4592,539020547507,99.99996980969433,96.51113913408994
5855,18945,,4593,539020566452,99.9999733244016,96.53215636822195
7231,17003,,4594,539020583455,99.99997647882584,96.55317360235392
6266,16432,,4595,539020599887,99.99997952731724,96.57419083648591
2777,15896,,4596,539020615783,99.99998247636906,96.59520807061791
1538,14745,,4597,539020630528,99.99998521188547,96.61622530474989
1574,11782,,4598,539020642310,99.99998739770129,96.63724253888188
1543,10147,SCORESBY ROAD / BAYSWATER CFA,4599,539020652457,99.99998928018925,96.65825977301387
3359,9887,,4600,539020662344,99.9999911144416,96.67927700714586
1756,8061,FALCONER ROAD / YEOMAN CRT / CFA STATION,4601,539020670405,99.99999260993144,96.70029424127785
3847,7106,CHADSTONE NEAR ABBOTSFORD,4602,539020677511,99.99999392824814,96.72131147540983
32059,6850,,4603,539020684361,99.99999519907131,96.74232870954182
7230,6194,,4604,539020690555,99.99999634819227,96.76334594367381
872,4192,,4605,539020694747,99.99999712589893,96.7843631778058
1110,3999,,4606,539020698746,99.99999786779993,96.80538041193779
4508,2904,VICTORIA NEAR O'CONNELL,4607,539020701650,99.99999840655474,96.82639764606978
2689,2420,,4608,539020704070,99.99999885551706,96.84741488020177
6633,734,,4609,539020704804,99.99999899168995,96.86843211433376
684,671,MANNINGHAM NEAR DERRECK,4610,539020705475,99.99999911617496,96.88944934846575
462,563,GALLAGHERS NEAR TOWNSEND,4611,539020706038,99.99999922062364,96.91046658259773
2977,558,,4612,539020706596,99.99999932414471,96.93148381672971
2066,538,BURWOOD HWY / RUTHERFORD RD / AMBO STATION,4613,539020707134,99.99999942395534,96.95250105086171
4056,378,BELMORE NEAR BUCHANAN,4614,539020707512,99.99999949408252,96.9735182849937
4714,350,FERNTREE GULLY NEAR MACRINA,4615,539020707862,99.99999955901508,96.99453551912568
477,269,CAPITAL NEAR WESTLANDS,4616,539020708131,99.9999996089204,97.01555275325767
2051,257,OLD CALDER HIGHWAY NEAR KENNEDY,4617,539020708388,99.99999965659947,97.03656998738967
5183,208,BRIDGE / WATER / BAXTER,4618,539020708596,99.99999969518797,97.05758722152164
3031,196,BEACH NEAR MELROSE,4619,539020708792,99.9999997315502,97.07860445565363
484,175,WANDA NEAR SHAFTSBURY,4620,539020708967,99.9999997640165,97.09962168978562
3100,149,BLUFF NEAR APEX,4621,539020709116,99.9999997916592,97.12063892391761
3630,148,SOUTH NEAR ESPLANADE,4622,539020709264,99.99999981911641,97.1416561580496
4631,146,CENTRE NEAR GODFREY,4623,539020709410,99.99999984620257,97.16267339218159
4058,132,BELMORE NEAR ALANDALE,4624,539020709542,99.99999987069143,97.18369062631358
580,104,HIGHBURY NEAR NARMARA,4625,539020709646,99.99999988998567,97.20470786044557
4693,100,CENTRE NEAR RILEY,4626,539020709746,99.99999990853784,97.22572509457756
4642,68,LWR DANDENONG NEAR MCSWAIN,4627,539020709814,99.9999999211533,97.24674232870954
4623,68,EAST BOUNDARY NEAR MARGARETTA,4628,539020709882,99.99999993376878,97.26775956284153
3958,60,HAMPTON NEAR WERE,4629,539020709942,99.99999994490008,97.28877679697352
4069,43,BALWYN NEAR MILLAH,4630,539020709985,99.9999999528775,97.3097940311055
3029,38,BEACH NEAR SMALL,4631,539020710023,99.99999995992734,97.3308112652375
3512,25,MT ALEXANDER (W) NEAR GRANDISON,4632,539020710048,99.99999996456536,97.35182849936949
688,24,THOMPSONS NEAR BARAK,4633,539020710072,99.99999996901788,97.37284573350146
1709,20,,4634,539020710092,99.99999997272832,97.39386296763345
4673,20,VICTORIA NEAR PENDER,4635,539020710112,99.99999997643876,97.41488020176546
3517,15,MT ALEXANDER (E) NEAR CRAWFORD,4636,539020710127,99.99999997922157,97.43589743589743
3103,14,BLUFF NEAR ARKARINGA,4637,539020710141,99.99999998181887,97.45691467002942
452,13,FERNTREE GULLY NEAR AVONHURST,4638,539020710154,99.99999998423066,97.47793190416141
772,12,DORSET NEAR ALMA,4639,539020710166,99.99999998645693,97.4989491382934
4619,10,BALCOMBE NEAR MOREY,4640,539020710176,99.99999998831214,97.51996637242539
485,10,WAVERLEY NEAR MCLAREN,4641,539020710186,99.99999999016735,97.54098360655738
470,9,HUNTINGDALE NEAR ROCKLANDS,4642,539020710195,99.99999999183706,97.56200084068936
3932,8,BELMORE NEAR MCCOLL,4643,539020710203,99.99999999332123,97.58301807482135
4127,7,CUMBERLAND NEAR OLIVE,4644,539020710210,99.99999999461987,97.60403530895334
4663,5,DAREBIN NEAR WALES,4645,539020710215,99.99999999554748,97.62505254308533
475,5,POLICE NEAR DUNOON,4646,539020710220,99.99999999647508,97.64606977721732
471,5,HUNTINGDALE NEAR MCLOCHLAN,4647,539020710225,99.9999999974027,97.66708701134931
4195,4,LINCOLN NEAR FLORENCE,4648,539020710229,99.99999999814479,97.6881042454813
3140,2,CENTRE DANDENONG NEAR COOLAC,4649,539020710231,99.99999999851583,97.70912147961329
350,2,BLACKBURN NEAR CASSOWARY,4650,539020710233,99.99999999888686,97.73013871374528
486,2,WAVERLEY NEAR PARK LANE,4651,539020710235,99.99999999925791,97.75115594787725
4100,2,MURRUMBEENA NEAR OAKLEIGH,4652,539020710237,99.99999999962895,97.77217318200925
468,2,HIGHBURY NEAR FINCH,4653,539020710239,100.0,97.79319041614124
1727,0,,4654,539020710239,100.0,97.81420765027322
1468,0,,4655,539020710239,100.0,97.83522488440522
21752,0,,4656,539020710239,100.0,97.8562421185372
3724,0,,4657,539020710239,100.0,97.87725935266918
1955,0,,4658,539020710239,100.0,97.89827658680117
5337,0,,4659,539020710239,100.0,97.91929382093316
1996,0,,4660,539020710239,100.0,97.94031105506515
9901,0,,4661,539020710239,100.0,97.96132828919714
15655,0,,4662,539020710239,100.0,97.98234552332913
1876,0,,4663,539020710239,100.0,98.00336275746112
10526,0,,4664,539020710239,100.0,98.02437999159311
-30281,0,,4665,539020710239,100.0,98.0453972257251
-30193,0,,4666,539020710239,100.0,98.06641445985709
-30197,0,,4667,539020710239,100.0,98.08743169398907
-30214,0,,4668,539020710239,100.0,98.10844892812106
-30245,0,,4669,539020710239,100.0,98.12946616225304
-30249,0,,4670,539020710239,100.0,98.15048339638504
-30254,0,,4671,539020710239,100.0,98.17150063051703
-30260,0,,4672,539020710239,100.0,98.192517864649
940,0,,4673,539020710239,100.0,98.21353509878101
-30294,0,,4674,539020710239,100.0,98.23455233291298
-32210,0,,4675,539020710239,100.0,98.25556956704497
10400,0,,4676,539020710239,100.0,98.27658680117696
1994,0,,4677,539020710239,100.0,98.29760403530895
2,0,,4678,539020710239,100.0,98.31862126944094
5958,0,,4679,539020710239,100.0,98.33963850357293
2370,0,,4680,539020710239,100.0,98.36065573770492
1934,0,,4681,539020710239,100.0,98.3816729718369
5465,0,,4682,539020710239,100.0,98.4026902059689
2761,0,,4683,539020710239,100.0,98.42370744010088
2844,0,,4684,539020710239,100.0,98.44472467423287
6978,0,,4685,539020710239,100.0,98.46574190836486
12177,0,,4686,539020710239,100.0,98.48675914249685
2470,0,,4687,539020710239,100.0,98.50777637662883
24426,0,,4688,539020710239,100.0,98.52879361076083
32400,0,,4689,539020710239,100.0,98.54981084489282
2165,0,,4690,539020710239,100.0,98.57082807902479
15935,0,,4691,539020710239,100.0,98.5918453131568
16302,0,,4692,539020710239,100.0,98.61286254728878
16311,0,,4693,539020710239,100.0,98.63387978142076
2767,0,,4694,539020710239,100.0,98.65489701555276
11168,0,,4695,539020710239,100.0,98.67591424968474
11167,0,,4696,539020710239,100.0,98.69693148381673
32017,0,,4697,539020710239,100.0,98.71794871794873
632,0,,4698,539020710239,100.0,98.7389659520807
15001,0,,4699,539020710239,100.0,98.7599831862127
4312,0,,4700,539020710239,100.0,98.78100042034468
45214,0,,4701,539020710239,100.0,98.80201765447667
13662,0,,4702,539020710239,100.0,98.82303488860866
2851,0,,4703,539020710239,100.0,98.84405212274065
14107,0,,4704,539020710239,100.0,98.86506935687264
14406,0,,4705,539020710239,100.0,98.88608659100461
2589,0,,4706,539020710239,100.0,98.90710382513662
10973,0,,4707,539020710239,100.0,98.9281210592686
4993,0,,4708,539020710239,100.0,98.94913829340058
673,0,,4709,539020710239,100.0,98.97015552753258
15175,0,,4710,539020710239,100.0,98.99117276166457
4099,0,,4711,539020710239,100.0,99.01218999579655
42119,0,,4712,539020710239,100.0,99.03320722992855
4157,0,,4713,539020710239,100.0,99.05422446406052
6314,0,,4714,539020710239,100.0,99.07524169819251
11230,0,,4715,539020710239,100.0,99.09625893232452
11214,0,,4716,539020710239,100.0,99.11727616645649
42126,0,,4717,539020710239,100.0,99.13829340058848
4860,0,,4718,539020710239,100.0,99.15931063472047
4194,0,,4719,539020710239,100.0,99.18032786885246
42118,0,,4720,539020710239,100.0,99.20134510298445
7538,0,,4721,539020710239,100.0,99.22236233711644
11159,0,,4722,539020710239,100.0,99.24337957124843
32001,0,,4723,539020710239,100.0,99.26439680538041
10985,0,,4724,539020710239,100.0,99.2854140395124
10988,0,,4725,539020710239,100.0,99.30643127364439
797,0,,4726,539020710239,100.0,99.32744850777637
4958,0,,4727,539020710239,100.0,99.34846574190837
625,0,,4728,539020710239,100.0,99.36948297604036
13672,0,,4729,539020710239,100.0,99.39050021017233
9902,0,,4730,539020710239,100.0,99.41151744430434
-30154,0,,4731,539020710239,100.0,99.43253467843631
-30156,0,,4732,539020710239,100.0,99.4535519125683
-30155,0,,4733,539020710239,100.0,99.4745691467003
3866,0,,4734,539020710239,100.0,99.49558638083228
2077,0,,4735,539020710239,100.0,99.51660361496427
3153,0,,4736,539020710239,100.0,99.53762084909627
1850,0,,4737,539020710239,100.0,99.55863808322825
4941,0,,4738,539020710239,100.0,99.57965531736023
6234,0,,4739,539020710239,100.0,99.60067255149222
2884,0,,4740,539020710239,100.0,99.62168978562421
2258,0,,4741,539020710239,100.0,99.6427070197562
-30151,0,,4742,539020710239,100.0,99.66372425388819
23091,0,,4743,539020710239,100.0,99.68474148802018
23269,0,,4744,539020710239,100.0,99.70575872215215
3723,0,,4745,539020710239,100.0,99.72677595628416
6674,0,,4746,539020710239,100.0,99.74779319041615
2810,0,,4747,539020710239,100.0,99.76881042454812
-30122,0,,4748,539020710239,100.0,99.78982765868012
-30138,0,,4749,539020710239,100.0,99.8108448928121
6703,0,,4750,539020710239,100.0,99.83186212694409
13253,0,,4751,539020710239,100.0,99.85287936107609
13252,0,,4752,539020710239,100.0,99.87389659520807
35333,0,,4753,539020710239,100.0,99.89491382934006
5859,0,,4754,539020710239,100.0,99.91593106347206
-30163,0,,4755,539020710239,100.0,99.93694829760403
-30159,0,,4756,539020710239,100.0,99.95796553173602
9263,0,,4757,539020710239,100.0,99.97898276586801
2039,0,,4758,539020710239,100.0,100.0
